Frequency_MHz,Power_dBHz
4.663620000000000232e+02,-9.093955754216102605e+01
4.663622929687500118e+02,-8.581717596501511025e+01
4.663625859375000005e+02,-8.249756860558315452e+01
4.663628789062499891e+02,-8.515300305186259777e+01
4.663631718750000346e+02,-8.678488983222656827e+01
4.663634648437500232e+02,-9.157113157273668946e+01
4.663637578125000118e+02,-9.270612342506531434e+01
4.663640507812500005e+02,-9.327731925584470218e+01
4.663643437499999891e+02,-9.240089565794727378e+01
4.663646367187500346e+02,-8.267701016113171875e+01
4.663649296875000232e+02,-8.456118705210194264e+01
4.663652226562500118e+02,-9.246803017894379195e+01
4.663655156250000005e+02,-8.843877550884761263e+01
4.663658085937499891e+02,-9.148649583253410356e+01
4.663661015625000346e+02,-8.586199680087943875e+01
4.663663945312500232e+02,-9.225537829956996916e+01
4.663666875000000118e+02,-9.854063432009903067e+01
4.663669804687500005e+02,-9.468796298962951141e+01
4.663672734374999891e+02,-9.101440058442597092e+01
4.663675664062500346e+02,-9.007265913408093638e+01
4.663678593750000232e+02,-9.639617900038766152e+01
4.663681523437500118e+02,-8.704782129598230256e+01
4.663684453125000005e+02,-1.064456290420667841e+02
4.663687382812499891e+02,-8.488469217272394474e+01
4.663690312500000346e+02,-8.989045476224369224e+01
4.663693242187500232e+02,-9.186731376331267995e+01
4.663696171875000118e+02,-8.751761837002695188e+01
4.663699101562500005e+02,-9.353832722724257565e+01
4.663702031249999891e+02,-1.051165772761446391e+02
4.663704960937500346e+02,-8.814468105472101911e+01
4.663707890625000232e+02,-8.766540336904968456e+01
4.663710820312500118e+02,-9.059259750426713254e+01
4.663713750000000005e+02,-8.984922336680467936e+01
4.663716679687499891e+02,-8.689167863883085374e+01
4.663719609375000346e+02,-9.436865927088184947e+01
4.663722539062500232e+02,-9.048589905498238295e+01
4.663725468750000118e+02,-8.958176760177552467e+01
4.663728398437500005e+02,-8.429752871065397812e+01
4.663731328124999891e+02,-8.667934109845970170e+01
4.663734257812500346e+02,-8.522234705861949067e+01
4.663737187500000232e+02,-8.441823128028485712e+01
4.663740117187500118e+02,-9.044712223515537630e+01
4.663743046875000005e+02,-1.028162107344238052e+02
4.663745976562499891e+02,-8.470951398334219107e+01
4.663748906250000346e+02,-8.848624012301542052e+01
4.663751835937500232e+02,-9.529722714600890754e+01
4.663754765625000118e+02,-9.218011707171649505e+01
4.663757695312500005e+02,-9.485842415078765555e+01
4.663760624999999891e+02,-8.728203881275086928e+01
4.663763554687500346e+02,-9.421108770764389817e+01
4.663766484375000232e+02,-9.104748955123788789e+01
4.663769414062500118e+02,-8.883032222296053249e+01
4.663772343750000005e+02,-8.807936026232727045e+01
4.663775273437499891e+02,-9.928891197599011775e+01
4.663778203125000346e+02,-9.972874424481921096e+01
4.663781132812500232e+02,-8.539270753813214299e+01
4.663784062500000118e+02,-8.544957734627516288e+01
4.663786992187500005e+02,-9.422396432568342561e+01
4.663789921874999891e+02,-9.144452720066816198e+01
4.663792851562500346e+02,-8.964998404842972946e+01
4.663795781250000232e+02,-9.182094138742591838e+01
4.663798710937500118e+02,-8.542088272838866203e+01
4.663801640625000005e+02,-9.720045492164720713e+01
4.663804570312499891e+02,-9.391305392373493532e+01
4.663807500000000346e+02,-8.583905591814396985e+01
4.663810429687500232e+02,-8.201851147279506904e+01
4.663813359375000118e+02,-8.826704858636398399e+01
4.663816289062500005e+02,-9.230624299423070056e+01
4.663819218749999891e+02,-8.508039770148985781e+01
4.663822148437500346e+02,-8.513179675166688298e+01
4.663825078125000232e+02,-8.555582283781194519e+01
4.663828007812500118e+02,-8.661899998651833243e+01
4.663830937500000005e+02,-8.901449503099334493e+01
4.663833867187499891e+02,-8.938164013506940364e+01
4.663836796875000346e+02,-9.134863663560417990e+01
4.663839726562500232e+02,-9.030186625312239812e+01
4.663842656250000118e+02,-9.956327963810467452e+01
4.663845585937500005e+02,-8.875285734250266501e+01
4.663848515624999891e+02,-9.614842396083616904e+01
4.663851445312500346e+02,-9.170128365212258359e+01
4.663854375000000232e+02,-9.973018189063445504e+01
4.663857304687500118e+02,-9.082189546451076012e+01
4.663860234375000005e+02,-9.912625236936007411e+01
4.663863164062499891e+02,-8.838947784889850823e+01
4.663866093750000346e+02,-9.063049232641736808e+01
4.663869023437500232e+02,-8.490843252109561945e+01
4.663871953125000118e+02,-8.562040430859512696e+01
4.663874882812500005e+02,-8.447358878156580886e+01
4.663877812499999891e+02,-9.294617293043791051e+01
4.663880742187500346e+02,-9.293033982531611059e+01
4.663883671875000232e+02,-9.306544268496294592e+01
4.663886601562500118e+02,-1.056978702965711392e+02
4.663889531250000005e+02,-9.296711456497439485e+01
4.663892460937499891e+02,-8.848065098956433872e+01
4.663895390625000346e+02,-9.783854388260533597e+01
4.663898320312500232e+02,-9.531289085566989172e+01
4.663901250000000118e+02,-1.023550965393810372e+02
4.663904179687500005e+02,-9.772296589815803713e+01
4.663907109374999891e+02,-8.815107377071525718e+01
4.663910039062500346e+02,-8.412514828050709070e+01
4.663912968750000232e+02,-9.072475658797287679e+01
4.663915898437500118e+02,-8.508626104862005946e+01
4.663918828125000005e+02,-8.439829934699676528e+01
4.663921757812499891e+02,-9.158090903263975235e+01
4.663924687500000346e+02,-8.768725326027235667e+01
4.663927617187500232e+02,-8.713495637000679039e+01
4.663930546875000118e+02,-8.845926607786159934e+01
4.663933476562500005e+02,-8.721837066841752062e+01
4.663936406249999891e+02,-8.615663473717705756e+01
4.663939335937500346e+02,-8.962182492292079417e+01
4.663942265625000232e+02,-9.043769693453876357e+01
4.663945195312500118e+02,-9.393111246621046462e+01
4.663948125000000005e+02,-9.513031763718177558e+01
4.663951054687499891e+02,-9.940276435166276769e+01
4.663953984375000346e+02,-9.429385106888184964e+01
4.663956914062500232e+02,-9.339593820984914885e+01
4.663959843750000118e+02,-8.658904441284028053e+01
4.663962773437500005e+02,-8.737194794518663343e+01
4.663965703124999891e+02,-8.998684181078458266e+01
4.663968632812500346e+02,-8.523357255655884046e+01
4.663971562500000232e+02,-8.746338090556540124e+01
4.663974492187500118e+02,-9.124759023732808316e+01
4.663977421875000005e+02,-9.025745380773111037e+01
4.663980351562499891e+02,-8.780245127530901073e+01
4.663983281250000346e+02,-8.190689269531117134e+01
4.663986210937500232e+02,-8.456025038982558328e+01
4.663989140625000118e+02,-8.896728632274778192e+01
4.663992070312500005e+02,-8.894184076044311382e+01
4.663994999999999891e+02,-9.528007648488969039e+01
4.663997929687500346e+02,-9.090249542746695965e+01
4.664000859375000232e+02,-9.638167345435340394e+01
4.664003789062500118e+02,-9.487007119656931309e+01
4.664006718750000005e+02,-9.017380583306108122e+01
4.664009648437499891e+02,-8.831617544228832628e+01
4.664012578125000346e+02,-8.675688047543842174e+01
4.664015507812500232e+02,-8.606163679152263057e+01
4.664018437500000118e+02,-8.806256580552387447e+01
4.664021367187500005e+02,-9.882905939663530148e+01
4.664024296874999891e+02,-8.716124256773937873e+01
4.664027226562500346e+02,-8.792217342473860242e+01
4.664030156250000232e+02,-8.908570317101649039e+01
4.664033085937500118e+02,-8.963094439127665680e+01
4.664036015625000005e+02,-9.445073694567226141e+01
4.664038945312499891e+02,-8.595417072454289098e+01
4.664041875000000346e+02,-8.755856331971949658e+01
4.664044804687500232e+02,-8.386798096796115942e+01
4.664047734375000118e+02,-8.101580077415630399e+01
4.664050664062500005e+02,-8.206900789669330720e+01
4.664053593749999891e+02,-8.654817328453384562e+01
4.664056523437500346e+02,-8.156062439956835419e+01
4.664059453125000232e+02,-9.781311196062867452e+01
4.664062382812500118e+02,-8.659391607086124054e+01
4.664065312500000005e+02,-8.883588551688592361e+01
4.664068242187499891e+02,-8.799371036494687814e+01
4.664071171875000346e+02,-9.846896668826438770e+01
4.664074101562500232e+02,-9.991942242011782582e+01
4.664077031250000118e+02,-8.697993401654301238e+01
4.664079960937500005e+02,-8.301705454054027200e+01
4.664082890624999891e+02,-8.359830574022767280e+01
4.664085820312500346e+02,-9.152359955103520406e+01
4.664088750000000232e+02,-8.558453617354859944e+01
4.664091679687500118e+02,-1.074982436594901856e+02
4.664094609375000005e+02,-8.565156985608123819e+01
4.664097539062499891e+02,-9.174106429693731002e+01
4.664100468750000346e+02,-8.297536431008396107e+01
4.664103398437500232e+02,-8.774730307134046825e+01
4.664106328125000118e+02,-9.903625778482677333e+01
4.664109257812500005e+02,-8.721326839170552603e+01
4.664112187499999891e+02,-8.339226207141430791e+01
4.664115117187500346e+02,-8.955823311727884573e+01
4.664118046875000232e+02,-8.554213027324577467e+01
4.664120976562500118e+02,-9.121219115323584958e+01
4.664123906250000005e+02,-9.050089393677971827e+01
4.664126835937499891e+02,-8.671634977554667500e+01
4.664129765625000346e+02,-1.058964348956334618e+02
4.664132695312500232e+02,-8.539761016703046437e+01
4.664135625000000118e+02,-8.479865857967332943e+01
4.664138554687500005e+02,-8.444076207608533480e+01
4.664141484374999891e+02,-9.027374091578678872e+01
4.664144414062500346e+02,-9.231675720666252971e+01
4.664147343750000232e+02,-8.664030291800125383e+01
4.664150273437500118e+02,-9.068070611407017623e+01
4.664153203125000005e+02,-8.554530271738144620e+01
4.664156132812499891e+02,-9.658436752543397574e+01
4.664159062500000346e+02,-8.227968481021957814e+01
4.664161992187500232e+02,-8.353918590849079351e+01
4.664164921875000118e+02,-8.677401525818416417e+01
4.664167851562500005e+02,-8.743656048192943331e+01
4.664170781249999891e+02,-8.699230901400768801e+01
4.664173710937500346e+02,-8.476285678816640257e+01
4.664176640625000232e+02,-8.709489612242124679e+01
4.664179570312500118e+02,-9.078786246867312570e+01
4.664182500000000005e+02,-9.492334971202305383e+01
4.664185429687499891e+02,-9.188596919924435724e+01
4.664188359375000346e+02,-9.380331598510758795e+01
4.664191289062500232e+02,-9.080857680879766747e+01
4.664194218750000118e+02,-9.084403312754787407e+01
4.664197148437500005e+02,-8.385817277220210997e+01
4.664200078124999891e+02,-9.068053338443209554e+01
4.664203007812500346e+02,-8.999028713392851841e+01
4.664205937500000232e+02,-8.546951942726322216e+01
4.664208867187500118e+02,-8.405968398178629286e+01
4.664211796875000005e+02,-8.606207269765812384e+01
4.664214726562499891e+02,-8.886289384745657571e+01
4.664217656250000346e+02,-9.373168945062025159e+01
4.664220585937500232e+02,-9.006932133438013466e+01
4.664223515625000118e+02,-8.772890350395904591e+01
4.664226445312500005e+02,-8.920358422220940042e+01
4.664229374999999891e+02,-8.709638488438540094e+01
4.664232304687500346e+02,-9.271671767818600074e+01
4.664235234375000232e+02,-8.956724267330420730e+01
4.664238164062500118e+02,-9.352099296553114982e+01
4.664241093750000005e+02,-8.735478698607309411e+01
4.664244023437499891e+02,-9.216195612549989846e+01
4.664246953125000346e+02,-8.701455219630381066e+01
4.664249882812500232e+02,-8.670744599128204300e+01
4.664252812500000118e+02,-9.250886880648467070e+01
4.664255742187500005e+02,-9.095786973853350332e+01
4.664258671874999891e+02,-8.440207472442872927e+01
4.664261601562500346e+02,-8.930402046689053464e+01
4.664264531250000232e+02,-9.166813199617031671e+01
4.664267460937500118e+02,-8.995840910892083286e+01
4.664270390625000005e+02,-9.341751986505792615e+01
4.664273320312499891e+02,-9.478295468468338925e+01
4.664276250000000346e+02,-9.509409724420939369e+01
4.664279179687500232e+02,-8.482196767565868356e+01
4.664282109375000118e+02,-8.619085109236573317e+01
4.664285039062500005e+02,-1.068701133992591821e+02
4.664287968749999891e+02,-8.948749972884462522e+01
4.664290898437500346e+02,-9.091251501131459634e+01
4.664293828125000232e+02,-1.009552593117933696e+02
4.664296757812500118e+02,-9.569705409093926107e+01
4.664299687500000005e+02,-9.694682372712192375e+01
4.664302617187499891e+02,-9.047121437421100154e+01
4.664305546875000346e+02,-8.669978537348818293e+01
4.664308476562500232e+02,-8.396739832070336718e+01
4.664311406250000118e+02,-8.515500781623100579e+01
4.664314335937500005e+02,-9.333065341896245570e+01
4.664317265624999891e+02,-8.721134447777964738e+01
4.664320195312500346e+02,-9.559730041503993903e+01
4.664323125000000232e+02,-8.803154923620945738e+01
4.664326054687500118e+02,-9.438488168059792827e+01
4.664328984375000005e+02,-9.110411054439104817e+01
4.664331914062499891e+02,-9.005557445207385570e+01
4.664334843750000346e+02,-8.512207738519836653e+01
4.664337773437500232e+02,-8.495791151408759845e+01
4.664340703125000118e+02,-8.996393215820646105e+01
4.664343632812500005e+02,-8.559255539338714414e+01
4.664346562499999891e+02,-8.300784644534751067e+01
4.664349492187500346e+02,-8.546216872402355591e+01
4.664352421875000232e+02,-9.650889533614312654e+01
4.664355351562500118e+02,-8.977004177420616315e+01
4.664358281250000005e+02,-8.975558100367075554e+01
4.664361210937499891e+02,-1.028873779616731667e+02
4.664364140625000346e+02,-9.032967864612916742e+01
4.664367070312500232e+02,-8.527793192888923102e+01
4.664370000000000118e+02,-8.527297549022318890e+01
4.664372929687500005e+02,-8.293762017913013551e+01
4.664375859374999891e+02,-8.675492393266480917e+01
4.664378789062500346e+02,-1.005766428204937029e+02
4.664381718750000232e+02,-9.683914190467511673e+01
4.664384648437500118e+02,-9.400661019250432560e+01
4.664387578125000005e+02,-9.196942054538894240e+01
4.664390507812499891e+02,-9.268513560976808208e+01
4.664393437500000346e+02,-9.092157461303557398e+01
4.664396367187500232e+02,-8.498869970298301268e+01
4.664399296875000118e+02,-8.742146574254968527e+01
4.664402226562500005e+02,-1.000346209942280211e+02
4.664405156249999891e+02,-9.615700222175838974e+01
4.664408085937500346e+02,-9.368184018673071023e+01
4.664411015625000232e+02,-9.472603444653941551e+01
4.664413945312500118e+02,-9.638852260555374585e+01
4.664416875000000005e+02,-8.814171065058717147e+01
4.664419804687499891e+02,-8.793515232653592761e+01
4.664422734375000346e+02,-8.898638345805147765e+01
4.664425664062500232e+02,-8.600576483828822916e+01
4.664428593750000118e+02,-8.773806618717563310e+01
4.664431523437500005e+02,-8.893626072431395357e+01
4.664434453124999891e+02,-8.547661801759993239e+01
4.664437382812500346e+02,-9.003239530137969382e+01
4.664440312500000232e+02,-9.391647424486606610e+01
4.664443242187500118e+02,-9.016549011298013738e+01
4.664446171875000005e+02,-7.990715364468373139e+01
4.664449101562499891e+02,-8.342681217703594143e+01
4.664452031250000346e+02,-8.815706098241976463e+01
4.664454960937500232e+02,-8.559118131330419033e+01
4.664457890625000118e+02,-9.215464258194046465e+01
4.664460820312500005e+02,-8.267888101278398949e+01
4.664463749999999891e+02,-9.045541538873919762e+01
4.664466679687500346e+02,-8.630490684593274864e+01
4.664469609375000232e+02,-9.173622008712966647e+01
4.664472539062500118e+02,-8.895124635814192970e+01
4.664475468750000005e+02,-8.259230979227302782e+01
4.664478398437499891e+02,-8.782819190255708008e+01
4.664481328125000346e+02,-8.737415451727109428e+01
4.664484257812500232e+02,-8.996495466318698675e+01
4.664487187500000118e+02,-8.672147159346056355e+01
4.664490117187500005e+02,-9.222329259903844445e+01
4.664493046874999891e+02,-8.892918517258391375e+01
4.664495976562500346e+02,-8.497304922402014427e+01
4.664498906250000232e+02,-8.736851551746246969e+01
4.664501835937500118e+02,-9.223349195939498202e+01
4.664504765625000005e+02,-9.081680894084820466e+01
4.664507695312499891e+02,-8.418088183367558486e+01
4.664510625000000346e+02,-7.854283294568311646e+01
4.664513554687500232e+02,-8.335438032960013288e+01
4.664516484375000118e+02,-9.129103929477780355e+01
4.664519414062500005e+02,-9.378623659247969613e+01
4.664522343749999891e+02,-8.688391476797320934e+01
4.664525273437500346e+02,-8.653543647031492014e+01
4.664528203125000232e+02,-1.091870624849336480e+02
4.664531132812500118e+02,-8.904626451799782672e+01
4.664534062500000005e+02,-8.797776932883961365e+01
4.664536992187499891e+02,-8.985986869313906311e+01
4.664539921875000346e+02,-8.349029151699056683e+01
4.664542851562500232e+02,-8.405706052662118566e+01
4.664545781250000118e+02,-8.707619440816716860e+01
4.664548710937500005e+02,-9.367028212619716498e+01
4.664551640624999891e+02,-8.549695093755255471e+01
4.664554570312500346e+02,-9.145392159087887762e+01
4.664557500000000232e+02,-9.380394425327023100e+01
4.664560429687500118e+02,-8.680315891334612388e+01
4.664563359375000005e+02,-8.283568666031685268e+01
4.664566289062499891e+02,-9.600199105273512146e+01
4.664569218750000346e+02,-9.313859024014129773e+01
4.664572148437500232e+02,-9.214762535883082251e+01
4.664575078125000118e+02,-8.668928021318585309e+01
4.664578007812500005e+02,-8.547121088983281822e+01
4.664580937499999891e+02,-9.442949726017090484e+01
4.664583867187500346e+02,-8.743963538764047883e+01
4.664586796875000232e+02,-8.741518237920058709e+01
4.664589726562500118e+02,-8.145484689401635592e+01
4.664592656250000005e+02,-8.445404971413233852e+01
4.664595585937499891e+02,-8.877539509779842319e+01
4.664598515625000346e+02,-9.118542349754930854e+01
4.664601445312500232e+02,-9.790641297502875773e+01
4.664604375000000118e+02,-8.998667164029694732e+01
4.664607304687500005e+02,-8.603130973105163548e+01
4.664610234374999891e+02,-8.777663471077458723e+01
4.664613164062500346e+02,-9.006086716024717020e+01
4.664616093750000232e+02,-8.670851009933198839e+01
4.664619023437500118e+02,-8.741170098600801452e+01
4.664621953125000005e+02,-9.392277951014702353e+01
4.664624882812499891e+02,-9.095555360556765834e+01
4.664627812500000346e+02,-9.707245595300778973e+01
4.664630742187500232e+02,-8.968820206986859489e+01
4.664633671875000118e+02,-8.735941743516434599e+01
4.664636601562500005e+02,-9.121589636457534311e+01
4.664639531249999891e+02,-9.167365355108807989e+01
4.664642460937500346e+02,-9.873041937237438503e+01
4.664645390625000232e+02,-8.773645442190806421e+01
4.664648320312500118e+02,-1.087317460602129984e+02
4.664651250000000005e+02,-8.275143100310474154e+01
4.664654179687499891e+02,-8.244052354358906598e+01
4.664657109375000346e+02,-8.804100717381395214e+01
4.664660039062500232e+02,-9.630451870965210048e+01
4.664662968750000118e+02,-8.730155910758794846e+01
4.664665898437500005e+02,-9.403364871351271859e+01
4.664668828124999891e+02,-8.511141199713713945e+01
4.664671757812500346e+02,-8.479095693394869215e+01
4.664674687500000232e+02,-8.711547526950673159e+01
4.664677617187500118e+02,-9.318982823198082599e+01
4.664680546875000005e+02,-9.033103205507465816e+01
4.664683476562499891e+02,-9.202573680271440537e+01
4.664686406250000346e+02,-8.582964921017939730e+01
4.664689335937500232e+02,-9.431428081199842950e+01
4.664692265625000118e+02,-9.443113159205411478e+01
4.664695195312500005e+02,-9.831449305979404585e+01
4.664698124999999891e+02,-8.652130144069268169e+01
4.664701054687500346e+02,-9.197209027439060947e+01
4.664703984375000232e+02,-8.961511744446924865e+01
4.664706914062500118e+02,-9.524490559432518921e+01
4.664709843750000005e+02,-9.486431324562977352e+01
4.664712773437499891e+02,-9.619442308794360486e+01
4.664715703125000346e+02,-8.619315856545239285e+01
4.664718632812500232e+02,-8.383008204917423711e+01
4.664721562500000118e+02,-9.046672617544354011e+01
4.664724492187500005e+02,-1.080523506659684188e+02
4.664727421874999891e+02,-9.464714306904419061e+01
4.664730351562500346e+02,-9.062612690603134524e+01
4.664733281250000232e+02,-8.480359581172504591e+01
4.664736210937500118e+02,-8.352532132851163738e+01
4.664739140625000005e+02,-8.363330375102124492e+01
4.664742070312499891e+02,-9.742456606749266257e+01
4.664745000000000346e+02,-8.877901986306953575e+01
4.664747929687500232e+02,-8.327997796475278847e+01
4.664750859375000118e+02,-8.865338439346902533e+01
4.664753789062500005e+02,-9.013451489894420376e+01
4.664756718749999891e+02,-8.732118497767280019e+01
4.664759648437500346e+02,-8.805127114037520641e+01
4.664762578125000232e+02,-8.729530201661970068e+01
4.664765507812500118e+02,-8.667173898480810124e+01
4.664768437500000005e+02,-8.754457200688563034e+01
4.664771367187499891e+02,-9.275485523279081690e+01
4.664774296875000346e+02,-9.316677067402881107e+01
4.664777226562500232e+02,-9.332590217376052522e+01
4.664780156250000118e+02,-1.003113851948936173e+02
4.664783085937500005e+02,-9.702871470001680620e+01
4.664786015624999891e+02,-8.805089685647337205e+01
4.664788945312500346e+02,-9.804436353404074111e+01
4.664791875000000232e+02,-8.872678945850195475e+01
4.664794804687500118e+02,-9.566644426782004018e+01
4.664797734375000005e+02,-7.894253757006249828e+01
4.664800664062499891e+02,-7.832528227219702899e+01
4.664803593750000346e+02,-8.316364217640145284e+01
4.664806523437500232e+02,-1.034091981517555041e+02
4.664809453125000118e+02,-8.654578451662494842e+01
4.664812382812500005e+02,-8.768922503339297236e+01
4.664815312499999891e+02,-8.787286859585449861e+01
4.664818242187500346e+02,-8.889072631684723547e+01
4.664821171875000232e+02,-1.104481938386360866e+02
4.664824101562500118e+02,-9.078429648002239105e+01
4.664827031250000005e+02,-8.652880216787133349e+01
4.664829960937499891e+02,-9.027445920783577549e+01
4.664832890625000346e+02,-8.515442514687745756e+01
4.664835820312500232e+02,-8.833514501972976518e+01
4.664838750000000118e+02,-8.724192867518084427e+01
4.664841679687500005e+02,-8.518661160864128590e+01
4.664844609374999891e+02,-9.062598545679770723e+01
4.664847539062500346e+02,-8.760670381387809869e+01
4.664850468750000232e+02,-8.631207081929306923e+01
4.664853398437500118e+02,-8.791872299158556814e+01
4.664856328125000005e+02,-8.719616361338488275e+01
4.664859257812499891e+02,-8.639989489619972574e+01
4.664862187500000346e+02,-8.590908286564739171e+01
4.664865117187500232e+02,-8.414640872292733320e+01
4.664868046875000118e+02,-9.218876005146825037e+01
4.664870976562500005e+02,-8.597328831181927455e+01
4.664873906249999891e+02,-8.564979852208990962e+01
4.664876835937500346e+02,-8.559601036496903248e+01
4.664879765625000232e+02,-8.513192827787584349e+01
4.664882695312500118e+02,-8.898655598562193347e+01
4.664885625000000005e+02,-8.937738990545811646e+01
4.664888554687499891e+02,-9.585338011866726049e+01
4.664891484375000346e+02,-9.375893545051761180e+01
4.664894414062500232e+02,-1.024850068608976272e+02
4.664897343750000118e+02,-8.704565523040712094e+01
4.664900273437500005e+02,-8.533561063821824177e+01
4.664903203124999891e+02,-8.494190605452902787e+01
4.664906132812500346e+02,-8.790754573792361271e+01
4.664909062500000232e+02,-8.587693436003806369e+01
4.664911992187500118e+02,-9.491176805545144646e+01
4.664914921875000005e+02,-9.324035977039295631e+01
4.664917851562499891e+02,-1.038072291213646281e+02
4.664920781250000346e+02,-8.715458808465426443e+01
4.664923710937500232e+02,-8.592302466582600573e+01
4.664926640625000118e+02,-8.402402020012991102e+01
4.664929570312500005e+02,-9.273703629343711441e+01
4.664932499999999891e+02,-9.546570178946194574e+01
4.664935429687500346e+02,-8.849688405757375165e+01
4.664938359375000232e+02,-8.398868076643341851e+01
4.664941289062500118e+02,-8.217019734646845563e+01
4.664944218750000005e+02,-8.631781465703383560e+01
4.664947148437499891e+02,-9.073021309913323762e+01
4.664950078125000346e+02,-9.424483993308790275e+01
4.664953007812500232e+02,-8.575902689481006291e+01
4.664955937500000118e+02,-8.482138447517979785e+01
4.664958867187500005e+02,-9.626825034123785940e+01
4.664961796874999891e+02,-9.635581702500262224e+01
4.664964726562500346e+02,-9.574202516491359916e+01
4.664967656250000232e+02,-1.006044440363838532e+02
4.664970585937500118e+02,-8.789515748514654092e+01
4.664973515625000005e+02,-8.289737455844087322e+01
4.664976445312499891e+02,-8.780608186697165252e+01
4.664979375000000346e+02,-8.777586159532354770e+01
4.664982304687500232e+02,-8.618754939448592722e+01
4.664985234375000118e+02,-9.650336229586693548e+01
4.664988164062500005e+02,-8.723503658004879924e+01
4.664991093749999891e+02,-9.303780432574745873e+01
4.664994023437500346e+02,-9.185319706280374419e+01
4.664996953125000232e+02,-8.938567175242849316e+01
4.664999882812500118e+02,-8.340359742250704755e+01
4.665002812500000005e+02,-8.931001172351597006e+01
4.665005742187499891e+02,-8.972303894413782643e+01
4.665008671875000346e+02,-8.909819301496088428e+01
4.665011601562500232e+02,-8.753221314644109441e+01
4.665014531250000118e+02,-9.432259122446814104e+01
4.665017460937500005e+02,-1.040450810126135650e+02
4.665020390624999891e+02,-8.790217494978413981e+01
4.665023320312500346e+02,-1.019505841495447953e+02
4.665026250000000232e+02,-1.116045207071473300e+02
4.665029179687500118e+02,-9.105505817018328685e+01
4.665032109375000005e+02,-9.143785891640928298e+01
4.665035039062499891e+02,-8.198939665840742919e+01
4.665037968750000346e+02,-8.022845292020519992e+01
4.665040898437500232e+02,-8.270050947296319066e+01
4.665043828125000118e+02,-8.748048996724050141e+01
4.665046757812500005e+02,-9.191696294934587286e+01
4.665049687499999891e+02,-8.960760559673269654e+01
4.665052617187500346e+02,-9.762944551224420309e+01
4.665055546875000232e+02,-9.042224692782725981e+01
4.665058476562500118e+02,-9.260764738865086088e+01
4.665061406250000005e+02,-9.314637980648097937e+01
4.665064335937499891e+02,-8.760307792567493834e+01
4.665067265625000346e+02,-8.686053120276412187e+01
4.665070195312500232e+02,-9.236163240840713229e+01
4.665073125000000118e+02,-9.157867011260805157e+01
4.665076054687500005e+02,-8.855257696226594533e+01
4.665078984374999891e+02,-8.808954401598357720e+01
4.665081914062500346e+02,-8.881332650136980078e+01
4.665084843750000232e+02,-8.750930847838107240e+01
4.665087773437500118e+02,-8.642384409099918230e+01
4.665090703125000005e+02,-8.393750925147769237e+01
4.665093632812499891e+02,-8.503548828183099317e+01
4.665096562500000346e+02,-9.327693226324339548e+01
4.665099492187500232e+02,-8.328102346872924500e+01
4.665102421875000118e+02,-8.256167084878278217e+01
4.665105351562500005e+02,-8.638962755509611213e+01
4.665108281249999891e+02,-8.583752828890769138e+01
4.665111210937500346e+02,-8.282855550112536491e+01
4.665114140625000232e+02,-8.769019635859507389e+01
4.665117070312500118e+02,-8.412783388507229176e+01
4.665120000000000005e+02,-9.029660190026442024e+01
4.665122929687499891e+02,-8.851343490989751217e+01
4.665125859375000346e+02,-9.212769319815427593e+01
4.665128789062500232e+02,-9.152711910185337274e+01
4.665131718750000118e+02,-1.079314406948664669e+02
4.665134648437500005e+02,-9.657020033757825672e+01
4.665137578124999891e+02,-8.985166408338838551e+01
4.665140507812500346e+02,-8.766486414148884876e+01
4.665143437500000232e+02,-8.932489386193728365e+01
4.665146367187500118e+02,-9.050165117123860625e+01
4.665149296875000005e+02,-8.937775673345784355e+01
4.665152226562499891e+02,-8.748451434187506948e+01
4.665155156250000346e+02,-8.443102368229682497e+01
4.665158085937500232e+02,-8.559995643008120680e+01
4.665161015625000118e+02,-8.378488451460306408e+01
4.665163945312500005e+02,-8.532186500211250291e+01
4.665166874999999891e+02,-8.900267718275253515e+01
4.665169804687500346e+02,-8.858552766781537002e+01
4.665172734375000232e+02,-9.308575030611352474e+01
4.665175664062500118e+02,-9.378716781637641020e+01
4.665178593750000005e+02,-8.574515842123324205e+01
4.665181523437499891e+02,-8.718957060116179036e+01
4.665184453125000346e+02,-8.497461257366759924e+01
4.665187382812500232e+02,-9.240085084709247099e+01
4.665190312500000118e+02,-9.604912739759495821e+01
4.665193242187500005e+02,-1.133082810732913970e+02
4.665196171874999891e+02,-9.189840507324170460e+01
4.665199101562500346e+02,-9.520350857703432723e+01
4.665202031250000232e+02,-8.925575824855306450e+01
4.665204960937500118e+02,-9.320378000214853387e+01
4.665207890625000005e+02,-8.660465439155402123e+01
4.665210820312499891e+02,-8.574223564991112312e+01
4.665213750000000346e+02,-8.977131949146493639e+01
4.665216679687500232e+02,-9.680439072125004429e+01
4.665219609375000118e+02,-8.570934505394289715e+01
4.665222539062500005e+02,-8.701033091885716431e+01
4.665225468749999891e+02,-8.741443759088106447e+01
4.665228398437500346e+02,-8.080502640838808759e+01
4.665231328125000232e+02,-8.249317374211861420e+01
4.665234257812500118e+02,-9.250281733794128058e+01
4.665237187500000005e+02,-9.454752829106084278e+01
4.665240117187499891e+02,-8.976557894745658928e+01
4.665243046875000346e+02,-9.302948833901643866e+01
4.665245976562500232e+02,-9.379330967593855917e+01
4.665248906250000118e+02,-8.882330969241975538e+01
4.665251835937500005e+02,-8.529749955180035670e+01
4.665254765624999891e+02,-9.019267123307798784e+01
4.665257695312500346e+02,-8.850047777574954466e+01
4.665260625000000232e+02,-8.496569955310476985e+01
4.665263554687500118e+02,-8.681617948261829554e+01
4.665266484375000005e+02,-9.083997084260911947e+01
4.665269414062499891e+02,-9.204138312892078488e+01
4.665272343750000346e+02,-9.672271049794818509e+01
4.665275273437500232e+02,-8.433294764916743702e+01
4.665278203125000118e+02,-8.295792098750773391e+01
4.665281132812500005e+02,-8.413883143792681096e+01
4.665284062499999891e+02,-8.443753961338954639e+01
4.665286992187500346e+02,-8.851963225311037320e+01
4.665289921875000232e+02,-8.614404455299904839e+01
4.665292851562500118e+02,-8.394243011436748247e+01
4.665295781250000005e+02,-8.411390583609863825e+01
4.665298710937499891e+02,-8.909421014685455020e+01
4.665301640625000346e+02,-8.622303263244843663e+01
4.665304570312500232e+02,-8.597277195054925869e+01
4.665307500000000118e+02,-8.922428787170220232e+01
4.665310429687500005e+02,-9.403642662751335024e+01
4.665313359374999891e+02,-1.032762645370148391e+02
4.665316289062500346e+02,-8.874844574033751599e+01
4.665319218750000232e+02,-8.929808642821149078e+01
4.665322148437500118e+02,-9.767207650035417998e+01
4.665325078125000005e+02,-8.776817971015988462e+01
4.665328007812499891e+02,-8.847085108398702857e+01
4.665330937500000346e+02,-9.175892287374276179e+01
4.665333867187500232e+02,-9.565522299550292473e+01
4.665336796875000118e+02,-8.831512647037165209e+01
4.665339726562500005e+02,-8.864588002658589971e+01
4.665342656249999891e+02,-8.573714311955917822e+01
4.665345585937500346e+02,-8.453840715679775997e+01
4.665348515625000232e+02,-9.075822571764533109e+01
4.665351445312500118e+02,-9.581290891625444317e+01
4.665354375000000005e+02,-8.314967284196073649e+01
4.665357304687499891e+02,-7.990856961537910763e+01
4.665360234375000346e+02,-8.672012474053153142e+01
4.665363164062500232e+02,-8.628400389276347937e+01
4.665366093750000118e+02,-8.734379950760727240e+01
4.665369023437500005e+02,-8.432414127228027212e+01
4.665371953124999891e+02,-8.728022653694553412e+01
4.665374882812500346e+02,-8.528052186390840461e+01
4.665377812500000232e+02,-8.696545735255332943e+01
4.665380742187500118e+02,-9.198138241149592886e+01
4.665383671875000005e+02,-9.013917170686636382e+01
4.665386601562499891e+02,-9.615221568846871492e+01
4.665389531250000346e+02,-9.202273676718121465e+01
4.665392460937500232e+02,-9.852912076066135683e+01
4.665395390625000118e+02,-9.310095246266581626e+01
4.665398320312500005e+02,-9.347376222776169641e+01
4.665401249999999891e+02,-8.856335753608695427e+01
4.665404179687500346e+02,-8.182019231041994090e+01
4.665407109375000232e+02,-8.285649804535404428e+01
4.665410039062500118e+02,-9.270624172680567199e+01
4.665412968750000005e+02,-8.754630735373424955e+01
4.665415898437499891e+02,-9.286342859372454939e+01
4.665418828125000346e+02,-9.304302530664237736e+01
4.665421757812500232e+02,-9.218016599549152090e+01
4.665424687500000118e+02,-8.851748507926428999e+01
4.665427617187500005e+02,-8.887609855626054411e+01
4.665430546874999891e+02,-8.576024626257820671e+01
4.665433476562500346e+02,-8.568393784734280416e+01
4.665436406250000232e+02,-9.001460969572762849e+01
4.665439335937500118e+02,-1.012505294926191937e+02
4.665442265625000005e+02,-8.929413784187045167e+01
4.665445195312499891e+02,-8.653755300393734728e+01
4.665448125000000346e+02,-9.632339546674603525e+01
4.665451054687500232e+02,-9.403937949543846742e+01
4.665453984375000118e+02,-8.815106918632520205e+01
4.665456914062500005e+02,-8.494393545285545599e+01
4.665459843749999891e+02,-8.610423326311222070e+01
4.665462773437500346e+02,-8.186436311363898710e+01
4.665465703125000232e+02,-8.200976339466461695e+01
4.665468632812500118e+02,-8.554524458980843349e+01
4.665471562500000005e+02,-8.335039812982776652e+01
4.665474492187499891e+02,-9.487978850919384399e+01
4.665477421875000346e+02,-8.601544623827487612e+01
4.665480351562500232e+02,-8.878932797468576155e+01
4.665483281250000118e+02,-9.733945397398299804e+01
4.665486210937500005e+02,-9.325760175289647691e+01
4.665489140624999891e+02,-8.515268499647881129e+01
4.665492070312500346e+02,-9.120449247958761418e+01
4.665495000000000232e+02,-8.357846501102129366e+01
4.665497929687500118e+02,-8.678482774284555035e+01
4.665500859375000005e+02,-1.014894813757689462e+02
4.665503789062499891e+02,-8.774837550818992327e+01
4.665506718750000346e+02,-8.875426441574732905e+01
4.665509648437500232e+02,-8.640665941395225502e+01
4.665512578125000118e+02,-8.635758670871162224e+01
4.665515507812500005e+02,-9.473524923761752348e+01
4.665518437499999891e+02,-8.970214627932941198e+01
4.665521367187500346e+02,-8.528191794699355910e+01
4.665524296875000232e+02,-9.193786909803631602e+01
4.665527226562500118e+02,-8.819470846215672566e+01
4.665530156250000005e+02,-8.636884927907860288e+01
4.665533085937499891e+02,-8.034367062979599439e+01
4.665536015625000346e+02,-8.034581801722771388e+01
4.665538945312500232e+02,-8.784182489986157805e+01
4.665541875000000118e+02,-8.813177707346360990e+01
4.665544804687500005e+02,-8.378430822541020007e+01
4.665547734374999891e+02,-8.239524002896698107e+01
4.665550664062500346e+02,-8.266444080630074609e+01
4.665553593750000232e+02,-8.774268398493448728e+01
4.665556523437500118e+02,-9.443110351576093819e+01
4.665559453125000005e+02,-8.718762211647495519e+01
4.665562382812499891e+02,-1.016537251125605934e+02
4.665565312500000346e+02,-1.013730683863322497e+02
4.665568242187500232e+02,-8.348683200151134542e+01
4.665571171875000118e+02,-9.713279363945373746e+01
4.665574101562500005e+02,-8.953723414463061658e+01
4.665577031249999891e+02,-8.782900905761323429e+01
4.665579960937500346e+02,-8.281618184031057694e+01
4.665582890625000232e+02,-7.851770238232671772e+01
4.665585820312500118e+02,-8.120045960968855070e+01
4.665588750000000005e+02,-9.432856993044909188e+01
4.665591679687499891e+02,-8.967633853976786895e+01
4.665594609375000346e+02,-9.249196734526194064e+01
4.665597539062500232e+02,-8.598774493704338795e+01
4.665600468750000118e+02,-8.824342270511439779e+01
4.665603398437500005e+02,-8.927559262190955280e+01
4.665606328124999891e+02,-8.340562748829572115e+01
4.665609257812500346e+02,-8.232278509080195761e+01
4.665612187500000232e+02,-8.581378502496355054e+01
4.665615117187500118e+02,-8.503363513333565038e+01
4.665618046875000005e+02,-8.529632228752929279e+01
4.665620976562499891e+02,-8.689292671673823065e+01
4.665623906250000346e+02,-9.200395895635091392e+01
4.665626835937500232e+02,-9.420915119408638816e+01
4.665629765625000118e+02,-9.222509168494303822e+01
4.665632695312500005e+02,-1.022192964963093544e+02
4.665635624999999891e+02,-8.541875353118064140e+01
4.665638554687500346e+02,-8.662591623106405336e+01
4.665641484375000232e+02,-9.191651696534890448e+01
4.665644414062500118e+02,-8.518993127605726556e+01
4.665647343750000005e+02,-8.564568308771386285e+01
4.665650273437499891e+02,-9.473147567512420153e+01
4.665653203125000346e+02,-9.197266551139168200e+01
4.665656132812500232e+02,-9.084208129471967652e+01
4.665659062500000118e+02,-8.715435359958593153e+01
4.665661992187500005e+02,-8.744731224901462951e+01
4.665664921874999891e+02,-9.368387673868701881e+01
4.665667851562500346e+02,-8.526898655994374110e+01
4.665670781250000232e+02,-8.179687906254932273e+01
4.665673710937500118e+02,-8.755195352085169702e+01
4.665676640625000005e+02,-9.646059235682544397e+01
4.665679570312499891e+02,-9.014049114374243743e+01
4.665682500000000346e+02,-8.636048092225016148e+01
4.665685429687500232e+02,-9.021201951975841382e+01
4.665688359375000118e+02,-8.903376557163755933e+01
4.665691289062500005e+02,-9.261456514036977694e+01
4.665694218749999891e+02,-8.222390683865100414e+01
4.665697148437500346e+02,-8.523401927081238227e+01
4.665700078125000232e+02,-8.542539643080992562e+01
4.665703007812500118e+02,-8.474541182543600826e+01
4.665705937500000005e+02,-8.683691328773184637e+01
4.665708867187499891e+02,-9.979521161000047869e+01
4.665711796875000346e+02,-8.955691568914993184e+01
4.665714726562500232e+02,-8.069971496570786940e+01
4.665717656250000118e+02,-8.468684478484304634e+01
4.665720585937500005e+02,-8.336527573932991686e+01
4.665723515624999891e+02,-8.089018142877540640e+01
4.665726445312500346e+02,-8.972848873041711215e+01
4.665729375000000232e+02,-9.707593205940405312e+01
4.665732304687500118e+02,-8.950115200228752599e+01
4.665735234375000005e+02,-8.509059274400213724e+01
4.665738164062499891e+02,-8.953045995882922625e+01
4.665741093750000346e+02,-8.888578356714781137e+01
4.665744023437500232e+02,-8.694265440242170939e+01
4.665746953125000118e+02,-8.793911369567665304e+01
4.665749882812500005e+02,-8.991610081450644998e+01
4.665752812499999891e+02,-1.076369901834676739e+02
4.665755742187500346e+02,-9.662702339425490550e+01
4.665758671875000232e+02,-8.549487142464658973e+01
4.665761601562500118e+02,-8.713710975850334250e+01
4.665764531250000005e+02,-9.138287580944441402e+01
4.665767460937499891e+02,-8.719265145960194729e+01
4.665770390625000346e+02,-8.750321323262170381e+01
4.665773320312500232e+02,-8.676253606045072786e+01
4.665776250000000118e+02,-8.142387203788101147e+01
4.665779179687500005e+02,-8.257259720249399493e+01
4.665782109374999891e+02,-8.499931457679549851e+01
4.665785039062500346e+02,-8.039916011985111766e+01
4.665787968750000232e+02,-8.842945776698417149e+01
4.665790898437500118e+02,-9.202786665879759198e+01
4.665793828125000005e+02,-9.131257746736829972e+01
4.665796757812499891e+02,-9.309418752721077794e+01
4.665799687500000346e+02,-9.299840214753916712e+01
4.665802617187500232e+02,-8.633331418466873686e+01
4.665805546875000118e+02,-8.700991885120828329e+01
4.665808476562500005e+02,-1.123747542489112448e+02
4.665811406249999891e+02,-8.980270784355971614e+01
4.665814335937500346e+02,-8.895963954067930501e+01
4.665817265625000232e+02,-8.461406424619214306e+01
4.665820195312500118e+02,-9.396206575937128491e+01
4.665823125000000005e+02,-8.216374396283269732e+01
4.665826054687499891e+02,-8.137427813049930592e+01
4.665828984375000346e+02,-8.717996874244251160e+01
4.665831914062500232e+02,-9.462232419261050609e+01
4.665834843750000118e+02,-8.608672947392369679e+01
4.665837773437500005e+02,-8.377061694204965647e+01
4.665840703124999891e+02,-8.215203824950690148e+01
4.665843632812500346e+02,-8.090479869635215948e+01
4.665846562500000232e+02,-9.053833357185617103e+01
4.665849492187500118e+02,-8.586013684336774077e+01
4.665852421875000005e+02,-8.568452827280177075e+01
4.665855351562499891e+02,-8.420509540691269024e+01
4.665858281250000346e+02,-8.734486253173065506e+01
4.665861210937500232e+02,-9.454898825537321727e+01
4.665864140625000118e+02,-9.151639993381424176e+01
4.665867070312500005e+02,-8.840654104154056370e+01
4.665869999999999891e+02,-8.918656201308627374e+01
4.665872929687500346e+02,-9.196299266569410236e+01
4.665875859375000232e+02,-8.789833062337670810e+01
4.665878789062500118e+02,-1.046668564072266463e+02
4.665881718750000005e+02,-8.630701993335948430e+01
4.665884648437499891e+02,-9.498232294542985699e+01
4.665887578125000346e+02,-8.161076715373559409e+01
4.665890507812500232e+02,-8.350379843235168664e+01
4.665893437500000118e+02,-9.172457157254967797e+01
4.665896367187500005e+02,-9.471401046787110545e+01
4.665899296874999891e+02,-8.712009913035872444e+01
4.665902226562500346e+02,-9.302118290362506059e+01
4.665905156250000232e+02,-9.284259444605214640e+01
4.665908085937500118e+02,-8.187099858864243629e+01
4.665911015625000005e+02,-8.339965825034283853e+01
4.665913945312499891e+02,-9.363589816454349091e+01
4.665916875000000346e+02,-9.209875107034889652e+01
4.665919804687500232e+02,-8.880558804030576425e+01
4.665922734375000118e+02,-8.526040415443128495e+01
4.665925664062500005e+02,-8.256768314532172326e+01
4.665928593749999891e+02,-8.881625312688726126e+01
4.665931523437500346e+02,-8.255420415183992588e+01
4.665934453125000232e+02,-8.589710059927614338e+01
4.665937382812500118e+02,-9.396661106139953290e+01
4.665940312500000005e+02,-9.479498722487662121e+01
4.665943242187499891e+02,-1.041904739314828134e+02
4.665946171875000346e+02,-9.390007126200087839e+01
4.665949101562500232e+02,-9.380900855392057736e+01
4.665952031250000118e+02,-8.557773396419803191e+01
4.665954960937500005e+02,-8.837431775580139970e+01
4.665957890624999891e+02,-8.776636862944130257e+01
4.665960820312500346e+02,-9.598667500577437295e+01
4.665963750000000232e+02,-8.500254348008016336e+01
4.665966679687500118e+02,-8.398560512931089761e+01
4.665969609375000005e+02,-8.303161959623308519e+01
4.665972539062499891e+02,-8.160516709250144629e+01
4.665975468750000346e+02,-8.197689336529873572e+01
4.665978398437500232e+02,-7.964203400354907103e+01
4.665981328125000118e+02,-8.189224782188874485e+01
4.665984257812500005e+02,-1.071713128752506634e+02
4.665987187499999891e+02,-1.058649617583458138e+02
4.665990117187500346e+02,-9.919619535140229516e+01
4.665993046875000232e+02,-8.849728758159223219e+01
4.665995976562500118e+02,-8.590417200072809578e+01
4.665998906250000005e+02,-8.460520228005647425e+01
4.666001835937499891e+02,-8.443160119335105662e+01
4.666004765625000346e+02,-8.278262200862431541e+01
4.666007695312500232e+02,-9.162673454584690091e+01
4.666010625000000118e+02,-8.561407372930419513e+01
4.666013554687500005e+02,-9.397965392941658536e+01
4.666016484374999891e+02,-8.201275559785173641e+01
4.666019414062500346e+02,-8.494332843898118313e+01
4.666022343750000232e+02,-8.676717291260717957e+01
4.666025273437500118e+02,-8.880812049614094406e+01
4.666028203125000005e+02,-1.039214317339572347e+02
4.666031132812499891e+02,-1.015928933147995537e+02
4.666034062500000346e+02,-8.971117874054377239e+01
4.666036992187500232e+02,-8.480787006990522059e+01
4.666039921875000118e+02,-8.178633946604149685e+01
4.666042851562500005e+02,-8.102580882118225247e+01
4.666045781249999891e+02,-8.561557432555289893e+01
4.666048710937500346e+02,-9.026984753321437438e+01
4.666051640625000232e+02,-8.715518431199490124e+01
4.666054570312500118e+02,-9.119548102539619094e+01
4.666057500000000005e+02,-9.078104680029863971e+01
4.666060429687499891e+02,-8.907591117218493082e+01
4.666063359375000346e+02,-8.748140685747679868e+01
4.666066289062500232e+02,-8.561911003261761266e+01
4.666069218750000118e+02,-9.852397180228194884e+01
4.666072148437500005e+02,-9.256106133894590471e+01
4.666075078124999891e+02,-9.297893419662219117e+01
4.666078007812500346e+02,-8.917995700132462389e+01
4.666080937500000232e+02,-8.444698438824880782e+01
4.666083867187500118e+02,-8.844439659134053500e+01
4.666086796875000005e+02,-8.924593309309594247e+01
4.666089726562499891e+02,-9.742052684405373952e+01
4.666092656250000346e+02,-9.466735512555494836e+01
4.666095585937500232e+02,-9.261377617893975867e+01
4.666098515625000118e+02,-9.043809331077559932e+01
4.666101445312500005e+02,-8.663091922979472770e+01
4.666104374999999891e+02,-8.487937626183435214e+01
4.666107304687500346e+02,-8.503319449784007134e+01
4.666110234375000232e+02,-8.721280584551040249e+01
4.666113164062500118e+02,-8.937238400552386963e+01
4.666116093750000005e+02,-8.915822377519884867e+01
4.666119023437499891e+02,-8.653438571944394653e+01
4.666121953125000346e+02,-9.271520744706765527e+01
4.666124882812500232e+02,-7.984459326975438387e+01
4.666127812500000118e+02,-8.198050622346602267e+01
4.666130742187500005e+02,-8.711652920366023523e+01
4.666133671874999891e+02,-8.948436433507870902e+01
4.666136601562500346e+02,-8.301034424596609540e+01
4.666139531250000232e+02,-8.380731693243848213e+01
4.666142460937500118e+02,-8.914793717757875413e+01
4.666145390625000005e+02,-8.076368752845310439e+01
4.666148320312499891e+02,-8.405554994903187094e+01
4.666151250000000346e+02,-8.590997066346965028e+01
4.666154179687500232e+02,-8.322803615673413447e+01
4.666157109375000118e+02,-9.252147764832649557e+01
4.666160039062500005e+02,-8.743779298973842629e+01
4.666162968749999891e+02,-8.505125521780065867e+01
4.666165898437500346e+02,-8.770656599257517883e+01
4.666168828125000232e+02,-8.234983391953920773e+01
4.666171757812500118e+02,-8.785973397692248454e+01
4.666174687500000005e+02,-9.335252738435892184e+01
4.666177617187499891e+02,-8.815071415870812643e+01
4.666180546875000346e+02,-8.748888031139843235e+01
4.666183476562500232e+02,-8.787289738744601664e+01
4.666186406250000118e+02,-8.649782327615007205e+01
4.666189335937500005e+02,-8.127981070392708318e+01
4.666192265624999891e+02,-8.416204692466281756e+01
4.666195195312500346e+02,-9.462301229829493820e+01
4.666198125000000232e+02,-1.090935333120405062e+02
4.666201054687500118e+02,-9.701890090752377205e+01
4.666203984375000005e+02,-9.649521123033223091e+01
4.666206914062499891e+02,-9.250038704338821560e+01
4.666209843750000346e+02,-8.601906578409254678e+01
4.666212773437500232e+02,-8.910150450288543311e+01
4.666215703125000118e+02,-9.462559390198961751e+01
4.666218632812500005e+02,-9.309505607435113461e+01
4.666221562499999891e+02,-9.205580468318089515e+01
4.666224492187500346e+02,-9.011350838289206422e+01
4.666227421875000232e+02,-9.069147765293510588e+01
4.666230351562500118e+02,-8.345987254042708514e+01
4.666233281250000005e+02,-8.154856122787043660e+01
4.666236210937499891e+02,-8.937400056476862176e+01
4.666239140625000346e+02,-8.010237826936197791e+01
4.666242070312500232e+02,-8.451751059813582856e+01
4.666245000000000118e+02,-8.452947783759171330e+01
4.666247929687500005e+02,-8.725920426239662220e+01
4.666250859374999891e+02,-8.259663792024817042e+01
4.666253789062500346e+02,-7.690683215581739773e+01
4.666256718750000232e+02,-8.055612282472733909e+01
4.666259648437500118e+02,-1.005005722090737095e+02
4.666262578125000005e+02,-9.170657975118636784e+01
4.666265507812499891e+02,-9.245571131104571805e+01
4.666268437500000346e+02,-8.896874873251148585e+01
4.666271367187500232e+02,-1.146860319745455570e+02
4.666274296875000118e+02,-8.975467444875593515e+01
4.666277226562500005e+02,-8.374754532184635991e+01
4.666280156249999891e+02,-8.685868143823158505e+01
4.666283085937500346e+02,-1.012008768544430524e+02
4.666286015625000232e+02,-8.179561625154092042e+01
4.666288945312500118e+02,-8.121220186111166583e+01
4.666291875000000005e+02,-9.182384208883425458e+01
4.666294804687499891e+02,-9.023087800911896750e+01
4.666297734375000346e+02,-8.343574246266970817e+01
4.666300664062500232e+02,-8.208107618532147853e+01
4.666303593750000118e+02,-8.248615275649189016e+01
4.666306523437500005e+02,-9.131773203699557939e+01
4.666309453124999891e+02,-9.093782142600430518e+01
4.666312382812500346e+02,-8.656742227403447032e+01
4.666315312500000232e+02,-8.418932962011976429e+01
4.666318242187500118e+02,-7.890073226344244972e+01
4.666321171875000005e+02,-7.991330299358712352e+01
4.666324101562499891e+02,-8.664500286112857452e+01
4.666327031250000346e+02,-9.298773592703055613e+01
4.666329960937500232e+02,-9.276069865115326252e+01
4.666332890625000118e+02,-8.921434691767305480e+01
4.666335820312500005e+02,-8.776371910396011344e+01
4.666338749999999891e+02,-8.735689865988746305e+01
4.666341679687500346e+02,-8.944363197108879149e+01
4.666344609375000232e+02,-8.351122024819576950e+01
4.666347539062500118e+02,-8.382386627585630379e+01
4.666350468750000005e+02,-8.508765367338361330e+01
4.666353398437499891e+02,-8.415639624969389843e+01
4.666356328125000346e+02,-8.452653555707277633e+01
4.666359257812500232e+02,-8.608987042314132054e+01
4.666362187500000118e+02,-8.490501569862720999e+01
4.666365117187500005e+02,-8.933592137391576671e+01
4.666368046874999891e+02,-8.847151804742395598e+01
4.666370976562500346e+02,-8.340231759769999087e+01
4.666373906250000232e+02,-8.523966313946516493e+01
4.666376835937500118e+02,-9.346864879137487492e+01
4.666379765625000005e+02,-8.493377931052486929e+01
4.666382695312499891e+02,-7.914311082261923502e+01
4.666385625000000346e+02,-7.810535161353482181e+01
4.666388554687500232e+02,-8.559814242823220809e+01
4.666391484375000118e+02,-8.846965074395860995e+01
4.666394414062500005e+02,-8.745514550328749692e+01
4.666397343749999891e+02,-8.590528275348506781e+01
4.666400273437500346e+02,-9.565773636767406174e+01
4.666403203125000232e+02,-8.783328942779816373e+01
4.666406132812500118e+02,-8.375925460061550609e+01
4.666409062500000005e+02,-8.207203541993939666e+01
4.666411992187499891e+02,-8.805852476289148001e+01
4.666414921875000346e+02,-8.800217575209744325e+01
4.666417851562500232e+02,-8.940317978583149738e+01
4.666420781250000118e+02,-8.684287345104017675e+01
4.666423710937500005e+02,-8.824580923980762748e+01
4.666426640624999891e+02,-8.923999273887800143e+01
4.666429570312500346e+02,-8.351297210611518551e+01
4.666432500000000232e+02,-7.979930016375038804e+01
4.666435429687500118e+02,-8.401294607054849450e+01
4.666438359375000005e+02,-8.466871350551082287e+01
4.666441289062499891e+02,-8.347637070997569708e+01
4.666444218750000346e+02,-8.512400398643171684e+01
4.666447148437500232e+02,-8.136420137991134993e+01
4.666450078125000118e+02,-8.459432960538457280e+01
4.666453007812500005e+02,-8.738061551506298485e+01
4.666455937499999891e+02,-8.862240712585644076e+01
4.666458867187500346e+02,-8.674878289417655708e+01
4.666461796875000232e+02,-8.466967280222691272e+01
4.666464726562500118e+02,-8.066026515179865441e+01
4.666467656250000005e+02,-7.919574625894431108e+01
4.666470585937499891e+02,-7.924177374169349264e+01
4.666473515625000346e+02,-9.564802131227460791e+01
4.666476445312500232e+02,-8.294603172664440649e+01
4.666479375000000118e+02,-8.853869590877013707e+01
4.666482304687500005e+02,-9.784997179432393466e+01
4.666485234374999891e+02,-9.965458603501816981e+01
4.666488164062500346e+02,-9.050555120703785406e+01
4.666491093750000232e+02,-8.775219834471003821e+01
4.666494023437500118e+02,-9.446331590209305773e+01
4.666496953125000005e+02,-9.017100739364227024e+01
4.666499882812499891e+02,-8.718063542057086579e+01
4.666502812500000346e+02,-9.014171112045885081e+01
4.666505742187500232e+02,-8.686926301861444699e+01
4.666508671875000118e+02,-8.694217253354437958e+01
4.666511601562500005e+02,-8.887271544489544794e+01
4.666514531249999891e+02,-9.940426898725546323e+01
4.666517460937500346e+02,-8.516529207824787306e+01
4.666520390625000232e+02,-8.359290541299375832e+01
4.666523320312500118e+02,-8.671042917304677644e+01
4.666526250000000005e+02,-9.491014085107602227e+01
4.666529179687499891e+02,-8.517106908491129502e+01
4.666532109375000346e+02,-8.436938494812615374e+01
4.666535039062500232e+02,-8.415157835543070064e+01
4.666537968750000118e+02,-8.188259851519491406e+01
4.666540898437500005e+02,-7.949681416756158114e+01
4.666543828124999891e+02,-8.805840305837352844e+01
4.666546757812500346e+02,-9.124451522274813442e+01
4.666549687500000232e+02,-8.570733226059550702e+01
4.666552617187500118e+02,-8.407915687137904115e+01
4.666555546875000005e+02,-8.638099320657721591e+01
4.666558476562499891e+02,-8.471405607601106169e+01
4.666561406250000346e+02,-9.749457357311621308e+01
4.666564335937500232e+02,-9.334990433873515769e+01
4.666567265625000118e+02,-8.485830134344260500e+01
4.666570195312500005e+02,-8.502404575501378758e+01
4.666573124999999891e+02,-8.456114994128950002e+01
4.666576054687500346e+02,-8.231291441353394589e+01
4.666578984375000232e+02,-8.404258393028528928e+01
4.666581914062500118e+02,-8.722123784005967195e+01
4.666584843750000005e+02,-8.606424030593703378e+01
4.666587773437499891e+02,-8.081834005803158050e+01
4.666590703125000346e+02,-8.195404748516743609e+01
4.666593632812500232e+02,-8.434179125879072103e+01
4.666596562500000118e+02,-9.781165044902249406e+01
4.666599492187500005e+02,-8.323887230443547480e+01
4.666602421874999891e+02,-8.384817995531162182e+01
4.666605351562500346e+02,-8.520758175148598923e+01
4.666608281250000232e+02,-1.051670728392090552e+02
4.666611210937500118e+02,-8.781580765400555322e+01
4.666614140625000005e+02,-8.438950717127484324e+01
4.666617070312499891e+02,-8.152598457326563164e+01
4.666620000000000346e+02,-8.223149335828786377e+01
4.666622929687500232e+02,-8.692626565727712773e+01
4.666625859375000118e+02,-9.471651186610793616e+01
4.666628789062500005e+02,-8.643495336981007426e+01
4.666631718749999891e+02,-8.096388082624372373e+01
4.666634648437500346e+02,-8.582262459183002079e+01
4.666637578125000232e+02,-8.826297552156349013e+01
4.666640507812500118e+02,-8.151618211861713803e+01
4.666643437500000005e+02,-8.015438116233303845e+01
4.666646367187499891e+02,-8.649927001509659874e+01
4.666649296875000346e+02,-8.786888942631051691e+01
4.666652226562500232e+02,-8.217974116449678945e+01
4.666655156250000118e+02,-9.018379595739411059e+01
4.666658085937500005e+02,-8.970952833018935735e+01
4.666661015624999891e+02,-8.873583346125771243e+01
4.666663945312500346e+02,-8.557163340378694727e+01
4.666666875000000232e+02,-8.818019860738765203e+01
4.666669804687500118e+02,-8.272254417705937612e+01
4.666672734375000005e+02,-9.427779792962566319e+01
4.666675664062499891e+02,-8.540949591280549669e+01
4.666678593750000346e+02,-8.514677533826846911e+01
4.666681523437500232e+02,-9.018379478546486894e+01
4.666684453125000118e+02,-8.831627594742586496e+01
4.666687382812500005e+02,-8.268600195435101341e+01
4.666690312499999891e+02,-8.925330357103334222e+01
4.666693242187500346e+02,-8.704596412911990910e+01
4.666696171875000232e+02,-8.348353472878280002e+01
4.666699101562500118e+02,-8.632945317239082783e+01
4.666702031250000005e+02,-9.772075255528278603e+01
4.666704960937499891e+02,-9.018698065810256992e+01
4.666707890625000346e+02,-8.778470434037305381e+01
4.666710820312500232e+02,-8.899002564020281625e+01
4.666713750000000118e+02,-7.979056290012296415e+01
4.666716679687500005e+02,-7.870911432581196721e+01
4.666719609374999891e+02,-8.784317628681775147e+01
4.666722539062500346e+02,-1.006791206848919131e+02
4.666725468750000232e+02,-1.152532618738931660e+02
4.666728398437500118e+02,-8.315142088284291333e+01
4.666731328125000005e+02,-7.964364083674949768e+01
4.666734257812499891e+02,-9.086195490738430180e+01
4.666737187500000346e+02,-9.215437459996294933e+01
4.666740117187500232e+02,-8.900626554429265980e+01
4.666743046875000118e+02,-8.378171561929821110e+01
4.666745976562500005e+02,-8.241348894284888615e+01
4.666748906249999891e+02,-8.805612506616016333e+01
4.666751835937500346e+02,-1.068351636679407477e+02
4.666754765625000232e+02,-1.017715705955588987e+02
4.666757695312500118e+02,-9.562946774579020826e+01
4.666760625000000005e+02,-8.891653672426770072e+01
4.666763554687499891e+02,-8.900895418735929354e+01
4.666766484375000346e+02,-8.558747174119790202e+01
4.666769414062500232e+02,-9.519275060265952959e+01
4.666772343750000118e+02,-9.624679598400463476e+01
4.666775273437500005e+02,-8.307534405666044108e+01
4.666778203124999891e+02,-8.055719090889073186e+01
4.666781132812500346e+02,-7.956971327962786233e+01
4.666784062500000232e+02,-7.952291175466481832e+01
4.666786992187500118e+02,-8.466179654951059774e+01
4.666789921875000005e+02,-8.256081812552521626e+01
4.666792851562499891e+02,-7.974647663592901381e+01
4.666795781250000346e+02,-8.262194317452349424e+01
4.666798710937500232e+02,-9.137702424837712556e+01
4.666801640625000118e+02,-8.324094109705654887e+01
4.666804570312500005e+02,-8.361502368457487933e+01
4.666807499999999891e+02,-8.531649161628945421e+01
4.666810429687500346e+02,-8.331499064392474452e+01
4.666813359375000232e+02,-8.139249644056133093e+01
4.666816289062500118e+02,-8.193028295865202892e+01
4.666819218750000005e+02,-8.666221306252577961e+01
4.666822148437499891e+02,-8.005059741400216922e+01
4.666825078125000346e+02,-8.104540434234547774e+01
4.666828007812500232e+02,-8.512859511337624951e+01
4.666830937500000118e+02,-8.965780529951265976e+01
4.666833867187500005e+02,-8.446262811876023591e+01
4.666836796874999891e+02,-9.725251386876357174e+01
4.666839726562500346e+02,-8.888734528753971631e+01
4.666842656250000232e+02,-8.025163358192813234e+01
4.666845585937500118e+02,-7.815821624953650826e+01
4.666848515625000005e+02,-8.668874011717484507e+01
4.666851445312499891e+02,-9.572576998024752015e+01
4.666854375000000346e+02,-8.195004973482696187e+01
4.666857304687500232e+02,-7.843319563696223895e+01
4.666860234375000118e+02,-8.101374084383482455e+01
4.666863164062500005e+02,-8.506453803393588942e+01
4.666866093749999891e+02,-8.930352160105925918e+01
4.666869023437500346e+02,-8.396588515766298144e+01
4.666871953125000232e+02,-8.653823532965429877e+01
4.666874882812500118e+02,-8.870982334802832270e+01
4.666877812500000005e+02,-8.808782322151266442e+01
4.666880742187499891e+02,-9.088370533176566823e+01
4.666883671875000346e+02,-8.746724789020647961e+01
4.666886601562500232e+02,-8.363934545748381311e+01
4.666889531250000118e+02,-7.944374729101291166e+01
4.666892460937500005e+02,-8.376332727701384329e+01
4.666895390624999891e+02,-8.986786153378307063e+01
4.666898320312500346e+02,-9.438004874985944070e+01
4.666901250000000232e+02,-1.177134734934940923e+02
4.666904179687500118e+02,-8.757067562504306579e+01
4.666907109375000005e+02,-8.620774720767482791e+01
4.666910039062499891e+02,-8.947886592555207130e+01
4.666912968750000346e+02,-8.972835355857534978e+01
4.666915898437500232e+02,-8.786879973276026590e+01
4.666918828125000118e+02,-8.218283992475357991e+01
4.666921757812500005e+02,-7.999499058038750832e+01
4.666924687499999891e+02,-8.378573415031551974e+01
4.666927617187500346e+02,-8.539836157787681259e+01
4.666930546875000232e+02,-8.690588670844056196e+01
4.666933476562500118e+02,-9.447500870753307822e+01
4.666936406250000005e+02,-8.523144426367279891e+01
4.666939335937499891e+02,-8.137061327678000566e+01
4.666942265625000346e+02,-8.467522468318831841e+01
4.666945195312500232e+02,-8.218471829003843254e+01
4.666948125000000118e+02,-7.861245371918502656e+01
4.666951054687500005e+02,-7.973127385819908852e+01
4.666953984374999891e+02,-8.431829282643143131e+01
4.666956914062500346e+02,-9.379280150385868353e+01
4.666959843750000232e+02,-8.950069708967980375e+01
4.666962773437500118e+02,-8.423088775721663524e+01
4.666965703125000005e+02,-8.851340227507637337e+01
4.666968632812499891e+02,-8.504295182981286416e+01
4.666971562500000346e+02,-8.463711380577647958e+01
4.666974492187500232e+02,-1.028247000771986421e+02
4.666977421875000118e+02,-8.976118915508600082e+01
4.666980351562500005e+02,-8.973280432891540670e+01
4.666983281249999891e+02,-8.065705792796205742e+01
4.666986210937500346e+02,-8.366508684275997609e+01
4.666989140625000232e+02,-8.673479715971191695e+01
4.666992070312500118e+02,-8.858632933410748933e+01
4.666995000000000005e+02,-1.002376621365520180e+02
4.666997929687499891e+02,-8.556780838421806834e+01
4.667000859375000346e+02,-7.940916318195804990e+01
4.667003789062500232e+02,-8.073823715642933507e+01
4.667006718750000118e+02,-1.012190745884565644e+02
4.667009648437500005e+02,-8.954628784983293599e+01
4.667012578124999891e+02,-8.355894607061048873e+01
4.667015507812500346e+02,-8.048552067659507259e+01
4.667018437500000232e+02,-7.823315542714922799e+01
4.667021367187500118e+02,-8.066907345759696568e+01
4.667024296875000005e+02,-8.522525069909603701e+01
4.667027226562499891e+02,-8.347152696615465572e+01
4.667030156250000346e+02,-8.444759922892927761e+01
4.667033085937500232e+02,-8.905778285125704485e+01
4.667036015625000118e+02,-9.125851972440571558e+01
4.667038945312500005e+02,-8.440222482130168657e+01
4.667041874999999891e+02,-8.736214032163545085e+01
4.667044804687500346e+02,-8.187367207307471517e+01
4.667047734375000232e+02,-7.902928424618635006e+01
4.667050664062500118e+02,-8.266261083002937937e+01
4.667053593750000005e+02,-8.799340050576871874e+01
4.667056523437499891e+02,-8.687995030290088039e+01
4.667059453125000346e+02,-8.691542631714355593e+01
4.667062382812500232e+02,-1.059920113955832335e+02
4.667065312500000118e+02,-8.701250318202983181e+01
4.667068242187500005e+02,-8.185188256886846148e+01
4.667071171874999891e+02,-8.497180636484094407e+01
4.667074101562500346e+02,-8.885251505642786185e+01
4.667077031250000232e+02,-8.214197317437330526e+01
4.667079960937500118e+02,-7.531016683663489175e+01
4.667082890625000005e+02,-7.662700290833512895e+01
4.667085820312499891e+02,-8.316123188053596493e+01
4.667088750000000346e+02,-8.998966940429389183e+01
4.667091679687500232e+02,-9.250276852493686874e+01
4.667094609375000118e+02,-9.528884620362941860e+01
4.667097539062500005e+02,-9.140344663982354234e+01
4.667100468749999891e+02,-8.248724691529928066e+01
4.667103398437500346e+02,-8.189111553580097791e+01
4.667106328125000232e+02,-8.310911621114854597e+01
4.667109257812500118e+02,-8.871057658118922973e+01
4.667112187500000005e+02,-8.463926201778286895e+01
4.667115117187499891e+02,-8.579159737493894511e+01
4.667118046875000346e+02,-8.454396487540668659e+01
4.667120976562500232e+02,-8.630763636915430936e+01
4.667123906250000118e+02,-8.340977086261912632e+01
4.667126835937500005e+02,-8.461265031041841667e+01
4.667129765624999891e+02,-8.786627497017475719e+01
4.667132695312500346e+02,-7.937124638047710334e+01
4.667135625000000232e+02,-8.710181787987548319e+01
4.667138554687500118e+02,-8.430898951541959718e+01
4.667141484375000005e+02,-8.080363359865017969e+01
4.667144414062499891e+02,-8.390697439176877026e+01
4.667147343750000346e+02,-9.581914898499863398e+01
4.667150273437500232e+02,-9.485222459087522395e+01
4.667153203125000118e+02,-8.281046280950876337e+01
4.667156132812500005e+02,-8.600847176019442486e+01
4.667159062499999891e+02,-8.291864243304857496e+01
4.667161992187500346e+02,-8.282525270496826408e+01
4.667164921875000232e+02,-8.666238753167559139e+01
4.667167851562500118e+02,-8.934095919498429339e+01
4.667170781250000005e+02,-9.103364085979325182e+01
4.667173710937499891e+02,-8.642331530752360891e+01
4.667176640625000346e+02,-8.289365717024065816e+01
4.667179570312500232e+02,-8.983794596630826845e+01
4.667182500000000118e+02,-7.940497014180913027e+01
4.667185429687500005e+02,-8.155214023828845882e+01
4.667188359374999891e+02,-9.035302180783537551e+01
4.667191289062500346e+02,-9.275823389266182062e+01
4.667194218750000232e+02,-9.172213249271911195e+01
4.667197148437500118e+02,-9.604294758382350494e+01
4.667200078125000005e+02,-9.456358665389765861e+01
4.667203007812499891e+02,-8.792306295083082546e+01
4.667205937500000346e+02,-8.000588616318508173e+01
4.667208867187500232e+02,-8.302813353583430001e+01
4.667211796875000118e+02,-8.252327765721003061e+01
4.667214726562500005e+02,-9.021573315234242330e+01
4.667217656249999891e+02,-9.639775476582549629e+01
4.667220585937500346e+02,-9.273854077739555635e+01
4.667223515625000232e+02,-8.504511953340903574e+01
4.667226445312500118e+02,-9.012766976082983206e+01
4.667229375000000005e+02,-8.529442541432987923e+01
4.667232304687499891e+02,-9.553889781530641301e+01
4.667235234375000346e+02,-8.532944943800826820e+01
4.667238164062500232e+02,-8.332000625922410109e+01
4.667241093750000118e+02,-8.658608148294027274e+01
4.667244023437500005e+02,-9.548340892157909821e+01
4.667246953124999891e+02,-9.941056982126053754e+01
4.667249882812500346e+02,-9.277404878158338875e+01
4.667252812500000232e+02,-9.517750591947957162e+01
4.667255742187500118e+02,-8.978951341572056322e+01
4.667258671875000005e+02,-8.457320101879298591e+01
4.667261601562499891e+02,-8.472020418097312700e+01
4.667264531250000346e+02,-8.192925090014591660e+01
4.667267460937500232e+02,-8.557369828585252947e+01
4.667270390625000118e+02,-7.915055684901271604e+01
4.667273320312500005e+02,-8.064050011696066633e+01
4.667276249999999891e+02,-7.976803191151334715e+01
4.667279179687500346e+02,-8.621171623671750694e+01
4.667282109375000232e+02,-9.560914181324230299e+01
4.667285039062500118e+02,-8.553986880827197581e+01
4.667287968750000005e+02,-8.418163256378207393e+01
4.667290898437499891e+02,-8.936214234392181766e+01
4.667293828125000346e+02,-9.028792489380577990e+01
4.667296757812500232e+02,-9.219659884409368544e+01
4.667299687500000118e+02,-9.031904709007019960e+01
4.667302617187500005e+02,-9.402928456479895658e+01
4.667305546874999891e+02,-8.155824296369678450e+01
4.667308476562500346e+02,-8.367485677958966050e+01
4.667311406250000232e+02,-8.477130149773356038e+01
4.667314335937500118e+02,-9.054960535569679791e+01
4.667317265625000005e+02,-8.283069950623811906e+01
4.667320195312499891e+02,-8.636469258883494149e+01
4.667323125000000346e+02,-8.559675902738757713e+01
4.667326054687500232e+02,-7.926144619139267888e+01
4.667328984375000118e+02,-8.464037247256828778e+01
4.667331914062500005e+02,-1.118321294258380760e+02
4.667334843749999891e+02,-8.734153463120622973e+01
4.667337773437500346e+02,-8.498048093853299179e+01
4.667340703125000232e+02,-8.391477325003768328e+01
4.667343632812500118e+02,-8.729503841852093160e+01
4.667346562500000005e+02,-8.611415050584305675e+01
4.667349492187499891e+02,-1.004456246573875688e+02
4.667352421875000346e+02,-9.590140091084782625e+01
4.667355351562500232e+02,-1.022910652106734801e+02
4.667358281250000118e+02,-9.605431794146680602e+01
4.667361210937500005e+02,-9.927267219497630890e+01
4.667364140624999891e+02,-9.259643895426121674e+01
4.667367070312500346e+02,-9.499452509494190622e+01
4.667370000000000232e+02,-9.135764732124394527e+01
4.667372929687500118e+02,-9.203016681292635326e+01
4.667375859375000005e+02,-8.433102508769822236e+01
4.667378789062499891e+02,-8.447387853823529724e+01
4.667381718750000346e+02,-8.103198420611421682e+01
4.667384648437500232e+02,-8.326767685720082568e+01
4.667387578125000118e+02,-8.846344688611367246e+01
4.667390507812500005e+02,-8.663850063097018506e+01
4.667393437499999891e+02,-8.349863989155576860e+01
4.667396367187500346e+02,-9.728470239158190225e+01
4.667399296875000232e+02,-8.050533976042436279e+01
4.667402226562500118e+02,-8.102114937172112263e+01
4.667405156250000005e+02,-8.697009829149590132e+01
4.667408085937499891e+02,-1.016383951739070710e+02
4.667411015625000346e+02,-8.379791321619221378e+01
4.667413945312500232e+02,-8.169200075524528870e+01
4.667416875000000118e+02,-8.756918588426920280e+01
4.667419804687500005e+02,-8.213537783629087130e+01
4.667422734374999891e+02,-8.328026425483719208e+01
4.667425664062500346e+02,-9.674747442922833329e+01
4.667428593750000232e+02,-9.999426037609526929e+01
4.667431523437500118e+02,-9.527326661993939183e+01
4.667434453125000005e+02,-9.388063712868886057e+01
4.667437382812499891e+02,-9.514719116562483237e+01
4.667440312500000346e+02,-8.338984470884261668e+01
4.667443242187500232e+02,-7.848231682481001314e+01
4.667446171875000118e+02,-7.741981629639481355e+01
4.667449101562500005e+02,-8.982709642482390677e+01
4.667452031249999891e+02,-9.734662892535362744e+01
4.667454960937500346e+02,-8.174493817583072541e+01
4.667457890625000232e+02,-8.723687546039249696e+01
4.667460820312500118e+02,-8.066079271895185343e+01
4.667463750000000005e+02,-7.881324959556363297e+01
4.667466679687499891e+02,-8.642639265139885651e+01
4.667469609375000346e+02,-9.077425929710909713e+01
4.667472539062500232e+02,-8.928137694123091705e+01
4.667475468750000118e+02,-8.827999982333302853e+01
4.667478398437500005e+02,-8.105685817737540333e+01
4.667481328124999891e+02,-8.540136206447610334e+01
4.667484257812500346e+02,-9.304700970751910916e+01
4.667487187500000232e+02,-9.225963342742869600e+01
4.667490117187500118e+02,-8.661139378335938943e+01
4.667493046875000005e+02,-8.847761418387135279e+01
4.667495976562499891e+02,-9.100649793901588680e+01
4.667498906250000346e+02,-8.268134614217323985e+01
4.667501835937500232e+02,-8.190682262058311380e+01
4.667504765625000118e+02,-7.953671924214177125e+01
4.667507695312500005e+02,-7.612829535297586858e+01
4.667510624999999891e+02,-7.691270047044707781e+01
4.667513554687500346e+02,-8.288413358100540052e+01
4.667516484375000232e+02,-8.511903323362993490e+01
4.667519414062500118e+02,-8.371528407559991081e+01
4.667522343750000005e+02,-8.640932078127394789e+01
4.667525273437499891e+02,-8.985757180831804192e+01
4.667528203125000346e+02,-8.739656216217333906e+01
4.667531132812500232e+02,-1.059038443927130260e+02
4.667534062500000118e+02,-8.603888891204759659e+01
4.667536992187500005e+02,-8.071992275978934117e+01
4.667539921874999891e+02,-8.325149987278925323e+01
4.667542851562500346e+02,-7.825601255917797516e+01
4.667545781250000232e+02,-8.198016232205600318e+01
4.667548710937500118e+02,-9.441993967212872008e+01
4.667551640625000005e+02,-9.535163315979039567e+01
4.667554570312499891e+02,-8.618477444090953554e+01
4.667557500000000346e+02,-8.133370370973079844e+01
4.667560429687500232e+02,-8.152278987354068818e+01
4.667563359375000118e+02,-9.236492416451874021e+01
4.667566289062500005e+02,-8.556317073215257096e+01
4.667569218749999891e+02,-7.793687482685845680e+01
4.667572148437500346e+02,-7.956360833812313160e+01
4.667575078125000232e+02,-8.457634592582982691e+01
4.667578007812500118e+02,-8.513726125449147730e+01
4.667580937500000005e+02,-8.214271323386570600e+01
4.667583867187499891e+02,-8.022845298622522137e+01
4.667586796875000346e+02,-8.469221314313385562e+01
4.667589726562500232e+02,-9.232980042739382043e+01
4.667592656250000118e+02,-9.148300056356417542e+01
4.667595585937500005e+02,-9.024550090097324073e+01
4.667598515624999891e+02,-8.309891956520968392e+01
4.667601445312500346e+02,-8.010288859901307035e+01
4.667604375000000232e+02,-8.215165260155936267e+01
4.667607304687500118e+02,-8.085181459950781857e+01
4.667610234375000005e+02,-8.063383807353909560e+01
4.667613164062499891e+02,-8.279895924607002655e+01
4.667616093750000346e+02,-1.055710758337927615e+02
4.667619023437500232e+02,-8.907569403502850491e+01
4.667621953125000118e+02,-8.560937938498155120e+01
4.667624882812500005e+02,-8.145991391716704300e+01
4.667627812499999891e+02,-8.098042601343945535e+01
4.667630742187500346e+02,-8.059290910111472783e+01
4.667633671875000232e+02,-8.576564321541096092e+01
4.667636601562500118e+02,-8.533708146919728676e+01
4.667639531250000005e+02,-9.076748246635732187e+01
4.667642460937499891e+02,-8.832013805521866345e+01
4.667645390625000346e+02,-8.766597935677586406e+01
4.667648320312500232e+02,-8.679008246110775815e+01
4.667651250000000118e+02,-9.266656297467247327e+01
4.667654179687500005e+02,-9.270354764137871939e+01
4.667657109374999891e+02,-9.046396495944073024e+01
4.667660039062500346e+02,-9.097690865031262319e+01
4.667662968750000232e+02,-8.918126880159606173e+01
4.667665898437500118e+02,-8.883541599313230108e+01
4.667668828125000005e+02,-9.916181142075009802e+01
4.667671757812499891e+02,-9.806083134097455911e+01
4.667674687500000346e+02,-9.184888405169310488e+01
4.667677617187500232e+02,-9.968340280839824175e+01
4.667680546875000118e+02,-9.279869808459190494e+01
4.667683476562500005e+02,-8.941898423279987185e+01
4.667686406249999891e+02,-8.387021536359625884e+01
4.667689335937500346e+02,-8.351476223266996612e+01
4.667692265625000232e+02,-9.074822322778906880e+01
4.667695195312500118e+02,-8.781702927246186619e+01
4.667698125000000005e+02,-8.318734425284965539e+01
4.667701054687499891e+02,-7.653923273848631936e+01
4.667703984375000346e+02,-8.469535309239753929e+01
4.667706914062500232e+02,-8.480841717284550896e+01
4.667709843750000118e+02,-8.573196819249957912e+01
4.667712773437500005e+02,-8.627087424738002142e+01
4.667715703124999891e+02,-9.117549527108481300e+01
4.667718632812500346e+02,-9.190973529438657863e+01
4.667721562500000232e+02,-8.203850579738289639e+01
4.667724492187500118e+02,-8.087429455028272685e+01
4.667727421875000005e+02,-9.659414428279875153e+01
4.667730351562499891e+02,-8.501114385561152176e+01
4.667733281250000346e+02,-8.464907464300443962e+01
4.667736210937500232e+02,-8.329118681820099823e+01
4.667739140625000118e+02,-8.907723875105205025e+01
4.667742070312500005e+02,-9.076380472204382954e+01
4.667744999999999891e+02,-9.164212058409864881e+01
4.667747929687500346e+02,-8.311316256321705964e+01
4.667750859375000232e+02,-8.266027474940344177e+01
4.667753789062500118e+02,-8.321639848343562562e+01
4.667756718750000005e+02,-8.065860965088050705e+01
4.667759648437499891e+02,-8.484623954724176542e+01
4.667762578125000346e+02,-8.032816164072707465e+01
4.667765507812500232e+02,-8.736254803792127177e+01
4.667768437500000118e+02,-8.385004828324656501e+01
4.667771367187500005e+02,-8.386129866636736097e+01
4.667774296874999891e+02,-8.442095359321325532e+01
4.667777226562500346e+02,-9.834762717695761580e+01
4.667780156250000232e+02,-9.138091387025485801e+01
4.667783085937500118e+02,-8.725734265371644938e+01
4.667786015625000005e+02,-8.058017364262232718e+01
4.667788945312499891e+02,-8.148548376046178987e+01
4.667791875000000346e+02,-8.618638641512943366e+01
4.667794804687500232e+02,-9.026456833139428682e+01
4.667797734375000118e+02,-9.030426301486184570e+01
4.667800664062500005e+02,-8.551216301537890274e+01
4.667803593749999891e+02,-9.799448350343006098e+01
4.667806523437500346e+02,-8.176189298867625155e+01
4.667809453125000232e+02,-8.118225918651548056e+01
4.667812382812500118e+02,-8.371371708542226031e+01
4.667815312500000005e+02,-8.083869377739893025e+01
4.667818242187499891e+02,-7.920633272620085563e+01
4.667821171875000346e+02,-8.397143574454716486e+01
4.667824101562500232e+02,-8.703090319315818135e+01
4.667827031250000118e+02,-9.478810749490895660e+01
4.667829960937500005e+02,-8.532437642987609649e+01
4.667832890624999891e+02,-8.272931656829980795e+01
4.667835820312500346e+02,-8.060217234459767610e+01
4.667838750000000232e+02,-8.662024837754773898e+01
4.667841679687500118e+02,-8.397921819448660585e+01
4.667844609375000005e+02,-8.353570533862104242e+01
4.667847539062499891e+02,-8.815001069128359745e+01
4.667850468750000346e+02,-8.948210201504942063e+01
4.667853398437500232e+02,-8.588474282728148523e+01
4.667856328125000118e+02,-8.997518148501086444e+01
4.667859257812500005e+02,-8.898753270809061178e+01
4.667862187499999891e+02,-8.905363688948622780e+01
4.667865117187500346e+02,-8.061336728156304332e+01
4.667868046875000232e+02,-8.328769518168346053e+01
4.667870976562500118e+02,-9.400737503478623580e+01
4.667873906250000005e+02,-9.425530357318757524e+01
4.667876835937499891e+02,-8.212245650870940494e+01
4.667879765625000346e+02,-8.832011724473039749e+01
4.667882695312500232e+02,-8.704846053254036065e+01
4.667885625000000118e+02,-8.756338479967298838e+01
4.667888554687500005e+02,-8.992065897461301915e+01
4.667891484374999891e+02,-8.402068289765020381e+01
4.667894414062500346e+02,-8.416431951949346058e+01
4.667897343750000232e+02,-8.876109521178230466e+01
4.667900273437500118e+02,-8.734387329656860288e+01
4.667903203125000005e+02,-9.289367652996681102e+01
4.667906132812499891e+02,-9.449937718024111177e+01
4.667909062500000346e+02,-8.185269075302701935e+01
4.667911992187500232e+02,-7.987144015614225623e+01
4.667914921875000118e+02,-9.820440252649925128e+01
4.667917851562500005e+02,-8.050962122345887906e+01
4.667920781249999891e+02,-7.999341247084390716e+01
4.667923710937500346e+02,-8.590409180750617679e+01
4.667926640625000232e+02,-8.552813851313177906e+01
4.667929570312500118e+02,-8.490649088236628472e+01
4.667932500000000005e+02,-9.162689324019899573e+01
4.667935429687499891e+02,-7.825022435962971201e+01
4.667938359375000346e+02,-7.725767143999414088e+01
4.667941289062500232e+02,-8.062206445033862678e+01
4.667944218750000118e+02,-8.145382122527789193e+01
4.667947148437500005e+02,-7.901229700031305470e+01
4.667950078124999891e+02,-8.343537487361672333e+01
4.667953007812500346e+02,-9.238982427331225722e+01
4.667955937500000232e+02,-1.035849609025818410e+02
4.667958867187500118e+02,-8.808198789885472024e+01
4.667961796875000005e+02,-8.588108709310532163e+01
4.667964726562499891e+02,-8.424381445167087179e+01
4.667967656250000346e+02,-7.738143950886552602e+01
4.667970585937500232e+02,-8.109615766878522436e+01
4.667973515625000118e+02,-8.324625814328170748e+01
4.667976445312500005e+02,-8.458731422730923555e+01
4.667979374999999891e+02,-8.198775314788593960e+01
4.667982304687500346e+02,-7.848807342922606267e+01
4.667985234375000232e+02,-8.390646362878364073e+01
4.667988164062500118e+02,-8.511607059389851315e+01
4.667991093750000005e+02,-8.093520380122694746e+01
4.667994023437499891e+02,-8.422215749008583430e+01
4.667996953125000346e+02,-9.018863041548800652e+01
4.667999882812500232e+02,-7.971253668713758600e+01
4.668002812500000118e+02,-7.765768138439473489e+01
4.668005742187500005e+02,-7.884967392126793584e+01
4.668008671874999891e+02,-8.451010431022348257e+01
4.668011601562500346e+02,-8.661877725113049564e+01
4.668014531250000232e+02,-8.316501794835562578e+01
4.668017460937500118e+02,-8.294441070213986222e+01
4.668020390625000005e+02,-8.492004180747997566e+01
4.668023320312499891e+02,-8.048523412270401423e+01
4.668026250000000346e+02,-8.350875597976428821e+01
4.668029179687500232e+02,-8.965594531154069102e+01
4.668032109375000118e+02,-8.232784870032106994e+01
4.668035039062500005e+02,-8.418711300922360863e+01
4.668037968749999891e+02,-8.209850373984151872e+01
4.668040898437500346e+02,-8.875734988984353890e+01
4.668043828125000232e+02,-8.248412813342399375e+01
4.668046757812500118e+02,-9.042326629181660280e+01
4.668049687500000005e+02,-8.073823569274814815e+01
4.668052617187499891e+02,-7.832300381086403718e+01
4.668055546875000346e+02,-7.982229493145563026e+01
4.668058476562500232e+02,-8.812436046741062512e+01
4.668061406250000118e+02,-8.902407311081117314e+01
4.668064335937500005e+02,-8.287270104575661378e+01
4.668067265624999891e+02,-7.945411632966191462e+01
4.668070195312500346e+02,-7.881936715526173032e+01
4.668073125000000232e+02,-7.861952395490934009e+01
4.668076054687500118e+02,-8.251830372200564057e+01
4.668078984375000005e+02,-9.572205588059632930e+01
4.668081914062499891e+02,-8.341310180647303696e+01
4.668084843750000346e+02,-8.263335598635477197e+01
4.668087773437500232e+02,-9.191714594867066523e+01
4.668090703125000118e+02,-8.484722027157610569e+01
4.668093632812500005e+02,-8.584912440257669175e+01
4.668096562499999891e+02,-8.532451031654187545e+01
4.668099492187500346e+02,-8.202559252992887195e+01
4.668102421875000232e+02,-8.305798804422687454e+01
4.668105351562500118e+02,-8.851176973441206997e+01
4.668108281250000005e+02,-8.753176226435350316e+01
4.668111210937499891e+02,-7.951460018814739783e+01
4.668114140625000346e+02,-7.863626162892109051e+01
4.668117070312500232e+02,-8.883927511697130797e+01
4.668120000000000118e+02,-8.405150286584577657e+01
4.668122929687500005e+02,-8.587220207987533627e+01
4.668125859374999891e+02,-8.705529548850145716e+01
4.668128789062500346e+02,-9.531641972064007007e+01
4.668131718750000232e+02,-8.904657155444502337e+01
4.668134648437500118e+02,-8.720045347844596506e+01
4.668137578125000005e+02,-8.485482961318436423e+01
4.668140507812499891e+02,-8.686271763408734614e+01
4.668143437500000346e+02,-8.608765162716494501e+01
4.668146367187500232e+02,-8.553008457378427920e+01
4.668149296875000118e+02,-1.039878455125997903e+02
4.668152226562500005e+02,-8.356617745557190347e+01
4.668155156249999891e+02,-8.088431116153495282e+01
4.668158085937500346e+02,-9.056174109626367397e+01
4.668161015625000232e+02,-8.908862425379899719e+01
4.668163945312500118e+02,-9.009577789147917315e+01
4.668166875000000005e+02,-8.335913721131213094e+01
4.668169804687499891e+02,-9.420654553739792902e+01
4.668172734375000346e+02,-8.507328238508054596e+01
4.668175664062500232e+02,-8.241540480706763105e+01
4.668178593750000118e+02,-8.150732265108118213e+01
4.668181523437500005e+02,-7.904682895314712709e+01
4.668184453124999891e+02,-8.195210340275062322e+01
4.668187382812500346e+02,-8.378423049373833464e+01
4.668190312500000232e+02,-8.527308115291931756e+01
4.668193242187500118e+02,-7.894816501205517056e+01
4.668196171875000005e+02,-7.567587777621405110e+01
4.668199101562499891e+02,-8.156344491384862749e+01
4.668202031250000346e+02,-1.072065809643416543e+02
4.668204960937500232e+02,-9.290363072698221458e+01
4.668207890625000118e+02,-8.436803085963164506e+01
4.668210820312500005e+02,-9.367374472096499005e+01
4.668213749999999891e+02,-8.359594178079069593e+01
4.668216679687500346e+02,-7.845228241440132422e+01
4.668219609375000232e+02,-8.860173910804044795e+01
4.668222539062500118e+02,-8.660010654690579202e+01
4.668225468750000005e+02,-8.639427246997681209e+01
4.668228398437499891e+02,-8.291765384393860927e+01
4.668231328125000346e+02,-9.055938000580519542e+01
4.668234257812500232e+02,-8.158289750583176669e+01
4.668237187500000118e+02,-8.039053256783967072e+01
4.668240117187500005e+02,-7.712404655007918564e+01
4.668243046874999891e+02,-8.143351241530916695e+01
4.668245976562500346e+02,-7.970374021745634252e+01
4.668248906250000232e+02,-7.914098961182757819e+01
4.668251835937500118e+02,-7.958102087834834037e+01
4.668254765625000005e+02,-7.831724424617615909e+01
4.668257695312499891e+02,-7.650973212859722139e+01
4.668260625000000346e+02,-7.906773370085826969e+01
4.668263554687500232e+02,-8.019853674951298217e+01
4.668266484375000118e+02,-7.987457827497289031e+01
4.668269414062500005e+02,-8.456436282646741631e+01
4.668272343749999891e+02,-9.087171308505119782e+01
4.668275273437500346e+02,-1.003146101425979850e+02
4.668278203125000232e+02,-8.221779918773762574e+01
4.668281132812500118e+02,-8.157205389256091621e+01
4.668284062500000005e+02,-9.244587389234558827e+01
4.668286992187499891e+02,-8.001678004681166101e+01
4.668289921875000346e+02,-8.022091113596125922e+01
4.668292851562500232e+02,-9.301925713144898111e+01
4.668295781250000118e+02,-8.545150991257571604e+01
4.668298710937500005e+02,-8.370530796174945465e+01
4.668301640624999891e+02,-8.726142452757224532e+01
4.668304570312500346e+02,-8.896851955285463021e+01
4.668307500000000232e+02,-9.481305366753747421e+01
4.668310429687500118e+02,-8.286679196442497641e+01
4.668313359375000005e+02,-8.122467655742524073e+01
4.668316289062499891e+02,-7.759454925540052272e+01
4.668319218750000346e+02,-8.140968588669520045e+01
4.668322148437500232e+02,-7.972794701922637728e+01
4.668325078125000118e+02,-8.062239095811307266e+01
4.668328007812500005e+02,-8.948488855919913476e+01
4.668330937499999891e+02,-8.730809788989829201e+01
4.668333867187500346e+02,-8.620016669943026955e+01
4.668336796875000232e+02,-9.850443914829844516e+01
4.668339726562500118e+02,-8.549621438924297934e+01
4.668342656250000005e+02,-8.959359100980691437e+01
4.668345585937499891e+02,-9.262074356153185306e+01
4.668348515625000346e+02,-8.303016206774969987e+01
4.668351445312500232e+02,-8.444284795140873712e+01
4.668354375000000118e+02,-8.541660308268861002e+01
4.668357304687500005e+02,-9.054972506032746082e+01
4.668360234374999891e+02,-8.645093246968028211e+01
4.668363164062500346e+02,-7.962206855611027834e+01
4.668366093750000232e+02,-8.679041752286667588e+01
4.668369023437500118e+02,-7.972265888669282674e+01
4.668371953125000005e+02,-8.565243462282892040e+01
4.668374882812499891e+02,-8.285952659551827537e+01
4.668377812500000346e+02,-8.171208867615675331e+01
4.668380742187500232e+02,-8.702273649206293271e+01
4.668383671875000118e+02,-8.992104336205721893e+01
4.668386601562500005e+02,-8.044250348521384808e+01
4.668389531249999891e+02,-7.977377284180323613e+01
4.668392460937500346e+02,-8.666638223866483770e+01
4.668395390625000232e+02,-8.100714144253407767e+01
4.668398320312500118e+02,-7.707536605816191866e+01
4.668401250000000005e+02,-8.337657634918110716e+01
4.668404179687499891e+02,-8.617215200035968792e+01
4.668407109375000346e+02,-8.276023683426224409e+01
4.668410039062500232e+02,-8.460553950353636310e+01
4.668412968750000118e+02,-8.555202082608977321e+01
4.668415898437500005e+02,-8.735118380576794550e+01
4.668418828124999891e+02,-8.004073152490860821e+01
4.668421757812500346e+02,-8.017124894043794825e+01
4.668424687500000232e+02,-8.808996934263383594e+01
4.668427617187500118e+02,-8.381978790766845577e+01
4.668430546875000005e+02,-8.122320183661933868e+01
4.668433476562499891e+02,-8.440260421046127703e+01
4.668436406250000346e+02,-8.985618072183905269e+01
4.668439335937500232e+02,-8.414447627142907038e+01
4.668442265625000118e+02,-8.916548091107431162e+01
4.668445195312500005e+02,-8.354727018603931299e+01
4.668448124999999891e+02,-8.258684851679683447e+01
4.668451054687500346e+02,-9.083710358521047112e+01
4.668453984375000232e+02,-9.001432358842804149e+01
4.668456914062500118e+02,-9.297968260628849180e+01
4.668459843750000005e+02,-8.583666397168846629e+01
4.668462773437499891e+02,-8.450686641123712661e+01
4.668465703125000346e+02,-8.838253058406287721e+01
4.668468632812500232e+02,-8.100170064084898058e+01
4.668471562500000118e+02,-8.079324202334026950e+01
4.668474492187500005e+02,-9.522007333003961094e+01
4.668477421874999891e+02,-1.014135479065850234e+02
4.668480351562500346e+02,-1.045321772036540864e+02
4.668483281250000232e+02,-8.667480332573012447e+01
4.668486210937500118e+02,-8.990406161290609077e+01
4.668489140625000005e+02,-8.543483742088186261e+01
4.668492070312499891e+02,-7.931214676085899384e+01
4.668495000000000346e+02,-7.760607535816322411e+01
4.668497929687500232e+02,-8.535203871730031722e+01
4.668500859375000118e+02,-8.639741671593904471e+01
4.668503789062500005e+02,-8.202274034763831878e+01
4.668506718749999891e+02,-7.991393417054854353e+01
4.668509648437500346e+02,-8.111400627234127114e+01
4.668512578125000232e+02,-8.020550888561422198e+01
4.668515507812500118e+02,-8.081438849709752503e+01
4.668518437500000005e+02,-7.739884782935004637e+01
4.668521367187499891e+02,-7.911318543536465597e+01
4.668524296875000346e+02,-8.722725802146078422e+01
4.668527226562500232e+02,-9.980033083400142857e+01
4.668530156250000118e+02,-8.938304081932200518e+01
4.668533085937500005e+02,-8.376552822548306665e+01
4.668536015624999891e+02,-8.058262279767100722e+01
4.668538945312500346e+02,-8.767600214261533154e+01
4.668541875000000232e+02,-8.726719264666976983e+01
4.668544804687500118e+02,-8.593889230867567619e+01
4.668547734375000005e+02,-8.400006602646581655e+01
4.668550664062499891e+02,-7.983061591089457920e+01
4.668553593750000346e+02,-8.366004295909648647e+01
4.668556523437500232e+02,-8.449615291981942278e+01
4.668559453125000118e+02,-8.702167132292706242e+01
4.668562382812500005e+02,-8.717722250320731803e+01
4.668565312499999891e+02,-8.580756983486737965e+01
4.668568242187500346e+02,-8.392837564874604084e+01
4.668571171875000232e+02,-8.845885972050609780e+01
4.668574101562500118e+02,-8.128485023174164326e+01
4.668577031250000005e+02,-8.331368913031751333e+01
4.668579960937499891e+02,-8.525291717176341422e+01
4.668582890625000346e+02,-9.216924597448783629e+01
4.668585820312500232e+02,-1.055173497321189302e+02
4.668588750000000118e+02,-8.712927580347445655e+01
4.668591679687500005e+02,-8.788619880957666908e+01
4.668594609374999891e+02,-9.238249747323642680e+01
4.668597539062500346e+02,-9.415004695394077316e+01
4.668600468750000232e+02,-8.373995854439274922e+01
4.668603398437500118e+02,-8.866851230208968104e+01
4.668606328125000005e+02,-8.108322341353596130e+01
4.668609257812499891e+02,-8.669767809116294188e+01
4.668612187500000346e+02,-9.425654124827538283e+01
4.668615117187500232e+02,-8.370424604048309902e+01
4.668618046875000118e+02,-7.967734501432656202e+01
4.668620976562500005e+02,-7.867749741632442806e+01
4.668623906249999891e+02,-8.296793904644599138e+01
4.668626835937500346e+02,-8.187347930221692138e+01
4.668629765625000232e+02,-7.975970903873761131e+01
4.668632695312500118e+02,-8.592397224555335811e+01
4.668635625000000005e+02,-8.800542740214028470e+01
4.668638554687499891e+02,-8.793058588653713059e+01
4.668641484375000346e+02,-9.261070598897156003e+01
4.668644414062500232e+02,-8.881226736653012210e+01
4.668647343750000118e+02,-8.528884527218539802e+01
4.668650273437500005e+02,-8.539592099084623555e+01
4.668653203124999891e+02,-8.846769999942415552e+01
4.668656132812500346e+02,-8.569531372792944524e+01
4.668659062500000232e+02,-9.491376162808010974e+01
4.668661992187500118e+02,-9.058846779103328117e+01
4.668664921875000005e+02,-8.514114541801531288e+01
4.668667851562499891e+02,-8.275497214618040687e+01
4.668670781250000346e+02,-8.089079734281561684e+01
4.668673710937500232e+02,-8.440388253937834406e+01
4.668676640625000118e+02,-7.984360268675234806e+01
4.668679570312500005e+02,-7.788919118336107772e+01
4.668682499999999891e+02,-8.098573972025241119e+01
4.668685429687500346e+02,-8.190549724230675110e+01
4.668688359375000232e+02,-7.983712361933255863e+01
4.668691289062500118e+02,-7.992651287613239219e+01
4.668694218750000005e+02,-8.440548477381670978e+01
4.668697148437499891e+02,-8.125089245283042771e+01
4.668700078125000346e+02,-7.959797635510180669e+01
4.668703007812500232e+02,-8.112764686892455757e+01
4.668705937500000118e+02,-8.056406809328700547e+01
4.668708867187500005e+02,-8.394714046611676395e+01
4.668711796874999891e+02,-8.987771443567237384e+01
4.668714726562500346e+02,-8.905284369106880149e+01
4.668717656250000232e+02,-8.410175863658079720e+01
4.668720585937500118e+02,-8.278497388263922119e+01
4.668723515625000005e+02,-8.423592251259152874e+01
4.668726445312499891e+02,-9.203493887884773983e+01
4.668729375000000346e+02,-9.175115779385656367e+01
4.668732304687500232e+02,-9.092083488121402013e+01
4.668735234375000118e+02,-8.756768809818376553e+01
4.668738164062500005e+02,-8.249672461799890755e+01
4.668741093749999891e+02,-7.711029906633811493e+01
4.668744023437500346e+02,-7.728973784843078931e+01
4.668746953125000232e+02,-7.790497588506543991e+01
4.668749882812500118e+02,-8.314536644891927608e+01
4.668752812500000005e+02,-9.895216143589613011e+01
4.668755742187499891e+02,-8.419115246629579019e+01
4.668758671875000346e+02,-8.313631504169484288e+01
4.668761601562500232e+02,-8.107343248715827144e+01
4.668764531250000118e+02,-8.922416345793750736e+01
4.668767460937500005e+02,-9.298590421699202579e+01
4.668770390624999891e+02,-8.299992266731010204e+01
4.668773320312500346e+02,-8.435933292504545022e+01
4.668776250000000232e+02,-9.607623265451799455e+01
4.668779179687500118e+02,-9.239867948507567519e+01
4.668782109375000005e+02,-8.174196802955239605e+01
4.668785039062499891e+02,-7.912138001186336567e+01
4.668787968750000346e+02,-8.394672191079700951e+01
4.668790898437500232e+02,-8.047676883433769035e+01
4.668793828125000118e+02,-7.951318437418608198e+01
4.668796757812500005e+02,-8.541487427790181641e+01
4.668799687499999891e+02,-7.989242247094354354e+01
4.668802617187500346e+02,-8.154478656888446153e+01
4.668805546875000232e+02,-8.162618985026243479e+01
4.668808476562500118e+02,-8.009419853485132990e+01
4.668811406250000005e+02,-8.165346061176140324e+01
4.668814335937499891e+02,-8.886232099984374599e+01
4.668817265625000346e+02,-8.629378050016143220e+01
4.668820195312500232e+02,-9.264115597892696030e+01
4.668823125000000118e+02,-8.510073971247608426e+01
4.668826054687500005e+02,-8.229665213578874727e+01
4.668828984374999891e+02,-8.373596249125350255e+01
4.668831914062500346e+02,-9.097934448545450437e+01
4.668834843750000232e+02,-9.507162818605293353e+01
4.668837773437500118e+02,-9.672655123456678439e+01
4.668840703125000005e+02,-9.119257561390134015e+01
4.668843632812499891e+02,-8.274026674545615379e+01
4.668846562500000346e+02,-7.800945084477780256e+01
4.668849492187500232e+02,-8.164022192488943119e+01
4.668852421875000118e+02,-9.113666240641663308e+01
4.668855351562500005e+02,-8.448141834639810099e+01
4.668858281249999891e+02,-8.746535874837215374e+01
4.668861210937500346e+02,-8.069790348125907542e+01
4.668864140625000232e+02,-8.572604851161631245e+01
4.668867070312500118e+02,-8.860738841114792308e+01
4.668870000000000005e+02,-8.258342068643806044e+01
4.668872929687499891e+02,-8.287474717046006845e+01
4.668875859375000346e+02,-8.228692011384643479e+01
4.668878789062500232e+02,-9.176570196434565219e+01
4.668881718750000118e+02,-8.331995172467900090e+01
4.668884648437500005e+02,-9.000895369278563862e+01
4.668887578124999891e+02,-8.627993582347272650e+01
4.668890507812500346e+02,-8.333234807508439701e+01
4.668893437500000232e+02,-8.860658629725222113e+01
4.668896367187500118e+02,-8.424158274522453382e+01
4.668899296875000005e+02,-8.167078401078946115e+01
4.668902226562499891e+02,-8.639814292590614286e+01
4.668905156250000346e+02,-8.686883675089198675e+01
4.668908085937500232e+02,-8.556174436231322034e+01
4.668911015625000118e+02,-9.072189545745632699e+01
4.668913945312500005e+02,-9.000096471661436226e+01
4.668916874999999891e+02,-1.027411340806715145e+02
4.668919804687500346e+02,-8.825994043539091649e+01
4.668922734375000232e+02,-8.538716174545305648e+01
4.668925664062500118e+02,-8.146593929004991708e+01
4.668928593750000005e+02,-8.723025329420416085e+01
4.668931523437499891e+02,-8.802788429396244396e+01
4.668934453125000346e+02,-8.773868872283793507e+01
4.668937382812500232e+02,-8.485136932153368150e+01
4.668940312500000118e+02,-8.640376911550234240e+01
4.668943242187500005e+02,-7.859505954459497445e+01
4.668946171874999891e+02,-7.787141025472492117e+01
4.668949101562500346e+02,-8.103163926375938786e+01
4.668952031250000232e+02,-7.822878451232635655e+01
4.668954960937500118e+02,-7.791445059305128495e+01
4.668957890625000005e+02,-7.741221982592327322e+01
4.668960820312499891e+02,-7.723982316131218795e+01
4.668963750000000346e+02,-7.975835333562372398e+01
4.668966679687500232e+02,-8.419971752355027661e+01
4.668969609375000118e+02,-8.491193822302982142e+01
4.668972539062500005e+02,-8.249235784716817932e+01
4.668975468749999891e+02,-9.283501581986946860e+01
4.668978398437500346e+02,-8.978116113311520508e+01
4.668981328125000232e+02,-9.040325387671721558e+01
4.668984257812500118e+02,-8.924072967128715561e+01
4.668987187500000005e+02,-7.899247130564435793e+01
4.668990117187499891e+02,-8.345940698437726724e+01
4.668993046875000346e+02,-9.291072269502097924e+01
4.668995976562500232e+02,-8.375507126872575725e+01
4.668998906250000118e+02,-8.413743651122474887e+01
4.669001835937500005e+02,-9.693587077945139185e+01
4.669004765624999891e+02,-8.651908997789146838e+01
4.669007695312500346e+02,-7.739136189375830099e+01
4.669010625000000232e+02,-7.853728351678901731e+01
4.669013554687500118e+02,-8.409343614877683137e+01
4.669016484375000005e+02,-8.443722621619316726e+01
4.669019414062499891e+02,-8.560726446914893017e+01
4.669022343750000346e+02,-8.432010445692823453e+01
4.669025273437500232e+02,-8.205751583955444062e+01
4.669028203125000118e+02,-8.450089224694445988e+01
4.669031132812500005e+02,-8.278575189502541321e+01
4.669034062499999891e+02,-8.653570864591480927e+01
4.669036992187500346e+02,-8.327831298461548215e+01
4.669039921875000232e+02,-8.426933483580913276e+01
4.669042851562500118e+02,-9.190471154510800034e+01
4.669045781250000005e+02,-8.295658918107541524e+01
4.669048710937499891e+02,-8.209059491033525546e+01
4.669051640625000346e+02,-8.413182365765217696e+01
4.669054570312500232e+02,-8.894715108677259252e+01
4.669057500000000118e+02,-8.160598347622777737e+01
4.669060429687500005e+02,-8.316005642893949812e+01
4.669063359374999891e+02,-9.064276844886164497e+01
4.669066289062500346e+02,-9.018996739132845164e+01
4.669069218750000232e+02,-9.003137621507008248e+01
4.669072148437500118e+02,-9.854973522327640012e+01
4.669075078125000005e+02,-8.881616218360778703e+01
4.669078007812499891e+02,-9.250712439188006897e+01
4.669080937500000346e+02,-9.021043312603563891e+01
4.669083867187500232e+02,-8.104034460507433835e+01
4.669086796875000118e+02,-8.370485612109894191e+01
4.669089726562500005e+02,-8.321706259032067976e+01
4.669092656249999891e+02,-8.441029925054689897e+01
4.669095585937500346e+02,-8.666602141054335107e+01
4.669098515625000232e+02,-8.104981180055831658e+01
4.669101445312500118e+02,-8.148700770494315293e+01
4.669104375000000005e+02,-8.770192741917121282e+01
4.669107304687499891e+02,-8.562917699310096964e+01
4.669110234375000346e+02,-8.611516131699912080e+01
4.669113164062500232e+02,-8.867171176014312550e+01
4.669116093750000118e+02,-8.896668650318629545e+01
4.669119023437500005e+02,-9.510922460799829992e+01
4.669121953124999891e+02,-1.008012324851575983e+02
4.669124882812500346e+02,-8.140960835511457105e+01
4.669127812500000232e+02,-8.140293870622373618e+01
4.669130742187500118e+02,-8.531538159933012366e+01
4.669133671875000005e+02,-9.061718590823576847e+01
4.669136601562499891e+02,-1.076350210957145919e+02
4.669139531250000346e+02,-9.193309248429159197e+01
4.669142460937500232e+02,-8.730761372698313494e+01
4.669145390625000118e+02,-8.351226512800222679e+01
4.669148320312500005e+02,-9.164072406923780534e+01
4.669151249999999891e+02,-8.645964867382758712e+01
4.669154179687500346e+02,-1.037191432327296923e+02
4.669157109375000232e+02,-9.203443504104207307e+01
4.669160039062500118e+02,-8.348601534138626334e+01
4.669162968750000005e+02,-8.521247047047417311e+01
4.669165898437499891e+02,-8.087291996681416606e+01
4.669168828125000346e+02,-7.511082450045481096e+01
4.669171757812500232e+02,-8.045189859602655247e+01
4.669174687500000118e+02,-8.908933394415930707e+01
4.669177617187500005e+02,-9.042210220350652605e+01
4.669180546874999891e+02,-8.591006064400859543e+01
4.669183476562500346e+02,-8.106908074548417176e+01
4.669186406250000232e+02,-8.750344009325517902e+01
4.669189335937500118e+02,-8.519560548747782036e+01
4.669192265625000005e+02,-8.195688125242226363e+01
4.669195195312499891e+02,-8.384787982620596836e+01
4.669198125000000346e+02,-8.717283503330575911e+01
4.669201054687500232e+02,-8.433436790385854920e+01
4.669203984375000118e+02,-8.713498450022055408e+01
4.669206914062500005e+02,-8.272246030048209775e+01
4.669209843749999891e+02,-8.767200971325407011e+01
4.669212773437500346e+02,-9.003294774382334253e+01
4.669215703125000232e+02,-8.999383045970760975e+01
4.669218632812500118e+02,-8.505291769994470030e+01
4.669221562500000005e+02,-8.716131198662127133e+01
4.669224492187499891e+02,-9.655416646127896740e+01
4.669227421875000346e+02,-8.399248199360016542e+01
4.669230351562500232e+02,-7.709170798724187534e+01
4.669233281250000118e+02,-7.707817420448564860e+01
4.669236210937500005e+02,-7.907667260735517800e+01
4.669239140624999891e+02,-8.234629220368429969e+01
4.669242070312500346e+02,-8.341092475408736107e+01
4.669245000000000232e+02,-8.409657927261909549e+01
4.669247929687500118e+02,-7.775664973055366147e+01
4.669250859375000005e+02,-9.157068791835291677e+01
4.669253789062499891e+02,-8.575066128944629895e+01
4.669256718750000346e+02,-8.537212251931808282e+01
4.669259648437500232e+02,-8.113710988639104471e+01
4.669262578125000118e+02,-7.896047834300681245e+01
4.669265507812500005e+02,-8.261410809810851674e+01
4.669268437499999891e+02,-8.097468715291675778e+01
4.669271367187500346e+02,-8.363063719264474116e+01
4.669274296875000232e+02,-9.232742494077562867e+01
4.669277226562500118e+02,-8.118211854272507821e+01
4.669280156250000005e+02,-8.095141409115058195e+01
4.669283085937499891e+02,-9.107286872231358643e+01
4.669286015625000346e+02,-8.488910584046922736e+01
4.669288945312500232e+02,-8.868804060382385046e+01
4.669291875000000118e+02,-8.859277922761442881e+01
4.669294804687500005e+02,-7.880546348506025822e+01
4.669297734374999891e+02,-7.808118156169351209e+01
4.669300664062500346e+02,-8.347242999258222085e+01
4.669303593750000232e+02,-8.463552472621975653e+01
4.669306523437500118e+02,-8.400545091451866142e+01
4.669309453125000005e+02,-9.148647284560313153e+01
4.669312382812499891e+02,-8.190457596917893568e+01
4.669315312500000346e+02,-8.747515125004190395e+01
4.669318242187500232e+02,-8.507131073002943822e+01
4.669321171875000118e+02,-8.142374482580586914e+01
4.669324101562500005e+02,-8.298346833099252251e+01
4.669327031249999891e+02,-8.156714342409725305e+01
4.669329960937500346e+02,-8.207156281546311050e+01
4.669332890625000232e+02,-8.459417012710628114e+01
4.669335820312500118e+02,-8.294219125239618506e+01
4.669338750000000005e+02,-8.218690815160229590e+01
4.669341679687499891e+02,-8.158389669561920243e+01
4.669344609375000346e+02,-7.896764564406856834e+01
4.669347539062500232e+02,-8.663503951890619703e+01
4.669350468750000118e+02,-9.946863713421271314e+01
4.669353398437500005e+02,-8.755702592134925055e+01
4.669356328124999891e+02,-8.150370760702426765e+01
4.669359257812500346e+02,-7.740475633441333514e+01
4.669362187500000232e+02,-8.080902714349504379e+01
4.669365117187500118e+02,-8.988728055525621130e+01
4.669368046875000005e+02,-8.676016076182384040e+01
4.669370976562499891e+02,-8.569412275486639885e+01
4.669373906250000346e+02,-8.257161425208097683e+01
4.669376835937500232e+02,-7.963972567502996469e+01
4.669379765625000118e+02,-8.168650643539513112e+01
4.669382695312500005e+02,-7.972635398788837335e+01
4.669385624999999891e+02,-8.020372577397075986e+01
4.669388554687500346e+02,-8.694264493785355796e+01
4.669391484375000232e+02,-8.597670940322993260e+01
4.669394414062500118e+02,-8.110650765483586611e+01
4.669397343750000005e+02,-8.591848082000880993e+01
4.669400273437499891e+02,-8.340172992058448642e+01
4.669403203125000346e+02,-8.259431264496173242e+01
4.669406132812500232e+02,-8.608195374116326093e+01
4.669409062500000118e+02,-8.261290424343458483e+01
4.669411992187500005e+02,-8.979798672356069744e+01
4.669414921874999891e+02,-8.642393809809321681e+01
4.669417851562500346e+02,-8.983136404650392137e+01
4.669420781250000232e+02,-8.128951630596672828e+01
4.669423710937500118e+02,-7.681852624994503742e+01
4.669426640625000005e+02,-7.733871367048357115e+01
4.669429570312499891e+02,-8.761518495345356428e+01
4.669432500000000346e+02,-8.062419203888515540e+01
4.669435429687500232e+02,-7.895012954191190602e+01
4.669438359375000118e+02,-7.518063036218863715e+01
4.669441289062500005e+02,-7.379226284433110550e+01
4.669444218749999891e+02,-8.130782235816413106e+01
4.669447148437500346e+02,-8.305922624828784251e+01
4.669450078125000232e+02,-8.242899694221569007e+01
4.669453007812500118e+02,-8.937509577819419349e+01
4.669455937500000005e+02,-8.887527093990459548e+01
4.669458867187499891e+02,-8.406321112804050699e+01
4.669461796875000346e+02,-7.887645278808639659e+01
4.669464726562500232e+02,-8.281572544027783067e+01
4.669467656250000118e+02,-8.219475818459157779e+01
4.669470585937500005e+02,-8.088799982809467792e+01
4.669473515624999891e+02,-8.702434162613293722e+01
4.669476445312500346e+02,-8.841862264190143605e+01
4.669479375000000232e+02,-8.340868274590498288e+01
4.669482304687500118e+02,-8.131533547688775343e+01
4.669485234375000005e+02,-7.756612616497460522e+01
4.669488164062499891e+02,-8.859176534549550297e+01
4.669491093750000346e+02,-8.043333617854663942e+01
4.669494023437500232e+02,-8.860541633461511424e+01
4.669496953125000118e+02,-8.681737870683841152e+01
4.669499882812500005e+02,-8.446438598982592794e+01
4.669502812499999891e+02,-9.816222254857922280e+01
4.669505742187500346e+02,-8.390981026190674186e+01
4.669508671875000232e+02,-8.210520814828055336e+01
4.669511601562500118e+02,-9.499999393089646560e+01
4.669514531250000005e+02,-9.044190585712000541e+01
4.669517460937499891e+02,-9.092769134725621427e+01
4.669520390625000346e+02,-8.622864828995851383e+01
4.669523320312500232e+02,-8.672464501562737382e+01
4.669526250000000118e+02,-8.658398849172469625e+01
4.669529179687500005e+02,-8.475221434391814057e+01
4.669532109374999891e+02,-7.883358265455299829e+01
4.669535039062500346e+02,-8.547409303369502709e+01
4.669537968750000232e+02,-8.828131612501380232e+01
4.669540898437500118e+02,-8.087417117057525218e+01
4.669543828125000005e+02,-8.165793309096184771e+01
4.669546757812499891e+02,-8.169364856542762254e+01
4.669549687500000346e+02,-8.519322130969547402e+01
4.669552617187500232e+02,-8.811477005296966070e+01
4.669555546875000118e+02,-7.966338154570068752e+01
4.669558476562500005e+02,-7.853744995275890517e+01
4.669561406249999891e+02,-8.594606930865501226e+01
4.669564335937500346e+02,-8.622964965081207822e+01
4.669567265625000232e+02,-8.126788370830431063e+01
4.669570195312500118e+02,-1.024738637309098408e+02
4.669573125000000005e+02,-8.633729024325893420e+01
4.669576054687499891e+02,-9.368378768054923000e+01
4.669578984375000346e+02,-8.300915263822656698e+01
4.669581914062500232e+02,-7.850986709887543213e+01
4.669584843750000118e+02,-8.057694741565613583e+01
4.669587773437500005e+02,-8.364803757286117047e+01
4.669590703124999891e+02,-8.088128976516843238e+01
4.669593632812500346e+02,-8.942345924589594119e+01
4.669596562500000232e+02,-8.665409335879475350e+01
4.669599492187500118e+02,-9.068967727664626466e+01
4.669602421875000005e+02,-8.524386123096554968e+01
4.669605351562499891e+02,-8.747403161209952316e+01
4.669608281250000346e+02,-8.494451959143363240e+01
4.669611210937500232e+02,-7.829776689537538914e+01
4.669614140625000118e+02,-7.967451075417915263e+01
4.669617070312500005e+02,-8.494965292277946389e+01
4.669619999999999891e+02,-8.652994710999169570e+01
4.669622929687500346e+02,-8.604261536089326512e+01
4.669625859375000232e+02,-9.603450549557202010e+01
4.669628789062500118e+02,-8.491596852997628275e+01
4.669631718750000005e+02,-8.948217095433797397e+01
4.669634648437499891e+02,-8.682731753841201794e+01
4.669637578125000346e+02,-8.517483887244971186e+01
4.669640507812500232e+02,-8.508916487565369380e+01
4.669643437500000118e+02,-7.692713295882425939e+01
4.669646367187500005e+02,-7.394232947342065643e+01
4.669649296874999891e+02,-8.237942406887376023e+01
4.669652226562500346e+02,-8.663283025365410595e+01
4.669655156250000232e+02,-8.259942325288366760e+01
4.669658085937500118e+02,-8.560855518830395283e+01
4.669661015625000005e+02,-8.140748760748628854e+01
4.669663945312499891e+02,-8.175928603824212360e+01
4.669666875000000346e+02,-9.084281815371959112e+01
4.669669804687500232e+02,-9.406470612151596811e+01
4.669672734375000118e+02,-7.801615306889681278e+01
4.669675664062500005e+02,-7.526522386391583552e+01
4.669678593749999891e+02,-7.792812619893597059e+01
4.669681523437500346e+02,-8.927023281396728294e+01
4.669684453125000232e+02,-8.374030496121433487e+01
4.669687382812500118e+02,-8.244745865673462504e+01
4.669690312500000005e+02,-7.893253416289427093e+01
4.669693242187499891e+02,-7.814042186276000734e+01
4.669696171875000346e+02,-8.766116687589745027e+01
4.669699101562500232e+02,-8.151489662165766958e+01
4.669702031250000118e+02,-8.859824173700752681e+01
4.669704960937500005e+02,-8.620601708246071837e+01
4.669707890624999891e+02,-8.050129640089807026e+01
4.669710820312500346e+02,-8.742334188075467694e+01
4.669713750000000232e+02,-8.184352409948841967e+01
4.669716679687500118e+02,-8.021369205083263410e+01
4.669719609375000005e+02,-8.067759039093130013e+01
4.669722539062499891e+02,-9.285296822106388959e+01
4.669725468750000346e+02,-8.788869737086631062e+01
4.669728398437500232e+02,-8.774426965904493159e+01
4.669731328125000118e+02,-8.503903853780892064e+01
4.669734257812500005e+02,-8.736169259952363575e+01
4.669737187499999891e+02,-7.878069548986319148e+01
4.669740117187500346e+02,-7.920197670073855534e+01
4.669743046875000232e+02,-7.764327000956822644e+01
4.669745976562500118e+02,-8.157279370503643179e+01
4.669748906250000005e+02,-8.513215704365342162e+01
4.669751835937499891e+02,-9.229819132330089815e+01
4.669754765625000346e+02,-9.623018511978371237e+01
4.669757695312500232e+02,-8.717350955394448420e+01
4.669760625000000118e+02,-9.105796400515475852e+01
4.669763554687500005e+02,-8.525669932754263414e+01
4.669766484374999891e+02,-7.961519564123338455e+01
4.669769414062500346e+02,-8.289793908382344512e+01
4.669772343750000232e+02,-8.076314328936517484e+01
4.669775273437500118e+02,-8.246658161529894926e+01
4.669778203125000005e+02,-8.184270713183880730e+01
4.669781132812499891e+02,-8.339683868577145631e+01
4.669784062500000346e+02,-8.960991597716821389e+01
4.669786992187500232e+02,-8.334602197433638082e+01
4.669789921875000118e+02,-8.563248637260784335e+01
4.669792851562500005e+02,-8.513401886343530123e+01
4.669795781249999891e+02,-8.276492934656948819e+01
4.669798710937500346e+02,-8.306026350031223160e+01
4.669801640625000232e+02,-8.192009449953189915e+01
4.669804570312500118e+02,-7.965596733861796963e+01
4.669807500000000005e+02,-8.092478951020152067e+01
4.669810429687499891e+02,-7.918149762737070319e+01
4.669813359375000346e+02,-9.276739692733711706e+01
4.669816289062500232e+02,-7.910836681280221683e+01
4.669819218750000118e+02,-8.233038082771393817e+01
4.669822148437500005e+02,-8.189796500073390462e+01
4.669825078124999891e+02,-8.457125344047817350e+01
4.669828007812500346e+02,-8.527370577132693086e+01
4.669830937500000232e+02,-8.142499466525197249e+01
4.669833867187500118e+02,-8.258977486633538945e+01
4.669836796875000005e+02,-8.011441653549584885e+01
4.669839726562499891e+02,-8.136724001260151340e+01
4.669842656250000346e+02,-9.284031187969672771e+01
4.669845585937500232e+02,-8.149477626754473647e+01
4.669848515625000118e+02,-7.895710595095103201e+01
4.669851445312500005e+02,-8.504173924559196962e+01
4.669854374999999891e+02,-7.772135115064267552e+01
4.669857304687500346e+02,-8.210249920935369516e+01
4.669860234375000232e+02,-7.829785033591234367e+01
4.669863164062500118e+02,-7.666056730001602659e+01
4.669866093750000005e+02,-7.874098251059254494e+01
4.669869023437499891e+02,-8.547983265405115105e+01
4.669871953125000346e+02,-8.018656926721914147e+01
4.669874882812500232e+02,-7.640177677287921654e+01
4.669877812500000118e+02,-7.603871774470718492e+01
4.669880742187500005e+02,-8.143974093368643707e+01
4.669883671874999891e+02,-9.764705745249162305e+01
4.669886601562500346e+02,-8.230897069747761918e+01
4.669889531250000232e+02,-8.410349799962756379e+01
4.669892460937500118e+02,-7.979322941090921972e+01
4.669895390625000005e+02,-9.411009891651987402e+01
4.669898320312499891e+02,-8.823023596558947190e+01
4.669901250000000346e+02,-7.856213748705421551e+01
4.669904179687500232e+02,-8.057409050156243779e+01
4.669907109375000118e+02,-9.649058007179634444e+01
4.669910039062500005e+02,-8.415496539408570698e+01
4.669912968749999891e+02,-9.567082326458469765e+01
4.669915898437500346e+02,-8.136923502046431622e+01
4.669918828125000232e+02,-8.285046045015711513e+01
4.669921757812500118e+02,-8.271290561272519426e+01
4.669924687500000005e+02,-7.886434636609509141e+01
4.669927617187499891e+02,-7.887295991961039476e+01
4.669930546875000346e+02,-8.440326021000281287e+01
4.669933476562500232e+02,-8.348589548538059546e+01
4.669936406250000118e+02,-8.412936510136540846e+01
4.669939335937500005e+02,-8.209803850740166808e+01
4.669942265624999891e+02,-8.667635048759628091e+01
4.669945195312500346e+02,-8.167813600262985574e+01
4.669948125000000232e+02,-9.871284291843051051e+01
4.669951054687500118e+02,-7.966026670817939248e+01
4.669953984375000005e+02,-8.751993811370641652e+01
4.669956914062499891e+02,-8.341961435341278275e+01
4.669959843750000346e+02,-8.592473179791332427e+01
4.669962773437500232e+02,-8.450450757199241991e+01
4.669965703125000118e+02,-7.850017463999508038e+01
4.669968632812500005e+02,-8.300826303902029224e+01
4.669971562499999891e+02,-8.344940984930305206e+01
4.669974492187500346e+02,-8.206839851910672223e+01
4.669977421875000232e+02,-8.269509442910975849e+01
4.669980351562500118e+02,-8.902318376257997556e+01
4.669983281250000005e+02,-8.488055922447223622e+01
4.669986210937499891e+02,-8.661937491388185606e+01
4.669989140625000346e+02,-8.084846294774904152e+01
4.669992070312500232e+02,-7.936883234577055646e+01
4.669995000000000118e+02,-7.878441149636883267e+01
4.669997929687500005e+02,-7.959363864036762948e+01
4.670000859374999891e+02,-9.651019297326682533e+01
4.670003789062500346e+02,-9.048227098128366208e+01
4.670006718750000232e+02,-9.236119273977676869e+01
4.670009648437500118e+02,-8.342493608532024041e+01
4.670012578125000005e+02,-8.516746803996181825e+01
4.670015507812499891e+02,-8.970083680465675968e+01
4.670018437500000346e+02,-8.280813414919597903e+01
4.670021367187500232e+02,-8.175731816452451994e+01
4.670024296875000118e+02,-7.660754180099746691e+01
4.670027226562500005e+02,-7.756377168009782963e+01
4.670030156249999891e+02,-7.936132180052391050e+01
4.670033085937500346e+02,-8.232522043305462489e+01
4.670036015625000232e+02,-8.083494226636234714e+01
4.670038945312500118e+02,-8.221913270693165998e+01
4.670041875000000005e+02,-8.030059575937752925e+01
4.670044804687499891e+02,-7.925478504721679940e+01
4.670047734375000346e+02,-8.017033569619559330e+01
4.670050664062500232e+02,-8.413457421580794460e+01
4.670053593750000118e+02,-8.225148435681370529e+01
4.670056523437500005e+02,-8.181772854497168623e+01
4.670059453124999891e+02,-8.290613184163866833e+01
4.670062382812500346e+02,-8.028406724335519584e+01
4.670065312500000232e+02,-8.117251679492964911e+01
4.670068242187500118e+02,-8.917390122562724741e+01
4.670071171875000005e+02,-8.309211939469855679e+01
4.670074101562499891e+02,-8.038875694981544484e+01
4.670077031250000346e+02,-8.250328194357601319e+01
4.670079960937500232e+02,-8.593964952976493521e+01
4.670082890625000118e+02,-8.928673735453293148e+01
4.670085820312500005e+02,-9.039212085567713473e+01
4.670088749999999891e+02,-7.974154254835242739e+01
4.670091679687500346e+02,-9.159691135333883949e+01
4.670094609375000232e+02,-8.584990703676426449e+01
4.670097539062500118e+02,-8.977912983180220863e+01
4.670100468750000005e+02,-9.044958102196741834e+01
4.670103398437499891e+02,-8.164474777529265737e+01
4.670106328125000346e+02,-7.856901595387145676e+01
4.670109257812500232e+02,-7.551625500201029695e+01
4.670112187500000118e+02,-7.849315503207419908e+01
4.670115117187500005e+02,-7.613707144081901390e+01
4.670118046874999891e+02,-8.217942012844716260e+01
4.670120976562500346e+02,-8.881213576735933657e+01
4.670123906250000232e+02,-9.693315258319636030e+01
4.670126835937500118e+02,-8.396553421075508084e+01
4.670129765625000005e+02,-7.890603209137682938e+01
4.670132695312499891e+02,-8.296430672213533342e+01
4.670135625000000346e+02,-9.002236653642253827e+01
4.670138554687500232e+02,-7.828003649144177700e+01
4.670141484375000118e+02,-8.038220019248926462e+01
4.670144414062500005e+02,-7.951776293683099084e+01
4.670147343749999891e+02,-9.237924937436122264e+01
4.670150273437500346e+02,-8.419234147448895555e+01
4.670153203125000232e+02,-8.682880537020110978e+01
4.670156132812500118e+02,-8.942851316014707663e+01
4.670159062500000005e+02,-8.731030089039163045e+01
4.670161992187499891e+02,-9.782716225326987569e+01
4.670164921875000346e+02,-8.886154835618221171e+01
4.670167851562500232e+02,-8.187221969757574414e+01
4.670170781250000118e+02,-8.594256212525287708e+01
4.670173710937500005e+02,-8.019397844387256669e+01
4.670176640624999891e+02,-7.767122141643180555e+01
4.670179570312500346e+02,-8.995401357559130417e+01
4.670182500000000232e+02,-8.757417963423210949e+01
4.670185429687500118e+02,-8.156998302467400208e+01
4.670188359375000005e+02,-8.202252639788717659e+01
4.670191289062499891e+02,-8.264457330668003010e+01
4.670194218750000346e+02,-8.723361509806346703e+01
4.670197148437500232e+02,-9.488024880731863675e+01
4.670200078125000118e+02,-8.208545882404681038e+01
4.670203007812500005e+02,-8.314931187258507350e+01
4.670205937499999891e+02,-8.430257856221717816e+01
4.670208867187500346e+02,-8.340998064707432036e+01
4.670211796875000232e+02,-9.513221172400432124e+01
4.670214726562500118e+02,-8.474968792436231979e+01
4.670217656250000005e+02,-8.435711026746191976e+01
4.670220585937499891e+02,-1.184177941970676216e+02
4.670223515625000346e+02,-9.119427040821180697e+01
4.670226445312500232e+02,-8.625278082087444886e+01
4.670229375000000118e+02,-8.402009321911977224e+01
4.670232304687500005e+02,-8.324676043129790060e+01
4.670235234374999891e+02,-8.459529668204675090e+01
4.670238164062500346e+02,-7.871752342897978849e+01
4.670241093750000232e+02,-8.123486771961843544e+01
4.670244023437500118e+02,-8.407959967277243152e+01
4.670246953125000005e+02,-8.220587885877831980e+01
4.670249882812499891e+02,-8.194127588178552912e+01
4.670252812500000346e+02,-8.209077381017951325e+01
4.670255742187500232e+02,-8.229436393442021824e+01
4.670258671875000118e+02,-8.331138136115808379e+01
4.670261601562500005e+02,-8.223726607039942849e+01
4.670264531249999891e+02,-7.892760395512267735e+01
4.670267460937500346e+02,-7.997893213292677217e+01
4.670270390625000232e+02,-9.576014860531743977e+01
4.670273320312500118e+02,-8.228664768788485162e+01
4.670276250000000005e+02,-9.094129744313769947e+01
4.670279179687499891e+02,-8.689677894602354513e+01
4.670282109375000346e+02,-8.385569213776257413e+01
4.670285039062500232e+02,-8.823314600746803649e+01
4.670287968750000118e+02,-8.341450776618559360e+01
4.670290898437500005e+02,-8.836573300963338795e+01
4.670293828124999891e+02,-8.061101232942361605e+01
4.670296757812500346e+02,-8.506826091264247225e+01
4.670299687500000232e+02,-8.033449352934172794e+01
4.670302617187500118e+02,-7.605742389567625139e+01
4.670305546875000005e+02,-7.606579505352242165e+01
4.670308476562499891e+02,-7.762536634333594066e+01
4.670311406250000346e+02,-7.824565049495687674e+01
4.670314335937500232e+02,-8.348825014476629747e+01
4.670317265625000118e+02,-8.808334966994684123e+01
4.670320195312500005e+02,-8.730943023560890026e+01
4.670323124999999891e+02,-8.104534352862309277e+01
4.670326054687500346e+02,-7.764686122909972710e+01
4.670328984375000232e+02,-7.958868000849699342e+01
4.670331914062500118e+02,-8.787288744928800099e+01
4.670334843750000005e+02,-8.926105242678966079e+01
4.670337773437499891e+02,-8.861020501414188288e+01
4.670340703125000346e+02,-9.151409444276799832e+01
4.670343632812500232e+02,-8.723662538655929666e+01
4.670346562500000118e+02,-9.262554571254091229e+01
4.670349492187500005e+02,-9.125792847328759194e+01
4.670352421874999891e+02,-9.504204661773094642e+01
4.670355351562500346e+02,-8.276787101917562950e+01
4.670358281250000232e+02,-8.109255629353680206e+01
4.670361210937500118e+02,-7.922235939306403907e+01
4.670364140625000005e+02,-7.616626018734788772e+01
4.670367070312499891e+02,-8.224652811273288933e+01
4.670370000000000346e+02,-8.068681753927327804e+01
4.670372929687500232e+02,-8.012797565575897352e+01
4.670375859375000118e+02,-7.922433528449741402e+01
4.670378789062500005e+02,-7.869768548346277726e+01
4.670381718749999891e+02,-7.963967478610649664e+01
4.670384648437500346e+02,-8.527426332383639362e+01
4.670387578125000232e+02,-8.284112899090102644e+01
4.670390507812500118e+02,-8.316972404417816733e+01
4.670393437500000005e+02,-7.787777832842398595e+01
4.670396367187499891e+02,-7.669194928262230349e+01
4.670399296875000346e+02,-7.621824244975934448e+01
4.670402226562500232e+02,-7.986290910233472573e+01
4.670405156250000118e+02,-8.402736129038876811e+01
4.670408085937500005e+02,-8.507028788663023988e+01
4.670411015624999891e+02,-8.347509138693138198e+01
4.670413945312500346e+02,-8.183656245648688810e+01
4.670416875000000232e+02,-7.710055297338757896e+01
4.670419804687500118e+02,-9.188328962387163301e+01
4.670422734375000005e+02,-8.350747313855364951e+01
4.670425664062499891e+02,-8.601849083179786248e+01
4.670428593750000346e+02,-8.038413937909416518e+01
4.670431523437500232e+02,-8.989218899788667727e+01
4.670434453125000118e+02,-7.898375586597313713e+01
4.670437382812500005e+02,-7.911155379243277252e+01
4.670440312499999891e+02,-8.254374051632825626e+01
4.670443242187500346e+02,-9.258351042635558770e+01
4.670446171875000232e+02,-8.085375688020560858e+01
4.670449101562500118e+02,-8.125463550897394782e+01
4.670452031250000005e+02,-8.518365054583642859e+01
4.670454960937499891e+02,-7.933866547381865075e+01
4.670457890625000346e+02,-8.006560643509401132e+01
4.670460820312500232e+02,-7.882477843995117439e+01
4.670463750000000118e+02,-7.922272708086961757e+01
4.670466679687500005e+02,-8.082169255693102627e+01
4.670469609374999891e+02,-8.633614066205873883e+01
4.670472539062500346e+02,-9.813748077593139385e+01
4.670475468750000232e+02,-8.460729004219375327e+01
4.670478398437500118e+02,-8.448471213148749825e+01
4.670481328125000005e+02,-8.591433744058116417e+01
4.670484257812499891e+02,-8.622166053574377997e+01
4.670487187500000346e+02,-8.979851841841254156e+01
4.670490117187500232e+02,-9.684023784726136341e+01
4.670493046875000118e+02,-9.030547522962990570e+01
4.670495976562500005e+02,-8.696453511334389930e+01
4.670498906249999891e+02,-8.136793601226352735e+01
4.670501835937500346e+02,-8.140817818540212158e+01
4.670504765625000232e+02,-8.615390026361772868e+01
4.670507695312500118e+02,-8.807471241108734716e+01
4.670510625000000005e+02,-8.412496082400483033e+01
4.670513554687499891e+02,-9.444929093066350845e+01
4.670516484375000346e+02,-8.391752547137173224e+01
4.670519414062500232e+02,-9.601315899919846686e+01
4.670522343750000118e+02,-8.599470351742843377e+01
4.670525273437500005e+02,-8.059975815400996169e+01
4.670528203124999891e+02,-7.699474245581919263e+01
4.670531132812500346e+02,-7.751879458929300881e+01
4.670534062500000232e+02,-8.376381383517083634e+01
4.670536992187500118e+02,-8.478101001128705150e+01
4.670539921875000005e+02,-8.209144653717110884e+01
4.670542851562499891e+02,-8.181109843551708138e+01
4.670545781250000346e+02,-8.051564352465690888e+01
4.670548710937500232e+02,-8.764366512153821986e+01
4.670551640625000118e+02,-8.779380844451375765e+01
4.670554570312500005e+02,-8.306643890265591779e+01
4.670557499999999891e+02,-8.783771366425993676e+01
4.670560429687500346e+02,-8.040010233048096211e+01
4.670563359375000232e+02,-7.879577546808978639e+01
4.670566289062500118e+02,-9.645827598170704675e+01
4.670569218750000005e+02,-7.990323696667556419e+01
4.670572148437499891e+02,-7.960992767368753675e+01
4.670575078125000346e+02,-8.346593610797718554e+01
4.670578007812500232e+02,-8.037669343766673080e+01
4.670580937500000118e+02,-8.221204370701158837e+01
4.670583867187500005e+02,-8.857318849070919953e+01
4.670586796874999891e+02,-9.632188208098372684e+01
4.670589726562500346e+02,-8.084990807758779852e+01
4.670592656250000232e+02,-8.668516903965851839e+01
4.670595585937500118e+02,-8.768484908058213989e+01
4.670598515625000005e+02,-8.227807643411694016e+01
4.670601445312499891e+02,-8.489778483935148756e+01
4.670604375000000346e+02,-8.118317178086469710e+01
4.670607304687500232e+02,-8.628179779439305719e+01
4.670610234375000118e+02,-8.612489599998079370e+01
4.670613164062500005e+02,-8.185613933116587759e+01
4.670616093749999891e+02,-8.562913792129393187e+01
4.670619023437500346e+02,-8.717326729411234965e+01
4.670621953125000232e+02,-8.434865460886244648e+01
4.670624882812500118e+02,-8.162396072261762470e+01
4.670627812500000005e+02,-8.317198105820688170e+01
4.670630742187499891e+02,-9.027233470964239359e+01
4.670633671875000346e+02,-7.807293613069469984e+01
4.670636601562500232e+02,-7.890660297462153494e+01
4.670639531250000118e+02,-8.321704075076014817e+01
4.670642460937500005e+02,-7.876763499180634653e+01
4.670645390624999891e+02,-8.078230231969833142e+01
4.670648320312500346e+02,-8.577046298999208318e+01
4.670651250000000232e+02,-7.960346396764010990e+01
4.670654179687500118e+02,-8.393397684832041250e+01
4.670657109375000005e+02,-9.155913986351306733e+01
4.670660039062499891e+02,-8.411231565935800347e+01
4.670662968750000346e+02,-9.048333449810476736e+01
4.670665898437500232e+02,-8.065474973428209182e+01
4.670668828125000118e+02,-8.391988431974100138e+01
4.670671757812500005e+02,-8.374506411732569688e+01
4.670674687499999891e+02,-7.801033393769006352e+01
4.670677617187500346e+02,-8.692853003335386575e+01
4.670680546875000232e+02,-8.110198050780753931e+01
4.670683476562500118e+02,-8.282096704801416820e+01
4.670686406250000005e+02,-9.125032689513319895e+01
4.670689335937499891e+02,-7.976822925541316067e+01
4.670692265625000346e+02,-8.204727522337621792e+01
4.670695195312500232e+02,-8.096297706470933520e+01
4.670698125000000118e+02,-8.436980743112650316e+01
4.670701054687500005e+02,-8.237686982693708160e+01
4.670703984374999891e+02,-9.460357434936656773e+01
4.670706914062500346e+02,-7.930787375884428059e+01
4.670709843750000232e+02,-8.440823805421943860e+01
4.670712773437500118e+02,-8.367313499479040217e+01
4.670715703125000005e+02,-7.723587251916138996e+01
4.670718632812499891e+02,-8.164260848836653395e+01
4.670721562500000346e+02,-8.362731252385665925e+01
4.670724492187500232e+02,-8.225452934745588607e+01
4.670727421875000118e+02,-7.857996761165182420e+01
4.670730351562500005e+02,-8.613395698964650649e+01
4.670733281249999891e+02,-7.875604019882258910e+01
4.670736210937500346e+02,-7.718255133248224809e+01
4.670739140625000232e+02,-7.868811174241281492e+01
4.670742070312500118e+02,-8.093473401951848700e+01
4.670745000000000005e+02,-9.391305267077795804e+01
4.670747929687499891e+02,-8.520899794124650839e+01
4.670750859375000346e+02,-8.340112829802585281e+01
4.670753789062500232e+02,-8.313071368450279408e+01
4.670756718750000118e+02,-8.568405276360495293e+01
4.670759648437500005e+02,-8.765756159348356391e+01
4.670762578124999891e+02,-9.016522694168985197e+01
4.670765507812500346e+02,-9.117597922865222415e+01
4.670768437500000232e+02,-8.662525521861171285e+01
4.670771367187500118e+02,-8.093112945304837069e+01
4.670774296875000005e+02,-8.196570429684386738e+01
4.670777226562499891e+02,-8.257581943935447555e+01
4.670780156250000346e+02,-7.930435508196404726e+01
4.670783085937500232e+02,-7.766247253558032071e+01
4.670786015625000118e+02,-8.009952511866498526e+01
4.670788945312500005e+02,-9.969072755381525042e+01
4.670791874999999891e+02,-8.135968167616451296e+01
4.670794804687500346e+02,-9.199390868744508509e+01
4.670797734375000232e+02,-8.300920182593281993e+01
4.670800664062500118e+02,-7.958442024211083776e+01
4.670803593750000005e+02,-7.796037426027656636e+01
4.670806523437499891e+02,-7.779480226031540724e+01
4.670809453125000346e+02,-7.931746950653634087e+01
4.670812382812500232e+02,-7.777428004505431147e+01
4.670815312500000118e+02,-8.026244436943619576e+01
4.670818242187500005e+02,-8.161224562806567917e+01
4.670821171874999891e+02,-7.866609404351970625e+01
4.670824101562500346e+02,-7.358025201160461393e+01
4.670827031250000232e+02,-7.627584705019033606e+01
4.670829960937500118e+02,-7.668884552310612435e+01
4.670832890625000005e+02,-7.544127723605048175e+01
4.670835820312499891e+02,-8.125531569983181157e+01
4.670838750000000346e+02,-8.891377225354304414e+01
4.670841679687500232e+02,-8.395944652781382445e+01
4.670844609375000118e+02,-8.506020812391273012e+01
4.670847539062500005e+02,-8.410158451619670927e+01
4.670850468749999891e+02,-8.241547717990809474e+01
4.670853398437500346e+02,-8.157883991328850470e+01
4.670856328125000232e+02,-1.084767478733428590e+02
4.670859257812500118e+02,-8.285164638804977244e+01
4.670862187500000005e+02,-8.959749106891078441e+01
4.670865117187499891e+02,-7.975556128269178657e+01
4.670868046875000346e+02,-7.898222354196117578e+01
4.670870976562500232e+02,-7.904900610973652419e+01
4.670873906250000118e+02,-8.976260229321928819e+01
4.670876835937500005e+02,-7.496609066105632735e+01
4.670879765624999891e+02,-7.887582897384825742e+01
4.670882695312500346e+02,-7.917261452670337007e+01
4.670885625000000232e+02,-7.348604203278702585e+01
4.670888554687500118e+02,-7.558643839844675938e+01
4.670891484375000005e+02,-8.408664002165963325e+01
4.670894414062499891e+02,-8.170314731886806214e+01
4.670897343750000346e+02,-7.795008929806384401e+01
4.670900273437500232e+02,-8.155871402155541716e+01
4.670903203125000118e+02,-8.174831642019788092e+01
4.670906132812500005e+02,-7.805125695158520216e+01
4.670909062499999891e+02,-8.216530848763078154e+01
4.670911992187500346e+02,-7.581400260406512359e+01
4.670914921875000232e+02,-9.130517625803463488e+01
4.670917851562500118e+02,-8.398395216832244614e+01
4.670920781250000005e+02,-8.199958921722341643e+01
4.670923710937499891e+02,-8.077262422637448935e+01
4.670926640625000346e+02,-7.834167300074244622e+01
4.670929570312500232e+02,-8.088227009010738300e+01
4.670932500000000118e+02,-8.143265904162288393e+01
4.670935429687500005e+02,-8.988527646804618598e+01
4.670938359374999891e+02,-8.093487510976385124e+01
4.670941289062500346e+02,-8.098812113913209032e+01
4.670944218750000232e+02,-8.750548856181119106e+01
4.670947148437500118e+02,-8.483507614108687278e+01
4.670950078125000005e+02,-7.755976936444561431e+01
4.670953007812499891e+02,-7.497841720344777627e+01
4.670955937500000346e+02,-7.560074900611897419e+01
4.670958867187500232e+02,-7.596269450286473557e+01
4.670961796875000118e+02,-8.063036623992474006e+01
4.670964726562500005e+02,-9.417075731099970426e+01
4.670967656249999891e+02,-8.809986363222537875e+01
4.670970585937500346e+02,-8.646387079979635359e+01
4.670973515625000232e+02,-7.669778919069433698e+01
4.670976445312500118e+02,-7.929592721608327111e+01
4.670979375000000005e+02,-7.871817701587059446e+01
4.670982304687499891e+02,-7.947150792373791717e+01
4.670985234375000346e+02,-8.020013398412942252e+01
4.670988164062500232e+02,-9.727299559251206063e+01
4.670991093750000118e+02,-8.123877705275452854e+01
4.670994023437500005e+02,-9.103420259572722273e+01
4.670996953124999891e+02,-7.546096778291192209e+01
4.670999882812500346e+02,-7.807991957409322481e+01
4.671002812500000232e+02,-8.573247128717048327e+01
4.671005742187500118e+02,-8.399639097488073958e+01
4.671008671875000005e+02,-8.762613818992232950e+01
4.671011601562499891e+02,-9.226911407113706787e+01
4.671014531250000346e+02,-8.710505940843211192e+01
4.671017460937500232e+02,-7.882214729694715061e+01
4.671020390625000118e+02,-7.690924224016691824e+01
4.671023320312500005e+02,-8.494291359283721476e+01
4.671026249999999891e+02,-9.674188412088204814e+01
4.671029179687500346e+02,-8.122066227634589097e+01
4.671032109375000232e+02,-7.924744653498889591e+01
4.671035039062500118e+02,-7.662547236263108630e+01
4.671037968750000005e+02,-7.634811427922474536e+01
4.671040898437499891e+02,-7.600363487945602969e+01
4.671043828125000346e+02,-8.038879469973403502e+01
4.671046757812500232e+02,-8.833999524967504158e+01
4.671049687500000118e+02,-8.017648960483711562e+01
4.671052617187500005e+02,-7.760809353145450018e+01
4.671055546874999891e+02,-8.421309606298584072e+01
4.671058476562500346e+02,-8.502810432831181231e+01
4.671061406250000232e+02,-8.252066908506428433e+01
4.671064335937500118e+02,-7.660828681099822290e+01
4.671067265625000005e+02,-8.223286120458708126e+01
4.671070195312499891e+02,-8.486093870763845359e+01
4.671073125000000346e+02,-8.081620240660339505e+01
4.671076054687500232e+02,-9.027764588900990361e+01
4.671078984375000118e+02,-8.605147155225162692e+01
4.671081914062500005e+02,-8.435644295031482898e+01
4.671084843749999891e+02,-8.044533604036736563e+01
4.671087773437500346e+02,-7.550799518111105613e+01
4.671090703125000232e+02,-8.391847509774692071e+01
4.671093632812500118e+02,-8.269496118996175937e+01
4.671096562500000005e+02,-8.234790694006534295e+01
4.671099492187499891e+02,-8.313647073686314570e+01
4.671102421875000346e+02,-8.243687833520505137e+01
4.671105351562500232e+02,-8.177726582073285044e+01
4.671108281250000118e+02,-8.027091495579846026e+01
4.671111210937500005e+02,-7.931213424734043826e+01
4.671114140624999891e+02,-8.109968456689323091e+01
4.671117070312500346e+02,-7.916173936499791353e+01
4.671120000000000232e+02,-8.651704656198626253e+01
4.671122929687500118e+02,-1.002218042724674945e+02
4.671125859375000005e+02,-1.000472806356333990e+02
4.671128789062499891e+02,-8.390146946206526479e+01
4.671131718750000346e+02,-8.369845628069251120e+01
4.671134648437500232e+02,-7.868932476372658869e+01
4.671137578125000118e+02,-7.810682477190674433e+01
4.671140507812500005e+02,-8.216385191375182728e+01
4.671143437499999891e+02,-8.548651347508057086e+01
4.671146367187500346e+02,-8.399335576759881405e+01
4.671149296875000232e+02,-7.989119261265685168e+01
4.671152226562500118e+02,-8.838369936412641437e+01
4.671155156250000005e+02,-7.951963532339151186e+01
4.671158085937499891e+02,-8.237865769797210191e+01
4.671161015625000346e+02,-8.124552395192573329e+01
4.671163945312500232e+02,-7.893622568228174430e+01
4.671166875000000118e+02,-7.554146835738819732e+01
4.671169804687500005e+02,-7.580051331995133523e+01
4.671172734374999891e+02,-8.874063443549646024e+01
4.671175664062500346e+02,-7.920521716890065989e+01
4.671178593750000232e+02,-8.855678337327931615e+01
4.671181523437500118e+02,-8.477180409965215802e+01
4.671184453125000005e+02,-8.381229245759351443e+01
4.671187382812499891e+02,-9.458200704094736011e+01
4.671190312500000346e+02,-7.819195629008352455e+01
4.671193242187500232e+02,-7.616590955810607966e+01
4.671196171875000118e+02,-7.828770548673502105e+01
4.671199101562500005e+02,-8.234259998256406732e+01
4.671202031249999891e+02,-8.483849143723483621e+01
4.671204960937500346e+02,-9.183049574771479229e+01
4.671207890625000232e+02,-8.149415469858297456e+01
4.671210820312500118e+02,-7.821314804600827131e+01
4.671213750000000005e+02,-9.035144355977456598e+01
4.671216679687499891e+02,-7.944882826182039537e+01
4.671219609375000346e+02,-8.002426258156478411e+01
4.671222539062500232e+02,-8.240067076451319394e+01
4.671225468750000118e+02,-8.789888877183814486e+01
4.671228398437500005e+02,-8.033825817316596840e+01
4.671231328124999891e+02,-7.880890126235651394e+01
4.671234257812500346e+02,-8.021574266986317525e+01
4.671237187500000232e+02,-9.306321212707504742e+01
4.671240117187500118e+02,-8.044510369239492320e+01
4.671243046875000005e+02,-8.162112358483595642e+01
4.671245976562499891e+02,-8.129431923820447992e+01
4.671248906250000346e+02,-7.915382478842343517e+01
4.671251835937500232e+02,-7.826274167537323478e+01
4.671254765625000118e+02,-8.863713572462282286e+01
4.671257695312500005e+02,-8.684477558667063590e+01
4.671260624999999891e+02,-7.962065755257788169e+01
4.671263554687500346e+02,-7.654779170354640883e+01
4.671266484375000232e+02,-7.772084600838910262e+01
4.671269414062500118e+02,-8.189400663148282433e+01
4.671272343750000005e+02,-7.986470531014768426e+01
4.671275273437499891e+02,-8.411830143545911653e+01
4.671278203125000346e+02,-8.212161294712390713e+01
4.671281132812500232e+02,-8.593171512729981032e+01
4.671284062500000118e+02,-8.413456222058967171e+01
4.671286992187500005e+02,-8.429703471532285164e+01
4.671289921874999891e+02,-1.088379319202538653e+02
4.671292851562500346e+02,-8.313044884686848945e+01
4.671295781250000232e+02,-7.649810978192466848e+01
4.671298710937500118e+02,-8.148875266171641840e+01
4.671301640625000005e+02,-8.245310399261656187e+01
4.671304570312499891e+02,-8.013471038332816931e+01
4.671307500000000346e+02,-7.969378759780531141e+01
4.671310429687500232e+02,-8.372182148514433209e+01
4.671313359375000118e+02,-7.914705829591277109e+01
4.671316289062500005e+02,-7.257381279051479339e+01
4.671319218749999891e+02,-7.691798160883477919e+01
4.671322148437500346e+02,-9.269968492992418874e+01
4.671325078125000232e+02,-8.721376161877259392e+01
4.671328007812500118e+02,-9.031052314066957365e+01
4.671330937500000005e+02,-7.838658634714390416e+01
4.671333867187499891e+02,-8.143973390752421437e+01
4.671336796875000346e+02,-8.606540101321269276e+01
4.671339726562500232e+02,-7.880105173956059161e+01
4.671342656250000118e+02,-7.740102553742359248e+01
4.671345585937500005e+02,-7.585284586685772013e+01
4.671348515624999891e+02,-7.583415970049945543e+01
4.671351445312500346e+02,-8.494291398895452971e+01
4.671354375000000232e+02,-8.273973558531434946e+01
4.671357304687500118e+02,-7.894123775705810431e+01
4.671360234375000005e+02,-8.061228464042558528e+01
4.671363164062499891e+02,-7.989707546322424037e+01
4.671366093750000346e+02,-7.975420515722728965e+01
4.671369023437500232e+02,-7.697187378994291862e+01
4.671371953125000118e+02,-7.696416878342097334e+01
4.671374882812500005e+02,-7.978426862337605030e+01
4.671377812499999891e+02,-8.014218290049970506e+01
4.671380742187500346e+02,-7.223836722595333981e+01
4.671383671875000232e+02,-7.313576542254017454e+01
4.671386601562500118e+02,-7.948541816068647847e+01
4.671389531250000005e+02,-8.089667094914794632e+01
4.671392460937499891e+02,-8.270120273355216511e+01
4.671395390625000346e+02,-7.924562097827922003e+01
4.671398320312500232e+02,-9.276752222170918571e+01
4.671401250000000118e+02,-7.922582761211158697e+01
4.671404179687500005e+02,-7.482958260456261712e+01
4.671407109374999891e+02,-8.133821188543244318e+01
4.671410039062500346e+02,-8.151293095140958656e+01
4.671412968750000232e+02,-8.592067971090065726e+01
4.671415898437500118e+02,-8.149210367093830598e+01
4.671418828125000005e+02,-7.812823446781740699e+01
4.671421757812499891e+02,-8.628704311783585013e+01
4.671424687500000346e+02,-8.452311695385127166e+01
4.671427617187500232e+02,-7.819245053782528032e+01
4.671430546875000118e+02,-8.039961401265688323e+01
4.671433476562500005e+02,-8.210816211504422313e+01
4.671436406249999891e+02,-8.048685243188347727e+01
4.671439335937500346e+02,-8.849962643632130721e+01
4.671442265625000232e+02,-8.389858698870602893e+01
4.671445195312500118e+02,-8.496475499668805753e+01
4.671448125000000005e+02,-7.959750097079025011e+01
4.671451054687499891e+02,-7.913674070134591432e+01
4.671453984375000346e+02,-8.323350329679455228e+01
4.671456914062500232e+02,-8.779325652413174907e+01
4.671459843750000118e+02,-9.529105808919402421e+01
4.671462773437500005e+02,-8.029748089153015655e+01
4.671465703124999891e+02,-7.510576849806808752e+01
4.671468632812500346e+02,-7.311087970856553397e+01
4.671471562500000232e+02,-7.473295402097609497e+01
4.671474492187500118e+02,-8.565406617734566908e+01
4.671477421875000005e+02,-9.206419115455807400e+01
4.671480351562499891e+02,-8.422698609276653769e+01
4.671483281250000346e+02,-8.484894525987947134e+01
4.671486210937500232e+02,-8.802246568261985260e+01
4.671489140625000118e+02,-7.829222967672689037e+01
4.671492070312500005e+02,-7.423869203796046179e+01
4.671494999999999891e+02,-7.808802183781705253e+01
4.671497929687500346e+02,-7.902821685224016335e+01
4.671500859375000232e+02,-7.755114235947624479e+01
4.671503789062500118e+02,-8.481290993527667865e+01
4.671506718750000005e+02,-8.138977127741468109e+01
4.671509648437499891e+02,-8.437447504501542994e+01
4.671512578125000346e+02,-8.266683704540400868e+01
4.671515507812500232e+02,-7.998525041247076217e+01
4.671518437500000118e+02,-8.131964603350576226e+01
4.671521367187500005e+02,-7.900739406404377974e+01
4.671524296874999891e+02,-8.112902404055606098e+01
4.671527226562500346e+02,-7.851982557108702565e+01
4.671530156250000232e+02,-8.261382207949336021e+01
4.671533085937500118e+02,-9.205171090224314412e+01
4.671536015625000005e+02,-8.134258340312933910e+01
4.671538945312499891e+02,-9.036480800206524577e+01
4.671541875000000346e+02,-8.638074317747748410e+01
4.671544804687500232e+02,-8.228783446537228485e+01
4.671547734375000118e+02,-7.978735481622256032e+01
4.671550664062500005e+02,-9.039423043688186965e+01
4.671553593749999891e+02,-7.892319035742789879e+01
4.671556523437500346e+02,-8.014062902513104802e+01
4.671559453125000232e+02,-7.814638959442189048e+01
4.671562382812500118e+02,-7.865339453530090452e+01
4.671565312500000005e+02,-7.893586208871829513e+01
4.671568242187499891e+02,-8.689255183634219293e+01
4.671571171875000346e+02,-7.901783983491131380e+01
4.671574101562500232e+02,-8.297256524967761493e+01
4.671577031250000118e+02,-8.486764497948001917e+01
4.671579960937500005e+02,-8.571621971022275943e+01
4.671582890624999891e+02,-8.900233027210066439e+01
4.671585820312500346e+02,-8.094156985724330866e+01
4.671588750000000232e+02,-7.911266817252466410e+01
4.671591679687500118e+02,-8.625380577989349717e+01
4.671594609375000005e+02,-7.475492123300972480e+01
4.671597539062499891e+02,-7.677370483244038724e+01
4.671600468750000346e+02,-8.685128773147579295e+01
4.671603398437500232e+02,-8.147221007261461523e+01
4.671606328125000118e+02,-8.321510411323968981e+01
4.671609257812500005e+02,-8.807578331252818771e+01
4.671612187499999891e+02,-8.181755917175914306e+01
4.671615117187500346e+02,-8.246726640773002259e+01
4.671618046875000232e+02,-7.803505869368257208e+01
4.671620976562500118e+02,-7.362248479304989246e+01
4.671623906250000005e+02,-7.908730727102681612e+01
4.671626835937499891e+02,-9.386288913031499703e+01
4.671629765625000346e+02,-8.481266239681497154e+01
4.671632695312500232e+02,-9.394625761519726836e+01
4.671635625000000118e+02,-8.208508852409359235e+01
4.671638554687500005e+02,-7.592780660166617679e+01
4.671641484374999891e+02,-8.005917285439055320e+01
4.671644414062500346e+02,-9.950600010858282474e+01
4.671647343750000232e+02,-8.730258014617064077e+01
4.671650273437500118e+02,-8.468434333965370797e+01
4.671653203125000005e+02,-8.331517780806009910e+01
4.671656132812499891e+02,-8.204588315343130489e+01
4.671659062500000346e+02,-8.270109775866556845e+01
4.671661992187500232e+02,-9.041420701172847885e+01
4.671664921875000118e+02,-7.992549117266787562e+01
4.671667851562500005e+02,-8.024149908040173784e+01
4.671670781249999891e+02,-8.593162999087005005e+01
4.671673710937500346e+02,-8.229677380928694674e+01
4.671676640625000232e+02,-7.751155672053506862e+01
4.671679570312500118e+02,-8.011602976433172785e+01
4.671682500000000005e+02,-7.717115501972284619e+01
4.671685429687499891e+02,-7.475092411965729866e+01
4.671688359375000346e+02,-8.112598744213450175e+01
4.671691289062500232e+02,-7.601053437021397485e+01
4.671694218750000118e+02,-7.519148438083681185e+01
4.671697148437500005e+02,-8.097248340862826410e+01
4.671700078124999891e+02,-7.842132150436584936e+01
4.671703007812500346e+02,-8.015323104432243895e+01
4.671705937500000232e+02,-8.423550593045412427e+01
4.671708867187500118e+02,-8.584190689534720775e+01
4.671711796875000005e+02,-8.329768789987761579e+01
4.671714726562499891e+02,-8.101112929603857538e+01
4.671717656250000346e+02,-8.392886033629287112e+01
4.671720585937500232e+02,-8.477029058581018717e+01
4.671723515625000118e+02,-8.016520961458427053e+01
4.671726445312500005e+02,-8.011709244530599960e+01
4.671729374999999891e+02,-8.144476498993418545e+01
4.671732304687500346e+02,-8.730483501557593229e+01
4.671735234375000232e+02,-8.406230247023090385e+01
4.671738164062500118e+02,-7.910864105165758531e+01
4.671741093750000005e+02,-8.981776658407197544e+01
4.671744023437499891e+02,-7.952790890117550759e+01
4.671746953125000346e+02,-8.498916063106898378e+01
4.671749882812500232e+02,-7.789534467260342865e+01
4.671752812500000118e+02,-8.041512877840543183e+01
4.671755742187500005e+02,-7.964267786811647909e+01
4.671758671874999891e+02,-8.552646269300049653e+01
4.671761601562500346e+02,-8.340889170855761847e+01
4.671764531250000232e+02,-7.965660171600607953e+01
4.671767460937500118e+02,-7.953710893561586204e+01
4.671770390625000005e+02,-8.808860285714865768e+01
4.671773320312499891e+02,-8.578758537953186192e+01
4.671776250000000346e+02,-8.084649917396299657e+01
4.671779179687500232e+02,-8.117474948722676231e+01
4.671782109375000118e+02,-8.141509718403824536e+01
4.671785039062500005e+02,-7.547663076942315286e+01
4.671787968749999891e+02,-7.739980587420791380e+01
4.671790898437500346e+02,-7.937437586251496668e+01
4.671793828125000232e+02,-9.206636863661663028e+01
4.671796757812500118e+02,-7.950600428277900278e+01
4.671799687500000005e+02,-7.579711716727858573e+01
4.671802617187499891e+02,-7.964405631820559961e+01
4.671805546875000346e+02,-8.118042984982764665e+01
4.671808476562500232e+02,-8.433401145676648980e+01
4.671811406250000118e+02,-8.803561653203141191e+01
4.671814335937500005e+02,-8.164301675433878813e+01
4.671817265624999891e+02,-7.759744059785961667e+01
4.671820195312500346e+02,-8.616920070909144158e+01
4.671823125000000232e+02,-8.708227167342273844e+01
4.671826054687500118e+02,-9.357345231593288304e+01
4.671828984375000005e+02,-8.814976477625145890e+01
4.671831914062499891e+02,-8.204865974836354781e+01
4.671834843750000346e+02,-7.982287684192610300e+01
4.671837773437500232e+02,-9.014209739946942079e+01
4.671840703125000118e+02,-8.004534417793719570e+01
4.671843632812500005e+02,-9.186361406795990092e+01
4.671846562499999891e+02,-8.258602783232403510e+01
4.671849492187500346e+02,-8.106684703639342615e+01
4.671852421875000232e+02,-7.909981217459450420e+01
4.671855351562500118e+02,-8.925118296953746722e+01
4.671858281250000005e+02,-8.081197186343106864e+01
4.671861210937499891e+02,-8.088600621531188040e+01
4.671864140625000346e+02,-7.811335667235599090e+01
4.671867070312500232e+02,-7.772739676453223012e+01
4.671870000000000118e+02,-8.774612580627885450e+01
4.671872929687500005e+02,-7.867820110346478657e+01
4.671875859374999891e+02,-7.885767918005274169e+01
4.671878789062500346e+02,-7.873063046538720755e+01
4.671881718750000232e+02,-8.345131206062886520e+01
4.671884648437500118e+02,-9.649917992833516678e+01
4.671887578125000005e+02,-8.258915833475688828e+01
4.671890507812499891e+02,-8.266254957195181419e+01
4.671893437500000346e+02,-7.990733747962039502e+01
4.671896367187500232e+02,-7.524657008712486572e+01
4.671899296875000118e+02,-7.544468363145503531e+01
4.671902226562500005e+02,-7.892874523057143676e+01
4.671905156249999891e+02,-8.068025790527072161e+01
4.671908085937500346e+02,-8.931498118152207155e+01
4.671911015625000232e+02,-8.533119271210890133e+01
4.671913945312500118e+02,-8.180574205677608290e+01
4.671916875000000005e+02,-7.702311500633793173e+01
4.671919804687499891e+02,-7.917112730965118317e+01
4.671922734375000346e+02,-7.899510541349528125e+01
4.671925664062500232e+02,-7.404376641497898959e+01
4.671928593750000118e+02,-7.493237261484794942e+01
4.671931523437500005e+02,-8.090888048672414357e+01
4.671934453124999891e+02,-8.410574269798443936e+01
4.671937382812500346e+02,-8.868971693171747006e+01
4.671940312500000232e+02,-7.836975966347543476e+01
4.671943242187500118e+02,-7.975800650849286910e+01
4.671946171875000005e+02,-8.269613577696149775e+01
4.671949101562499891e+02,-8.139516240532729796e+01
4.671952031250000346e+02,-8.027339799406318832e+01
4.671954960937500232e+02,-7.952161510179355730e+01
4.671957890625000118e+02,-9.025248952312445283e+01
4.671960820312500005e+02,-8.850881693817331097e+01
4.671963749999999891e+02,-9.863382456623443773e+01
4.671966679687500346e+02,-8.432855359232407011e+01
4.671969609375000232e+02,-8.084894191766719018e+01
4.671972539062500118e+02,-8.567634705693335206e+01
4.671975468750000005e+02,-8.179412502274169583e+01
4.671978398437499891e+02,-8.057240196032412882e+01
4.671981328125000346e+02,-9.275786169183687946e+01
4.671984257812500232e+02,-8.903190175831380770e+01
4.671987187500000118e+02,-9.020369406011735691e+01
4.671990117187500005e+02,-8.255743956075983192e+01
4.671993046874999891e+02,-7.556077499582113433e+01
4.671995976562500346e+02,-7.692307110787731972e+01
4.671998906250000232e+02,-9.199804056051851830e+01
4.672001835937500118e+02,-8.114279984623273378e+01
4.672004765625000005e+02,-7.475848417503581800e+01
4.672007695312499891e+02,-7.465963118145883470e+01
4.672010625000000346e+02,-8.084397766809814811e+01
4.672013554687500232e+02,-8.194424305922586882e+01
4.672016484375000118e+02,-8.208652671871354300e+01
4.672019414062500005e+02,-8.963606877833615272e+01
4.672022343749999891e+02,-9.139657440387179577e+01
4.672025273437500346e+02,-8.120093322462145125e+01
4.672028203125000232e+02,-8.033141206946348234e+01
4.672031132812500118e+02,-9.291888670196425437e+01
4.672034062500000005e+02,-8.529396710752421029e+01
4.672036992187499891e+02,-9.094542224339447500e+01
4.672039921875000346e+02,-8.006832650088183811e+01
4.672042851562500232e+02,-7.726618163179564647e+01
4.672045781250000118e+02,-8.764791422865624781e+01
4.672048710937500005e+02,-8.388510785192111996e+01
4.672051640624999891e+02,-8.530875978797786274e+01
4.672054570312500346e+02,-7.730421944160829639e+01
4.672057500000000232e+02,-7.478376830208841852e+01
4.672060429687500118e+02,-7.860646565515020256e+01
4.672063359375000005e+02,-8.383793902882493398e+01
4.672066289062499891e+02,-7.544696485043374423e+01
4.672069218750000346e+02,-7.260919669537602772e+01
4.672072148437500232e+02,-8.040451722482384866e+01
4.672075078125000118e+02,-7.608336547647157033e+01
4.672078007812500005e+02,-7.847664732065229032e+01
4.672080937499999891e+02,-9.821466964821311763e+01
4.672083867187500346e+02,-9.165366544628808754e+01
4.672086796875000232e+02,-8.883583281649855223e+01
4.672089726562500118e+02,-7.910013737667198086e+01
4.672092656250000005e+02,-8.423665284808102172e+01
4.672095585937499891e+02,-8.718824459268068949e+01
4.672098515625000346e+02,-8.168814980150548877e+01
4.672101445312500232e+02,-8.396909445740121214e+01
4.672104375000000118e+02,-8.475397895876639609e+01
4.672107304687500005e+02,-7.528732945921905184e+01
4.672110234374999891e+02,-7.425634338372476861e+01
4.672113164062500346e+02,-8.003405845917325223e+01
4.672116093750000232e+02,-7.910380186852079021e+01
4.672119023437500118e+02,-7.340836449771985883e+01
4.672121953125000005e+02,-7.506520639872174172e+01
4.672124882812499891e+02,-7.372144914348010047e+01
4.672127812500000346e+02,-8.046748234838952385e+01
4.672130742187500232e+02,-7.601720471909186472e+01
4.672133671875000118e+02,-7.390496058021810200e+01
4.672136601562500005e+02,-7.777559974592028880e+01
4.672139531249999891e+02,-8.461226676414949566e+01
4.672142460937500346e+02,-8.467442855751841080e+01
4.672145390625000232e+02,-7.627055746743087639e+01
4.672148320312500118e+02,-7.317689464076143224e+01
4.672151250000000005e+02,-8.257930920441788203e+01
4.672154179687499891e+02,-7.385341223782502595e+01
4.672157109375000346e+02,-7.260884155886844837e+01
4.672160039062500232e+02,-7.304990016744798709e+01
4.672162968750000118e+02,-8.095058963151737430e+01
4.672165898437500005e+02,-8.627128310660236821e+01
4.672168828124999891e+02,-8.114709648776242545e+01
4.672171757812500346e+02,-8.608472628939671267e+01
4.672174687500000232e+02,-9.546073107481056752e+01
4.672177617187500118e+02,-7.738830918500164557e+01
4.672180546875000005e+02,-7.291971683188619124e+01
4.672183476562499891e+02,-7.213836350846089829e+01
4.672186406250000346e+02,-7.725108550950930919e+01
4.672189335937500232e+02,-8.943455542654120904e+01
4.672192265625000118e+02,-7.715312766732904493e+01
4.672195195312500005e+02,-7.939636185881926167e+01
4.672198124999999891e+02,-7.712044038325932149e+01
4.672201054687500346e+02,-7.799032648674965174e+01
4.672203984375000232e+02,-7.819498884349395951e+01
4.672206914062500118e+02,-7.253564251899854298e+01
4.672209843750000005e+02,-7.153079237843307681e+01
4.672212773437499891e+02,-8.231405431153802965e+01
4.672215703125000346e+02,-7.485464285286434460e+01
4.672218632812500232e+02,-7.649783385056824159e+01
4.672221562500000118e+02,-8.154265338213754433e+01
4.672224492187500005e+02,-8.239846197993335863e+01
4.672227421874999891e+02,-8.974474066347637802e+01
4.672230351562500346e+02,-7.601117080091535172e+01
4.672233281250000232e+02,-7.926841794441085653e+01
4.672236210937500118e+02,-7.720603186062297141e+01
4.672239140625000005e+02,-8.360855493180378062e+01
4.672242070312499891e+02,-8.138184145822424398e+01
4.672245000000000346e+02,-7.590169567693268959e+01
4.672247929687500232e+02,-9.285492977723158958e+01
4.672250859375000118e+02,-7.298717344428182230e+01
4.672253789062500005e+02,-7.123392028801251286e+01
4.672256718749999891e+02,-7.472364918561980573e+01
4.672259648437500346e+02,-8.199317442745086737e+01
4.672262578125000232e+02,-8.867177701109474697e+01
4.672265507812500118e+02,-8.600380722900081309e+01
4.672268437500000005e+02,-8.305441854826234760e+01
4.672271367187499891e+02,-8.151243988902930937e+01
4.672274296875000346e+02,-8.390558082348660207e+01
4.672277226562500232e+02,-8.860122107410055037e+01
4.672280156250000118e+02,-7.395536564178554784e+01
4.672283085937500005e+02,-7.911459591999931718e+01
4.672286015624999891e+02,-8.348888592872648928e+01
4.672288945312500346e+02,-7.862994019507473809e+01
4.672291875000000232e+02,-8.043157524983800499e+01
4.672294804687500118e+02,-8.020967163867629779e+01
4.672297734375000005e+02,-7.750971554017493759e+01
4.672300664062499891e+02,-8.367490735318888539e+01
4.672303593750000346e+02,-8.199212409181160410e+01
4.672306523437500232e+02,-7.468229789916858863e+01
4.672309453125000118e+02,-7.764729527725346259e+01
4.672312382812500005e+02,-7.585960612949369875e+01
4.672315312499999891e+02,-7.736606638035357264e+01
4.672318242187500346e+02,-8.181572296758291429e+01
4.672321171875000232e+02,-8.308154196346349352e+01
4.672324101562500118e+02,-9.513160355751838893e+01
4.672327031250000005e+02,-7.770053537521162923e+01
4.672329960937499891e+02,-7.316005880139938711e+01
4.672332890625000346e+02,-7.562588319612962096e+01
4.672335820312500232e+02,-8.132659811168998942e+01
4.672338750000000118e+02,-8.384674425048547164e+01
4.672341679687500005e+02,-7.711010368474367738e+01
4.672344609374999891e+02,-8.274288232159699419e+01
4.672347539062500346e+02,-7.795908367406936179e+01
4.672350468750000232e+02,-8.563070372840336120e+01
4.672353398437500118e+02,-7.831843139240562834e+01
4.672356328125000005e+02,-7.699105330856932028e+01
4.672359257812499891e+02,-7.722768469574080541e+01
4.672362187500000346e+02,-9.001562741756271180e+01
4.672365117187500232e+02,-8.757676858781206874e+01
4.672368046875000118e+02,-7.930058631512756051e+01
4.672370976562500005e+02,-8.131682351632332484e+01
4.672373906249999891e+02,-8.142976933810786022e+01
4.672376835937500346e+02,-7.280993329245156076e+01
4.672379765625000232e+02,-7.531488029079655178e+01
4.672382695312500118e+02,-8.046079655395509178e+01
4.672385625000000005e+02,-7.949472863944150447e+01
4.672388554687499891e+02,-7.927732538708137611e+01
4.672391484375000346e+02,-7.709971646899059294e+01
4.672394414062500232e+02,-8.277464080854061024e+01
4.672397343750000118e+02,-7.678681372689577245e+01
4.672400273437500005e+02,-7.468624980854797002e+01
4.672403203124999891e+02,-7.565521317144123259e+01
4.672406132812500346e+02,-8.037855858547210630e+01
4.672409062500000232e+02,-7.484971719443292670e+01
4.672411992187500118e+02,-7.694439552775966717e+01
4.672414921875000005e+02,-7.744083435034924889e+01
4.672417851562499891e+02,-7.424248564546965667e+01
4.672420781250000346e+02,-7.715381675459626365e+01
4.672423710937500232e+02,-7.267893970063613551e+01
4.672426640625000118e+02,-7.511719915929796798e+01
4.672429570312500005e+02,-7.595150254328130757e+01
4.672432499999999891e+02,-7.797114339491365342e+01
4.672435429687500346e+02,-7.758064848865697627e+01
4.672438359375000232e+02,-7.984113268388549045e+01
4.672441289062500118e+02,-9.462920210123795073e+01
4.672444218750000005e+02,-8.924956284850753718e+01
4.672447148437499891e+02,-8.383910184461022652e+01
4.672450078125000346e+02,-8.505675702824819950e+01
4.672453007812500232e+02,-7.712975092332784754e+01
4.672455937500000118e+02,-7.642253296231803006e+01
4.672458867187500005e+02,-8.086597177594819641e+01
4.672461796874999891e+02,-8.032596349737367802e+01
4.672464726562500346e+02,-7.499524432470497004e+01
4.672467656250000232e+02,-7.586654943177447308e+01
4.672470585937500118e+02,-7.645802686743996901e+01
4.672473515625000005e+02,-8.300988107868462862e+01
4.672476445312499891e+02,-8.756500900994302583e+01
4.672479375000000346e+02,-8.159151758901151652e+01
4.672482304687500232e+02,-7.990541548601248678e+01
4.672485234375000118e+02,-7.663015505664080251e+01
4.672488164062500005e+02,-8.002213068488687497e+01
4.672491093749999891e+02,-7.859224650761778719e+01
4.672494023437500346e+02,-7.690574891175450034e+01
4.672496953125000232e+02,-8.340410124977503870e+01
4.672499882812500118e+02,-8.588170447267175689e+01
4.672502812500000005e+02,-7.570249127275531009e+01
4.672505742187499891e+02,-7.528662076266668635e+01
4.672508671875000346e+02,-7.298222972197703484e+01
4.672511601562500232e+02,-8.194529608430443091e+01
4.672514531250000118e+02,-7.568569744357519369e+01
4.672517460937500005e+02,-8.687154312898391595e+01
4.672520390624999891e+02,-7.641408341409088223e+01
4.672523320312500346e+02,-8.338845441532613734e+01
4.672526250000000232e+02,-7.894096904683324567e+01
4.672529179687500118e+02,-8.830914828481274981e+01
4.672532109375000005e+02,-8.253993124713439045e+01
4.672535039062499891e+02,-8.244269999349756972e+01
4.672537968750000346e+02,-7.836454689007153718e+01
4.672540898437500232e+02,-7.436739971402447225e+01
4.672543828125000118e+02,-7.632604229602375767e+01
4.672546757812500005e+02,-8.009343815563786961e+01
4.672549687499999891e+02,-8.130111830452717925e+01
4.672552617187500346e+02,-7.561818364170086681e+01
4.672555546875000232e+02,-7.652019821084842022e+01
4.672558476562500118e+02,-7.683089043111176863e+01
4.672561406250000005e+02,-7.844896422524088564e+01
4.672564335937499891e+02,-8.855568664831714898e+01
4.672567265625000346e+02,-8.239380194954078718e+01
4.672570195312500232e+02,-8.182521707000890387e+01
4.672573125000000118e+02,-7.703985034769561935e+01
4.672576054687500005e+02,-7.746096478328534829e+01
4.672578984374999891e+02,-8.943308200499990335e+01
4.672581914062500346e+02,-8.229782065207152186e+01
4.672584843750000232e+02,-7.562937071090553331e+01
4.672587773437500118e+02,-7.683326143371162686e+01
4.672590703125000005e+02,-8.197189516516775143e+01
4.672593632812499891e+02,-8.136748096175152511e+01
4.672596562500000346e+02,-7.716258615832423118e+01
4.672599492187500232e+02,-7.686797905536562325e+01
4.672602421875000118e+02,-7.685352578214106245e+01
4.672605351562500005e+02,-7.793338313385432059e+01
4.672608281249999891e+02,-7.966349702674398259e+01
4.672611210937500346e+02,-7.114789504938383402e+01
4.672614140625000232e+02,-7.257376237029693300e+01
4.672617070312500118e+02,-7.243335210421977877e+01
4.672620000000000005e+02,-8.300893371160610457e+01
4.672622929687499891e+02,-7.760083736272568444e+01
4.672625859375000346e+02,-7.719859265292589612e+01
4.672628789062500232e+02,-8.027241676429169104e+01
4.672631718750000118e+02,-8.080061043285439837e+01
4.672634648437500005e+02,-8.185470921863640115e+01
4.672637578124999891e+02,-8.373795315630746927e+01
4.672640507812500346e+02,-7.688225593133977043e+01
4.672643437500000232e+02,-7.952668836094539984e+01
4.672646367187500118e+02,-7.498117997834714288e+01
4.672649296875000005e+02,-7.940658358612333245e+01
4.672652226562499891e+02,-7.405758882234623286e+01
4.672655156250000346e+02,-7.496411602176149813e+01
4.672658085937500232e+02,-7.481462647474752714e+01
4.672661015625000118e+02,-7.857821197264263446e+01
4.672663945312500005e+02,-7.362898103195226440e+01
4.672666874999999891e+02,-7.602283512023510070e+01
4.672669804687500346e+02,-8.208517639831353563e+01
4.672672734375000232e+02,-8.764666229848195655e+01
4.672675664062500118e+02,-7.963937099078363246e+01
4.672678593750000005e+02,-7.742208819852655211e+01
4.672681523437499891e+02,-8.104933687252604102e+01
4.672684453125000346e+02,-7.562661261344685215e+01
4.672687382812500232e+02,-7.283899366714426549e+01
4.672690312500000118e+02,-8.093009838770112196e+01
4.672693242187500005e+02,-8.143839666459554394e+01
4.672696171874999891e+02,-7.929519770591268468e+01
4.672699101562500346e+02,-8.579443009134794806e+01
4.672702031250000232e+02,-8.837574374752210815e+01
4.672704960937500118e+02,-7.993098909618271364e+01
4.672707890625000005e+02,-7.916882879258309913e+01
4.672710820312499891e+02,-8.479807530756360734e+01
4.672713750000000346e+02,-7.938641654333451925e+01
4.672716679687500232e+02,-7.473273074048637454e+01
4.672719609375000118e+02,-7.729813243042018200e+01
4.672722539062500005e+02,-7.203451329757805865e+01
4.672725468749999891e+02,-7.798359337212681908e+01
4.672728398437500346e+02,-7.927005438509318935e+01
4.672731328125000232e+02,-7.300007605829949853e+01
4.672734257812500118e+02,-7.368380416627408636e+01
4.672737187500000005e+02,-8.755608795501464670e+01
4.672740117187499891e+02,-7.859018676560430094e+01
4.672743046875000346e+02,-7.921635525151188517e+01
4.672745976562500232e+02,-7.450213606880771522e+01
4.672748906250000118e+02,-7.899678287120681830e+01
4.672751835937500005e+02,-7.850944572986327330e+01
4.672754765624999891e+02,-8.791919122964480948e+01
4.672757695312500346e+02,-7.835838939217754273e+01
4.672760625000000232e+02,-7.582740179722907214e+01
4.672763554687500118e+02,-7.328060029091271588e+01
4.672766484375000005e+02,-8.094855453681589097e+01
4.672769414062499891e+02,-9.641240256246913987e+01
4.672772343750000346e+02,-8.988507819926843467e+01
4.672775273437500232e+02,-8.379002860293522303e+01
4.672778203125000118e+02,-8.786814184063699429e+01
4.672781132812500005e+02,-7.154552074309304999e+01
4.672784062499999891e+02,-7.224560467655049933e+01
4.672786992187500346e+02,-8.318174251319932466e+01
4.672789921875000232e+02,-8.497080274599944971e+01
4.672792851562500118e+02,-9.057095142222964057e+01
4.672795781250000005e+02,-7.524039359282608075e+01
4.672798710937499891e+02,-7.599481750442841133e+01
4.672801640625000346e+02,-7.451547080132164069e+01
4.672804570312500232e+02,-7.431475575266414069e+01
4.672807500000000118e+02,-7.759052621605106026e+01
4.672810429687500005e+02,-7.850511883082634768e+01
4.672813359374999891e+02,-8.056187921028039511e+01
4.672816289062500346e+02,-8.133483200999835105e+01
4.672819218750000232e+02,-7.920051065211144703e+01
4.672822148437500118e+02,-7.119793973758689276e+01
4.672825078125000005e+02,-7.528474455531105036e+01
4.672828007812499891e+02,-7.676493762699811896e+01
4.672830937500000346e+02,-7.262433188197707068e+01
4.672833867187500232e+02,-6.965888878310430243e+01
4.672836796875000118e+02,-7.088638104251926109e+01
4.672839726562500005e+02,-7.876561634528171396e+01
4.672842656249999891e+02,-8.121757334429469211e+01
4.672845585937500346e+02,-7.794967028069267201e+01
4.672848515625000232e+02,-7.453358852710454130e+01
4.672851445312500118e+02,-7.650527209185676725e+01
4.672854375000000005e+02,-7.460086986390523123e+01
4.672857304687499891e+02,-7.702639175889294165e+01
4.672860234375000346e+02,-8.241444011741774034e+01
4.672863164062500232e+02,-7.943080743807452393e+01
4.672866093750000118e+02,-7.378238005772183783e+01
4.672869023437500005e+02,-7.724616246260490016e+01
4.672871953124999891e+02,-7.886004460356103607e+01
4.672874882812500346e+02,-8.378887137152366904e+01
4.672877812500000232e+02,-8.509205347429217170e+01
4.672880742187500118e+02,-7.761224203017097523e+01
4.672883671875000005e+02,-7.518483759832231783e+01
4.672886601562499891e+02,-7.190373372584534195e+01
4.672889531250000346e+02,-7.449838751560199057e+01
4.672892460937500232e+02,-7.068887041209325162e+01
4.672895390625000118e+02,-7.055739812583036041e+01
4.672898320312500005e+02,-7.300265967716102011e+01
4.672901249999999891e+02,-7.685947092303845807e+01
4.672904179687500346e+02,-8.115305100225984347e+01
4.672907109375000232e+02,-7.848815312823712986e+01
4.672910039062500118e+02,-7.980805601207988786e+01
4.672912968750000005e+02,-8.443585642691600412e+01
4.672915898437499891e+02,-8.651240547377912549e+01
4.672918828125000346e+02,-7.768314659833372104e+01
4.672921757812500232e+02,-8.481856447165482393e+01
4.672924687500000118e+02,-8.264668711938234935e+01
4.672927617187500005e+02,-7.811593350175513706e+01
4.672930546874999891e+02,-7.788419806596772332e+01
4.672933476562500346e+02,-8.895256923453258935e+01
4.672936406250000232e+02,-8.755951025956949252e+01
4.672939335937500118e+02,-7.771940458022857001e+01
4.672942265625000005e+02,-7.179710040843229990e+01
4.672945195312499891e+02,-7.683507036239952015e+01
4.672948125000000346e+02,-8.061867600044490700e+01
4.672951054687500232e+02,-8.043113517830506964e+01
4.672953984375000118e+02,-7.508632985195541210e+01
4.672956914062500005e+02,-7.275811879935683635e+01
4.672959843749999891e+02,-8.733923428330571426e+01
4.672962773437500346e+02,-8.014930288967903493e+01
4.672965703125000232e+02,-7.857561161234285407e+01
4.672968632812500118e+02,-7.799895135685508762e+01
4.672971562500000005e+02,-7.687987169395350406e+01
4.672974492187499891e+02,-7.579603645100033305e+01
4.672977421875000346e+02,-7.792340456503758617e+01
4.672980351562500232e+02,-9.268570550885013404e+01
4.672983281250000118e+02,-7.552248841247096323e+01
4.672986210937500005e+02,-8.900437572322411484e+01
4.672989140624999891e+02,-7.827334987583186887e+01
4.672992070312500346e+02,-9.298215552713095633e+01
4.672995000000000232e+02,-7.698949025869552543e+01
4.672997929687500118e+02,-7.240552709394665953e+01
4.673000859375000005e+02,-7.714800811977491435e+01
4.673003789062499891e+02,-7.964796087887289389e+01
4.673006718750000346e+02,-8.038457432553229864e+01
4.673009648437500232e+02,-8.206546673987210738e+01
4.673012578125000118e+02,-8.501105671539687592e+01
4.673015507812500005e+02,-8.125711734969259226e+01
4.673018437499999891e+02,-7.663439473964758974e+01
4.673021367187500346e+02,-7.754218695326353838e+01
4.673024296875000232e+02,-7.333892039980457866e+01
4.673027226562500118e+02,-7.749119034007077289e+01
4.673030156250000005e+02,-8.041307599994053135e+01
4.673033085937499891e+02,-7.641704026808355366e+01
4.673036015625000346e+02,-7.657449610411057961e+01
4.673038945312500232e+02,-9.724293496925376701e+01
4.673041875000000118e+02,-7.753400136412592758e+01
4.673044804687500005e+02,-7.930053072598740016e+01
4.673047734374999891e+02,-8.204195548111869130e+01
4.673050664062500346e+02,-9.435106499402408531e+01
4.673053593750000232e+02,-7.558152263412333127e+01
4.673056523437500118e+02,-7.462376348653569380e+01
4.673059453125000005e+02,-7.545854662832171300e+01
4.673062382812499891e+02,-7.738128904014141085e+01
4.673065312500000346e+02,-8.203838294820513966e+01
4.673068242187500232e+02,-7.752189412023889759e+01
4.673071171875000118e+02,-7.610648404471328377e+01
4.673074101562500005e+02,-7.665053379388911026e+01
4.673077031249999891e+02,-7.671916834594510703e+01
4.673079960937500346e+02,-8.471768767736688233e+01
4.673082890625000232e+02,-8.357974042719645524e+01
4.673085820312500118e+02,-7.851132470675582908e+01
4.673088750000000005e+02,-9.180290438377149087e+01
4.673091679687499891e+02,-7.398956283610877449e+01
4.673094609375000346e+02,-7.371877950061781348e+01
4.673097539062500232e+02,-7.530314111576760183e+01
4.673100468750000118e+02,-7.788389987170066320e+01
4.673103398437500005e+02,-7.614046718797479230e+01
4.673106328124999891e+02,-8.255336172255309179e+01
4.673109257812500346e+02,-7.929278969718149028e+01
4.673112187500000232e+02,-7.928923312435838966e+01
4.673115117187500118e+02,-8.387093752774946154e+01
4.673118046875000005e+02,-7.967958290154143697e+01
4.673120976562499891e+02,-8.162999149080366124e+01
4.673123906250000346e+02,-9.495749664447342298e+01
4.673126835937500232e+02,-8.568121368971502250e+01
4.673129765625000118e+02,-8.078870672508466555e+01
4.673132695312500005e+02,-7.705302792470725137e+01
4.673135624999999891e+02,-7.949560320064068719e+01
4.673138554687500346e+02,-8.403743304072631304e+01
4.673141484375000232e+02,-7.766251967824393887e+01
4.673144414062500118e+02,-7.793778714955647047e+01
4.673147343750000005e+02,-7.832281296526281267e+01
4.673150273437499891e+02,-8.408675038964817361e+01
4.673153203125000346e+02,-8.786823692970199318e+01
4.673156132812500232e+02,-8.218214913563784307e+01
4.673159062500000118e+02,-7.765943880368222096e+01
4.673161992187500005e+02,-7.386378664566365160e+01
4.673164921874999891e+02,-7.285206721431086407e+01
4.673167851562500346e+02,-7.818352544281870564e+01
4.673170781250000232e+02,-8.216069151860365594e+01
4.673173710937500118e+02,-7.988095657670928063e+01
4.673176640625000005e+02,-8.432474343229813485e+01
4.673179570312499891e+02,-8.436337065246098632e+01
4.673182500000000346e+02,-7.818636182127013967e+01
4.673185429687500232e+02,-8.639266728830320119e+01
4.673188359375000118e+02,-7.999458279061660448e+01
4.673191289062500005e+02,-7.872725650747072734e+01
4.673194218749999891e+02,-8.096011936534745246e+01
4.673197148437500346e+02,-8.265850352261114153e+01
4.673200078125000232e+02,-8.128130495151994239e+01
4.673203007812500118e+02,-8.010667845181137636e+01
4.673205937500000005e+02,-8.874513559519417072e+01
4.673208867187499891e+02,-7.463646868149518809e+01
4.673211796875000346e+02,-7.628236423162357482e+01
4.673214726562500232e+02,-7.169685863137138426e+01
4.673217656250000118e+02,-7.394264344830344271e+01
4.673220585937500005e+02,-7.570041228979819437e+01
4.673223515624999891e+02,-8.606938967199454282e+01
4.673226445312500346e+02,-8.710078498807106939e+01
4.673229375000000232e+02,-8.014459500576228379e+01
4.673232304687500118e+02,-9.058040101619225481e+01
4.673235234375000005e+02,-7.830248552202876056e+01
4.673238164062499891e+02,-7.562161749103952957e+01
4.673241093750000346e+02,-8.324026264612214732e+01
4.673244023437500232e+02,-8.273104034041764976e+01
4.673246953125000118e+02,-8.641477845579707662e+01
4.673249882812500005e+02,-7.731842819722821503e+01
4.673252812499999891e+02,-8.109297761344180344e+01
4.673255742187500346e+02,-7.895122023522971233e+01
4.673258671875000232e+02,-8.113054958044897091e+01
4.673261601562500118e+02,-7.366071830876079218e+01
4.673264531250000005e+02,-7.480131573331175332e+01
4.673267460937499891e+02,-7.515102243831289286e+01
4.673270390625000346e+02,-7.207423891896901580e+01
4.673273320312500232e+02,-8.756402945717239561e+01
4.673276250000000118e+02,-7.701465527532968736e+01
4.673279179687500005e+02,-8.168532845838637968e+01
4.673282109374999891e+02,-7.303944113160233087e+01
4.673285039062500346e+02,-7.543862618970854328e+01
4.673287968750000232e+02,-8.836973054276720063e+01
4.673290898437500118e+02,-7.660844228786130827e+01
4.673293828125000005e+02,-7.548221042773799638e+01
4.673296757812499891e+02,-8.751236625316002460e+01
4.673299687500000346e+02,-7.639312216198204908e+01
4.673302617187500232e+02,-8.159313920505903184e+01
4.673305546875000118e+02,-8.546768549253577874e+01
4.673308476562500005e+02,-7.623083029416598322e+01
4.673311406249999891e+02,-7.433771415720043763e+01
4.673314335937500346e+02,-7.231188212837417950e+01
4.673317265625000232e+02,-7.177325106878157612e+01
4.673320195312500118e+02,-7.078384137908551565e+01
4.673323125000000005e+02,-7.410339648456327666e+01
4.673326054687499891e+02,-7.278145110629883163e+01
4.673328984375000346e+02,-7.307255974500441198e+01
4.673331914062500232e+02,-7.640815542043452524e+01
4.673334843750000118e+02,-9.052477244434690817e+01
4.673337773437500005e+02,-8.701893388215209768e+01
4.673340703124999891e+02,-7.840236056319109537e+01
4.673343632812500346e+02,-8.334065857524949195e+01
4.673346562500000232e+02,-1.047119063759544701e+02
4.673349492187500118e+02,-8.088646156662682074e+01
4.673352421875000005e+02,-8.974043761790304075e+01
4.673355351562499891e+02,-8.418153852911957813e+01
4.673358281250000346e+02,-7.059111431939790293e+01
4.673361210937500232e+02,-7.962536928372693978e+01
4.673364140625000118e+02,-7.985540668660509311e+01
4.673367070312500005e+02,-7.544310437407628456e+01
4.673369999999999891e+02,-7.599949011478619809e+01
4.673372929687500346e+02,-7.359749841260730818e+01
4.673375859375000232e+02,-7.361928901695347349e+01
4.673378789062500118e+02,-7.184738477543888280e+01
4.673381718750000005e+02,-7.155115779820559396e+01
4.673384648437499891e+02,-7.358756017214918188e+01
4.673387578125000346e+02,-8.372288937402882425e+01
4.673390507812500232e+02,-9.741523613861775743e+01
4.673393437500000118e+02,-8.445184966555837036e+01
4.673396367187500005e+02,-8.702498039063451074e+01
4.673399296874999891e+02,-7.120869110284382941e+01
4.673402226562500346e+02,-7.255083505454733483e+01
4.673405156250000232e+02,-7.892622602122901299e+01
4.673408085937500118e+02,-7.328330156994005051e+01
4.673411015625000005e+02,-7.770162271221796857e+01
4.673413945312499891e+02,-7.892891342387035536e+01
4.673416875000000346e+02,-7.306752159821405712e+01
4.673419804687500232e+02,-7.074656585033815759e+01
4.673422734375000118e+02,-7.970342047725974055e+01
4.673425664062500005e+02,-7.579694533382553345e+01
4.673428593749999891e+02,-7.134024902017414149e+01
4.673431523437500346e+02,-7.666961116413501998e+01
4.673434453125000232e+02,-7.340347039827859987e+01
4.673437382812500118e+02,-7.223065589286366617e+01
4.673440312500000005e+02,-7.110684888179767427e+01
4.673443242187499891e+02,-7.079696317657865734e+01
4.673446171875000346e+02,-7.371744343593269377e+01
4.673449101562500232e+02,-8.016791003278372330e+01
4.673452031250000118e+02,-8.024048152230471942e+01
4.673454960937500005e+02,-9.302029436707528021e+01
4.673457890624999891e+02,-7.301364354815416391e+01
4.673460820312500346e+02,-7.289741081227671771e+01
4.673463750000000232e+02,-7.500778824787590793e+01
4.673466679687500118e+02,-7.565302608792973160e+01
4.673469609375000005e+02,-8.076410385442031270e+01
4.673472539062499891e+02,-7.680158316248869710e+01
4.673475468750000346e+02,-7.767791382980844617e+01
4.673478398437500232e+02,-7.732109165991002442e+01
4.673481328125000118e+02,-8.059086036774488093e+01
4.673484257812500005e+02,-8.011901665686755791e+01
4.673487187499999891e+02,-7.278895458765065030e+01
4.673490117187500346e+02,-8.327338279213982730e+01
4.673493046875000232e+02,-7.425591769558481303e+01
4.673495976562500118e+02,-7.459044817291412244e+01
4.673498906250000005e+02,-7.408118871269196859e+01
4.673501835937499891e+02,-8.704251317759130302e+01
4.673504765625000346e+02,-7.998909487820866104e+01
4.673507695312500232e+02,-7.362644108229150675e+01
4.673510625000000118e+02,-8.001400611449790290e+01
4.673513554687500005e+02,-7.457925109885310633e+01
4.673516484374999891e+02,-7.447302014557661209e+01
4.673519414062500346e+02,-8.219879886380530820e+01
4.673522343750000232e+02,-7.404151273484869478e+01
4.673525273437500118e+02,-6.862326158117150499e+01
4.673528203125000005e+02,-7.223601301816040632e+01
4.673531132812499891e+02,-7.565096849901456721e+01
4.673534062500000346e+02,-7.288086481927722105e+01
4.673536992187500232e+02,-7.341329784984989715e+01
4.673539921875000118e+02,-7.210833113063466726e+01
4.673542851562500005e+02,-7.430016783557944393e+01
4.673545781249999891e+02,-7.303666103712725999e+01
4.673548710937500346e+02,-8.847384786857128347e+01
4.673551640625000232e+02,-8.589998425233098089e+01
4.673554570312500118e+02,-7.465271626344964773e+01
4.673557500000000005e+02,-7.925109154942668965e+01
4.673560429687499891e+02,-7.326107031169493666e+01
4.673563359375000346e+02,-7.060705857830845389e+01
4.673566289062500232e+02,-7.692493812648349660e+01
4.673569218750000118e+02,-7.401622370591698541e+01
4.673572148437500005e+02,-7.191585964567974543e+01
4.673575078124999891e+02,-7.223533867080371351e+01
4.673578007812500346e+02,-7.697870075321928596e+01
4.673580937500000232e+02,-7.133453624486560329e+01
4.673583867187500118e+02,-8.731672336422411718e+01
4.673586796875000005e+02,-7.655039683207596113e+01
4.673589726562499891e+02,-7.634698072582017403e+01
4.673592656250000346e+02,-7.291756678334461128e+01
4.673595585937500232e+02,-6.946445976700255187e+01
4.673598515625000118e+02,-7.332821152195965908e+01
4.673601445312500005e+02,-6.987535009116703577e+01
4.673604374999999891e+02,-7.899049898728722496e+01
4.673607304687500346e+02,-8.173225785390492604e+01
4.673610234375000232e+02,-7.851107638788691645e+01
4.673613164062500118e+02,-8.129066097606946073e+01
4.673616093750000005e+02,-8.486894451679793860e+01
4.673619023437499891e+02,-7.440806957281242262e+01
4.673621953125000346e+02,-7.221623935176253894e+01
4.673624882812500232e+02,-7.792813591852895172e+01
4.673627812500000118e+02,-7.175972738949717211e+01
4.673630742187500005e+02,-7.965871398468411257e+01
4.673633671874999891e+02,-7.558069914939383693e+01
4.673636601562500346e+02,-7.304992642561728644e+01
4.673639531250000232e+02,-7.928461184135876749e+01
4.673642460937500118e+02,-7.759139869297820269e+01
4.673645390625000005e+02,-7.853972470561569708e+01
4.673648320312499891e+02,-8.220259726760170338e+01
4.673651250000000346e+02,-7.741054791078533981e+01
4.673654179687500232e+02,-7.627010716590407924e+01
4.673657109375000118e+02,-6.985656133989965610e+01
4.673660039062500005e+02,-7.404725724518524999e+01
4.673662968749999891e+02,-7.669846692497367258e+01
4.673665898437500346e+02,-8.040582193293846558e+01
4.673668828125000232e+02,-8.489273835189939632e+01
4.673671757812500118e+02,-7.011179660902527644e+01
4.673674687500000005e+02,-7.478015382778724529e+01
4.673677617187499891e+02,-7.418376326857405445e+01
4.673680546875000346e+02,-7.134616071300094120e+01
4.673683476562500232e+02,-7.295203332135847063e+01
4.673686406250000118e+02,-7.329884527314248999e+01
4.673689335937500005e+02,-7.556761315113740807e+01
4.673692265624999891e+02,-6.957411142825479544e+01
4.673695195312500346e+02,-7.735545496371815943e+01
4.673698125000000232e+02,-8.947181824205142675e+01
4.673701054687500118e+02,-8.001656647082998575e+01
4.673703984375000005e+02,-7.847007309793666252e+01
4.673706914062499891e+02,-8.794407675195024865e+01
4.673709843750000346e+02,-8.800559127754664246e+01
4.673712773437500232e+02,-8.040162035631195181e+01
4.673715703125000118e+02,-7.529074497945116207e+01
4.673718632812500005e+02,-7.290097250548194552e+01
4.673721562499999891e+02,-6.926873133339293531e+01
4.673724492187500346e+02,-7.289443186737996427e+01
4.673727421875000232e+02,-9.514975086418480998e+01
4.673730351562500118e+02,-7.294415286154973899e+01
4.673733281250000005e+02,-6.999888345745755203e+01
4.673736210937499891e+02,-7.819454994633049694e+01
4.673739140625000346e+02,-8.668592812657996660e+01
4.673742070312500232e+02,-7.623347599734186986e+01
4.673745000000000118e+02,-9.943146241399061580e+01
4.673747929687500005e+02,-7.242974548777395682e+01
4.673750859374999891e+02,-6.930511773804323639e+01
4.673753789062500346e+02,-7.996745960050253643e+01
4.673756718750000232e+02,-8.405317020476061884e+01
4.673759648437500118e+02,-7.501402064598013908e+01
4.673762578125000005e+02,-7.472290029268140188e+01
4.673765507812499891e+02,-7.703068673028684543e+01
4.673768437500000346e+02,-7.363757244109609701e+01
4.673771367187500232e+02,-7.572747558520562450e+01
4.673774296875000118e+02,-7.928542937851580064e+01
4.673777226562500005e+02,-7.657618421560127331e+01
4.673780156249999891e+02,-7.388790728227166937e+01
4.673783085937500346e+02,-7.687082350349444937e+01
4.673786015625000232e+02,-7.078816837210128199e+01
4.673788945312500118e+02,-6.924173529251658010e+01
4.673791875000000005e+02,-6.774701698577142395e+01
4.673794804687499891e+02,-7.567916852139607897e+01
4.673797734375000346e+02,-7.495347438705822185e+01
4.673800664062500232e+02,-7.443100737275008782e+01
4.673803593750000118e+02,-7.608186703179630683e+01
4.673806523437500005e+02,-8.281806571217765622e+01
4.673809453124999891e+02,-7.869946226509858889e+01
4.673812382812500346e+02,-7.387862662751069820e+01
4.673815312500000232e+02,-7.048574565943066261e+01
4.673818242187500118e+02,-9.883798983548547312e+01
4.673821171875000005e+02,-7.995170069349647690e+01
4.673824101562499891e+02,-7.668153416090298435e+01
4.673827031250000346e+02,-6.981444940606209570e+01
4.673829960937500232e+02,-7.849348202931601293e+01
4.673832890625000118e+02,-7.541173311396343593e+01
4.673835820312500005e+02,-7.205056515752080770e+01
4.673838749999999891e+02,-7.354225862262404689e+01
4.673841679687500346e+02,-7.014573709025818005e+01
4.673844609375000232e+02,-6.760769959125326523e+01
4.673847539062500118e+02,-7.375740962910479936e+01
4.673850468750000005e+02,-6.818603445884035352e+01
4.673853398437499891e+02,-6.788739598568331246e+01
4.673856328125000346e+02,-7.038983612157525727e+01
4.673859257812500232e+02,-7.302422696142747327e+01
4.673862187500000118e+02,-7.803034372493372928e+01
4.673865117187500005e+02,-7.074648082014807926e+01
4.673868046874999891e+02,-7.394339308475733219e+01
4.673870976562500346e+02,-7.746298762015611317e+01
4.673873906250000232e+02,-7.317279711675719511e+01
4.673876835937500118e+02,-6.723542728030876958e+01
4.673879765625000005e+02,-6.980429395968835138e+01
4.673882695312499891e+02,-7.918736946545391220e+01
4.673885625000000346e+02,-8.843680796974270208e+01
4.673888554687500232e+02,-7.860247923516453739e+01
4.673891484375000118e+02,-8.228224215730969604e+01
4.673894414062500005e+02,-8.676692203446040708e+01
4.673897343749999891e+02,-9.423268822397061228e+01
4.673900273437500346e+02,-8.962716794443738877e+01
4.673903203125000232e+02,-7.731629472884837639e+01
4.673906132812500118e+02,-7.236107634598398874e+01
4.673909062500000005e+02,-7.508695632031096068e+01
4.673911992187499891e+02,-7.364395487313815636e+01
4.673914921875000346e+02,-7.780187596138974016e+01
4.673917851562500232e+02,-8.029766124214050649e+01
4.673920781250000118e+02,-7.506020488236252675e+01
4.673923710937500005e+02,-7.300829337412653786e+01
4.673926640624999891e+02,-6.977640951044685380e+01
4.673929570312500346e+02,-7.198673703919509137e+01
4.673932500000000232e+02,-7.239071801255880700e+01
4.673935429687500118e+02,-7.379060539779423777e+01
4.673938359375000005e+02,-8.228449652799261571e+01
4.673941289062499891e+02,-8.080053250973853096e+01
4.673944218750000346e+02,-7.777721793668030159e+01
4.673947148437500232e+02,-7.087300868614347849e+01
4.673950078125000118e+02,-7.865586122461920127e+01
4.673953007812500005e+02,-7.807774035638806254e+01
4.673955937499999891e+02,-8.445523249577937008e+01
4.673958867187500346e+02,-7.156224132952425521e+01
4.673961796875000232e+02,-7.534962125058167715e+01
4.673964726562500118e+02,-8.028883449053851962e+01
4.673967656250000005e+02,-8.096882973988201115e+01
4.673970585937499891e+02,-7.775762667481369306e+01
4.673973515625000346e+02,-7.468183867882744664e+01
4.673976445312500232e+02,-7.363875095084785016e+01
4.673979375000000118e+02,-7.613960070555623361e+01
4.673982304687500005e+02,-7.694401069325147091e+01
4.673985234374999891e+02,-7.590322465601514068e+01
4.673988164062500346e+02,-6.999439991620319290e+01
4.673991093750000232e+02,-7.459439036464937089e+01
4.673994023437500118e+02,-8.914127238143623799e+01
4.673996953125000005e+02,-7.137321282096981179e+01
4.673999882812499891e+02,-6.721209253438563280e+01
4.674002812500000346e+02,-7.028526348219583042e+01
4.674005742187500232e+02,-7.076800310550534334e+01
4.674008671875000118e+02,-7.002352468287587328e+01
4.674011601562500005e+02,-7.071272082224747635e+01
4.674014531249999891e+02,-8.481288591071654537e+01
4.674017460937500346e+02,-7.796295408033005003e+01
4.674020390625000232e+02,-6.895818003249735284e+01
4.674023320312500118e+02,-7.788712776253662184e+01
4.674026250000000005e+02,-7.790802679821973697e+01
4.674029179687499891e+02,-7.642438319415322212e+01
4.674032109375000346e+02,-6.863175573421361264e+01
4.674035039062500232e+02,-7.209767674051792596e+01
4.674037968750000118e+02,-7.626727845018980645e+01
4.674040898437500005e+02,-6.864823255477563180e+01
4.674043828124999891e+02,-6.969401108771826614e+01
4.674046757812500346e+02,-9.550682359024804668e+01
4.674049687500000232e+02,-7.221462554582726057e+01
4.674052617187500118e+02,-6.893949969933257194e+01
4.674055546875000005e+02,-7.095066877822932838e+01
4.674058476562499891e+02,-6.799386426075407996e+01
4.674061406250000346e+02,-9.401990274174670503e+01
4.674064335937500232e+02,-8.352196937594928272e+01
4.674067265625000118e+02,-7.679672171333459119e+01
4.674070195312500005e+02,-7.876584573200705108e+01
4.674073124999999891e+02,-7.429937543856441096e+01
4.674076054687500346e+02,-7.187019229662502084e+01
4.674078984375000232e+02,-7.014467196271080240e+01
4.674081914062500118e+02,-7.641772590127571618e+01
4.674084843750000005e+02,-8.174184203851197594e+01
4.674087773437499891e+02,-7.373675053500673471e+01
4.674090703125000346e+02,-7.104565517573182376e+01
4.674093632812500232e+02,-7.174990401930527639e+01
4.674096562500000118e+02,-7.251825332145588732e+01
4.674099492187500005e+02,-7.037431517782987100e+01
4.674102421874999891e+02,-7.132256110122278869e+01
4.674105351562500346e+02,-7.016483556783660447e+01
4.674108281250000232e+02,-7.046699611414533138e+01
4.674111210937500118e+02,-6.845242199944615891e+01
4.674114140625000005e+02,-7.089641594358836585e+01
4.674117070312499891e+02,-7.194733322229380690e+01
4.674120000000000346e+02,-6.807015599690683416e+01
4.674122929687500232e+02,-6.492046324591623829e+01
4.674125859375000118e+02,-7.014517388414128618e+01
4.674128789062500005e+02,-7.170412300641612546e+01
4.674131718749999891e+02,-7.164860071387246876e+01
4.674134648437500346e+02,-6.827990214251312295e+01
4.674137578125000232e+02,-7.147232305598652147e+01
4.674140507812500118e+02,-7.652643246726506732e+01
4.674143437500000005e+02,-7.139101949148006554e+01
4.674146367187499891e+02,-7.141605997690237473e+01
4.674149296875000346e+02,-7.382866042385013827e+01
4.674152226562500232e+02,-6.982060301028860749e+01
4.674155156250000118e+02,-6.347988218100454105e+01
4.674158085937500005e+02,-6.839658199686175521e+01
4.674161015624999891e+02,-7.406399111977927419e+01
4.674163945312500346e+02,-7.682354264081217821e+01
4.674166875000000232e+02,-6.986341909424157848e+01
4.674169804687500118e+02,-6.937793960203967458e+01
4.674172734375000005e+02,-7.802957878909435863e+01
4.674175664062499891e+02,-6.784419818744703434e+01
4.674178593750000346e+02,-6.551278610330240326e+01
4.674181523437500232e+02,-6.947003252031494469e+01
4.674184453125000118e+02,-7.469644726749626784e+01
4.674187382812500005e+02,-6.824036385879657018e+01
4.674190312499999891e+02,-6.487507659956285977e+01
4.674193242187500346e+02,-6.830566046311955120e+01
4.674196171875000232e+02,-7.374743584995130163e+01
4.674199101562500118e+02,-6.620487222686313089e+01
4.674202031250000005e+02,-7.267455757034261410e+01
4.674204960937499891e+02,-8.546839392259224155e+01
4.674207890625000346e+02,-7.477833636812110285e+01
4.674210820312500232e+02,-7.767905483292095425e+01
4.674213750000000118e+02,-6.938385385287872964e+01
4.674216679687500005e+02,-6.736606706430163172e+01
4.674219609374999891e+02,-7.602433552968054187e+01
4.674222539062500346e+02,-7.138846847187436140e+01
4.674225468750000232e+02,-6.689491519453763146e+01
4.674228398437500118e+02,-7.425500705855652939e+01
4.674231328125000005e+02,-7.085776933343527162e+01
4.674234257812499891e+02,-6.942308591905221249e+01
4.674237187500000346e+02,-6.956277277948872495e+01
4.674240117187500232e+02,-6.928831874534564861e+01
4.674243046875000118e+02,-6.486284723721534817e+01
4.674245976562500005e+02,-6.915408865071779587e+01
4.674248906249999891e+02,-7.617511322698921106e+01
4.674251835937500346e+02,-7.519083016605101477e+01
4.674254765625000232e+02,-7.527160412567322112e+01
4.674257695312500118e+02,-7.308636674327898675e+01
4.674260625000000005e+02,-8.384910600055249574e+01
4.674263554687499891e+02,-7.329447623757246788e+01
4.674266484375000346e+02,-7.001010622387981641e+01
4.674269414062500232e+02,-8.184841030229685543e+01
4.674272343750000118e+02,-7.697877513708165509e+01
4.674275273437500005e+02,-6.919179962318413857e+01
4.674278203124999891e+02,-6.873310570168187894e+01
4.674281132812500346e+02,-7.784780340037048063e+01
4.674284062500000232e+02,-7.396159937091140080e+01
4.674286992187500118e+02,-7.708447174053931406e+01
4.674289921875000005e+02,-7.341604609109000990e+01
4.674292851562499891e+02,-7.217875939234099292e+01
4.674295781250000346e+02,-7.593389741986801766e+01
4.674298710937500232e+02,-6.842181352103551717e+01
4.674301640625000118e+02,-6.621950575135164740e+01
4.674304570312500005e+02,-6.697850400722252573e+01
4.674307499999999891e+02,-6.892886032607528080e+01
4.674310429687500346e+02,-7.786040493558199671e+01
4.674313359375000232e+02,-7.411653616461926219e+01
4.674316289062500118e+02,-8.073285146743025109e+01
4.674319218750000005e+02,-7.081928784040498215e+01
4.674322148437499891e+02,-7.163489512225237377e+01
4.674325078125000346e+02,-7.746954056903751962e+01
4.674328007812500232e+02,-7.565904755611035171e+01
4.674330937500000118e+02,-7.001298515104227249e+01
4.674333867187500005e+02,-6.694745709671093437e+01
4.674336796874999891e+02,-6.843805285981532904e+01
4.674339726562500346e+02,-6.887379054873238715e+01
4.674342656250000232e+02,-6.954374156256703543e+01
4.674345585937500118e+02,-8.533976990542043950e+01
4.674348515625000005e+02,-7.386184814556887090e+01
4.674351445312499891e+02,-7.851851492494529339e+01
4.674354375000000346e+02,-8.272129384429824484e+01
4.674357304687500232e+02,-7.664357016730467365e+01
4.674360234375000118e+02,-7.253126086353731239e+01
4.674363164062500005e+02,-7.192134970196215704e+01
4.674366093749999891e+02,-8.560076895449803658e+01
4.674369023437500346e+02,-7.341427562277831953e+01
4.674371953125000232e+02,-8.031009497874991609e+01
4.674374882812500118e+02,-7.565386950457120463e+01
4.674377812500000005e+02,-7.236092253166917487e+01
4.674380742187499891e+02,-6.693476479836635917e+01
4.674383671875000346e+02,-6.876763147651557517e+01
4.674386601562500232e+02,-7.295406964408942940e+01
4.674389531250000118e+02,-7.243054926807425886e+01
4.674392460937500005e+02,-7.563764448484343461e+01
4.674395390624999891e+02,-7.063950112163776396e+01
4.674398320312500346e+02,-7.004821233753250453e+01
4.674401250000000232e+02,-8.436499994885261344e+01
4.674404179687500118e+02,-7.710476056794293243e+01
4.674407109375000005e+02,-7.020753739537626359e+01
4.674410039062499891e+02,-6.853345618836463871e+01
4.674412968750000346e+02,-7.073020000855433409e+01
4.674415898437500232e+02,-7.082089240797473906e+01
4.674418828125000118e+02,-7.943707625223126456e+01
4.674421757812500005e+02,-7.573140039710412452e+01
4.674424687499999891e+02,-7.538364820837615810e+01
4.674427617187500346e+02,-8.101562667912496352e+01
4.674430546875000232e+02,-7.323048632365272681e+01
4.674433476562500118e+02,-7.556565786045366906e+01
4.674436406250000005e+02,-7.069766412195485827e+01
4.674439335937499891e+02,-7.443826133865269412e+01
4.674442265625000346e+02,-7.380852238925798758e+01
4.674445195312500232e+02,-8.046660345639520528e+01
4.674448125000000118e+02,-7.665263195969168919e+01
4.674451054687500005e+02,-7.554914163071934752e+01
4.674453984374999891e+02,-7.425715558909290337e+01
4.674456914062500346e+02,-7.506598293930650811e+01
4.674459843750000232e+02,-7.362581819647667203e+01
4.674462773437500118e+02,-7.389688374354747680e+01
4.674465703125000005e+02,-8.166592207567914841e+01
4.674468632812499891e+02,-6.929257807492946597e+01
4.674471562500000346e+02,-6.822931818736522303e+01
4.674474492187500232e+02,-6.805527459774911847e+01
4.674477421875000118e+02,-7.176456308721155608e+01
4.674480351562500005e+02,-7.037856947377582628e+01
4.674483281249999891e+02,-6.893530892234738872e+01
4.674486210937500346e+02,-6.942990163715592189e+01
4.674489140625000232e+02,-7.289050976808009352e+01
4.674492070312500118e+02,-9.098439215664372171e+01
4.674495000000000005e+02,-8.268227898976915924e+01
4.674497929687499891e+02,-7.802033515206272796e+01
4.674500859375000346e+02,-7.236731549756422055e+01
4.674503789062500232e+02,-7.775802401542014763e+01
4.674506718750000118e+02,-8.076291993220762322e+01
4.674509648437500005e+02,-7.403335192885242577e+01
4.674512578124999891e+02,-7.109120599778239580e+01
4.674515507812500346e+02,-7.195543871364020561e+01
4.674518437500000232e+02,-7.931400131119156072e+01
4.674521367187500118e+02,-7.280881090936183853e+01
4.674524296875000005e+02,-6.931496670114479741e+01
4.674527226562499891e+02,-6.965723649396090877e+01
4.674530156250000346e+02,-7.149647269534254690e+01
4.674533085937500232e+02,-7.309972166097298896e+01
4.674536015625000118e+02,-7.207245952311612314e+01
4.674538945312500005e+02,-7.659890312119377143e+01
4.674541874999999891e+02,-7.452598454008781914e+01
4.674544804687500346e+02,-7.016052518463889953e+01
4.674547734375000232e+02,-7.578323772525406810e+01
4.674550664062500118e+02,-7.023378320058424151e+01
4.674553593750000005e+02,-7.469978318304134746e+01
4.674556523437499891e+02,-7.483848040385393574e+01
4.674559453125000346e+02,-8.081713489422929797e+01
4.674562382812500232e+02,-7.984131332976674855e+01
4.674565312500000118e+02,-7.098207236875934711e+01
4.674568242187500005e+02,-6.909048860045498941e+01
4.674571171874999891e+02,-7.363415457498659578e+01
4.674574101562500346e+02,-7.563207753968301006e+01
4.674577031250000232e+02,-7.737241922869981181e+01
4.674579960937500118e+02,-8.201024743701265152e+01
4.674582890625000005e+02,-7.924056538627027635e+01
4.674585820312499891e+02,-7.941009597179990465e+01
4.674588750000000346e+02,-7.813848958850989845e+01
4.674591679687500232e+02,-6.870419200272647231e+01
4.674594609375000118e+02,-6.554208335546134379e+01
4.674597539062500005e+02,-7.136125694936779951e+01
4.674600468749999891e+02,-7.286381350488646547e+01
4.674603398437500346e+02,-7.667310570178185003e+01
4.674606328125000232e+02,-8.761084039162986414e+01
4.674609257812500118e+02,-7.291836386571395678e+01
4.674612187500000005e+02,-7.464671031295792147e+01
4.674615117187499891e+02,-7.016507155731491707e+01
4.674618046875000346e+02,-7.126671513623216470e+01
4.674620976562500232e+02,-7.830407474022830172e+01
4.674623906250000118e+02,-7.722125731768900891e+01
4.674626835937500005e+02,-6.549325145828859718e+01
4.674629765624999891e+02,-6.722523041654423537e+01
4.674632695312500346e+02,-6.855760474836178275e+01
4.674635625000000232e+02,-6.536694749416967909e+01
4.674638554687500118e+02,-6.787193816970358284e+01
4.674641484375000005e+02,-7.581703933326102174e+01
4.674644414062499891e+02,-8.424884154682357007e+01
4.674647343750000346e+02,-7.759150706066579062e+01
4.674650273437500232e+02,-7.934690341554787096e+01
4.674653203125000118e+02,-7.823642800551328946e+01
4.674656132812500005e+02,-8.078129079219732489e+01
4.674659062499999891e+02,-7.418098580358814331e+01
4.674661992187500346e+02,-6.976225896343621002e+01
4.674664921875000232e+02,-6.717104201228372062e+01
4.674667851562500118e+02,-7.203434488168358030e+01
4.674670781250000005e+02,-6.904060870120859761e+01
4.674673710937499891e+02,-7.027986871287060922e+01
4.674676640625000346e+02,-7.728004578328649643e+01
4.674679570312500232e+02,-7.173196536078745567e+01
4.674682500000000118e+02,-7.086600775609801417e+01
4.674685429687500005e+02,-8.186595150323728376e+01
4.674688359374999891e+02,-7.237846656327478456e+01
4.674691289062500346e+02,-6.732471464242004799e+01
4.674694218750000232e+02,-6.590674206580362693e+01
4.674697148437500118e+02,-6.704527904191601806e+01
4.674700078125000005e+02,-8.353421246344181839e+01
4.674703007812499891e+02,-7.080334861919362766e+01
4.674705937500000346e+02,-6.773737771147625608e+01
4.674708867187500232e+02,-8.289710507021943897e+01
4.674711796875000118e+02,-6.575100961108439890e+01
4.674714726562500005e+02,-6.839064698518325258e+01
4.674717656249999891e+02,-7.811076772704453219e+01
4.674720585937500346e+02,-7.133364357672748213e+01
4.674723515625000232e+02,-6.363182531350912541e+01
4.674726445312500118e+02,-6.583191231764752160e+01
4.674729375000000005e+02,-6.639797053449539987e+01
4.674732304687499891e+02,-6.377004415651168756e+01
4.674735234375000346e+02,-6.759509259708841000e+01
4.674738164062500232e+02,-7.806433223814467226e+01
4.674741093750000118e+02,-8.093225371514753874e+01
4.674744023437500005e+02,-7.206441759986928730e+01
4.674746953124999891e+02,-7.252718783052655738e+01
4.674749882812500346e+02,-7.665538921194077204e+01
4.674752812500000232e+02,-7.882557131999936928e+01
4.674755742187500118e+02,-8.188742670950799152e+01
4.674758671875000005e+02,-7.927273377991565440e+01
4.674761601562499891e+02,-8.123536303759701127e+01
4.674764531250000346e+02,-6.608057282316637782e+01
4.674767460937500232e+02,-6.352356409946774818e+01
4.674770390625000118e+02,-6.465111471682449462e+01
4.674773320312500005e+02,-7.412183577538755230e+01
4.674776249999999891e+02,-6.474409469513045678e+01
4.674779179687500346e+02,-6.390121706613911812e+01
4.674782109375000232e+02,-7.034921715677191401e+01
4.674785039062500118e+02,-6.934620796448314195e+01
4.674787968750000005e+02,-6.547774033102326996e+01
4.674790898437499891e+02,-7.012227095616110262e+01
4.674793828125000346e+02,-6.685552728119445476e+01
4.674796757812500232e+02,-6.621577780031923055e+01
4.674799687500000118e+02,-8.286405697088356703e+01
4.674802617187500005e+02,-7.568110040237624503e+01
4.674805546874999891e+02,-6.939063044824101212e+01
4.674808476562500346e+02,-7.021768081745450729e+01
4.674811406250000232e+02,-6.318236097815527330e+01
4.674814335937500118e+02,-5.882158490240080795e+01
4.674817265625000005e+02,-6.906568093157382293e+01
4.674820195312499891e+02,-6.840502959967568586e+01
4.674823125000000346e+02,-6.667329359190709681e+01
4.674826054687500232e+02,-6.808590690720924954e+01
4.674828984375000118e+02,-6.548668586318302687e+01
4.674831914062500005e+02,-6.751610225555168654e+01
4.674834843749999891e+02,-7.049383801053492959e+01
4.674837773437500346e+02,-7.076132527305595943e+01
4.674840703125000232e+02,-6.314691504676684275e+01
4.674843632812500118e+02,-6.430843453095209838e+01
4.674846562500000005e+02,-6.693123590756798080e+01
4.674849492187499891e+02,-6.904303228036661721e+01
4.674852421875000346e+02,-6.916553917572814214e+01
4.674855351562500232e+02,-6.523380033299017100e+01
4.674858281250000118e+02,-6.175516375604412644e+01
4.674861210937500005e+02,-6.824782461860888816e+01
4.674864140624999891e+02,-7.202603758405311396e+01
4.674867070312500346e+02,-7.074492632633169364e+01
4.674870000000000232e+02,-7.241014840014426568e+01
4.674872929687500118e+02,-7.714740610814888555e+01
4.674875859375000005e+02,-6.823473472917149252e+01
4.674878789062499891e+02,-7.211424399559962239e+01
4.674881718750000346e+02,-6.238277883789854883e+01
4.674884648437500232e+02,-5.903131770614572105e+01
4.674887578125000118e+02,-6.771507385874272700e+01
4.674890507812500005e+02,-7.242858912965652962e+01
4.674893437499999891e+02,-7.595867853412710247e+01
4.674896367187500346e+02,-7.026604720395074821e+01
4.674899296875000232e+02,-7.623919509244086612e+01
4.674902226562500118e+02,-6.606787506711326330e+01
4.674905156250000005e+02,-6.848706720939534875e+01
4.674908085937499891e+02,-7.725242915688112078e+01
4.674911015625000346e+02,-6.172865292886805122e+01
4.674913945312500232e+02,-6.218444370274396960e+01
4.674916875000000118e+02,-6.512589243855180143e+01
4.674919804687500005e+02,-6.359959758168354682e+01
4.674922734374999891e+02,-7.233237980611968965e+01
4.674925664062500346e+02,-6.078943662341826837e+01
4.674928593750000232e+02,-6.208580485293729367e+01
4.674931523437500118e+02,-7.587210127488113187e+01
4.674934453125000005e+02,-6.703591439698512033e+01
4.674937382812499891e+02,-6.508606600814530907e+01
4.674940312500000346e+02,-7.270066547293151871e+01
4.674943242187500232e+02,-5.743053787333245452e+01
4.674946171875000118e+02,-5.922498482923884922e+01
4.674949101562500005e+02,-6.431017573964486189e+01
4.674952031249999891e+02,-6.605815946481493484e+01
4.674954960937500346e+02,-9.741730801244658267e+01
4.674957890625000232e+02,-6.460392868165874347e+01
4.674960820312500118e+02,-5.829856670213440850e+01
4.674963750000000005e+02,-6.511360508668634850e+01
4.674966679687499891e+02,-7.879553943595340115e+01
4.674969609375000346e+02,-7.955289359178925679e+01
4.674972539062500232e+02,-7.152403773056538228e+01
4.674975468750000118e+02,-6.731817941046010390e+01
4.674978398437500005e+02,-6.143831285648641227e+01
4.674981328124999891e+02,-5.902724647557975857e+01
4.674984257812500346e+02,-7.541353800187009426e+01
4.674987187500000232e+02,-5.833669007659739947e+01
4.674990117187500118e+02,-6.118113817662950282e+01
4.674993046875000005e+02,-6.581929189390973534e+01
4.674995976562499891e+02,-6.093435827112607939e+01
4.674998906250000346e+02,-6.851912285935257785e+01
4.675001835937500232e+02,-7.117381694907393808e+01
4.675004765625000118e+02,-6.528597878984390945e+01
4.675007695312500005e+02,-5.971856787379608278e+01
4.675010624999999891e+02,-6.495505852972381433e+01
4.675013554687500346e+02,-6.397502415441725532e+01
4.675016484375000232e+02,-6.349720054509149492e+01
4.675019414062500118e+02,-6.387126293509606967e+01
4.675022343750000005e+02,-6.206988280819579273e+01
4.675025273437499891e+02,-7.046681272542932106e+01
4.675028203125000346e+02,-6.122094184819189167e+01
4.675031132812500232e+02,-6.659054857920149573e+01
4.675034062500000118e+02,-6.411263351151623624e+01
4.675036992187500005e+02,-6.151883155924623736e+01
4.675039921874999891e+02,-6.634162458655767125e+01
4.675042851562500346e+02,-6.004920706452726620e+01
4.675045781250000232e+02,-6.233321849500838141e+01
4.675048710937500118e+02,-7.889897745994122147e+01
4.675051640625000005e+02,-6.264874157034665814e+01
4.675054570312499891e+02,-5.868238412393749570e+01
4.675057500000000346e+02,-6.763570637258958129e+01
4.675060429687500232e+02,-6.044485436762288089e+01
4.675063359375000118e+02,-6.827997965066599306e+01
4.675066289062500005e+02,-7.107961098500787500e+01
4.675069218749999891e+02,-6.918075793119199091e+01
4.675072148437500346e+02,-7.794166153479604020e+01
4.675075078125000232e+02,-6.462753610588346476e+01
4.675078007812500118e+02,-6.381880645166879873e+01
4.675080937500000005e+02,-6.603940463164579455e+01
4.675083867187499891e+02,-6.870324868544896901e+01
4.675086796875000346e+02,-6.645132602625091067e+01
4.675089726562500232e+02,-6.648513389955650155e+01
4.675092656250000118e+02,-7.494802349987287471e+01
4.675095585937500005e+02,-7.310251082669915945e+01
4.675098515624999891e+02,-6.469578901845389396e+01
4.675101445312500346e+02,-7.393887208994824789e+01
4.675104375000000232e+02,-6.392153239562528455e+01
4.675107304687500118e+02,-6.932851968301596912e+01
4.675110234375000005e+02,-7.070452303954455431e+01
4.675113164062499891e+02,-8.512553701996075972e+01
4.675116093750000346e+02,-6.644345927569639798e+01
4.675119023437500232e+02,-7.181044840373357374e+01
4.675121953125000118e+02,-6.848793570680500409e+01
4.675124882812500005e+02,-6.541248522192881865e+01
4.675127812499999891e+02,-6.793800744291917226e+01
4.675130742187500346e+02,-6.954537329604704610e+01
4.675133671875000232e+02,-7.120100396013079092e+01
4.675136601562500118e+02,-6.871504075791544608e+01
4.675139531250000005e+02,-7.060833945745255846e+01
4.675142460937499891e+02,-7.046064617595979485e+01
4.675145390625000346e+02,-7.986141326113659034e+01
4.675148320312500232e+02,-6.319359371941636994e+01
4.675151250000000118e+02,-6.262293147924602721e+01
4.675154179687500005e+02,-6.385668161171861357e+01
4.675157109374999891e+02,-6.858681998416696501e+01
4.675160039062500346e+02,-7.049951041140887753e+01
4.675162968750000232e+02,-6.609683328647791711e+01
4.675165898437500118e+02,-6.758374912480846319e+01
4.675168828125000005e+02,-6.714482200323148220e+01
4.675171757812499891e+02,-6.811262785304349165e+01
4.675174687500000346e+02,-6.664470546953678820e+01
4.675177617187500232e+02,-6.425639465336240619e+01
4.675180546875000118e+02,-6.990179145144749384e+01
4.675183476562500005e+02,-7.101244270192799490e+01
4.675186406249999891e+02,-6.864431015133530423e+01
4.675189335937500346e+02,-6.809949200238864364e+01
4.675192265625000232e+02,-6.552273151755225911e+01
4.675195195312500118e+02,-7.799329595847142116e+01
4.675198125000000005e+02,-6.755980679303969794e+01
4.675201054687499891e+02,-6.334498945540403980e+01
4.675203984375000346e+02,-6.313305530365447993e+01
4.675206914062500232e+02,-6.409650073854567154e+01
4.675209843750000118e+02,-6.867588033000967584e+01
4.675212773437500005e+02,-6.498321018748100641e+01
4.675215703124999891e+02,-6.283771330480382744e+01
4.675218632812500346e+02,-6.476255971827089297e+01
4.675221562500000232e+02,-8.166495711869517038e+01
4.675224492187500118e+02,-6.401798732554789240e+01
4.675227421875000005e+02,-6.901656147373800820e+01
4.675230351562499891e+02,-6.997430024814437388e+01
4.675233281250000346e+02,-7.145812547476330678e+01
4.675236210937500232e+02,-7.036596814520760290e+01
4.675239140625000118e+02,-6.084656440474767436e+01
4.675242070312500005e+02,-6.015295180923915552e+01
4.675244999999999891e+02,-6.043156840995571599e+01
4.675247929687500346e+02,-8.148105701613913254e+01
4.675250859375000232e+02,-6.542926906824746425e+01
4.675253789062500118e+02,-6.797470173140185068e+01
4.675256718750000005e+02,-6.245169222306237344e+01
4.675259648437499891e+02,-6.552967514832461404e+01
4.675262578125000346e+02,-6.815237293380944550e+01
4.675265507812500232e+02,-5.740973096962718358e+01
4.675268437500000118e+02,-5.863757836171164683e+01
4.675271367187500005e+02,-8.201307825828004638e+01
4.675274296874999891e+02,-6.853789116331803655e+01
4.675277226562500346e+02,-7.285557075507287550e+01
4.675280156250000232e+02,-7.418272498533190173e+01
4.675283085937500118e+02,-7.833173702595702537e+01
4.675286015625000005e+02,-6.944300196969932415e+01
4.675288945312499891e+02,-7.246187952197671223e+01
4.675291875000000346e+02,-6.999443357134610721e+01
4.675294804687500232e+02,-6.664707323308181230e+01
4.675297734375000118e+02,-6.512146787569731998e+01
4.675300664062500005e+02,-6.145414631299490793e+01
4.675303593749999891e+02,-7.094282319874392329e+01
4.675306523437500346e+02,-6.713411168686067754e+01
4.675309453125000232e+02,-6.412918701941973154e+01
4.675312382812500118e+02,-7.788067117335037892e+01
4.675315312500000005e+02,-6.808255863649050355e+01
4.675318242187499891e+02,-6.393494457102036677e+01
4.675321171875000346e+02,-6.688217197177175422e+01
4.675324101562500232e+02,-6.617526737135105463e+01
4.675327031250000118e+02,-8.973567545935657108e+01
4.675329960937500005e+02,-6.486386471916733854e+01
4.675332890624999891e+02,-6.016175425099867624e+01
4.675335820312500346e+02,-5.930724199929922236e+01
4.675338750000000232e+02,-7.419712796670508226e+01
4.675341679687500118e+02,-7.676547584019746751e+01
4.675344609375000005e+02,-6.674776770186869612e+01
4.675347539062499891e+02,-6.286193522482469120e+01
4.675350468750000346e+02,-6.759573706546773053e+01
4.675353398437500232e+02,-6.987321910930515401e+01
4.675356328125000118e+02,-6.265580484319771415e+01
4.675359257812500005e+02,-5.843283340437535855e+01
4.675362187499999891e+02,-6.689313581246453566e+01
4.675365117187500346e+02,-7.945207004318913846e+01
4.675368046875000232e+02,-7.550542030195293819e+01
4.675370976562500118e+02,-6.513202263384269486e+01
4.675373906250000005e+02,-5.847136268732801057e+01
4.675376835937499891e+02,-6.122564640011887604e+01
4.675379765625000346e+02,-5.605727271644133225e+01
4.675382695312500232e+02,-5.736902083358015147e+01
4.675385625000000118e+02,-7.323379358213364299e+01
4.675388554687500005e+02,-6.392332577351739076e+01
4.675391484374999891e+02,-6.475245738826997410e+01
4.675394414062500346e+02,-6.107649021014935897e+01
4.675397343750000232e+02,-5.451198941834489631e+01
4.675400273437500118e+02,-5.581989749495430431e+01
4.675403203125000005e+02,-5.945492542247082213e+01
4.675406132812499891e+02,-6.149684055646876857e+01
4.675409062500000346e+02,-6.416895214135814740e+01
4.675411992187500232e+02,-6.230617275217083773e+01
4.675414921875000118e+02,-6.118351525113520495e+01
4.675417851562500005e+02,-5.562584726061076168e+01
4.675420781249999891e+02,-6.686379063069873041e+01
4.675423710937500346e+02,-6.432262344727033110e+01
4.675426640625000232e+02,-6.460312141986085521e+01
4.675429570312500118e+02,-6.292212029656836592e+01
4.675432500000000005e+02,-6.668775207939373217e+01
4.675435429687499891e+02,-6.483131223977504476e+01
4.675438359375000346e+02,-5.782412610830402855e+01
4.675441289062500232e+02,-6.164212474088705562e+01
4.675444218750000118e+02,-5.639358997118344519e+01
4.675447148437500005e+02,-5.699600044547074873e+01
4.675450078124999891e+02,-5.862271440681175960e+01
4.675453007812500346e+02,-5.281579482827591221e+01
4.675455937500000232e+02,-5.318111417213052050e+01
4.675458867187500118e+02,-4.928500389228346279e+01
4.675461796875000005e+02,-5.217574915382226663e+01
4.675464726562499891e+02,-5.307280744978682208e+01
4.675467656250000346e+02,-5.644261318463463084e+01
4.675470585937500232e+02,-5.816514803254555233e+01
4.675473515625000118e+02,-5.851012839458004322e+01
4.675476445312500005e+02,-5.179679807112337642e+01
4.675479374999999891e+02,-5.281465021846567254e+01
4.675482304687500346e+02,-9.420181572195323838e+01
4.675485234375000232e+02,-6.447967885433310187e+01
4.675488164062500118e+02,-5.871877903109015051e+01
4.675491093750000005e+02,-5.455180527573222804e+01
4.675494023437499891e+02,-6.413641976582563586e+01
4.675496953125000346e+02,-5.943555348395044291e+01
4.675499882812500232e+02,-5.760522493966671220e+01
4.675502812500000118e+02,-8.078719105211388296e+01
4.675505742187500005e+02,-6.407776662695781056e+01
4.675508671874999891e+02,-7.275163896723759649e+01
4.675511601562500346e+02,-6.485291638197040243e+01
4.675514531250000232e+02,-5.900851191409994811e+01
4.675517460937500118e+02,-5.565240777922782911e+01
4.675520390625000005e+02,-6.714405711459575343e+01
4.675523320312499891e+02,-5.785004977013908700e+01
4.675526250000000346e+02,-5.359070946501319810e+01
4.675529179687500232e+02,-5.542161532736632523e+01
4.675532109375000118e+02,-5.729910165897531726e+01
4.675535039062500005e+02,-6.544239737282256897e+01
4.675537968749999891e+02,-5.816318992680170652e+01
4.675540898437500346e+02,-6.745947720359698963e+01
4.675543828125000232e+02,-6.750779826086356650e+01
4.675546757812500118e+02,-6.422810383315290039e+01
4.675549687500000005e+02,-6.111163810995805079e+01
4.675552617187499891e+02,-6.637720865602919673e+01
4.675555546875000346e+02,-5.658537584392149000e+01
4.675558476562500232e+02,-5.412821199038054942e+01
4.675561406250000118e+02,-5.309585521528251206e+01
4.675564335937500005e+02,-5.614405912364689044e+01
4.675567265624999891e+02,-5.847088661925693032e+01
4.675570195312500346e+02,-5.463391113425267065e+01
4.675573125000000232e+02,-5.602538742659753268e+01
4.675576054687500118e+02,-5.649244816114156720e+01
4.675578984375000005e+02,-5.888850786590583652e+01
4.675581914062499891e+02,-5.452306270494452889e+01
4.675584843750000346e+02,-6.037682789570880004e+01
4.675587773437500232e+02,-5.832193715001668721e+01
4.675590703125000118e+02,-5.598728421836302971e+01
4.675593632812500005e+02,-6.634873878430929039e+01
4.675596562499999891e+02,-5.812797926240874347e+01
4.675599492187500346e+02,-5.655167636394277508e+01
4.675602421875000232e+02,-5.819979087281307528e+01
4.675605351562500118e+02,-5.667140401485950463e+01
4.675608281250000005e+02,-5.751341731384759015e+01
4.675611210937499891e+02,-5.169769849954199969e+01
4.675614140625000346e+02,-5.047958668926472114e+01
4.675617070312500232e+02,-5.303580121156513627e+01
4.675620000000000118e+02,-5.337697406714893589e+01
4.675622929687500005e+02,-4.796076920569336721e+01
4.675625859374999891e+02,-4.952228249090332213e+01
4.675628789062500346e+02,-6.090592552296654816e+01
4.675631718750000232e+02,-5.997310797802988702e+01
4.675634648437500118e+02,-5.547473265732340053e+01
4.675637578125000005e+02,-5.154207619386913564e+01
4.675640507812499891e+02,-5.353635590583417070e+01
4.675643437500000346e+02,-6.917678249723662987e+01
4.675646367187500232e+02,-6.618678375755716559e+01
4.675649296875000118e+02,-5.287368567498991467e+01
4.675652226562500005e+02,-5.225782704052849681e+01
4.675655156249999891e+02,-6.518945173372229362e+01
4.675658085937500346e+02,-6.203892960493978137e+01
4.675661015625000232e+02,-6.112920405613643027e+01
4.675663945312500118e+02,-6.747078348439765705e+01
4.675666875000000005e+02,-5.506348552739365232e+01
4.675669804687499891e+02,-5.472849953539062540e+01
4.675672734375000346e+02,-5.164085882141822026e+01
4.675675664062500232e+02,-5.139976842333407347e+01
4.675678593750000118e+02,-5.477275817984687478e+01
4.675681523437500005e+02,-6.044351202201124096e+01
4.675684453124999891e+02,-5.986480004648050368e+01
4.675687382812500346e+02,-5.256940257758530777e+01
4.675690312500000232e+02,-5.213422112563412725e+01
4.675693242187500118e+02,-6.643650628221119803e+01
4.675696171875000005e+02,-6.380138348937726533e+01
4.675699101562499891e+02,-8.101754368435480558e+01
4.675702031250000346e+02,-5.435228673548290601e+01
4.675704960937500232e+02,-5.026006406601439380e+01
4.675707890625000118e+02,-5.690589870145929297e+01
4.675710820312500005e+02,-6.242031705171769573e+01
4.675713749999999891e+02,-6.063771384495522909e+01
4.675716679687500346e+02,-6.708513423128613340e+01
4.675719609375000232e+02,-5.408161326372194821e+01
4.675722539062500118e+02,-4.946924236146975318e+01
4.675725468750000005e+02,-5.842541979804860119e+01
4.675728398437499891e+02,-6.525413418993265680e+01
4.675731328125000346e+02,-5.388852378356902761e+01
4.675734257812500232e+02,-5.269378921984425546e+01
4.675737187500000118e+02,-5.977082387490077764e+01
4.675740117187500005e+02,-6.826284309100346093e+01
4.675743046874999891e+02,-6.269693511787646401e+01
4.675745976562500346e+02,-5.338716501273565740e+01
4.675748906250000232e+02,-5.083648178706035026e+01
4.675751835937500118e+02,-6.761800724697974374e+01
4.675754765625000005e+02,-5.385803121411469618e+01
4.675757695312499891e+02,-5.096615261605621328e+01
4.675760625000000346e+02,-7.386641174432284629e+01
4.675763554687500232e+02,-5.576509555689792563e+01
4.675766484375000118e+02,-6.368487597487735741e+01
4.675769414062500005e+02,-5.961656933601418018e+01
4.675772343749999891e+02,-5.446012374931618183e+01
4.675775273437500346e+02,-5.850483918508599857e+01
4.675778203125000232e+02,-5.575503724042800258e+01
4.675781132812500118e+02,-5.471997991501989844e+01
4.675784062500000005e+02,-4.807978489968861879e+01
4.675786992187499891e+02,-5.018173094758724062e+01
4.675789921875000346e+02,-5.689055443176699356e+01
4.675792851562500232e+02,-5.513049322405673536e+01
4.675795781250000118e+02,-5.625429255191364319e+01
4.675798710937500005e+02,-6.394198917348658995e+01
4.675801640624999891e+02,-7.416637853541728020e+01
4.675804570312500346e+02,-7.009683424210413705e+01
4.675807500000000232e+02,-5.749697202742844127e+01
4.675810429687500118e+02,-5.839785560150569665e+01
4.675813359375000005e+02,-5.480517965029701344e+01
4.675816289062499891e+02,-5.423558559969255555e+01
4.675819218750000346e+02,-5.045033468176136182e+01
4.675822148437500232e+02,-4.966433949179080543e+01
4.675825078125000118e+02,-4.444110727388423498e+01
4.675828007812500005e+02,-4.347108713469054919e+01
4.675830937499999891e+02,-4.706965566491039255e+01
4.675833867187500346e+02,-5.719848845000399962e+01
4.675836796875000232e+02,-5.580758880558589397e+01
4.675839726562500118e+02,-5.053260083557632498e+01
4.675842656250000005e+02,-5.210559851680183385e+01
4.675845585937499891e+02,-5.537292596481937323e+01
4.675848515625000346e+02,-5.874369620120255320e+01
4.675851445312500232e+02,-4.938915742825844291e+01
4.675854375000000118e+02,-4.960159623810895368e+01
4.675857304687500005e+02,-5.600939014028622154e+01
4.675860234374999891e+02,-4.762175301346579914e+01
4.675863164062500346e+02,-5.502792098828177814e+01
4.675866093750000232e+02,-5.835819660216277072e+01
4.675869023437500118e+02,-5.639776971320254972e+01
4.675871953125000005e+02,-5.291520361453943622e+01
4.675874882812499891e+02,-5.090421218774337575e+01
4.675877812500000346e+02,-5.591915521322501093e+01
4.675880742187500232e+02,-5.488817776001547344e+01
4.675883671875000118e+02,-5.110836444009964907e+01
4.675886601562500005e+02,-3.837781752362163701e+01
4.675889531249999891e+02,-3.532259965489701870e+01
4.675892460937500346e+02,-4.580102438069077664e+01
4.675895390625000232e+02,-5.809390782257138852e+01
4.675898320312500118e+02,-6.000091392084126340e+01
4.675901250000000005e+02,-6.245709954272741982e+01
4.675904179687499891e+02,-5.623555777022233571e+01
4.675907109375000346e+02,-5.279393268903255887e+01
4.675910039062500232e+02,-4.663675593337305969e+01
4.675912968750000118e+02,-5.181560696888314510e+01
4.675915898437500005e+02,-7.112936807301636577e+01
4.675918828124999891e+02,-5.889809494693971459e+01
4.675921757812500346e+02,-4.925018825253889787e+01
4.675924687500000232e+02,-5.163680415710555849e+01
4.675927617187500118e+02,-5.560281310768235841e+01
4.675930546875000005e+02,-5.793956985649450075e+01
4.675933476562499891e+02,-6.641768969543706191e+01
4.675936406250000346e+02,-7.281095082660799278e+01
4.675939335937500232e+02,-6.136686733520184589e+01
4.675942265625000118e+02,-5.641397678705659047e+01
4.675945195312500005e+02,-5.434559137046931454e+01
4.675948124999999891e+02,-5.562854073023567025e+01
4.675951054687500346e+02,-6.139529225313761174e+01
4.675953984375000232e+02,-5.265641376882143021e+01
4.675956914062500118e+02,-5.024066620195560517e+01
4.675959843750000005e+02,-5.279190075979840202e+01
4.675962773437499891e+02,-5.757934557799296726e+01
4.675965703125000346e+02,-5.785418037245505474e+01
4.675968632812500232e+02,-6.658387410453865130e+01
4.675971562500000118e+02,-5.445049764090975941e+01
4.675974492187500005e+02,-6.048366737930643922e+01
4.675977421874999891e+02,-6.194813710188827827e+01
4.675980351562500346e+02,-6.837454377496021607e+01
4.675983281250000232e+02,-5.645171580789785537e+01
4.675986210937500118e+02,-5.173398883948125615e+01
4.675989140625000005e+02,-6.043032938490181039e+01
4.675992070312499891e+02,-5.186066179433920809e+01
4.675995000000000346e+02,-5.117442553876433919e+01
4.675997929687500232e+02,-5.356955884430522019e+01
4.676000859375000118e+02,-4.935827413033992173e+01
4.676003789062500005e+02,-4.978395153645821125e+01
4.676006718749999891e+02,-5.854922280226104192e+01
4.676009648437500346e+02,-5.791347095539636314e+01
4.676012578125000232e+02,-5.978899917947509834e+01
4.676015507812500118e+02,-6.633217107651373112e+01
4.676018437500000005e+02,-5.834297932178148471e+01
4.676021367187499891e+02,-6.163412650816340488e+01
4.676024296875000346e+02,-5.598389728045260938e+01
4.676027226562500232e+02,-5.866591757848243560e+01
4.676030156250000118e+02,-5.335397765982569496e+01
4.676033085937500005e+02,-6.363360411644784875e+01
4.676036015624999891e+02,-5.057266015726260378e+01
4.676038945312500346e+02,-5.229443196730062482e+01
4.676041875000000232e+02,-5.026737783822825634e+01
4.676044804687500118e+02,-4.940392716199021095e+01
4.676047734375000005e+02,-5.216179471865282835e+01
4.676050664062499891e+02,-5.502600244772908411e+01
4.676053593750000346e+02,-5.164523024372797977e+01
4.676056523437500232e+02,-4.949892461036448310e+01
4.676059453125000118e+02,-5.370807617963114922e+01
4.676062382812500005e+02,-5.402295977279781169e+01
4.676065312499999891e+02,-5.262128871850229928e+01
4.676068242187500346e+02,-5.414474744717738020e+01
4.676071171875000232e+02,-6.442822971569542290e+01
4.676074101562500118e+02,-6.584106709474498587e+01
4.676077031250000005e+02,-6.223169937883226055e+01
4.676079960937499891e+02,-5.313393697209210131e+01
4.676082890625000346e+02,-5.434481100580605784e+01
4.676085820312500232e+02,-6.451328257145195266e+01
4.676088750000000118e+02,-6.142738325966352875e+01
4.676091679687500005e+02,-5.664864200975382857e+01
4.676094609374999891e+02,-5.725198111797958944e+01
4.676097539062500346e+02,-5.310992306519387540e+01
4.676100468750000232e+02,-5.335839046375810568e+01
4.676103398437500118e+02,-5.448829770115697357e+01
4.676106328125000005e+02,-5.154679635470128574e+01
4.676109257812499891e+02,-5.503749974470190409e+01
4.676112187500000346e+02,-6.494187674587544734e+01
4.676115117187500232e+02,-5.992316727004748600e+01
4.676118046875000118e+02,-6.333686890043077256e+01
4.676120976562500005e+02,-6.194905044657193827e+01
4.676123906249999891e+02,-6.054949151627158699e+01
4.676126835937500346e+02,-5.692050254956168942e+01
4.676129765625000232e+02,-7.188741188688399575e+01
4.676132695312500118e+02,-7.724885992255188683e+01
4.676135625000000005e+02,-5.453449542334291067e+01
4.676138554687499891e+02,-5.378398522593886355e+01
4.676141484375000346e+02,-6.665580260383640621e+01
4.676144414062500232e+02,-5.757912694778048035e+01
4.676147343750000118e+02,-5.399700459130294661e+01
4.676150273437500005e+02,-5.308179076499955329e+01
4.676153203124999891e+02,-5.414723099877353008e+01
4.676156132812500346e+02,-6.450592800684900396e+01
4.676159062500000232e+02,-6.316177297042514738e+01
4.676161992187500118e+02,-6.043587302118218929e+01
4.676164921875000005e+02,-6.560727172731000678e+01
4.676167851562499891e+02,-5.748617479234775374e+01
4.676170781250000346e+02,-5.716716717351880561e+01
4.676173710937500232e+02,-6.518234627326532404e+01
4.676176640625000118e+02,-5.752267572502897508e+01
4.676179570312500005e+02,-7.472260102393174463e+01
4.676182499999999891e+02,-5.596907131945172864e+01
4.676185429687500346e+02,-5.505125430187988655e+01
4.676188359375000232e+02,-6.659839951665624369e+01
4.676191289062500118e+02,-6.318709843515541991e+01
4.676194218750000005e+02,-6.918411089849392681e+01
4.676197148437499891e+02,-5.588415957162978032e+01
4.676200078125000346e+02,-5.295645357558182553e+01
4.676203007812500232e+02,-5.652351238204340689e+01
4.676205937500000118e+02,-6.135200597994235494e+01
4.676208867187500005e+02,-6.007476422446156761e+01
4.676211796874999891e+02,-6.139326514947774172e+01
4.676214726562500346e+02,-5.500826016354557169e+01
4.676217656250000232e+02,-5.845840570825980365e+01
4.676220585937500118e+02,-6.267440704183392342e+01
4.676223515625000005e+02,-6.803920641569619931e+01
4.676226445312499891e+02,-5.968195088617625288e+01
4.676229375000000346e+02,-7.035626655253619788e+01
4.676232304687500232e+02,-6.401696015318951538e+01
4.676235234375000118e+02,-7.035771409489350958e+01
4.676238164062500005e+02,-6.209915007325042779e+01
4.676241093749999891e+02,-5.771748800902941667e+01
4.676244023437500346e+02,-6.098088752185261541e+01
4.676246953125000232e+02,-5.744680160874850117e+01
4.676249882812500118e+02,-5.812482975589053069e+01
4.676252812500000005e+02,-5.843103272050477415e+01
4.676255742187499891e+02,-5.562932416844309103e+01
4.676258671875000346e+02,-5.415302086995099273e+01
4.676261601562500232e+02,-5.782287360932360798e+01
4.676264531250000118e+02,-7.297235982654642328e+01
4.676267460937500005e+02,-6.259779587054034522e+01
4.676270390624999891e+02,-5.888030177225282102e+01
4.676273320312500346e+02,-7.372104644150850561e+01
4.676276250000000232e+02,-5.750230442345304738e+01
4.676279179687500118e+02,-5.545749927470960472e+01
4.676282109375000005e+02,-5.657322180612738549e+01
4.676285039062499891e+02,-6.459273662215026945e+01
4.676287968750000346e+02,-5.764294828935790349e+01
4.676290898437500232e+02,-5.962454184827468850e+01
4.676293828125000118e+02,-6.052445647626451830e+01
4.676296757812500005e+02,-5.614382567538346791e+01
4.676299687499999891e+02,-6.127772807853608583e+01
4.676302617187500346e+02,-5.904589384857936096e+01
4.676305546875000232e+02,-6.061156844072549887e+01
4.676308476562500118e+02,-5.475464558262162029e+01
4.676311406250000005e+02,-5.394310270571331500e+01
4.676314335937499891e+02,-5.869294192289573431e+01
4.676317265625000346e+02,-5.185164266287977597e+01
4.676320195312500232e+02,-4.873334846271732346e+01
4.676323125000000118e+02,-5.321037249994310514e+01
4.676326054687500005e+02,-5.945974931894512849e+01
4.676328984374999891e+02,-7.425910351067247461e+01
4.676331914062500346e+02,-6.324769772707648485e+01
4.676334843750000232e+02,-6.946670702010543152e+01
4.676337773437500118e+02,-5.716286542139044258e+01
4.676340703125000005e+02,-6.290649430720521451e+01
4.676343632812499891e+02,-5.903363857804329484e+01
4.676346562500000346e+02,-5.882105651313043637e+01
4.676349492187500232e+02,-5.836568307871142736e+01
4.676352421875000118e+02,-6.834996280913649969e+01
4.676355351562500005e+02,-6.242466476599290814e+01
4.676358281249999891e+02,-5.461501599873164992e+01
4.676361210937500346e+02,-5.695053962327407504e+01
4.676364140625000232e+02,-6.642633573355018939e+01
4.676367070312500118e+02,-5.842555294850791370e+01
4.676370000000000005e+02,-6.311158611872957636e+01
4.676372929687499891e+02,-6.747891491353983895e+01
4.676375859375000346e+02,-6.164662302560846285e+01
4.676378789062500232e+02,-6.531748637130749557e+01
4.676381718750000118e+02,-6.656893434876310778e+01
4.676384648437500005e+02,-6.486985434549937679e+01
4.676387578124999891e+02,-6.239559431943283130e+01
4.676390507812500346e+02,-6.052622538654806306e+01
4.676393437500000232e+02,-6.450677993977852509e+01
4.676396367187500118e+02,-6.205961823256715348e+01
4.676399296875000005e+02,-7.109328572626884579e+01
4.676402226562499891e+02,-6.699079571656639587e+01
4.676405156250000346e+02,-6.775659387862847893e+01
4.676408085937500232e+02,-7.262095097169481051e+01
4.676411015625000118e+02,-6.477184346656967762e+01
4.676413945312500005e+02,-6.673979724557096915e+01
4.676416874999999891e+02,-6.621529764546491492e+01
4.676419804687500346e+02,-6.340093510664608800e+01
4.676422734375000232e+02,-6.731134398102776117e+01
4.676425664062500118e+02,-7.533021252181997340e+01
4.676428593750000005e+02,-7.042454402656935031e+01
4.676431523437499891e+02,-6.586828346759783415e+01
4.676434453125000346e+02,-6.178124874238871911e+01
4.676437382812500232e+02,-6.225031952911390931e+01
4.676440312500000118e+02,-7.603898642493574300e+01
4.676443242187500005e+02,-6.760124972182194369e+01
4.676446171874999891e+02,-6.820165422492628693e+01
4.676449101562500346e+02,-7.564535047851796890e+01
4.676452031250000232e+02,-8.563640878750483409e+01
4.676454960937500118e+02,-7.832646125763683642e+01
4.676457890625000005e+02,-7.016234501552187908e+01
4.676460820312499891e+02,-6.910386214512453762e+01
4.676463750000000346e+02,-7.333770780403510514e+01
4.676466679687500232e+02,-6.707052043029749200e+01
4.676469609375000118e+02,-6.715483582199021839e+01
4.676472539062500005e+02,-6.646510896916802835e+01
4.676475468749999891e+02,-6.347136398195971196e+01
4.676478398437500346e+02,-6.843462501710328638e+01
4.676481328125000232e+02,-7.191264044982131054e+01
4.676484257812500118e+02,-7.145827013475447131e+01
4.676487187500000005e+02,-8.330731004445587473e+01
4.676490117187499891e+02,-7.115858514176956362e+01
4.676493046875000346e+02,-7.524721455067889053e+01
4.676495976562500232e+02,-7.078347972296469948e+01
4.676498906250000118e+02,-7.496293233518500188e+01
4.676501835937500005e+02,-7.202732178773406702e+01
4.676504765624999891e+02,-7.192838529202606423e+01
4.676507695312500346e+02,-6.074713330675092493e+01
4.676510625000000232e+02,-5.295963645287600485e+01
4.676513554687500118e+02,-5.815650328931457835e+01
4.676516484375000005e+02,-6.858354855553852758e+01
4.676519414062499891e+02,-7.246972071023513706e+01
4.676522343750000346e+02,-6.831576307834380657e+01
4.676525273437500232e+02,-6.665789915770430696e+01
4.676528203125000118e+02,-6.902824810471712169e+01
4.676531132812500005e+02,-6.619518315087810834e+01
4.676534062499999891e+02,-6.852385243265429438e+01
4.676536992187500346e+02,-6.672491590268811024e+01
4.676539921875000232e+02,-8.115359885223986680e+01
4.676542851562500118e+02,-6.231980904595928905e+01
4.676545781250000005e+02,-6.519169052644834039e+01
4.676548710937499891e+02,-6.935354171666648426e+01
4.676551640625000346e+02,-6.860800047428259063e+01
4.676554570312500232e+02,-6.868508109377616222e+01
4.676557500000000118e+02,-7.018738783242758927e+01
4.676560429687500005e+02,-6.718127831474585321e+01
4.676563359374999891e+02,-6.636555094202074656e+01
4.676566289062500346e+02,-7.508949503919309620e+01
4.676569218750000232e+02,-7.022499413688707648e+01
4.676572148437500118e+02,-6.683784565666114474e+01
4.676575078125000005e+02,-6.720644908041457199e+01
4.676578007812499891e+02,-7.698413349795129079e+01
4.676580937500000346e+02,-7.066231364325030029e+01
4.676583867187500232e+02,-6.880974098008066164e+01
4.676586796875000118e+02,-6.752950819462702725e+01
4.676589726562500005e+02,-6.744583796631921757e+01
4.676592656249999891e+02,-6.821742337335955142e+01
4.676595585937500346e+02,-6.817742293129450104e+01
4.676598515625000232e+02,-6.665997957281304309e+01
4.676601445312500118e+02,-7.504597842871882563e+01
4.676604375000000005e+02,-6.448129128196130466e+01
4.676607304687499891e+02,-6.273727782402573183e+01
4.676610234375000346e+02,-6.974565697635354411e+01
4.676613164062500232e+02,-6.742660142727841333e+01
4.676616093750000118e+02,-8.082514772587472862e+01
4.676619023437500005e+02,-7.182643197965242621e+01
4.676621953124999891e+02,-7.488943085964403679e+01
4.676624882812500346e+02,-6.553379078715531136e+01
4.676627812500000232e+02,-6.689406714435872914e+01
4.676630742187500118e+02,-6.727961190443966188e+01
4.676633671875000005e+02,-7.246030317926457087e+01
4.676636601562499891e+02,-6.426311572304496167e+01
4.676639531250000346e+02,-6.612399933978279876e+01
4.676642460937500232e+02,-7.214103271924470562e+01
4.676645390625000118e+02,-7.330664707108935829e+01
4.676648320312500005e+02,-8.357970388870043621e+01
4.676651249999999891e+02,-7.960462891251071937e+01
4.676654179687500346e+02,-7.344291649417785095e+01
4.676657109375000232e+02,-6.893548254353881077e+01
4.676660039062500118e+02,-7.711811434672695498e+01
4.676662968750000005e+02,-6.580056779330914196e+01
4.676665898437499891e+02,-6.780193263570075146e+01
4.676668828125000346e+02,-6.269295752173981384e+01
4.676671757812500232e+02,-6.889257961496807070e+01
4.676674687500000118e+02,-6.446687013108378039e+01
4.676677617187500005e+02,-6.395985300048549504e+01
4.676680546874999891e+02,-7.387919269381170295e+01
4.676683476562500346e+02,-7.125119350075793534e+01
4.676686406250000232e+02,-6.400605628877931963e+01
4.676689335937500118e+02,-6.534108269195698426e+01
4.676692265625000005e+02,-8.977258245722728702e+01
4.676695195312499891e+02,-8.355128284450276510e+01
4.676698125000000346e+02,-6.765391634143267652e+01
4.676701054687500232e+02,-6.404258685347011237e+01
4.676703984375000118e+02,-6.877752001401925952e+01
4.676706914062500005e+02,-6.655295176241013166e+01
4.676709843749999891e+02,-7.079725673708463773e+01
4.676712773437500346e+02,-6.945746800475475879e+01
4.676715703125000232e+02,-6.236580034994219091e+01
4.676718632812500118e+02,-6.388748298815300330e+01
4.676721562500000005e+02,-7.813449457031984480e+01
4.676724492187499891e+02,-6.652401172967368836e+01
4.676727421875000346e+02,-5.973242430249950274e+01
4.676730351562500232e+02,-6.558739266858866301e+01
4.676733281250000118e+02,-6.986094092255372345e+01
4.676736210937500005e+02,-6.368228327926567545e+01
4.676739140624999891e+02,-5.762862011479253965e+01
4.676742070312500346e+02,-6.002777751123989702e+01
4.676745000000000232e+02,-7.097454325486711468e+01
4.676747929687500118e+02,-6.783562989641001195e+01
4.676750859375000005e+02,-6.031955289528855246e+01
4.676753789062499891e+02,-6.402371884284788450e+01
4.676756718750000346e+02,-6.684367047796139616e+01
4.676759648437500232e+02,-6.919660412112897063e+01
4.676762578125000118e+02,-6.455977780823039325e+01
4.676765507812500005e+02,-7.228411745884039874e+01
4.676768437499999891e+02,-6.156588390173197922e+01
4.676771367187500346e+02,-5.950896823569532756e+01
4.676774296875000232e+02,-6.456565910993975876e+01
4.676777226562500118e+02,-7.389636747753998236e+01
4.676780156250000005e+02,-6.115851264464325965e+01
4.676783085937499891e+02,-6.492267772578506424e+01
4.676786015625000346e+02,-6.187387152045846506e+01
4.676788945312500232e+02,-5.769802145871487653e+01
4.676791875000000118e+02,-6.398242646945731593e+01
4.676794804687500005e+02,-6.173539535261353706e+01
4.676797734374999891e+02,-6.068668894448040874e+01
4.676800664062500346e+02,-6.837898342675805452e+01
4.676803593750000232e+02,-6.599918733208153299e+01
4.676806523437500118e+02,-6.209671546104652151e+01
4.676809453125000005e+02,-7.075520011171470003e+01
4.676812382812499891e+02,-6.662060994252426838e+01
4.676815312500000346e+02,-6.290018243062262115e+01
4.676818242187500232e+02,-6.152069847520357371e+01
4.676821171875000118e+02,-6.270744726470789487e+01
4.676824101562500005e+02,-7.768817534732809804e+01
4.676827031249999891e+02,-6.590233087509385257e+01
4.676829960937500346e+02,-6.568979275879377155e+01
4.676832890625000232e+02,-6.697743433650896350e+01
4.676835820312500118e+02,-7.446551287612658143e+01
4.676838750000000005e+02,-6.603279135403612088e+01
4.676841679687499891e+02,-6.977650106204032454e+01
4.676844609375000346e+02,-8.612233358494214031e+01
4.676847539062500232e+02,-7.294262164309492391e+01
4.676850468750000118e+02,-6.631078988175211464e+01
4.676853398437500005e+02,-6.993013027325501696e+01
4.676856328124999891e+02,-7.163549623975144698e+01
4.676859257812500346e+02,-6.612594249861983542e+01
4.676862187500000232e+02,-6.662287126504280366e+01
4.676865117187500118e+02,-6.596991939297265617e+01
4.676868046875000005e+02,-7.809207892796695205e+01
4.676870976562499891e+02,-6.750264204483029573e+01
4.676873906250000346e+02,-6.719976642318815152e+01
4.676876835937500232e+02,-6.871920533136737674e+01
4.676879765625000118e+02,-7.086827255214549837e+01
4.676882695312500005e+02,-7.313867088545501360e+01
4.676885624999999891e+02,-7.133923985454215710e+01
4.676888554687500346e+02,-8.819151799350029819e+01
4.676891484375000232e+02,-6.444348765013620550e+01
4.676894414062500118e+02,-6.623590213331839038e+01
4.676897343750000005e+02,-6.580976799905272401e+01
4.676900273437499891e+02,-6.781794399842802079e+01
4.676903203125000346e+02,-7.202536961416889483e+01
4.676906132812500232e+02,-7.346856713368795511e+01
4.676909062500000118e+02,-7.093048785231648878e+01
4.676911992187500005e+02,-7.141628019400474159e+01
4.676914921874999891e+02,-6.672012772693511806e+01
4.676917851562500346e+02,-7.689665120348335847e+01
4.676920781250000232e+02,-6.629271915538421922e+01
4.676923710937500118e+02,-6.355491079659255149e+01
4.676926640625000005e+02,-6.736410147161694795e+01
4.676929570312499891e+02,-6.677330710687373028e+01
4.676932500000000346e+02,-6.620847298319945651e+01
4.676935429687500232e+02,-6.443483903007989966e+01
4.676938359375000118e+02,-6.597456512573816667e+01
4.676941289062500005e+02,-6.547998618567575591e+01
4.676944218749999891e+02,-7.832880533793648681e+01
4.676947148437500346e+02,-6.441144825749296388e+01
4.676950078125000232e+02,-6.709808953601897485e+01
4.676953007812500118e+02,-7.093837859329768492e+01
4.676955937500000005e+02,-6.892806391905654095e+01
4.676958867187499891e+02,-6.310246792726320564e+01
4.676961796875000346e+02,-6.094652341932586381e+01
4.676964726562500232e+02,-6.640148744276039849e+01
4.676967656250000118e+02,-6.916726529787604250e+01
4.676970585937500005e+02,-7.391481655862841649e+01
4.676973515624999891e+02,-6.338133442068114221e+01
4.676976445312500346e+02,-6.907508272655226733e+01
4.676979375000000232e+02,-6.927780533184056821e+01
4.676982304687500118e+02,-6.626999620291913118e+01
4.676985234375000005e+02,-7.069479353704394953e+01
4.676988164062499891e+02,-7.204287919500112025e+01
4.676991093750000346e+02,-6.846312790014806637e+01
4.676994023437500232e+02,-6.674276172751223157e+01
4.676996953125000118e+02,-6.927307833785809521e+01
4.676999882812500005e+02,-7.548943471240292524e+01
4.677002812499999891e+02,-7.345524367261629095e+01
4.677005742187500346e+02,-6.681320001644120055e+01
4.677008671875000232e+02,-6.558010937267175677e+01
4.677011601562500118e+02,-7.367209417018341355e+01
4.677014531250000005e+02,-7.409389442583547236e+01
4.677017460937499891e+02,-7.217301671810875519e+01
4.677020390625000346e+02,-6.721860841373552375e+01
4.677023320312500232e+02,-7.143332098905889893e+01
4.677026250000000118e+02,-7.844724982895003507e+01
4.677029179687500005e+02,-7.466621481184861864e+01
4.677032109374999891e+02,-8.011558626487416745e+01
4.677035039062500346e+02,-8.172345950405824055e+01
4.677037968750000232e+02,-7.552245587821903428e+01
4.677040898437500118e+02,-7.262210988790675970e+01
4.677043828125000005e+02,-7.237335403715638904e+01
4.677046757812499891e+02,-8.337395829545823744e+01
4.677049687500000346e+02,-7.591212379543632949e+01
4.677052617187500232e+02,-7.536467381894829032e+01
4.677055546875000118e+02,-7.420306486055595485e+01
4.677058476562500005e+02,-7.282461378395186102e+01
4.677061406249999891e+02,-7.423244426670771645e+01
4.677064335937500346e+02,-7.399599191518989016e+01
4.677067265625000232e+02,-7.649217891792960700e+01
4.677070195312500118e+02,-7.372598818031734424e+01
4.677073125000000005e+02,-6.923113896592553829e+01
4.677076054687499891e+02,-7.284241284210547462e+01
4.677078984375000346e+02,-7.265397619451655942e+01
4.677081914062500232e+02,-7.494165569252528769e+01
4.677084843750000118e+02,-7.800147569905936962e+01
4.677087773437500005e+02,-8.090734511252216521e+01
4.677090703124999891e+02,-7.216407443028958824e+01
4.677093632812500346e+02,-7.872742969920622613e+01
4.677096562500000232e+02,-8.682230032356372362e+01
4.677099492187500118e+02,-7.845191621224954304e+01
4.677102421875000005e+02,-7.690911024832446685e+01
4.677105351562499891e+02,-7.218310064102641377e+01
4.677108281250000346e+02,-7.909640513948515661e+01
4.677111210937500232e+02,-7.215809726946108071e+01
4.677114140625000118e+02,-7.061753971364873905e+01
4.677117070312500005e+02,-6.972390121918688521e+01
4.677119999999999891e+02,-7.339435966448276361e+01
4.677122929687500346e+02,-7.250054241836505753e+01
4.677125859375000232e+02,-7.806872447535498338e+01
4.677128789062500118e+02,-8.037307874872459479e+01
4.677131718750000005e+02,-6.980807276499044178e+01
4.677134648437499891e+02,-6.997907144436747728e+01
4.677137578125000346e+02,-8.204284086135116638e+01
4.677140507812500232e+02,-7.268964235666031470e+01
4.677143437500000118e+02,-7.053913576359809667e+01
4.677146367187500005e+02,-7.150526373691401716e+01
4.677149296874999891e+02,-6.846884068918609501e+01
4.677152226562500346e+02,-7.354842451314536333e+01
4.677155156250000232e+02,-7.269459493631654823e+01
4.677158085937500118e+02,-7.254275546445332168e+01
4.677161015625000005e+02,-7.561786250829112532e+01
4.677163945312499891e+02,-7.623511520706344413e+01
4.677166875000000346e+02,-7.328366133463393339e+01
4.677169804687500232e+02,-8.059409035459232484e+01
4.677172734375000118e+02,-7.708710546161010768e+01
4.677175664062500005e+02,-8.033441028405631812e+01
4.677178593749999891e+02,-7.233888000585800171e+01
4.677181523437500346e+02,-7.365565687986477883e+01
4.677184453125000232e+02,-7.182520603915347124e+01
4.677187382812500118e+02,-7.698229379024709829e+01
4.677190312500000005e+02,-8.086352907600301876e+01
4.677193242187499891e+02,-7.347789821176857572e+01
4.677196171875000346e+02,-8.147882585361288932e+01
4.677199101562500232e+02,-8.510466410973556606e+01
4.677202031250000118e+02,-8.177315117954097445e+01
4.677204960937500005e+02,-7.484221176515677598e+01
4.677207890624999891e+02,-7.538771416777139223e+01
4.677210820312500346e+02,-7.662787812237266394e+01
4.677213750000000232e+02,-7.506544818093779270e+01
4.677216679687500118e+02,-8.570928523053957804e+01
4.677219609375000005e+02,-7.052654778365433685e+01
4.677222539062499891e+02,-7.862521196682463653e+01
4.677225468750000346e+02,-8.070792380278348332e+01
4.677228398437500232e+02,-7.677737307282261270e+01
4.677231328125000118e+02,-7.253222204814525753e+01
4.677234257812500005e+02,-7.577780581089071177e+01
4.677237187499999891e+02,-7.569466109037318802e+01
4.677240117187500346e+02,-7.276187298599609221e+01
4.677243046875000232e+02,-6.922257136546778611e+01
4.677245976562500118e+02,-7.109106239914416392e+01
4.677248906250000005e+02,-7.905380447603266703e+01
4.677251835937499891e+02,-7.323827928878628768e+01
4.677254765625000346e+02,-7.434781121660149950e+01
4.677257695312500232e+02,-7.504559070914332608e+01
4.677260625000000118e+02,-7.715064804799776255e+01
4.677263554687500005e+02,-7.134953763422582540e+01
4.677266484374999891e+02,-7.457607892389543736e+01
4.677269414062500346e+02,-7.490041452750197948e+01
4.677272343750000232e+02,-7.113236645583637596e+01
4.677275273437500118e+02,-7.425828030774951571e+01
4.677278203125000005e+02,-6.970914666872458554e+01
4.677281132812499891e+02,-7.012934266186786658e+01
4.677284062500000346e+02,-7.627710015817649492e+01
4.677286992187500232e+02,-8.366648434122971878e+01
4.677289921875000118e+02,-7.447310605222041602e+01
4.677292851562500005e+02,-7.056257036808857208e+01
4.677295781249999891e+02,-6.900333722748797527e+01
4.677298710937500346e+02,-7.095256598228645828e+01
4.677301640625000232e+02,-7.727160442837504206e+01
4.677304570312500118e+02,-7.731769096774168304e+01
4.677307500000000005e+02,-8.064101499534575623e+01
4.677310429687499891e+02,-7.387721374627632542e+01
4.677313359375000346e+02,-8.074407068056726189e+01
4.677316289062500232e+02,-7.503859310671710148e+01
4.677319218750000118e+02,-7.332216427724225127e+01
4.677322148437500005e+02,-6.833839710968605630e+01
4.677325078124999891e+02,-7.116017715956382972e+01
4.677328007812500346e+02,-8.064572378311787304e+01
4.677330937500000232e+02,-8.106469202556314713e+01
4.677333867187500118e+02,-7.283427486243370197e+01
4.677336796875000005e+02,-7.094231700789281092e+01
4.677339726562499891e+02,-8.223834251939463513e+01
4.677342656250000346e+02,-7.349752433979470823e+01
4.677345585937500232e+02,-7.787702792491914749e+01
4.677348515625000118e+02,-8.083251957837909174e+01
4.677351445312500005e+02,-7.022650070481567752e+01
4.677354374999999891e+02,-6.848934200489962620e+01
4.677357304687500346e+02,-6.820858725503290998e+01
4.677360234375000232e+02,-6.662096321669142185e+01
4.677363164062500118e+02,-6.745357902270804118e+01
4.677366093750000005e+02,-6.905775117961323417e+01
4.677369023437499891e+02,-7.322756138559849148e+01
4.677371953125000346e+02,-7.515093139120759247e+01
4.677374882812500232e+02,-8.224603226121783450e+01
4.677377812500000118e+02,-7.016668527606867656e+01
4.677380742187500005e+02,-7.275094169809401023e+01
4.677383671874999891e+02,-6.953891561284092404e+01
4.677386601562500346e+02,-6.987089190896175239e+01
4.677389531250000232e+02,-7.566017656221323762e+01
4.677392460937500118e+02,-6.806738290720642226e+01
4.677395390625000005e+02,-6.839118862158477441e+01
4.677398320312499891e+02,-7.473198194574317199e+01
4.677401250000000346e+02,-7.493717828140354698e+01
4.677404179687500232e+02,-6.889477828202697651e+01
4.677407109375000118e+02,-7.330940371732550886e+01
4.677410039062500005e+02,-6.759089122269236327e+01
4.677412968749999891e+02,-7.062292616597639494e+01
4.677415898437500346e+02,-6.795403831657428384e+01
4.677418828125000232e+02,-6.728075037373038469e+01
4.677421757812500118e+02,-7.932193065606523419e+01
4.677424687500000005e+02,-7.507573548194376656e+01
4.677427617187499891e+02,-8.952715588262594792e+01
4.677430546875000346e+02,-7.369838715850647759e+01
4.677433476562500232e+02,-7.527578986656928350e+01
4.677436406250000118e+02,-7.012744008115495831e+01
4.677439335937500005e+02,-7.590646252847807318e+01
4.677442265624999891e+02,-7.158783371394275719e+01
4.677445195312500346e+02,-6.711780212963161318e+01
4.677448125000000232e+02,-7.236812883542701513e+01
4.677451054687500118e+02,-7.499169248828142997e+01
4.677453984375000005e+02,-7.813161269437749468e+01
4.677456914062499891e+02,-7.790988351206823381e+01
4.677459843750000346e+02,-7.894393956908240284e+01
4.677462773437500232e+02,-7.520051057970646013e+01
4.677465703125000118e+02,-7.332139625675279149e+01
4.677468632812500005e+02,-7.123696995897714146e+01
4.677471562499999891e+02,-6.715314633523399834e+01
4.677474492187500346e+02,-6.813309000305511631e+01
4.677477421875000232e+02,-7.596638308321809063e+01
4.677480351562500118e+02,-7.670222735268301051e+01
4.677483281250000005e+02,-7.385034865329910758e+01
4.677486210937499891e+02,-7.775262072337106645e+01
4.677489140625000346e+02,-9.615544665296518190e+01
4.677492070312500232e+02,-7.899094452067937766e+01
4.677495000000000118e+02,-7.322504687808044821e+01
4.677497929687500005e+02,-7.873267866012358240e+01
4.677500859374999891e+02,-7.205759214552067249e+01
4.677503789062500346e+02,-6.461684278111911794e+01
4.677506718750000232e+02,-6.486833918716774861e+01
4.677509648437500118e+02,-7.452602635783640039e+01
4.677512578125000005e+02,-7.394834691300198415e+01
4.677515507812499891e+02,-7.961681154329320975e+01
4.677518437500000346e+02,-7.769711990068793739e+01
4.677521367187500232e+02,-7.003978389758370326e+01
4.677524296875000118e+02,-7.534265221036177707e+01
4.677527226562500005e+02,-8.011189099017380499e+01
4.677530156249999891e+02,-7.253864788808429864e+01
4.677533085937500346e+02,-7.111567118423023715e+01
4.677536015625000232e+02,-7.732988350171868319e+01
4.677538945312500118e+02,-7.566870300294046103e+01
4.677541875000000005e+02,-7.289495616748378382e+01
4.677544804687499891e+02,-7.277599165976926088e+01
4.677547734375000346e+02,-7.006033946463227835e+01
4.677550664062500232e+02,-7.047098921005184025e+01
4.677553593750000118e+02,-6.927095024684349767e+01
4.677556523437500005e+02,-7.943288358820819894e+01
4.677559453124999891e+02,-7.756854573939465070e+01
4.677562382812500346e+02,-7.136499671848486059e+01
4.677565312500000232e+02,-7.372300760191086511e+01
4.677568242187500118e+02,-6.881373790137051571e+01
4.677571171875000005e+02,-7.226440236556022967e+01
4.677574101562499891e+02,-7.919984658567210545e+01
4.677577031250000346e+02,-7.260492221077470276e+01
4.677579960937500232e+02,-6.999232690669333579e+01
4.677582890625000118e+02,-7.883248105201003852e+01
4.677585820312500005e+02,-7.066186259449034424e+01
4.677588749999999891e+02,-7.011139665297335455e+01
4.677591679687500346e+02,-7.409156238299230779e+01
4.677594609375000232e+02,-6.848105883727969001e+01
4.677597539062500118e+02,-7.430162620273389962e+01
4.677600468750000005e+02,-7.554765028579844000e+01
4.677603398437499891e+02,-6.811906085290165436e+01
4.677606328125000346e+02,-8.580360862129020916e+01
4.677609257812500232e+02,-7.018185853132681018e+01
4.677612187500000118e+02,-7.258714040757038788e+01
4.677615117187500005e+02,-8.115469740332025594e+01
4.677618046874999891e+02,-6.981973523031456352e+01
4.677620976562500346e+02,-7.026697973743138448e+01
4.677623906250000232e+02,-6.621546511729930273e+01
4.677626835937500118e+02,-6.733585982980977747e+01
4.677629765625000005e+02,-6.708572223828350900e+01
4.677632695312499891e+02,-7.055771538910983054e+01
4.677635625000000346e+02,-7.228705820421882322e+01
4.677638554687500232e+02,-6.881969546651028224e+01
4.677641484375000118e+02,-6.953194723384397946e+01
4.677644414062500005e+02,-7.234428743826202890e+01
4.677647343749999891e+02,-8.566601041456473808e+01
4.677650273437500346e+02,-7.154304528909801775e+01
4.677653203125000232e+02,-6.823088684780995550e+01
4.677656132812500118e+02,-6.840094174496813650e+01
4.677659062500000005e+02,-6.962218083545516834e+01
4.677661992187499891e+02,-6.995346986169077752e+01
4.677664921875000346e+02,-7.085589754740450985e+01
4.677667851562500232e+02,-7.089426823314836668e+01
4.677670781250000118e+02,-8.357061641862186718e+01
4.677673710937500005e+02,-6.904760076657647971e+01
4.677676640624999891e+02,-7.190131121349091359e+01
4.677679570312500346e+02,-7.350568163213543471e+01
4.677682500000000232e+02,-6.826538708507268893e+01
4.677685429687500118e+02,-7.035247220589093331e+01
4.677688359375000005e+02,-7.642527101095653563e+01
4.677691289062499891e+02,-7.014072990573758659e+01
4.677694218750000346e+02,-7.597827974207311286e+01
4.677697148437500232e+02,-7.764277224065578764e+01
4.677700078125000118e+02,-8.520184483676101195e+01
4.677703007812500005e+02,-8.251866680628843653e+01
4.677705937499999891e+02,-7.522294810892253736e+01
4.677708867187500346e+02,-7.653241375729969320e+01
4.677711796875000232e+02,-8.193182098072158226e+01
4.677714726562500118e+02,-7.132402597120935184e+01
4.677717656250000005e+02,-6.927683304508798301e+01
4.677720585937499891e+02,-7.191560932531798755e+01
4.677723515625000346e+02,-7.172800989838712837e+01
4.677726445312500232e+02,-7.522794732800716133e+01
4.677729375000000118e+02,-7.836021374513103410e+01
4.677732304687500005e+02,-8.298545946590257927e+01
4.677735234374999891e+02,-8.123904449793135996e+01
4.677738164062500346e+02,-6.976097122952072027e+01
4.677741093750000232e+02,-7.366331477933627525e+01
4.677744023437500118e+02,-7.338657910418562835e+01
4.677746953125000005e+02,-7.133360321456541442e+01
4.677749882812499891e+02,-7.619691605822541192e+01
4.677752812500000346e+02,-7.396764076527225029e+01
4.677755742187500232e+02,-7.370798436973180401e+01
4.677758671875000118e+02,-7.789662841102884272e+01
4.677761601562500005e+02,-7.708226880372188816e+01
4.677764531249999891e+02,-7.375917119597276894e+01
4.677767460937500346e+02,-7.147453728755671420e+01
4.677770390625000232e+02,-7.561869029924345398e+01
4.677773320312500118e+02,-8.372995363329273744e+01
4.677776250000000005e+02,-8.419077509194138997e+01
4.677779179687499891e+02,-7.895901477182344763e+01
4.677782109375000346e+02,-8.048007859240280482e+01
4.677785039062500232e+02,-7.465827247728347515e+01
4.677787968750000118e+02,-8.530943896727096387e+01
4.677790898437500005e+02,-7.839469509287744131e+01
4.677793828124999891e+02,-8.416246704883816676e+01
4.677796757812500346e+02,-7.871252069899837522e+01
4.677799687500000232e+02,-7.549107943796875020e+01
4.677802617187500118e+02,-8.034730120431905220e+01
4.677805546875000005e+02,-7.616658135181351952e+01
4.677808476562499891e+02,-7.649740947157212645e+01
4.677811406250000346e+02,-7.320917336272800924e+01
4.677814335937500232e+02,-7.884493677424713098e+01
4.677817265625000118e+02,-8.229898943969237735e+01
4.677820195312500005e+02,-7.778481895150490288e+01
4.677823124999999891e+02,-7.309270698274320921e+01
4.677826054687500346e+02,-7.411268078783579938e+01
4.677828984375000232e+02,-6.973015576138305960e+01
4.677831914062500118e+02,-7.676310422438794490e+01
4.677834843750000005e+02,-7.531704641694459212e+01
4.677837773437499891e+02,-7.112437419640150438e+01
4.677840703125000346e+02,-7.724942752415897473e+01
4.677843632812500232e+02,-7.670249808208706099e+01
4.677846562500000118e+02,-7.357621312825389737e+01
4.677849492187500005e+02,-7.124068373157145118e+01
4.677852421874999891e+02,-7.933883125326870811e+01
4.677855351562500346e+02,-7.309010500171436320e+01
4.677858281250000232e+02,-7.487151567337963343e+01
4.677861210937500118e+02,-8.512493579038141434e+01
4.677864140625000005e+02,-7.707364844655177194e+01
4.677867070312499891e+02,-7.450224419000127796e+01
4.677870000000000346e+02,-8.237289595188298108e+01
4.677872929687500232e+02,-6.716644677866882773e+01
4.677875859375000118e+02,-6.936239901305714284e+01
4.677878789062500005e+02,-6.837297945453420311e+01
4.677881718749999891e+02,-6.996484340671128166e+01
4.677884648437500346e+02,-7.329275596564212947e+01
4.677887578125000232e+02,-7.666045931595915874e+01
4.677890507812500118e+02,-7.566075325374720251e+01
4.677893437500000005e+02,-7.395927065629339836e+01
4.677896367187499891e+02,-7.296632989319762430e+01
4.677899296875000346e+02,-7.461715240878110933e+01
4.677902226562500232e+02,-8.300943735039669491e+01
4.677905156250000118e+02,-7.117141318591532695e+01
4.677908085937500005e+02,-7.345838418160704464e+01
4.677911015624999891e+02,-7.288098097014152188e+01
4.677913945312500346e+02,-7.160334456586755891e+01
4.677916875000000232e+02,-8.226212890576114489e+01
4.677919804687500118e+02,-7.230981258931699074e+01
4.677922734375000005e+02,-7.682636673666046079e+01
4.677925664062499891e+02,-7.263330039333794730e+01
4.677928593750000346e+02,-7.275287281351965873e+01
4.677931523437500232e+02,-7.665658304421674529e+01
4.677934453125000118e+02,-6.983038735846483291e+01
4.677937382812500005e+02,-7.324041416760833556e+01
4.677940312499999891e+02,-7.951294968360191717e+01
4.677943242187500346e+02,-8.874244564954473447e+01
4.677946171875000232e+02,-9.236970439766420782e+01
4.677949101562500118e+02,-8.956253612767079630e+01
4.677952031250000005e+02,-7.164662379251187474e+01
4.677954960937499891e+02,-6.777367310417206170e+01
4.677957890625000346e+02,-7.692151268583148749e+01
4.677960820312500232e+02,-7.043912222883146512e+01
4.677963750000000118e+02,-7.001498715047995347e+01
4.677966679687500005e+02,-8.664627419684079257e+01
4.677969609374999891e+02,-7.304248676171556554e+01
4.677972539062500346e+02,-7.825372021838384740e+01
4.677975468750000232e+02,-7.933323181771628185e+01
4.677978398437500118e+02,-7.411490324272931218e+01
4.677981328125000005e+02,-8.132427776389639007e+01
4.677984257812499891e+02,-6.882082924374614663e+01
4.677987187500000346e+02,-6.988130014690609926e+01
4.677990117187500232e+02,-7.015851682326365335e+01
4.677993046875000118e+02,-7.105474961854611138e+01
4.677995976562500005e+02,-7.909737556645806933e+01
4.677998906249999891e+02,-7.193256309869319409e+01
4.678001835937500346e+02,-7.417626154706655939e+01
4.678004765625000232e+02,-7.992638529149209603e+01
4.678007695312500118e+02,-8.460717799865903999e+01
4.678010625000000005e+02,-7.503034473047749486e+01
4.678013554687499891e+02,-7.499777992011425454e+01
4.678016484375000346e+02,-7.814403570592553194e+01
4.678019414062500232e+02,-8.133821784058950755e+01
4.678022343750000118e+02,-8.054840708353577838e+01
4.678025273437500005e+02,-7.431733516376391435e+01
4.678028203124999891e+02,-8.182817887752356967e+01
4.678031132812500346e+02,-7.498132376282633516e+01
4.678034062500000232e+02,-8.152405394431829677e+01
4.678036992187500118e+02,-8.291012829641010740e+01
4.678039921875000005e+02,-7.930064860838727725e+01
4.678042851562499891e+02,-8.064022101518233399e+01
4.678045781250000346e+02,-7.399344436952772242e+01
4.678048710937500232e+02,-7.258792763220883160e+01
4.678051640625000118e+02,-7.212988148565591473e+01
4.678054570312500005e+02,-6.604025981206383733e+01
4.678057499999999891e+02,-6.718358839868609778e+01
4.678060429687500346e+02,-7.410694910193576845e+01
4.678063359375000232e+02,-8.062335534470817322e+01
4.678066289062500118e+02,-7.861501041070357587e+01
4.678069218750000005e+02,-7.470835522942297757e+01
4.678072148437499891e+02,-7.997782766046364600e+01
4.678075078125000346e+02,-6.882904344203252833e+01
4.678078007812500232e+02,-7.018051109124427001e+01
4.678080937500000118e+02,-7.283228644943964980e+01
4.678083867187500005e+02,-6.987825062667806719e+01
4.678086796874999891e+02,-7.441167534255231431e+01
4.678089726562500346e+02,-6.894466222042498771e+01
4.678092656250000232e+02,-6.736515973781163780e+01
4.678095585937500118e+02,-7.346671605639292579e+01
4.678098515625000005e+02,-8.107286950671691272e+01
4.678101445312499891e+02,-7.946778791641411033e+01
4.678104375000000346e+02,-9.134298285191158584e+01
4.678107304687500232e+02,-7.570457806056728600e+01
4.678110234375000118e+02,-7.272428625968676386e+01
4.678113164062500005e+02,-7.005548699154797987e+01
4.678116093749999891e+02,-7.917543212436453359e+01
4.678119023437500346e+02,-7.552615588316781725e+01
4.678121953125000232e+02,-7.153095242594559977e+01
4.678124882812500118e+02,-9.147079889524455609e+01
4.678127812500000005e+02,-8.117275278652128634e+01
4.678130742187499891e+02,-8.122265264559679565e+01
4.678133671875000346e+02,-8.684229794312487627e+01
4.678136601562500232e+02,-7.120636501265980201e+01
4.678139531250000118e+02,-7.343796844447876992e+01
4.678142460937500005e+02,-8.271134503928216475e+01
4.678145390624999891e+02,-7.441345210325293635e+01
4.678148320312500346e+02,-7.046505640704000939e+01
4.678151250000000232e+02,-6.785357745795303686e+01
4.678154179687500118e+02,-6.588302711909091158e+01
4.678157109375000005e+02,-7.165480658762811572e+01
4.678160039062499891e+02,-8.306745608600283504e+01
4.678162968750000346e+02,-7.909895288175812311e+01
4.678165898437500232e+02,-7.794233152428729738e+01
4.678168828125000118e+02,-7.366739205196124374e+01
4.678171757812500005e+02,-7.630581939545913883e+01
4.678174687499999891e+02,-7.863483007949237447e+01
4.678177617187500346e+02,-7.952867785863267613e+01
4.678180546875000232e+02,-7.374890995982316610e+01
4.678183476562500118e+02,-8.293565187709533859e+01
4.678186406250000005e+02,-7.425228691542520210e+01
4.678189335937499891e+02,-7.302630240756569435e+01
4.678192265625000346e+02,-8.118099060721925753e+01
4.678195195312500232e+02,-7.380010891649094162e+01
4.678198125000000118e+02,-7.878351695970698643e+01
4.678201054687500005e+02,-8.617517546140847173e+01
4.678203984374999891e+02,-7.994073215977756774e+01
4.678206914062500346e+02,-8.699452009618070747e+01
4.678209843750000232e+02,-7.214678772929053707e+01
4.678212773437500118e+02,-7.789465599442777943e+01
4.678215703125000005e+02,-7.911815583873001856e+01
4.678218632812499891e+02,-7.708657379444532864e+01
4.678221562500000346e+02,-7.793813449497706358e+01
4.678224492187500232e+02,-7.975966101418414667e+01
4.678227421875000118e+02,-8.071170983372147134e+01
4.678230351562500005e+02,-8.266752326006110252e+01
4.678233281249999891e+02,-7.782129612422494347e+01
4.678236210937500346e+02,-7.691709210987555423e+01
4.678239140625000232e+02,-7.816308875791678190e+01
4.678242070312500118e+02,-8.060654794821105895e+01
4.678245000000000005e+02,-7.964007946007552619e+01
4.678247929687499891e+02,-7.426561005408552774e+01
4.678250859375000346e+02,-8.098675102126719594e+01
4.678253789062500232e+02,-7.463009142721170974e+01
4.678256718750000118e+02,-7.111926832403364074e+01
4.678259648437500005e+02,-7.990998422440137006e+01
4.678262578124999891e+02,-7.482241243805765407e+01
4.678265507812500346e+02,-7.984198985542263927e+01
4.678268437500000232e+02,-7.333152192530539537e+01
4.678271367187500118e+02,-7.185977430640564023e+01
4.678274296875000005e+02,-7.342675825158035252e+01
4.678277226562499891e+02,-7.476115568733089844e+01
4.678280156250000346e+02,-7.730689235384404867e+01
4.678283085937500232e+02,-7.429919023760591301e+01
4.678286015625000118e+02,-7.643028815723143055e+01
4.678288945312500005e+02,-7.141572978430539820e+01
4.678291874999999891e+02,-7.408622946620178595e+01
4.678294804687500346e+02,-7.961396832618424924e+01
4.678297734375000232e+02,-7.235178648022051107e+01
4.678300664062500118e+02,-7.187530873917663143e+01
4.678303593750000005e+02,-7.224852645092711612e+01
4.678306523437499891e+02,-7.113411469722090885e+01
4.678309453125000346e+02,-7.240382344603020215e+01
4.678312382812500232e+02,-7.615461936377337793e+01
4.678315312500000118e+02,-7.328417077368624177e+01
4.678318242187500005e+02,-7.013968997914446390e+01
4.678321171874999891e+02,-7.127182298643027991e+01
4.678324101562500346e+02,-7.332878371468068224e+01
4.678327031250000232e+02,-8.665870157031990573e+01
4.678329960937500118e+02,-7.894510579739295508e+01
4.678332890625000005e+02,-9.290422728595595459e+01
4.678335820312499891e+02,-7.415793303899198463e+01
4.678338750000000346e+02,-7.168205839828826242e+01
4.678341679687500232e+02,-8.055042962040424470e+01
4.678344609375000118e+02,-8.005088621617647959e+01
4.678347539062500005e+02,-7.182938343907781586e+01
4.678350468749999891e+02,-7.469259680148783787e+01
4.678353398437500346e+02,-7.859171974355493262e+01
4.678356328125000232e+02,-8.156113105817694020e+01
4.678359257812500118e+02,-7.867925522644191005e+01
4.678362187500000005e+02,-8.397051643710045710e+01
4.678365117187499891e+02,-7.803784490354763648e+01
4.678368046875000346e+02,-8.532126067026851501e+01
4.678370976562500232e+02,-8.272126621742052066e+01
4.678373906250000118e+02,-7.476576919288982026e+01
4.678376835937500005e+02,-7.446560424393373978e+01
4.678379765624999891e+02,-9.727380137662626680e+01
4.678382695312500346e+02,-7.973445807452877432e+01
4.678385625000000232e+02,-8.415066331610319139e+01
4.678388554687500118e+02,-8.087079221222370506e+01
4.678391484375000005e+02,-7.367947370093712323e+01
4.678394414062499891e+02,-8.022653027543812243e+01
4.678397343750000346e+02,-7.793170067577020177e+01
4.678400273437500232e+02,-7.160789139606345088e+01
4.678403203125000118e+02,-7.105490087969661772e+01
4.678406132812500005e+02,-8.490031589492181752e+01
4.678409062499999891e+02,-8.111836312441987218e+01
4.678411992187500346e+02,-7.867930974930200705e+01
4.678414921875000232e+02,-7.763981449852904859e+01
4.678417851562500118e+02,-8.462961764413959997e+01
4.678420781250000005e+02,-7.804781016026836937e+01
4.678423710937499891e+02,-7.435681424565298414e+01
4.678426640625000346e+02,-7.423208350831755808e+01
4.678429570312500232e+02,-7.555757933477315191e+01
4.678432500000000118e+02,-7.943857000812263891e+01
4.678435429687500005e+02,-7.672125903396762681e+01
4.678438359374999891e+02,-7.483678484639403905e+01
4.678441289062500346e+02,-8.299613448263536952e+01
4.678444218750000232e+02,-8.602280067671532038e+01
4.678447148437500118e+02,-7.955949976359734421e+01
4.678450078125000005e+02,-8.264241291262786149e+01
4.678453007812499891e+02,-7.949458404294635727e+01
4.678455937500000346e+02,-7.513207775966446889e+01
4.678458867187500232e+02,-7.955601627387144958e+01
4.678461796875000118e+02,-7.657305658171647167e+01
4.678464726562500005e+02,-7.464936710708643375e+01
4.678467656249999891e+02,-7.648313209338206775e+01
4.678470585937500346e+02,-8.135335998811376612e+01
4.678473515625000232e+02,-8.214374881575388088e+01
4.678476445312500118e+02,-7.690188792856136502e+01
4.678479375000000005e+02,-7.431258828984364584e+01
4.678482304687499891e+02,-8.226592633870924942e+01
4.678485234375000346e+02,-8.245777759386756145e+01
4.678488164062500232e+02,-7.650380134522150399e+01
4.678491093750000118e+02,-7.498792433143262315e+01
4.678494023437500005e+02,-8.922650761578928780e+01
4.678496953124999891e+02,-9.182381325500459468e+01
4.678499882812500346e+02,-8.374578939791256005e+01
4.678502812500000232e+02,-7.838001259625175976e+01
4.678505742187500118e+02,-7.497685932663799235e+01
4.678508671875000005e+02,-7.824619793766299836e+01
4.678511601562499891e+02,-7.965620735984730061e+01
4.678514531250000346e+02,-8.776744535046449869e+01
4.678517460937500232e+02,-7.658196986799291039e+01
4.678520390625000118e+02,-7.343811710128937875e+01
4.678523320312500005e+02,-7.357413569962889710e+01
4.678526249999999891e+02,-7.710028249880548401e+01
4.678529179687500346e+02,-8.083104962386826742e+01
4.678532109375000232e+02,-7.626252736708842406e+01
4.678535039062500118e+02,-7.328923426695564558e+01
4.678537968750000005e+02,-7.749732907255918235e+01
4.678540898437499891e+02,-7.731623311198029569e+01
4.678543828125000346e+02,-7.932521818668955405e+01
4.678546757812500232e+02,-8.886775507004897179e+01
4.678549687500000118e+02,-7.831050726598047618e+01
4.678552617187500005e+02,-7.144021720417279653e+01
4.678555546874999891e+02,-7.457111086761669583e+01
4.678558476562500346e+02,-8.197339551718508233e+01
4.678561406250000232e+02,-7.194674278461646111e+01
4.678564335937500118e+02,-7.874233867165551715e+01
4.678567265625000005e+02,-7.638945414381623777e+01
4.678570195312499891e+02,-7.727592278990339025e+01
4.678573125000000346e+02,-7.617225579232915322e+01
4.678576054687500232e+02,-8.358395603555104003e+01
4.678578984375000118e+02,-8.330739149790841225e+01
4.678581914062500005e+02,-7.967812077312629526e+01
4.678584843749999891e+02,-7.736732152271348184e+01
4.678587773437500346e+02,-7.768118375464359815e+01
4.678590703125000232e+02,-7.759179471097125713e+01
4.678593632812500118e+02,-8.349594182953040900e+01
4.678596562500000005e+02,-7.680225218961665234e+01
4.678599492187499891e+02,-7.996713138670530441e+01
4.678602421875000346e+02,-7.478947969478961966e+01
4.678605351562500232e+02,-7.586167315136968625e+01
4.678608281250000118e+02,-8.321096528524651603e+01
4.678611210937500005e+02,-9.341635710527665992e+01
4.678614140624999891e+02,-7.897098241404518149e+01
4.678617070312500346e+02,-7.520618810631800955e+01
4.678620000000000232e+02,-7.864778808391609743e+01
4.678622929687500118e+02,-8.139012548395263025e+01
4.678625859375000005e+02,-7.930175491097270424e+01
4.678628789062499891e+02,-8.022554880975764036e+01
4.678631718750000346e+02,-9.134165490965429512e+01
4.678634648437500232e+02,-7.874659572929664364e+01
4.678637578125000118e+02,-8.016823831162116676e+01
4.678640507812500005e+02,-7.938193526520419141e+01
4.678643437499999891e+02,-7.531053184484974850e+01
4.678646367187500346e+02,-7.514443308357053297e+01
4.678649296875000232e+02,-8.190671538799450957e+01
4.678652226562500118e+02,-7.957375061668994931e+01
4.678655156250000005e+02,-7.917344817686414160e+01
4.678658085937499891e+02,-7.736770824057761331e+01
4.678661015625000346e+02,-1.088199685004719441e+02
4.678663945312500232e+02,-7.891384941082623072e+01
4.678666875000000118e+02,-7.838817614739973294e+01
4.678669804687500005e+02,-9.219802457400794538e+01
4.678672734374999891e+02,-8.138130223799311125e+01
4.678675664062500346e+02,-7.676086818827994307e+01
4.678678593750000232e+02,-8.208306466629909437e+01
4.678681523437500118e+02,-8.980942461559186540e+01
4.678684453125000005e+02,-7.565166179779336630e+01
4.678687382812499891e+02,-8.412941155351543898e+01
4.678690312500000346e+02,-7.555920685569066109e+01
4.678693242187500232e+02,-7.498743192576330330e+01
4.678696171875000118e+02,-9.327946518425005706e+01
4.678699101562500005e+02,-7.526868931121124717e+01
4.678702031249999891e+02,-8.626222692043532447e+01
4.678704960937500346e+02,-8.366023801653616943e+01
4.678707890625000232e+02,-9.319152858235101178e+01
4.678710820312500118e+02,-8.645205549119913258e+01
4.678713750000000005e+02,-8.206001723040267848e+01
4.678716679687499891e+02,-8.311469745931674424e+01
4.678719609375000346e+02,-8.326986110658396001e+01
4.678722539062500232e+02,-8.798105515983107239e+01
4.678725468750000118e+02,-7.862556084076489071e+01
4.678728398437500005e+02,-7.668951596897944967e+01
4.678731328124999891e+02,-7.984612241561721646e+01
4.678734257812500346e+02,-8.465133650817617195e+01
4.678737187500000232e+02,-8.134517434155428361e+01
4.678740117187500118e+02,-8.298575582340248502e+01
4.678743046875000005e+02,-7.446303664600790739e+01
4.678745976562499891e+02,-7.612687186723076138e+01
4.678748906250000346e+02,-7.902465548448441268e+01
4.678751835937500232e+02,-8.506127088714684703e+01
4.678754765625000118e+02,-7.994512790355275911e+01
4.678757695312500005e+02,-9.134510611281164927e+01
4.678760624999999891e+02,-9.758573482102859487e+01
4.678763554687500346e+02,-8.033129711272609086e+01
4.678766484375000232e+02,-7.632894875407572499e+01
4.678769414062500118e+02,-8.031526188707573510e+01
4.678772343750000005e+02,-8.439121785868108816e+01
4.678775273437499891e+02,-8.141247406501855721e+01
4.678778203125000346e+02,-7.519682528708017344e+01
4.678781132812500232e+02,-7.710665169805587027e+01
4.678784062500000118e+02,-7.997880035866513992e+01
4.678786992187500005e+02,-7.663383635777921654e+01
4.678789921874999891e+02,-7.643478382889423983e+01
4.678792851562500346e+02,-8.177575691769899890e+01
4.678795781250000232e+02,-9.212555735643435639e+01
4.678798710937500118e+02,-8.366717023959773769e+01
4.678801640625000005e+02,-8.116454588725572705e+01
4.678804570312499891e+02,-8.726055103666817558e+01
4.678807500000000346e+02,-7.949423890012877791e+01
4.678810429687500232e+02,-8.120967579985369866e+01
4.678813359375000118e+02,-9.326902004251542166e+01
4.678816289062500005e+02,-8.496928166904496038e+01
4.678819218749999891e+02,-7.569454365359467829e+01
4.678822148437500346e+02,-7.402588643800699231e+01
4.678825078125000232e+02,-7.633005507275298385e+01
4.678828007812500118e+02,-7.563630337176707030e+01
4.678830937500000005e+02,-7.480435166464232566e+01
4.678833867187499891e+02,-7.362282244994074176e+01
4.678836796875000346e+02,-8.311249977798921407e+01
4.678839726562500232e+02,-7.987374031877968150e+01
4.678842656250000118e+02,-7.798991815088034230e+01
4.678845585937500005e+02,-7.693445458552253058e+01
4.678848515624999891e+02,-7.972844789834201151e+01
4.678851445312500346e+02,-7.634523020115440772e+01
4.678854375000000232e+02,-8.122017890739202528e+01
4.678857304687500118e+02,-8.315341235952578813e+01
4.678860234375000005e+02,-7.362356100995941688e+01
4.678863164062499891e+02,-7.892643438279245061e+01
4.678866093750000346e+02,-8.300440624311646332e+01
4.678869023437500232e+02,-7.901088339858650045e+01
4.678871953125000118e+02,-7.606374413943341040e+01
4.678874882812500005e+02,-7.592818377114215878e+01
4.678877812499999891e+02,-7.590458731160885009e+01
4.678880742187500346e+02,-7.518908073969727468e+01
4.678883671875000232e+02,-7.682728540036600862e+01
4.678886601562500118e+02,-7.854186031623979147e+01
4.678889531250000005e+02,-8.790478277864586687e+01
4.678892460937499891e+02,-8.508053401505144109e+01
4.678895390625000346e+02,-7.483414877419218669e+01
4.678898320312500232e+02,-7.703275190133038564e+01
4.678901250000000118e+02,-7.485503176959053917e+01
4.678904179687500005e+02,-7.809679757580077819e+01
4.678907109374999891e+02,-7.866686064741168138e+01
4.678910039062500346e+02,-8.055553713402316873e+01
4.678912968750000232e+02,-7.761931907536443020e+01
4.678915898437500118e+02,-7.852098887693679785e+01
4.678918828125000005e+02,-9.309888756149209144e+01
4.678921757812499891e+02,-7.898209281728094311e+01
4.678924687500000346e+02,-9.168032111832849296e+01
4.678927617187500232e+02,-8.219356574346862487e+01
4.678930546875000118e+02,-7.968479199840541582e+01
4.678933476562500005e+02,-7.641767064074758764e+01
4.678936406249999891e+02,-7.632599048365557337e+01
4.678939335937500346e+02,-8.008102060005241185e+01
4.678942265625000232e+02,-7.907838947705349142e+01
4.678945195312500118e+02,-7.807182696972743940e+01
4.678948125000000005e+02,-8.214766263701635296e+01
4.678951054687499891e+02,-7.543693384918424272e+01
4.678953984375000346e+02,-7.582166123765392740e+01
4.678956914062500232e+02,-7.840566086138815649e+01
4.678959843750000118e+02,-8.004563282459854179e+01
4.678962773437500005e+02,-8.014089125703335981e+01
4.678965703124999891e+02,-8.932383841964288251e+01
4.678968632812500346e+02,-8.067461979913940695e+01
4.678971562500000232e+02,-7.561358829668827752e+01
4.678974492187500118e+02,-8.762510212184734826e+01
4.678977421875000005e+02,-7.825628411131157236e+01
4.678980351562499891e+02,-7.721972628636065394e+01
4.678983281250000346e+02,-7.994646669860085808e+01
4.678986210937500232e+02,-8.107992876904481250e+01
4.678989140625000118e+02,-7.602566139267506173e+01
4.678992070312500005e+02,-8.042486732962012752e+01
4.678994999999999891e+02,-9.614247331464056856e+01
4.678997929687500346e+02,-8.176053388099822428e+01
4.679000859375000232e+02,-7.911894949334444505e+01
4.679003789062500118e+02,-8.185370388400350805e+01
4.679006718750000005e+02,-7.147350217520333615e+01
4.679009648437499891e+02,-7.236966990653553466e+01
4.679012578125000346e+02,-7.926265630546029684e+01
4.679015507812500232e+02,-8.901501118212647157e+01
4.679018437500000118e+02,-7.850268571054216693e+01
4.679021367187500005e+02,-7.421237788870394070e+01
4.679024296874999891e+02,-8.224621115253277992e+01
4.679027226562500346e+02,-8.581275200253196545e+01
4.679030156250000232e+02,-7.573250968270170347e+01
4.679033085937500118e+02,-7.493524898281467017e+01
4.679036015625000005e+02,-7.660644443114958335e+01
4.679038945312499891e+02,-7.184235817504634269e+01
4.679041875000000346e+02,-7.612888043745046218e+01
4.679044804687500232e+02,-8.189855961594197709e+01
4.679047734375000118e+02,-7.545542406169860783e+01
4.679050664062500005e+02,-7.323833785936967899e+01
4.679053593749999891e+02,-7.514333387036276690e+01
4.679056523437500346e+02,-8.105194131026892990e+01
4.679059453125000232e+02,-7.654852899428578894e+01
4.679062382812500118e+02,-7.362335991353302234e+01
4.679065312500000005e+02,-8.002677061979363771e+01
4.679068242187499891e+02,-7.538339988420619875e+01
4.679071171875000346e+02,-8.693913402485387110e+01
4.679074101562500232e+02,-7.849746406915554076e+01
4.679077031250000118e+02,-7.779413507985579201e+01
4.679079960937500005e+02,-7.957354204305221401e+01
4.679082890624999891e+02,-7.892695016005701802e+01
4.679085820312500346e+02,-8.311899135194752830e+01
4.679088750000000232e+02,-8.437763429682733829e+01
4.679091679687500118e+02,-7.832912765285246337e+01
4.679094609375000005e+02,-8.238979358025582656e+01
4.679097539062499891e+02,-9.007716703747858844e+01
4.679100468750000346e+02,-7.653398310637255975e+01
4.679103398437500232e+02,-8.388251799119807117e+01
4.679106328125000118e+02,-7.790509269514866730e+01
4.679109257812500005e+02,-9.416531106035954224e+01
4.679112187499999891e+02,-7.234201703886120072e+01
4.679115117187500346e+02,-7.103144392172849564e+01
4.679118046875000232e+02,-7.775673180019464326e+01
4.679120976562500118e+02,-8.285449377595780618e+01
4.679123906250000005e+02,-7.866507309869896858e+01
4.679126835937499891e+02,-7.785791655353663998e+01
4.679129765625000346e+02,-7.384809556486543158e+01
4.679132695312500232e+02,-7.954501924376873490e+01
4.679135625000000118e+02,-8.099735533631539397e+01
4.679138554687500005e+02,-7.491521292448854297e+01
4.679141484374999891e+02,-7.638787761352895700e+01
4.679144414062500346e+02,-8.035192723737370102e+01
4.679147343750000232e+02,-7.771514194894592720e+01
4.679150273437500118e+02,-7.448509273335328373e+01
4.679153203125000005e+02,-8.360072700126841028e+01
4.679156132812499891e+02,-7.317844783787163010e+01
4.679159062500000346e+02,-7.144371013482574995e+01
4.679161992187500232e+02,-7.545239679155704948e+01
4.679164921875000118e+02,-7.427580431521991500e+01
4.679167851562500005e+02,-7.922416615948198171e+01
4.679170781249999891e+02,-7.784249377109479440e+01
4.679173710937500346e+02,-7.647174341679702536e+01
4.679176640625000232e+02,-7.648076630238087148e+01
4.679179570312500118e+02,-8.723494298036725070e+01
4.679182500000000005e+02,-8.329483587914957354e+01
4.679185429687499891e+02,-8.362853759324875114e+01
4.679188359375000346e+02,-8.238146360666235068e+01
4.679191289062500232e+02,-7.662575236383756305e+01
4.679194218750000118e+02,-7.394148940150456895e+01
4.679197148437500005e+02,-7.556351498001629352e+01
4.679200078124999891e+02,-8.678095402210607290e+01
4.679203007812500346e+02,-9.355930570546804859e+01
4.679205937500000232e+02,-8.425939039521523455e+01
4.679208867187500118e+02,-7.979896742642905849e+01
4.679211796875000005e+02,-7.908081581748015765e+01
4.679214726562499891e+02,-8.148363901756788152e+01
4.679217656250000346e+02,-7.957175122127509326e+01
4.679220585937500232e+02,-8.450530507754331211e+01
4.679223515625000118e+02,-7.875786046078728475e+01
4.679226445312500005e+02,-8.151388100775561441e+01
4.679229374999999891e+02,-8.442319760594509148e+01
4.679232304687500346e+02,-7.697408668381014252e+01
4.679235234375000232e+02,-8.093269372792261152e+01
4.679238164062500118e+02,-8.509202355571898124e+01
4.679241093750000005e+02,-8.037863072257131591e+01
4.679244023437499891e+02,-7.756019085572629024e+01
4.679246953125000346e+02,-7.800495375001214882e+01
4.679249882812500232e+02,-7.811253552913933618e+01
4.679252812500000118e+02,-7.989566419574293832e+01
4.679255742187500005e+02,-7.184546013255791763e+01
4.679258671874999891e+02,-7.288444087170614694e+01
4.679261601562500346e+02,-7.690461007536084992e+01
4.679264531250000232e+02,-7.665506223139138342e+01
4.679267460937500118e+02,-8.559538499760714103e+01
4.679270390625000005e+02,-8.072171495878920666e+01
4.679273320312499891e+02,-7.801458648462468659e+01
4.679276250000000346e+02,-7.543108713759066575e+01
4.679279179687500232e+02,-7.726436381778795237e+01
4.679282109375000118e+02,-8.449488627747534508e+01
4.679285039062500005e+02,-7.376689476705026038e+01
4.679287968749999891e+02,-7.288769415877135316e+01
4.679290898437500346e+02,-6.994026641817134760e+01
4.679293828125000232e+02,-7.323653864997022822e+01
4.679296757812500118e+02,-8.238561893034298578e+01
4.679299687500000005e+02,-7.480041929661997813e+01
4.679302617187499891e+02,-7.956212091379934748e+01
4.679305546875000346e+02,-8.054793644184496770e+01
4.679308476562500232e+02,-8.577167465499283594e+01
4.679311406250000118e+02,-7.925473484252323431e+01
4.679314335937500005e+02,-9.306101694108789957e+01
4.679317265624999891e+02,-8.365081618805311336e+01
4.679320195312500346e+02,-7.821323728003469000e+01
4.679323125000000232e+02,-7.752810179842566640e+01
4.679326054687500118e+02,-9.651653667568578499e+01
4.679328984375000005e+02,-7.895521366112083683e+01
4.679331914062499891e+02,-7.862850237083716820e+01
4.679334843750000346e+02,-7.810105461298709884e+01
4.679337773437500232e+02,-7.620816397677755560e+01
4.679340703125000118e+02,-7.799245729714033359e+01
4.679343632812500005e+02,-9.407163196222447255e+01
4.679346562499999891e+02,-7.655710035005540703e+01
4.679349492187500346e+02,-7.462505914042364452e+01
4.679352421875000232e+02,-7.760388744324016841e+01
4.679355351562500118e+02,-7.631467643618782404e+01
4.679358281250000005e+02,-7.912295077963084111e+01
4.679361210937499891e+02,-8.902223456645778299e+01
4.679364140625000346e+02,-8.573859018344830929e+01
4.679367070312500232e+02,-7.565692617427291111e+01
4.679370000000000118e+02,-8.206502094299288785e+01
4.679372929687500005e+02,-8.365541008071483020e+01
4.679375859374999891e+02,-8.170406140344690016e+01
4.679378789062500346e+02,-8.380196046302052082e+01
4.679381718750000232e+02,-7.647373995120852896e+01
4.679384648437500118e+02,-7.161688754122552325e+01
4.679387578125000005e+02,-8.102560801637791599e+01
4.679390507812499891e+02,-7.704570928282403486e+01
4.679393437500000346e+02,-9.582973575561766211e+01
4.679396367187500232e+02,-7.532116545871795665e+01
4.679399296875000118e+02,-7.298222547291149453e+01
4.679402226562500005e+02,-8.046890294103631902e+01
4.679405156249999891e+02,-7.775793762879105486e+01
4.679408085937500346e+02,-7.467687926690993550e+01
4.679411015625000232e+02,-8.187234512388359065e+01
4.679413945312500118e+02,-8.042256743634658278e+01
4.679416875000000005e+02,-7.692794566812062840e+01
4.679419804687499891e+02,-7.885788809930535592e+01
4.679422734375000346e+02,-7.947643361019878228e+01
4.679425664062500232e+02,-7.612054095890277949e+01
4.679428593750000118e+02,-8.932686363050832767e+01
4.679431523437500005e+02,-8.180825615178478927e+01
4.679434453124999891e+02,-7.751495057553773904e+01
4.679437382812500346e+02,-7.648742339218074449e+01
4.679440312500000232e+02,-8.150886972809119868e+01
4.679443242187500118e+02,-9.023161717649369962e+01
4.679446171875000005e+02,-8.508458255496145739e+01
4.679449101562499891e+02,-9.140031075996853360e+01
4.679452031250000346e+02,-8.134548778049777695e+01
4.679454960937500232e+02,-8.238245651956327720e+01
4.679457890625000118e+02,-8.546728599571353868e+01
4.679460820312500005e+02,-8.917760545744314982e+01
4.679463749999999891e+02,-7.681117666998741811e+01
4.679466679687500346e+02,-7.480999446099592376e+01
4.679469609375000232e+02,-7.384776515382368700e+01
4.679472539062500118e+02,-8.097218884922031634e+01
4.679475468750000005e+02,-8.626210115197862649e+01
4.679478398437499891e+02,-7.851939571871461965e+01
4.679481328125000346e+02,-7.634067807704488473e+01
4.679484257812500232e+02,-8.256945535641710876e+01
4.679487187500000118e+02,-8.054625938747213354e+01
4.679490117187500005e+02,-7.652199441303496030e+01
4.679493046874999891e+02,-7.942445663373369769e+01
4.679495976562500346e+02,-7.774376193784975442e+01
4.679498906250000232e+02,-7.380673358332762746e+01
4.679501835937500118e+02,-7.651164339915251844e+01
4.679504765625000005e+02,-7.818736772876498264e+01
4.679507695312499891e+02,-8.048192529997962197e+01
4.679510625000000346e+02,-7.740683755912154140e+01
4.679513554687500232e+02,-8.238361934097810035e+01
4.679516484375000118e+02,-9.463386731574905752e+01
4.679519414062500005e+02,-8.593337141087945952e+01
4.679522343749999891e+02,-7.647986511053105119e+01
4.679525273437500346e+02,-7.606397746032425289e+01
4.679528203125000232e+02,-7.663097592057691543e+01
4.679531132812500118e+02,-7.394416539811082600e+01
4.679534062500000005e+02,-7.579085528820061768e+01
4.679536992187499891e+02,-8.413292743034440946e+01
4.679539921875000346e+02,-7.908594447564659902e+01
4.679542851562500232e+02,-7.586399417151760360e+01
4.679545781250000118e+02,-7.399011780035296226e+01
4.679548710937500005e+02,-8.664267331343650369e+01
4.679551640624999891e+02,-7.126195446690263680e+01
4.679554570312500346e+02,-7.073107631261940753e+01
4.679557500000000232e+02,-7.554171825033282062e+01
4.679560429687500118e+02,-7.363980325393053761e+01
4.679563359375000005e+02,-7.439399114123179402e+01
4.679566289062499891e+02,-7.518132764955694824e+01
4.679569218750000346e+02,-7.304069129767604807e+01
4.679572148437500232e+02,-7.897786305969654563e+01
4.679575078125000118e+02,-8.364495130835624082e+01
4.679578007812500005e+02,-7.712943699173474954e+01
4.679580937499999891e+02,-8.270907138800706093e+01
4.679583867187500346e+02,-8.094932781921501430e+01
4.679586796875000232e+02,-8.087405720528805375e+01
4.679589726562500118e+02,-7.732042583724140172e+01
4.679592656250000005e+02,-7.139420711972871914e+01
4.679595585937499891e+02,-7.159129969319904774e+01
4.679598515625000346e+02,-8.493636857615851454e+01
4.679601445312500232e+02,-8.474619256416019653e+01
4.679604375000000118e+02,-9.271796129025460687e+01
4.679607304687500005e+02,-8.680783852086807428e+01
4.679610234374999891e+02,-7.753353437771689016e+01
4.679613164062500346e+02,-8.516730969981696830e+01
4.679616093750000232e+02,-8.825213038871957849e+01
4.679619023437500118e+02,-7.355130587034928169e+01
4.679621953125000005e+02,-7.156021520723938067e+01
4.679624882812499891e+02,-7.417632641158660078e+01
4.679627812500000346e+02,-7.708375790841398612e+01
4.679630742187500232e+02,-7.883427703357044436e+01
4.679633671875000118e+02,-7.669786108093157395e+01
4.679636601562500005e+02,-9.109922658987017030e+01
4.679639531249999891e+02,-7.398043485091545790e+01
4.679642460937500346e+02,-8.122798325445143064e+01
4.679645390625000232e+02,-7.666289803648324153e+01
4.679648320312500118e+02,-7.631486915466425103e+01
4.679651250000000005e+02,-7.974869318089332637e+01
4.679654179687499891e+02,-8.205091226644486824e+01
4.679657109375000346e+02,-8.049069625013224538e+01
4.679660039062500232e+02,-7.968688388400053668e+01
4.679662968750000118e+02,-7.901472723305334966e+01
4.679665898437500005e+02,-9.270262100799642724e+01
4.679668828124999891e+02,-8.333455891452389608e+01
4.679671757812500346e+02,-8.248286403625905905e+01
4.679674687500000232e+02,-8.258112052907458178e+01
4.679677617187500118e+02,-8.575005668423941074e+01
4.679680546875000005e+02,-7.818043763006492952e+01
4.679683476562499891e+02,-7.346425294080196977e+01
4.679686406250000346e+02,-7.607543431083078644e+01
4.679689335937500232e+02,-8.291271303809364213e+01
4.679692265625000118e+02,-8.288365679812351061e+01
4.679695195312500005e+02,-8.777919905104292297e+01
4.679698124999999891e+02,-8.196147478222606253e+01
4.679701054687500346e+02,-8.097604694057038444e+01
4.679703984375000232e+02,-7.582235533463379795e+01
4.679706914062500118e+02,-7.397695781427948702e+01
4.679709843750000005e+02,-7.572634326489460932e+01
4.679712773437499891e+02,-8.372385141610145354e+01
4.679715703125000346e+02,-9.041057368360995383e+01
4.679718632812500232e+02,-7.741469292773747668e+01
4.679721562500000118e+02,-8.066271456279841345e+01
4.679724492187500005e+02,-8.662747296674332631e+01
4.679727421874999891e+02,-8.491021798103309948e+01
4.679730351562500346e+02,-8.166896159433237301e+01
4.679733281250000232e+02,-8.288356737948623731e+01
4.679736210937500118e+02,-8.415754079919167907e+01
4.679739140625000005e+02,-8.463167898491811059e+01
4.679742070312499891e+02,-8.556828549358732516e+01
4.679745000000000346e+02,-7.860448377225500849e+01
4.679747929687500232e+02,-7.525522801887335334e+01
4.679750859375000118e+02,-7.808808798663980610e+01
4.679753789062500005e+02,-8.603119458385975804e+01
4.679756718749999891e+02,-7.737031588463767662e+01
4.679759648437500346e+02,-7.639471148656829769e+01
4.679762578125000232e+02,-7.851872154115690705e+01
4.679765507812500118e+02,-7.511642769099560724e+01
4.679768437500000005e+02,-7.949276587079097567e+01
4.679771367187499891e+02,-7.932926878646642876e+01
4.679774296875000346e+02,-8.019985681475175454e+01
4.679777226562500232e+02,-8.809120254790204285e+01
4.679780156250000118e+02,-8.092767028518696293e+01
4.679783085937500005e+02,-7.389604671851033402e+01
4.679786015624999891e+02,-7.510153599683891912e+01
4.679788945312500346e+02,-8.168772322079526305e+01
4.679791875000000232e+02,-8.908954903236627842e+01
4.679794804687500118e+02,-8.444317696405092022e+01
4.679797734375000005e+02,-8.093161805797649322e+01
4.679800664062499891e+02,-8.703410911433829256e+01
4.679803593750000346e+02,-8.466263796051813983e+01
4.679806523437500232e+02,-7.797965630551432525e+01
4.679809453125000118e+02,-7.757383601411090979e+01
4.679812382812500005e+02,-7.968216217934194390e+01
4.679815312499999891e+02,-7.674960303418104957e+01
4.679818242187500346e+02,-8.477408104038759973e+01
4.679821171875000232e+02,-8.272878155712648152e+01
4.679824101562500118e+02,-8.451737546648743660e+01
4.679827031250000005e+02,-8.045924013943375996e+01
4.679829960937499891e+02,-9.063967446572192443e+01
4.679832890625000346e+02,-8.037497857781747257e+01
4.679835820312500232e+02,-8.389323335642279744e+01
4.679838750000000118e+02,-8.504145951774063406e+01
4.679841679687500005e+02,-8.548149055214651071e+01
4.679844609374999891e+02,-8.175240962862793026e+01
4.679847539062500346e+02,-8.115945260537286288e+01
4.679850468750000232e+02,-8.356897287045293865e+01
4.679853398437500118e+02,-8.178659791769550225e+01
4.679856328125000005e+02,-8.059989181659383917e+01
4.679859257812499891e+02,-8.337335859072499034e+01
4.679862187500000346e+02,-8.326041322338754469e+01
4.679865117187500232e+02,-8.809225176119349499e+01
4.679868046875000118e+02,-8.833226874984384835e+01
4.679870976562500005e+02,-8.095388744281495974e+01
4.679873906249999891e+02,-8.457923023773449245e+01
4.679876835937500346e+02,-7.597264525038146132e+01
4.679879765625000232e+02,-7.778433710749597196e+01
4.679882695312500118e+02,-8.407045847668746319e+01
4.679885625000000005e+02,-8.178087816313627911e+01
4.679888554687499891e+02,-7.940793540835170461e+01
4.679891484375000346e+02,-8.103361676049111395e+01
4.679894414062500232e+02,-8.132709217771746069e+01
4.679897343750000118e+02,-8.213652206913127429e+01
4.679900273437500005e+02,-8.085817980323427889e+01
4.679903203124999891e+02,-7.767557940513910353e+01
4.679906132812500346e+02,-8.794320412460348280e+01
4.679909062500000232e+02,-8.040081917950006130e+01
4.679911992187500118e+02,-7.765307280352314478e+01
4.679914921875000005e+02,-7.817575039862629183e+01
4.679917851562499891e+02,-7.680652462079591203e+01
4.679920781250000346e+02,-7.680805535164327580e+01
4.679923710937500232e+02,-8.035430085749163709e+01
4.679926640625000118e+02,-8.472846924477786956e+01
4.679929570312500005e+02,-8.174645515303582499e+01
4.679932499999999891e+02,-7.985632186205845073e+01
4.679935429687500346e+02,-8.326219942865461121e+01
4.679938359375000232e+02,-7.805249978245996090e+01
4.679941289062500118e+02,-8.054929874829183234e+01
4.679944218750000005e+02,-8.590173247619273411e+01
4.679947148437499891e+02,-9.941005087121237693e+01
4.679950078125000346e+02,-8.413063856071730129e+01
4.679953007812500232e+02,-8.516941081312322126e+01
4.679955937500000118e+02,-7.770144816011473665e+01
4.679958867187500005e+02,-8.378833029860862780e+01
4.679961796874999891e+02,-8.854036450160208460e+01
4.679964726562500346e+02,-9.075355901191133512e+01
4.679967656250000232e+02,-8.191730737310307120e+01
4.679970585937500118e+02,-7.966328331007862573e+01
4.679973515625000005e+02,-8.239733503010809557e+01
4.679976445312499891e+02,-9.133654791642408100e+01
4.679979375000000346e+02,-7.493761064418156082e+01
4.679982304687500232e+02,-7.318822389278946616e+01
4.679985234375000118e+02,-7.663465544494698634e+01
4.679988164062500005e+02,-7.701530568419761380e+01
4.679991093749999891e+02,-8.083550611376844586e+01
4.679994023437500346e+02,-8.883639021584288287e+01
4.679996953125000232e+02,-8.391519862227914928e+01
4.679999882812500118e+02,-8.123145603853180319e+01
4.680002812500000005e+02,-8.018741747701872669e+01
4.680005742187499891e+02,-8.379428050218037072e+01
4.680008671875000346e+02,-8.129654068232076725e+01
4.680011601562500232e+02,-8.115356054337807734e+01
4.680014531250000118e+02,-8.339152000810963727e+01
4.680017460937500005e+02,-7.818482874844876562e+01
4.680020390624999891e+02,-7.806256104761307313e+01
4.680023320312500346e+02,-8.008957987949598589e+01
4.680026250000000232e+02,-8.525280230204279519e+01
4.680029179687500118e+02,-9.161733515449225251e+01
4.680032109375000005e+02,-9.491155149826965953e+01
4.680035039062499891e+02,-8.482343112100876681e+01
4.680037968750000346e+02,-8.225478518096733183e+01
4.680040898437500232e+02,-8.628298031333089568e+01
4.680043828125000118e+02,-7.682502845556008708e+01
4.680046757812500005e+02,-7.532736022770470186e+01
4.680049687499999891e+02,-7.814550981921178163e+01
4.680052617187500346e+02,-8.029997449095327511e+01
4.680055546875000232e+02,-8.084882665908750710e+01
4.680058476562500118e+02,-8.520372488511239339e+01
4.680061406250000005e+02,-8.475583833487550578e+01
4.680064335937499891e+02,-8.621086921690972815e+01
4.680067265625000346e+02,-7.900443593591785429e+01
4.680070195312500232e+02,-8.288125766090595903e+01
4.680073125000000118e+02,-7.738800440747873211e+01
4.680076054687500005e+02,-8.169416632568788827e+01
4.680078984374999891e+02,-7.739741433609631827e+01
4.680081914062500346e+02,-8.212798102364830299e+01
4.680084843750000232e+02,-7.781216404733876857e+01
4.680087773437500118e+02,-8.139372710119941701e+01
4.680090703125000005e+02,-8.872217765862015426e+01
4.680093632812499891e+02,-8.084619297079940736e+01
4.680096562500000346e+02,-8.154690138932321020e+01
4.680099492187500232e+02,-7.763069755219109425e+01
4.680102421875000118e+02,-8.441338468679008145e+01
4.680105351562500005e+02,-7.616278332423769371e+01
4.680108281249999891e+02,-8.170147174732457529e+01
4.680111210937500346e+02,-8.026583075383828714e+01
4.680114140625000232e+02,-7.961016218395597832e+01
4.680117070312500118e+02,-8.168772735469376300e+01
4.680120000000000005e+02,-8.332633468217159134e+01
4.680122929687499891e+02,-8.144812788770107659e+01
4.680125859375000346e+02,-8.332150183521817155e+01
4.680128789062500232e+02,-8.292072976950548480e+01
4.680131718750000118e+02,-8.071996328707118096e+01
4.680134648437500005e+02,-8.259907940398476001e+01
4.680137578124999891e+02,-8.873165953296619080e+01
4.680140507812500346e+02,-8.591943974877651158e+01
4.680143437500000232e+02,-7.658550141597109473e+01
4.680146367187500118e+02,-7.797752359021028212e+01
4.680149296875000005e+02,-8.119737443285336553e+01
4.680152226562499891e+02,-8.354009527369520072e+01
4.680155156250000346e+02,-8.066764095901321241e+01
4.680158085937500232e+02,-8.509913489454673652e+01
4.680161015625000118e+02,-9.974761021213836898e+01
4.680163945312500005e+02,-8.786293042676085463e+01
4.680166874999999891e+02,-8.811988692528788647e+01
4.680169804687500346e+02,-8.351800622315951728e+01
4.680172734375000232e+02,-8.378655678267548979e+01
4.680175664062500118e+02,-8.006044936447160865e+01
4.680178593750000005e+02,-7.582536405628231080e+01
4.680181523437499891e+02,-8.661768178010375152e+01
4.680184453125000346e+02,-8.042133992877947435e+01
4.680187382812500232e+02,-7.747909591980183563e+01
4.680190312500000118e+02,-7.835503051327462742e+01
4.680193242187500005e+02,-7.963248809909282500e+01
4.680196171874999891e+02,-7.577932858238098390e+01
4.680199101562500346e+02,-7.638808086414999821e+01
4.680202031250000232e+02,-7.942491100163725548e+01
4.680204960937500118e+02,-8.267766566032433673e+01
4.680207890625000005e+02,-9.035858106165170511e+01
4.680210820312499891e+02,-8.656988433662137084e+01
4.680213750000000346e+02,-8.033955067908684100e+01
4.680216679687500232e+02,-8.494712802840410859e+01
4.680219609375000118e+02,-9.369548056439883510e+01
4.680222539062500005e+02,-8.434929958619750323e+01
4.680225468749999891e+02,-8.462326737536757548e+01
4.680228398437500346e+02,-7.978507695338672079e+01
4.680231328125000232e+02,-8.301477837463869491e+01
4.680234257812500118e+02,-8.912848750344429050e+01
4.680237187500000005e+02,-7.937696168403866182e+01
4.680240117187499891e+02,-7.847543520747413481e+01
4.680243046875000346e+02,-8.086830066563726405e+01
4.680245976562500232e+02,-7.811134959899814589e+01
4.680248906250000118e+02,-7.572651291126402384e+01
4.680251835937500005e+02,-7.735686263879354385e+01
4.680254765624999891e+02,-8.027453405424581945e+01
4.680257695312500346e+02,-8.477843606669537735e+01
4.680260625000000232e+02,-7.898776019296860795e+01
4.680263554687500118e+02,-8.002504804685511886e+01
4.680266484375000005e+02,-7.939166634735752837e+01
4.680269414062499891e+02,-8.018469902232405389e+01
4.680272343750000346e+02,-7.515619597328544899e+01
4.680275273437500232e+02,-7.695272521047570535e+01
4.680278203125000118e+02,-8.464308563293953114e+01
4.680281132812500005e+02,-7.991856761092689965e+01
4.680284062499999891e+02,-7.314055530401107319e+01
4.680286992187500346e+02,-7.614243817737043685e+01
4.680289921875000232e+02,-8.232497397906018932e+01
4.680292851562500118e+02,-8.500134645738293671e+01
4.680295781250000005e+02,-8.722040584422850884e+01
4.680298710937499891e+02,-9.067935056855915832e+01
4.680301640625000346e+02,-8.133497885104496561e+01
4.680304570312500232e+02,-9.131240002038214243e+01
4.680307500000000118e+02,-8.210624304603055634e+01
4.680310429687500005e+02,-1.033804767264001896e+02
4.680313359374999891e+02,-8.054995538107277753e+01
4.680316289062500346e+02,-8.476910929703224440e+01
4.680319218750000232e+02,-9.077051854090026950e+01
4.680322148437500118e+02,-1.004618901655011456e+02
4.680325078125000005e+02,-7.580892493352672545e+01
4.680328007812499891e+02,-7.406091994260195577e+01
4.680330937500000346e+02,-8.662661101959072596e+01
4.680333867187500232e+02,-7.474514097576508220e+01
4.680336796875000118e+02,-7.510154801850895012e+01
4.680339726562500005e+02,-7.753138050280574589e+01
4.680342656249999891e+02,-8.713724859816240098e+01
4.680345585937500346e+02,-7.845418558273355814e+01
4.680348515625000232e+02,-8.117522861800593148e+01
4.680351445312500118e+02,-8.256638527521116089e+01
4.680354375000000005e+02,-8.282152083678272447e+01
4.680357304687499891e+02,-8.145578497940989848e+01
4.680360234375000346e+02,-9.135150389048015995e+01
4.680363164062500232e+02,-9.081288318834040751e+01
4.680366093750000118e+02,-8.569412421554929438e+01
4.680369023437500005e+02,-1.119047488356871440e+02
4.680371953124999891e+02,-9.810905527763438272e+01
4.680374882812500346e+02,-8.472465819888515171e+01
4.680377812500000232e+02,-9.091211866992520640e+01
4.680380742187500118e+02,-7.915227628545552818e+01
4.680383671875000005e+02,-8.197626640121234232e+01
4.680386601562499891e+02,-8.400156162578230123e+01
4.680389531250000346e+02,-8.094193063409215938e+01
4.680392460937500232e+02,-8.344118159655083389e+01
4.680395390625000118e+02,-7.740345445586817164e+01
4.680398320312500005e+02,-7.607082694308171256e+01
4.680401249999999891e+02,-7.839752692920805544e+01
4.680404179687500346e+02,-7.723416758145704364e+01
4.680407109375000232e+02,-8.387132924577350934e+01
4.680410039062500118e+02,-8.151861674361992982e+01
4.680412968750000005e+02,-8.130098830446640079e+01
4.680415898437499891e+02,-8.440221764677657745e+01
4.680418828125000346e+02,-8.023310478740235396e+01
4.680421757812500232e+02,-8.391931997670715759e+01
4.680424687500000118e+02,-8.655550083901117375e+01
4.680427617187500005e+02,-8.933374690003199703e+01
4.680430546874999891e+02,-8.627628586495876561e+01
4.680433476562500346e+02,-8.628568661930060557e+01
4.680436406250000232e+02,-8.037081036366242870e+01
4.680439335937500118e+02,-9.740241855644852365e+01
4.680442265625000005e+02,-9.468639103711082328e+01
4.680445195312499891e+02,-7.943022772498351003e+01
4.680448125000000346e+02,-7.941016381138949498e+01
4.680451054687500232e+02,-8.394862741531767369e+01
4.680453984375000118e+02,-7.997672250011459028e+01
4.680456914062500005e+02,-1.034947669311587504e+02
4.680459843749999891e+02,-7.431224948729163771e+01
4.680462773437500346e+02,-7.351939394873268441e+01
4.680465703125000232e+02,-7.794610944932993846e+01
4.680468632812500118e+02,-7.667167016136906454e+01
4.680471562500000005e+02,-7.857063191691861448e+01
4.680474492187499891e+02,-7.943035105326420364e+01
4.680477421875000346e+02,-7.554448860593400639e+01
4.680480351562500232e+02,-7.465645633280547599e+01
4.680483281250000118e+02,-7.856249255239973195e+01
4.680486210937500005e+02,-8.147645730313900003e+01
4.680489140624999891e+02,-7.714004948271967521e+01
4.680492070312500346e+02,-7.815555928866037050e+01
4.680495000000000232e+02,-9.600074853591718238e+01
4.680497929687500118e+02,-7.730872661058641881e+01
4.680500859375000005e+02,-7.771407343350227848e+01
4.680503789062499891e+02,-7.679261751131612357e+01
4.680506718750000346e+02,-7.564920149239848968e+01
4.680509648437500232e+02,-8.889778220848288015e+01
4.680512578125000118e+02,-7.580600060110442939e+01
4.680515507812500005e+02,-7.670964005803598695e+01
4.680518437499999891e+02,-9.827227633571659737e+01
4.680521367187500346e+02,-8.229168195233710037e+01
4.680524296875000232e+02,-8.362973761877833567e+01
4.680527226562500118e+02,-9.491304500756609741e+01
4.680530156250000005e+02,-8.155976585405483092e+01
4.680533085937499891e+02,-7.638169193652922218e+01
4.680536015625000346e+02,-8.677587975393640818e+01
4.680538945312500232e+02,-7.963654196487195236e+01
4.680541875000000118e+02,-7.647045785686663066e+01
4.680544804687500005e+02,-7.700541044794613299e+01
4.680547734374999891e+02,-7.741246582964198808e+01
4.680550664062500346e+02,-8.209655847335295675e+01
4.680553593750000232e+02,-9.024338508105417134e+01
4.680556523437500118e+02,-8.282466416816248511e+01
4.680559453125000005e+02,-8.346656558271176607e+01
4.680562382812499891e+02,-8.189298305508452813e+01
4.680565312500000346e+02,-9.200291127672849711e+01
4.680568242187500232e+02,-9.973178713131007100e+01
4.680571171875000118e+02,-8.444272690801584247e+01
4.680574101562500005e+02,-7.845815563890401734e+01
4.680577031249999891e+02,-9.241145065647295098e+01
4.680579960937500346e+02,-8.484292840286335036e+01
4.680582890625000232e+02,-8.843800412966673719e+01
4.680585820312500118e+02,-7.732092299723342421e+01
4.680588750000000005e+02,-8.190754564074525490e+01
4.680591679687499891e+02,-7.733392956515261574e+01
4.680594609375000346e+02,-8.200075270228204261e+01
4.680597539062500232e+02,-8.056182106733251658e+01
4.680600468750000118e+02,-8.749392008971959456e+01
4.680603398437500005e+02,-7.679971674749154431e+01
4.680606328124999891e+02,-7.730691507383446037e+01
4.680609257812500346e+02,-8.566306312679280666e+01
4.680612187500000232e+02,-9.619360630270064405e+01
4.680615117187500118e+02,-9.600670395840425897e+01
4.680618046875000005e+02,-7.979436064076826085e+01
4.680620976562499891e+02,-7.653516818717358206e+01
4.680623906250000346e+02,-7.746297733021447129e+01
4.680626835937500232e+02,-9.167977453703562674e+01
4.680629765625000118e+02,-8.067079250814914815e+01
4.680632695312500005e+02,-7.965077461035450312e+01
4.680635624999999891e+02,-8.334158408146515740e+01
4.680638554687500346e+02,-7.642983569842678548e+01
4.680641484375000232e+02,-8.444003982145615339e+01
4.680644414062500118e+02,-9.168582355635521708e+01
4.680647343750000005e+02,-8.578467001130881897e+01
4.680650273437499891e+02,-8.102754797777045326e+01
4.680653203125000346e+02,-8.388451393362410613e+01
4.680656132812500232e+02,-9.328240731536909891e+01
4.680659062500000118e+02,-9.289682950282120544e+01
4.680661992187500005e+02,-8.362519878090834879e+01
4.680664921874999891e+02,-7.793815989550024881e+01
4.680667851562500346e+02,-8.032613037428703251e+01
4.680670781250000232e+02,-7.698555512553218705e+01
4.680673710937500118e+02,-7.635508940834866110e+01
4.680676640625000005e+02,-7.845244784972227592e+01
4.680679570312499891e+02,-8.081019315420289217e+01
4.680682500000000346e+02,-7.723044009501930418e+01
4.680685429687500232e+02,-7.802100799019100918e+01
4.680688359375000118e+02,-8.392417923916538314e+01
4.680691289062500005e+02,-7.982652152682454982e+01
4.680694218749999891e+02,-9.090977933098801600e+01
4.680697148437500346e+02,-8.219312445931875288e+01
4.680700078125000232e+02,-8.085341351742060567e+01
4.680703007812500118e+02,-8.469919993167954431e+01
4.680705937500000005e+02,-8.833371892558236027e+01
4.680708867187499891e+02,-8.696653747913657639e+01
4.680711796875000346e+02,-8.587696186728905445e+01
4.680714726562500232e+02,-7.879096032249739778e+01
4.680717656250000118e+02,-7.836932956632351477e+01
4.680720585937500005e+02,-8.498465645876804331e+01
4.680723515624999891e+02,-7.493277622939415039e+01
4.680726445312500346e+02,-8.115236671358846365e+01
4.680729375000000232e+02,-8.747483253068824638e+01
4.680732304687500118e+02,-7.591469010297699072e+01
4.680735234375000005e+02,-7.358080934170602916e+01
4.680738164062499891e+02,-7.627870519708025654e+01
4.680741093750000346e+02,-8.639418177460464676e+01
4.680744023437500232e+02,-7.635931258321946302e+01
4.680746953125000118e+02,-7.995727842574019917e+01
4.680749882812500005e+02,-8.029442788639755690e+01
4.680752812499999891e+02,-8.168398634595567387e+01
4.680755742187500346e+02,-7.837016941212887389e+01
4.680758671875000232e+02,-7.977704845057610328e+01
4.680761601562500118e+02,-7.853085618145148317e+01
4.680764531250000005e+02,-7.900479796003270394e+01
4.680767460937499891e+02,-8.394634546314557610e+01
4.680770390625000346e+02,-9.156190482487012616e+01
4.680773320312500232e+02,-8.983726811694806713e+01
4.680776250000000118e+02,-9.977357698817995413e+01
4.680779179687500005e+02,-8.827784867605545571e+01
4.680782109374999891e+02,-7.820033194958122635e+01
4.680785039062500346e+02,-8.028530975982442897e+01
4.680787968750000232e+02,-8.757798342295555472e+01
4.680790898437500118e+02,-8.390638168753190484e+01
4.680793828125000005e+02,-7.837788531475376885e+01
4.680796757812499891e+02,-7.636059069832064949e+01
4.680799687500000346e+02,-8.400827866033942826e+01
4.680802617187500232e+02,-7.650241995489676583e+01
4.680805546875000118e+02,-7.730341728393509015e+01
4.680808476562500005e+02,-9.252674965690698627e+01
4.680811406249999891e+02,-8.196918916051873794e+01
4.680814335937500346e+02,-8.873651130449204061e+01
4.680817265625000232e+02,-7.444136267514649319e+01
4.680820195312500118e+02,-7.980559359024819344e+01
4.680823125000000005e+02,-7.938195854770610538e+01
4.680826054687499891e+02,-8.868848293785512737e+01
4.680828984375000346e+02,-7.850668101579212532e+01
4.680831914062500232e+02,-8.106732227772073429e+01
4.680834843750000118e+02,-7.967714703559890665e+01
4.680837773437500005e+02,-7.804290617404251407e+01
4.680840703124999891e+02,-8.673115420896125727e+01
4.680843632812500346e+02,-7.852760303701428768e+01
4.680846562500000232e+02,-7.982501902728149901e+01
4.680849492187500118e+02,-9.394677925208156921e+01
4.680852421875000005e+02,-8.176148944981635225e+01
4.680855351562499891e+02,-8.800485062038616491e+01
4.680858281250000346e+02,-8.213988309934276799e+01
4.680861210937500232e+02,-9.429972900884295939e+01
4.680864140625000118e+02,-8.609298848299317797e+01
4.680867070312500005e+02,-7.773242811323081014e+01
4.680869999999999891e+02,-7.642981113606116139e+01
4.680872929687500346e+02,-8.124999332201484492e+01
4.680875859375000232e+02,-8.771238390756401770e+01
4.680878789062500118e+02,-8.092861325120554739e+01
4.680881718750000005e+02,-7.743225182501069526e+01
4.680884648437499891e+02,-8.185978755673983187e+01
4.680887578125000346e+02,-8.213596799070388954e+01
4.680890507812500232e+02,-7.543222465015855960e+01
4.680893437500000118e+02,-7.691409126949706376e+01
4.680896367187500005e+02,-7.613549652211943908e+01
4.680899296874999891e+02,-7.780169975182117525e+01
4.680902226562500346e+02,-8.074042845319944206e+01
4.680905156250000232e+02,-7.618224466461170152e+01
4.680908085937500118e+02,-7.489467040577304147e+01
4.680911015625000005e+02,-7.535934037739330904e+01
4.680913945312499891e+02,-8.574967634274911177e+01
4.680916875000000346e+02,-7.795065713939222007e+01
4.680919804687500232e+02,-8.428600345142390893e+01
4.680922734375000118e+02,-7.992168082776267113e+01
4.680925664062500005e+02,-7.757959834861232196e+01
4.680928593749999891e+02,-7.812714410490576711e+01
4.680931523437500346e+02,-7.486926485687612853e+01
4.680934453125000232e+02,-7.948504257267150308e+01
4.680937382812500118e+02,-8.304449278173949267e+01
4.680940312500000005e+02,-7.740832731886914075e+01
4.680943242187499891e+02,-7.652686983222599792e+01
4.680946171875000346e+02,-8.800892892626976050e+01
4.680949101562500232e+02,-9.953368184922982209e+01
4.680952031250000118e+02,-8.320952266654802543e+01
4.680954960937500005e+02,-8.540011920449175875e+01
4.680957890624999891e+02,-9.151345211066043817e+01
4.680960820312500346e+02,-8.593198611325803427e+01
4.680963750000000232e+02,-8.630401168349146701e+01
4.680966679687500118e+02,-8.115163581208017263e+01
4.680969609375000005e+02,-7.329380971928243582e+01
4.680972539062499891e+02,-7.637839426436809731e+01
4.680975468750000346e+02,-8.266427576261526156e+01
4.680978398437500232e+02,-8.661792574271632361e+01
4.680981328125000118e+02,-8.686225839897005585e+01
4.680984257812500005e+02,-9.203839664406834231e+01
4.680987187499999891e+02,-9.195073968471434966e+01
4.680990117187500346e+02,-8.235534000876022276e+01
4.680993046875000232e+02,-7.968259653019751454e+01
4.680995976562500118e+02,-8.426260296171429331e+01
4.680998906250000005e+02,-8.532688094329380135e+01
4.681001835937499891e+02,-8.244782884802017975e+01
4.681004765625000346e+02,-8.263383279874388165e+01
4.681007695312500232e+02,-8.455832316140417504e+01
4.681010625000000118e+02,-7.889106906499799265e+01
4.681013554687500005e+02,-8.722318517132785587e+01
4.681016484374999891e+02,-7.860141028070040647e+01
4.681019414062500346e+02,-8.948988877173961498e+01
4.681022343750000232e+02,-8.176655049878360160e+01
4.681025273437500118e+02,-8.051789586511874575e+01
4.681028203125000005e+02,-7.978872482568351643e+01
4.681031132812499891e+02,-7.890850471065319027e+01
4.681034062500000346e+02,-8.114425591795571790e+01
4.681036992187500232e+02,-9.050997940011430387e+01
4.681039921875000118e+02,-7.982337990722184884e+01
4.681042851562500005e+02,-7.874940478938546562e+01
4.681045781249999891e+02,-8.536925110819214524e+01
4.681048710937500346e+02,-8.596164605269279946e+01
4.681051640625000232e+02,-9.834255061408519794e+01
4.681054570312500118e+02,-8.280756570590079946e+01
4.681057500000000005e+02,-8.287858988615147382e+01
4.681060429687499891e+02,-8.250544902756308829e+01
4.681063359375000346e+02,-8.421739939638780470e+01
4.681066289062500232e+02,-9.088742684614751965e+01
4.681069218750000118e+02,-8.434343333482502203e+01
4.681072148437500005e+02,-7.966848756142370291e+01
4.681075078124999891e+02,-7.889994966457395265e+01
4.681078007812500346e+02,-8.358867573261923667e+01
4.681080937500000232e+02,-8.792649641392729620e+01
4.681083867187500118e+02,-8.154062033212153437e+01
4.681086796875000005e+02,-7.844201068269924804e+01
4.681089726562499891e+02,-8.190334208873166233e+01
4.681092656250000346e+02,-7.953487144377754703e+01
4.681095585937500232e+02,-7.667648517492207816e+01
4.681098515625000118e+02,-7.785616043613524084e+01
4.681101445312500005e+02,-9.150564397662245142e+01
4.681104374999999891e+02,-8.243054069837458542e+01
4.681107304687500346e+02,-8.683738818174681739e+01
4.681110234375000232e+02,-9.241424169113773246e+01
4.681113164062500118e+02,-8.361524082305295735e+01
4.681116093750000005e+02,-8.284207180215217647e+01
4.681119023437499891e+02,-8.127679782384704765e+01
4.681121953125000346e+02,-8.247396902954875486e+01
4.681124882812500232e+02,-8.451527282296143539e+01
4.681127812500000118e+02,-9.297307904583979621e+01
4.681130742187500005e+02,-8.141285311940734459e+01
4.681133671874999891e+02,-8.964557535370431651e+01
4.681136601562500346e+02,-8.499726547574013580e+01
4.681139531250000232e+02,-8.106967752869709898e+01
4.681142460937500118e+02,-8.652647940262467330e+01
4.681145390625000005e+02,-8.110090732522890278e+01
4.681148320312499891e+02,-8.016051099708938921e+01
4.681151250000000346e+02,-8.354703814931453110e+01
4.681154179687500232e+02,-8.183674835310387152e+01
4.681157109375000118e+02,-7.423209966311289065e+01
4.681160039062500005e+02,-7.277695459994424709e+01
4.681162968749999891e+02,-7.418745674117995748e+01
4.681165898437500346e+02,-7.968816514305548537e+01
4.681168828125000232e+02,-9.169068057472065902e+01
4.681171757812500118e+02,-9.534231111415664373e+01
4.681174687500000005e+02,-9.757468089112576592e+01
4.681177617187499891e+02,-8.742835119517748410e+01
4.681180546875000346e+02,-7.995043905439138143e+01
4.681183476562500232e+02,-8.744294849065565245e+01
4.681186406250000118e+02,-8.167009308923022104e+01
4.681189335937500005e+02,-8.526715330476790200e+01
4.681192265624999891e+02,-8.731703496143069287e+01
4.681195195312500346e+02,-8.493092542860370031e+01
4.681198125000000232e+02,-8.985207909827451545e+01
4.681201054687500118e+02,-8.122241347377342890e+01
4.681203984375000005e+02,-7.782642367549838980e+01
4.681206914062499891e+02,-8.177302059810601520e+01
4.681209843750000346e+02,-7.810920543489814349e+01
4.681212773437500232e+02,-7.772496667562921857e+01
4.681215703125000118e+02,-7.773064803883863760e+01
4.681218632812500005e+02,-8.067405687065749476e+01
4.681221562499999891e+02,-8.316190221861548082e+01
4.681224492187500346e+02,-7.729713920394230797e+01
4.681227421875000232e+02,-7.875537189604555977e+01
4.681230351562500118e+02,-8.861135313203470787e+01
4.681233281250000005e+02,-9.064911859941035743e+01
4.681236210937499891e+02,-9.034621356446865548e+01
4.681239140625000346e+02,-8.548814170717329830e+01
4.681242070312500232e+02,-8.507978076176382842e+01
4.681245000000000118e+02,-9.538828949626606857e+01
4.681247929687500005e+02,-8.073260005844075238e+01
4.681250859374999891e+02,-7.938446727238085998e+01
4.681253789062500346e+02,-7.698190639060177887e+01
4.681256718750000232e+02,-8.804296588226115716e+01
4.681259648437500118e+02,-7.664200421865977830e+01
4.681262578125000005e+02,-7.934228375244268250e+01
4.681265507812499891e+02,-8.656197700041632004e+01
4.681268437500000346e+02,-9.364146302992639903e+01
4.681271367187500232e+02,-9.923447013219644930e+01
4.681274296875000118e+02,-8.261856899435969126e+01
4.681277226562500005e+02,-8.534367778040937935e+01
4.681280156249999891e+02,-8.322409009607127928e+01
4.681283085937500346e+02,-8.689083672055645025e+01
4.681286015625000232e+02,-8.666727593992304435e+01
4.681288945312500118e+02,-8.393655067505939371e+01
4.681291875000000005e+02,-8.230998743498425085e+01
4.681294804687499891e+02,-8.611142357268384728e+01
4.681297734375000346e+02,-9.390172385246140152e+01
4.681300664062500232e+02,-8.848080185460631242e+01
4.681303593750000118e+02,-9.339135376639804065e+01
4.681306523437500005e+02,-1.048048045881552781e+02
4.681309453124999891e+02,-8.441356280563633163e+01
4.681312382812500346e+02,-8.439519717897957207e+01
4.681315312500000232e+02,-8.771158528440369651e+01
4.681318242187500118e+02,-8.978270458059455450e+01
4.681321171875000005e+02,-8.170160258540221321e+01
4.681324101562499891e+02,-9.158142454622549167e+01
4.681327031250000346e+02,-8.420993739697232172e+01
4.681329960937500232e+02,-8.242152633607263112e+01
4.681332890625000118e+02,-8.447827045598245377e+01
4.681335820312500005e+02,-8.101610456403123806e+01
4.681338749999999891e+02,-7.999613319570187286e+01
4.681341679687500346e+02,-8.423446300703017187e+01
4.681344609375000232e+02,-9.119343992199075899e+01
4.681347539062500118e+02,-9.333456473138085130e+01
4.681350468750000005e+02,-8.088140034734919936e+01
4.681353398437499891e+02,-7.885131433975108450e+01
4.681356328125000346e+02,-8.293666350496013706e+01
4.681359257812500232e+02,-1.050237083440013350e+02
4.681362187500000118e+02,-8.864009791019532258e+01
4.681365117187500005e+02,-8.730432877888992493e+01
4.681368046874999891e+02,-7.851864630072326179e+01
4.681370976562500346e+02,-8.316042154269823072e+01
4.681373906250000232e+02,-9.095737025428235256e+01
4.681376835937500118e+02,-9.734716586940416505e+01
4.681379765625000005e+02,-8.200972602112915411e+01
4.681382695312499891e+02,-7.907781397410030877e+01
4.681385625000000346e+02,-8.859822733218651081e+01
4.681388554687500232e+02,-9.034815973507298281e+01
4.681391484375000118e+02,-9.689776891765461642e+01
4.681394414062500005e+02,-8.720013430347540861e+01
4.681397343749999891e+02,-8.073493413410096764e+01
4.681400273437500346e+02,-8.643275095145520481e+01
4.681403203125000232e+02,-8.300612735207080561e+01
4.681406132812500118e+02,-8.760614739836017861e+01
4.681409062500000005e+02,-8.135839364578677646e+01
4.681411992187499891e+02,-8.344554546925272120e+01
4.681414921875000346e+02,-8.195975467533966707e+01
4.681417851562500232e+02,-8.066385226823524590e+01
4.681420781250000118e+02,-8.094139051046556688e+01
4.681423710937500005e+02,-8.895866439088651134e+01
4.681426640624999891e+02,-8.164159477942389742e+01
4.681429570312500346e+02,-8.314389561065991074e+01
4.681432500000000232e+02,-8.586697913082593914e+01
4.681435429687500118e+02,-8.133159946460835954e+01
4.681438359375000005e+02,-8.239308820189347671e+01
4.681441289062499891e+02,-8.874823546574576483e+01
4.681444218750000346e+02,-8.126543372112003283e+01
4.681447148437500232e+02,-8.314640198533821547e+01
4.681450078125000118e+02,-8.420576035204175014e+01
4.681453007812500005e+02,-8.765581324647783390e+01
4.681455937499999891e+02,-7.907858197576680936e+01
4.681458867187500346e+02,-8.145799644795253869e+01
4.681461796875000232e+02,-9.048455635406722308e+01
4.681464726562500118e+02,-8.637663036492513413e+01
4.681467656250000005e+02,-1.098730424128405616e+02
4.681470585937499891e+02,-8.433770233916648351e+01
4.681473515625000346e+02,-8.111976177097378127e+01
4.681476445312500232e+02,-8.486938446241288148e+01
4.681479375000000118e+02,-8.136158439449305035e+01
4.681482304687500005e+02,-8.414267796945819100e+01
4.681485234374999891e+02,-8.368952413864602136e+01
4.681488164062500346e+02,-7.952872372533776968e+01
4.681491093750000232e+02,-8.257302968620307126e+01
4.681494023437500118e+02,-8.374952034674487322e+01
4.681496953125000005e+02,-7.727362422611770398e+01
4.681499882812499891e+02,-7.961349041136546134e+01
4.681502812500000346e+02,-8.064687387646264938e+01
4.681505742187500232e+02,-8.217305669587518935e+01
4.681508671875000118e+02,-8.292134792799899401e+01
4.681511601562500005e+02,-8.466432309666005551e+01
4.681514531249999891e+02,-9.096060292431629080e+01
4.681517460937500346e+02,-8.069730663214615163e+01
4.681520390625000232e+02,-8.051071986957182958e+01
4.681523320312500118e+02,-8.203609804836693797e+01
4.681526250000000005e+02,-8.087093480945657120e+01
4.681529179687499891e+02,-8.613919843026377521e+01
4.681532109375000346e+02,-8.377040532034472164e+01
4.681535039062500232e+02,-1.009821619915251176e+02
4.681537968750000118e+02,-9.771636041457311705e+01
4.681540898437500005e+02,-8.460756207007578666e+01
4.681543828124999891e+02,-8.210620504110650586e+01
4.681546757812500346e+02,-8.364849046504377839e+01
4.681549687500000232e+02,-8.144454251590192939e+01
4.681552617187500118e+02,-8.067301793127668930e+01
4.681555546875000005e+02,-8.700915433472013660e+01
4.681558476562499891e+02,-8.708338858331330812e+01
4.681561406250000346e+02,-8.110346290660629620e+01
4.681564335937500232e+02,-7.819895462692761612e+01
4.681567265625000118e+02,-7.954702653787461486e+01
4.681570195312500005e+02,-8.702598180293223606e+01
4.681573124999999891e+02,-8.340163856039283985e+01
4.681576054687500346e+02,-7.808950821429915834e+01
4.681578984375000232e+02,-7.913869626289566384e+01
4.681581914062500118e+02,-7.936392859471770578e+01
4.681584843750000005e+02,-8.795792874310897957e+01
4.681587773437499891e+02,-8.225539889757038736e+01
4.681590703125000346e+02,-8.066512745186872735e+01
4.681593632812500232e+02,-7.793337594764143716e+01
4.681596562500000118e+02,-7.882107005137274314e+01
4.681599492187500005e+02,-7.905104164326201044e+01
4.681602421874999891e+02,-8.027771513081677313e+01
4.681605351562500346e+02,-8.215335204255394785e+01
4.681608281250000232e+02,-7.843791085946085673e+01
4.681611210937500118e+02,-7.921955529078154257e+01
4.681614140625000005e+02,-8.698195174083501513e+01
4.681617070312499891e+02,-8.283409515095327436e+01
4.681620000000000346e+02,-8.243784587226976157e+01
4.681622929687500232e+02,-7.778180865869379090e+01
4.681625859375000118e+02,-7.652366444046236893e+01
4.681628789062500005e+02,-8.822811949813269905e+01
4.681631718749999891e+02,-8.241773429498624637e+01
4.681634648437500346e+02,-7.979839921167780403e+01
4.681637578125000232e+02,-7.432763377214618572e+01
4.681640507812500118e+02,-7.628944625568044557e+01
4.681643437500000005e+02,-8.162791045168864912e+01
4.681646367187499891e+02,-8.145714201498698515e+01
4.681649296875000346e+02,-8.893145167410531826e+01
4.681652226562500232e+02,-8.144192994987848522e+01
4.681655156250000118e+02,-7.755588515312759057e+01
4.681658085937500005e+02,-7.908968869190856310e+01
4.681661015624999891e+02,-7.826934802568453620e+01
4.681663945312500346e+02,-8.538946129905892235e+01
4.681666875000000232e+02,-8.647082967635915907e+01
4.681669804687500118e+02,-8.806513365721956177e+01
4.681672734375000005e+02,-8.584733153792640792e+01
4.681675664062499891e+02,-8.471758448287012300e+01
4.681678593750000346e+02,-8.505464887319325840e+01
4.681681523437500232e+02,-8.914777559432785381e+01
4.681684453125000118e+02,-8.503287732771562446e+01
4.681687382812500005e+02,-9.054029790437057557e+01
4.681690312499999891e+02,-7.725853279606198498e+01
4.681693242187500346e+02,-7.831892160517196544e+01
4.681696171875000232e+02,-8.032945740789702427e+01
4.681699101562500118e+02,-8.500534001167707743e+01
4.681702031250000005e+02,-7.955355485613502253e+01
4.681704960937499891e+02,-7.862072297518690789e+01
4.681707890625000346e+02,-8.956299820876380124e+01
4.681710820312500232e+02,-8.603515764284138356e+01
4.681713750000000118e+02,-8.716130674387619592e+01
4.681716679687500005e+02,-8.487128155015179232e+01
4.681719609374999891e+02,-7.933455990802629287e+01
4.681722539062500346e+02,-8.515660014952487700e+01
4.681725468750000232e+02,-9.280794086866934833e+01
4.681728398437500118e+02,-9.565547790551340768e+01
4.681731328125000005e+02,-8.703483188480615240e+01
4.681734257812499891e+02,-9.000235937285098942e+01
4.681737187500000346e+02,-8.190646386023081504e+01
4.681740117187500232e+02,-9.615181248078555143e+01
4.681743046875000118e+02,-8.829930521589008663e+01
4.681745976562500005e+02,-9.457349722930521807e+01
4.681748906249999891e+02,-9.256151013888596424e+01
4.681751835937500346e+02,-8.074661744765330695e+01
4.681754765625000232e+02,-7.726033392189866333e+01
4.681757695312500118e+02,-7.499671860475311291e+01
4.681760625000000005e+02,-7.938468461149577138e+01
4.681763554687499891e+02,-9.622563392213210420e+01
4.681766484375000346e+02,-7.909662011768334366e+01
4.681769414062500232e+02,-7.957726011441637581e+01
4.681772343750000118e+02,-9.609843630091771161e+01
4.681775273437500005e+02,-8.667818273677690399e+01
4.681778203124999891e+02,-9.133274909537837516e+01
4.681781132812500346e+02,-8.626995984477042612e+01
4.681784062500000232e+02,-8.193484126381996191e+01
4.681786992187500118e+02,-8.319009128150605648e+01
4.681789921875000005e+02,-1.001323994948979248e+02
4.681792851562499891e+02,-8.820627163257194070e+01
4.681795781250000346e+02,-8.093868953225025109e+01
4.681798710937500232e+02,-7.736580540603604561e+01
4.681801640625000118e+02,-8.649175332010700856e+01
4.681804570312500005e+02,-8.113586336762912765e+01
4.681807499999999891e+02,-8.813147835410316588e+01
4.681810429687500346e+02,-9.154162318294388001e+01
4.681813359375000232e+02,-8.715503181160882207e+01
4.681816289062500118e+02,-8.017207803680271638e+01
4.681819218750000005e+02,-7.971496297930399066e+01
4.681822148437499891e+02,-8.666093332611332301e+01
4.681825078125000346e+02,-9.805602531595646099e+01
4.681828007812500232e+02,-8.634153135380029198e+01
4.681830937500000118e+02,-8.139470289708769712e+01
4.681833867187500005e+02,-7.810147871868959157e+01
4.681836796874999891e+02,-8.311753796957015084e+01
4.681839726562500346e+02,-8.250186951089561660e+01
4.681842656250000232e+02,-8.452860963437545649e+01
4.681845585937500118e+02,-8.395340561441271632e+01
4.681848515625000005e+02,-7.663609206241220306e+01
4.681851445312499891e+02,-8.075920642533354510e+01
4.681854375000000346e+02,-8.458617725934361431e+01
4.681857304687500232e+02,-8.334108584635774264e+01
4.681860234375000118e+02,-8.360858239660890945e+01
4.681863164062500005e+02,-8.863144442260855271e+01
4.681866093749999891e+02,-8.907151379354169762e+01
4.681869023437500346e+02,-8.582272284840811949e+01
4.681871953125000232e+02,-7.915844731636570941e+01
4.681874882812500118e+02,-1.040171394675800798e+02
4.681877812500000005e+02,-7.995709584893216970e+01
4.681880742187499891e+02,-8.187298391215172444e+01
4.681883671875000346e+02,-8.612666506148940471e+01
4.681886601562500232e+02,-8.126938677634879582e+01
4.681889531250000118e+02,-8.347280152978018464e+01
4.681892460937500005e+02,-8.599507401259987205e+01
4.681895390624999891e+02,-7.728846435897381184e+01
4.681898320312500346e+02,-7.752190329772307109e+01
4.681901250000000232e+02,-8.988804157521303750e+01
4.681904179687500118e+02,-8.189675732398988828e+01
4.681907109375000005e+02,-9.456194787802438384e+01
4.681910039062499891e+02,-8.251652204806225654e+01
4.681912968750000346e+02,-7.914498491366234134e+01
4.681915898437500232e+02,-9.373405306777416968e+01
4.681918828125000118e+02,-8.179729771018691054e+01
4.681921757812500005e+02,-8.628744610524998393e+01
4.681924687499999891e+02,-8.314559339809451899e+01
4.681927617187500346e+02,-8.217106287174914314e+01
4.681930546875000232e+02,-1.000399933613313976e+02
4.681933476562500118e+02,-7.950207509576384268e+01
4.681936406250000005e+02,-9.431769714253942993e+01
4.681939335937499891e+02,-8.132661860157267597e+01
4.681942265625000346e+02,-8.359586065996795412e+01
4.681945195312500232e+02,-9.164526863871617479e+01
4.681948125000000118e+02,-8.455671324878477435e+01
4.681951054687500005e+02,-7.691319275443706260e+01
4.681953984374999891e+02,-7.896310562383375498e+01
4.681956914062500346e+02,-8.403301124635562758e+01
4.681959843750000232e+02,-7.851380878366443028e+01
4.681962773437500118e+02,-8.387524089811350336e+01
4.681965703125000005e+02,-8.087906231095359999e+01
4.681968632812499891e+02,-8.367737300473423545e+01
4.681971562500000346e+02,-8.144863783191027551e+01
4.681974492187500232e+02,-8.663875888313518203e+01
4.681977421875000118e+02,-8.542846055132275751e+01
4.681980351562500005e+02,-7.985646611857096389e+01
4.681983281249999891e+02,-8.283861581368515203e+01
4.681986210937500346e+02,-8.990769687450084291e+01
4.681989140625000232e+02,-9.443697975160668534e+01
4.681992070312500118e+02,-8.425158111170875941e+01
4.681995000000000005e+02,-7.869321967381564775e+01
4.681997929687499891e+02,-8.033337539016797280e+01
4.682000859375000346e+02,-9.183138374127781844e+01
4.682003789062500232e+02,-9.599718113058855806e+01
4.682006718750000118e+02,-8.444897841411956563e+01
4.682009648437500005e+02,-8.170842885449215487e+01
4.682012578124999891e+02,-8.494509877094182571e+01
4.682015507812500346e+02,-7.712332191614532917e+01
4.682018437500000232e+02,-7.843196468980298164e+01
4.682021367187500118e+02,-8.752498895707688575e+01
4.682024296875000005e+02,-8.959405175192728166e+01
4.682027226562499891e+02,-8.601564237851894745e+01
4.682030156250000346e+02,-7.792218904353423170e+01
4.682033085937500232e+02,-8.078645785831434978e+01
4.682036015625000118e+02,-8.722172445990116785e+01
4.682038945312500005e+02,-9.011771309542309893e+01
4.682041874999999891e+02,-9.130197726008020709e+01
4.682044804687500346e+02,-8.174732962945864756e+01
4.682047734375000232e+02,-7.639078255545699392e+01
4.682050664062500118e+02,-8.101664740287809252e+01
4.682053593750000005e+02,-8.148004625664046330e+01
4.682056523437499891e+02,-8.428671108134984991e+01
4.682059453125000346e+02,-8.951049817866639557e+01
4.682062382812500232e+02,-7.966501716488204465e+01
4.682065312500000118e+02,-8.110027601730993752e+01
4.682068242187500005e+02,-9.246083832926778712e+01
4.682071171874999891e+02,-8.565210842084422893e+01
4.682074101562500346e+02,-8.901213548841327849e+01
4.682077031250000232e+02,-8.447243973429236519e+01
4.682079960937500118e+02,-7.770377678943671640e+01
4.682082890625000005e+02,-7.575040059322540742e+01
4.682085820312499891e+02,-8.249564338226721816e+01
4.682088750000000346e+02,-8.757887192245019037e+01
4.682091679687500232e+02,-8.256949393464310560e+01
4.682094609375000118e+02,-8.414622413224901720e+01
4.682097539062500005e+02,-8.369609963859049628e+01
4.682100468749999891e+02,-7.717041228693980770e+01
4.682103398437500346e+02,-7.498725744565228979e+01
4.682106328125000232e+02,-8.367181827977225339e+01
4.682109257812500118e+02,-8.526926903155165860e+01
4.682112187500000005e+02,-8.558495920702540616e+01
4.682115117187499891e+02,-9.747239112192259824e+01
4.682118046875000346e+02,-7.871744668130045852e+01
4.682120976562500232e+02,-7.647406876445464263e+01
4.682123906250000118e+02,-1.047620618739115770e+02
4.682126835937500005e+02,-8.157909546049944538e+01
4.682129765624999891e+02,-8.443287432705665196e+01
4.682132695312500346e+02,-8.371638345426782735e+01
4.682135625000000232e+02,-8.085837523031486285e+01
4.682138554687500118e+02,-8.497292198825468290e+01
4.682141484375000005e+02,-8.279997770646883737e+01
4.682144414062499891e+02,-8.131853807639842557e+01
4.682147343750000346e+02,-8.308484045627109538e+01
4.682150273437500232e+02,-9.106251309821821849e+01
4.682153203125000118e+02,-9.293613869479585787e+01
4.682156132812500005e+02,-8.392302506696738362e+01
4.682159062499999891e+02,-8.446957910079495946e+01
4.682161992187500346e+02,-7.534591988173312416e+01
4.682164921875000232e+02,-7.820177355702561783e+01
4.682167851562500118e+02,-8.796584401972995693e+01
4.682170781250000005e+02,-8.464318188845311397e+01
4.682173710937499891e+02,-8.219655498867237498e+01
4.682176640625000346e+02,-8.449015364630767522e+01
4.682179570312500232e+02,-8.477383508054276717e+01
4.682182500000000118e+02,-8.305538985692058418e+01
4.682185429687500005e+02,-8.753375717099228837e+01
4.682188359374999891e+02,-8.328959716588549611e+01
4.682191289062500346e+02,-8.325312796495782663e+01
4.682194218750000232e+02,-8.895388567202685692e+01
4.682197148437500118e+02,-9.753979537439931846e+01
4.682200078125000005e+02,-9.047873142154115556e+01
4.682203007812499891e+02,-9.116761567358109630e+01
4.682205937500000346e+02,-8.178532286774313320e+01
4.682208867187500232e+02,-7.827224369913754742e+01
4.682211796875000118e+02,-8.330695077485800937e+01
4.682214726562500005e+02,-8.037170624921982665e+01
4.682217656249999891e+02,-7.842610525737811145e+01
4.682220585937500346e+02,-7.881484853369596522e+01
4.682223515625000232e+02,-8.309025370621455409e+01
4.682226445312500118e+02,-8.421534241288821931e+01
4.682229375000000005e+02,-8.903708527864785083e+01
4.682232304687499891e+02,-9.014733046759481283e+01
4.682235234375000346e+02,-8.581305591078420036e+01
4.682238164062500232e+02,-8.734604387462238151e+01
4.682241093750000118e+02,-8.233426149946767225e+01
4.682244023437500005e+02,-8.711993135457284154e+01
4.682246953124999891e+02,-8.068048381057096208e+01
4.682249882812500346e+02,-8.740166532618934525e+01
4.682252812500000232e+02,-9.029083744808971801e+01
4.682255742187500118e+02,-8.420874285556899963e+01
4.682258671875000005e+02,-8.604848333222649615e+01
4.682261601562499891e+02,-7.771812756995139182e+01
4.682264531250000346e+02,-7.736040313506829591e+01
4.682267460937500232e+02,-8.588927085824819585e+01
4.682270390625000118e+02,-8.411350812183141556e+01
4.682273320312500005e+02,-8.466825162169632790e+01
4.682276249999999891e+02,-7.884963815986741054e+01
4.682279179687500346e+02,-7.794501441227305349e+01
4.682282109375000232e+02,-8.818946860797133525e+01
4.682285039062500118e+02,-8.416493172613407125e+01
4.682287968750000005e+02,-8.053031096305500114e+01
4.682290898437499891e+02,-7.895908381608320781e+01
4.682293828125000346e+02,-8.283450818935058635e+01
4.682296757812500232e+02,-9.022575964504441970e+01
4.682299687500000118e+02,-8.652784503618431700e+01
4.682302617187500005e+02,-8.681340356241464917e+01
4.682305546874999891e+02,-8.938870068067367924e+01
4.682308476562500346e+02,-9.377109820322671396e+01
4.682311406250000232e+02,-9.064086400735321547e+01
4.682314335937500118e+02,-9.197327833376725437e+01
4.682317265625000005e+02,-8.441429152108821654e+01
4.682320195312499891e+02,-8.130287335693191153e+01
4.682323125000000346e+02,-8.561955468994563034e+01
4.682326054687500232e+02,-8.721646272203302885e+01
4.682328984375000118e+02,-8.666293012398557494e+01
4.682331914062500005e+02,-8.179171917773786049e+01
4.682334843749999891e+02,-8.049075207803547016e+01
4.682337773437500346e+02,-8.106745863824116327e+01
4.682340703125000232e+02,-8.246293081562411942e+01
4.682343632812500118e+02,-8.574238583723307272e+01
4.682346562500000005e+02,-8.294377689141107624e+01
4.682349492187499891e+02,-7.813593343451937301e+01
4.682352421875000346e+02,-8.299383842431427638e+01
4.682355351562500232e+02,-8.857911247047212555e+01
4.682358281250000118e+02,-7.655825971741205649e+01
4.682361210937500005e+02,-7.784020594661556913e+01
4.682364140624999891e+02,-8.572823201479181421e+01
4.682367070312500346e+02,-8.852090816988183519e+01
4.682370000000000232e+02,-8.574016100779604699e+01
4.682372929687500118e+02,-8.070675760654447117e+01
4.682375859375000005e+02,-8.969286672510718006e+01
4.682378789062499891e+02,-9.032112364475393917e+01
4.682381718750000346e+02,-8.626200803034802789e+01
4.682384648437500232e+02,-8.286899071749486723e+01
4.682387578125000118e+02,-9.145542584155188592e+01
4.682390507812500005e+02,-8.455134065724963932e+01
4.682393437499999891e+02,-8.210256035799177710e+01
4.682396367187500346e+02,-7.587420680647768734e+01
4.682399296875000232e+02,-7.629883495417320205e+01
4.682402226562500118e+02,-7.724363044376522680e+01
4.682405156250000005e+02,-8.241181589827530729e+01
4.682408085937499891e+02,-8.364647421382483117e+01
4.682411015625000346e+02,-7.808731455950362488e+01
4.682413945312500232e+02,-7.847511108878144626e+01
4.682416875000000118e+02,-9.371551984738486851e+01
4.682419804687500005e+02,-8.409169723975233524e+01
4.682422734374999891e+02,-8.336488486552113386e+01
4.682425664062500346e+02,-7.984280787623251285e+01
4.682428593750000232e+02,-8.187880801532361374e+01
4.682431523437500118e+02,-8.227992642954299640e+01
4.682434453125000005e+02,-9.427496610596679716e+01
4.682437382812499891e+02,-8.567721842316103675e+01
4.682440312500000346e+02,-9.414984865282409032e+01
4.682443242187500232e+02,-8.290995330606031644e+01
4.682446171875000118e+02,-7.840514127809218792e+01
4.682449101562500005e+02,-8.039944627022740065e+01
4.682452031249999891e+02,-8.114544031868616969e+01
4.682454960937500346e+02,-8.077250973161413583e+01
4.682457890625000232e+02,-9.069878412764444420e+01
4.682460820312500118e+02,-7.844185769026856292e+01
4.682463750000000005e+02,-8.101543545988997153e+01
4.682466679687499891e+02,-8.792502658707851992e+01
4.682469609375000346e+02,-8.517741631442976313e+01
4.682472539062500232e+02,-8.386657648764894191e+01
4.682475468750000118e+02,-8.682530771722159102e+01
4.682478398437500005e+02,-8.502589818256545584e+01
4.682481328124999891e+02,-8.523391017060725972e+01
4.682484257812500346e+02,-8.304017906830729601e+01
4.682487187500000232e+02,-8.059447085610172223e+01
4.682490117187500118e+02,-8.150405835516878028e+01
4.682493046875000005e+02,-8.007973929404468549e+01
4.682495976562499891e+02,-7.692928284193772015e+01
4.682498906250000346e+02,-8.404580759609970642e+01
4.682501835937500232e+02,-8.737299008888952301e+01
4.682504765625000118e+02,-8.501991620594404253e+01
4.682507695312500005e+02,-9.168023294947813895e+01
4.682510624999999891e+02,-8.464345152841133313e+01
4.682513554687500346e+02,-8.588869342088366921e+01
4.682516484375000232e+02,-8.275571390802983274e+01
4.682519414062500118e+02,-7.928411196254191395e+01
4.682522343750000005e+02,-9.713612104589310547e+01
4.682525273437499891e+02,-8.203449461543216614e+01
4.682528203125000346e+02,-8.636804345140880912e+01
4.682531132812500232e+02,-8.680621847473091179e+01
4.682534062500000118e+02,-8.537768584287881879e+01
4.682536992187500005e+02,-8.331104453707598623e+01
4.682539921874999891e+02,-8.780572080763008103e+01
4.682542851562500346e+02,-8.567273864941869022e+01
4.682545781250000232e+02,-8.495873035286558661e+01
4.682548710937500118e+02,-9.390130304847495779e+01
4.682551640625000005e+02,-8.065469644665938631e+01
4.682554570312499891e+02,-8.367906918832467511e+01
4.682557500000000346e+02,-7.977910388317827994e+01
4.682560429687500232e+02,-8.018328391334344474e+01
4.682563359375000118e+02,-9.537292331899692499e+01
4.682566289062500005e+02,-9.336672678676562498e+01
4.682569218749999891e+02,-9.841025927620607661e+01
4.682572148437500346e+02,-8.945631938197513477e+01
4.682575078125000232e+02,-8.644587161508727036e+01
4.682578007812500118e+02,-8.600870077659364199e+01
4.682580937500000005e+02,-9.939183153032784901e+01
4.682583867187499891e+02,-9.047555449047656850e+01
4.682586796875000346e+02,-8.882551896903547117e+01
4.682589726562500232e+02,-8.323950071735735889e+01
4.682592656250000118e+02,-8.013509499194830710e+01
4.682595585937500005e+02,-8.565285568398523708e+01
4.682598515624999891e+02,-8.960798731606067236e+01
4.682601445312500346e+02,-9.125409010972349222e+01
4.682604375000000232e+02,-8.660915288057944394e+01
4.682607304687500118e+02,-7.792779139462732019e+01
4.682610234375000005e+02,-7.833067325985531681e+01
4.682613164062499891e+02,-1.053492445383084117e+02
4.682616093750000346e+02,-9.553893481136499588e+01
4.682619023437500232e+02,-8.422382905091609473e+01
4.682621953125000118e+02,-8.034199190118407330e+01
4.682624882812500005e+02,-7.984107854386562053e+01
4.682627812499999891e+02,-8.853522893367710367e+01
4.682630742187500346e+02,-8.258416933659582071e+01
4.682633671875000232e+02,-9.681946763712252846e+01
4.682636601562500118e+02,-8.283558857095933092e+01
4.682639531250000005e+02,-9.772576904084917260e+01
4.682642460937499891e+02,-9.004825906600750329e+01
4.682645390625000346e+02,-8.672205418609962635e+01
4.682648320312500232e+02,-8.690620150347422168e+01
4.682651250000000118e+02,-8.686073321328481711e+01
4.682654179687500005e+02,-8.867244276929449143e+01
4.682657109374999891e+02,-9.758040699583042965e+01
4.682660039062500346e+02,-8.324020085173185635e+01
4.682662968750000232e+02,-8.167652868983390135e+01
4.682665898437500118e+02,-8.346428361174287147e+01
4.682668828125000005e+02,-8.261778918756171208e+01
4.682671757812499891e+02,-8.123298019854864549e+01
4.682674687500000346e+02,-8.630835633295933462e+01
4.682677617187500232e+02,-8.392610983076062325e+01
4.682680546875000118e+02,-7.971091812594602288e+01
4.682683476562500005e+02,-7.951110344329836721e+01
4.682686406249999891e+02,-8.193067108142119537e+01
4.682689335937500346e+02,-9.455680499121278615e+01
4.682692265625000232e+02,-8.253553814500888564e+01
4.682695195312500118e+02,-8.759594544980998876e+01
4.682698125000000005e+02,-9.134920176902932099e+01
4.682701054687499891e+02,-8.433294351243463893e+01
4.682703984375000346e+02,-8.472193001685502622e+01
4.682706914062500232e+02,-8.860210358098515826e+01
4.682709843750000118e+02,-8.497828402528378433e+01
4.682712773437500005e+02,-8.503375502720783174e+01
4.682715703124999891e+02,-8.135639968161112279e+01
4.682718632812500346e+02,-8.037287549751158622e+01
4.682721562500000232e+02,-8.479851890015447680e+01
4.682724492187500118e+02,-8.329285477932138804e+01
4.682727421875000005e+02,-8.357733953341639221e+01
4.682730351562499891e+02,-9.092016536433726515e+01
4.682733281250000346e+02,-8.619477684619693036e+01
4.682736210937500232e+02,-8.173500136475769295e+01
4.682739140625000118e+02,-8.071188193463254379e+01
4.682742070312500005e+02,-1.047438881437712865e+02
4.682744999999999891e+02,-8.404768452752293229e+01
4.682747929687500346e+02,-7.750550024818359418e+01
4.682750859375000232e+02,-7.727786323696176396e+01
4.682753789062500118e+02,-8.397064301763846572e+01
4.682756718750000005e+02,-8.680978102749024572e+01
4.682759648437499891e+02,-8.498938525932820198e+01
4.682762578125000346e+02,-8.140987557947963182e+01
4.682765507812500232e+02,-9.178356607970721370e+01
4.682768437500000118e+02,-8.584521688499896186e+01
4.682771367187500005e+02,-8.203933057591871147e+01
4.682774296874999891e+02,-7.994155966373631372e+01
4.682777226562500346e+02,-8.240012725224164569e+01
4.682780156250000232e+02,-9.281695912673819748e+01
4.682783085937500118e+02,-8.565399002356436142e+01
4.682786015625000005e+02,-9.055262683305804217e+01
4.682788945312499891e+02,-7.997338963887837338e+01
4.682791875000000346e+02,-8.201178948710204963e+01
4.682794804687500232e+02,-8.136647833555704779e+01
4.682797734375000118e+02,-7.840858358473225564e+01
4.682800664062500005e+02,-7.956094407415805847e+01
4.682803593749999891e+02,-8.472044548000303621e+01
4.682806523437500346e+02,-8.432532093307375476e+01
4.682809453125000232e+02,-8.176842438210519504e+01
4.682812382812500118e+02,-8.573369308576418746e+01
4.682815312500000005e+02,-8.358299382364728558e+01
4.682818242187499891e+02,-8.172122146939452136e+01
4.682821171875000346e+02,-8.115533422216645931e+01
4.682824101562500232e+02,-8.042993200591300251e+01
4.682827031250000118e+02,-7.896603992755134982e+01
4.682829960937500005e+02,-8.856646159397382689e+01
4.682832890624999891e+02,-8.437543487956548915e+01
4.682835820312500346e+02,-8.023617872803870910e+01
4.682838750000000232e+02,-8.168836016875177108e+01
4.682841679687500118e+02,-8.386472444815890981e+01
4.682844609375000005e+02,-8.954386984965226759e+01
4.682847539062499891e+02,-8.779493468627475750e+01
4.682850468750000346e+02,-9.498935657228081197e+01
4.682853398437500232e+02,-8.345810725239589090e+01
4.682856328125000118e+02,-8.196079510871562945e+01
4.682859257812500005e+02,-8.973471126359869743e+01
4.682862187499999891e+02,-8.639556542781859605e+01
4.682865117187500346e+02,-8.126369949503973089e+01
4.682868046875000232e+02,-8.028292566728707413e+01
4.682870976562500118e+02,-8.144819759600198950e+01
4.682873906250000005e+02,-8.339713450680707751e+01
4.682876835937499891e+02,-8.214843217281955390e+01
4.682879765625000346e+02,-8.010668841809710727e+01
4.682882695312500232e+02,-9.141801799712540344e+01
4.682885625000000118e+02,-8.801373371487450470e+01
4.682888554687500005e+02,-8.501132259207568609e+01
4.682891484374999891e+02,-8.296022915120710195e+01
4.682894414062500346e+02,-8.283888710665695498e+01
4.682897343750000232e+02,-8.108301393324384776e+01
4.682900273437500118e+02,-8.118215899636876998e+01
4.682903203125000005e+02,-8.093866025395908537e+01
4.682906132812499891e+02,-8.881371516092917773e+01
4.682909062500000346e+02,-9.052551597899974922e+01
4.682911992187500232e+02,-8.405721553117018630e+01
4.682914921875000118e+02,-7.803846387373788218e+01
4.682917851562500005e+02,-8.028415168762121823e+01
4.682920781249999891e+02,-8.253281939196989470e+01
4.682923710937500346e+02,-8.588496655781995059e+01
4.682926640625000232e+02,-9.198934609408442498e+01
4.682929570312500118e+02,-8.430072673130156602e+01
4.682932500000000005e+02,-8.489703006304628730e+01
4.682935429687499891e+02,-9.540094889272266698e+01
4.682938359375000346e+02,-9.360369494045099259e+01
4.682941289062500232e+02,-9.336046624631434554e+01
4.682944218750000118e+02,-8.423811352641178019e+01
4.682947148437500005e+02,-8.666679642175387244e+01
4.682950078124999891e+02,-8.609929585725870993e+01
4.682953007812500346e+02,-8.955859496428988109e+01
4.682955937500000232e+02,-8.507656015083776424e+01
4.682958867187500118e+02,-8.449173619735915963e+01
4.682961796875000005e+02,-8.273370371828647762e+01
4.682964726562499891e+02,-8.135727160541841840e+01
4.682967656250000346e+02,-8.024318397685760829e+01
4.682970585937500232e+02,-8.419734683706123235e+01
4.682973515625000118e+02,-9.134898045538895417e+01
4.682976445312500005e+02,-7.990377301464928905e+01
4.682979374999999891e+02,-7.763764022302021317e+01
4.682982304687500346e+02,-7.790119530525137748e+01
4.682985234375000232e+02,-8.338298240288209229e+01
4.682988164062500118e+02,-8.620418690873380285e+01
4.682991093750000005e+02,-8.227662238451790699e+01
4.682994023437499891e+02,-8.737528489425854161e+01
4.682996953125000346e+02,-9.328520092251869755e+01
4.682999882812500232e+02,-8.099464807175465353e+01
4.683002812500000118e+02,-7.820863504242855413e+01
4.683005742187500005e+02,-7.910753659703203766e+01
4.683008671874999891e+02,-7.760422778137720456e+01
4.683011601562500346e+02,-7.760958456972014119e+01
4.683014531250000232e+02,-8.143983310527940489e+01
4.683017460937500118e+02,-8.154114365780051799e+01
4.683020390625000005e+02,-8.356527759313561887e+01
4.683023320312499891e+02,-8.067658123846703688e+01
4.683026250000000346e+02,-7.949262148641341241e+01
4.683029179687500232e+02,-7.797831850401021825e+01
4.683032109375000118e+02,-7.736769716832066024e+01
4.683035039062500005e+02,-8.200586435651898398e+01
4.683037968749999891e+02,-8.249714912565865177e+01
4.683040898437500346e+02,-8.616171500668608019e+01
4.683043828125000232e+02,-7.897353733184351654e+01
4.683046757812500118e+02,-8.160612005333709362e+01
4.683049687500000005e+02,-8.326429396818730311e+01
4.683052617187499891e+02,-8.620167139351207197e+01
4.683055546875000346e+02,-8.255580814774404530e+01
4.683058476562500232e+02,-9.062388763123551882e+01
4.683061406250000118e+02,-8.596108885263568311e+01
4.683064335937500005e+02,-8.340439815501183318e+01
4.683067265624999891e+02,-8.041000222599664937e+01
4.683070195312500346e+02,-9.340020127878788969e+01
4.683073125000000232e+02,-9.148149275496437838e+01
4.683076054687500118e+02,-8.222964863733932361e+01
4.683078984375000005e+02,-8.878487575732138737e+01
4.683081914062499891e+02,-8.322075857194347748e+01
4.683084843750000346e+02,-7.850892585244389466e+01
4.683087773437500232e+02,-7.887604112848710258e+01
4.683090703125000118e+02,-7.712122895330213623e+01
4.683093632812500005e+02,-7.800581151903715238e+01
4.683096562499999891e+02,-8.028089960335373121e+01
4.683099492187500346e+02,-8.422772546607890831e+01
4.683102421875000232e+02,-8.122863701292001792e+01
4.683105351562500118e+02,-8.261984148902003255e+01
4.683108281250000005e+02,-8.071760060607769560e+01
4.683111210937499891e+02,-8.644689039040881084e+01
4.683114140625000346e+02,-9.068175874495723576e+01
4.683117070312500232e+02,-1.005355168851831422e+02
4.683120000000000118e+02,-8.981580504991383407e+01
4.683122929687500005e+02,-8.476565396477631964e+01
4.683125859374999891e+02,-8.361202155039214290e+01
4.683128789062500346e+02,-8.455288263026176310e+01
4.683131718750000232e+02,-9.680812763900317464e+01
4.683134648437500118e+02,-9.712778745802131652e+01
4.683137578125000005e+02,-9.477568517164880291e+01
4.683140507812499891e+02,-1.060164988661224754e+02
4.683143437500000346e+02,-8.913950277895787622e+01
4.683146367187500232e+02,-7.971248015722804325e+01
4.683149296875000118e+02,-8.141726224082950125e+01
4.683152226562500005e+02,-8.192289077834743694e+01
4.683155156249999891e+02,-7.941637937199867281e+01
4.683158085937500346e+02,-8.117302461219837539e+01
4.683161015625000232e+02,-8.713704423368761809e+01
4.683163945312500118e+02,-8.277766259097231227e+01
4.683166875000000005e+02,-8.220549413608262057e+01
4.683169804687499891e+02,-8.531130507086635362e+01
4.683172734375000346e+02,-8.067766342222554954e+01
4.683175664062500232e+02,-8.652028628337581040e+01
4.683178593750000118e+02,-8.564512795307811643e+01
4.683181523437500005e+02,-7.951497066156099436e+01
4.683184453124999891e+02,-8.300299238880970165e+01
4.683187382812500346e+02,-8.082635034492619752e+01
4.683190312500000232e+02,-7.928615811301347094e+01
4.683193242187500118e+02,-7.889271694470801322e+01
4.683196171875000005e+02,-8.079242759833972798e+01
4.683199101562499891e+02,-9.629022784382569000e+01
4.683202031250000346e+02,-8.563914845259211006e+01
4.683204960937500232e+02,-8.591972847275454228e+01
4.683207890625000118e+02,-8.151614256873989461e+01
4.683210820312500005e+02,-8.678893480004339267e+01
4.683213749999999891e+02,-8.397487457917401343e+01
4.683216679687500346e+02,-8.857771934470237341e+01
4.683219609375000232e+02,-1.003569704307031571e+02
4.683222539062500118e+02,-9.036693509385133893e+01
4.683225468750000005e+02,-8.258783880750954154e+01
4.683228398437499891e+02,-8.155410863102713392e+01
4.683231328125000346e+02,-8.710510102074984218e+01
4.683234257812500232e+02,-8.514524163121002687e+01
4.683237187500000118e+02,-7.733080065574550588e+01
4.683240117187500005e+02,-8.384383047752507423e+01
4.683243046874999891e+02,-8.645363314272286459e+01
4.683245976562500346e+02,-7.992834580133427380e+01
4.683248906250000232e+02,-8.170401355833789125e+01
4.683251835937500118e+02,-9.135446520767240486e+01
4.683254765625000005e+02,-8.289234392861870049e+01
4.683257695312499891e+02,-9.430564502897647117e+01
4.683260625000000346e+02,-8.629939931818883281e+01
4.683263554687500232e+02,-8.228328914992461307e+01
4.683266484375000118e+02,-8.343410261356353885e+01
4.683269414062500005e+02,-9.723286854475192342e+01
4.683272343749999891e+02,-9.489484164121613219e+01
4.683275273437500346e+02,-8.067476067003356377e+01
4.683278203125000232e+02,-8.194656065907756215e+01
4.683281132812500118e+02,-9.544709328967655892e+01
4.683284062500000005e+02,-8.970075455667102915e+01
4.683286992187499891e+02,-8.175386602104767064e+01
4.683289921875000346e+02,-8.153708607606405678e+01
4.683292851562500232e+02,-8.697479788160825365e+01
4.683295781250000118e+02,-8.793326788838493258e+01
4.683298710937500005e+02,-7.855540932073657245e+01
4.683301640624999891e+02,-8.316866594727970607e+01
4.683304570312500346e+02,-8.927429550608948716e+01
4.683307500000000232e+02,-9.900533679951338684e+01
4.683310429687500118e+02,-8.690730381363202639e+01
4.683313359375000005e+02,-8.898057566062020385e+01
4.683316289062499891e+02,-8.474671032729386866e+01
4.683319218750000346e+02,-8.953780099563974204e+01
4.683322148437500232e+02,-8.487902562952130836e+01
4.683325078125000118e+02,-8.295075458634435961e+01
4.683328007812500005e+02,-8.284514763383576508e+01
4.683330937499999891e+02,-8.980675084514919604e+01
4.683333867187500346e+02,-8.751104974481719978e+01
4.683336796875000232e+02,-9.270978267803485551e+01
4.683339726562500118e+02,-1.029099195651741780e+02
4.683342656250000005e+02,-8.187358219239499135e+01
4.683345585937499891e+02,-7.978766462645995716e+01
4.683348515625000346e+02,-8.071031727260981370e+01
4.683351445312500232e+02,-7.852855121191595344e+01
4.683354375000000118e+02,-8.487776751593176527e+01
4.683357304687500005e+02,-8.336399300374668542e+01
4.683360234374999891e+02,-8.092871337556159972e+01
4.683363164062500346e+02,-8.090130169315804665e+01
4.683366093750000232e+02,-8.577808928885178830e+01
4.683369023437500118e+02,-8.683922608282901479e+01
4.683371953125000005e+02,-8.958804683571338501e+01
4.683374882812499891e+02,-8.816582498862823059e+01
4.683377812500000346e+02,-8.967556707844485686e+01
4.683380742187500232e+02,-8.115262938853192054e+01
4.683383671875000118e+02,-8.202705351301447934e+01
4.683386601562500005e+02,-8.890597213323690085e+01
4.683389531249999891e+02,-8.710662852646790100e+01
4.683392460937500346e+02,-8.079959682442839153e+01
4.683395390625000232e+02,-8.085181081593846386e+01
4.683398320312500118e+02,-8.706428360885513484e+01
4.683401250000000005e+02,-8.435400102304126335e+01
4.683404179687499891e+02,-8.783155799956028886e+01
4.683407109375000346e+02,-8.458116718490573760e+01
4.683410039062500232e+02,-8.406997366024675955e+01
4.683412968750000118e+02,-8.584835316625370183e+01
4.683415898437500005e+02,-8.348647219007145281e+01
4.683418828124999891e+02,-8.158172994389420296e+01
4.683421757812500346e+02,-8.627610501562237744e+01
4.683424687500000232e+02,-7.839519705086247825e+01
4.683427617187500118e+02,-7.858413773887738785e+01
4.683430546875000005e+02,-8.188348392315533886e+01
4.683433476562499891e+02,-8.082490504091894934e+01
4.683436406250000346e+02,-7.941468781359490947e+01
4.683439335937500232e+02,-8.716119713035980965e+01
4.683442265625000118e+02,-8.468453141350093460e+01
4.683445195312500005e+02,-7.918486363858539789e+01
4.683448124999999891e+02,-7.876314866541349602e+01
4.683451054687500346e+02,-8.334252102265962492e+01
4.683453984375000232e+02,-8.481444923115434165e+01
4.683456914062500118e+02,-8.381023127418488627e+01
4.683459843750000005e+02,-8.357506280792820519e+01
4.683462773437499891e+02,-8.415830349398659394e+01
4.683465703125000346e+02,-8.675021812642123109e+01
4.683468632812500232e+02,-8.955636442701334943e+01
4.683471562500000118e+02,-9.504566692922637117e+01
4.683474492187500005e+02,-7.952504702540230141e+01
4.683477421874999891e+02,-8.483538622464064360e+01
4.683480351562500346e+02,-9.095809865924023541e+01
4.683483281250000232e+02,-7.885517925980835230e+01
4.683486210937500118e+02,-7.702875116270809031e+01
4.683489140625000005e+02,-8.073524052603499968e+01
4.683492070312499891e+02,-8.359946312142216129e+01
4.683495000000000346e+02,-7.908815569998446904e+01
4.683497929687500232e+02,-8.436411441867591066e+01
4.683500859375000118e+02,-9.407713410248875618e+01
4.683503789062500005e+02,-9.030280689158600183e+01
4.683506718749999891e+02,-8.306489035442906754e+01
4.683509648437500346e+02,-7.673290267265238640e+01
4.683512578125000232e+02,-7.508796615172052213e+01
4.683515507812500118e+02,-7.685000265006922859e+01
4.683518437500000005e+02,-8.607380651995345033e+01
4.683521367187499891e+02,-8.294867382863445471e+01
4.683524296875000346e+02,-8.396418304387181308e+01
4.683527226562500232e+02,-7.945798287571003016e+01
4.683530156250000118e+02,-8.333069312318384902e+01
4.683533085937500005e+02,-8.861147031458085621e+01
4.683536015624999891e+02,-9.421929562895957133e+01
4.683538945312500346e+02,-8.499538118394426078e+01
4.683541875000000232e+02,-9.005297623006170227e+01
4.683544804687500118e+02,-7.934341191243672142e+01
4.683547734375000005e+02,-7.926412855205383323e+01
4.683550664062499891e+02,-8.398931131331247002e+01
4.683553593750000346e+02,-8.611681875527359864e+01
4.683556523437500232e+02,-9.564340349953609177e+01
4.683559453125000118e+02,-8.998483200962702711e+01
4.683562382812500005e+02,-9.675253349837853989e+01
4.683565312499999891e+02,-8.444510414622820349e+01
4.683568242187500346e+02,-8.994565176448274713e+01
4.683571171875000232e+02,-9.015838508936495543e+01
4.683574101562500118e+02,-8.364484922231102360e+01
4.683577031250000005e+02,-7.822714542269943649e+01
4.683579960937499891e+02,-7.964577068458216047e+01
4.683582890625000346e+02,-9.120958859631683424e+01
4.683585820312500232e+02,-8.472913018609689573e+01
4.683588750000000118e+02,-8.143137843256988617e+01
4.683591679687500005e+02,-8.353427219060247921e+01
4.683594609374999891e+02,-8.034288807417554779e+01
4.683597539062500346e+02,-8.308236995225912835e+01
4.683600468750000232e+02,-8.461178867853733720e+01
4.683603398437500118e+02,-8.302976216201315651e+01
4.683606328125000005e+02,-8.698273388803782780e+01
4.683609257812499891e+02,-8.386561498657437141e+01
4.683612187500000346e+02,-8.686718156064432605e+01
4.683615117187500232e+02,-8.938378096468751721e+01
4.683618046875000118e+02,-8.139098707294139956e+01
4.683620976562500005e+02,-7.851487232581123976e+01
4.683623906249999891e+02,-8.393255024027541822e+01
4.683626835937500346e+02,-8.756694424096947671e+01
4.683629765625000232e+02,-8.552460747716736478e+01
4.683632695312500118e+02,-8.958823281248051273e+01
4.683635625000000005e+02,-8.134368785744587171e+01
4.683638554687499891e+02,-8.440197999588656330e+01
4.683641484375000346e+02,-9.136192846200651729e+01
4.683644414062500232e+02,-8.766349828940784050e+01
4.683647343750000118e+02,-8.323418294620786639e+01
4.683650273437500005e+02,-8.429887431869812531e+01
4.683653203124999891e+02,-9.253745850601319489e+01
4.683656132812500346e+02,-8.896565271871742198e+01
4.683659062500000232e+02,-8.357809242618431256e+01
4.683661992187500118e+02,-8.035516599506144075e+01
4.683664921875000005e+02,-8.284727630577131663e+01
4.683667851562499891e+02,-8.847457042529173066e+01
4.683670781250000346e+02,-8.152618132462322365e+01
4.683673710937500232e+02,-8.257888411131217765e+01
4.683676640625000118e+02,-8.486434950135631539e+01
4.683679570312500005e+02,-9.552004360890458656e+01
4.683682499999999891e+02,-8.980432847769030502e+01
4.683685429687500346e+02,-8.370882975060163744e+01
4.683688359375000232e+02,-9.503307288911456396e+01
4.683691289062500118e+02,-8.741614039772217382e+01
4.683694218750000005e+02,-7.762621590885370892e+01
4.683697148437499891e+02,-7.666949925196976778e+01
4.683700078125000346e+02,-8.673389074244978758e+01
4.683703007812500232e+02,-9.329975238332602316e+01
4.683705937500000118e+02,-8.250912358270537084e+01
4.683708867187500005e+02,-8.432609763439218398e+01
4.683711796874999891e+02,-8.728674674629941421e+01
4.683714726562500346e+02,-8.753831593568570213e+01
4.683717656250000232e+02,-8.524145359794613341e+01
4.683720585937500118e+02,-9.524783596837649213e+01
4.683723515625000005e+02,-8.523287559374884381e+01
4.683726445312499891e+02,-8.122302271811108199e+01
4.683729375000000346e+02,-8.397268193050445007e+01
4.683732304687500232e+02,-8.155241171951290369e+01
4.683735234375000118e+02,-8.331160219361969155e+01
4.683738164062500005e+02,-9.609618573954521992e+01
4.683741093749999891e+02,-9.245136001136881987e+01
4.683744023437500346e+02,-8.459658482647738253e+01
4.683746953125000232e+02,-9.246381316303046560e+01
4.683749882812500118e+02,-8.933460350538580030e+01
4.683752812500000005e+02,-8.729051685042419706e+01
4.683755742187499891e+02,-8.091545722612680436e+01
4.683758671875000346e+02,-7.839144547673727459e+01
4.683761601562500232e+02,-8.140441028016397240e+01
4.683764531250000118e+02,-8.318832615988027612e+01
4.683767460937500005e+02,-8.066692163384132641e+01
4.683770390624999891e+02,-7.968473244682621726e+01
4.683773320312500346e+02,-8.316197742853823627e+01
4.683776250000000232e+02,-8.623472037662807566e+01
4.683779179687500118e+02,-9.393369549776643623e+01
4.683782109375000005e+02,-8.994619629988619636e+01
4.683785039062499891e+02,-8.561076199214528515e+01
4.683787968750000346e+02,-8.395061351704399044e+01
4.683790898437500232e+02,-8.842022131735127743e+01
4.683793828125000118e+02,-8.022877792324644020e+01
4.683796757812500005e+02,-7.825195312044729690e+01
4.683799687499999891e+02,-7.976987400982169163e+01
4.683802617187500346e+02,-9.904923310146014614e+01
4.683805546875000232e+02,-1.011089734367973563e+02
4.683808476562500118e+02,-8.360499686953447451e+01
4.683811406250000005e+02,-9.151711034134990541e+01
4.683814335937499891e+02,-7.970013310558444175e+01
4.683817265625000346e+02,-8.374629410577496458e+01
4.683820195312500232e+02,-8.289212241424223748e+01
4.683823125000000118e+02,-8.090869168918580101e+01
4.683826054687500005e+02,-8.103554299675607808e+01
4.683828984374999891e+02,-8.270032282903301279e+01
4.683831914062500346e+02,-8.008599112297389411e+01
4.683834843750000232e+02,-8.841419204625540829e+01
4.683837773437500118e+02,-9.662860190874167188e+01
4.683840703125000005e+02,-8.530841423683088465e+01
4.683843632812499891e+02,-8.800678996122449860e+01
4.683846562500000346e+02,-8.160052588436130350e+01
4.683849492187500232e+02,-8.953563842189554123e+01
4.683852421875000118e+02,-9.132725586793202410e+01
4.683855351562500005e+02,-8.596738764212467743e+01
4.683858281249999891e+02,-7.932128804166457314e+01
4.683861210937500346e+02,-8.480642198188762393e+01
4.683864140625000232e+02,-8.511443829803658900e+01
4.683867070312500118e+02,-9.177305164301401419e+01
4.683870000000000005e+02,-8.889040271896857348e+01
4.683872929687499891e+02,-8.633223139371366983e+01
4.683875859375000346e+02,-8.539104710637036533e+01
4.683878789062500232e+02,-8.198039597723679606e+01
4.683881718750000118e+02,-8.103151730571518385e+01
4.683884648437500005e+02,-9.356348363007477076e+01
4.683887578124999891e+02,-9.207267722982372504e+01
4.683890507812500346e+02,-8.873836652364246902e+01
4.683893437500000232e+02,-8.780583745544389274e+01
4.683896367187500118e+02,-8.063905087013080220e+01
4.683899296875000005e+02,-7.983348283138394663e+01
4.683902226562499891e+02,-9.844142507818629895e+01
4.683905156250000346e+02,-7.733695079671171868e+01
4.683908085937500232e+02,-7.959600373030569642e+01
4.683911015625000118e+02,-8.836822160883242816e+01
4.683913945312500005e+02,-1.026128518925941933e+02
4.683916874999999891e+02,-8.860206175882359503e+01
4.683919804687500346e+02,-1.019535887437234578e+02
4.683922734375000232e+02,-8.482867652088697241e+01
4.683925664062500118e+02,-9.177605580388969031e+01
4.683928593750000005e+02,-8.558465781205099177e+01
4.683931523437499891e+02,-8.649174526572423360e+01
4.683934453125000346e+02,-7.994954609346359575e+01
4.683937382812500232e+02,-7.964215038028993376e+01
4.683940312500000118e+02,-8.606185278879898704e+01
4.683943242187500005e+02,-8.262893675805844396e+01
4.683946171874999891e+02,-8.091110571835598364e+01
4.683949101562500346e+02,-8.245755908624724384e+01
4.683952031250000232e+02,-8.646294863212096971e+01
4.683954960937500118e+02,-8.026454207763006821e+01
4.683957890625000005e+02,-8.383543275799974026e+01
4.683960820312499891e+02,-8.785867016566291454e+01
4.683963750000000346e+02,-9.342811172155650468e+01
4.683966679687500232e+02,-8.943030303121473423e+01
4.683969609375000118e+02,-9.580134363029144140e+01
4.683972539062500005e+02,-8.789901424607948854e+01
4.683975468749999891e+02,-8.938042951025013849e+01
4.683978398437500346e+02,-8.742432489114526106e+01
4.683981328125000232e+02,-8.457111276946966427e+01
4.683984257812500118e+02,-1.127070040496527952e+02
4.683987187500000005e+02,-8.608524364917867899e+01
4.683990117187499891e+02,-8.861846993142142992e+01
4.683993046875000346e+02,-9.487018670896425476e+01
4.683995976562500232e+02,-9.436621239405414485e+01
4.683998906250000118e+02,-8.770609363928105040e+01
4.684001835937500005e+02,-9.384487635957923146e+01
4.684004765624999891e+02,-9.395821657647486802e+01
4.684007695312500346e+02,-8.263690646383459182e+01
4.684010625000000232e+02,-7.932735506421828120e+01
4.684013554687500118e+02,-8.559140514428050039e+01
4.684016484375000005e+02,-8.146054213659672882e+01
4.684019414062499891e+02,-7.930545160044091801e+01
4.684022343750000346e+02,-8.781284786358192207e+01
4.684025273437500232e+02,-8.507755413672322220e+01
4.684028203125000118e+02,-9.026039236256039544e+01
4.684031132812500005e+02,-8.710323658025920679e+01
4.684034062499999891e+02,-8.754317385755682324e+01
4.684036992187500346e+02,-8.893585540362883535e+01
4.684039921875000232e+02,-9.035047389912270432e+01
4.684042851562500118e+02,-8.167753350221018138e+01
4.684045781250000005e+02,-8.985366054147901593e+01
4.684048710937499891e+02,-8.491860902846875092e+01
4.684051640625000346e+02,-9.311596123052544272e+01
4.684054570312500232e+02,-8.843632237192834111e+01
4.684057500000000118e+02,-1.109221773592566933e+02
4.684060429687500005e+02,-9.090889314501862373e+01
4.684063359374999891e+02,-8.647869215550281297e+01
4.684066289062500346e+02,-8.410905567375823466e+01
4.684069218750000232e+02,-9.180056893461490120e+01
4.684072148437500118e+02,-8.835112161713759349e+01
4.684075078125000005e+02,-8.458407139945904873e+01
4.684078007812499891e+02,-8.604564644067056634e+01
4.684080937500000346e+02,-1.022080892123044862e+02
4.684083867187500232e+02,-9.106404564560256176e+01
4.684086796875000118e+02,-9.112524358215445375e+01
4.684089726562500005e+02,-8.675517580500569181e+01
4.684092656249999891e+02,-8.763485555790857973e+01
4.684095585937500346e+02,-8.773523288450385849e+01
4.684098515625000232e+02,-8.372325577766673632e+01
4.684101445312500118e+02,-9.337790186717724339e+01
4.684104375000000005e+02,-9.003267281579763903e+01
4.684107304687499891e+02,-8.588293807011888248e+01
4.684110234375000346e+02,-9.836304591338267755e+01
4.684113164062500232e+02,-9.339728181054252332e+01
4.684116093750000118e+02,-8.286263553767574308e+01
4.684119023437500005e+02,-7.903029775544365521e+01
4.684121953124999891e+02,-8.134047187654589095e+01
4.684124882812500346e+02,-8.185723999720781308e+01
4.684127812500000232e+02,-8.660846592612200823e+01
4.684130742187500118e+02,-9.323983707071162996e+01
4.684133671875000005e+02,-9.589664381978302288e+01
4.684136601562499891e+02,-8.355033817107684513e+01
4.684139531250000346e+02,-7.918786393998965423e+01
4.684142460937500232e+02,-8.202488356557805105e+01
4.684145390625000118e+02,-8.395170124072537021e+01
4.684148320312500005e+02,-9.018291349061664164e+01
4.684151249999999891e+02,-8.966474394464107434e+01
4.684154179687500346e+02,-8.777478918774816918e+01
4.684157109375000232e+02,-8.409633932884675289e+01
4.684160039062500118e+02,-7.919907170013316033e+01
4.684162968750000005e+02,-8.253935567475458868e+01
4.684165898437499891e+02,-8.801764236194449609e+01
4.684168828125000346e+02,-9.316902075262925109e+01
4.684171757812500232e+02,-9.332379490958304302e+01
4.684174687500000118e+02,-8.526930370123065472e+01
4.684177617187500005e+02,-8.464549939627333686e+01
4.684180546874999891e+02,-8.174243117869374942e+01
4.684183476562500346e+02,-8.267699852402365934e+01
4.684186406250000232e+02,-8.488963728798603370e+01
4.684189335937500118e+02,-8.275329596726504633e+01
4.684192265625000005e+02,-8.316177834281091918e+01
4.684195195312499891e+02,-8.219949081287228410e+01
4.684198125000000346e+02,-8.014755958153939730e+01
4.684201054687500232e+02,-8.050111459611642317e+01
4.684203984375000118e+02,-8.296295308607616903e+01
4.684206914062500005e+02,-8.787970627249045208e+01
4.684209843749999891e+02,-1.002249928102209253e+02
4.684212773437500346e+02,-9.315207226945987884e+01
4.684215703125000232e+02,-8.703852978957812070e+01
4.684218632812500118e+02,-8.619575482249058496e+01
4.684221562500000005e+02,-8.697834610715619874e+01
4.684224492187499891e+02,-7.867731593897164544e+01
4.684227421875000346e+02,-7.659892394549028438e+01
4.684230351562500232e+02,-8.104693006775663378e+01
4.684233281250000118e+02,-9.092384842771724607e+01
4.684236210937500005e+02,-8.495902693338513245e+01
4.684239140624999891e+02,-8.495276701633193284e+01
4.684242070312500346e+02,-8.781943366403072559e+01
4.684245000000000232e+02,-8.207137972840416751e+01
4.684247929687500118e+02,-7.860614091918779422e+01
4.684250859375000005e+02,-8.120294321947272920e+01
4.684253789062499891e+02,-8.421157633204545334e+01
4.684256718750000346e+02,-8.448495794597931763e+01
4.684259648437500232e+02,-8.353695684457736093e+01
4.684262578125000118e+02,-8.743889130363180584e+01
4.684265507812500005e+02,-8.199975835526272760e+01
4.684268437499999891e+02,-7.721250315537501763e+01
4.684271367187500346e+02,-8.835545013381454282e+01
4.684274296875000232e+02,-8.250289388170806149e+01
4.684277226562500118e+02,-8.559878874679367300e+01
4.684280156250000005e+02,-9.282873144687619060e+01
4.684283085937499891e+02,-9.212341196355096429e+01
4.684286015625000346e+02,-8.068591281930838477e+01
4.684288945312500232e+02,-7.947062827419298969e+01
4.684291875000000118e+02,-8.504170629237682988e+01
4.684294804687500005e+02,-8.271100014452306937e+01
4.684297734374999891e+02,-9.827181460204977270e+01
4.684300664062500346e+02,-9.090136360757657030e+01
4.684303593750000232e+02,-8.124068584472860266e+01
4.684306523437500118e+02,-7.951888756864866536e+01
4.684309453125000005e+02,-7.995707339484670229e+01
4.684312382812499891e+02,-8.670356199970566990e+01
4.684315312500000346e+02,-8.973763837071228977e+01
4.684318242187500232e+02,-8.916488632120790214e+01
4.684321171875000118e+02,-9.808588362453284049e+01
4.684324101562500005e+02,-8.983093584547802379e+01
4.684327031249999891e+02,-9.641942740850262794e+01
4.684329960937500346e+02,-8.586567891669034225e+01
4.684332890625000232e+02,-8.556261057813301818e+01
4.684335820312500118e+02,-8.430368461589887374e+01
4.684338750000000005e+02,-8.501510855239844489e+01
4.684341679687499891e+02,-8.530946474868103735e+01
4.684344609375000346e+02,-8.315215534198365788e+01
4.684347539062500232e+02,-8.409842931990777970e+01
4.684350468750000118e+02,-8.034792251479579761e+01
4.684353398437500005e+02,-8.165193720698745494e+01
4.684356328124999891e+02,-8.339152505387627912e+01
4.684359257812500346e+02,-9.023623864513282911e+01
4.684362187500000232e+02,-8.609576119379744341e+01
4.684365117187500118e+02,-8.131061758962390229e+01
4.684368046875000005e+02,-8.575486746444289565e+01
4.684370976562499891e+02,-8.348610514438621522e+01
4.684373906250000346e+02,-8.190175176736610752e+01
4.684376835937500232e+02,-8.384113883469061079e+01
4.684379765625000118e+02,-8.696496642752617845e+01
4.684382695312500005e+02,-8.065825633668468697e+01
4.684385624999999891e+02,-8.710082723109293568e+01
4.684388554687500346e+02,-8.998137212850977562e+01
4.684391484375000232e+02,-8.803527207379453046e+01
4.684394414062500118e+02,-8.764729519919038125e+01
4.684397343750000005e+02,-9.280742360786034340e+01
4.684400273437499891e+02,-8.528404921785069348e+01
4.684403203125000346e+02,-8.443970861675384754e+01
4.684406132812500232e+02,-8.907010625086667233e+01
4.684409062500000118e+02,-8.990425739649283798e+01
4.684411992187500005e+02,-8.453528267098654680e+01
4.684414921874999891e+02,-8.524745371587449938e+01
4.684417851562500346e+02,-1.059443735333668570e+02
4.684420781250000232e+02,-8.918350030002189044e+01
4.684423710937500118e+02,-8.752345521323258026e+01
4.684426640625000005e+02,-9.559177048042528213e+01
4.684429570312499891e+02,-8.563865647544461979e+01
4.684432500000000346e+02,-8.238109968810390171e+01
4.684435429687500232e+02,-8.717546067926947728e+01
4.684438359375000118e+02,-8.812906119843313490e+01
4.684441289062500005e+02,-8.567347045185245236e+01
4.684444218749999891e+02,-8.695666706234007393e+01
4.684447148437500346e+02,-8.877470433437736119e+01
4.684450078125000232e+02,-9.998704678414017621e+01
4.684453007812500118e+02,-8.684311327571762718e+01
4.684455937500000005e+02,-8.551744260911165441e+01
4.684458867187499891e+02,-8.733141575215258001e+01
4.684461796875000346e+02,-9.290345781016675630e+01
4.684464726562500232e+02,-8.904167171583603135e+01
4.684467656250000118e+02,-8.407745995417440099e+01
4.684470585937500005e+02,-8.357586346370601404e+01
4.684473515624999891e+02,-8.495200688598663419e+01
4.684476445312500346e+02,-8.983901851716332487e+01
4.684479375000000232e+02,-8.506432585752466480e+01
4.684482304687500118e+02,-9.669787298403912246e+01
4.684485234375000005e+02,-8.145954654874238088e+01
4.684488164062499891e+02,-8.946049860802963849e+01
4.684491093750000346e+02,-8.487031571182015455e+01
4.684494023437500232e+02,-8.065340869190239914e+01
4.684496953125000118e+02,-7.917944794448756340e+01
4.684499882812500005e+02,-8.085309399268986397e+01
4.684502812499999891e+02,-8.238566709761487061e+01
4.684505742187500346e+02,-9.462476602857722696e+01
4.684508671875000232e+02,-8.961983375492613391e+01
4.684511601562500118e+02,-9.241389067392331924e+01
4.684514531250000005e+02,-9.043511991734810351e+01
4.684517460937499891e+02,-9.331941837946990859e+01
4.684520390625000346e+02,-8.224030199655489071e+01
4.684523320312500232e+02,-8.594310417600026142e+01
4.684526250000000118e+02,-9.910926703799856341e+01
4.684529179687500005e+02,-8.880395367591476941e+01
4.684532109374999891e+02,-8.342603525667340136e+01
4.684535039062500346e+02,-8.412425243734331559e+01
4.684537968750000232e+02,-8.635369223494609514e+01
4.684540898437500118e+02,-8.924485193483008061e+01
4.684543828125000005e+02,-9.132244498000261501e+01
4.684546757812499891e+02,-8.264309394466060610e+01
4.684549687500000346e+02,-8.155449370732537773e+01
4.684552617187500232e+02,-9.088872192765785485e+01
4.684555546875000118e+02,-9.089230609304409825e+01
4.684558476562500005e+02,-8.040844565540945155e+01
4.684561406249999891e+02,-8.003592603458018573e+01
4.684564335937500346e+02,-8.026459588833567693e+01
4.684567265625000232e+02,-7.939389333138571203e+01
4.684570195312500118e+02,-8.118392610824369626e+01
4.684573125000000005e+02,-8.357032036611228420e+01
4.684576054687499891e+02,-8.199896302548683025e+01
4.684578984375000346e+02,-8.353958153637108808e+01
4.684581914062500232e+02,-8.612763935858691866e+01
4.684584843750000118e+02,-8.917307914695150828e+01
4.684587773437500005e+02,-8.914738027268595033e+01
4.684590703124999891e+02,-8.725285474736067215e+01
4.684593632812500346e+02,-8.681265559932383269e+01
4.684596562500000232e+02,-8.196305361557691072e+01
4.684599492187500118e+02,-9.222654774189898319e+01
4.684602421875000005e+02,-8.697449189419492654e+01
4.684605351562499891e+02,-1.014896713184896413e+02
4.684608281250000346e+02,-9.106829211016753334e+01
4.684611210937500232e+02,-8.287797784211086594e+01
4.684614140625000118e+02,-8.147999848592733940e+01
4.684617070312500005e+02,-9.219215185023480785e+01
4.684619999999999891e+02,-9.198772992242265900e+01
4.684622929687500346e+02,-8.212420172682709563e+01
4.684625859375000232e+02,-7.547914428600245174e+01
4.684628789062500118e+02,-7.563836286570752065e+01
4.684631718750000005e+02,-8.300068950877836471e+01
4.684634648437499891e+02,-9.505059192449684247e+01
4.684637578125000346e+02,-8.542960342559669584e+01
4.684640507812500232e+02,-8.818118768378718642e+01
4.684643437500000118e+02,-1.003360321234757038e+02
4.684646367187500005e+02,-8.236779936511121036e+01
4.684649296874999891e+02,-8.378435310489504673e+01
4.684652226562500346e+02,-8.796148111751868726e+01
4.684655156250000232e+02,-8.897809810789289031e+01
4.684658085937500118e+02,-9.335254575676636080e+01
4.684661015625000005e+02,-8.666024651327893480e+01
4.684663945312499891e+02,-8.587289365627206905e+01
4.684666875000000346e+02,-9.309025586939844743e+01
4.684669804687500232e+02,-9.271412613526257473e+01
4.684672734375000118e+02,-8.310889840446640164e+01
4.684675664062500005e+02,-7.933641202495049072e+01
4.684678593749999891e+02,-7.772925379157682357e+01
4.684681523437500346e+02,-8.802785534209961327e+01
4.684684453125000232e+02,-8.586111044306251472e+01
4.684687382812500118e+02,-7.930407997148429899e+01
4.684690312500000005e+02,-8.151864735562099895e+01
4.684693242187499891e+02,-8.469747071211284606e+01
4.684696171875000346e+02,-8.295041577417973144e+01
4.684699101562500232e+02,-8.808379922192824552e+01
4.684702031250000118e+02,-9.076576663732096506e+01
4.684704960937500005e+02,-8.345698799070709129e+01
4.684707890624999891e+02,-8.867035328512258729e+01
4.684710820312500346e+02,-8.351133243824143904e+01
4.684713750000000232e+02,-8.183126647805758580e+01
4.684716679687500118e+02,-1.000992163390587706e+02
4.684719609375000005e+02,-9.291426657570784187e+01
4.684722539062499891e+02,-9.674615200869743603e+01
4.684725468750000346e+02,-9.254802502822869315e+01
4.684728398437500232e+02,-8.048733409033562225e+01
4.684731328125000118e+02,-8.278146480504354088e+01
4.684734257812500005e+02,-9.034103036698290623e+01
4.684737187499999891e+02,-8.619979794788622485e+01
4.684740117187500346e+02,-8.464570067641142259e+01
4.684743046875000232e+02,-8.494321973183032526e+01
4.684745976562500118e+02,-8.669859835706118645e+01
4.684748906250000005e+02,-8.931068578996624296e+01
4.684751835937499891e+02,-8.792352511970514684e+01
4.684754765625000346e+02,-8.496344336638146899e+01
4.684757695312500232e+02,-8.794755637584717078e+01
4.684760625000000118e+02,-8.630785231598770224e+01
4.684763554687500005e+02,-8.251520118124233250e+01
4.684766484374999891e+02,-8.318666508211171617e+01
4.684769414062500346e+02,-7.771704134046990475e+01
4.684772343750000232e+02,-7.825863935993409370e+01
4.684775273437500118e+02,-8.165090027192725586e+01
4.684778203125000005e+02,-7.993159782015277415e+01
4.684781132812499891e+02,-8.265819247188174757e+01
4.684784062500000346e+02,-8.976633935846064105e+01
4.684786992187500232e+02,-8.829608239346700316e+01
4.684789921875000118e+02,-8.148289813448954533e+01
4.684792851562500005e+02,-9.172632072643587264e+01
4.684795781249999891e+02,-8.346846864971681157e+01
4.684798710937500346e+02,-8.291164894268905527e+01
4.684801640625000232e+02,-9.705240865113076154e+01
4.684804570312500118e+02,-8.500822976027149025e+01
4.684807500000000005e+02,-8.133515239329433655e+01
4.684810429687499891e+02,-8.260620349349193248e+01
4.684813359375000346e+02,-8.925399201360811219e+01
4.684816289062500232e+02,-8.641989809382936016e+01
4.684819218750000118e+02,-8.196628168393661440e+01
4.684822148437500005e+02,-8.329664389811982517e+01
4.684825078124999891e+02,-9.374464837187579747e+01
4.684828007812500346e+02,-9.052243559668646355e+01
4.684830937500000232e+02,-7.918892164117173138e+01
4.684833867187500118e+02,-7.731094164052950646e+01
4.684836796875000005e+02,-8.208855257864814803e+01
4.684839726562499891e+02,-9.205804970158632727e+01
4.684842656250000346e+02,-8.692428174493838355e+01
4.684845585937500232e+02,-8.339465341236601148e+01
4.684848515625000118e+02,-8.747630838409635601e+01
4.684851445312500005e+02,-8.243848692104593567e+01
4.684854374999999891e+02,-9.165320229993068324e+01
4.684857304687500346e+02,-9.073274357624568154e+01
4.684860234375000232e+02,-8.475141672098956747e+01
4.684863164062500118e+02,-8.558650111681654948e+01
4.684866093750000005e+02,-9.125941551766560167e+01
4.684869023437499891e+02,-8.819316885314187004e+01
4.684871953125000346e+02,-8.670097296511060847e+01
4.684874882812500232e+02,-8.643847102947445649e+01
4.684877812500000118e+02,-8.981729478280544754e+01
4.684880742187500005e+02,-8.769792721186755102e+01
4.684883671874999891e+02,-8.164949778736595931e+01
4.684886601562500346e+02,-8.211403905576786144e+01
4.684889531250000232e+02,-9.475963494523068675e+01
4.684892460937500118e+02,-7.952177357322500484e+01
4.684895390625000005e+02,-8.028756235489586857e+01
4.684898320312499891e+02,-8.377703120663817060e+01
4.684901250000000346e+02,-8.383267086538967305e+01
4.684904179687500232e+02,-8.372906271350018415e+01
4.684907109375000118e+02,-1.091217687184963125e+02
4.684910039062500005e+02,-8.099775100766035507e+01
4.684912968749999891e+02,-7.852559488409862354e+01
4.684915898437500346e+02,-8.023085704767007087e+01
4.684918828125000232e+02,-9.144654193979948786e+01
4.684921757812500118e+02,-8.540930679762556110e+01
4.684924687500000005e+02,-8.368481348789158858e+01
4.684927617187499891e+02,-8.871273449667287991e+01
4.684930546875000346e+02,-8.376544704515697504e+01
4.684933476562500232e+02,-8.386750838439013478e+01
4.684936406250000118e+02,-8.416852102940232783e+01
4.684939335937500005e+02,-8.714683921846989278e+01
4.684942265624999891e+02,-9.149574685834818411e+01
4.684945195312500346e+02,-9.103412942174040268e+01
4.684948125000000232e+02,-9.261062234264971949e+01
4.684951054687500118e+02,-8.338855534508375911e+01
4.684953984375000005e+02,-8.778546996269605529e+01
4.684956914062499891e+02,-8.739650802291150455e+01
4.684959843750000346e+02,-7.895332749162591313e+01
4.684962773437500232e+02,-7.705544963141166193e+01
4.684965703125000118e+02,-8.211951077460267356e+01
4.684968632812500005e+02,-8.906302804458189826e+01
4.684971562499999891e+02,-9.170085834238869893e+01
4.684974492187500346e+02,-8.564029869227607605e+01
4.684977421875000232e+02,-8.727192297703332713e+01
4.684980351562500118e+02,-8.396112348644776091e+01
4.684983281250000005e+02,-8.817255589083819700e+01
4.684986210937499891e+02,-8.259916743994176613e+01
4.684989140625000346e+02,-7.904117275909266027e+01
4.684992070312500232e+02,-8.226689461249755198e+01
4.684995000000000118e+02,-8.565120697034602415e+01
4.684997929687500005e+02,-8.700004088300102012e+01
4.685000859374999891e+02,-8.913177019489748432e+01
4.685003789062500346e+02,-8.946204942817344374e+01
4.685006718750000232e+02,-9.349645020488233627e+01
4.685009648437500118e+02,-8.691776219381836199e+01
4.685012578125000005e+02,-8.874798305291977840e+01
4.685015507812499891e+02,-8.123920033190172774e+01
4.685018437500000346e+02,-8.268705465477404459e+01
4.685021367187500232e+02,-8.375953542367699356e+01
4.685024296875000118e+02,-8.547414851596874996e+01
4.685027226562500005e+02,-8.445297411205557125e+01
4.685030156249999891e+02,-8.311594197333613465e+01
4.685033085937500346e+02,-7.903150683833160883e+01
4.685036015625000232e+02,-8.627165772663717291e+01
4.685038945312500118e+02,-8.015203185343922598e+01
4.685041875000000005e+02,-7.934013597380788951e+01
4.685044804687499891e+02,-7.896172369694784265e+01
4.685047734375000346e+02,-8.010452349459461630e+01
4.685050664062500232e+02,-9.130185146033605292e+01
4.685053593750000118e+02,-8.215778617974922327e+01
4.685056523437500005e+02,-8.474390422503088871e+01
4.685059453124999891e+02,-8.272720066079187973e+01
4.685062382812500346e+02,-7.980062651821400266e+01
4.685065312500000232e+02,-8.008684629680281830e+01
4.685068242187500118e+02,-8.418101546744735231e+01
4.685071171875000005e+02,-8.595452960016368138e+01
4.685074101562499891e+02,-8.448011165129102551e+01
4.685077031250000346e+02,-8.462232936925968829e+01
4.685079960937500232e+02,-8.243505315368989272e+01
4.685082890625000118e+02,-8.913133581459496213e+01
4.685085820312500005e+02,-8.992461440520210658e+01
4.685088749999999891e+02,-8.371047386949777547e+01
4.685091679687500346e+02,-8.630931178918743285e+01
4.685094609375000232e+02,-8.936399913797910699e+01
4.685097539062500118e+02,-8.435073917367267882e+01
4.685100468750000005e+02,-8.134435933957425391e+01
4.685103398437499891e+02,-8.024312277292438012e+01
4.685106328125000346e+02,-7.795050516855317824e+01
4.685109257812500232e+02,-8.145248106665604837e+01
4.685112187500000118e+02,-8.537851241760751009e+01
4.685115117187500005e+02,-9.332885563210005841e+01
4.685118046874999891e+02,-8.754585738900757974e+01
4.685120976562500346e+02,-8.977386589713700005e+01
4.685123906250000232e+02,-8.589766961267967815e+01
4.685126835937500118e+02,-8.421190509145330338e+01
4.685129765625000005e+02,-8.285435922834430755e+01
4.685132695312499891e+02,-8.864606547285515603e+01
4.685135625000000346e+02,-9.027099381841793502e+01
4.685138554687500232e+02,-8.732796870524511235e+01
4.685141484375000118e+02,-8.707481502492217373e+01
4.685144414062500005e+02,-8.076033843914332522e+01
4.685147343749999891e+02,-8.423844846749652504e+01
4.685150273437500346e+02,-8.827430009285490087e+01
4.685153203125000232e+02,-8.743851867494458929e+01
4.685156132812500118e+02,-8.952148043149972523e+01
4.685159062500000005e+02,-8.710699416087977909e+01
4.685161992187499891e+02,-9.303827101465859073e+01
4.685164921875000346e+02,-8.345081937267251249e+01
4.685167851562500232e+02,-8.651379739633627253e+01
4.685170781250000118e+02,-8.362534884354731446e+01
4.685173710937500005e+02,-7.926781748277225859e+01
4.685176640624999891e+02,-9.072435906668803796e+01
4.685179570312500346e+02,-8.795652180434274214e+01
4.685182500000000232e+02,-8.942440790340704382e+01
4.685185429687500118e+02,-8.557622679256854781e+01
4.685188359375000005e+02,-8.629249747032994833e+01
4.685191289062499891e+02,-9.869103413074299169e+01
4.685194218750000346e+02,-9.521058536875798950e+01
4.685197148437500232e+02,-8.951800508284769364e+01
4.685200078125000118e+02,-8.252270301416884024e+01
4.685203007812500005e+02,-8.391247373411115973e+01
4.685205937499999891e+02,-8.154044758130086734e+01
4.685208867187500346e+02,-8.049949290009648450e+01
4.685211796875000232e+02,-8.409092309236382334e+01
4.685214726562500118e+02,-8.147173893129873079e+01
4.685217656250000005e+02,-8.711572582708775769e+01
4.685220585937499891e+02,-8.373283135301291225e+01
4.685223515625000346e+02,-8.538080190784482681e+01
4.685226445312500232e+02,-8.205386505111417250e+01
4.685229375000000118e+02,-8.039219718303527884e+01
4.685232304687500005e+02,-8.159890676321572300e+01
4.685235234374999891e+02,-8.286498015665560501e+01
4.685238164062500346e+02,-8.366453038817161314e+01
4.685241093750000232e+02,-8.913632273870051392e+01
4.685244023437500118e+02,-8.375782494634854913e+01
4.685246953125000005e+02,-8.964192962294089284e+01
4.685249882812499891e+02,-9.202157090452391230e+01
4.685252812500000346e+02,-1.082776776640746164e+02
4.685255742187500232e+02,-9.020007722167277109e+01
4.685258671875000118e+02,-8.715702211961496459e+01
4.685261601562500005e+02,-9.279631839948999072e+01
4.685264531249999891e+02,-9.090981247091906425e+01
4.685267460937500346e+02,-9.035914349117112465e+01
4.685270390625000232e+02,-8.416497188484632375e+01
4.685273320312500118e+02,-8.316521882951931843e+01
4.685276250000000005e+02,-8.695761092922295177e+01
4.685279179687499891e+02,-8.698326559781854428e+01
4.685282109375000346e+02,-8.898104221375591294e+01
4.685285039062500232e+02,-8.513146691393984611e+01
4.685287968750000118e+02,-8.685223607397696810e+01
4.685290898437500005e+02,-8.503811792366634847e+01
4.685293828124999891e+02,-8.699274766852624907e+01
4.685296757812500346e+02,-8.651126312563354759e+01
4.685299687500000232e+02,-7.886963057141076661e+01
4.685302617187500118e+02,-8.083888413863067512e+01
4.685305546875000005e+02,-9.962495637914605595e+01
4.685308476562499891e+02,-9.830971316339882549e+01
4.685311406250000346e+02,-9.730743564372457399e+01
4.685314335937500232e+02,-1.037244236325886106e+02
4.685317265625000118e+02,-8.937025139294067344e+01
4.685320195312500005e+02,-8.784176419050774598e+01
4.685323124999999891e+02,-8.268091026006709399e+01
4.685326054687500346e+02,-8.883272560084597558e+01
4.685328984375000232e+02,-9.571044732867335370e+01
4.685331914062500118e+02,-9.135837290461431337e+01
4.685334843750000005e+02,-8.570691182777767381e+01
4.685337773437499891e+02,-8.673289426897335375e+01
4.685340703125000346e+02,-8.288203755477879042e+01
4.685343632812500232e+02,-8.373045926385620419e+01
4.685346562500000118e+02,-8.067926717721407215e+01
4.685349492187500005e+02,-8.574657152404243732e+01
4.685352421874999891e+02,-8.905497056007489221e+01
4.685355351562500346e+02,-8.094597645580977030e+01
4.685358281250000232e+02,-8.215190397830889424e+01
4.685361210937500118e+02,-8.137048664552358446e+01
4.685364140625000005e+02,-7.750347586305841219e+01
4.685367070312499891e+02,-8.426323862136558773e+01
4.685370000000000346e+02,-8.496975019074527324e+01
4.685372929687500232e+02,-8.299977813913669422e+01
4.685375859375000118e+02,-9.141417462464210075e+01
4.685378789062500005e+02,-9.501376560480775879e+01
4.685381718749999891e+02,-9.038643666077356897e+01
4.685384648437500346e+02,-9.450141763856669286e+01
4.685387578125000232e+02,-8.110702688635686286e+01
4.685390507812500118e+02,-8.326715053157738566e+01
4.685393437500000005e+02,-9.331167511232310119e+01
4.685396367187499891e+02,-9.338412640089472916e+01
4.685399296875000346e+02,-1.077432306992128730e+02
4.685402226562500232e+02,-9.079183010541206045e+01
4.685405156250000118e+02,-9.588702679947716945e+01
4.685408085937500005e+02,-8.778693515204913922e+01
4.685411015624999891e+02,-8.250252468303621356e+01
4.685413945312500346e+02,-8.629524818570736500e+01
4.685416875000000232e+02,-9.270826383808569915e+01
4.685419804687500118e+02,-8.122512232373118479e+01
4.685422734375000005e+02,-8.005681667890840458e+01
4.685425664062499891e+02,-8.319321452924585003e+01
4.685428593750000346e+02,-8.549179893696376098e+01
4.685431523437500232e+02,-8.778600359810667442e+01
4.685434453125000118e+02,-1.185362649477819730e+02
4.685437382812500005e+02,-8.689545438080271822e+01
4.685440312499999891e+02,-8.704363235590719228e+01
4.685443242187500346e+02,-1.032958898018748073e+02
4.685446171875000232e+02,-8.492075656236592351e+01
4.685449101562500118e+02,-8.875920335845202658e+01
4.685452031250000005e+02,-8.270703842740779521e+01
4.685454960937499891e+02,-8.157509104209303530e+01
4.685457890625000346e+02,-8.873107784673428000e+01
4.685460820312500232e+02,-9.281860687331038662e+01
4.685463750000000118e+02,-8.779646889691963452e+01
4.685466679687500005e+02,-8.899364289160361352e+01
4.685469609374999891e+02,-8.813171851288231551e+01
4.685472539062500346e+02,-8.634766973468202877e+01
4.685475468750000232e+02,-8.741279875415764877e+01
4.685478398437500118e+02,-8.524663176963844080e+01
4.685481328125000005e+02,-9.403834822755004552e+01
4.685484257812499891e+02,-8.223983307773724505e+01
4.685487187500000346e+02,-7.726649319070025967e+01
4.685490117187500232e+02,-7.809038460484936195e+01
4.685493046875000118e+02,-8.293614981402866704e+01
4.685495976562500005e+02,-1.048684270665811482e+02
4.685498906249999891e+02,-9.153148696488969449e+01
4.685501835937500346e+02,-8.896042363880171422e+01
4.685504765625000232e+02,-8.175444453420035984e+01
4.685507695312500118e+02,-8.439819509397054276e+01
4.685510625000000005e+02,-9.131769664168311351e+01
4.685513554687499891e+02,-8.567649260089194740e+01
4.685516484375000346e+02,-8.669946542298669101e+01
4.685519414062500232e+02,-9.134030337649301146e+01
4.685522343750000118e+02,-8.473294800686856831e+01
4.685525273437500005e+02,-8.484979159348736744e+01
4.685528203124999891e+02,-8.293786134683379885e+01
4.685531132812500346e+02,-8.507404238033171850e+01
4.685534062500000232e+02,-9.419313002884919683e+01
4.685536992187500118e+02,-8.737122798391013134e+01
4.685539921875000005e+02,-8.870043026455716983e+01
4.685542851562499891e+02,-8.293056432880568707e+01
4.685545781250000346e+02,-8.394918804957292480e+01
4.685548710937500232e+02,-8.171313178690093082e+01
4.685551640625000118e+02,-7.884710973882970109e+01
4.685554570312500005e+02,-8.173675759371873539e+01
4.685557499999999891e+02,-8.946802425288161942e+01
4.685560429687500346e+02,-9.527091171499989741e+01
4.685563359375000232e+02,-9.240187918322288851e+01
4.685566289062500118e+02,-8.855169875711595751e+01
4.685569218750000005e+02,-8.593063827431919321e+01
4.685572148437499891e+02,-8.596659775484303623e+01
4.685575078125000346e+02,-9.387083815931121933e+01
4.685578007812500232e+02,-9.983759723190843260e+01
4.685580937500000118e+02,-1.080640017125313079e+02
4.685583867187500005e+02,-9.049008078128946408e+01
4.685586796874999891e+02,-8.415419737166939740e+01
4.685589726562500346e+02,-8.402785476760728045e+01
4.685592656250000232e+02,-8.396956012420218940e+01
4.685595585937500118e+02,-9.386049105977959073e+01
4.685598515625000005e+02,-9.182460796442461515e+01
4.685601445312499891e+02,-8.919384694552641690e+01
4.685604375000000346e+02,-8.337277221074158717e+01
4.685607304687500232e+02,-8.024725273984421392e+01
4.685610234375000118e+02,-8.737262599508328265e+01
4.685613164062500005e+02,-8.145265885990114896e+01
4.685616093749999891e+02,-7.902181043210678979e+01
4.685619023437500346e+02,-8.180409109345758623e+01
4.685621953125000232e+02,-9.754486525713610945e+01
4.685624882812500118e+02,-8.391815531247448234e+01
4.685627812500000005e+02,-8.577455716999183721e+01
4.685630742187499891e+02,-8.586543495190608155e+01
4.685633671875000346e+02,-8.655576384259445888e+01
4.685636601562500232e+02,-8.945832039117568968e+01
4.685639531250000118e+02,-9.476849715416604170e+01
4.685642460937500005e+02,-8.516593632140454417e+01
4.685645390624999891e+02,-9.843338136309471054e+01
4.685648320312500346e+02,-8.434153225295774803e+01
4.685651250000000232e+02,-8.129702200730223183e+01
4.685654179687500118e+02,-8.058365778443474881e+01
4.685657109375000005e+02,-8.134392865112096160e+01
4.685660039062499891e+02,-8.511180171039571007e+01
4.685662968750000346e+02,-8.562501211596168105e+01
4.685665898437500232e+02,-8.748518207822270654e+01
4.685668828125000118e+02,-8.397016123920261066e+01
4.685671757812500005e+02,-8.232185697520770873e+01
4.685674687499999891e+02,-9.423978830771774540e+01
4.685677617187500346e+02,-8.376439206659387082e+01
4.685680546875000232e+02,-8.900985244007250685e+01
4.685683476562500118e+02,-8.694063928162145771e+01
4.685686406250000005e+02,-9.069657051968101769e+01
4.685689335937499891e+02,-9.516940933116265455e+01
4.685692265625000346e+02,-8.761932781513269219e+01
4.685695195312500232e+02,-8.450563227820332202e+01
4.685698125000000118e+02,-8.359460730879492019e+01
4.685701054687500005e+02,-8.851841031541701454e+01
4.685703984374999891e+02,-9.127376503637458427e+01
4.685706914062500346e+02,-8.409085734045348204e+01
4.685709843750000232e+02,-8.523937362309537491e+01
4.685712773437500118e+02,-8.537053460883086586e+01
4.685715703125000005e+02,-8.930449831028504093e+01
4.685718632812499891e+02,-9.629307264208821948e+01
4.685721562500000346e+02,-8.622406814572508438e+01
4.685724492187500232e+02,-8.301964616553227927e+01
4.685727421875000118e+02,-8.487550069630044902e+01
4.685730351562500005e+02,-8.343179363768882695e+01
4.685733281249999891e+02,-8.147921488910596111e+01
4.685736210937500346e+02,-7.971794056143140494e+01
4.685739140625000232e+02,-8.762459466574496503e+01
4.685742070312500118e+02,-8.437897213650758488e+01
4.685745000000000005e+02,-9.496405543501211355e+01
4.685747929687499891e+02,-8.311081574258027160e+01
4.685750859375000346e+02,-8.369148997620057173e+01
4.685753789062500232e+02,-8.194164155815377626e+01
4.685756718750000118e+02,-8.192830787393660330e+01
4.685759648437500005e+02,-8.012512456651739967e+01
4.685762578124999891e+02,-8.528478399617424088e+01
4.685765507812500346e+02,-8.837784078798813425e+01
4.685768437500000232e+02,-8.123547297717041715e+01
4.685771367187500118e+02,-8.591794823220523369e+01
4.685774296875000005e+02,-8.889594502808263599e+01
4.685777226562499891e+02,-8.393677757905007297e+01
4.685780156250000346e+02,-8.312083768805914019e+01
4.685783085937500232e+02,-8.649010688223292220e+01
4.685786015625000118e+02,-8.309066240258061953e+01
4.685788945312500005e+02,-7.983539768320991925e+01
4.685791874999999891e+02,-8.555938332726145745e+01
4.685794804687500346e+02,-8.968646215271009225e+01
4.685797734375000232e+02,-8.232418151977651632e+01
4.685800664062500118e+02,-8.125344923247419615e+01
4.685803593750000005e+02,-8.755722222605589877e+01
4.685806523437499891e+02,-8.639281601864851723e+01
4.685809453125000346e+02,-8.805606798930449486e+01
4.685812382812500232e+02,-8.302126124288756159e+01
4.685815312500000118e+02,-8.741284985915507377e+01
4.685818242187500005e+02,-8.572164145132850877e+01
4.685821171874999891e+02,-8.347701474865294813e+01
4.685824101562500346e+02,-8.217326136885994003e+01
4.685827031250000232e+02,-8.617641253620226394e+01
4.685829960937500118e+02,-8.639733023126815681e+01
4.685832890625000005e+02,-8.400870455242764478e+01
4.685835820312499891e+02,-8.972983170322258673e+01
4.685838750000000346e+02,-1.029593973395730302e+02
4.685841679687500232e+02,-8.560619180875811196e+01
4.685844609375000118e+02,-8.709196241990440512e+01
4.685847539062500005e+02,-9.994100305147318863e+01
4.685850468749999891e+02,-8.684489788570594726e+01
4.685853398437500346e+02,-8.448855729088711541e+01
4.685856328125000232e+02,-8.685013581281681638e+01
4.685859257812500118e+02,-8.800674615014024482e+01
4.685862187500000005e+02,-8.014784519950509889e+01
4.685865117187499891e+02,-8.097613665917319281e+01
4.685868046875000346e+02,-9.988408672117756737e+01
4.685870976562500232e+02,-9.030279431324606776e+01
4.685873906250000118e+02,-8.837910215978658357e+01
4.685876835937500005e+02,-8.854473706705357472e+01
4.685879765624999891e+02,-9.319925351723821905e+01
4.685882695312500346e+02,-8.751120153619194753e+01
4.685885625000000232e+02,-8.337531564486201319e+01
4.685888554687500118e+02,-8.438840812708824046e+01
4.685891484375000005e+02,-8.738872655634112618e+01
4.685894414062499891e+02,-8.481884306460176504e+01
4.685897343750000346e+02,-8.633189845737908286e+01
4.685900273437500232e+02,-9.102728283812211885e+01
4.685903203125000118e+02,-9.046882487968595399e+01
4.685906132812500005e+02,-8.795291141302027427e+01
4.685909062499999891e+02,-9.572742389460570678e+01
4.685911992187500346e+02,-8.651743285839701514e+01
4.685914921875000232e+02,-8.119636330722480011e+01
4.685917851562500118e+02,-8.620631125716123222e+01
4.685920781250000005e+02,-8.768951632967957721e+01
4.685923710937499891e+02,-9.032862401537931873e+01
4.685926640625000346e+02,-8.815924331354550247e+01
4.685929570312500232e+02,-8.465058154681079827e+01
4.685932500000000118e+02,-9.013292922085894077e+01
4.685935429687500005e+02,-9.028918258011879061e+01
4.685938359374999891e+02,-9.447067547833202639e+01
4.685941289062500346e+02,-8.499742047886421403e+01
4.685944218750000232e+02,-8.597858029823534309e+01
4.685947148437500118e+02,-1.045878570260401830e+02
4.685950078125000005e+02,-8.712675607121276755e+01
4.685953007812499891e+02,-8.526867924529115328e+01
4.685955937500000346e+02,-9.613660598099180277e+01
4.685958867187500232e+02,-8.575406577160916299e+01
4.685961796875000118e+02,-8.135031790450958056e+01
4.685964726562500005e+02,-8.454409733594673071e+01
4.685967656249999891e+02,-8.614711912755177536e+01
4.685970585937500346e+02,-8.520873335466576748e+01
4.685973515625000232e+02,-8.451266784368043261e+01
4.685976445312500118e+02,-8.496388029133670727e+01
4.685979375000000005e+02,-8.201081868257796259e+01
4.685982304687499891e+02,-8.940107313179279913e+01
4.685985234375000346e+02,-8.915562360463732716e+01
4.685988164062500232e+02,-9.284697142012626614e+01
4.685991093750000118e+02,-8.212334974674803334e+01
4.685994023437500005e+02,-8.807246218290902107e+01
4.685996953124999891e+02,-9.332152297735214574e+01
4.685999882812500346e+02,-9.210579190120796511e+01
4.686002812500000232e+02,-9.226285328872087632e+01
4.686005742187500118e+02,-8.897232662075694520e+01
4.686008671875000005e+02,-8.840672067232569020e+01
4.686011601562499891e+02,-9.673632294860576053e+01
4.686014531250000346e+02,-8.682881926420418495e+01
4.686017460937500232e+02,-8.946338859207331495e+01
4.686020390625000118e+02,-9.367888656528437252e+01
4.686023320312500005e+02,-8.617100592920183999e+01
4.686026249999999891e+02,-7.993708560551974074e+01
4.686029179687500346e+02,-8.496404237626394718e+01
4.686032109375000232e+02,-8.526201819072284138e+01
4.686035039062500118e+02,-8.684934847609982000e+01
4.686037968750000005e+02,-8.269257866538529811e+01
4.686040898437499891e+02,-8.091883577213201306e+01
4.686043828125000346e+02,-8.753024072171444914e+01
4.686046757812500232e+02,-8.814241028125353239e+01
4.686049687500000118e+02,-1.030436357183493215e+02
4.686052617187500005e+02,-8.030238551976360384e+01
4.686055546874999891e+02,-7.789704752946045119e+01
4.686058476562500346e+02,-8.442857399000685348e+01
4.686061406250000232e+02,-8.878926310763378638e+01
4.686064335937500118e+02,-9.302505754138806537e+01
4.686067265625000005e+02,-8.081089212740261019e+01
4.686070195312499891e+02,-8.227322323364154499e+01
4.686073125000000346e+02,-1.014180302545868386e+02
4.686076054687500232e+02,-8.616046334823207076e+01
4.686078984375000118e+02,-8.786959630089333473e+01
4.686081914062500005e+02,-9.451644862663042090e+01
4.686084843749999891e+02,-9.836413389891554004e+01
4.686087773437500346e+02,-8.530987444607279713e+01
4.686090703125000232e+02,-8.532673552012838059e+01
4.686093632812500118e+02,-9.428079521395936524e+01
4.686096562500000005e+02,-8.464490194916714927e+01
4.686099492187499891e+02,-8.803047087082667588e+01
4.686102421875000346e+02,-8.798350463271401622e+01
4.686105351562500232e+02,-8.936883819345267455e+01
4.686108281250000118e+02,-8.998147139558646757e+01
4.686111210937500005e+02,-9.109831731627500062e+01
4.686114140624999891e+02,-1.012829114261671180e+02
4.686117070312500346e+02,-8.972748919840759640e+01
4.686120000000000232e+02,-8.176661685169675309e+01
4.686122929687500118e+02,-8.381827513463653645e+01
4.686125859375000005e+02,-8.615970921751312517e+01
4.686128789062499891e+02,-8.918286464504639355e+01
4.686131718750000346e+02,-9.106563608913464236e+01
4.686134648437500232e+02,-9.434510675316899153e+01
4.686137578125000118e+02,-9.104970884971277201e+01
4.686140507812500005e+02,-8.672244083688651983e+01
4.686143437499999891e+02,-8.636900776639741650e+01
4.686146367187500346e+02,-8.749272489725251489e+01
4.686149296875000232e+02,-8.558751161349270831e+01
4.686152226562500118e+02,-8.940133302249785174e+01
4.686155156250000005e+02,-8.555020202527002482e+01
4.686158085937499891e+02,-8.960598388589042429e+01
4.686161015625000346e+02,-8.393959373535899715e+01
4.686163945312500232e+02,-8.258251990139496002e+01
4.686166875000000118e+02,-8.658345977138431238e+01
4.686169804687500005e+02,-9.000673807502627710e+01
4.686172734374999891e+02,-8.572322747088392703e+01
4.686175664062500346e+02,-8.604562290566009608e+01
4.686178593750000232e+02,-8.012417372240550151e+01
4.686181523437500118e+02,-8.399839765642309430e+01
4.686184453125000005e+02,-8.098579775839930051e+01
4.686187382812499891e+02,-8.045859062471265588e+01
4.686190312500000346e+02,-8.842986787041536445e+01
4.686193242187500232e+02,-1.027610327356981372e+02
4.686196171875000118e+02,-8.263855731928080672e+01
4.686199101562500005e+02,-8.159661704260670945e+01
4.686202031249999891e+02,-9.059224501427851806e+01
4.686204960937500346e+02,-8.632738799577929001e+01
4.686207890625000232e+02,-8.545376038558521259e+01
4.686210820312500118e+02,-7.880976662473172212e+01
4.686213750000000005e+02,-8.019469448282380597e+01
4.686216679687499891e+02,-8.368094218556106512e+01
4.686219609375000346e+02,-7.984970482598427566e+01
4.686222539062500232e+02,-8.395138469920162549e+01
4.686225468750000118e+02,-8.866469797852282397e+01
4.686228398437500005e+02,-8.980700043061402482e+01
4.686231328124999891e+02,-8.844284221149848690e+01
4.686234257812500346e+02,-8.579325407918292967e+01
4.686237187500000232e+02,-8.474494151804040598e+01
4.686240117187500118e+02,-8.198004589750541982e+01
4.686243046875000005e+02,-8.094069915865888731e+01
4.686245976562499891e+02,-9.648227899594769497e+01
4.686248906250000346e+02,-7.973135867965541479e+01
4.686251835937500232e+02,-7.820666411142948959e+01
4.686254765625000118e+02,-8.355504470430675212e+01
4.686257695312500005e+02,-9.269729752918300392e+01
4.686260624999999891e+02,-8.188047120672578671e+01
4.686263554687500346e+02,-8.926138013929883641e+01
4.686266484375000232e+02,-9.822230229245292321e+01
4.686269414062500118e+02,-8.534943568765430655e+01
4.686272343750000005e+02,-8.569364333116587318e+01
4.686275273437499891e+02,-8.213477401247651244e+01
4.686278203125000346e+02,-8.463808611208898469e+01
4.686281132812500232e+02,-8.828203997046418294e+01
4.686284062500000118e+02,-7.882586163095220400e+01
4.686286992187500005e+02,-7.941134707248772884e+01
4.686289921874999891e+02,-8.758817839535431915e+01
4.686292851562500346e+02,-8.945371076087735673e+01
4.686295781250000232e+02,-9.706977108362751494e+01
4.686298710937500118e+02,-8.715575950404493710e+01
4.686301640625000005e+02,-8.431285816381561915e+01
4.686304570312499891e+02,-8.566398672855552832e+01
4.686307500000000346e+02,-8.336058850102244833e+01
4.686310429687500232e+02,-8.807131462623068785e+01
4.686313359375000118e+02,-8.384954967361649381e+01
4.686316289062500005e+02,-8.328789833914058249e+01
4.686319218749999891e+02,-9.789810993952880835e+01
4.686322148437500346e+02,-8.604114050888387055e+01
4.686325078125000232e+02,-8.641568808499762611e+01
4.686328007812500118e+02,-8.820479188035147899e+01
4.686330937500000005e+02,-9.273825067692618518e+01
4.686333867187499891e+02,-8.472613266695240952e+01
4.686336796875000346e+02,-9.231158004525190108e+01
4.686339726562500232e+02,-8.897565103008984977e+01
4.686342656250000118e+02,-9.748490285086283791e+01
4.686345585937500005e+02,-8.953762332349030828e+01
4.686348515624999891e+02,-8.353057700559901377e+01
4.686351445312500346e+02,-8.467632354252262417e+01
4.686354375000000232e+02,-8.582086080813846252e+01
4.686357304687500118e+02,-8.564869270079557850e+01
4.686360234375000005e+02,-8.771657387580114573e+01
4.686363164062499891e+02,-8.767126898047027339e+01
4.686366093750000346e+02,-1.004530099036018669e+02
4.686369023437500232e+02,-1.046936778660714964e+02
4.686371953125000118e+02,-8.799508464522423878e+01
4.686374882812500005e+02,-9.252548832323519434e+01
4.686377812499999891e+02,-8.437651283428282056e+01
4.686380742187500346e+02,-8.026306602642299026e+01
4.686383671875000232e+02,-8.894071686890343642e+01
4.686386601562500118e+02,-8.247682510782802012e+01
4.686389531250000005e+02,-7.875940647195592703e+01
4.686392460937499891e+02,-8.159996907758397811e+01
4.686395390625000346e+02,-8.664310501807121057e+01
4.686398320312500232e+02,-9.541586656726218507e+01
4.686401250000000118e+02,-9.599619435881686513e+01
4.686404179687500005e+02,-8.717484815940113663e+01
4.686407109374999891e+02,-8.838954466351430028e+01
4.686410039062500346e+02,-9.538682682033913807e+01
4.686412968750000232e+02,-9.047398660835993667e+01
4.686415898437500118e+02,-8.620008407515871340e+01
4.686418828125000005e+02,-8.618972168894896413e+01
4.686421757812499891e+02,-8.955975464771461247e+01
4.686424687500000346e+02,-8.493799303578434490e+01
4.686427617187500232e+02,-9.123988263587149561e+01
4.686430546875000118e+02,-8.394484576062038172e+01
4.686433476562500005e+02,-8.703321790295753146e+01
4.686436406249999891e+02,-9.070724185726378153e+01
4.686439335937500346e+02,-1.032876659013073208e+02
4.686442265625000232e+02,-8.433337596507159617e+01
4.686445195312500118e+02,-8.325260673338688377e+01
4.686448125000000005e+02,-8.991065127558762526e+01
4.686451054687499891e+02,-8.367645480998001517e+01
4.686453984375000346e+02,-7.831412878846160197e+01
4.686456914062500232e+02,-8.360369727435987386e+01
4.686459843750000118e+02,-1.043083652358983215e+02
4.686462773437500005e+02,-1.011028240584669788e+02
4.686465703124999891e+02,-8.981227229362065145e+01
4.686468632812500346e+02,-8.682232139895407386e+01
4.686471562500000232e+02,-8.683746964086680009e+01
4.686474492187500118e+02,-9.082768166496182971e+01
4.686477421875000005e+02,-9.848538171803662067e+01
4.686480351562499891e+02,-9.288961883033127265e+01
4.686483281250000346e+02,-8.850163654491758791e+01
4.686486210937500232e+02,-9.414180124638764369e+01
4.686489140625000118e+02,-8.454842402964757753e+01
4.686492070312500005e+02,-8.282290908031424692e+01
4.686494999999999891e+02,-8.398455485213064264e+01
4.686497929687500346e+02,-8.464723428754058432e+01
4.686500859375000232e+02,-8.623272456241146244e+01
4.686503789062500118e+02,-9.629597968930868035e+01
4.686506718750000005e+02,-8.763974785950175317e+01
4.686509648437499891e+02,-8.938134661926295621e+01
4.686512578125000346e+02,-9.518040145160230736e+01
4.686515507812500232e+02,-8.443553902703513359e+01
4.686518437500000118e+02,-8.384690984134124392e+01
4.686521367187500005e+02,-8.542357307971228408e+01
4.686524296874999891e+02,-1.062157645677956310e+02
4.686527226562500346e+02,-8.703098574093593243e+01
4.686530156250000232e+02,-8.999214131420976059e+01
4.686533085937500118e+02,-9.413989405707974356e+01
4.686536015625000005e+02,-9.187949436975598871e+01
4.686538945312499891e+02,-1.044578060855517947e+02
4.686541875000000346e+02,-9.429186883814512044e+01
4.686544804687500232e+02,-8.395929341649512878e+01
4.686547734375000118e+02,-8.253593366444084722e+01
4.686550664062500005e+02,-8.947673973681297355e+01
4.686553593749999891e+02,-8.944520071422792284e+01
4.686556523437500346e+02,-9.248849618301811404e+01
4.686559453125000232e+02,-9.228192897977496045e+01
4.686562382812500118e+02,-9.088012587536981357e+01
4.686565312500000005e+02,-8.230703158095776928e+01
4.686568242187499891e+02,-8.488025105766735123e+01
4.686571171875000346e+02,-9.117398339574836541e+01
4.686574101562500232e+02,-8.740175650080927028e+01
4.686577031250000118e+02,-8.730660776384779354e+01
4.686579960937500005e+02,-8.987714118992218459e+01
4.686582890624999891e+02,-8.713369654631011940e+01
4.686585820312500346e+02,-8.780364223374417065e+01
4.686588750000000232e+02,-8.717394720006444686e+01
4.686591679687500118e+02,-8.588735070128656446e+01
4.686594609375000005e+02,-8.492246387342574110e+01
4.686597539062499891e+02,-8.967676343091042668e+01
4.686600468750000346e+02,-8.993690428489315991e+01
4.686603398437500232e+02,-9.110319460914791989e+01
4.686606328125000118e+02,-9.191957638335060210e+01
4.686609257812500005e+02,-1.033490648477608573e+02
4.686612187499999891e+02,-8.662940684828751614e+01
4.686615117187500346e+02,-9.061208998467196807e+01
4.686618046875000232e+02,-8.072601652021184293e+01
4.686620976562500118e+02,-8.770443252670561662e+01
4.686623906250000005e+02,-8.298289890167865224e+01
4.686626835937499891e+02,-8.066579422075707839e+01
4.686629765625000346e+02,-8.704142296654075039e+01
4.686632695312500232e+02,-8.754567353698389809e+01
4.686635625000000118e+02,-8.201776012726482179e+01
4.686638554687500005e+02,-8.237866009420194757e+01
4.686641484374999891e+02,-8.527516266626284391e+01
4.686644414062500346e+02,-8.952702835349612087e+01
4.686647343750000232e+02,-8.519648906280680478e+01
4.686650273437500118e+02,-8.635709954669928834e+01
4.686653203125000005e+02,-9.624401098498496765e+01
4.686656132812499891e+02,-9.698617480468088559e+01
4.686659062500000346e+02,-8.981186995322160271e+01
4.686661992187500232e+02,-8.741066814029099419e+01
4.686664921875000118e+02,-9.653069532890803828e+01
4.686667851562500005e+02,-9.294357312958089778e+01
4.686670781249999891e+02,-9.609807530303612566e+01
4.686673710937500346e+02,-9.111218136202899132e+01
4.686676640625000232e+02,-9.805224091979940226e+01
4.686679570312500118e+02,-8.470184250191834963e+01
4.686682500000000005e+02,-8.344568666095341314e+01
4.686685429687499891e+02,-8.650731401620404881e+01
4.686688359375000346e+02,-8.456707230717464086e+01
4.686691289062500232e+02,-8.889707494491518958e+01
4.686694218750000118e+02,-9.221196791160849671e+01
4.686697148437500005e+02,-8.388945638198451604e+01
4.686700078124999891e+02,-8.612932590832338065e+01
4.686703007812500346e+02,-8.561076144411271116e+01
4.686705937500000232e+02,-8.466742591624026204e+01
4.686708867187500118e+02,-8.519203031540621396e+01
4.686711796875000005e+02,-8.098905319637142952e+01
4.686714726562499891e+02,-7.906297966993409432e+01
4.686717656250000346e+02,-8.957229597192744563e+01
4.686720585937500232e+02,-8.688246473538143277e+01
4.686723515625000118e+02,-8.716180351729376241e+01
4.686726445312500005e+02,-8.604297300104170176e+01
4.686729374999999891e+02,-9.348437590253284668e+01
4.686732304687500346e+02,-1.087988713273057328e+02
4.686735234375000232e+02,-9.596999850018393374e+01
4.686738164062500118e+02,-8.647561428235593439e+01
4.686741093750000005e+02,-8.586604136773452467e+01
4.686744023437499891e+02,-8.804385236899214817e+01
4.686746953125000346e+02,-8.585969288224296747e+01
4.686749882812500232e+02,-1.033558611611525748e+02
4.686752812500000118e+02,-9.067091215483715416e+01
4.686755742187500005e+02,-8.942155240355737078e+01
4.686758671874999891e+02,-8.639476543074312076e+01
4.686761601562500346e+02,-8.383825965809288050e+01
4.686764531250000232e+02,-8.278730306021834906e+01
4.686767460937500118e+02,-8.361263435428563184e+01
4.686770390625000005e+02,-9.181349538044024428e+01
4.686773320312499891e+02,-9.210957046354992883e+01
4.686776250000000346e+02,-8.875197791914362710e+01
4.686779179687500232e+02,-8.723530853037082977e+01
4.686782109375000118e+02,-9.310992202856289168e+01
4.686785039062500005e+02,-1.002372410788752433e+02
4.686787968749999891e+02,-8.551386135235151187e+01
4.686790898437500346e+02,-8.521294963803164535e+01
4.686793828125000232e+02,-8.948958019865077063e+01
4.686796757812500118e+02,-9.134048046667240328e+01
4.686799687500000005e+02,-8.574444179625358231e+01
4.686802617187499891e+02,-8.923685887418713492e+01
4.686805546875000346e+02,-1.093157956156286161e+02
4.686808476562500232e+02,-8.796347634249454472e+01
4.686811406250000118e+02,-9.945739632222137061e+01
4.686814335937500005e+02,-8.893163887528760370e+01
4.686817265624999891e+02,-8.658215313871599506e+01
4.686820195312500346e+02,-8.485562238156450121e+01
4.686823125000000232e+02,-8.369033155689763248e+01
4.686826054687500118e+02,-9.101165107993057291e+01
4.686828984375000005e+02,-9.434077877331262130e+01
4.686831914062499891e+02,-1.106403707016918929e+02
4.686834843750000346e+02,-8.590003193075033039e+01
4.686837773437500232e+02,-8.510917634476390958e+01
4.686840703125000118e+02,-8.406572804547862177e+01
4.686843632812500005e+02,-8.774542358520551488e+01
4.686846562499999891e+02,-1.004654358616750898e+02
4.686849492187500346e+02,-9.427843524759816773e+01
4.686852421875000232e+02,-8.607969538794677078e+01
4.686855351562500118e+02,-8.170487636969943424e+01
4.686858281250000005e+02,-8.296898559155627595e+01
4.686861210937499891e+02,-8.754623448005349928e+01
4.686864140625000346e+02,-9.115043532360763834e+01
4.686867070312500232e+02,-1.158179979132820989e+02
4.686870000000000118e+02,-8.869820846609341913e+01
4.686872929687500005e+02,-8.248752718747769563e+01
4.686875859374999891e+02,-9.275384835377957415e+01
4.686878789062500346e+02,-9.075073018153831583e+01
4.686881718750000232e+02,-8.787450874124461109e+01
4.686884648437500118e+02,-8.791829832725650817e+01
4.686887578125000005e+02,-8.771658707402581001e+01
4.686890507812499891e+02,-8.751675090965852633e+01
4.686893437500000346e+02,-8.955777614394290254e+01
4.686896367187500232e+02,-8.938454754774249977e+01
4.686899296875000118e+02,-8.521212308088068710e+01
4.686902226562500005e+02,-9.554856621648553983e+01
4.686905156249999891e+02,-8.931487615439220917e+01
4.686908085937500346e+02,-8.872858269138019693e+01
4.686911015625000232e+02,-8.874469536126005664e+01
4.686913945312500118e+02,-8.794206826288564116e+01
4.686916875000000005e+02,-8.608284702948061806e+01
4.686919804687499891e+02,-8.102047302737274492e+01
4.686922734375000346e+02,-8.851730812242719537e+01
4.686925664062500232e+02,-9.567478390459615412e+01
4.686928593750000118e+02,-9.644420986763371673e+01
4.686931523437500005e+02,-8.934729784831290544e+01
4.686934453124999891e+02,-8.298730612383172911e+01
4.686937382812500346e+02,-8.456259186450867560e+01
4.686940312500000232e+02,-9.211657787618848658e+01
4.686943242187500118e+02,-9.118682777456398014e+01
4.686946171875000005e+02,-9.092345098365699130e+01
4.686949101562499891e+02,-8.693564900336737367e+01
4.686952031250000346e+02,-8.310234484937438992e+01
4.686954960937500232e+02,-8.125606149332712391e+01
4.686957890625000118e+02,-8.755965112205052492e+01
4.686960820312500005e+02,-9.422476070156437800e+01
4.686963749999999891e+02,-8.745051648582069959e+01
4.686966679687500346e+02,-8.911914912024349178e+01
4.686969609375000232e+02,-8.840785544589662948e+01
4.686972539062500118e+02,-8.506863657925295286e+01
4.686975468750000005e+02,-8.518276873397948634e+01
4.686978398437499891e+02,-8.621616272179501550e+01
4.686981328125000346e+02,-9.043953550114994755e+01
4.686984257812500232e+02,-8.341406934573711851e+01
4.686987187500000118e+02,-8.970558615609962771e+01
4.686990117187500005e+02,-1.020806369903855000e+02
4.686993046874999891e+02,-8.962815093842183956e+01
4.686995976562500346e+02,-8.687435317375231136e+01
4.686998906250000232e+02,-8.605121588862320436e+01
4.687001835937500118e+02,-8.510862232159834662e+01
4.687004765625000005e+02,-9.522802857058283621e+01
4.687007695312499891e+02,-8.948417431802761257e+01
4.687010625000000346e+02,-9.366161936306625080e+01
4.687013554687500232e+02,-8.650306367184907685e+01
4.687016484375000118e+02,-7.976187450792771472e+01
4.687019414062500005e+02,-8.310519717429103537e+01
4.687022343749999891e+02,-9.205105839903085041e+01
4.687025273437500346e+02,-9.368153875033230804e+01
4.687028203125000232e+02,-8.854609679058107474e+01
4.687031132812500118e+02,-8.716789337978489982e+01
4.687034062500000005e+02,-8.627122041761587923e+01
4.687036992187499891e+02,-9.400713114991036434e+01
4.687039921875000346e+02,-8.814233604011360512e+01
4.687042851562500232e+02,-8.629507229924634260e+01
4.687045781250000118e+02,-8.847098916785927258e+01
4.687048710937500005e+02,-8.936690812662934036e+01
4.687051640624999891e+02,-9.420184528970688120e+01
4.687054570312500346e+02,-8.768540678897423390e+01
4.687057500000000232e+02,-9.171504768736234325e+01
4.687060429687500118e+02,-8.801091655759577748e+01
4.687063359375000005e+02,-8.337810888674779619e+01
4.687066289062499891e+02,-9.127250212006850916e+01
4.687069218750000346e+02,-8.510806609716331650e+01
4.687072148437500232e+02,-9.210750666423466271e+01
4.687075078125000118e+02,-9.303069522005048952e+01
4.687078007812500005e+02,-8.950466659282650994e+01
4.687080937499999891e+02,-8.949623866476231626e+01
4.687083867187500346e+02,-8.510043270469735432e+01
4.687086796875000232e+02,-8.778037657273289085e+01
4.687089726562500118e+02,-9.732309730542678494e+01
4.687092656250000005e+02,-8.908373157024264799e+01
4.687095585937499891e+02,-8.767897578578984508e+01
4.687098515625000346e+02,-8.994498570892250200e+01
4.687101445312500232e+02,-9.257475764511623595e+01
4.687104375000000118e+02,-9.042344690260812001e+01
4.687107304687500005e+02,-8.671580856009649096e+01
4.687110234374999891e+02,-9.312407158766431792e+01
4.687113164062500346e+02,-8.677976660334338987e+01
4.687116093750000232e+02,-9.827061402330468809e+01
4.687119023437500118e+02,-8.937278524547694758e+01
4.687121953125000005e+02,-9.359938227098430730e+01
4.687124882812499891e+02,-8.505292050744721166e+01
4.687127812500000346e+02,-1.047798671190099640e+02
4.687130742187500232e+02,-9.272042372073271110e+01
4.687133671875000118e+02,-9.339376799851592637e+01
4.687136601562500005e+02,-8.269722610121816331e+01
4.687139531249999891e+02,-8.715743293254321600e+01
4.687142460937500346e+02,-8.454392991247409839e+01
4.687145390625000232e+02,-8.347684301203217672e+01
4.687148320312500118e+02,-9.217431741339868267e+01
4.687151250000000005e+02,-8.675293148011796518e+01
4.687154179687499891e+02,-8.354971075329947894e+01
4.687157109375000346e+02,-8.436778454418796969e+01
4.687160039062500232e+02,-9.943373337674110246e+01
4.687162968750000118e+02,-8.904540902737296904e+01
4.687165898437500005e+02,-8.781400718363556734e+01
4.687168828124999891e+02,-8.603926810304011497e+01
4.687171757812500346e+02,-9.070295055409751228e+01
4.687174687500000232e+02,-8.500569273877444232e+01
4.687177617187500118e+02,-8.542508818051729236e+01
4.687180546875000005e+02,-9.014947188919384757e+01
4.687183476562499891e+02,-8.785567028355035291e+01
4.687186406250000346e+02,-8.504310999505992186e+01
4.687189335937500232e+02,-8.474193694760782591e+01
4.687192265625000118e+02,-9.049332880216097408e+01
4.687195195312500005e+02,-8.976124814788738604e+01
4.687198124999999891e+02,-8.738652882918199793e+01
4.687201054687500346e+02,-8.619951160088564279e+01
4.687203984375000232e+02,-9.548340459962140869e+01
4.687206914062500118e+02,-8.658985758403761679e+01
4.687209843750000005e+02,-8.711743267899679211e+01
4.687212773437499891e+02,-9.080982221479408167e+01
4.687215703125000346e+02,-9.191603336566404892e+01
4.687218632812500232e+02,-8.694150012466543842e+01
4.687221562500000118e+02,-8.919173613401291334e+01
4.687224492187500005e+02,-9.626813745978810744e+01
4.687227421874999891e+02,-9.156685215729709171e+01
4.687230351562500346e+02,-8.265520447979764640e+01
4.687233281250000232e+02,-8.837030454926431844e+01
4.687236210937500118e+02,-8.966301502956667946e+01
4.687239140625000005e+02,-9.453486388193613266e+01
4.687242070312499891e+02,-8.568166235891484916e+01
4.687245000000000346e+02,-9.641587525429868322e+01
4.687247929687500232e+02,-9.180653642778372614e+01
4.687250859375000118e+02,-8.245968264923335767e+01
4.687253789062500005e+02,-8.681490969029013627e+01
4.687256718749999891e+02,-8.548181324599399034e+01
4.687259648437500346e+02,-8.584625551488683470e+01
4.687262578125000232e+02,-9.063574109103230114e+01
4.687265507812500118e+02,-9.224159708206565256e+01
4.687268437500000005e+02,-9.271791192747527077e+01
4.687271367187499891e+02,-9.414815070952880660e+01
4.687274296875000346e+02,-9.004520048067688265e+01
4.687277226562500232e+02,-8.548483085603976406e+01
4.687280156250000118e+02,-8.549621591708203994e+01
4.687283085937500005e+02,-8.605814919143742259e+01
4.687286015624999891e+02,-8.499021757588980108e+01
4.687288945312500346e+02,-9.380817139713464314e+01
4.687291875000000232e+02,-9.483731803955832618e+01
4.687294804687500118e+02,-9.390680582035606960e+01
4.687297734375000005e+02,-1.049208390237108119e+02
4.687300664062499891e+02,-1.166560008040015646e+02
4.687303593750000346e+02,-8.812989786435039719e+01
4.687306523437500232e+02,-8.308725506251094828e+01
4.687309453125000118e+02,-8.805009134365498369e+01
4.687312382812500005e+02,-8.517081552095939401e+01
4.687315312499999891e+02,-8.671915114174537109e+01
4.687318242187500346e+02,-8.523597050138556597e+01
4.687321171875000232e+02,-8.923122725280855150e+01
4.687324101562500118e+02,-1.029911088207932721e+02
4.687327031250000005e+02,-1.091154941681859896e+02
4.687329960937499891e+02,-9.866237256704708614e+01
4.687332890625000346e+02,-9.499799302899609188e+01
4.687335820312500232e+02,-8.761219388603757352e+01
4.687338750000000118e+02,-9.452206524438808799e+01
4.687341679687500005e+02,-8.620476455811973437e+01
4.687344609374999891e+02,-8.785874409550393693e+01
4.687347539062500346e+02,-8.382724546413355426e+01
4.687350468750000232e+02,-8.297167132439116699e+01
4.687353398437500118e+02,-9.686803597944033584e+01
4.687356328125000005e+02,-9.905589457452562385e+01
4.687359257812499891e+02,-9.101108320215173819e+01
4.687362187500000346e+02,-1.001020941575379197e+02
4.687365117187500232e+02,-9.514757264223791822e+01
4.687368046875000118e+02,-9.061111736779152181e+01
4.687370976562500005e+02,-8.444915097089692324e+01
4.687373906249999891e+02,-8.410968742912021412e+01
4.687376835937500346e+02,-8.896610455298682041e+01
4.687379765625000232e+02,-8.246669053325067011e+01
4.687382695312500118e+02,-8.439421326639444487e+01
4.687385625000000005e+02,-8.814959049594403950e+01
4.687388554687499891e+02,-1.003816387102301064e+02
4.687391484375000346e+02,-9.324984285313404087e+01
4.687394414062500232e+02,-8.596815472778204992e+01
4.687397343750000118e+02,-8.706526988305259351e+01
4.687400273437500005e+02,-9.534782924952699545e+01
4.687403203124999891e+02,-9.303694615974350768e+01
4.687406132812500346e+02,-8.436134623002936905e+01
4.687409062500000232e+02,-8.517875231692266880e+01
4.687411992187500118e+02,-8.339997431264708894e+01
4.687414921875000005e+02,-9.173368056042120600e+01
4.687417851562499891e+02,-9.064798599509147436e+01
4.687420781250000346e+02,-9.440078286725602652e+01
4.687423710937500232e+02,-9.533104025428994532e+01
4.687426640625000118e+02,-9.086117313162473863e+01
4.687429570312500005e+02,-9.889118145929593595e+01
4.687432499999999891e+02,-8.708406893038335284e+01
4.687435429687500346e+02,-8.513458156075955685e+01
4.687438359375000232e+02,-9.152308698731721393e+01
4.687441289062500118e+02,-8.644907446860356970e+01
4.687444218750000005e+02,-8.474017245476174764e+01
4.687447148437499891e+02,-8.927725649631356930e+01
4.687450078125000346e+02,-9.035197650613527287e+01
4.687453007812500232e+02,-8.469064154456569327e+01
4.687455937500000118e+02,-9.645497443550456751e+01
4.687458867187500005e+02,-1.035679294061373525e+02
4.687461796874999891e+02,-9.708816776752122735e+01
4.687464726562500346e+02,-9.364544323597749553e+01
4.687467656250000232e+02,-8.863625720462519553e+01
4.687470585937500118e+02,-8.281621447995519247e+01
4.687473515625000005e+02,-8.924360743255100203e+01
4.687476445312499891e+02,-9.281124443388048917e+01
4.687479375000000346e+02,-9.144904435748836136e+01
4.687482304687500232e+02,-8.990945492618010348e+01
4.687485234375000118e+02,-9.243831073711007207e+01
4.687488164062500005e+02,-8.781573679533345000e+01
4.687491093749999891e+02,-8.863457087742175133e+01
4.687494023437500346e+02,-9.237061705304782322e+01
4.687496953125000232e+02,-8.243285682167126538e+01
4.687499882812500118e+02,-8.243700536616438512e+01
4.687502812500000005e+02,-9.742529364004353454e+01
4.687505742187499891e+02,-9.082103240594460658e+01
4.687508671875000346e+02,-9.205067294183557181e+01
4.687511601562500232e+02,-9.876877894217108178e+01
4.687514531250000118e+02,-8.698689575457001411e+01
4.687517460937500005e+02,-8.780134390112309006e+01
4.687520390624999891e+02,-9.255434038930025054e+01
4.687523320312500346e+02,-1.002853004423474061e+02
4.687526250000000232e+02,-9.457677255218528956e+01
4.687529179687500118e+02,-9.104075704397006064e+01
4.687532109375000005e+02,-8.570863236053567391e+01
4.687535039062499891e+02,-8.517181997633522883e+01
4.687537968750000346e+02,-8.918299762959802024e+01
4.687540898437500232e+02,-9.613424088229180597e+01
4.687543828125000118e+02,-1.014252393684174365e+02
4.687546757812500005e+02,-9.661612216159637967e+01
4.687549687499999891e+02,-8.993725190215015175e+01
4.687552617187500346e+02,-8.462883188386624056e+01
4.687555546875000232e+02,-8.493399503758638502e+01
4.687558476562500118e+02,-8.637110089719458017e+01
4.687561406250000005e+02,-8.100774704553822403e+01
4.687564335937499891e+02,-8.256987081380970039e+01
4.687567265625000346e+02,-8.361545203542863192e+01
4.687570195312500232e+02,-8.864081714959682756e+01
4.687573125000000118e+02,-9.528181169234228776e+01
4.687576054687500005e+02,-8.955813345276561677e+01
4.687578984374999891e+02,-8.457921077920433106e+01
4.687581914062500346e+02,-8.493337005321122035e+01
4.687584843750000232e+02,-8.419440356177659623e+01
4.687587773437500118e+02,-8.817496311288718402e+01
4.687590703125000005e+02,-9.108856122381320120e+01
4.687593632812499891e+02,-8.988268898573713273e+01
4.687596562500000346e+02,-8.466363007609159297e+01
4.687599492187500232e+02,-8.363586320696293797e+01
4.687602421875000118e+02,-8.956010918679388055e+01
4.687605351562500005e+02,-8.896079595981439070e+01
4.687608281249999891e+02,-8.908347212204397181e+01
4.687611210937500346e+02,-9.291566236668779766e+01
4.687614140625000232e+02,-1.030190656218971128e+02
4.687617070312500118e+02,-9.217311284319390552e+01
