Frequency_MHz,Power_dBHz
4.663620000000000232e+02,-9.736506841598112771e+01
4.663622929687500118e+02,-1.109890225578374441e+02
4.663625859375000005e+02,-1.012670956531006254e+02
4.663628789062499891e+02,-1.010586564567675794e+02
4.663631718750000346e+02,-1.006972480390364524e+02
4.663634648437500232e+02,-9.319981798436641895e+01
4.663637578125000118e+02,-1.025432231009310726e+02
4.663640507812500005e+02,-1.007867390120876081e+02
4.663643437499999891e+02,-9.247491440296764154e+01
4.663646367187500346e+02,-9.238852115689593347e+01
4.663649296875000232e+02,-1.101374575311846797e+02
4.663652226562500118e+02,-1.015781652121660983e+02
4.663655156250000005e+02,-9.682050602086280833e+01
4.663658085937499891e+02,-9.319949833650969140e+01
4.663661015625000346e+02,-1.020955505078244840e+02
4.663663945312500232e+02,-1.065641932787352033e+02
4.663666875000000118e+02,-1.151169471311306154e+02
4.663669804687500005e+02,-9.664375471596407863e+01
4.663672734374999891e+02,-9.984685788682156726e+01
4.663675664062500346e+02,-9.894077020777352516e+01
4.663678593750000232e+02,-9.550295341939181526e+01
4.663681523437500118e+02,-9.901817037046973269e+01
4.663684453125000005e+02,-1.008216050914442974e+02
4.663687382812499891e+02,-9.841208972794932208e+01
4.663690312500000346e+02,-1.036071587235828417e+02
4.663693242187500232e+02,-9.650152161669893758e+01
4.663696171875000118e+02,-9.497343773009458801e+01
4.663699101562500005e+02,-9.483823623875011322e+01
4.663702031249999891e+02,-1.028654061463201970e+02
4.663704960937500346e+02,-1.003613123187963367e+02
4.663707890625000232e+02,-9.332054875294646479e+01
4.663710820312500118e+02,-9.719735660951188549e+01
4.663713750000000005e+02,-1.037199682323172283e+02
4.663716679687499891e+02,-9.714564341792423363e+01
4.663719609375000346e+02,-9.817139444997738451e+01
4.663722539062500232e+02,-1.046505054455813877e+02
4.663725468750000118e+02,-1.171932694909683903e+02
4.663728398437500005e+02,-1.039572086203656056e+02
4.663731328124999891e+02,-1.000632395232624674e+02
4.663734257812500346e+02,-1.176819555728135782e+02
4.663737187500000232e+02,-1.020501295409179363e+02
4.663740117187500118e+02,-1.105373423562651851e+02
4.663743046875000005e+02,-1.027059794458406117e+02
4.663745976562499891e+02,-1.015612922743921729e+02
4.663748906250000346e+02,-9.741418652276381351e+01
4.663751835937500232e+02,-1.006034585065887796e+02
4.663754765625000118e+02,-9.711856152943082066e+01
4.663757695312500005e+02,-1.001851433649321876e+02
4.663760624999999891e+02,-1.035851053736738692e+02
4.663763554687500346e+02,-9.586338369500859358e+01
4.663766484375000232e+02,-9.672296630050885824e+01
4.663769414062500118e+02,-9.523115632178446788e+01
4.663772343750000005e+02,-9.737432638185153166e+01
4.663775273437499891e+02,-1.041275405715268079e+02
4.663778203125000346e+02,-1.053759094245009322e+02
4.663781132812500232e+02,-9.843502737544525871e+01
4.663784062500000118e+02,-9.704171732130171790e+01
4.663786992187500005e+02,-1.050388968458222507e+02
4.663789921874999891e+02,-1.025071276106621809e+02
4.663792851562500346e+02,-9.710405092173795083e+01
4.663795781250000232e+02,-9.427485769785113234e+01
4.663798710937500118e+02,-1.040792195708057335e+02
4.663801640625000005e+02,-9.562316406695394733e+01
4.663804570312499891e+02,-9.367828753785134666e+01
4.663807500000000346e+02,-9.975056579806171442e+01
4.663810429687500232e+02,-9.655480474311011108e+01
4.663813359375000118e+02,-9.605592273029398598e+01
4.663816289062500005e+02,-9.640046650138549467e+01
4.663819218749999891e+02,-9.353106659722936911e+01
4.663822148437500346e+02,-9.851310908936582678e+01
4.663825078125000232e+02,-9.081921750183248321e+01
4.663828007812500118e+02,-9.264504912942685166e+01
4.663830937500000005e+02,-9.419230126083908772e+01
4.663833867187499891e+02,-9.215947884235805532e+01
4.663836796875000346e+02,-9.138057704077806420e+01
4.663839726562500232e+02,-9.739531064197828414e+01
4.663842656250000118e+02,-9.926969154902732839e+01
4.663845585937500005e+02,-9.502139437489255158e+01
4.663848515624999891e+02,-9.801616458027513090e+01
4.663851445312500346e+02,-1.026878880355975951e+02
4.663854375000000232e+02,-1.024739367989047167e+02
4.663857304687500118e+02,-9.791149105707182798e+01
4.663860234375000005e+02,-9.832538213071345012e+01
4.663863164062499891e+02,-1.003092046486427904e+02
4.663866093750000346e+02,-1.025353350287347212e+02
4.663869023437500232e+02,-1.041122633686466941e+02
4.663871953125000118e+02,-1.002526509967647144e+02
4.663874882812500005e+02,-1.010478819811341253e+02
4.663877812499999891e+02,-1.010653516068212241e+02
4.663880742187500346e+02,-9.524613075394708517e+01
4.663883671875000232e+02,-9.535559558522216150e+01
4.663886601562500118e+02,-1.063902933555294226e+02
4.663889531250000005e+02,-9.937424209510852791e+01
4.663892460937499891e+02,-1.005690963265944902e+02
4.663895390625000346e+02,-9.476493225489292627e+01
4.663898320312500232e+02,-9.456119220506397482e+01
4.663901250000000118e+02,-1.006497718335322986e+02
4.663904179687500005e+02,-9.985061094830692241e+01
4.663907109374999891e+02,-9.353483719535648788e+01
4.663910039062500346e+02,-9.587174914730567821e+01
4.663912968750000232e+02,-9.733487848302571877e+01
4.663915898437500118e+02,-1.072698298196418421e+02
4.663918828125000005e+02,-1.031648301990677510e+02
4.663921757812499891e+02,-1.020677406363616200e+02
4.663924687500000346e+02,-9.473677384757280606e+01
4.663927617187500232e+02,-9.621338222344411406e+01
4.663930546875000118e+02,-9.571099813417106361e+01
4.663933476562500005e+02,-9.647330895819925445e+01
4.663936406249999891e+02,-9.878146337444873382e+01
4.663939335937500346e+02,-9.668567804202308480e+01
4.663942265625000232e+02,-1.009278910684840582e+02
4.663945195312500118e+02,-1.041801796414693371e+02
4.663948125000000005e+02,-9.398204878015440045e+01
4.663951054687499891e+02,-9.194444286235074060e+01
4.663953984375000346e+02,-1.019681718122963332e+02
4.663956914062500232e+02,-9.587988435515717356e+01
4.663959843750000118e+02,-9.194383021919088606e+01
4.663962773437500005e+02,-9.752714134226766873e+01
4.663965703124999891e+02,-9.784150300583038984e+01
4.663968632812500346e+02,-9.378457515077705864e+01
4.663971562500000232e+02,-9.764701402291169074e+01
4.663974492187500118e+02,-1.074062174607472286e+02
4.663977421875000005e+02,-1.071292592259989362e+02
4.663980351562499891e+02,-9.825237379583116137e+01
4.663983281250000346e+02,-9.995598035346787924e+01
4.663986210937500232e+02,-1.043577718803378929e+02
4.663989140625000118e+02,-1.026303080491380371e+02
4.663992070312500005e+02,-9.526801951499240317e+01
4.663994999999999891e+02,-9.424900163151664856e+01
4.663997929687500346e+02,-9.642586855214059938e+01
4.664000859375000232e+02,-1.048514747090889756e+02
4.664003789062500118e+02,-1.121121667274155698e+02
4.664006718750000005e+02,-1.045214590764909843e+02
4.664009648437499891e+02,-9.383901261739914901e+01
4.664012578125000346e+02,-9.531902869052717620e+01
4.664015507812500232e+02,-1.034194120809164303e+02
4.664018437500000118e+02,-9.601538408862347751e+01
4.664021367187500005e+02,-9.348567647524431834e+01
4.664024296874999891e+02,-9.061238549662988362e+01
4.664027226562500346e+02,-1.024301903568983789e+02
4.664030156250000232e+02,-1.057120495405516039e+02
4.664033085937500118e+02,-9.796113822324466014e+01
4.664036015625000005e+02,-9.492715855232121669e+01
4.664038945312499891e+02,-9.651339650781324053e+01
4.664041875000000346e+02,-9.507131058637133947e+01
4.664044804687500232e+02,-1.101557501879727852e+02
4.664047734375000118e+02,-9.673875581641394206e+01
4.664050664062500005e+02,-9.310130923565094463e+01
4.664053593749999891e+02,-1.002742484741070541e+02
4.664056523437500346e+02,-1.135955406858455490e+02
4.664059453125000232e+02,-9.897049875432816179e+01
4.664062382812500118e+02,-1.057822845257340703e+02
4.664065312500000005e+02,-1.052888281317436139e+02
4.664068242187499891e+02,-1.021028706785698290e+02
4.664071171875000346e+02,-1.065500625605584872e+02
4.664074101562500232e+02,-1.002949292909991925e+02
4.664077031250000118e+02,-1.001664352331387136e+02
4.664079960937500005e+02,-9.874460021636424756e+01
4.664082890624999891e+02,-9.703128197190775950e+01
4.664085820312500346e+02,-9.947370368467942114e+01
4.664088750000000232e+02,-1.003050661364476213e+02
4.664091679687500118e+02,-1.037440119107569245e+02
4.664094609375000005e+02,-9.964128218324846387e+01
4.664097539062499891e+02,-9.220560518664420613e+01
4.664100468750000346e+02,-9.580229567597120877e+01
4.664103398437500232e+02,-1.012054773516180006e+02
4.664106328125000118e+02,-9.788104853864263077e+01
4.664109257812500005e+02,-9.415489935240641728e+01
4.664112187499999891e+02,-1.056488621856251768e+02
4.664115117187500346e+02,-9.709808558567371506e+01
4.664118046875000232e+02,-9.993870396738401496e+01
4.664120976562500118e+02,-9.866239264451793645e+01
4.664123906250000005e+02,-1.155625083468067373e+02
4.664126835937499891e+02,-1.012019225412022791e+02
4.664129765625000346e+02,-1.006268252838168706e+02
4.664132695312500232e+02,-9.627398800436458259e+01
4.664135625000000118e+02,-9.375032735506241011e+01
4.664138554687500005e+02,-9.777522110504789055e+01
4.664141484374999891e+02,-9.907788258262881698e+01
4.664144414062500346e+02,-1.002769789798663993e+02
4.664147343750000232e+02,-1.018254826467487817e+02
4.664150273437500118e+02,-9.518932946029453035e+01
4.664153203125000005e+02,-1.047224720415771628e+02
4.664156132812499891e+02,-1.037756012220312130e+02
4.664159062500000346e+02,-1.001755139065955973e+02
4.664161992187500232e+02,-9.605460011101308737e+01
4.664164921875000118e+02,-9.562736605774577470e+01
4.664167851562500005e+02,-9.483241557771296470e+01
4.664170781249999891e+02,-9.099091314693626487e+01
4.664173710937500346e+02,-9.558236269045724498e+01
4.664176640625000232e+02,-1.029936650196709138e+02
4.664179570312500118e+02,-1.062758971942646440e+02
4.664182500000000005e+02,-1.003868406804232762e+02
4.664185429687499891e+02,-9.438615738473222905e+01
4.664188359375000346e+02,-9.637172784718090668e+01
4.664191289062500232e+02,-9.871282914680779186e+01
4.664194218750000118e+02,-1.014895992082780936e+02
4.664197148437500005e+02,-9.492855464507526619e+01
4.664200078124999891e+02,-9.968742890492784170e+01
4.664203007812500346e+02,-9.606544770950868894e+01
4.664205937500000232e+02,-9.511106402463171605e+01
4.664208867187500118e+02,-9.725540693655942448e+01
4.664211796875000005e+02,-9.840260134822345606e+01
4.664214726562499891e+02,-9.432483382369865410e+01
4.664217656250000346e+02,-9.610607922612686593e+01
4.664220585937500232e+02,-1.129827653557617708e+02
4.664223515625000118e+02,-1.016716518585392635e+02
4.664226445312500005e+02,-1.016958615979019811e+02
4.664229374999999891e+02,-9.983118936047632985e+01
4.664232304687500346e+02,-1.050852696636042083e+02
4.664235234375000232e+02,-9.611954163114805283e+01
4.664238164062500118e+02,-9.680485183067970922e+01
4.664241093750000005e+02,-9.184299055541228540e+01
4.664244023437499891e+02,-9.057061418684021703e+01
4.664246953125000346e+02,-9.249605596526832585e+01
4.664249882812500232e+02,-9.685881149262804968e+01
4.664252812500000118e+02,-9.826583072606285896e+01
4.664255742187500005e+02,-9.545139635282689028e+01
4.664258671874999891e+02,-1.008513270430469078e+02
4.664261601562500346e+02,-9.890296814415447102e+01
4.664264531250000232e+02,-9.823432624287315207e+01
4.664267460937500118e+02,-1.037822928125659701e+02
4.664270390625000005e+02,-9.720948911032070328e+01
4.664273320312499891e+02,-9.709287702435661060e+01
4.664276250000000346e+02,-9.909488326961275106e+01
4.664279179687500232e+02,-1.003350926123107598e+02
4.664282109375000118e+02,-9.491384043973830842e+01
4.664285039062500005e+02,-9.608907413665198760e+01
4.664287968749999891e+02,-1.158000380706567398e+02
4.664290898437500346e+02,-1.032294973671424856e+02
4.664293828125000232e+02,-9.792355296958957922e+01
4.664296757812500118e+02,-1.049816764185517570e+02
4.664299687500000005e+02,-9.564440755905638980e+01
4.664302617187499891e+02,-9.373294391241171297e+01
4.664305546875000346e+02,-9.543097436669867761e+01
4.664308476562500232e+02,-8.905067488682246335e+01
4.664311406250000118e+02,-9.458643524129547586e+01
4.664314335937500005e+02,-9.848175115166078797e+01
4.664317265624999891e+02,-9.728053084978120069e+01
4.664320195312500346e+02,-9.621188682855274976e+01
4.664323125000000232e+02,-1.025217812607526611e+02
4.664326054687500118e+02,-1.135425108059530288e+02
4.664328984375000005e+02,-1.038384668676079059e+02
4.664331914062499891e+02,-1.023211420537270158e+02
4.664334843750000346e+02,-9.686124699243575265e+01
4.664337773437500232e+02,-1.009924792780096254e+02
4.664340703125000118e+02,-1.018239059318735258e+02
4.664343632812500005e+02,-9.566480642182524718e+01
4.664346562499999891e+02,-1.006519911133126755e+02
4.664349492187500346e+02,-9.864116421767377574e+01
4.664352421875000232e+02,-9.797962722185823736e+01
4.664355351562500118e+02,-9.396315685517399174e+01
4.664358281250000005e+02,-9.397536186738557262e+01
4.664361210937499891e+02,-1.059677775802286135e+02
4.664364140625000346e+02,-9.870760142928766356e+01
4.664367070312500232e+02,-9.919943138361432489e+01
4.664370000000000118e+02,-1.095405304355477085e+02
4.664372929687500005e+02,-1.006217163523992753e+02
4.664375859374999891e+02,-1.044522809843709865e+02
4.664378789062500346e+02,-9.847937197760842309e+01
4.664381718750000232e+02,-9.304465094262414482e+01
4.664384648437500118e+02,-9.322535778664338579e+01
4.664387578125000005e+02,-9.476805879946873290e+01
4.664390507812499891e+02,-9.349257402669607586e+01
4.664393437500000346e+02,-9.560767348571599200e+01
4.664396367187500232e+02,-9.794592179868584481e+01
4.664399296875000118e+02,-1.037729928265864743e+02
4.664402226562500005e+02,-1.001606280309135570e+02
4.664405156249999891e+02,-9.457049082907916215e+01
4.664408085937500346e+02,-9.306981493062808397e+01
4.664411015625000232e+02,-9.926450337002631841e+01
4.664413945312500118e+02,-9.829579069379427381e+01
4.664416875000000005e+02,-9.974008157219941495e+01
4.664419804687499891e+02,-9.938294846733666077e+01
4.664422734375000346e+02,-1.037676428074816783e+02
4.664425664062500232e+02,-9.460086929859957650e+01
4.664428593750000118e+02,-9.471736534943829611e+01
4.664431523437500005e+02,-1.116139835146869927e+02
4.664434453124999891e+02,-9.848327561239619854e+01
4.664437382812500346e+02,-1.092023174812136830e+02
4.664440312500000232e+02,-9.641769350782828951e+01
4.664443242187500118e+02,-1.022944938813479041e+02
4.664446171875000005e+02,-9.567469871570418150e+01
4.664449101562499891e+02,-9.597980768451162703e+01
4.664452031250000346e+02,-9.094176011891165956e+01
4.664454960937500232e+02,-9.291950288778068057e+01
4.664457890625000118e+02,-1.010855572342325388e+02
4.664460820312500005e+02,-1.053798144931163563e+02
4.664463749999999891e+02,-1.103188235294318389e+02
4.664466679687500346e+02,-9.901355227361494826e+01
4.664469609375000232e+02,-1.029824614967921690e+02
4.664472539062500118e+02,-9.584191418776006799e+01
4.664475468750000005e+02,-9.540771107027558173e+01
4.664478398437499891e+02,-9.756743269425857079e+01
4.664481328125000346e+02,-9.692971893289254126e+01
4.664484257812500232e+02,-9.391563496230490671e+01
4.664487187500000118e+02,-9.555682422605171666e+01
4.664490117187500005e+02,-1.014706484748516999e+02
4.664493046874999891e+02,-9.450558758117871605e+01
4.664495976562500346e+02,-9.917959272580509378e+01
4.664498906250000232e+02,-1.037027170773172884e+02
4.664501835937500118e+02,-1.008550313898572739e+02
4.664504765625000005e+02,-1.001896265622646638e+02
4.664507695312499891e+02,-9.467027748463459602e+01
4.664510625000000346e+02,-9.045555627879458882e+01
4.664513554687500232e+02,-9.069249229944679769e+01
4.664516484375000118e+02,-9.027158940526830122e+01
4.664519414062500005e+02,-9.335272213865130198e+01
4.664522343749999891e+02,-9.232560078410834592e+01
4.664525273437500346e+02,-1.005522776837810284e+02
4.664528203125000232e+02,-1.142325415110616404e+02
4.664531132812500118e+02,-1.031800706745954841e+02
4.664534062500000005e+02,-1.023426076058064780e+02
4.664536992187499891e+02,-9.691196923101118443e+01
4.664539921875000346e+02,-9.178369781605729827e+01
4.664542851562500232e+02,-9.367057801047836563e+01
4.664545781250000118e+02,-9.629611186248934018e+01
4.664548710937500005e+02,-9.357945466215161900e+01
4.664551640624999891e+02,-9.292006468002021791e+01
4.664554570312500346e+02,-9.144879006121570342e+01
4.664557500000000232e+02,-9.164402152446264438e+01
4.664560429687500118e+02,-9.394281883379201759e+01
4.664563359375000005e+02,-9.428412907989482505e+01
4.664566289062499891e+02,-1.013871009016850309e+02
4.664569218750000346e+02,-1.162852892418352155e+02
4.664572148437500232e+02,-9.607929330525783485e+01
4.664575078125000118e+02,-9.508680157987042492e+01
4.664578007812500005e+02,-9.783468152691249031e+01
4.664580937499999891e+02,-9.195081094752949014e+01
4.664583867187500346e+02,-9.433747927303451775e+01
4.664586796875000232e+02,-1.010752967763579306e+02
4.664589726562500118e+02,-9.487824281594822651e+01
4.664592656250000005e+02,-8.848046035506136775e+01
4.664595585937499891e+02,-8.801838680633183287e+01
4.664598515625000346e+02,-9.100789810317252204e+01
4.664601445312500232e+02,-1.010545723257888397e+02
4.664604375000000118e+02,-9.598289158584323388e+01
4.664607304687500005e+02,-9.474414730942184804e+01
4.664610234374999891e+02,-9.942726224068738361e+01
4.664613164062500346e+02,-9.594835129285597475e+01
4.664616093750000232e+02,-9.175577881510362488e+01
4.664619023437500118e+02,-9.319493891850173384e+01
4.664621953125000005e+02,-9.618359602543210940e+01
4.664624882812499891e+02,-9.747808666259419397e+01
4.664627812500000346e+02,-9.491349496565560173e+01
4.664630742187500232e+02,-9.110181169977892068e+01
4.664633671875000118e+02,-9.780199058890895003e+01
4.664636601562500005e+02,-9.659301137502853862e+01
4.664639531249999891e+02,-9.626717812542923980e+01
4.664642460937500346e+02,-9.947493774551900003e+01
4.664645390625000232e+02,-9.527647984912881896e+01
4.664648320312500118e+02,-9.385023564077042124e+01
4.664651250000000005e+02,-9.529632033853887663e+01
4.664654179687499891e+02,-1.058301159274219430e+02
4.664657109375000346e+02,-9.448292244834641451e+01
4.664660039062500232e+02,-9.462959275311280294e+01
4.664662968750000118e+02,-9.402893670184477060e+01
4.664665898437500005e+02,-9.160893100845846959e+01
4.664668828124999891e+02,-1.103345017319045667e+02
4.664671757812500346e+02,-9.146466910592587851e+01
4.664674687500000232e+02,-9.119553116355866962e+01
4.664677617187500118e+02,-9.557504287330525017e+01
4.664680546875000005e+02,-1.038894681865978669e+02
4.664683476562499891e+02,-9.882373716218843640e+01
4.664686406250000346e+02,-9.702006316047585699e+01
4.664689335937500232e+02,-1.009410531994740126e+02
4.664692265625000118e+02,-9.622444204637014309e+01
4.664695195312500005e+02,-9.394380348113301693e+01
4.664698124999999891e+02,-9.987869932229544645e+01
4.664701054687500346e+02,-1.073534524857679315e+02
4.664703984375000232e+02,-9.604314303698886590e+01
4.664706914062500118e+02,-1.067883829216842315e+02
4.664709843750000005e+02,-9.267663638491255540e+01
4.664712773437499891e+02,-9.423144109451932593e+01
4.664715703125000346e+02,-1.020238649086983855e+02
4.664718632812500232e+02,-1.051479924515137157e+02
4.664721562500000118e+02,-9.751780126936759530e+01
4.664724492187500005e+02,-9.989989845520884160e+01
4.664727421874999891e+02,-9.736980469969341812e+01
4.664730351562500346e+02,-9.050109654733383024e+01
4.664733281250000232e+02,-8.984845310238121385e+01
4.664736210937500118e+02,-9.409469025938659570e+01
4.664739140625000005e+02,-1.041388308237088012e+02
4.664742070312499891e+02,-1.025962918234500734e+02
4.664745000000000346e+02,-9.956862796336707788e+01
4.664747929687500232e+02,-1.025025099945368510e+02
4.664750859375000118e+02,-9.534080635373177870e+01
4.664753789062500005e+02,-9.340852237050212636e+01
4.664756718749999891e+02,-9.259776409791429330e+01
4.664759648437500346e+02,-9.446423105433872536e+01
4.664762578125000232e+02,-1.000237192704650511e+02
4.664765507812500118e+02,-1.057949534394610396e+02
4.664768437500000005e+02,-1.018001312981760975e+02
4.664771367187499891e+02,-1.106236250628547424e+02
4.664774296875000346e+02,-9.791602713921631107e+01
4.664777226562500232e+02,-9.304314318450414589e+01
4.664780156250000118e+02,-9.137894699066009707e+01
4.664783085937500005e+02,-9.007776128168735852e+01
4.664786015624999891e+02,-9.496531299347802246e+01
4.664788945312500346e+02,-9.767092684114876988e+01
4.664791875000000232e+02,-9.429688931093507165e+01
4.664794804687500118e+02,-9.202375879210495668e+01
4.664797734375000005e+02,-9.637919797772303809e+01
4.664800664062499891e+02,-9.733905719302424586e+01
4.664803593750000346e+02,-9.963402791226180000e+01
4.664806523437500232e+02,-9.905965603094176686e+01
4.664809453125000118e+02,-1.088576338654959983e+02
4.664812382812500005e+02,-9.348173896204995970e+01
4.664815312499999891e+02,-9.909703228440749001e+01
4.664818242187500346e+02,-1.018972568028447512e+02
4.664821171875000232e+02,-1.048641320080447201e+02
4.664824101562500118e+02,-9.650329307398709489e+01
4.664827031250000005e+02,-9.347332823140109781e+01
4.664829960937499891e+02,-9.174497756493806833e+01
4.664832890625000346e+02,-9.469811076827326701e+01
4.664835820312500232e+02,-1.003552534081173206e+02
4.664838750000000118e+02,-1.056519598969094744e+02
4.664841679687500005e+02,-9.892682769614238225e+01
4.664844609374999891e+02,-9.976946843754591043e+01
4.664847539062500346e+02,-9.734280834272709626e+01
4.664850468750000232e+02,-1.034383361960554168e+02
4.664853398437500118e+02,-1.065753835293956087e+02
4.664856328125000005e+02,-9.499527562948622972e+01
4.664859257812499891e+02,-8.983301805435559118e+01
4.664862187500000346e+02,-9.714626078947027565e+01
4.664865117187500232e+02,-9.670433887123132877e+01
4.664868046875000118e+02,-9.703689881420760344e+01
4.664870976562500005e+02,-9.853681995444677000e+01
4.664873906249999891e+02,-9.742112809839386500e+01
4.664876835937500346e+02,-1.020932569801799445e+02
4.664879765625000232e+02,-1.052165549349951021e+02
4.664882695312500118e+02,-1.006229239540439266e+02
4.664885625000000005e+02,-9.473082201263771651e+01
4.664888554687499891e+02,-9.904577280444945586e+01
4.664891484375000346e+02,-9.858218789527947479e+01
4.664894414062500232e+02,-9.410696891485258675e+01
4.664897343750000118e+02,-9.385867636192921282e+01
4.664900273437500005e+02,-9.557930341300999544e+01
4.664903203124999891e+02,-1.091218973972601844e+02
4.664906132812500346e+02,-1.038563423529561049e+02
4.664909062500000232e+02,-9.724322622922421999e+01
4.664911992187500118e+02,-9.483309653296413444e+01
4.664914921875000005e+02,-9.404060674411324783e+01
4.664917851562499891e+02,-1.028350828563171149e+02
4.664920781250000346e+02,-9.797832003760623820e+01
4.664923710937500232e+02,-9.561626456095252991e+01
4.664926640625000118e+02,-9.455150945968944143e+01
4.664929570312500005e+02,-9.327950927522017821e+01
4.664932499999999891e+02,-9.297808353314090368e+01
4.664935429687500346e+02,-9.285339843163704643e+01
4.664938359375000232e+02,-9.526357158662585789e+01
4.664941289062500118e+02,-1.010685683508218489e+02
4.664944218750000005e+02,-9.273499572484348619e+01
4.664947148437499891e+02,-1.012179121655265988e+02
4.664950078125000346e+02,-1.033720219223236683e+02
4.664953007812500232e+02,-1.022775611391214312e+02
4.664955937500000118e+02,-1.093403652503076842e+02
4.664958867187500005e+02,-1.028983755755981235e+02
4.664961796874999891e+02,-9.354065533178106762e+01
4.664964726562500346e+02,-9.219367625246422904e+01
4.664967656250000232e+02,-9.274271372291241278e+01
4.664970585937500118e+02,-9.058780414092210265e+01
4.664973515625000005e+02,-9.168743158518948633e+01
4.664976445312499891e+02,-9.214493559678685131e+01
4.664979375000000346e+02,-9.328053232247208371e+01
4.664982304687500232e+02,-9.694361990365612769e+01
4.664985234375000118e+02,-1.026897581190549005e+02
4.664988164062500005e+02,-9.672264224476325012e+01
4.664991093749999891e+02,-9.437412041667232643e+01
4.664994023437500346e+02,-9.720681952260230219e+01
4.664996953125000232e+02,-9.222899545724519044e+01
4.664999882812500118e+02,-9.315010440412197568e+01
4.665002812500000005e+02,-9.258299928386533395e+01
4.665005742187499891e+02,-9.454907035534660054e+01
4.665008671875000346e+02,-9.369265931859956709e+01
4.665011601562500232e+02,-9.364361556745322446e+01
4.665014531250000118e+02,-9.937920069378131416e+01
4.665017460937500005e+02,-1.000842329858668478e+02
4.665020390624999891e+02,-1.014024638719187834e+02
4.665023320312500346e+02,-1.045667791621975340e+02
4.665026250000000232e+02,-9.582685475788876772e+01
4.665029179687500118e+02,-9.144413728171819855e+01
4.665032109375000005e+02,-9.194768320598859646e+01
4.665035039062499891e+02,-9.317667376076151697e+01
4.665037968750000346e+02,-9.379523618754842573e+01
4.665040898437500232e+02,-9.241445967923881710e+01
4.665043828125000118e+02,-9.238577309005471250e+01
4.665046757812500005e+02,-9.947572832247543317e+01
4.665049687499999891e+02,-1.058179209397466849e+02
4.665052617187500346e+02,-1.036421908053167584e+02
4.665055546875000232e+02,-9.859716225776489296e+01
4.665058476562500118e+02,-9.835907411165331382e+01
4.665061406250000005e+02,-9.646964295146452173e+01
4.665064335937499891e+02,-1.003284696407732071e+02
4.665067265625000346e+02,-1.090857235603886721e+02
4.665070195312500232e+02,-9.658203503762814535e+01
4.665073125000000118e+02,-9.182613353748079987e+01
4.665076054687500005e+02,-9.823814774392857885e+01
4.665078984374999891e+02,-1.008581036620582125e+02
4.665081914062500346e+02,-1.110508058489320860e+02
4.665084843750000232e+02,-1.071163525282548790e+02
4.665087773437500118e+02,-9.585301818645289984e+01
4.665090703125000005e+02,-9.980526915751441663e+01
4.665093632812499891e+02,-1.106227420866947995e+02
4.665096562500000346e+02,-9.445607411777203311e+01
4.665099492187500232e+02,-9.043218800699727922e+01
4.665102421875000118e+02,-9.178715098461412936e+01
4.665105351562500005e+02,-9.518838165621926350e+01
4.665108281249999891e+02,-9.400397023748232073e+01
4.665111210937500346e+02,-1.037303801292847396e+02
4.665114140625000232e+02,-9.544765192831704326e+01
4.665117070312500118e+02,-1.064808159924285036e+02
4.665120000000000005e+02,-9.232752553880074231e+01
4.665122929687499891e+02,-9.497177610662598113e+01
4.665125859375000346e+02,-1.027534724380057582e+02
4.665128789062500232e+02,-9.643451607869748443e+01
4.665131718750000118e+02,-9.479689308417516713e+01
4.665134648437500005e+02,-9.551051328728792100e+01
4.665137578124999891e+02,-9.008065542692371253e+01
4.665140507812500346e+02,-9.374960627067829932e+01
4.665143437500000232e+02,-9.870604871803365654e+01
4.665146367187500118e+02,-1.059973312773319662e+02
4.665149296875000005e+02,-1.008613572368270184e+02
4.665152226562499891e+02,-9.638685944062399358e+01
4.665155156250000346e+02,-9.787013691694801309e+01
4.665158085937500232e+02,-9.508955204067223121e+01
4.665161015625000118e+02,-9.067429662780105559e+01
4.665163945312500005e+02,-9.217107391649855686e+01
4.665166874999999891e+02,-9.522042320284400319e+01
4.665169804687500346e+02,-9.431169265114459677e+01
4.665172734375000232e+02,-9.220287416882339926e+01
4.665175664062500118e+02,-9.345590201229111926e+01
4.665178593750000005e+02,-9.671508656048096952e+01
4.665181523437499891e+02,-9.549748075905182532e+01
4.665184453125000346e+02,-1.005668368554678551e+02
4.665187382812500232e+02,-1.022303255735699565e+02
4.665190312500000118e+02,-1.055567102138388691e+02
4.665193242187500005e+02,-1.085395652479159168e+02
4.665196171874999891e+02,-9.991900144848563059e+01
4.665199101562500346e+02,-9.286762617079858728e+01
4.665202031250000232e+02,-9.038880080810335471e+01
4.665204960937500118e+02,-9.285240594575668638e+01
4.665207890625000005e+02,-1.018039054254621476e+02
4.665210820312499891e+02,-9.858364060357820335e+01
4.665213750000000346e+02,-9.622997345913937295e+01
4.665216679687500232e+02,-9.407266104813825791e+01
4.665219609375000118e+02,-9.517343896265656156e+01
4.665222539062500005e+02,-1.031169182201194872e+02
4.665225468749999891e+02,-9.317463890255149295e+01
4.665228398437500346e+02,-9.649263307035283788e+01
4.665231328125000232e+02,-9.494140569629949766e+01
4.665234257812500118e+02,-9.106956405567149204e+01
4.665237187500000005e+02,-9.398901762296860340e+01
4.665240117187499891e+02,-9.401892179643641612e+01
4.665243046875000346e+02,-9.187140446373427949e+01
4.665245976562500232e+02,-9.424425880064399053e+01
4.665248906250000118e+02,-9.875943901546770576e+01
4.665251835937500005e+02,-1.000706473086177937e+02
4.665254765624999891e+02,-9.470946151756476183e+01
4.665257695312500346e+02,-1.002322794835750273e+02
4.665260625000000232e+02,-1.050579125858722023e+02
4.665263554687500118e+02,-9.631075326073323595e+01
4.665266484375000005e+02,-9.562637768013721029e+01
4.665269414062499891e+02,-9.108669155129057060e+01
4.665272343750000346e+02,-9.815533563502869185e+01
4.665275273437500232e+02,-9.600898735100867043e+01
4.665278203125000118e+02,-9.142302983550567319e+01
4.665281132812500005e+02,-8.993418075764621733e+01
4.665284062499999891e+02,-9.447751576685232067e+01
4.665286992187500346e+02,-9.834891694587375355e+01
4.665289921875000232e+02,-9.822788275654889389e+01
4.665292851562500118e+02,-9.558368982222432919e+01
4.665295781250000005e+02,-1.005363563074386377e+02
4.665298710937499891e+02,-9.656651259786515595e+01
4.665301640625000346e+02,-9.214845852848561947e+01
4.665304570312500232e+02,-9.130192264362401033e+01
4.665307500000000118e+02,-9.240334694001745675e+01
4.665310429687500005e+02,-9.631275195590649219e+01
4.665313359374999891e+02,-9.462174005594184223e+01
4.665316289062500346e+02,-9.382272003014820427e+01
4.665319218750000232e+02,-9.588350206832910771e+01
4.665322148437500118e+02,-9.476830999685405743e+01
4.665325078125000005e+02,-1.000977480272672722e+02
4.665328007812499891e+02,-1.002709921212027524e+02
4.665330937500000346e+02,-1.000025874200238150e+02
4.665333867187500232e+02,-1.020320966282737913e+02
4.665336796875000118e+02,-1.066393370880149689e+02
4.665339726562500005e+02,-9.748181805123815025e+01
4.665342656249999891e+02,-9.229862829764853416e+01
4.665345585937500346e+02,-9.107001190803077861e+01
4.665348515625000232e+02,-8.931990161612972656e+01
4.665351445312500118e+02,-9.042212513671854879e+01
4.665354375000000005e+02,-9.350963557566296913e+01
4.665357304687499891e+02,-9.358873138242431367e+01
4.665360234375000346e+02,-9.433358699700295347e+01
4.665363164062500232e+02,-9.539088836808591054e+01
4.665366093750000118e+02,-9.800437176727852773e+01
4.665369023437500005e+02,-1.052142370863228962e+02
4.665371953124999891e+02,-1.058842800196636631e+02
4.665374882812500346e+02,-1.050556013675366955e+02
4.665377812500000232e+02,-1.017025392950804985e+02
4.665380742187500118e+02,-1.063530906137856391e+02
4.665383671875000005e+02,-9.347437765864160042e+01
4.665386601562499891e+02,-9.349930065550260849e+01
4.665389531250000346e+02,-9.980446984587982229e+01
4.665392460937500232e+02,-1.070400907035153892e+02
4.665395390625000118e+02,-9.269838702589267143e+01
4.665398320312500005e+02,-9.062849351203612969e+01
4.665401249999999891e+02,-9.552296807070190710e+01
4.665404179687500346e+02,-9.622820319982066906e+01
4.665407109375000232e+02,-9.739587298871008159e+01
4.665410039062500118e+02,-9.771501334116074133e+01
4.665412968750000005e+02,-1.017572342216189156e+02
4.665415898437499891e+02,-9.791143949274234615e+01
4.665418828125000346e+02,-9.014352311597016865e+01
4.665421757812500232e+02,-9.076062076057368699e+01
4.665424687500000118e+02,-9.937004579283453154e+01
4.665427617187500005e+02,-1.002542606143201596e+02
4.665430546874999891e+02,-9.865492636279911665e+01
4.665433476562500346e+02,-9.885000688906677624e+01
4.665436406250000232e+02,-9.827248518083294471e+01
4.665439335937500118e+02,-1.062054979375943731e+02
4.665442265625000005e+02,-9.601454662322456102e+01
4.665445195312499891e+02,-9.310421821455555857e+01
4.665448125000000346e+02,-9.080705631960418600e+01
4.665451054687500232e+02,-9.140040093077041661e+01
4.665453984375000118e+02,-9.188004465813158106e+01
4.665456914062500005e+02,-9.301773332081364742e+01
4.665459843749999891e+02,-9.319232767617664592e+01
4.665462773437500346e+02,-9.170913491903725401e+01
4.665465703125000232e+02,-9.245555219376362288e+01
4.665468632812500118e+02,-9.774327489609379427e+01
4.665471562500000005e+02,-1.029480301896051486e+02
4.665474492187499891e+02,-9.628128298842050015e+01
4.665477421875000346e+02,-9.711293331733507728e+01
4.665480351562500232e+02,-9.721541275475510702e+01
4.665483281250000118e+02,-9.646915357530927793e+01
4.665486210937500005e+02,-1.023603798895910302e+02
4.665489140624999891e+02,-9.733845680880472173e+01
4.665492070312500346e+02,-9.736710547565523655e+01
4.665495000000000232e+02,-9.461223337997024885e+01
4.665497929687500118e+02,-9.840721717404910862e+01
4.665500859375000005e+02,-1.013526014637539276e+02
4.665503789062499891e+02,-1.008738540492425386e+02
4.665506718750000346e+02,-9.895160837555876299e+01
4.665509648437500232e+02,-9.559277112949922639e+01
4.665512578125000118e+02,-9.470009536260286609e+01
4.665515507812500005e+02,-9.464848215092432326e+01
4.665518437499999891e+02,-9.731383887270020239e+01
4.665521367187500346e+02,-9.277568734692027874e+01
4.665524296875000232e+02,-9.558104382297388213e+01
4.665527226562500118e+02,-9.561228610894745827e+01
4.665530156250000005e+02,-9.050181678038944710e+01
4.665533085937499891e+02,-9.423844420250750886e+01
4.665536015625000346e+02,-9.244871667938993198e+01
4.665538945312500232e+02,-8.831762003746497669e+01
4.665541875000000118e+02,-9.518146550180183851e+01
4.665544804687500005e+02,-9.593496549539649720e+01
4.665547734374999891e+02,-9.323074148799987881e+01
4.665550664062500346e+02,-9.948097603153681234e+01
4.665553593750000232e+02,-9.942753004063879985e+01
4.665556523437500118e+02,-9.627506865854275020e+01
4.665559453125000005e+02,-1.005105450162996021e+02
4.665562382812499891e+02,-1.000535115575388403e+02
4.665565312500000346e+02,-9.544971932121677582e+01
4.665568242187500232e+02,-9.230158606340431504e+01
4.665571171875000118e+02,-1.147824488459935992e+02
4.665574101562500005e+02,-1.007051583038668099e+02
4.665577031249999891e+02,-9.501968919363577015e+01
4.665579960937500346e+02,-9.189525774972125305e+01
4.665582890625000232e+02,-8.749615650688772917e+01
4.665585820312500118e+02,-8.967125239639057099e+01
4.665588750000000005e+02,-9.154482796303983605e+01
4.665591679687499891e+02,-9.107493683724635503e+01
4.665594609375000346e+02,-8.911577517799452153e+01
4.665597539062500232e+02,-9.046483658871031253e+01
4.665600468750000118e+02,-9.006053809721228731e+01
4.665603398437500005e+02,-9.787254566887276042e+01
4.665606328124999891e+02,-9.603143311586779873e+01
4.665609257812500346e+02,-9.695144958104077659e+01
4.665612187500000232e+02,-9.918348209978074692e+01
4.665615117187500118e+02,-9.752314559900931101e+01
4.665618046875000005e+02,-9.457028454545216789e+01
4.665620976562499891e+02,-8.754148429848088142e+01
4.665623906250000346e+02,-8.902911543054989352e+01
4.665626835937500232e+02,-9.182385575540698142e+01
4.665629765625000118e+02,-9.428490893001131212e+01
4.665632695312500005e+02,-9.835435685287835383e+01
4.665635624999999891e+02,-9.058422825093758490e+01
4.665638554687500346e+02,-8.795881046159551886e+01
4.665641484375000232e+02,-1.004726897345237688e+02
4.665644414062500118e+02,-1.133597401260030892e+02
4.665647343750000005e+02,-9.626979932272043072e+01
4.665650273437499891e+02,-9.429779845043846365e+01
4.665653203125000346e+02,-9.535747855571821674e+01
4.665656132812500232e+02,-9.137986146567611456e+01
4.665659062500000118e+02,-9.170494184875083477e+01
4.665661992187500005e+02,-8.956940410389798046e+01
4.665664921874999891e+02,-9.235342987876381926e+01
4.665667851562500346e+02,-1.058215606689626185e+02
4.665670781250000232e+02,-9.592228524094595343e+01
4.665673710937500118e+02,-9.978390027109669802e+01
4.665676640625000005e+02,-1.078933830119395196e+02
4.665679570312499891e+02,-9.437482325622936230e+01
4.665682500000000346e+02,-9.272565168334965335e+01
4.665685429687500232e+02,-9.251056886589347528e+01
4.665688359375000118e+02,-9.332022463904473852e+01
4.665691289062500005e+02,-9.119827019838120918e+01
4.665694218749999891e+02,-8.854263816607131332e+01
4.665697148437500346e+02,-9.045575060422217462e+01
4.665700078125000232e+02,-9.916251485590277071e+01
4.665703007812500118e+02,-9.886280718780413679e+01
4.665705937500000005e+02,-9.791963118886170037e+01
4.665708867187499891e+02,-9.539792100991260781e+01
4.665711796875000346e+02,-1.019237708085035763e+02
4.665714726562500232e+02,-9.561989815348481159e+01
4.665717656250000118e+02,-9.435980451293794147e+01
4.665720585937500005e+02,-1.036762853231432757e+02
4.665723515624999891e+02,-9.820708422692278816e+01
4.665726445312500346e+02,-9.091406486447489499e+01
4.665729375000000232e+02,-8.928720170315122573e+01
4.665732304687500118e+02,-9.285444902482987573e+01
4.665735234375000005e+02,-9.982334260800652714e+01
4.665738164062499891e+02,-1.043754058906091444e+02
4.665741093750000346e+02,-9.401720220173837106e+01
4.665744023437500232e+02,-9.185796567391230383e+01
4.665746953125000118e+02,-9.944128120843183183e+01
4.665749882812500005e+02,-9.467284390156120821e+01
4.665752812499999891e+02,-9.792375508240374415e+01
4.665755742187500346e+02,-9.590066595419105511e+01
4.665758671875000232e+02,-8.903364282463502377e+01
4.665761601562500118e+02,-9.513339688178169240e+01
4.665764531250000005e+02,-1.127103698873101791e+02
4.665767460937499891e+02,-9.651128696625748660e+01
4.665770390625000346e+02,-9.304692381436724702e+01
4.665773320312500232e+02,-9.829818460306509564e+01
4.665776250000000118e+02,-9.660809121656637899e+01
4.665779179687500005e+02,-9.226523207268606086e+01
4.665782109374999891e+02,-9.701806762766240411e+01
4.665785039062500346e+02,-9.180225364326091153e+01
4.665787968750000232e+02,-9.070448027810114411e+01
4.665790898437500118e+02,-9.268612588595146917e+01
4.665793828125000005e+02,-8.982050669016365418e+01
4.665796757812499891e+02,-9.346872244047092693e+01
4.665799687500000346e+02,-1.005097749523893782e+02
4.665802617187500232e+02,-9.482175137776008000e+01
4.665805546875000118e+02,-1.027363372171603828e+02
4.665808476562500005e+02,-9.581094542669008263e+01
4.665811406249999891e+02,-9.090231272362190396e+01
4.665814335937500346e+02,-9.146528478097053494e+01
4.665817265625000232e+02,-9.929913705508761268e+01
4.665820195312500118e+02,-9.290331204523313602e+01
4.665823125000000005e+02,-9.176542120451046003e+01
4.665826054687499891e+02,-1.081926762184102273e+02
4.665828984375000346e+02,-9.844245138021626929e+01
4.665831914062500232e+02,-9.492628450583418953e+01
4.665834843750000118e+02,-9.311515465533462077e+01
4.665837773437500005e+02,-9.658352681901904191e+01
4.665840703124999891e+02,-9.558996164856995392e+01
4.665843632812500346e+02,-9.626511496056380679e+01
4.665846562500000232e+02,-1.046485002624717424e+02
4.665849492187500118e+02,-1.023572503893788905e+02
4.665852421875000005e+02,-9.457088467234542861e+01
4.665855351562499891e+02,-8.836325913795539577e+01
4.665858281250000346e+02,-8.919518520355947544e+01
4.665861210937500232e+02,-9.095329584646609078e+01
4.665864140625000118e+02,-9.126772233690873293e+01
4.665867070312500005e+02,-9.369624338637200367e+01
4.665869999999999891e+02,-1.087610536997298993e+02
4.665872929687500346e+02,-9.208156102993135050e+01
4.665875859375000232e+02,-1.008451466730482764e+02
4.665878789062500118e+02,-9.244500451501028238e+01
4.665881718750000005e+02,-9.470376072145472790e+01
4.665884648437499891e+02,-9.624842608329745985e+01
4.665887578125000346e+02,-9.525876259053715955e+01
4.665890507812500232e+02,-1.033319308921979740e+02
4.665893437500000118e+02,-1.060927394931868974e+02
4.665896367187500005e+02,-1.000608107623178853e+02
4.665899296874999891e+02,-9.580123137148099488e+01
4.665902226562500346e+02,-9.860682290477292611e+01
4.665905156250000232e+02,-1.082261525767198549e+02
4.665908085937500118e+02,-9.667487943591821420e+01
4.665911015625000005e+02,-9.500513522334637173e+01
4.665913945312499891e+02,-9.746688270280026245e+01
4.665916875000000346e+02,-9.537467529482269413e+01
4.665919804687500232e+02,-8.929722830160521596e+01
4.665922734375000118e+02,-8.778318701918351508e+01
4.665925664062500005e+02,-9.428770770814536206e+01
4.665928593749999891e+02,-9.514586258241330086e+01
4.665931523437500346e+02,-1.007899367819114218e+02
4.665934453125000232e+02,-9.071258169702539931e+01
4.665937382812500118e+02,-9.176050540498215469e+01
4.665940312500000005e+02,-9.646019990994085447e+01
4.665943242187499891e+02,-1.016174162206969669e+02
4.665946171875000346e+02,-9.509764630620877313e+01
4.665949101562500232e+02,-9.655573701852284785e+01
4.665952031250000118e+02,-1.006638760245873101e+02
4.665954960937500005e+02,-1.018629319233338322e+02
4.665957890624999891e+02,-8.911795982360330015e+01
4.665960820312500346e+02,-8.821838988280222793e+01
4.665963750000000232e+02,-9.090219050891447239e+01
4.665966679687500118e+02,-9.278093605160634638e+01
4.665969609375000005e+02,-8.768610004867248620e+01
4.665972539062499891e+02,-8.877554312716478080e+01
4.665975468750000346e+02,-9.283331392585212427e+01
4.665978398437500232e+02,-1.056970684382401089e+02
4.665981328125000118e+02,-1.027037542225725133e+02
4.665984257812500005e+02,-9.840781735455041712e+01
4.665987187499999891e+02,-9.615547601287148893e+01
4.665990117187500346e+02,-9.835486053448427413e+01
4.665993046875000232e+02,-9.813510630242487309e+01
4.665995976562500118e+02,-9.795619753629691218e+01
4.665998906250000005e+02,-1.041020588156428204e+02
4.666001835937499891e+02,-1.060958547025261396e+02
4.666004765625000346e+02,-9.528177579762207472e+01
4.666007695312500232e+02,-9.463287749672731763e+01
4.666010625000000118e+02,-1.006331362859967271e+02
4.666013554687500005e+02,-9.182211303763034493e+01
4.666016484374999891e+02,-9.411885164817311988e+01
4.666019414062500346e+02,-9.381733478499670298e+01
4.666022343750000232e+02,-9.679256458713976485e+01
4.666025273437500118e+02,-9.135167842265261129e+01
4.666028203125000005e+02,-9.342858943822210449e+01
4.666031132812499891e+02,-8.953982694652739838e+01
4.666034062500000346e+02,-8.799306338222471879e+01
4.666036992187500232e+02,-9.049850560542013511e+01
4.666039921875000118e+02,-8.819346605263345396e+01
4.666042851562500005e+02,-8.897548936075311588e+01
4.666045781249999891e+02,-9.923873460120974244e+01
4.666048710937500346e+02,-9.379702010615589813e+01
4.666051640625000232e+02,-9.370381732864926505e+01
4.666054570312500118e+02,-9.836056357003378992e+01
4.666057500000000005e+02,-9.042648301207734107e+01
4.666060429687499891e+02,-9.241565709002729534e+01
4.666063359375000346e+02,-9.292114804688958429e+01
4.666066289062500232e+02,-9.402170135086456071e+01
4.666069218750000118e+02,-9.612185888719808702e+01
4.666072148437500005e+02,-8.791596550414377020e+01
4.666075078124999891e+02,-8.720417414747295481e+01
4.666078007812500346e+02,-8.616414864359194326e+01
4.666080937500000232e+02,-9.037748521937535884e+01
4.666083867187500118e+02,-1.001899353129624615e+02
4.666086796875000005e+02,-9.777204406399347647e+01
4.666089726562499891e+02,-9.288892421504002073e+01
4.666092656250000346e+02,-8.891804319564644743e+01
4.666095585937500232e+02,-9.064599930792992666e+01
4.666098515625000118e+02,-9.006151022771894077e+01
4.666101445312500005e+02,-9.150656500336906163e+01
4.666104374999999891e+02,-9.250170715595935178e+01
4.666107304687500346e+02,-9.371969044844193775e+01
4.666110234375000232e+02,-9.639781242867515232e+01
4.666113164062500118e+02,-9.657822558728025797e+01
4.666116093750000005e+02,-9.288291976494326718e+01
4.666119023437499891e+02,-9.047255809281676875e+01
4.666121953125000346e+02,-9.961210691354196456e+01
4.666124882812500232e+02,-9.452587589296430792e+01
4.666127812500000118e+02,-9.527471058544435323e+01
4.666130742187500005e+02,-9.816715014520232785e+01
4.666133671874999891e+02,-9.140386490105065320e+01
4.666136601562500346e+02,-9.116622496610533233e+01
4.666139531250000232e+02,-9.672824566770452748e+01
4.666142460937500118e+02,-9.358699011626221420e+01
4.666145390625000005e+02,-9.383326474839572029e+01
4.666148320312499891e+02,-9.181315800382428449e+01
4.666151250000000346e+02,-8.951098931692294514e+01
4.666154179687500232e+02,-8.752444236189212745e+01
4.666157109375000118e+02,-9.133213672176880493e+01
4.666160039062500005e+02,-1.003903540091796884e+02
4.666162968749999891e+02,-1.155570041368709013e+02
4.666165898437500346e+02,-9.595771846493823887e+01
4.666168828125000232e+02,-1.030707159839059415e+02
4.666171757812500118e+02,-9.027644264378686501e+01
4.666174687500000005e+02,-9.740826831520257656e+01
4.666177617187499891e+02,-1.020637780829577537e+02
4.666180546875000346e+02,-8.977132698760335927e+01
4.666183476562500232e+02,-8.979347029692156923e+01
4.666186406250000118e+02,-9.011739411673603684e+01
4.666189335937500005e+02,-9.047716296491002197e+01
4.666192265624999891e+02,-9.414114416276078146e+01
4.666195195312500346e+02,-9.607125716727280462e+01
4.666198125000000232e+02,-9.940689899339311353e+01
4.666201054687500118e+02,-9.921388741325289118e+01
4.666203984375000005e+02,-9.908080811546921041e+01
4.666206914062499891e+02,-9.297816251529319231e+01
4.666209843750000346e+02,-9.722918759506278263e+01
4.666212773437500232e+02,-9.778251330720573264e+01
4.666215703125000118e+02,-9.060046031503614472e+01
4.666218632812500005e+02,-8.991790609318820771e+01
4.666221562499999891e+02,-1.102881428211355797e+02
4.666224492187500346e+02,-9.092200751902268507e+01
4.666227421875000232e+02,-9.139166435723480220e+01
4.666230351562500118e+02,-9.761523702211559339e+01
4.666233281250000005e+02,-1.011213795510789595e+02
4.666236210937499891e+02,-1.000785595272733275e+02
4.666239140625000346e+02,-1.085741903815493288e+02
4.666242070312500232e+02,-9.674394757970944170e+01
4.666245000000000118e+02,-8.743161644904746765e+01
4.666247929687500005e+02,-8.949947319728339323e+01
4.666250859374999891e+02,-9.241349530984339822e+01
4.666253789062500346e+02,-9.835577081243145869e+01
4.666256718750000232e+02,-1.064413898964601799e+02
4.666259648437500118e+02,-9.959452237748023151e+01
4.666262578125000005e+02,-1.047737835647965881e+02
4.666265507812499891e+02,-1.112974444340379705e+02
4.666268437500000346e+02,-1.024448376180295952e+02
4.666271367187500232e+02,-9.489398723482695175e+01
4.666274296875000118e+02,-9.848295892143826791e+01
4.666277226562500005e+02,-9.683388839968986872e+01
4.666280156249999891e+02,-1.068349876016534665e+02
4.666283085937500346e+02,-9.077514817127055835e+01
4.666286015625000232e+02,-8.906605512369084465e+01
4.666288945312500118e+02,-9.296751040942359623e+01
4.666291875000000005e+02,-9.290499645611426160e+01
4.666294804687499891e+02,-9.900255620109896881e+01
4.666297734375000346e+02,-9.197237950357740033e+01
4.666300664062500232e+02,-9.556861564928846065e+01
4.666303593750000118e+02,-1.091801597478392978e+02
4.666306523437500005e+02,-1.159011096523790911e+02
4.666309453124999891e+02,-9.904826554212478129e+01
4.666312382812500346e+02,-9.334327615929119304e+01
4.666315312500000232e+02,-9.927450344040197194e+01
4.666318242187500118e+02,-1.003684078434481108e+02
4.666321171875000005e+02,-9.642659517164386784e+01
4.666324101562499891e+02,-9.857174045050061295e+01
4.666327031250000346e+02,-9.437796350801733070e+01
4.666329960937500232e+02,-9.592824642249597389e+01
4.666332890625000118e+02,-9.463103890747463254e+01
4.666335820312500005e+02,-8.992786008750742610e+01
4.666338749999999891e+02,-9.326012537436567129e+01
4.666341679687500346e+02,-9.471634956261637228e+01
4.666344609375000232e+02,-9.342063492351735476e+01
4.666347539062500118e+02,-9.458401717395858554e+01
4.666350468750000005e+02,-9.294690854139467717e+01
4.666353398437499891e+02,-8.818596475244213195e+01
4.666356328125000346e+02,-8.955891635480020341e+01
4.666359257812500232e+02,-9.400774606278945100e+01
4.666362187500000118e+02,-1.055018045156956106e+02
4.666365117187500005e+02,-9.532821293048066025e+01
4.666368046874999891e+02,-9.697893252583514823e+01
4.666370976562500346e+02,-1.075490026054978614e+02
4.666373906250000232e+02,-9.595727350348033724e+01
4.666376835937500118e+02,-9.894783357577041727e+01
4.666379765625000005e+02,-1.018781875490559514e+02
4.666382695312499891e+02,-9.452133185474055210e+01
4.666385625000000346e+02,-9.219465821793663451e+01
4.666388554687500232e+02,-9.520789946421015770e+01
4.666391484375000118e+02,-9.077808220566799946e+01
4.666394414062500005e+02,-9.006992298932249241e+01
4.666397343749999891e+02,-9.344666396403255249e+01
4.666400273437500346e+02,-9.504155670791908506e+01
4.666403203125000232e+02,-1.058798037428407497e+02
4.666406132812500118e+02,-9.115670007446991008e+01
4.666409062500000005e+02,-9.243454652744776467e+01
4.666411992187499891e+02,-9.278237566592099483e+01
4.666414921875000346e+02,-8.815157888985508805e+01
4.666417851562500232e+02,-8.899036889318652754e+01
4.666420781250000118e+02,-9.786325825654915889e+01
4.666423710937500005e+02,-9.466778827021856557e+01
4.666426640624999891e+02,-1.035436011502544176e+02
4.666429570312500346e+02,-9.365186754348094667e+01
4.666432500000000232e+02,-9.308162737628430250e+01
4.666435429687500118e+02,-9.682158128989820511e+01
4.666438359375000005e+02,-9.425005558489999657e+01
4.666441289062499891e+02,-9.428986161966872714e+01
4.666444218750000346e+02,-9.974075697175769051e+01
4.666447148437500232e+02,-1.011133361634180972e+02
4.666450078125000118e+02,-1.106511760191140183e+02
4.666453007812500005e+02,-1.025049809608002391e+02
4.666455937499999891e+02,-9.297225250331894131e+01
4.666458867187500346e+02,-9.714741681367506487e+01
4.666461796875000232e+02,-9.372467938603196558e+01
4.666464726562500118e+02,-9.262836166291913287e+01
4.666467656250000005e+02,-1.053562378382650166e+02
4.666470585937499891e+02,-1.071453289981462262e+02
4.666473515625000346e+02,-1.035303380001982703e+02
4.666476445312500232e+02,-8.756781167462654025e+01
4.666479375000000118e+02,-8.744551434745845597e+01
4.666482304687500005e+02,-9.445758409443226356e+01
4.666485234374999891e+02,-1.047302825541449351e+02
4.666488164062500346e+02,-9.753846735415979197e+01
4.666491093750000232e+02,-9.588175596261494604e+01
4.666494023437500118e+02,-9.845626321452985508e+01
4.666496953125000005e+02,-9.588623678183722632e+01
4.666499882812499891e+02,-9.996970529939756034e+01
4.666502812500000346e+02,-9.727029900598104462e+01
4.666505742187500232e+02,-9.469975258551960451e+01
4.666508671875000118e+02,-9.439375150345613008e+01
4.666511601562500005e+02,-1.014721433490585412e+02
4.666514531249999891e+02,-1.022121924242855187e+02
4.666517460937500346e+02,-9.892327763814243724e+01
4.666520390625000232e+02,-8.519998080339402691e+01
4.666523320312500118e+02,-8.608898535645329275e+01
4.666526250000000005e+02,-1.003894937476410689e+02
4.666529179687499891e+02,-1.002165922085039540e+02
4.666532109375000346e+02,-8.929449607500025365e+01
4.666535039062500232e+02,-9.019758054500331923e+01
4.666537968750000118e+02,-1.054241437477183467e+02
4.666540898437500005e+02,-9.661973163122867447e+01
4.666543828124999891e+02,-9.343623146028900806e+01
4.666546757812500346e+02,-9.423741714089614163e+01
4.666549687500000232e+02,-9.206233953113482471e+01
4.666552617187500118e+02,-9.196796068881822350e+01
4.666555546875000005e+02,-9.303254368921682271e+01
4.666558476562499891e+02,-9.142505865537715692e+01
4.666561406250000346e+02,-8.629713484611080787e+01
4.666564335937500232e+02,-8.723989280565044169e+01
4.666567265625000118e+02,-9.231277004888775650e+01
4.666570195312500005e+02,-9.429188329931065482e+01
4.666573124999999891e+02,-1.036959315063852500e+02
4.666576054687500346e+02,-9.926405038363597555e+01
4.666578984375000232e+02,-1.010347529549408705e+02
4.666581914062500118e+02,-8.969427797480500431e+01
4.666584843750000005e+02,-8.699665269623027086e+01
4.666587773437499891e+02,-8.707766807949107601e+01
4.666590703125000346e+02,-8.905818689637568752e+01
4.666593632812500232e+02,-9.444316597057209606e+01
4.666596562500000118e+02,-9.440408166239456023e+01
4.666599492187500005e+02,-9.227829724150006996e+01
4.666602421874999891e+02,-9.233409228463284535e+01
4.666605351562500346e+02,-9.578490424972592621e+01
4.666608281250000232e+02,-9.572667570133397419e+01
4.666611210937500118e+02,-9.417263785970233414e+01
4.666614140625000005e+02,-8.816415816762892632e+01
4.666617070312499891e+02,-9.560430444736886102e+01
4.666620000000000346e+02,-9.439382974578707319e+01
4.666622929687500232e+02,-9.013978865854220146e+01
4.666625859375000118e+02,-9.052854156084150361e+01
4.666628789062500005e+02,-9.476184529042959070e+01
4.666631718749999891e+02,-1.042295265996091018e+02
4.666634648437500346e+02,-9.767289741300845662e+01
4.666637578125000232e+02,-1.015792782218508563e+02
4.666640507812500118e+02,-9.752586639554202463e+01
4.666643437500000005e+02,-9.674566655129680726e+01
4.666646367187499891e+02,-9.762177340448855034e+01
4.666649296875000346e+02,-1.034681060383116744e+02
4.666652226562500232e+02,-1.033314227931414706e+02
4.666655156250000118e+02,-9.601514539735990184e+01
4.666658085937500005e+02,-9.465372457741966628e+01
4.666661015624999891e+02,-8.989907762556597959e+01
4.666663945312500346e+02,-8.772025656391687676e+01
4.666666875000000232e+02,-8.990151185631731323e+01
4.666669804687500118e+02,-9.845794266771764569e+01
4.666672734375000005e+02,-1.001295906727008713e+02
4.666675664062499891e+02,-9.096129845450492724e+01
4.666678593750000346e+02,-9.562151189200770318e+01
4.666681523437500232e+02,-1.026501883089418499e+02
4.666684453125000118e+02,-9.455688874794381604e+01
4.666687382812500005e+02,-9.355702460508626928e+01
4.666690312499999891e+02,-9.476245272070549674e+01
4.666693242187500346e+02,-8.976036334359710622e+01
4.666696171875000232e+02,-8.883620881449070339e+01
4.666699101562500118e+02,-9.731147422047214945e+01
4.666702031250000005e+02,-1.110333336030090550e+02
4.666704960937499891e+02,-1.020889466607699774e+02
4.666707890625000346e+02,-9.355113571851654797e+01
4.666710820312500232e+02,-9.874463348523754291e+01
4.666713750000000118e+02,-9.736142320646314374e+01
4.666716679687500005e+02,-1.074554298326163178e+02
4.666719609374999891e+02,-1.040401460223163497e+02
4.666722539062500346e+02,-9.738918571665610102e+01
4.666725468750000232e+02,-9.591777433370535277e+01
4.666728398437500118e+02,-8.943754218842514092e+01
4.666731328125000005e+02,-9.033655834468645196e+01
4.666734257812499891e+02,-9.605337667949568470e+01
4.666737187500000346e+02,-1.003563578220217778e+02
4.666740117187500232e+02,-8.895928726655375840e+01
4.666743046875000118e+02,-8.832092969291022655e+01
4.666745976562500005e+02,-1.051284671375646127e+02
4.666748906249999891e+02,-9.588435542770581321e+01
4.666751835937500346e+02,-9.595612547801766823e+01
4.666754765625000232e+02,-9.716086684337739143e+01
4.666757695312500118e+02,-9.437412132018025090e+01
4.666760625000000005e+02,-8.598704106415945603e+01
4.666763554687499891e+02,-9.101189445351363361e+01
4.666766484375000346e+02,-9.875216096008564648e+01
4.666769414062500232e+02,-9.946361874643757517e+01
4.666772343750000118e+02,-9.423824703216668297e+01
4.666775273437500005e+02,-9.863373681695384221e+01
4.666778203124999891e+02,-8.777292701919029128e+01
4.666781132812500346e+02,-8.820070416302279170e+01
4.666784062500000232e+02,-9.294998732097121774e+01
4.666786992187500118e+02,-1.094822715536239599e+02
4.666789921875000005e+02,-9.209946409278245483e+01
4.666792851562499891e+02,-9.209582233076687885e+01
4.666795781250000346e+02,-9.661437494566412454e+01
4.666798710937500232e+02,-9.447186197033106225e+01
4.666801640625000118e+02,-9.186119861142833543e+01
4.666804570312500005e+02,-9.045039641261067231e+01
4.666807499999999891e+02,-9.053898295751108094e+01
4.666810429687500346e+02,-9.925796398862992476e+01
4.666813359375000232e+02,-9.623281715739521758e+01
4.666816289062500118e+02,-8.970359401460507343e+01
4.666819218750000005e+02,-9.222648149083093472e+01
4.666822148437499891e+02,-9.693937280427437031e+01
4.666825078125000346e+02,-9.775398159738156778e+01
4.666828007812500232e+02,-9.854784114198680811e+01
4.666830937500000118e+02,-9.975040458154890644e+01
4.666833867187500005e+02,-1.042557268010305052e+02
4.666836796874999891e+02,-9.704273695258720522e+01
4.666839726562500346e+02,-9.290417417123211408e+01
4.666842656250000232e+02,-8.990031278099115752e+01
4.666845585937500118e+02,-9.119373163800324278e+01
4.666848515625000005e+02,-9.472485823978045971e+01
4.666851445312499891e+02,-1.041623967948833922e+02
4.666854375000000346e+02,-9.875031929692323729e+01
4.666857304687500232e+02,-9.204464244638467108e+01
4.666860234375000118e+02,-8.986871253497193379e+01
4.666863164062500005e+02,-1.012810427944614560e+02
4.666866093749999891e+02,-1.043919067118817452e+02
4.666869023437500346e+02,-9.922259820969463817e+01
4.666871953125000232e+02,-9.531361934132341673e+01
4.666874882812500118e+02,-9.859869789566870679e+01
4.666877812500000005e+02,-9.481849629271647473e+01
4.666880742187499891e+02,-9.309873520218117449e+01
4.666883671875000346e+02,-8.956779639392726722e+01
4.666886601562500232e+02,-8.980917110760280764e+01
4.666889531250000118e+02,-9.835967596333441065e+01
4.666892460937500005e+02,-9.546141819411198526e+01
4.666895390624999891e+02,-1.035568313777852723e+02
4.666898320312500346e+02,-9.157781225233129874e+01
4.666901250000000232e+02,-9.334585052695530294e+01
4.666904179687500118e+02,-9.647585206445684491e+01
4.666907109375000005e+02,-9.393894444317048453e+01
4.666910039062499891e+02,-1.003420297595544923e+02
4.666912968750000346e+02,-9.413183520402937177e+01
4.666915898437500232e+02,-9.466385281625622383e+01
4.666918828125000118e+02,-8.890157064259460640e+01
4.666921757812500005e+02,-8.684849029837741341e+01
4.666924687499999891e+02,-8.924976690057205531e+01
4.666927617187500346e+02,-9.955659270886391710e+01
4.666930546875000232e+02,-9.118317466833676121e+01
4.666933476562500118e+02,-8.732934069200412353e+01
4.666936406250000005e+02,-8.855139680673921987e+01
4.666939335937499891e+02,-9.045731059423994225e+01
4.666942265625000346e+02,-8.691229095994410159e+01
4.666945195312500232e+02,-9.064360655257374333e+01
4.666948125000000118e+02,-9.044693388341769946e+01
4.666951054687500005e+02,-9.065145973083764375e+01
4.666953984374999891e+02,-1.093392426586341344e+02
4.666956914062500346e+02,-9.486775218106893703e+01
4.666959843750000232e+02,-9.448644141068021440e+01
4.666962773437500118e+02,-1.025260110452990006e+02
4.666965703125000005e+02,-9.037876969651162540e+01
4.666968632812499891e+02,-9.304442054098058179e+01
4.666971562500000346e+02,-1.009399565452679326e+02
4.666974492187500232e+02,-9.316703856065637979e+01
4.666977421875000118e+02,-9.387325719385486877e+01
4.666980351562500005e+02,-9.691387813019319708e+01
4.666983281249999891e+02,-9.019273042248377692e+01
4.666986210937500346e+02,-8.722880387464724095e+01
4.666989140625000232e+02,-9.126472721602921467e+01
4.666992070312500118e+02,-9.249885470513243035e+01
4.666995000000000005e+02,-1.018980280868804158e+02
4.666997929687499891e+02,-9.846090411776606288e+01
4.667000859375000346e+02,-9.690809694184761725e+01
4.667003789062500232e+02,-9.792169806376580254e+01
4.667006718750000118e+02,-9.023529078680441273e+01
4.667009648437500005e+02,-8.991909836166826153e+01
4.667012578124999891e+02,-8.912801010504047383e+01
4.667015507812500346e+02,-1.084653009439693108e+02
4.667018437500000232e+02,-9.327860496732679962e+01
4.667021367187500118e+02,-9.135335316710128950e+01
4.667024296875000005e+02,-9.444123671425208499e+01
4.667027226562499891e+02,-1.069711929547612073e+02
4.667030156250000346e+02,-9.498139473542791222e+01
4.667033085937500232e+02,-9.143964242240927831e+01
4.667036015625000118e+02,-9.201176083538132389e+01
4.667038945312500005e+02,-9.018817177479763814e+01
4.667041874999999891e+02,-8.753743489648202569e+01
4.667044804687500346e+02,-8.964467528498134641e+01
4.667047734375000232e+02,-8.997077702114425790e+01
4.667050664062500118e+02,-8.612490932585757264e+01
4.667053593750000005e+02,-8.737533227836433980e+01
4.667056523437499891e+02,-9.014433965333932974e+01
4.667059453125000346e+02,-9.268354579162027562e+01
4.667062382812500232e+02,-9.623370017842796642e+01
4.667065312500000118e+02,-9.523354475232041239e+01
4.667068242187500005e+02,-9.626931019772905529e+01
4.667071171874999891e+02,-9.046857823278911326e+01
4.667074101562500346e+02,-1.051552524074225090e+02
4.667077031250000232e+02,-8.940898694702637783e+01
4.667079960937500118e+02,-9.256142106275726178e+01
4.667082890625000005e+02,-9.847268265581578817e+01
4.667085820312499891e+02,-1.010515772730203565e+02
4.667088750000000346e+02,-9.303915198197984182e+01
4.667091679687500232e+02,-9.185691122139429865e+01
4.667094609375000118e+02,-9.092524854581859017e+01
4.667097539062500005e+02,-8.895958153689521453e+01
4.667100468749999891e+02,-9.772485360458377102e+01
4.667103398437500346e+02,-1.044384164148836902e+02
4.667106328125000232e+02,-9.844034853406407137e+01
4.667109257812500118e+02,-9.824459189533422432e+01
4.667112187500000005e+02,-9.882495358715155476e+01
4.667115117187499891e+02,-9.013073542445482644e+01
4.667118046875000346e+02,-9.089536350336489079e+01
4.667120976562500232e+02,-9.827365856498627750e+01
4.667123906250000118e+02,-9.631597814984391448e+01
4.667126835937500005e+02,-9.878892593835900016e+01
4.667129765624999891e+02,-9.656988322955079695e+01
4.667132695312500346e+02,-9.251308120654002209e+01
4.667135625000000232e+02,-9.338529669388366017e+01
4.667138554687500118e+02,-9.474274027830736600e+01
4.667141484375000005e+02,-8.890753910800079041e+01
4.667144414062499891e+02,-8.841659149467642465e+01
4.667147343750000346e+02,-9.279509366230769274e+01
4.667150273437500232e+02,-9.249929502768038958e+01
4.667153203125000118e+02,-8.925223693824921156e+01
4.667156132812500005e+02,-9.050738946531909335e+01
4.667159062499999891e+02,-9.127814999984879307e+01
4.667161992187500346e+02,-9.164998105152457697e+01
4.667164921875000232e+02,-9.745387875753236528e+01
4.667167851562500118e+02,-9.411230303919465712e+01
4.667170781250000005e+02,-1.067672219332210801e+02
4.667173710937499891e+02,-9.321301453410330851e+01
4.667176640625000346e+02,-9.026816401339618778e+01
4.667179570312500232e+02,-9.504073069625705728e+01
4.667182500000000118e+02,-9.532171808319662887e+01
4.667185429687500005e+02,-9.372297028385317219e+01
4.667188359374999891e+02,-9.433326504793444656e+01
4.667191289062500346e+02,-1.046925512243303729e+02
4.667194218750000232e+02,-9.043205494066413053e+01
4.667197148437500118e+02,-9.287304516221610129e+01
4.667200078125000005e+02,-9.542489185334633817e+01
4.667203007812499891e+02,-1.011210352163584361e+02
4.667205937500000346e+02,-1.003553266316961299e+02
4.667208867187500232e+02,-9.212521684368915942e+01
4.667211796875000118e+02,-8.859074980649795350e+01
4.667214726562500005e+02,-8.903833512893525892e+01
4.667217656249999891e+02,-9.472504570047981076e+01
4.667220585937500346e+02,-9.879154741244603599e+01
4.667223515625000232e+02,-9.860554774246540433e+01
4.667226445312500118e+02,-1.086423696264540126e+02
4.667229375000000005e+02,-9.610000990436085999e+01
4.667232304687499891e+02,-9.150536138397363572e+01
4.667235234375000346e+02,-9.418981273558978273e+01
4.667238164062500232e+02,-1.003967226691261203e+02
4.667241093750000118e+02,-9.324964258419910834e+01
4.667244023437500005e+02,-9.053625060938379931e+01
4.667246953124999891e+02,-8.769275374690838021e+01
4.667249882812500346e+02,-9.496878506592017288e+01
4.667252812500000232e+02,-9.497730574310010354e+01
4.667255742187500118e+02,-9.222924487388603154e+01
4.667258671875000005e+02,-9.039520934951200104e+01
4.667261601562499891e+02,-9.195176398273923724e+01
4.667264531250000346e+02,-8.737679386523052472e+01
4.667267460937500232e+02,-1.039656041384883878e+02
4.667270390625000118e+02,-9.562220553345335361e+01
4.667273320312500005e+02,-9.940106984323224992e+01
4.667276249999999891e+02,-9.005199048583992294e+01
4.667279179687500346e+02,-8.596459914888293952e+01
4.667282109375000232e+02,-8.786157876960275814e+01
4.667285039062500118e+02,-9.396584945833174629e+01
4.667287968750000005e+02,-9.691814435701340358e+01
4.667290898437499891e+02,-9.439097998595113381e+01
4.667293828125000346e+02,-9.772832556651709979e+01
4.667296757812500232e+02,-9.077801498486002174e+01
4.667299687500000118e+02,-8.750180471509841595e+01
4.667302617187500005e+02,-8.888313144658532394e+01
4.667305546874999891e+02,-9.016450293441691599e+01
4.667308476562500346e+02,-8.699780697174965383e+01
4.667311406250000232e+02,-8.468655666718298392e+01
4.667314335937500118e+02,-9.616457962823275807e+01
4.667317265625000005e+02,-9.852237102111475053e+01
4.667320195312499891e+02,-9.568583475542658334e+01
4.667323125000000346e+02,-9.133669272611733447e+01
4.667326054687500232e+02,-9.317682889383610245e+01
4.667328984375000118e+02,-1.009087410286425097e+02
4.667331914062500005e+02,-9.962262881651631119e+01
4.667334843749999891e+02,-9.569850371500395170e+01
4.667337773437500346e+02,-9.878888063127648422e+01
4.667340703125000232e+02,-9.767013676988293014e+01
4.667343632812500118e+02,-8.703117181608243413e+01
4.667346562500000005e+02,-9.061873870326296299e+01
4.667349492187499891e+02,-9.322502781440564945e+01
4.667352421875000346e+02,-8.714240131965482306e+01
4.667355351562500232e+02,-9.028548092681171511e+01
4.667358281250000118e+02,-9.559557235801321440e+01
4.667361210937500005e+02,-9.062621785598720692e+01
4.667364140624999891e+02,-9.012671007424644642e+01
4.667367070312500346e+02,-8.887378485071295131e+01
4.667370000000000232e+02,-9.733869948756485257e+01
4.667372929687500118e+02,-8.454335379403161710e+01
4.667375859375000005e+02,-8.271133659989546061e+01
4.667378789062499891e+02,-8.629953718205288737e+01
4.667381718750000346e+02,-8.947567129483852000e+01
4.667384648437500232e+02,-9.794925506508840840e+01
4.667387578125000118e+02,-9.290542562676493787e+01
4.667390507812500005e+02,-9.200763693677126298e+01
4.667393437499999891e+02,-9.204436695270157998e+01
4.667396367187500346e+02,-9.730375790242069911e+01
4.667399296875000232e+02,-9.228534334615855528e+01
4.667402226562500118e+02,-8.967028051788710741e+01
4.667405156250000005e+02,-9.469405798569468402e+01
4.667408085937499891e+02,-9.804369121464149828e+01
4.667411015625000346e+02,-9.086502540946429463e+01
4.667413945312500232e+02,-9.616228183971603016e+01
4.667416875000000118e+02,-9.722049168612386438e+01
4.667419804687500005e+02,-9.774964384296069397e+01
4.667422734374999891e+02,-9.191770906953246367e+01
4.667425664062500346e+02,-9.491653825055752236e+01
4.667428593750000232e+02,-8.965282474430065918e+01
4.667431523437500118e+02,-9.118856668038567648e+01
4.667434453125000005e+02,-9.224802230927606672e+01
4.667437382812499891e+02,-9.541951842806457762e+01
4.667440312500000346e+02,-9.018671359205150395e+01
4.667443242187500232e+02,-1.064332116218917008e+02
4.667446171875000118e+02,-9.426696352406298729e+01
4.667449101562500005e+02,-1.066109843056713942e+02
4.667452031249999891e+02,-9.690808370892963808e+01
4.667454960937500346e+02,-9.499199427405264373e+01
4.667457890625000232e+02,-9.790984394675193414e+01
4.667460820312500118e+02,-1.132080411952581471e+02
4.667463750000000005e+02,-1.050797108678437155e+02
4.667466679687499891e+02,-1.047016961412047920e+02
4.667469609375000346e+02,-1.039208728220095281e+02
4.667472539062500232e+02,-9.350205837462110026e+01
4.667475468750000118e+02,-9.467863536876490116e+01
4.667478398437500005e+02,-9.487036750546036501e+01
4.667481328124999891e+02,-1.046299894979092215e+02
4.667484257812500346e+02,-9.411863887327866962e+01
4.667487187500000232e+02,-9.827680487004407439e+01
4.667490117187500118e+02,-1.048867282735584183e+02
4.667493046875000005e+02,-1.040179590704028243e+02
4.667495976562499891e+02,-9.553434967711241654e+01
4.667498906250000346e+02,-9.433120304882898211e+01
4.667501835937500232e+02,-9.038408701638509513e+01
4.667504765625000118e+02,-9.380628765668718927e+01
4.667507695312500005e+02,-9.398445784904141931e+01
4.667510624999999891e+02,-9.411974762969818187e+01
4.667513554687500346e+02,-9.038647563523751671e+01
4.667516484375000232e+02,-9.545409805962420080e+01
4.667519414062500118e+02,-1.057848558104817585e+02
4.667522343750000005e+02,-9.406699735845995747e+01
4.667525273437499891e+02,-9.424471771731965930e+01
4.667528203125000346e+02,-9.758962435798798651e+01
4.667531132812500232e+02,-9.935249176036025176e+01
4.667534062500000118e+02,-9.291806450440121523e+01
4.667536992187500005e+02,-9.392367763345674803e+01
4.667539921874999891e+02,-9.221493518976362225e+01
4.667542851562500346e+02,-8.699396164425556321e+01
4.667545781250000232e+02,-9.411579594227846712e+01
4.667548710937500118e+02,-9.843397864479027248e+01
4.667551640625000005e+02,-9.755893919808613646e+01
4.667554570312499891e+02,-9.869840137203675567e+01
4.667557500000000346e+02,-9.561559373685398100e+01
4.667560429687500232e+02,-9.468867911550870531e+01
4.667563359375000118e+02,-9.107044334751518022e+01
4.667566289062500005e+02,-9.290614672314688960e+01
4.667569218749999891e+02,-9.570980949577092645e+01
4.667572148437500346e+02,-9.274504071516295767e+01
4.667575078125000232e+02,-9.262908592324323820e+01
4.667578007812500118e+02,-9.538115155965714109e+01
4.667580937500000005e+02,-9.011104712833427755e+01
4.667583867187499891e+02,-9.148126773006212886e+01
4.667586796875000346e+02,-8.900920698494036287e+01
4.667589726562500232e+02,-8.827168888023081195e+01
4.667592656250000118e+02,-8.796262796757348212e+01
4.667595585937500005e+02,-9.373840609534022406e+01
4.667598515624999891e+02,-9.972103759291863412e+01
4.667601445312500346e+02,-9.160156693835486408e+01
4.667604375000000232e+02,-1.010786411393662263e+02
4.667607304687500118e+02,-9.657862647836735448e+01
4.667610234375000005e+02,-8.961977161262622360e+01
4.667613164062499891e+02,-9.444307197041629820e+01
4.667616093750000346e+02,-9.485041373658626185e+01
4.667619023437500232e+02,-9.616315932306935110e+01
4.667621953125000118e+02,-9.346826831202024266e+01
4.667624882812500005e+02,-8.901856254579327299e+01
4.667627812499999891e+02,-8.946086628407931585e+01
4.667630742187500346e+02,-8.906854096004590815e+01
4.667633671875000232e+02,-9.706743774091754062e+01
4.667636601562500118e+02,-9.309165872400473063e+01
4.667639531250000005e+02,-9.385365791724552764e+01
4.667642460937499891e+02,-1.012793450982425156e+02
4.667645390625000346e+02,-1.011813903083691599e+02
4.667648320312500232e+02,-9.752089135255253893e+01
4.667651250000000118e+02,-9.788519195321413235e+01
4.667654179687500005e+02,-9.267702037645919688e+01
4.667657109374999891e+02,-8.753453545737697539e+01
4.667660039062500346e+02,-9.281668855761424197e+01
4.667662968750000232e+02,-1.051290086018252765e+02
4.667665898437500118e+02,-9.778199139353597502e+01
4.667668828125000005e+02,-9.774035184497458317e+01
4.667671757812499891e+02,-9.156247411250839718e+01
4.667674687500000346e+02,-9.527881110234383755e+01
4.667677617187500232e+02,-1.145262074358980300e+02
4.667680546875000118e+02,-1.022391040336839154e+02
4.667683476562500005e+02,-1.025353761341911110e+02
4.667686406249999891e+02,-8.959230295769381769e+01
4.667689335937500346e+02,-8.815644695740907366e+01
4.667692265625000232e+02,-9.453147388143648300e+01
4.667695195312500118e+02,-9.556243898587950980e+01
4.667698125000000005e+02,-9.594495660050866093e+01
4.667701054687499891e+02,-1.029147706757987777e+02
4.667703984375000346e+02,-9.707744651538922653e+01
4.667706914062500232e+02,-9.235190729246845365e+01
4.667709843750000118e+02,-8.937477445003864318e+01
4.667712773437500005e+02,-8.781659125233032626e+01
4.667715703124999891e+02,-9.752947019055733335e+01
4.667718632812500346e+02,-8.998974601482892410e+01
4.667721562500000232e+02,-9.024100281347421060e+01
4.667724492187500118e+02,-9.305296804140712652e+01
4.667727421875000005e+02,-9.459890514075888746e+01
4.667730351562499891e+02,-9.035186571348404527e+01
4.667733281250000346e+02,-9.240156716645796564e+01
4.667736210937500232e+02,-9.494250875232981457e+01
4.667739140625000118e+02,-8.946656122515010168e+01
4.667742070312500005e+02,-9.466764731561389112e+01
4.667744999999999891e+02,-1.011767021314708757e+02
4.667747929687500346e+02,-1.024519575283554218e+02
4.667750859375000232e+02,-9.290941207418681813e+01
4.667753789062500118e+02,-9.529297523449407947e+01
4.667756718750000005e+02,-9.068256965011798343e+01
4.667759648437499891e+02,-9.920804101611273040e+01
4.667762578125000346e+02,-9.985667768115938259e+01
4.667765507812500232e+02,-9.477969262047027144e+01
4.667768437500000118e+02,-8.955274962268967442e+01
4.667771367187500005e+02,-8.646939061995806242e+01
4.667774296874999891e+02,-9.163743540647783448e+01
4.667777226562500346e+02,-9.760871192271117991e+01
4.667780156250000232e+02,-9.394737200656501841e+01
4.667783085937500118e+02,-9.055058799428013572e+01
4.667786015625000005e+02,-8.772875987920374996e+01
4.667788945312499891e+02,-8.899917523411315301e+01
4.667791875000000346e+02,-9.573803045723241212e+01
4.667794804687500232e+02,-9.991117926584111331e+01
4.667797734375000118e+02,-8.826478941626847075e+01
4.667800664062500005e+02,-8.576709590722693122e+01
4.667803593749999891e+02,-9.087737108950810239e+01
4.667806523437500346e+02,-9.044415005618444070e+01
4.667809453125000232e+02,-1.081686410673256091e+02
4.667812382812500118e+02,-9.518241666184330541e+01
4.667815312500000005e+02,-8.865797660637832678e+01
4.667818242187499891e+02,-8.612543480426593590e+01
4.667821171875000346e+02,-9.487260860767986514e+01
4.667824101562500232e+02,-9.564834744913122222e+01
4.667827031250000118e+02,-9.923333348836129630e+01
4.667829960937500005e+02,-9.598077920134761598e+01
4.667832890624999891e+02,-9.207289988973285233e+01
4.667835820312500346e+02,-9.384676864735624235e+01
4.667838750000000232e+02,-9.620236397274040030e+01
4.667841679687500118e+02,-8.763794904788213103e+01
4.667844609375000005e+02,-9.153086024668400000e+01
4.667847539062499891e+02,-9.292236473071632474e+01
4.667850468750000346e+02,-8.587959387277793155e+01
4.667853398437500232e+02,-8.821085791388031794e+01
4.667856328125000118e+02,-9.247602976632876448e+01
4.667859257812500005e+02,-9.994628630921710055e+01
4.667862187499999891e+02,-9.951443371312778652e+01
4.667865117187500346e+02,-1.000751573123784510e+02
4.667868046875000232e+02,-8.714590724393232790e+01
4.667870976562500118e+02,-9.073502162346298405e+01
4.667873906250000005e+02,-1.014199785211259268e+02
4.667876835937499891e+02,-1.001160725271501519e+02
4.667879765625000346e+02,-9.280090226936471254e+01
4.667882695312500232e+02,-9.395135811844147611e+01
4.667885625000000118e+02,-1.014716960906195879e+02
4.667888554687500005e+02,-9.405920684931244580e+01
4.667891484374999891e+02,-9.341883906182358999e+01
4.667894414062500346e+02,-9.586820906721166580e+01
4.667897343750000232e+02,-9.563658581178380302e+01
4.667900273437500118e+02,-9.452134749773507849e+01
4.667903203125000005e+02,-1.032791906136411484e+02
4.667906132812499891e+02,-9.711238404607701113e+01
4.667909062500000346e+02,-9.054219366242178069e+01
4.667911992187500232e+02,-8.793894449876164288e+01
4.667914921875000118e+02,-8.928089794119287603e+01
4.667917851562500005e+02,-1.010483844598349634e+02
4.667920781249999891e+02,-9.007630369031278406e+01
4.667923710937500346e+02,-9.392811410812286965e+01
4.667926640625000232e+02,-1.007336062440967481e+02
4.667929570312500118e+02,-9.166426430187738106e+01
4.667932500000000005e+02,-8.964236457033273098e+01
4.667935429687499891e+02,-9.522989350076350945e+01
4.667938359375000346e+02,-8.979567342305773536e+01
4.667941289062500232e+02,-9.027736208818409125e+01
4.667944218750000118e+02,-9.762108172495854319e+01
4.667947148437500005e+02,-9.436432559720758206e+01
4.667950078124999891e+02,-9.449569709071822388e+01
4.667953007812500346e+02,-9.602683632925612756e+01
4.667955937500000232e+02,-8.794039410380626975e+01
4.667958867187500118e+02,-9.544678298008378192e+01
4.667961796875000005e+02,-1.073190958312641783e+02
4.667964726562499891e+02,-9.335190134018638730e+01
4.667967656250000346e+02,-1.014749895725634445e+02
4.667970585937500232e+02,-8.971953128577669645e+01
4.667973515625000118e+02,-8.869188070971360105e+01
4.667976445312500005e+02,-8.760827349143731624e+01
4.667979374999999891e+02,-8.855636898933049395e+01
4.667982304687500346e+02,-8.598171533004827438e+01
4.667985234375000232e+02,-8.467370718523646644e+01
4.667988164062500118e+02,-9.024726254361291922e+01
4.667991093750000005e+02,-1.013817886743112098e+02
4.667994023437499891e+02,-9.141864647292342738e+01
4.667996953125000346e+02,-8.388080506360567767e+01
4.667999882812500232e+02,-8.838538064492409774e+01
4.668002812500000118e+02,-9.511492994107592835e+01
4.668005742187500005e+02,-1.049503432450570699e+02
4.668008671874999891e+02,-9.748542674396723839e+01
4.668011601562500346e+02,-9.687711657268158660e+01
4.668014531250000232e+02,-1.010929024266393128e+02
4.668017460937500118e+02,-1.002903672348615487e+02
4.668020390625000005e+02,-9.594107690996671067e+01
4.668023320312499891e+02,-1.012209037130803466e+02
4.668026250000000346e+02,-9.812733591141544309e+01
4.668029179687500232e+02,-1.076324192300619131e+02
4.668032109375000118e+02,-9.521430231026701563e+01
4.668035039062500005e+02,-9.640740122421379965e+01
4.668037968749999891e+02,-9.476853716414484552e+01
4.668040898437500346e+02,-9.965820607774136874e+01
4.668043828125000232e+02,-9.394572225551819145e+01
4.668046757812500118e+02,-8.952905875796216151e+01
4.668049687500000005e+02,-8.900050807070482506e+01
4.668052617187499891e+02,-8.987204750749680215e+01
4.668055546875000346e+02,-9.024917693701073063e+01
4.668058476562500232e+02,-9.240333862281330823e+01
4.668061406250000118e+02,-8.893998915496001700e+01
4.668064335937500005e+02,-9.546909557395963475e+01
4.668067265624999891e+02,-8.973285882895893906e+01
4.668070195312500346e+02,-8.833109034867432285e+01
4.668073125000000232e+02,-9.681944514316833761e+01
4.668076054687500118e+02,-9.891455670726230665e+01
4.668078984375000005e+02,-9.572665492441754509e+01
4.668081914062499891e+02,-1.034745031396557238e+02
4.668084843750000346e+02,-9.547147222588696991e+01
4.668087773437500232e+02,-9.276976094630967395e+01
4.668090703125000118e+02,-9.924383034173372664e+01
4.668093632812500005e+02,-9.425444210964980130e+01
4.668096562499999891e+02,-9.765798289030108492e+01
4.668099492187500346e+02,-9.519949365081218673e+01
4.668102421875000232e+02,-1.001895180403032839e+02
4.668105351562500118e+02,-9.947666974512436866e+01
4.668108281250000005e+02,-9.124900701776461176e+01
4.668111210937499891e+02,-8.993586285716995121e+01
4.668114140625000346e+02,-1.000619498724686594e+02
4.668117070312500232e+02,-9.165593081905942086e+01
4.668120000000000118e+02,-9.476993693899844118e+01
4.668122929687500005e+02,-9.227454376155293403e+01
4.668125859374999891e+02,-9.028029163553105718e+01
4.668128789062500346e+02,-9.953407980899136476e+01
4.668131718750000232e+02,-9.812277406898860477e+01
4.668134648437500118e+02,-9.303523358555807476e+01
4.668137578125000005e+02,-9.298701920467900095e+01
4.668140507812499891e+02,-9.243264544973632724e+01
4.668143437500000346e+02,-9.249737450459967647e+01
4.668146367187500232e+02,-9.567262971784415981e+01
4.668149296875000118e+02,-9.633783008933455960e+01
4.668152226562500005e+02,-9.993250679025079819e+01
4.668155156249999891e+02,-9.263900603709105042e+01
4.668158085937500346e+02,-1.041649043181249681e+02
4.668161015625000232e+02,-9.907051476128071954e+01
4.668163945312500118e+02,-9.453209325198493218e+01
4.668166875000000005e+02,-9.619993706024271773e+01
4.668169804687499891e+02,-9.491596187344435975e+01
4.668172734375000346e+02,-9.147983503195219157e+01
4.668175664062500232e+02,-8.732382740597518023e+01
4.668178593750000118e+02,-9.696753256059710679e+01
4.668181523437500005e+02,-8.875866618898680827e+01
4.668184453124999891e+02,-8.851597365810664542e+01
4.668187382812500346e+02,-9.379797337271176616e+01
4.668190312500000232e+02,-9.543941697155207748e+01
4.668193242187500118e+02,-9.469624193340784757e+01
4.668196171875000005e+02,-9.594458410404175197e+01
4.668199101562499891e+02,-1.014323572265568316e+02
4.668202031250000346e+02,-9.446642313585529394e+01
4.668204960937500232e+02,-8.829140222469681021e+01
4.668207890625000118e+02,-8.564853093326379962e+01
4.668210820312500005e+02,-8.629294326912089730e+01
4.668213749999999891e+02,-8.897538154691696377e+01
4.668216679687500346e+02,-8.743327814278310939e+01
4.668219609375000232e+02,-8.797299892418530476e+01
4.668222539062500118e+02,-9.591004110318721132e+01
4.668225468750000005e+02,-9.936157716415314667e+01
4.668228398437499891e+02,-1.071771912083297877e+02
4.668231328125000346e+02,-9.267085599994585721e+01
4.668234257812500232e+02,-9.161802886883583597e+01
4.668237187500000118e+02,-1.092920449786677040e+02
4.668240117187500005e+02,-9.208296223163182503e+01
4.668243046874999891e+02,-8.874379374150927902e+01
4.668245976562500346e+02,-8.394873337725411488e+01
4.668248906250000232e+02,-8.274915349185718583e+01
4.668251835937500118e+02,-8.937098056738049934e+01
4.668254765625000005e+02,-1.038245362481710998e+02
4.668257695312499891e+02,-9.363210484138670608e+01
4.668260625000000346e+02,-8.727421423375908205e+01
4.668263554687500232e+02,-9.321222110913700476e+01
4.668266484375000118e+02,-8.648986673616840903e+01
4.668269414062500005e+02,-8.749466997413526315e+01
4.668272343749999891e+02,-9.266865434179749172e+01
4.668275273437500346e+02,-9.027810018865380925e+01
4.668278203125000232e+02,-9.067884956217419301e+01
4.668281132812500118e+02,-9.670722699866081484e+01
4.668284062500000005e+02,-9.776010549621796031e+01
4.668286992187499891e+02,-9.035652371704900077e+01
4.668289921875000346e+02,-8.974764672057614234e+01
4.668292851562500232e+02,-9.005865519636897432e+01
4.668295781250000118e+02,-9.162531394304937749e+01
4.668298710937500005e+02,-9.883219177659358934e+01
4.668301640624999891e+02,-8.956395521814246763e+01
4.668304570312500346e+02,-8.866429834955324907e+01
4.668307500000000232e+02,-9.179452034980585040e+01
4.668310429687500118e+02,-8.895844201152385722e+01
4.668313359375000005e+02,-9.656671826306148887e+01
4.668316289062499891e+02,-8.969741418179765446e+01
4.668319218750000346e+02,-9.207168573064677730e+01
4.668322148437500232e+02,-9.606766876131963784e+01
4.668325078125000118e+02,-9.428288850999197734e+01
4.668328007812500005e+02,-8.950133366743997954e+01
4.668330937499999891e+02,-8.857041655303484617e+01
4.668333867187500346e+02,-9.637549793543146848e+01
4.668336796875000232e+02,-8.720417362765087432e+01
4.668339726562500118e+02,-8.587998852675903549e+01
4.668342656250000005e+02,-9.603975692759576077e+01
4.668345585937499891e+02,-8.920414099301490296e+01
4.668348515625000346e+02,-8.767214689056075372e+01
4.668351445312500232e+02,-9.190460334543215026e+01
4.668354375000000118e+02,-9.288449935997869034e+01
4.668357304687500005e+02,-1.012999225835863939e+02
4.668360234374999891e+02,-9.119901526654319923e+01
4.668363164062500346e+02,-9.894133881476071224e+01
4.668366093750000232e+02,-9.782180401965946714e+01
4.668369023437500118e+02,-8.588499032913159681e+01
4.668371953125000005e+02,-8.936682991856918079e+01
4.668374882812499891e+02,-8.659021153025727813e+01
4.668377812500000346e+02,-8.693860368251897341e+01
4.668380742187500232e+02,-9.525890828497344387e+01
4.668383671875000118e+02,-9.033240375291589430e+01
4.668386601562500005e+02,-8.690492916438800819e+01
4.668389531249999891e+02,-8.434663930489271877e+01
4.668392460937500346e+02,-8.829629575760955618e+01
4.668395390625000232e+02,-9.180433425929894042e+01
4.668398320312500118e+02,-8.817477404038449151e+01
4.668401250000000005e+02,-8.920903522706872479e+01
4.668404179687499891e+02,-1.011689855064773838e+02
4.668407109375000346e+02,-9.183984009345604704e+01
4.668410039062500232e+02,-9.093571365290594599e+01
4.668412968750000118e+02,-9.484003514118197131e+01
4.668415898437500005e+02,-9.229236260498626621e+01
4.668418828124999891e+02,-9.405576222279350418e+01
4.668421757812500346e+02,-9.320033312454270913e+01
4.668424687500000232e+02,-8.990347489552918603e+01
4.668427617187500118e+02,-9.981385016960111045e+01
4.668430546875000005e+02,-9.170443991785241167e+01
4.668433476562499891e+02,-9.439203681689726011e+01
4.668436406250000346e+02,-1.025945014071547092e+02
4.668439335937500232e+02,-1.040855083163607873e+02
4.668442265625000118e+02,-8.706569507282019060e+01
4.668445195312500005e+02,-8.427072738287759535e+01
4.668448124999999891e+02,-9.308112670606791994e+01
4.668451054687500346e+02,-9.728797346112574473e+01
4.668453984375000232e+02,-9.491984367224175401e+01
4.668456914062500118e+02,-9.343793389342964417e+01
4.668459843750000005e+02,-9.538612484409377146e+01
4.668462773437499891e+02,-9.910322955861718697e+01
4.668465703125000346e+02,-9.483442828795377011e+01
4.668468632812500232e+02,-1.024561420653508748e+02
4.668471562500000118e+02,-8.754883694166875330e+01
4.668474492187500005e+02,-8.989079082940477861e+01
4.668477421874999891e+02,-9.241738351535647666e+01
4.668480351562500346e+02,-9.260882768274910859e+01
4.668483281250000232e+02,-9.431412801912628652e+01
4.668486210937500118e+02,-1.003854057222406340e+02
4.668489140625000005e+02,-1.017330729541784962e+02
4.668492070312499891e+02,-8.830400718157534357e+01
4.668495000000000346e+02,-8.379875269714969477e+01
4.668497929687500232e+02,-8.445521521528868902e+01
4.668500859375000118e+02,-9.274869151292287484e+01
4.668503789062500005e+02,-9.542862328820261553e+01
4.668506718749999891e+02,-9.807055568232109977e+01
4.668509648437500346e+02,-9.613765048893965570e+01
4.668512578125000232e+02,-9.194673302450402730e+01
4.668515507812500118e+02,-9.226391241553272948e+01
4.668518437500000005e+02,-1.018941685768479601e+02
4.668521367187499891e+02,-8.783149149996307870e+01
4.668524296875000346e+02,-9.062925964128864109e+01
4.668527226562500232e+02,-1.061926259104104986e+02
4.668530156250000118e+02,-9.667259860035956365e+01
4.668533085937500005e+02,-9.310396754094011840e+01
4.668536015624999891e+02,-1.033406611581194454e+02
4.668538945312500346e+02,-9.497423732213485437e+01
4.668541875000000232e+02,-9.357023784668271560e+01
4.668544804687500118e+02,-9.541769184554532046e+01
4.668547734375000005e+02,-9.755706007705802563e+01
4.668550664062499891e+02,-9.222555282252824327e+01
4.668553593750000346e+02,-1.041912861146840754e+02
4.668556523437500232e+02,-9.669190479030974927e+01
4.668559453125000118e+02,-1.021924313949089793e+02
4.668562382812500005e+02,-9.719588557891485436e+01
4.668565312499999891e+02,-9.416369041339018509e+01
4.668568242187500346e+02,-9.582668327883820325e+01
4.668571171875000232e+02,-9.138780583876095420e+01
4.668574101562500118e+02,-9.012743109482582327e+01
4.668577031250000005e+02,-9.214678447168024888e+01
4.668579960937499891e+02,-8.991806150766743144e+01
4.668582890625000346e+02,-9.416905862188701803e+01
4.668585820312500232e+02,-9.186673649319618562e+01
4.668588750000000118e+02,-8.631518954072733152e+01
4.668591679687500005e+02,-9.262558291673384758e+01
4.668594609374999891e+02,-9.625623987827387396e+01
4.668597539062500346e+02,-8.971470917686013991e+01
4.668600468750000232e+02,-8.807159206865281931e+01
4.668603398437500118e+02,-8.574801956893833221e+01
4.668606328125000005e+02,-8.310310138494389776e+01
4.668609257812499891e+02,-9.012656089797746972e+01
4.668612187500000346e+02,-9.186838679654614737e+01
4.668615117187500232e+02,-9.044189724720403945e+01
4.668618046875000118e+02,-9.694379479222180862e+01
4.668620976562500005e+02,-9.534676456877237172e+01
4.668623906249999891e+02,-9.603452061988875244e+01
4.668626835937500346e+02,-1.035274928926064177e+02
4.668629765625000232e+02,-9.326182742903350231e+01
4.668632695312500118e+02,-9.079507655480149708e+01
4.668635625000000005e+02,-9.785195890484948222e+01
4.668638554687499891e+02,-8.981608376438616403e+01
4.668641484375000346e+02,-9.551199813294087448e+01
4.668644414062500232e+02,-9.378681883496319927e+01
4.668647343750000118e+02,-9.585437835925554850e+01
4.668650273437500005e+02,-9.911140438989620804e+01
4.668653203124999891e+02,-9.889411005918505282e+01
4.668656132812500346e+02,-9.241684148829490653e+01
4.668659062500000232e+02,-1.186889952314879650e+02
4.668661992187500118e+02,-1.051042875618727521e+02
4.668664921875000005e+02,-9.376374560625207266e+01
4.668667851562499891e+02,-8.648748452708501588e+01
4.668670781250000346e+02,-8.286854571275938497e+01
4.668673710937500232e+02,-8.850530671928908077e+01
4.668676640625000118e+02,-9.946500875019772536e+01
4.668679570312500005e+02,-9.334475072631195758e+01
4.668682499999999891e+02,-9.622668484537825861e+01
4.668685429687500346e+02,-8.979545145791624350e+01
4.668688359375000232e+02,-9.338767198428593019e+01
4.668691289062500118e+02,-8.972826219778569623e+01
4.668694218750000005e+02,-8.605042438528360549e+01
4.668697148437499891e+02,-8.838146663495652433e+01
4.668700078125000346e+02,-9.343367900321217689e+01
4.668703007812500232e+02,-9.154042074094577686e+01
4.668705937500000118e+02,-9.398357207922799716e+01
4.668708867187500005e+02,-9.024453009190658292e+01
4.668711796874999891e+02,-8.803257655402292414e+01
4.668714726562500346e+02,-8.698165529929441675e+01
4.668717656250000232e+02,-8.722985121137566011e+01
4.668720585937500118e+02,-9.011538331470146090e+01
4.668723515625000005e+02,-9.020949071797959107e+01
4.668726445312499891e+02,-8.770542235124493402e+01
4.668729375000000346e+02,-8.604234480536089791e+01
4.668732304687500232e+02,-8.230224885755416153e+01
4.668735234375000118e+02,-8.513022863280818342e+01
4.668738164062500005e+02,-8.632762760781345435e+01
4.668741093749999891e+02,-9.007175926340227079e+01
4.668744023437500346e+02,-9.313910954135542397e+01
4.668746953125000232e+02,-9.007901364795216637e+01
4.668749882812500118e+02,-9.361219004656449272e+01
4.668752812500000005e+02,-8.935703559087157544e+01
4.668755742187499891e+02,-8.843152559612823893e+01
4.668758671875000346e+02,-1.137630045494173601e+02
4.668761601562500232e+02,-8.943197025098754693e+01
4.668764531250000118e+02,-9.395756779373343193e+01
4.668767460937500005e+02,-1.046319095787986271e+02
4.668770390624999891e+02,-1.041793588771944599e+02
4.668773320312500346e+02,-9.516083652943737548e+01
4.668776250000000232e+02,-8.742649850580399118e+01
4.668779179687500118e+02,-9.442225684792781237e+01
4.668782109375000005e+02,-9.617596284815772378e+01
4.668785039062499891e+02,-9.623210598180271802e+01
4.668787968750000346e+02,-9.127215989909481664e+01
4.668790898437500232e+02,-8.861944311732571578e+01
4.668793828125000118e+02,-8.704617740993397490e+01
4.668796757812500005e+02,-1.088769138808431762e+02
4.668799687499999891e+02,-9.238764871197457751e+01
4.668802617187500346e+02,-9.150326078189220880e+01
4.668805546875000232e+02,-9.412006855078263357e+01
4.668808476562500118e+02,-8.662942207136791239e+01
4.668811406250000005e+02,-8.539529975006759344e+01
4.668814335937499891e+02,-8.739994191452693428e+01
4.668817265625000346e+02,-9.472806332844280064e+01
4.668820195312500232e+02,-9.546647504168198850e+01
4.668823125000000118e+02,-9.073393625858626876e+01
4.668826054687500005e+02,-9.371472510293712332e+01
4.668828984374999891e+02,-9.586621225594483064e+01
4.668831914062500346e+02,-8.617825866597036111e+01
4.668834843750000232e+02,-8.501384989203485532e+01
4.668837773437500118e+02,-9.476030161669064000e+01
4.668840703125000005e+02,-1.073432391781791750e+02
4.668843632812499891e+02,-1.019750267117643006e+02
4.668846562500000346e+02,-9.414124109819789510e+01
4.668849492187500232e+02,-9.717151053247093273e+01
4.668852421875000118e+02,-9.820402680782756022e+01
4.668855351562500005e+02,-9.109191527993380078e+01
4.668858281249999891e+02,-8.991471732554342111e+01
4.668861210937500346e+02,-9.476824634128868752e+01
4.668864140625000232e+02,-9.595060308276144667e+01
4.668867070312500118e+02,-9.231925509130505247e+01
4.668870000000000005e+02,-8.947333304275643684e+01
4.668872929687499891e+02,-8.961178261029046155e+01
4.668875859375000346e+02,-9.354920642576257706e+01
4.668878789062500232e+02,-1.010453149398229868e+02
4.668881718750000118e+02,-1.071201450803088875e+02
4.668884648437500005e+02,-8.905289254493327178e+01
4.668887578124999891e+02,-8.979352505959936082e+01
4.668890507812500346e+02,-9.966241106258738114e+01
4.668893437500000232e+02,-9.537178747761163322e+01
4.668896367187500118e+02,-1.013711642016632481e+02
4.668899296875000005e+02,-9.051229479318681115e+01
4.668902226562499891e+02,-9.385146299195815800e+01
4.668905156250000346e+02,-9.658378776172015989e+01
4.668908085937500232e+02,-9.222588292430398837e+01
4.668911015625000118e+02,-9.009778737791447156e+01
4.668913945312500005e+02,-8.904274598961892195e+01
4.668916874999999891e+02,-9.167974669368391005e+01
4.668919804687500346e+02,-8.833694984294371011e+01
4.668922734375000232e+02,-9.616578731098412902e+01
4.668925664062500118e+02,-8.951744984275467232e+01
4.668928593750000005e+02,-9.199888521458788659e+01
4.668931523437499891e+02,-9.770190079465410804e+01
4.668934453125000346e+02,-9.043535354200921006e+01
4.668937382812500232e+02,-8.759022211444766981e+01
4.668940312500000118e+02,-9.326988877052144744e+01
4.668943242187500005e+02,-9.400955964024080913e+01
4.668946171874999891e+02,-9.383352747257586657e+01
4.668949101562500346e+02,-9.244705950461606392e+01
4.668952031250000232e+02,-8.803394285161509458e+01
4.668954960937500118e+02,-8.449109525652622210e+01
4.668957890625000005e+02,-8.397755918907665773e+01
4.668960820312499891e+02,-8.776411270698025646e+01
4.668963750000000346e+02,-9.017116548001830267e+01
4.668966679687500232e+02,-1.006560969278797302e+02
4.668969609375000118e+02,-1.020723694215053570e+02
4.668972539062500005e+02,-9.451014198599725091e+01
4.668975468749999891e+02,-9.118364672990942665e+01
4.668978398437500346e+02,-9.530698864247452207e+01
4.668981328125000232e+02,-8.902350567430264050e+01
4.668984257812500118e+02,-1.006144743695498676e+02
4.668987187500000005e+02,-8.853415435153434032e+01
4.668990117187499891e+02,-8.638240218155672778e+01
4.668993046875000346e+02,-9.658415659893069005e+01
4.668995976562500232e+02,-9.771052705061391919e+01
4.668998906250000118e+02,-9.367881438511327019e+01
4.669001835937500005e+02,-8.610735058228272010e+01
4.669004765624999891e+02,-8.498401789429330222e+01
4.669007695312500346e+02,-8.265670052979830018e+01
4.669010625000000232e+02,-7.888889446471712574e+01
4.669013554687500118e+02,-8.778181309805795252e+01
4.669016484375000005e+02,-8.987244579087011687e+01
4.669019414062499891e+02,-9.046826811515884970e+01
4.669022343750000346e+02,-9.203615251668962571e+01
4.669025273437500232e+02,-9.557611668771242819e+01
4.669028203125000118e+02,-9.598150936649994946e+01
4.669031132812500005e+02,-9.298128059768313847e+01
4.669034062499999891e+02,-9.032792681487012487e+01
4.669036992187500346e+02,-9.047080103989630118e+01
4.669039921875000232e+02,-1.116984841188281337e+02
4.669042851562500118e+02,-9.312809382927372326e+01
4.669045781250000005e+02,-9.199764985502159220e+01
4.669048710937499891e+02,-9.485478167679752914e+01
4.669051640625000346e+02,-9.530345371954430789e+01
4.669054570312500232e+02,-9.184881294051837131e+01
4.669057500000000118e+02,-1.142009139093702572e+02
4.669060429687500005e+02,-9.286638301501413650e+01
4.669063359374999891e+02,-9.135830633055562089e+01
4.669066289062500346e+02,-8.955598457949284352e+01
4.669069218750000232e+02,-9.299808401353523379e+01
4.669072148437500118e+02,-1.211470927427354525e+02
4.669075078125000005e+02,-1.028130015074723929e+02
4.669078007812499891e+02,-9.373079944184625845e+01
4.669080937500000346e+02,-9.140630448775196726e+01
4.669083867187500232e+02,-8.942884104932018374e+01
4.669086796875000118e+02,-8.781382551839817552e+01
4.669089726562500005e+02,-8.626636167531763988e+01
4.669092656249999891e+02,-8.897410560567945481e+01
4.669095585937500346e+02,-9.720136377711361320e+01
4.669098515625000232e+02,-9.230681269908131981e+01
4.669101445312500118e+02,-9.295481600448626125e+01
4.669104375000000005e+02,-9.539614035356855481e+01
4.669107304687499891e+02,-1.093234604072680582e+02
4.669110234375000346e+02,-9.668569844076830577e+01
4.669113164062500232e+02,-9.194558155590236481e+01
4.669116093750000118e+02,-9.113432363495248012e+01
4.669119023437500005e+02,-9.611486553784479270e+01
4.669121953124999891e+02,-1.021555647746928628e+02
4.669124882812500346e+02,-9.730386107176511246e+01
4.669127812500000232e+02,-9.614400327115818357e+01
4.669130742187500118e+02,-8.884313307034587126e+01
4.669133671875000005e+02,-9.130682347089788209e+01
4.669136601562499891e+02,-9.760152394442943091e+01
4.669139531250000346e+02,-9.615511096911511402e+01
4.669142460937500232e+02,-9.416069932316689517e+01
4.669145390625000118e+02,-8.762275837575427317e+01
4.669148320312500005e+02,-8.851402854742643456e+01
4.669151249999999891e+02,-1.145948308734967327e+02
4.669154179687500346e+02,-9.407106707178883198e+01
4.669157109375000232e+02,-9.015014618344704900e+01
4.669160039062500118e+02,-8.969760693800459705e+01
4.669162968750000005e+02,-8.784264388452163530e+01
4.669165898437499891e+02,-8.713967103421370552e+01
4.669168828125000346e+02,-1.011185305378619432e+02
4.669171757812500232e+02,-9.257323197515097490e+01
4.669174687500000118e+02,-8.998912779621157654e+01
4.669177617187500005e+02,-8.731065241132041876e+01
4.669180546874999891e+02,-9.573079869580175227e+01
4.669183476562500346e+02,-9.326770170834736007e+01
4.669186406250000232e+02,-9.026758756381896376e+01
4.669189335937500118e+02,-9.309320930674957140e+01
4.669192265625000005e+02,-9.098600257292798688e+01
4.669195195312499891e+02,-8.619886773260790847e+01
4.669198125000000346e+02,-8.700798815441513057e+01
4.669201054687500232e+02,-9.564431928037754460e+01
4.669203984375000118e+02,-1.008437092312253185e+02
4.669206914062500005e+02,-1.011510056298586449e+02
4.669209843749999891e+02,-9.168475991132771696e+01
4.669212773437500346e+02,-9.232702833455391556e+01
4.669215703125000232e+02,-9.748254713055509058e+01
4.669218632812500118e+02,-9.486061214783163109e+01
4.669221562500000005e+02,-9.034537749050406319e+01
4.669224492187499891e+02,-8.905822893325984069e+01
4.669227421875000346e+02,-8.782925540362079175e+01
4.669230351562500232e+02,-1.128672909439947318e+02
4.669233281250000118e+02,-9.256847864416670291e+01
4.669236210937500005e+02,-9.272647522175731183e+01
4.669239140624999891e+02,-8.751776071446485616e+01
4.669242070312500346e+02,-9.305747214031347880e+01
4.669245000000000232e+02,-9.190468011692527739e+01
4.669247929687500118e+02,-1.215913864663735069e+02
4.669250859375000005e+02,-8.706709755433891473e+01
4.669253789062499891e+02,-8.720882719456901100e+01
4.669256718750000346e+02,-8.829074873746451146e+01
4.669259648437500232e+02,-9.995253641695822466e+01
4.669262578125000118e+02,-9.205046712082234706e+01
4.669265507812500005e+02,-9.382892020717706316e+01
4.669268437499999891e+02,-9.233982097923032484e+01
4.669271367187500346e+02,-8.688533418693177168e+01
4.669274296875000232e+02,-1.005703559646849499e+02
4.669277226562500118e+02,-9.004559732163099284e+01
4.669280156250000005e+02,-8.779096626797452529e+01
4.669283085937499891e+02,-8.724252252896441462e+01
4.669286015625000346e+02,-9.665310780981013750e+01
4.669288945312500232e+02,-9.641810482151331030e+01
4.669291875000000118e+02,-8.883774155745774692e+01
4.669294804687500005e+02,-8.873845142304567446e+01
4.669297734374999891e+02,-8.794321636270048259e+01
4.669300664062500346e+02,-8.683867249081689010e+01
4.669303593750000232e+02,-8.495970210198919403e+01
4.669306523437500118e+02,-8.882664354785063665e+01
4.669309453125000005e+02,-1.062334163113463319e+02
4.669312382812499891e+02,-9.642255555819211565e+01
4.669315312500000346e+02,-9.525217861836453892e+01
4.669318242187500232e+02,-9.798809391986748096e+01
4.669321171875000118e+02,-8.835675284659555473e+01
4.669324101562500005e+02,-8.678908128751274376e+01
4.669327031249999891e+02,-8.982622310866145199e+01
4.669329960937500346e+02,-9.274002200781147565e+01
4.669332890625000232e+02,-9.265426360324271116e+01
4.669335820312500118e+02,-9.592819320490441726e+01
4.669338750000000005e+02,-9.534207313384158056e+01
4.669341679687499891e+02,-9.654274344473816427e+01
4.669344609375000346e+02,-9.131032270153484376e+01
4.669347539062500232e+02,-9.678523408397138894e+01
4.669350468750000118e+02,-9.427452814196294639e+01
4.669353398437500005e+02,-8.982028322473556159e+01
4.669356328124999891e+02,-8.566884151136122227e+01
4.669359257812500346e+02,-8.676441920632760230e+01
4.669362187500000232e+02,-8.421915180698215408e+01
4.669365117187500118e+02,-8.290000159898235665e+01
4.669368046875000005e+02,-8.513488889791524628e+01
4.669370976562499891e+02,-8.945875053111603847e+01
4.669373906250000346e+02,-1.037317606308459403e+02
4.669376835937500232e+02,-1.002099052165407613e+02
4.669379765625000118e+02,-8.909382382912031062e+01
4.669382695312500005e+02,-8.839163977982947529e+01
4.669385624999999891e+02,-9.057923346578857604e+01
4.669388554687500346e+02,-9.211620804708582000e+01
4.669391484375000232e+02,-9.016167923747801183e+01
4.669394414062500118e+02,-8.651590212838067373e+01
4.669397343750000005e+02,-8.779059853293526317e+01
4.669400273437499891e+02,-8.787905569833600339e+01
4.669403203125000346e+02,-8.750994163271143123e+01
4.669406132812500232e+02,-8.726960034611965966e+01
4.669409062500000118e+02,-9.085149800817202959e+01
4.669411992187500005e+02,-9.507516634586507109e+01
4.669414921874999891e+02,-9.073709121819511836e+01
4.669417851562500346e+02,-9.370073203188243838e+01
4.669420781250000232e+02,-8.850409114028479962e+01
4.669423710937500118e+02,-8.293912089861267134e+01
4.669426640625000005e+02,-8.719594136356819547e+01
4.669429570312499891e+02,-8.679331028143670324e+01
4.669432500000000346e+02,-8.341169126133743816e+01
4.669435429687500232e+02,-8.645841685766032469e+01
4.669438359375000118e+02,-9.580248110086763802e+01
4.669441289062500005e+02,-9.541671246586699340e+01
4.669444218749999891e+02,-9.367290788314583949e+01
4.669447148437500346e+02,-9.814197465038256496e+01
4.669450078125000232e+02,-9.389235219352805473e+01
4.669453007812500118e+02,-9.098933294677345884e+01
4.669455937500000005e+02,-9.124292137711327655e+01
4.669458867187499891e+02,-8.786204510803165135e+01
4.669461796875000346e+02,-8.831187123439967479e+01
4.669464726562500232e+02,-8.801035107023213300e+01
4.669467656250000118e+02,-8.727385170757243316e+01
4.669470585937500005e+02,-8.691326777700973594e+01
4.669473515624999891e+02,-9.012656253085918934e+01
4.669476445312500346e+02,-8.838267536329355778e+01
4.669479375000000232e+02,-8.435978124200340744e+01
4.669482304687500118e+02,-8.940483642002379838e+01
4.669485234375000005e+02,-8.877022975223312073e+01
4.669488164062499891e+02,-9.265205446003869838e+01
4.669491093750000346e+02,-9.784391475313839237e+01
4.669494023437500232e+02,-1.039598594439813581e+02
4.669496953125000118e+02,-1.150857180650579750e+02
4.669499882812500005e+02,-9.165844706022417654e+01
4.669502812499999891e+02,-8.700215576425810582e+01
4.669505742187500346e+02,-8.987015290474241169e+01
4.669508671875000232e+02,-9.387533335359069042e+01
4.669511601562500118e+02,-9.627582668863163917e+01
4.669514531250000005e+02,-1.013721631164179229e+02
4.669517460937499891e+02,-9.300474313723997000e+01
4.669520390625000346e+02,-9.960184603412881188e+01
4.669523320312500232e+02,-9.386888954973667865e+01
4.669526250000000118e+02,-8.544993003079059690e+01
4.669529179687500005e+02,-8.736494718748519972e+01
4.669532109374999891e+02,-9.075147727014530119e+01
4.669535039062500346e+02,-1.011184976354356309e+02
4.669537968750000232e+02,-9.064194822566115306e+01
4.669540898437500118e+02,-9.873024368879234203e+01
4.669543828125000005e+02,-8.933396317050080881e+01
4.669546757812499891e+02,-8.830195124639566018e+01
4.669549687500000346e+02,-8.630952901997761728e+01
4.669552617187500232e+02,-8.646840305295225448e+01
4.669555546875000118e+02,-8.773410295889956956e+01
4.669558476562500005e+02,-9.533251144121908283e+01
4.669561406249999891e+02,-8.952107418550176021e+01
4.669564335937500346e+02,-9.454968476127264410e+01
4.669567265625000232e+02,-1.002935002123923738e+02
4.669570195312500118e+02,-1.001143727097912972e+02
4.669573125000000005e+02,-8.932062093371540357e+01
4.669576054687499891e+02,-9.483325050010499524e+01
4.669578984375000346e+02,-9.028580071481405867e+01
4.669581914062500232e+02,-9.365742320510986474e+01
4.669584843750000118e+02,-9.667624444306191833e+01
4.669587773437500005e+02,-1.018623111899153173e+02
4.669590703124999891e+02,-1.032490335571823437e+02
4.669593632812500346e+02,-9.241971461450539493e+01
4.669596562500000232e+02,-9.074387851706006813e+01
4.669599492187500118e+02,-9.102470349188078558e+01
4.669602421875000005e+02,-8.762657294806308528e+01
4.669605351562499891e+02,-9.951919531677438613e+01
4.669608281250000346e+02,-9.030749623014970950e+01
4.669611210937500232e+02,-8.841596433338207817e+01
4.669614140625000118e+02,-9.044125926336826637e+01
4.669617070312500005e+02,-8.847478945837409015e+01
4.669619999999999891e+02,-8.354062656482949478e+01
4.669622929687500346e+02,-8.479183487188112167e+01
4.669625859375000232e+02,-8.686513789140644803e+01
4.669628789062500118e+02,-1.012913034401988739e+02
4.669631718750000005e+02,-8.301745876653676248e+01
4.669634648437499891e+02,-8.831100948229995140e+01
4.669637578125000346e+02,-9.621347311775130606e+01
4.669640507812500232e+02,-9.352343321473060200e+01
4.669643437500000118e+02,-8.529248976206855559e+01
4.669646367187500005e+02,-8.792670327959676513e+01
4.669649296874999891e+02,-9.590979789499655794e+01
4.669652226562500346e+02,-9.238660313602238716e+01
4.669655156250000232e+02,-9.115353588829668752e+01
4.669658085937500118e+02,-9.541673029484346102e+01
4.669661015625000005e+02,-9.979671314933888482e+01
4.669663945312499891e+02,-9.663855792674488043e+01
4.669666875000000346e+02,-8.993626070763063751e+01
4.669669804687500232e+02,-8.694635341463195743e+01
4.669672734375000118e+02,-8.994652596544689516e+01
4.669675664062500005e+02,-1.061047677793571751e+02
4.669678593749999891e+02,-9.513524039106174257e+01
4.669681523437500346e+02,-8.561889041875426187e+01
4.669684453125000232e+02,-8.468954232682213501e+01
4.669687382812500118e+02,-8.567979519707108693e+01
4.669690312500000005e+02,-8.848781844545719366e+01
4.669693242187499891e+02,-9.593719858973626913e+01
4.669696171875000346e+02,-8.471771472043606366e+01
4.669699101562500232e+02,-8.506255944914454403e+01
4.669702031250000118e+02,-1.013358629779092155e+02
4.669704960937500005e+02,-8.803674795800417030e+01
4.669707890624999891e+02,-9.338007939578490380e+01
4.669710820312500346e+02,-9.015189273711641249e+01
4.669713750000000232e+02,-8.629395428806392943e+01
4.669716679687500118e+02,-8.850265308557281685e+01
4.669719609375000005e+02,-9.676139211128678141e+01
4.669722539062499891e+02,-9.109867259305163145e+01
4.669725468750000346e+02,-1.088828212054802407e+02
4.669728398437500232e+02,-9.523619172682116130e+01
4.669731328125000118e+02,-8.874043116374619444e+01
4.669734257812500005e+02,-8.983139051036661726e+01
4.669737187499999891e+02,-9.056388190547865236e+01
4.669740117187500346e+02,-8.996517302860365817e+01
4.669743046875000232e+02,-8.835887467476133850e+01
4.669745976562500118e+02,-8.590925498305686858e+01
4.669748906250000005e+02,-9.031892827990878914e+01
4.669751835937499891e+02,-9.466064222717295706e+01
4.669754765625000346e+02,-9.427397125291915359e+01
4.669757695312500232e+02,-1.021136633475830422e+02
4.669760625000000118e+02,-9.069471455578805319e+01
4.669763554687500005e+02,-9.166403084016756964e+01
4.669766484374999891e+02,-9.089811628933824750e+01
4.669769414062500346e+02,-9.158145771254351075e+01
4.669772343750000232e+02,-8.521434980858077779e+01
4.669775273437500118e+02,-8.280993588608734512e+01
4.669778203125000005e+02,-8.692017365104840110e+01
4.669781132812499891e+02,-8.797554249759943445e+01
4.669784062500000346e+02,-8.291518302779087435e+01
4.669786992187500232e+02,-8.385997552233882857e+01
4.669789921875000118e+02,-9.243210773019987414e+01
4.669792851562500005e+02,-8.835384895562481233e+01
4.669795781249999891e+02,-9.001923543718368137e+01
4.669798710937500346e+02,-8.803802158342986672e+01
4.669801640625000232e+02,-8.529358287441553443e+01
4.669804570312500118e+02,-8.454217093647861248e+01
4.669807500000000005e+02,-8.747749243575007938e+01
4.669810429687499891e+02,-8.892624313577648820e+01
4.669813359375000346e+02,-9.507075133680964996e+01
4.669816289062500232e+02,-8.808085656813696573e+01
4.669819218750000118e+02,-8.805062861807485319e+01
4.669822148437500005e+02,-9.784324035891840765e+01
4.669825078124999891e+02,-9.049469134514370694e+01
4.669828007812500346e+02,-9.372987800848943607e+01
4.669830937500000232e+02,-9.816920412134786034e+01
4.669833867187500118e+02,-8.921379669490279696e+01
4.669836796875000005e+02,-8.620580024214726222e+01
4.669839726562499891e+02,-1.005962176426997559e+02
4.669842656250000346e+02,-8.969727119103397683e+01
4.669845585937500232e+02,-9.285275678349792372e+01
4.669848515625000118e+02,-9.223256819684510788e+01
4.669851445312500005e+02,-8.832711711732736148e+01
4.669854374999999891e+02,-8.966490280981331296e+01
4.669857304687500346e+02,-8.994268629462082743e+01
4.669860234375000232e+02,-8.360514284394901097e+01
4.669863164062500118e+02,-8.617645323375549538e+01
4.669866093750000005e+02,-8.559007422612516791e+01
4.669869023437499891e+02,-9.341379287686214639e+01
4.669871953125000346e+02,-9.324745984456961878e+01
4.669874882812500232e+02,-9.388619251979228864e+01
4.669877812500000118e+02,-1.048814361809026110e+02
4.669880742187500005e+02,-8.681622433976194486e+01
4.669883671874999891e+02,-9.331663046427127028e+01
4.669886601562500346e+02,-9.848456814728376685e+01
4.669889531250000232e+02,-9.681469458319963906e+01
4.669892460937500118e+02,-1.039671527898603074e+02
4.669895390625000005e+02,-9.031361213198836424e+01
4.669898320312499891e+02,-9.514497863538767319e+01
4.669901250000000346e+02,-8.839852995756697851e+01
4.669904179687500232e+02,-8.701969105944218086e+01
4.669907109375000118e+02,-9.471233609749170057e+01
4.669910039062500005e+02,-8.672748434736890033e+01
4.669912968749999891e+02,-1.001616367346177583e+02
4.669915898437500346e+02,-8.671142964108243234e+01
4.669918828125000232e+02,-9.297648302215787908e+01
4.669921757812500118e+02,-8.589020823411784988e+01
4.669924687500000005e+02,-8.416017762348138831e+01
4.669927617187499891e+02,-8.986918035812169592e+01
4.669930546875000346e+02,-8.754860534257518623e+01
4.669933476562500232e+02,-9.249158343091906431e+01
4.669936406250000118e+02,-9.187556538718885690e+01
4.669939335937500005e+02,-8.642768818970695577e+01
4.669942265624999891e+02,-9.386329766987573464e+01
4.669945195312500346e+02,-9.278604172510570436e+01
4.669948125000000232e+02,-8.781744170480514811e+01
4.669951054687500118e+02,-9.183757889335616653e+01
4.669953984375000005e+02,-9.104841154694346983e+01
4.669956914062499891e+02,-9.492736749316972578e+01
4.669959843750000346e+02,-8.913900023072001488e+01
4.669962773437500232e+02,-9.023906528750256939e+01
4.669965703125000118e+02,-8.954622574877596719e+01
4.669968632812500005e+02,-9.081782511566258620e+01
4.669971562499999891e+02,-1.027164858916462720e+02
4.669974492187500346e+02,-9.072913150770395418e+01
4.669977421875000232e+02,-9.210206938456869352e+01
4.669980351562500118e+02,-9.443772849534809666e+01
4.669983281250000005e+02,-9.225659434354192001e+01
4.669986210937499891e+02,-8.706981546584495391e+01
4.669989140625000346e+02,-9.007714178092228963e+01
4.669992070312500232e+02,-9.536688077476489411e+01
4.669995000000000118e+02,-9.886498571053601836e+01
4.669997929687500005e+02,-8.930730921594822291e+01
4.670000859374999891e+02,-9.545647621882358180e+01
4.670003789062500346e+02,-9.580905248565315446e+01
4.670006718750000232e+02,-9.474392029418309846e+01
4.670009648437500118e+02,-8.828105370841686295e+01
4.670012578125000005e+02,-1.000899855371085607e+02
4.670015507812499891e+02,-9.549811783242691376e+01
4.670018437500000346e+02,-9.986674483890928400e+01
4.670021367187500232e+02,-8.989131331891576338e+01
4.670024296875000118e+02,-9.846415077066092181e+01
4.670027226562500005e+02,-9.157983052644306099e+01
4.670030156249999891e+02,-9.169112296179883970e+01
4.670033085937500346e+02,-1.036099052932966771e+02
4.670036015625000232e+02,-8.987079649923968816e+01
4.670038945312500118e+02,-9.791427286760466586e+01
4.670041875000000005e+02,-8.946098934644327016e+01
4.670044804687499891e+02,-9.371296245990463092e+01
4.670047734375000346e+02,-9.317581031368534639e+01
4.670050664062500232e+02,-8.801842578170500531e+01
4.670053593750000118e+02,-9.331167242643452653e+01
4.670056523437500005e+02,-8.900526538668289334e+01
4.670059453124999891e+02,-8.455929403916695719e+01
4.670062382812500346e+02,-8.415240902197697892e+01
4.670065312500000232e+02,-8.273938119741116282e+01
4.670068242187500118e+02,-8.380799622402759042e+01
4.670071171875000005e+02,-8.801535736811345600e+01
4.670074101562499891e+02,-8.677029153910162051e+01
4.670077031250000346e+02,-9.245213383931567819e+01
4.670079960937500232e+02,-9.519022439889073439e+01
4.670082890625000118e+02,-9.239094700246704406e+01
4.670085820312500005e+02,-1.096135946016881917e+02
4.670088749999999891e+02,-8.903224648931887941e+01
4.670091679687500346e+02,-8.517533567960121843e+01
4.670094609375000232e+02,-9.123679339844667879e+01
4.670097539062500118e+02,-9.219873435894791669e+01
4.670100468750000005e+02,-9.516542086759346830e+01
4.670103398437499891e+02,-9.810973603184822878e+01
4.670106328125000346e+02,-9.405369803022544772e+01
4.670109257812500232e+02,-9.091224721522939944e+01
4.670112187500000118e+02,-8.998089294490333145e+01
4.670115117187500005e+02,-1.076296090466234716e+02
4.670118046874999891e+02,-8.818145176066755653e+01
4.670120976562500346e+02,-8.884630753296724492e+01
4.670123906250000232e+02,-9.434411995190727396e+01
4.670126835937500118e+02,-9.053480232357009072e+01
4.670129765625000005e+02,-8.518794308565750839e+01
4.670132695312499891e+02,-9.152548154772978251e+01
4.670135625000000346e+02,-9.572730409947553198e+01
4.670138554687500232e+02,-9.245062722110628783e+01
4.670141484375000118e+02,-9.398584724648969768e+01
4.670144414062500005e+02,-8.358148587064096091e+01
4.670147343749999891e+02,-8.964072105023208792e+01
4.670150273437500346e+02,-9.992610953234805038e+01
4.670153203125000232e+02,-9.579132381210979474e+01
4.670156132812500118e+02,-1.023230283905493110e+02
4.670159062500000005e+02,-8.842404454314601026e+01
4.670161992187499891e+02,-8.877679655314167917e+01
4.670164921875000346e+02,-8.483277482904779276e+01
4.670167851562500232e+02,-8.913241786889570051e+01
4.670170781250000118e+02,-9.095911233800495665e+01
4.670173710937500005e+02,-8.976321156131578505e+01
4.670176640624999891e+02,-9.176496088953823005e+01
4.670179570312500346e+02,-8.930551423836350011e+01
4.670182500000000232e+02,-8.698791672260789198e+01
4.670185429687500118e+02,-9.064909950251063719e+01
4.670188359375000005e+02,-9.159284244358330795e+01
4.670191289062499891e+02,-9.322561597621731266e+01
4.670194218750000346e+02,-8.873406382349654109e+01
4.670197148437500232e+02,-9.013803505798675531e+01
4.670200078125000118e+02,-8.122937604845833448e+01
4.670203007812500005e+02,-8.458547516062114369e+01
4.670205937499999891e+02,-8.708734723866321303e+01
4.670208867187500346e+02,-9.477341375718800975e+01
4.670211796875000232e+02,-8.750411288404961851e+01
4.670214726562500118e+02,-9.417444390188356351e+01
4.670217656250000005e+02,-8.904911417819450037e+01
4.670220585937499891e+02,-8.541951553923497897e+01
4.670223515625000346e+02,-8.632634454207010322e+01
4.670226445312500232e+02,-8.796844759054570773e+01
4.670229375000000118e+02,-8.444827999371824490e+01
4.670232304687500005e+02,-8.560755958483952099e+01
4.670235234374999891e+02,-8.932430676004301517e+01
4.670238164062500346e+02,-9.670133520932530757e+01
4.670241093750000232e+02,-9.097977413091018661e+01
4.670244023437500118e+02,-9.316453692546018317e+01
4.670246953125000005e+02,-9.114399834276973422e+01
4.670249882812499891e+02,-8.937489161427036777e+01
4.670252812500000346e+02,-9.242251584337361692e+01
4.670255742187500232e+02,-8.769356161593327670e+01
4.670258671875000118e+02,-8.177605803212729541e+01
4.670261601562500005e+02,-8.249397053395802004e+01
4.670264531249999891e+02,-8.561707465493347513e+01
4.670267460937500346e+02,-9.773916463352662731e+01
4.670270390625000232e+02,-9.264044829695008332e+01
4.670273320312500118e+02,-9.597229951742133380e+01
4.670276250000000005e+02,-9.356500687568424723e+01
4.670279179687499891e+02,-9.712520770807741144e+01
4.670282109375000346e+02,-9.143935433621717834e+01
4.670285039062500232e+02,-9.291058881133821501e+01
4.670287968750000118e+02,-9.119628716066360141e+01
4.670290898437500005e+02,-9.104570370065928842e+01
4.670293828124999891e+02,-8.491441457643281865e+01
4.670296757812500346e+02,-8.518701192297109515e+01
4.670299687500000232e+02,-8.878183859884971696e+01
4.670302617187500118e+02,-1.011979854531811185e+02
4.670305546875000005e+02,-8.953797178277267221e+01
4.670308476562499891e+02,-9.229497096964004754e+01
4.670311406250000346e+02,-1.048262407188357486e+02
4.670314335937500232e+02,-9.477165402363753799e+01
4.670317265625000118e+02,-8.897337097997439059e+01
4.670320195312500005e+02,-8.933311437331221327e+01
4.670323124999999891e+02,-8.892211450861195488e+01
4.670326054687500346e+02,-8.868261868350234067e+01
4.670328984375000232e+02,-8.369530411904827361e+01
4.670331914062500118e+02,-8.554642869216181111e+01
4.670334843750000005e+02,-8.581523622266712437e+01
4.670337773437499891e+02,-8.762676162246458489e+01
4.670340703125000346e+02,-9.368897592230919713e+01
4.670343632812500232e+02,-8.993660270991784955e+01
4.670346562500000118e+02,-9.074013334935997932e+01
4.670349492187500005e+02,-9.842826744200618805e+01
4.670352421874999891e+02,-9.705040323886927922e+01
4.670355351562500346e+02,-8.813854165634228366e+01
4.670358281250000232e+02,-8.884078792402303293e+01
4.670361210937500118e+02,-9.770276860046325851e+01
4.670364140625000005e+02,-8.873294863506829699e+01
4.670367070312499891e+02,-9.002406523633774782e+01
4.670370000000000346e+02,-9.167409416667381095e+01
4.670372929687500232e+02,-8.580116943782755357e+01
4.670375859375000118e+02,-8.973165848497488639e+01
4.670378789062500005e+02,-1.060293528873714166e+02
4.670381718749999891e+02,-8.962102518914379345e+01
4.670384648437500346e+02,-8.777791788330317502e+01
4.670387578125000232e+02,-9.381370511672196244e+01
4.670390507812500118e+02,-8.855831268365375308e+01
4.670393437500000005e+02,-8.880416474288601592e+01
4.670396367187499891e+02,-8.877365823655819099e+01
4.670399296875000346e+02,-8.757363348190753527e+01
4.670402226562500232e+02,-8.919431711033071508e+01
4.670405156250000118e+02,-9.020032532895848476e+01
4.670408085937500005e+02,-9.399049622276614002e+01
4.670411015624999891e+02,-8.543986373279842894e+01
4.670413945312500346e+02,-9.108934202731303742e+01
4.670416875000000232e+02,-9.925171763741084874e+01
4.670419804687500118e+02,-8.626684618738728716e+01
4.670422734375000005e+02,-8.777776556264001329e+01
4.670425664062499891e+02,-9.365378010665237696e+01
4.670428593750000346e+02,-8.761799716109524638e+01
4.670431523437500232e+02,-8.564928817876912603e+01
4.670434453125000118e+02,-9.018552707050916695e+01
4.670437382812500005e+02,-1.036594971791328277e+02
4.670440312499999891e+02,-9.395741513030765191e+01
4.670443242187500346e+02,-8.870825534313857474e+01
4.670446171875000232e+02,-8.812871144948738333e+01
4.670449101562500118e+02,-9.645321296910411490e+01
4.670452031250000005e+02,-8.948446880281856863e+01
4.670454960937499891e+02,-8.105470994921785177e+01
4.670457890625000346e+02,-8.521724301366640475e+01
4.670460820312500232e+02,-1.026634309108493568e+02
4.670463750000000118e+02,-1.078151731051363527e+02
4.670466679687500005e+02,-8.978776347507374567e+01
4.670469609374999891e+02,-8.352532375184665625e+01
4.670472539062500346e+02,-8.471575940188270692e+01
4.670475468750000232e+02,-8.845327210530768980e+01
4.670478398437500118e+02,-9.598879077068828281e+01
4.670481328125000005e+02,-9.413909291625371623e+01
4.670484257812499891e+02,-9.514306156465400477e+01
4.670487187500000346e+02,-9.491107924349719838e+01
4.670490117187500232e+02,-9.615421652639717820e+01
4.670493046875000118e+02,-9.142007831441715382e+01
4.670495976562500005e+02,-9.817842213662011375e+01
4.670498906249999891e+02,-8.956233437087392701e+01
4.670501835937500346e+02,-9.130836425169859183e+01
4.670504765625000232e+02,-9.012194322971308225e+01
4.670507695312500118e+02,-9.600053343963436703e+01
4.670510625000000005e+02,-9.150423521152382023e+01
4.670513554687499891e+02,-8.248225640846386852e+01
4.670516484375000346e+02,-8.022481759969075199e+01
4.670519414062500232e+02,-9.100411586461680713e+01
4.670522343750000118e+02,-1.007773722296640244e+02
4.670525273437500005e+02,-9.584727407379510566e+01
4.670528203124999891e+02,-9.648182576143229028e+01
4.670531132812500346e+02,-9.313520143685705932e+01
4.670534062500000232e+02,-8.812205890454521295e+01
4.670536992187500118e+02,-9.086581770127457958e+01
4.670539921875000005e+02,-9.523103315840108962e+01
4.670542851562499891e+02,-9.090325451954527125e+01
4.670545781250000346e+02,-8.709502903153399700e+01
4.670548710937500232e+02,-8.418819511680425194e+01
4.670551640625000118e+02,-9.583086754716765654e+01
4.670554570312500005e+02,-8.748106852341391004e+01
4.670557499999999891e+02,-8.422647714530603480e+01
4.670560429687500346e+02,-8.608197453005686839e+01
4.670563359375000232e+02,-8.812425148531731622e+01
4.670566289062500118e+02,-8.596518782953233995e+01
4.670569218750000005e+02,-8.219996079988332838e+01
4.670572148437499891e+02,-8.708180131996394380e+01
4.670575078125000346e+02,-1.084638556909950751e+02
4.670578007812500232e+02,-9.521944167376426549e+01
4.670580937500000118e+02,-9.007240735916141716e+01
4.670583867187500005e+02,-8.686767696069459532e+01
4.670586796874999891e+02,-8.687131286970979716e+01
4.670589726562500346e+02,-8.551729168781130852e+01
4.670592656250000232e+02,-9.641081209459947843e+01
4.670595585937500118e+02,-9.893119856440085869e+01
4.670598515625000005e+02,-9.538452973216173802e+01
4.670601445312499891e+02,-8.745738853800467894e+01
4.670604375000000346e+02,-8.402347633855578124e+01
4.670607304687500232e+02,-8.951068095253377521e+01
4.670610234375000118e+02,-9.533394390570876453e+01
4.670613164062500005e+02,-8.545823527734597747e+01
4.670616093749999891e+02,-8.802384268767966091e+01
4.670619023437500346e+02,-9.041968681874274694e+01
4.670621953125000232e+02,-8.757646041498634304e+01
4.670624882812500118e+02,-8.819181367499624002e+01
4.670627812500000005e+02,-8.912071471615331575e+01
4.670630742187499891e+02,-8.774364219568475676e+01
4.670633671875000346e+02,-8.953275311993415642e+01
4.670636601562500232e+02,-8.868473864531841855e+01
4.670639531250000118e+02,-8.332068476151037828e+01
4.670642460937500005e+02,-8.385785207706479127e+01
4.670645390624999891e+02,-8.492832067859735901e+01
4.670648320312500346e+02,-8.209961181940742847e+01
4.670651250000000232e+02,-8.476075175431402897e+01
4.670654179687500118e+02,-9.026501630001419585e+01
4.670657109375000005e+02,-9.466746098742392235e+01
4.670660039062499891e+02,-9.190688659485473977e+01
4.670662968750000346e+02,-8.964231453715328257e+01
4.670665898437500232e+02,-9.349789918051671123e+01
4.670668828125000118e+02,-8.926625072417975559e+01
4.670671757812500005e+02,-8.851444882052956586e+01
4.670674687499999891e+02,-8.801925330669925529e+01
4.670677617187500346e+02,-9.314373651189099235e+01
4.670680546875000232e+02,-8.782326780041552183e+01
4.670683476562500118e+02,-9.360311657049581413e+01
4.670686406250000005e+02,-9.252220536442040100e+01
4.670689335937499891e+02,-9.194889830303957012e+01
4.670692265625000346e+02,-1.050468922375259950e+02
4.670695195312500232e+02,-9.760120632786323824e+01
4.670698125000000118e+02,-8.954663713767766353e+01
4.670701054687500005e+02,-9.225137870040390453e+01
4.670703984374999891e+02,-1.067439427331711244e+02
4.670706914062500346e+02,-8.985489059952550406e+01
4.670709843750000232e+02,-8.663406295462685591e+01
4.670712773437500118e+02,-9.067544081975935910e+01
4.670715703125000005e+02,-9.491008689315611946e+01
4.670718632812499891e+02,-9.109110130697689556e+01
4.670721562500000346e+02,-8.798052113302902910e+01
4.670724492187500232e+02,-9.628707399849452031e+01
4.670727421875000118e+02,-9.439964898530077164e+01
4.670730351562500005e+02,-9.683920750241068731e+01
4.670733281249999891e+02,-8.914423864668700048e+01
4.670736210937500346e+02,-8.703889386047022469e+01
4.670739140625000232e+02,-9.382113239111021130e+01
4.670742070312500118e+02,-1.002108969866909973e+02
4.670745000000000005e+02,-9.491031892789648339e+01
4.670747929687499891e+02,-9.061751209758021730e+01
4.670750859375000346e+02,-1.047071892207826096e+02
4.670753789062500232e+02,-9.077880847183774904e+01
4.670756718750000118e+02,-9.438927245412430977e+01
4.670759648437500005e+02,-9.120417907820930736e+01
4.670762578124999891e+02,-8.912064435163745202e+01
4.670765507812500346e+02,-9.343157670594679587e+01
4.670768437500000232e+02,-9.141998835264655554e+01
4.670771367187500118e+02,-8.881910746888078734e+01
4.670774296875000005e+02,-9.235385163542490261e+01
4.670777226562499891e+02,-8.870683099164591567e+01
4.670780156250000346e+02,-8.903297198434404436e+01
4.670783085937500232e+02,-9.033528725524055858e+01
4.670786015625000118e+02,-8.937308242635634770e+01
4.670788945312500005e+02,-9.236465009182636265e+01
4.670791874999999891e+02,-8.774103085925709422e+01
4.670794804687500346e+02,-8.434297306702278263e+01
4.670797734375000232e+02,-9.089583692048728381e+01
4.670800664062500118e+02,-8.978078271564552892e+01
4.670803593750000005e+02,-1.005099258711306476e+02
4.670806523437499891e+02,-8.593061947875466444e+01
4.670809453125000346e+02,-9.264240020083667559e+01
4.670812382812500232e+02,-9.045861027424550116e+01
4.670815312500000118e+02,-8.586520296713793243e+01
4.670818242187500005e+02,-8.535841873770274901e+01
4.670821171874999891e+02,-8.793852735673929999e+01
4.670824101562500346e+02,-8.787867588236716188e+01
4.670827031250000232e+02,-9.045316156208058089e+01
4.670829960937500118e+02,-8.732485583514558414e+01
4.670832890625000005e+02,-8.872036021441145692e+01
4.670835820312499891e+02,-9.200211422533018890e+01
4.670838750000000346e+02,-9.608158296243291829e+01
4.670841679687500232e+02,-9.441403961744983064e+01
4.670844609375000118e+02,-8.739220583991966862e+01
4.670847539062500005e+02,-8.275769578798126247e+01
4.670850468749999891e+02,-8.875452802615407677e+01
4.670853398437500346e+02,-9.429910042128078373e+01
4.670856328125000232e+02,-9.123795532872976821e+01
4.670859257812500118e+02,-9.236842591478337283e+01
4.670862187500000005e+02,-8.877005613224996239e+01
4.670865117187499891e+02,-8.958340327628719990e+01
4.670868046875000346e+02,-8.937387218025435232e+01
4.670870976562500232e+02,-9.058254908661702132e+01
4.670873906250000118e+02,-8.214575507956362799e+01
4.670876835937500005e+02,-7.711704339111854267e+01
4.670879765624999891e+02,-8.397131067077890521e+01
4.670882695312500346e+02,-9.380876981816197713e+01
4.670885625000000232e+02,-8.725191666293908099e+01
4.670888554687500118e+02,-8.653723475221120509e+01
4.670891484375000005e+02,-9.076297080366867931e+01
4.670894414062499891e+02,-9.898572900429417132e+01
4.670897343750000346e+02,-9.298254084634011463e+01
4.670900273437500232e+02,-8.495313079868195416e+01
4.670903203125000118e+02,-8.120834390285895665e+01
4.670906132812500005e+02,-8.568016528816144728e+01
4.670909062499999891e+02,-8.128000638959764501e+01
4.670911992187500346e+02,-7.756918901096925367e+01
4.670914921875000232e+02,-8.925854514549774876e+01
4.670917851562500118e+02,-9.414679934365491931e+01
4.670920781250000005e+02,-8.850230564439299030e+01
4.670923710937499891e+02,-8.833644381458208272e+01
4.670926640625000346e+02,-9.144758100981475479e+01
4.670929570312500232e+02,-9.515478554579914316e+01
4.670932500000000118e+02,-8.643211695277352646e+01
4.670935429687500005e+02,-8.993259586537757855e+01
4.670938359374999891e+02,-9.616381610248828338e+01
4.670941289062500346e+02,-9.399044621028707525e+01
4.670944218750000232e+02,-8.635289170533840775e+01
4.670947148437500118e+02,-8.385887167559135946e+01
4.670950078125000005e+02,-8.290100274461957497e+01
4.670953007812499891e+02,-8.179747863580649891e+01
4.670955937500000346e+02,-9.020459495989126708e+01
4.670958867187500232e+02,-1.006669926737792480e+02
4.670961796875000118e+02,-1.015747251936376330e+02
4.670964726562500005e+02,-9.552259579321736283e+01
4.670967656249999891e+02,-9.737376481197952671e+01
4.670970585937500346e+02,-8.973690646362699397e+01
4.670973515625000232e+02,-9.593457802494121722e+01
4.670976445312500118e+02,-8.431723299382431946e+01
4.670979375000000005e+02,-8.205315028264939770e+01
4.670982304687499891e+02,-8.569844556419963055e+01
4.670985234375000346e+02,-9.021148644455308840e+01
4.670988164062500232e+02,-9.951657379135149029e+01
4.670991093750000118e+02,-9.049069476391012756e+01
4.670994023437500005e+02,-8.396168393025617149e+01
4.670996953124999891e+02,-8.262874034096640230e+01
4.670999882812500346e+02,-8.080809654796175323e+01
4.671002812500000232e+02,-8.413396099008829765e+01
4.671005742187500118e+02,-8.793310726662815568e+01
4.671008671875000005e+02,-9.088858381359001726e+01
4.671011601562499891e+02,-8.918256852476885399e+01
4.671014531250000346e+02,-8.117775978329947861e+01
4.671017460937500232e+02,-8.309582042722368556e+01
4.671020390625000118e+02,-9.095119313666435801e+01
4.671023320312500005e+02,-9.600048049302967001e+01
4.671026249999999891e+02,-9.484396395553459058e+01
4.671029179687500346e+02,-9.098177631082822359e+01
4.671032109375000232e+02,-8.457551426772923264e+01
4.671035039062500118e+02,-8.507404336280687573e+01
4.671037968750000005e+02,-9.066170483024313853e+01
4.671040898437499891e+02,-8.519053078381460864e+01
4.671043828125000346e+02,-8.300381036625958586e+01
4.671046757812500232e+02,-8.853727355514278941e+01
4.671049687500000118e+02,-9.219740948848479434e+01
4.671052617187500005e+02,-9.911875205689638335e+01
4.671055546874999891e+02,-9.359885745556503878e+01
4.671058476562500346e+02,-9.384317885390413494e+01
4.671061406250000232e+02,-8.893572691700529731e+01
4.671064335937500118e+02,-8.835593582534559687e+01
4.671067265625000005e+02,-9.210380187399951524e+01
4.671070195312499891e+02,-9.273631769436437366e+01
4.671073125000000346e+02,-9.739610088717107317e+01
4.671076054687500232e+02,-8.942751334585940981e+01
4.671078984375000118e+02,-8.528638615483460228e+01
4.671081914062500005e+02,-8.694939931146114986e+01
4.671084843749999891e+02,-8.823604486981585637e+01
4.671087773437500346e+02,-8.560087854897501813e+01
4.671090703125000232e+02,-8.490901145633756641e+01
4.671093632812500118e+02,-8.905847005240079284e+01
4.671096562500000005e+02,-8.879038745927849163e+01
4.671099492187499891e+02,-8.441710771674907221e+01
4.671102421875000346e+02,-8.857118394564913899e+01
4.671105351562500232e+02,-8.162340557627618409e+01
4.671108281250000118e+02,-8.550385580167426269e+01
4.671111210937500005e+02,-9.342551213178890634e+01
4.671114140624999891e+02,-9.318527240818541202e+01
4.671117070312500346e+02,-8.953126024362501312e+01
4.671120000000000232e+02,-8.972321305997822094e+01
4.671122929687500118e+02,-8.658160333551239773e+01
4.671125859375000005e+02,-8.492374868327738113e+01
4.671128789062499891e+02,-8.546752153528630913e+01
4.671131718750000346e+02,-8.285065694314980078e+01
4.671134648437500232e+02,-8.384762758939844218e+01
4.671137578125000118e+02,-8.700078407411976400e+01
4.671140507812500005e+02,-8.852780694549672091e+01
4.671143437499999891e+02,-8.197988397274042427e+01
4.671146367187500346e+02,-8.765916860398792210e+01
4.671149296875000232e+02,-9.887919513520357384e+01
4.671152226562500118e+02,-8.599178883862833800e+01
4.671155156250000005e+02,-8.521798060751325465e+01
4.671158085937499891e+02,-9.171003314186862099e+01
4.671161015625000346e+02,-8.453603771997501326e+01
4.671163945312500232e+02,-8.893527762840105311e+01
4.671166875000000118e+02,-9.195256034177945992e+01
4.671169804687500005e+02,-8.846723289732221929e+01
4.671172734374999891e+02,-8.719730012173627642e+01
4.671175664062500346e+02,-8.487528449271634656e+01
4.671178593750000232e+02,-8.713332779278388784e+01
4.671181523437500118e+02,-8.987312813812332024e+01
4.671184453125000005e+02,-8.961084605968024164e+01
4.671187382812499891e+02,-9.661586629190479414e+01
4.671190312500000346e+02,-8.850872899355381662e+01
4.671193242187500232e+02,-8.457307012600591634e+01
4.671196171875000118e+02,-9.064480270910325999e+01
4.671199101562500005e+02,-8.516192412378765653e+01
4.671202031249999891e+02,-8.176810947785915573e+01
4.671204960937500346e+02,-8.616975601581836486e+01
4.671207890625000232e+02,-8.455060197368109698e+01
4.671210820312500118e+02,-8.441040270954856339e+01
4.671213750000000005e+02,-9.521785236546264741e+01
4.671216679687499891e+02,-9.059266547686539184e+01
4.671219609375000346e+02,-9.143182664205536980e+01
4.671222539062500232e+02,-8.943597212834899324e+01
4.671225468750000118e+02,-9.617900296906908864e+01
4.671228398437500005e+02,-8.740032164782485324e+01
4.671231328124999891e+02,-8.856659272483595657e+01
4.671234257812500346e+02,-9.482453892092411252e+01
4.671237187500000232e+02,-8.956301444015306856e+01
4.671240117187500118e+02,-9.200726761141538645e+01
4.671243046875000005e+02,-8.793699511838644867e+01
4.671245976562499891e+02,-8.325659936112536741e+01
4.671248906250000346e+02,-8.507464864742527766e+01
4.671251835937500232e+02,-8.928737565649157659e+01
4.671254765625000118e+02,-9.097529780082396655e+01
4.671257695312500005e+02,-8.567373949052031890e+01
4.671260624999999891e+02,-8.503903568233845078e+01
4.671263554687500346e+02,-9.480992652452775360e+01
4.671266484375000232e+02,-8.886890263133469148e+01
4.671269414062500118e+02,-8.594580337198439679e+01
4.671272343750000005e+02,-9.984184220962211498e+01
4.671275273437499891e+02,-9.559533418166705587e+01
4.671278203125000346e+02,-9.833719374295350235e+01
4.671281132812500232e+02,-9.503052269205794289e+01
4.671284062500000118e+02,-9.728055850023582707e+01
4.671286992187500005e+02,-9.004866467513573980e+01
4.671289921874999891e+02,-8.786079353698382022e+01
4.671292851562500346e+02,-8.678271470324800418e+01
4.671295781250000232e+02,-8.668983171680432065e+01
4.671298710937500118e+02,-8.461224489693609030e+01
4.671301640625000005e+02,-8.170292307847246605e+01
4.671304570312499891e+02,-9.039255125266632263e+01
4.671307500000000346e+02,-9.888127111912864109e+01
4.671310429687500232e+02,-8.882966204484620221e+01
4.671313359375000118e+02,-9.224235579606441604e+01
4.671316289062500005e+02,-9.485784430784954679e+01
4.671319218749999891e+02,-9.135761457328044344e+01
4.671322148437500346e+02,-8.857816157108319999e+01
4.671325078125000232e+02,-8.233079171795216666e+01
4.671328007812500118e+02,-8.012485036530124205e+01
4.671330937500000005e+02,-8.095152769670548309e+01
4.671333867187499891e+02,-8.399729007233405298e+01
4.671336796875000346e+02,-9.152291590140188760e+01
4.671339726562500232e+02,-9.060341954871354631e+01
4.671342656250000118e+02,-8.685317947607684630e+01
4.671345585937500005e+02,-8.508685463641562308e+01
4.671348515624999891e+02,-8.402184515293905065e+01
4.671351445312500346e+02,-8.728861973316904255e+01
4.671354375000000232e+02,-8.593191993597876888e+01
4.671357304687500118e+02,-8.783386002438453488e+01
4.671360234375000005e+02,-9.325045227374495482e+01
4.671363164062499891e+02,-9.776879074055324281e+01
4.671366093750000346e+02,-9.125591409202202442e+01
4.671369023437500232e+02,-9.533031815844827861e+01
4.671371953125000118e+02,-9.533707681965664449e+01
4.671374882812500005e+02,-1.032974305190305415e+02
4.671377812499999891e+02,-9.756286568285736394e+01
4.671380742187500346e+02,-9.195454182940764554e+01
4.671383671875000232e+02,-8.825470556922900300e+01
4.671386601562500118e+02,-8.446720775191420216e+01
4.671389531250000005e+02,-8.216441735050212003e+01
4.671392460937499891e+02,-8.561844920268612213e+01
4.671395390625000346e+02,-9.276719916985827297e+01
4.671398320312500232e+02,-8.907825543539779289e+01
4.671401250000000118e+02,-9.146946450165594911e+01
4.671404179687500005e+02,-9.527629001576356416e+01
4.671407109374999891e+02,-9.845575323073190077e+01
4.671410039062500346e+02,-8.500187338420556671e+01
4.671412968750000232e+02,-8.354247357098535076e+01
4.671415898437500118e+02,-8.568843720213845927e+01
4.671418828125000005e+02,-8.904358076829979041e+01
4.671421757812499891e+02,-8.559519969041522813e+01
4.671424687500000346e+02,-8.348325454179551741e+01
4.671427617187500232e+02,-9.295707521506814430e+01
4.671430546875000118e+02,-8.855064083330989888e+01
4.671433476562500005e+02,-8.169455640898350168e+01
4.671436406249999891e+02,-8.543927272497354863e+01
4.671439335937500346e+02,-9.353992310875037219e+01
4.671442265625000232e+02,-1.008336422672277592e+02
4.671445195312500118e+02,-9.232076076102993056e+01
4.671448125000000005e+02,-8.745027927932335388e+01
4.671451054687499891e+02,-8.821463732920523171e+01
4.671453984375000346e+02,-8.908594963660243593e+01
4.671456914062500232e+02,-8.328764032044701082e+01
4.671459843750000118e+02,-1.009468313168615055e+02
4.671462773437500005e+02,-7.996536983388720898e+01
4.671465703124999891e+02,-8.032140716141084624e+01
4.671468632812500346e+02,-8.537464943025993591e+01
4.671471562500000232e+02,-9.184372347986447949e+01
4.671474492187500118e+02,-9.194734588527703067e+01
4.671477421875000005e+02,-8.644419062878979787e+01
4.671480351562499891e+02,-8.243403355637889263e+01
4.671483281250000346e+02,-8.736487903579671865e+01
4.671486210937500232e+02,-8.472601427822540643e+01
4.671489140625000118e+02,-8.510667537168544072e+01
4.671492070312500005e+02,-9.606637711069579666e+01
4.671494999999999891e+02,-8.416609681885874750e+01
4.671497929687500346e+02,-7.871647960926796372e+01
4.671500859375000232e+02,-8.387106699535695498e+01
4.671503789062500118e+02,-8.473641759588039690e+01
4.671506718750000005e+02,-8.302447091757260011e+01
4.671509648437499891e+02,-9.165289172354248137e+01
4.671512578125000346e+02,-9.082536233709517148e+01
4.671515507812500232e+02,-8.574733876772249630e+01
4.671518437500000118e+02,-9.056855118457778531e+01
4.671521367187500005e+02,-9.941261338223478106e+01
4.671524296874999891e+02,-9.953140688203566810e+01
4.671527226562500346e+02,-9.394377846387544650e+01
4.671530156250000232e+02,-8.458495381157221971e+01
4.671533085937500118e+02,-7.983739232138466946e+01
4.671536015625000005e+02,-8.249137357477198407e+01
4.671538945312499891e+02,-8.526946961304317085e+01
4.671541875000000346e+02,-9.236099298622818310e+01
4.671544804687500232e+02,-8.431701157282375902e+01
4.671547734375000118e+02,-8.230703574043758408e+01
4.671550664062500005e+02,-8.727623185200705791e+01
4.671553593749999891e+02,-8.397790048947202024e+01
4.671556523437500346e+02,-8.158741511928545265e+01
4.671559453125000232e+02,-8.299492660317457648e+01
4.671562382812500118e+02,-8.405974705116989298e+01
4.671565312500000005e+02,-1.012115330160735738e+02
4.671568242187499891e+02,-9.304618511898503641e+01
4.671571171875000346e+02,-9.439338215384482567e+01
4.671574101562500232e+02,-9.476899010993707861e+01
4.671577031250000118e+02,-9.085069706436161141e+01
4.671579960937500005e+02,-9.771194852257917773e+01
4.671582890624999891e+02,-9.020613972969783845e+01
4.671585820312500346e+02,-8.666825702130236664e+01
4.671588750000000232e+02,-8.484234226337571272e+01
4.671591679687500118e+02,-8.769320209886802786e+01
4.671594609375000005e+02,-8.827405965124781062e+01
4.671597539062499891e+02,-9.056714836263981283e+01
4.671600468750000346e+02,-8.644985818164670377e+01
4.671603398437500232e+02,-8.582617766073427390e+01
4.671606328125000118e+02,-8.914751002363294674e+01
4.671609257812500005e+02,-8.289911236805485828e+01
4.671612187499999891e+02,-8.931010321265364382e+01
4.671615117187500346e+02,-9.037264653187811803e+01
4.671618046875000232e+02,-1.008847804622309354e+02
4.671620976562500118e+02,-8.913748912150721537e+01
4.671623906250000005e+02,-9.073926678648783195e+01
4.671626835937499891e+02,-9.108596139409857528e+01
4.671629765625000346e+02,-8.900854087772900414e+01
4.671632695312500232e+02,-8.739980800374154057e+01
4.671635625000000118e+02,-8.785839397986478616e+01
4.671638554687500005e+02,-8.656707528547255492e+01
4.671641484374999891e+02,-8.847013203522875813e+01
4.671644414062500346e+02,-8.979600586100488613e+01
4.671647343750000232e+02,-9.002388261062490926e+01
4.671650273437500118e+02,-8.771963677470313314e+01
4.671653203125000005e+02,-8.898588858308076510e+01
4.671656132812499891e+02,-8.313481229232253611e+01
4.671659062500000346e+02,-8.980252960628477865e+01
4.671661992187500232e+02,-8.867799925416045426e+01
4.671664921875000118e+02,-8.802663029933182770e+01
4.671667851562500005e+02,-9.694114480736189421e+01
4.671670781249999891e+02,-9.320182180631347535e+01
4.671673710937500346e+02,-9.982347400482659339e+01
4.671676640625000232e+02,-8.978283677929280771e+01
4.671679570312500118e+02,-8.787456036897415856e+01
4.671682500000000005e+02,-1.105316952217052773e+02
4.671685429687499891e+02,-9.609828498681251574e+01
4.671688359375000346e+02,-8.441112143576222593e+01
4.671691289062500232e+02,-8.401398588968453396e+01
4.671694218750000118e+02,-8.474013883183461360e+01
4.671697148437500005e+02,-7.960940149777906072e+01
4.671700078124999891e+02,-7.888986952089099702e+01
4.671703007812500346e+02,-8.637413973542997780e+01
4.671705937500000232e+02,-9.830314505679480419e+01
4.671708867187500118e+02,-9.419183390269593303e+01
4.671711796875000005e+02,-8.867808536453367196e+01
4.671714726562499891e+02,-8.386393381527314261e+01
4.671717656250000346e+02,-8.761788474696911067e+01
4.671720585937500232e+02,-8.761957975234209073e+01
4.671723515625000118e+02,-8.737924275328047941e+01
4.671726445312500005e+02,-9.533785298983977441e+01
4.671729374999999891e+02,-9.792616830611201806e+01
4.671732304687500346e+02,-8.847207112978844634e+01
4.671735234375000232e+02,-8.773239325477946693e+01
4.671738164062500118e+02,-1.104191950191381153e+02
4.671741093750000005e+02,-9.074644144986285710e+01
4.671744023437499891e+02,-8.520472159335277240e+01
4.671746953125000346e+02,-8.244033070839519439e+01
4.671749882812500232e+02,-8.084649917070608183e+01
4.671752812500000118e+02,-8.024962631033855587e+01
4.671755742187500005e+02,-8.488878381741399437e+01
4.671758671874999891e+02,-8.973891403530019772e+01
4.671761601562500346e+02,-8.527414688664140385e+01
4.671764531250000232e+02,-8.854742522374979785e+01
4.671767460937500118e+02,-8.744807323079311345e+01
4.671770390625000005e+02,-8.308557028785907050e+01
4.671773320312499891e+02,-8.613387193514296314e+01
4.671776250000000346e+02,-8.811136403536444561e+01
4.671779179687500232e+02,-9.746556420320573011e+01
4.671782109375000118e+02,-9.331475412479255738e+01
4.671785039062500005e+02,-8.801543137213047885e+01
4.671787968749999891e+02,-8.437397601672776659e+01
4.671790898437500346e+02,-8.250908559739308146e+01
4.671793828125000232e+02,-8.655091544535193293e+01
4.671796757812500118e+02,-8.792155241773755847e+01
4.671799687500000005e+02,-9.224384315417051994e+01
4.671802617187499891e+02,-8.785359383464401617e+01
4.671805546875000346e+02,-9.080785287724634713e+01
4.671808476562500232e+02,-1.003739920243121446e+02
4.671811406250000118e+02,-8.732358361364050836e+01
4.671814335937500005e+02,-8.245616599311732386e+01
4.671817265624999891e+02,-8.293433526120588795e+01
4.671820195312500346e+02,-8.612317181859552306e+01
4.671823125000000232e+02,-8.765357921793298601e+01
4.671826054687500118e+02,-9.407611685203508500e+01
4.671828984375000005e+02,-9.322261555744758255e+01
4.671831914062499891e+02,-9.131421585603428070e+01
4.671834843750000346e+02,-8.848156627915726347e+01
4.671837773437500232e+02,-8.344199747695381575e+01
4.671840703125000118e+02,-8.048170098008255025e+01
4.671843632812500005e+02,-8.454407598642205812e+01
4.671846562499999891e+02,-9.569451830617653343e+01
4.671849492187500346e+02,-9.489525332130216384e+01
4.671852421875000232e+02,-9.028370862647844319e+01
4.671855351562500118e+02,-9.181322282096191145e+01
4.671858281250000005e+02,-8.156359836132280350e+01
4.671861210937499891e+02,-7.845097853406686284e+01
4.671864140625000346e+02,-8.887500168307413162e+01
4.671867070312500232e+02,-9.113880527370646689e+01
4.671870000000000118e+02,-9.578157282462169064e+01
4.671872929687500005e+02,-8.513724960942093389e+01
4.671875859374999891e+02,-8.276457093522498099e+01
4.671878789062500346e+02,-9.846724138030432982e+01
4.671881718750000232e+02,-8.538137132240059657e+01
4.671884648437500118e+02,-8.911578052710224540e+01
4.671887578125000005e+02,-9.212458565759837370e+01
4.671890507812499891e+02,-9.130148496778600986e+01
4.671893437500000346e+02,-9.232710488744801580e+01
4.671896367187500232e+02,-8.541218648855900142e+01
4.671899296875000118e+02,-9.489745831806180831e+01
4.671902226562500005e+02,-8.825253193611720803e+01
4.671905156249999891e+02,-8.051231615830590727e+01
4.671908085937500346e+02,-8.057608749798042425e+01
4.671911015625000232e+02,-8.111110325354934503e+01
4.671913945312500118e+02,-8.208349730556432178e+01
4.671916875000000005e+02,-8.300019744173181380e+01
4.671919804687499891e+02,-8.394896393243362809e+01
4.671922734375000346e+02,-8.578757222044835373e+01
4.671925664062500232e+02,-8.987203227294777719e+01
4.671928593750000118e+02,-8.713544170254593269e+01
4.671931523437500005e+02,-9.438747656175627299e+01
4.671934453124999891e+02,-8.633340014699354015e+01
4.671937382812500346e+02,-8.380074984660994630e+01
4.671940312500000232e+02,-8.862979154325722675e+01
4.671943242187500118e+02,-8.827976228684150328e+01
4.671946171875000005e+02,-8.862381495775710505e+01
4.671949101562499891e+02,-9.119751224796942779e+01
4.671952031250000346e+02,-8.666615613254384698e+01
4.671954960937500232e+02,-9.899745701537952414e+01
4.671957890625000118e+02,-8.716219608881074521e+01
4.671960820312500005e+02,-9.023369656958280416e+01
4.671963749999999891e+02,-8.623335137908952674e+01
4.671966679687500346e+02,-8.210033427591437771e+01
4.671969609375000232e+02,-8.242792093644744966e+01
4.671972539062500118e+02,-8.706719086251337103e+01
4.671975468750000005e+02,-9.387038855399001136e+01
4.671978398437499891e+02,-8.288094843358092589e+01
4.671981328125000346e+02,-8.142042451775324707e+01
4.671984257812500232e+02,-8.263712721236848324e+01
4.671987187500000118e+02,-9.530454474230181461e+01
4.671990117187500005e+02,-9.200501986180873359e+01
4.671993046874999891e+02,-8.548049356118129083e+01
4.671995976562500346e+02,-8.392055458500649934e+01
4.671998906250000232e+02,-9.221872710134567797e+01
4.672001835937500118e+02,-9.378067493299428747e+01
4.672004765625000005e+02,-8.613457346187550456e+01
4.672007695312499891e+02,-9.025708830952422090e+01
4.672010625000000346e+02,-8.771635411214332123e+01
4.672013554687500232e+02,-8.667115538443475486e+01
4.672016484375000118e+02,-9.119991914197221661e+01
4.672019414062500005e+02,-8.380720330174069943e+01
4.672022343749999891e+02,-8.390266136640336470e+01
4.672025273437500346e+02,-9.136317975544159253e+01
4.672028203125000232e+02,-9.149244322761734338e+01
4.672031132812500118e+02,-8.456737039897487307e+01
4.672034062500000005e+02,-8.842164467851907261e+01
4.672036992187499891e+02,-9.151304657015180055e+01
4.672039921875000346e+02,-9.088589005408036314e+01
4.672042851562500232e+02,-8.635713663487253200e+01
4.672045781250000118e+02,-9.108845780897181044e+01
4.672048710937500005e+02,-8.828487749939202445e+01
4.672051640624999891e+02,-8.207623725644344859e+01
4.672054570312500346e+02,-8.592266275200921655e+01
4.672057500000000232e+02,-8.564056463911356332e+01
4.672060429687500118e+02,-7.909251619789480969e+01
4.672063359375000005e+02,-8.012755293373358256e+01
4.672066289062499891e+02,-8.775724544790051596e+01
4.672069218750000346e+02,-9.124643078593527434e+01
4.672072148437500232e+02,-8.510742428234813417e+01
4.672075078125000118e+02,-8.571320242781531817e+01
4.672078007812500005e+02,-8.729199313271975313e+01
4.672080937499999891e+02,-9.533378828386383930e+01
4.672083867187500346e+02,-8.193035050339391034e+01
4.672086796875000232e+02,-8.545167152334649074e+01
4.672089726562500118e+02,-1.079723045460350761e+02
4.672092656250000005e+02,-8.558220156808387458e+01
4.672095585937499891e+02,-8.174190752057560871e+01
4.672098515625000346e+02,-8.144610862503463977e+01
4.672101445312500232e+02,-8.186223558629620811e+01
4.672104375000000118e+02,-8.657260427862496499e+01
4.672107304687500005e+02,-8.687749223443852031e+01
4.672110234374999891e+02,-9.170685599385370779e+01
4.672113164062500346e+02,-8.619272839601916303e+01
4.672116093750000232e+02,-8.757085178476225451e+01
4.672119023437500118e+02,-7.207667987776403606e+01
4.672121953125000005e+02,-7.030479774742477161e+01
4.672124882812499891e+02,-8.340019360361630163e+01
4.672127812500000346e+02,-9.274263159791894395e+01
4.672130742187500232e+02,-1.003969172637339398e+02
4.672133671875000118e+02,-9.199316478976524536e+01
4.672136601562500005e+02,-1.009147149305381959e+02
4.672139531249999891e+02,-8.976473093363986777e+01
4.672142460937500346e+02,-8.769320118083520299e+01
4.672145390625000232e+02,-9.909694400689204485e+01
4.672148320312500118e+02,-8.540063341019838106e+01
4.672151250000000005e+02,-8.641030728047850573e+01
4.672154179687499891e+02,-8.747356819758650204e+01
4.672157109375000346e+02,-8.656839485539876478e+01
4.672160039062500232e+02,-8.802119142863628554e+01
4.672162968750000118e+02,-8.216084411737261917e+01
4.672165898437500005e+02,-8.768491823235160609e+01
4.672168828124999891e+02,-8.526778463052154677e+01
4.672171757812500346e+02,-8.201896020577513013e+01
4.672174687500000232e+02,-8.462451716952200798e+01
4.672177617187500118e+02,-8.711120007366346840e+01
4.672180546875000005e+02,-8.340289634626886084e+01
4.672183476562499891e+02,-9.353847623017293245e+01
4.672186406250000346e+02,-9.546807281073290596e+01
4.672189335937500232e+02,-8.249341601386119294e+01
4.672192265625000118e+02,-8.068182799607436095e+01
4.672195195312500005e+02,-8.315470138288694102e+01
4.672198124999999891e+02,-8.508554772520432152e+01
4.672201054687500346e+02,-1.069326287493542935e+02
4.672203984375000232e+02,-8.858471141432687546e+01
4.672206914062500118e+02,-9.520709762300691636e+01
4.672209843750000005e+02,-8.880051223147555106e+01
4.672212773437499891e+02,-8.563042921281058284e+01
4.672215703125000346e+02,-9.101790608624098411e+01
4.672218632812500232e+02,-8.566071410057460866e+01
4.672221562500000118e+02,-8.375524358422549653e+01
4.672224492187500005e+02,-9.862709179336471266e+01
4.672227421874999891e+02,-8.190514550781256276e+01
4.672230351562500346e+02,-8.555238104531674992e+01
4.672233281250000232e+02,-9.222416944061575350e+01
4.672236210937500118e+02,-8.056322284723300697e+01
4.672239140625000005e+02,-7.939014617403078944e+01
4.672242070312499891e+02,-8.209855107642681560e+01
4.672245000000000346e+02,-8.108506957257486647e+01
4.672247929687500232e+02,-8.157346648283665047e+01
4.672250859375000118e+02,-8.689556692817988903e+01
4.672253789062500005e+02,-8.625757993031803039e+01
4.672256718749999891e+02,-1.071791262966508640e+02
4.672259648437500346e+02,-9.609474671896434472e+01
4.672262578125000232e+02,-8.418036838070466388e+01
4.672265507812500118e+02,-8.704998087901486770e+01
4.672268437500000005e+02,-8.716360906012887710e+01
4.672271367187499891e+02,-9.509687413450834015e+01
4.672274296875000346e+02,-9.501586812221594869e+01
4.672277226562500232e+02,-8.670187691029769894e+01
4.672280156250000118e+02,-9.492664820607465970e+01
4.672283085937500005e+02,-8.548252853507007387e+01
4.672286015624999891e+02,-9.842903845643445493e+01
4.672288945312500346e+02,-8.492557673446839317e+01
4.672291875000000232e+02,-8.471251900314376826e+01
4.672294804687500118e+02,-9.041747415605922811e+01
4.672297734375000005e+02,-9.915445099314325716e+01
4.672300664062499891e+02,-9.063794761668320632e+01
4.672303593750000346e+02,-8.425822460829849092e+01
4.672306523437500232e+02,-8.768173996441596785e+01
4.672309453125000118e+02,-9.675056511885699706e+01
4.672312382812500005e+02,-8.212468719638999914e+01
4.672315312499999891e+02,-8.017341630704723343e+01
4.672318242187500346e+02,-8.371068753029747711e+01
4.672321171875000232e+02,-7.736363265341763906e+01
4.672324101562500118e+02,-7.785253542424037221e+01
4.672327031250000005e+02,-8.972663099215142779e+01
4.672329960937499891e+02,-8.441326092224244348e+01
4.672332890625000346e+02,-7.980610693046270399e+01
4.672335820312500232e+02,-7.972558177101612387e+01
4.672338750000000118e+02,-8.668553365306601677e+01
4.672341679687500005e+02,-8.752870571780951536e+01
4.672344609374999891e+02,-9.809112210749292160e+01
4.672347539062500346e+02,-8.791904014393489319e+01
4.672350468750000232e+02,-9.754066724987632142e+01
4.672353398437500118e+02,-8.597007164493604137e+01
4.672356328125000005e+02,-8.521189506662132374e+01
4.672359257812499891e+02,-9.036665728274007847e+01
4.672362187500000346e+02,-9.511000881199291257e+01
4.672365117187500232e+02,-8.946347278123897695e+01
4.672368046875000118e+02,-1.039616529628329289e+02
4.672370976562500005e+02,-1.091054189994303982e+02
4.672373906249999891e+02,-9.102143675595193884e+01
4.672376835937500346e+02,-8.173035679726777403e+01
4.672379765625000232e+02,-7.914090833186972418e+01
4.672382695312500118e+02,-8.382780059793898886e+01
4.672385625000000005e+02,-8.337205766025945763e+01
4.672388554687499891e+02,-8.403703421333639767e+01
4.672391484375000346e+02,-8.228297911706462742e+01
4.672394414062500232e+02,-8.352521974062319998e+01
4.672397343750000118e+02,-8.328429505596892568e+01
4.672400273437500005e+02,-8.841359677752002710e+01
4.672403203124999891e+02,-9.462033412459227577e+01
4.672406132812500346e+02,-9.233527195331701876e+01
4.672409062500000232e+02,-8.562498740242540407e+01
4.672411992187500118e+02,-8.486476621454590941e+01
4.672414921875000005e+02,-9.379680687003032347e+01
4.672417851562499891e+02,-8.099018301195226854e+01
4.672420781250000346e+02,-8.221431077666211706e+01
4.672423710937500232e+02,-8.867009615005795808e+01
4.672426640625000118e+02,-9.313168696684709857e+01
4.672429570312500005e+02,-8.327230122639309684e+01
4.672432499999999891e+02,-7.878565060075585791e+01
4.672435429687500346e+02,-7.826548975702286270e+01
4.672438359375000232e+02,-7.999925062332904702e+01
4.672441289062500118e+02,-8.025216750587628667e+01
4.672444218750000005e+02,-8.096242569600823913e+01
4.672447148437499891e+02,-8.364120471126575751e+01
4.672450078125000346e+02,-8.853688553579198128e+01
4.672453007812500232e+02,-9.265188197115976720e+01
4.672455937500000118e+02,-1.009653806488617533e+02
4.672458867187500005e+02,-8.418263147227200704e+01
4.672461796874999891e+02,-8.326495460439988960e+01
4.672464726562500346e+02,-8.060758227230648743e+01
4.672467656250000232e+02,-8.913289661857001533e+01
4.672470585937500118e+02,-9.437811438254723839e+01
4.672473515625000005e+02,-8.989134658584001158e+01
4.672476445312499891e+02,-8.333955270504077362e+01
4.672479375000000346e+02,-8.946469105082839235e+01
4.672482304687500232e+02,-8.469439530301269770e+01
4.672485234375000118e+02,-8.276882318695999174e+01
4.672488164062500005e+02,-8.251916045374515818e+01
4.672491093749999891e+02,-8.022247188719984479e+01
4.672494023437500346e+02,-8.122407935901583187e+01
4.672496953125000232e+02,-8.911547018978771462e+01
4.672499882812500118e+02,-9.094654899252870450e+01
4.672502812500000005e+02,-8.700076118797230151e+01
4.672505742187499891e+02,-8.730879384524861564e+01
4.672508671875000346e+02,-8.232422067897087459e+01
4.672511601562500232e+02,-7.955042694427444872e+01
4.672514531250000118e+02,-8.982892853210073270e+01
4.672517460937500005e+02,-9.178470011725499944e+01
4.672520390624999891e+02,-9.074709086276209291e+01
4.672523320312500346e+02,-9.624232535276483702e+01
4.672526250000000232e+02,-8.927763261025395991e+01
4.672529179687500118e+02,-8.906530470656909415e+01
4.672532109375000005e+02,-8.998366804688163256e+01
4.672535039062499891e+02,-8.344211895897308295e+01
4.672537968750000346e+02,-8.685810851945304023e+01
4.672540898437500232e+02,-8.170409087167692519e+01
4.672543828125000118e+02,-8.209139119348641600e+01
4.672546757812500005e+02,-8.276110669412557286e+01
4.672549687499999891e+02,-8.591301388256073324e+01
4.672552617187500346e+02,-9.013829251254408348e+01
4.672555546875000232e+02,-8.459055524906310097e+01
4.672558476562500118e+02,-9.733375410449770015e+01
4.672561406250000005e+02,-8.384636060653299694e+01
4.672564335937499891e+02,-8.542235802347340723e+01
4.672567265625000346e+02,-8.365696018565829206e+01
4.672570195312500232e+02,-7.987904555057032496e+01
4.672573125000000118e+02,-7.998662923673700220e+01
4.672576054687500005e+02,-8.175066159776015695e+01
4.672578984374999891e+02,-8.784872524257724535e+01
4.672581914062500346e+02,-8.779716368072129740e+01
4.672584843750000232e+02,-8.480643757717376729e+01
4.672587773437500118e+02,-9.537876219890677021e+01
4.672590703125000005e+02,-8.494529946828016875e+01
4.672593632812499891e+02,-7.984263081381055827e+01
4.672596562500000346e+02,-7.847895303579667825e+01
4.672599492187500232e+02,-8.244534583373845749e+01
4.672602421875000118e+02,-8.390929449668279005e+01
4.672605351562500005e+02,-8.016064752119029890e+01
4.672608281249999891e+02,-7.994924068771459247e+01
4.672611210937500346e+02,-8.224987127682082644e+01
4.672614140625000232e+02,-9.674773205371353413e+01
4.672617070312500118e+02,-8.506821830828823749e+01
4.672620000000000005e+02,-8.947779304662927302e+01
4.672622929687499891e+02,-9.398428343246862937e+01
4.672625859375000346e+02,-8.009615004847961472e+01
4.672628789062500232e+02,-8.272401668482740433e+01
4.672631718750000118e+02,-9.140376335026567745e+01
4.672634648437500005e+02,-8.413587240365920650e+01
4.672637578124999891e+02,-8.612773589897096826e+01
4.672640507812500346e+02,-8.904651315794401967e+01
4.672643437500000232e+02,-8.730508011638910659e+01
4.672646367187500118e+02,-8.851872171944854983e+01
4.672649296875000005e+02,-8.999616892323842876e+01
4.672652226562499891e+02,-9.792476754525246463e+01
4.672655156250000346e+02,-9.067394023986292950e+01
4.672658085937500232e+02,-9.251147292038488956e+01
4.672661015625000118e+02,-8.721430810194306105e+01
4.672663945312500005e+02,-8.464108306554975059e+01
4.672666874999999891e+02,-8.652463921644780953e+01
4.672669804687500346e+02,-8.194036947593545506e+01
4.672672734375000232e+02,-8.291307800318607235e+01
4.672675664062500118e+02,-8.962453320553979097e+01
4.672678593750000005e+02,-9.224452637347695827e+01
4.672681523437499891e+02,-9.053552943535578379e+01
4.672684453125000346e+02,-8.171974193565921496e+01
4.672687382812500232e+02,-8.184841748163816533e+01
4.672690312500000118e+02,-9.114456967760017392e+01
4.672693242187500005e+02,-8.835225939742542778e+01
4.672696171874999891e+02,-8.310110656406496332e+01
4.672699101562500346e+02,-8.643472245902515283e+01
4.672702031250000232e+02,-8.910580936555530229e+01
4.672704960937500118e+02,-8.579013086556876999e+01
4.672707890625000005e+02,-8.035393105971886030e+01
4.672710820312499891e+02,-9.295115102374127503e+01
4.672713750000000346e+02,-9.532282318813798838e+01
4.672716679687500232e+02,-9.019880656122396090e+01
4.672719609375000118e+02,-8.466480370045061932e+01
4.672722539062500005e+02,-8.179315182726054445e+01
4.672725468749999891e+02,-8.096869136035864756e+01
4.672728398437500346e+02,-8.051573685125018187e+01
4.672731328125000232e+02,-8.665365141229580104e+01
4.672734257812500118e+02,-8.435939174209269709e+01
4.672737187500000005e+02,-9.291121171085927699e+01
4.672740117187499891e+02,-8.125673549205623658e+01
4.672743046875000346e+02,-7.083953533980466943e+01
4.672745976562500232e+02,-7.457956328123175638e+01
4.672748906250000118e+02,-9.124316965224032572e+01
4.672751835937500005e+02,-9.370236281720104898e+01
4.672754765624999891e+02,-8.633635040026830154e+01
4.672757695312500346e+02,-8.625791860030182079e+01
4.672760625000000232e+02,-9.340249374240983116e+01
4.672763554687500118e+02,-8.826585880967157038e+01
4.672766484375000005e+02,-8.366269346514673089e+01
4.672769414062499891e+02,-8.791843753621014912e+01
4.672772343750000346e+02,-8.508653026284159182e+01
4.672775273437500232e+02,-7.923886089445913683e+01
4.672778203125000118e+02,-7.995992649006186070e+01
4.672781132812500005e+02,-7.981252598269918508e+01
4.672784062499999891e+02,-8.570333913452905961e+01
4.672786992187500346e+02,-8.493520659697526298e+01
4.672789921875000232e+02,-8.508917217940540922e+01
4.672792851562500118e+02,-8.489926198456545592e+01
4.672795781250000005e+02,-8.430820810918143593e+01
4.672798710937499891e+02,-8.173951114220500358e+01
4.672801640625000346e+02,-7.580752132619835493e+01
4.672804570312500232e+02,-7.739583051385201884e+01
4.672807500000000118e+02,-9.969818216820605983e+01
4.672810429687500005e+02,-8.987138165448675409e+01
4.672813359374999891e+02,-8.839803469040370487e+01
4.672816289062500346e+02,-8.818585183275261841e+01
4.672819218750000232e+02,-8.831772631780526694e+01
4.672822148437500118e+02,-9.172718455421316719e+01
4.672825078125000005e+02,-9.920418401599199854e+01
4.672828007812499891e+02,-8.639969234927605157e+01
4.672830937500000346e+02,-8.626660199483104918e+01
4.672833867187500232e+02,-8.642342107523830919e+01
4.672836796875000118e+02,-8.603344073027531635e+01
4.672839726562500005e+02,-9.044947358687167593e+01
4.672842656249999891e+02,-8.583492796740570441e+01
4.672845585937500346e+02,-7.930481957404577997e+01
4.672848515625000232e+02,-9.286614487105859439e+01
4.672851445312500118e+02,-8.053831749455042655e+01
4.672854375000000005e+02,-7.841253950533953798e+01
4.672857304687499891e+02,-8.422673244579991092e+01
4.672860234375000346e+02,-8.397114370357257940e+01
4.672863164062500232e+02,-8.975558646673404439e+01
4.672866093750000118e+02,-7.991225908408502221e+01
4.672869023437500005e+02,-7.811488626137295910e+01
4.672871953124999891e+02,-8.123504568158843142e+01
4.672874882812500346e+02,-8.131727637453467139e+01
4.672877812500000232e+02,-9.096241624243894819e+01
4.672880742187500118e+02,-9.229322953801202800e+01
4.672883671875000005e+02,-8.170001112436635538e+01
4.672886601562499891e+02,-7.910929113773630661e+01
4.672889531250000346e+02,-8.594584494528093899e+01
4.672892460937500232e+02,-8.761799755539284718e+01
4.672895390625000118e+02,-7.964786441390020855e+01
4.672898320312500005e+02,-8.127463762425520599e+01
4.672901249999999891e+02,-8.429902063745437601e+01
4.672904179687500346e+02,-8.143914763682377611e+01
4.672907109375000232e+02,-8.776455429100192873e+01
4.672910039062500118e+02,-8.835166669195788813e+01
4.672912968750000005e+02,-8.481141835706155518e+01
4.672915898437499891e+02,-9.055863510129329086e+01
4.672918828125000346e+02,-1.029979356963370378e+02
4.672921757812500232e+02,-9.316916018692450052e+01
4.672924687500000118e+02,-8.947730649137803027e+01
4.672927617187500005e+02,-8.412065361725096579e+01
4.672930546874999891e+02,-8.335808070006036985e+01
4.672933476562500346e+02,-8.383066981797227868e+01
4.672936406250000232e+02,-8.269595910748853385e+01
4.672939335937500118e+02,-9.279616736915446040e+01
4.672942265625000005e+02,-1.054291768368284465e+02
4.672945195312499891e+02,-8.409606753329001094e+01
4.672948125000000346e+02,-8.475414388499801532e+01
4.672951054687500232e+02,-8.443624206752132011e+01
4.672953984375000118e+02,-8.126556187519716445e+01
4.672956914062500005e+02,-9.204348792598605655e+01
4.672959843749999891e+02,-9.002789612985198175e+01
4.672962773437500346e+02,-9.707197542408634661e+01
4.672965703125000232e+02,-8.584311102876596067e+01
4.672968632812500118e+02,-8.587488240481853552e+01
4.672971562500000005e+02,-8.956041540249961486e+01
4.672974492187499891e+02,-8.745139292708009293e+01
4.672977421875000346e+02,-8.665162839764307989e+01
4.672980351562500232e+02,-8.765365748195151241e+01
4.672983281250000118e+02,-8.537684505826037196e+01
4.672986210937500005e+02,-8.322817378293690638e+01
4.672989140624999891e+02,-8.126814642966139957e+01
4.672992070312500346e+02,-8.200204703481260538e+01
4.672995000000000232e+02,-8.869169366606141125e+01
4.672997929687500118e+02,-9.673176529989162020e+01
4.673000859375000005e+02,-8.510456464769441709e+01
4.673003789062499891e+02,-8.732814074095341539e+01
4.673006718750000346e+02,-8.496957079749626018e+01
4.673009648437500232e+02,-9.417744056299312660e+01
4.673012578125000118e+02,-8.900153442315415475e+01
4.673015507812500005e+02,-8.473525867163176883e+01
4.673018437499999891e+02,-8.233673558555162231e+01
4.673021367187500346e+02,-8.237340703330070824e+01
4.673024296875000232e+02,-8.100132234501288053e+01
4.673027226562500118e+02,-8.008877980738118652e+01
4.673030156250000005e+02,-8.090688948687265736e+01
4.673033085937499891e+02,-7.907353737100399371e+01
4.673036015625000346e+02,-7.965413000618057993e+01
4.673038945312500232e+02,-7.880395010837642644e+01
4.673041875000000118e+02,-8.150784993272841916e+01
4.673044804687500005e+02,-8.049625488656892003e+01
4.673047734374999891e+02,-7.750558688889182690e+01
4.673050664062500346e+02,-8.464492077481224896e+01
4.673053593750000232e+02,-8.832723287829506376e+01
4.673056523437500118e+02,-9.005395780287545904e+01
4.673059453125000005e+02,-8.635233919562720928e+01
4.673062382812499891e+02,-8.153808348698854047e+01
4.673065312500000346e+02,-8.347305375402430627e+01
4.673068242187500232e+02,-8.703020869074916277e+01
4.673071171875000118e+02,-8.468963187426246009e+01
4.673074101562500005e+02,-9.781336737528940262e+01
4.673077031249999891e+02,-8.346660593092258296e+01
4.673079960937500346e+02,-8.153083936976015877e+01
4.673082890625000232e+02,-8.060272468387859135e+01
4.673085820312500118e+02,-7.876891097895332905e+01
4.673088750000000005e+02,-8.295213958041651381e+01
4.673091679687499891e+02,-8.429213602172271180e+01
4.673094609375000346e+02,-8.500531132969797454e+01
4.673097539062500232e+02,-9.167106924911490751e+01
4.673100468750000118e+02,-8.823963332836794393e+01
4.673103398437500005e+02,-8.998136800900466881e+01
4.673106328124999891e+02,-8.424559961899728933e+01
4.673109257812500346e+02,-8.345032357735668427e+01
4.673112187500000232e+02,-8.534998457348989120e+01
4.673115117187500118e+02,-9.764598029892385966e+01
4.673118046875000005e+02,-8.735765713998193860e+01
4.673120976562499891e+02,-8.705903202451223422e+01
4.673123906250000346e+02,-8.220631273362906200e+01
4.673126835937500232e+02,-8.582225279559933995e+01
4.673129765625000118e+02,-8.243988007640834326e+01
4.673132695312500005e+02,-7.786705475788721742e+01
4.673135624999999891e+02,-8.620623185244130582e+01
4.673138554687500346e+02,-8.708855984697754593e+01
4.673141484375000232e+02,-9.033529282901588431e+01
4.673144414062500118e+02,-9.303467036206653518e+01
4.673147343750000005e+02,-8.973384195976413480e+01
4.673150273437499891e+02,-8.809698577069282521e+01
4.673153203125000346e+02,-8.548255222364646499e+01
4.673156132812500232e+02,-8.730957598231054817e+01
4.673159062500000118e+02,-8.921504024018501866e+01
4.673161992187500005e+02,-8.768628871618378184e+01
4.673164921874999891e+02,-8.386576544406351275e+01
4.673167851562500346e+02,-8.747461808721153886e+01
4.673170781250000232e+02,-9.180063971589119376e+01
4.673173710937500118e+02,-8.584442764659728198e+01
4.673176640625000005e+02,-7.828869795262792763e+01
4.673179570312499891e+02,-7.818525061691146050e+01
4.673182500000000346e+02,-8.402302548262993298e+01
4.673185429687500232e+02,-8.088479769383454254e+01
4.673188359375000118e+02,-8.353409138285874747e+01
4.673191289062500005e+02,-8.162073952765987883e+01
4.673194218749999891e+02,-8.151411486500144576e+01
4.673197148437500346e+02,-8.569432796782214723e+01
4.673200078125000232e+02,-9.020709597588799511e+01
4.673203007812500118e+02,-8.293890727907037785e+01
4.673205937500000005e+02,-8.487280846254692790e+01
4.673208867187499891e+02,-9.895359573092909500e+01
4.673211796875000346e+02,-8.364497063440579439e+01
4.673214726562500232e+02,-8.326064424650667206e+01
4.673217656250000118e+02,-8.485785128383608367e+01
4.673220585937500005e+02,-8.097044946940742705e+01
4.673223515624999891e+02,-8.168408052827834354e+01
4.673226445312500346e+02,-9.068945605666526433e+01
4.673229375000000232e+02,-9.143264735757874462e+01
4.673232304687500118e+02,-8.076267679201315275e+01
4.673235234375000005e+02,-7.911186424898525615e+01
4.673238164062499891e+02,-8.875927905960786291e+01
4.673241093750000346e+02,-9.161468523891096538e+01
4.673244023437500232e+02,-8.580075760827338627e+01
4.673246953125000118e+02,-7.766345493325890459e+01
4.673249882812500005e+02,-7.889091276648856876e+01
4.673252812499999891e+02,-7.928646432609122030e+01
4.673255742187500346e+02,-7.743884828816165111e+01
4.673258671875000232e+02,-8.356448638124601302e+01
4.673261601562500118e+02,-8.920090013304717047e+01
4.673264531250000005e+02,-8.848845002740753785e+01
4.673267460937499891e+02,-8.502383985839773572e+01
4.673270390625000346e+02,-8.406728810090916681e+01
4.673273320312500232e+02,-8.845247814036669354e+01
4.673276250000000118e+02,-8.306937936995606719e+01
4.673279179687500005e+02,-7.698055835042060835e+01
4.673282109374999891e+02,-7.582817963547711315e+01
4.673285039062500346e+02,-8.255881043886689952e+01
4.673287968750000232e+02,-8.783541098493560639e+01
4.673290898437500118e+02,-8.606586654927126290e+01
4.673293828125000005e+02,-7.822962220192908944e+01
4.673296757812499891e+02,-8.178144123733591186e+01
4.673299687500000346e+02,-8.825594901233147027e+01
4.673302617187500232e+02,-9.411285160506889724e+01
4.673305546875000118e+02,-8.800084935760335725e+01
4.673308476562500005e+02,-9.581765529649679536e+01
4.673311406249999891e+02,-8.820941825600199593e+01
4.673314335937500346e+02,-9.165015693069275926e+01
4.673317265625000232e+02,-8.544566311328246400e+01
4.673320195312500118e+02,-7.813061293709657207e+01
4.673323125000000005e+02,-7.776994592984652854e+01
4.673326054687499891e+02,-8.271313582313710810e+01
4.673328984375000346e+02,-8.876239559667479284e+01
4.673331914062500232e+02,-8.463334994737320471e+01
4.673334843750000118e+02,-8.057348954168705291e+01
4.673337773437500005e+02,-8.418034298112155511e+01
4.673340703124999891e+02,-8.844426324250575533e+01
4.673343632812500346e+02,-8.292670800036745504e+01
4.673346562500000232e+02,-7.689654213478321765e+01
4.673349492187500118e+02,-8.047271798608201721e+01
4.673352421875000005e+02,-8.942814516857190199e+01
4.673355351562499891e+02,-8.301004325515953042e+01
4.673358281250000346e+02,-8.649922253323565258e+01
4.673361210937500232e+02,-8.226647580279626482e+01
4.673364140625000118e+02,-7.935731829518540792e+01
4.673367070312500005e+02,-8.210478115670356658e+01
4.673369999999999891e+02,-7.944218941986788707e+01
4.673372929687500346e+02,-8.478907004847812345e+01
4.673375859375000232e+02,-8.063872746256660662e+01
4.673378789062500118e+02,-7.875231811939038096e+01
4.673381718750000005e+02,-7.816683197797073035e+01
4.673384648437499891e+02,-7.759069283163556463e+01
4.673387578125000346e+02,-8.674185451682092207e+01
4.673390507812500232e+02,-8.197655725316724329e+01
4.673393437500000118e+02,-8.358026909552580719e+01
4.673396367187500005e+02,-7.735225832284898217e+01
4.673399296874999891e+02,-6.902840892508189086e+01
4.673402226562500346e+02,-7.202522340258346389e+01
4.673405156250000232e+02,-8.855268497831110608e+01
4.673408085937500118e+02,-8.561136245137737433e+01
4.673411015625000005e+02,-8.271501615744057290e+01
4.673413945312499891e+02,-8.530476070435466340e+01
4.673416875000000346e+02,-8.665281950075069517e+01
4.673419804687500232e+02,-8.437627493274918322e+01
4.673422734375000118e+02,-8.243474377575145695e+01
4.673425664062500005e+02,-8.250217380892050301e+01
4.673428593749999891e+02,-8.327755478742490425e+01
4.673431523437500346e+02,-8.682246833670248520e+01
4.673434453125000232e+02,-8.179485565531737734e+01
4.673437382812500118e+02,-7.749596379984035366e+01
4.673440312500000005e+02,-8.491264002011354250e+01
4.673443242187499891e+02,-8.192001069908886279e+01
4.673446171875000346e+02,-8.696473539527430319e+01
4.673449101562500232e+02,-8.095420256256758762e+01
4.673452031250000118e+02,-8.623396549345885376e+01
4.673454960937500005e+02,-8.039582666639121555e+01
4.673457890624999891e+02,-7.764995770031904954e+01
4.673460820312500346e+02,-7.805812329336431787e+01
4.673463750000000232e+02,-8.521204608804200120e+01
4.673466679687500118e+02,-8.312143025793091056e+01
4.673469609375000005e+02,-7.813874295514278856e+01
4.673472539062499891e+02,-8.445348725469911244e+01
4.673475468750000346e+02,-8.790401260680283713e+01
4.673478398437500232e+02,-8.728664786960045774e+01
4.673481328125000118e+02,-8.230859110804929912e+01
4.673484257812500005e+02,-7.930304594177398769e+01
4.673487187499999891e+02,-7.946553028348132841e+01
4.673490117187500346e+02,-8.798560333099240438e+01
4.673493046875000232e+02,-9.427866377914362772e+01
4.673495976562500118e+02,-8.248362795423373939e+01
4.673498906250000005e+02,-8.215912446470456132e+01
4.673501835937499891e+02,-8.431381069873295075e+01
4.673504765625000346e+02,-7.789645219568369328e+01
4.673507695312500232e+02,-7.987796152122413673e+01
4.673510625000000118e+02,-8.346928122814397000e+01
4.673513554687500005e+02,-8.168797314977454960e+01
4.673516484374999891e+02,-8.811106585626720289e+01
4.673519414062500346e+02,-9.237272572325380793e+01
4.673522343750000232e+02,-8.164144854604538182e+01
4.673525273437500118e+02,-7.813735921471221957e+01
4.673528203125000005e+02,-8.014794349824379083e+01
4.673531132812499891e+02,-8.809621834194078360e+01
4.673534062500000346e+02,-8.122193647143254225e+01
4.673536992187500232e+02,-8.271004092232628579e+01
4.673539921875000118e+02,-9.165502225361154842e+01
4.673542851562500005e+02,-9.056671416381914241e+01
4.673545781249999891e+02,-8.154420311821544942e+01
4.673548710937500346e+02,-7.793627228955267583e+01
4.673551640625000232e+02,-7.846506746592707771e+01
4.673554570312500118e+02,-8.755581377102542717e+01
4.673557500000000005e+02,-7.878404369681389596e+01
4.673560429687499891e+02,-9.194527177962827125e+01
4.673563359375000346e+02,-8.291327274445690421e+01
4.673566289062500232e+02,-8.821793555474172877e+01
4.673569218750000118e+02,-7.650759780828225587e+01
4.673572148437500005e+02,-7.680966937772909375e+01
4.673575078124999891e+02,-7.845114978928813798e+01
4.673578007812500346e+02,-7.959782593613516610e+01
4.673580937500000232e+02,-7.889629354900253588e+01
4.673583867187500118e+02,-8.270494329458645666e+01
4.673586796875000005e+02,-8.080241141972898333e+01
4.673589726562499891e+02,-8.281139255398903742e+01
4.673592656250000346e+02,-8.266992121693193951e+01
4.673595585937500232e+02,-7.982214684895511425e+01
4.673598515625000118e+02,-8.526045752108723264e+01
4.673601445312500005e+02,-9.494950865165252196e+01
4.673604374999999891e+02,-8.531332676071238552e+01
4.673607304687500346e+02,-9.096754282795247093e+01
4.673610234375000232e+02,-8.980554739701291567e+01
4.673613164062500118e+02,-8.324655274675215821e+01
4.673616093750000005e+02,-8.369552174101572461e+01
4.673619023437499891e+02,-7.841438369006601761e+01
4.673621953125000346e+02,-7.732093234901002177e+01
4.673624882812500232e+02,-7.785416109297605658e+01
4.673627812500000118e+02,-8.190048966444278733e+01
4.673630742187500005e+02,-7.936334271787637817e+01
4.673633671874999891e+02,-9.022207695594764232e+01
4.673636601562500346e+02,-8.026636172837761762e+01
4.673639531250000232e+02,-8.074134715110776028e+01
4.673642460937500118e+02,-8.416743253958507864e+01
4.673645390625000005e+02,-9.675903849465989026e+01
4.673648320312499891e+02,-1.026767993074056733e+02
4.673651250000000346e+02,-9.027898967425663557e+01
4.673654179687500232e+02,-8.446258008845489940e+01
4.673657109375000118e+02,-8.444551659698618096e+01
4.673660039062500005e+02,-8.049676286558364779e+01
4.673662968749999891e+02,-8.436350483532585542e+01
4.673665898437500346e+02,-7.695956158493518728e+01
4.673668828125000232e+02,-7.731318531619288592e+01
4.673671757812500118e+02,-8.770398365054904843e+01
4.673674687500000005e+02,-9.742772626149570669e+01
4.673677617187499891e+02,-8.388034845043861765e+01
4.673680546875000346e+02,-8.426547725309752934e+01
4.673683476562500232e+02,-9.077956048339166273e+01
4.673686406250000118e+02,-7.949576432164698758e+01
4.673689335937500005e+02,-7.811490304142506602e+01
4.673692265624999891e+02,-8.235071514237084500e+01
4.673695195312500346e+02,-8.923062282322106853e+01
4.673698125000000232e+02,-8.992265550197257085e+01
4.673701054687500118e+02,-8.590820248083618083e+01
4.673703984375000005e+02,-8.019410967597269746e+01
4.673706914062499891e+02,-8.309569201026612006e+01
4.673709843750000346e+02,-7.804526364608400968e+01
4.673712773437500232e+02,-7.739089799293915917e+01
4.673715703125000118e+02,-7.665289912192976374e+01
4.673718632812500005e+02,-7.707106089053547748e+01
4.673721562499999891e+02,-7.696646884438658276e+01
4.673724492187500346e+02,-8.084627193225747988e+01
4.673727421875000232e+02,-7.873779775973250139e+01
4.673730351562500118e+02,-8.297955094515185692e+01
4.673733281250000005e+02,-8.202736234942045712e+01
4.673736210937499891e+02,-8.119519589567845230e+01
4.673739140625000346e+02,-9.547714126106004073e+01
4.673742070312500232e+02,-8.133964385476278380e+01
4.673745000000000118e+02,-8.044168041791900237e+01
4.673747929687500005e+02,-8.161104587348843609e+01
4.673750859374999891e+02,-8.667904128648261519e+01
4.673753789062500346e+02,-9.267536509909085396e+01
4.673756718750000232e+02,-8.645450953300931474e+01
4.673759648437500118e+02,-8.551491383916471989e+01
4.673762578125000005e+02,-7.757353815603111968e+01
4.673765507812499891e+02,-7.702545722015247520e+01
4.673768437500000346e+02,-7.702221524629814553e+01
4.673771367187500232e+02,-7.904661659092168691e+01
4.673774296875000118e+02,-8.289951908357909360e+01
4.673777226562500005e+02,-7.980131835427924614e+01
4.673780156249999891e+02,-8.161006246831966848e+01
4.673783085937500346e+02,-7.943013007798695924e+01
4.673786015625000232e+02,-7.353108117856609738e+01
4.673788945312500118e+02,-7.901330166624073570e+01
4.673791875000000005e+02,-8.416085001587737224e+01
4.673794804687499891e+02,-8.230323195158109684e+01
4.673797734375000346e+02,-9.344964346195880012e+01
4.673800664062500232e+02,-8.432708410165648161e+01
4.673803593750000118e+02,-7.909970585418444955e+01
4.673806523437500005e+02,-7.839950772680074920e+01
4.673809453124999891e+02,-7.772264995565953427e+01
4.673812382812500346e+02,-7.656603971717999002e+01
4.673815312500000232e+02,-9.273886064293103004e+01
4.673818242187500118e+02,-8.181451202618085006e+01
4.673821171875000005e+02,-9.220995336302021883e+01
4.673824101562499891e+02,-8.690805895162637285e+01
4.673827031250000346e+02,-7.904646446391110715e+01
4.673829960937500232e+02,-7.711434663121411859e+01
4.673832890625000118e+02,-9.274568009218694442e+01
4.673835820312500005e+02,-8.520933807433458185e+01
4.673838749999999891e+02,-7.827391642600075272e+01
4.673841679687500346e+02,-7.721139235022357639e+01
4.673844609375000232e+02,-7.863126497505270152e+01
4.673847539062500118e+02,-7.733312233820880977e+01
4.673850468750000005e+02,-7.776545397106092139e+01
4.673853398437499891e+02,-8.121163664004428995e+01
4.673856328125000346e+02,-7.923450068049184836e+01
4.673859257812500232e+02,-7.877645686272421699e+01
4.673862187500000118e+02,-7.747189122862813804e+01
4.673865117187500005e+02,-7.723271629153467188e+01
4.673868046874999891e+02,-8.229818638844265877e+01
4.673870976562500346e+02,-8.433878222580055706e+01
4.673873906250000232e+02,-8.308357846925039780e+01
4.673876835937500118e+02,-8.982287886994866710e+01
4.673879765625000005e+02,-8.138095721313757736e+01
4.673882695312499891e+02,-8.173255849123333405e+01
4.673885625000000346e+02,-9.246727160082818386e+01
4.673888554687500232e+02,-8.095013159427850269e+01
4.673891484375000118e+02,-7.973380762821341250e+01
4.673894414062500005e+02,-7.726719511378793470e+01
4.673897343749999891e+02,-7.834185476557391326e+01
4.673900273437500346e+02,-8.170981244617505013e+01
4.673903203125000232e+02,-8.583036974536864250e+01
4.673906132812500118e+02,-8.117119408904842714e+01
4.673909062500000005e+02,-8.526702062978047536e+01
4.673911992187499891e+02,-8.064166531857573261e+01
4.673914921875000346e+02,-8.901510090781070517e+01
4.673917851562500232e+02,-8.702205876313342969e+01
4.673920781250000118e+02,-8.962492632614045363e+01
4.673923710937500005e+02,-8.720720046482490773e+01
4.673926640624999891e+02,-8.360306672240696457e+01
4.673929570312500346e+02,-8.513340946965794842e+01
4.673932500000000232e+02,-7.908235235915375938e+01
4.673935429687500118e+02,-7.283424010073397881e+01
4.673938359375000005e+02,-7.845140406575553982e+01
4.673941289062499891e+02,-8.067782324867495447e+01
4.673944218750000346e+02,-8.885134201862926773e+01
4.673947148437500232e+02,-9.571349949320858741e+01
4.673950078125000118e+02,-8.736817027968425009e+01
4.673953007812500005e+02,-7.681356916070282637e+01
4.673955937499999891e+02,-7.979874364689285926e+01
4.673958867187500346e+02,-8.079909501730239185e+01
4.673961796875000232e+02,-7.949972578980818128e+01
4.673964726562500118e+02,-7.149680653013082576e+01
4.673967656250000005e+02,-7.284674680119479717e+01
4.673970585937499891e+02,-7.950688456008187188e+01
4.673973515625000346e+02,-7.851334945605667315e+01
4.673976445312500232e+02,-7.932538125698337694e+01
4.673979375000000118e+02,-8.374661144677170910e+01
4.673982304687500005e+02,-8.659327007778577467e+01
4.673985234374999891e+02,-7.317443303422660961e+01
4.673988164062500346e+02,-7.093790999279038090e+01
4.673991093750000232e+02,-7.962888916517958648e+01
4.673994023437500118e+02,-8.568429003986855719e+01
4.673996953125000005e+02,-8.406773692493675298e+01
4.673999882812499891e+02,-1.009672866622982355e+02
4.674002812500000346e+02,-7.911981952502453908e+01
4.674005742187500232e+02,-7.735718531083418270e+01
4.674008671875000118e+02,-7.761885141248023956e+01
4.674011601562500005e+02,-8.095196733795377497e+01
4.674014531249999891e+02,-9.043666783250111507e+01
4.674017460937500346e+02,-8.915546966821304409e+01
4.674020390625000232e+02,-7.948517751324793323e+01
4.674023320312500118e+02,-7.659958640310341593e+01
4.674026250000000005e+02,-8.250150206923311202e+01
4.674029179687499891e+02,-8.174248256534981749e+01
4.674032109375000346e+02,-7.660342184785835684e+01
4.674035039062500232e+02,-7.881273393115576198e+01
4.674037968750000118e+02,-8.237977361763604733e+01
4.674040898437500005e+02,-8.130768092085958187e+01
4.674043828124999891e+02,-7.792465702951386675e+01
4.674046757812500346e+02,-7.544594278768970241e+01
4.674049687500000232e+02,-9.237178703577443173e+01
4.674052617187500118e+02,-7.967812718513363279e+01
4.674055546875000005e+02,-7.942528512615125180e+01
4.674058476562499891e+02,-7.731943907474733635e+01
4.674061406250000346e+02,-7.922906504725312971e+01
4.674064335937500232e+02,-8.075928769616353975e+01
4.674067265625000118e+02,-8.397364796517302921e+01
4.674070195312500005e+02,-8.415473049862367816e+01
4.674073124999999891e+02,-8.481384518824286545e+01
4.674076054687500346e+02,-1.032756639368742810e+02
4.674078984375000232e+02,-8.686402447707033048e+01
4.674081914062500118e+02,-7.716978627466856722e+01
4.674084843750000005e+02,-8.066082381560123338e+01
4.674087773437499891e+02,-8.100129763290389917e+01
4.674090703125000346e+02,-8.103486953466571663e+01
4.674093632812500232e+02,-7.692450875145220834e+01
4.674096562500000118e+02,-8.865444609766760209e+01
4.674099492187500005e+02,-8.920582291130170915e+01
4.674102421874999891e+02,-8.297970422084638642e+01
4.674105351562500346e+02,-8.576644892288668132e+01
4.674108281250000232e+02,-7.865893456515024695e+01
4.674111210937500118e+02,-7.502671086185910099e+01
4.674114140625000005e+02,-8.169124600301731220e+01
4.674117070312499891e+02,-8.375056340548887590e+01
4.674120000000000346e+02,-8.371330835388739899e+01
4.674122929687500232e+02,-8.212812774750146616e+01
4.674125859375000118e+02,-7.725304272435968755e+01
4.674128789062500005e+02,-7.861643606191636025e+01
4.674131718749999891e+02,-8.428844374079604052e+01
4.674134648437500346e+02,-8.995280661721851345e+01
4.674137578125000232e+02,-8.763056368854635991e+01
4.674140507812500118e+02,-7.548758973330342315e+01
4.674143437500000005e+02,-7.822853553787558667e+01
4.674146367187499891e+02,-8.195546012437608852e+01
4.674149296875000346e+02,-8.176074905339473275e+01
4.674152226562500232e+02,-7.544211989961527820e+01
4.674155156250000118e+02,-7.482505494190290563e+01
4.674158085937500005e+02,-7.488308785114247712e+01
4.674161015624999891e+02,-7.367132920422010045e+01
4.674163945312500346e+02,-7.445921066908667285e+01
4.674166875000000232e+02,-8.351702221070655696e+01
4.674169804687500118e+02,-9.159972201090886301e+01
4.674172734375000005e+02,-7.900745177653341500e+01
4.674175664062499891e+02,-7.787394217213169156e+01
4.674178593750000346e+02,-8.073488656320286339e+01
4.674181523437500232e+02,-8.263233916979751825e+01
4.674184453125000118e+02,-8.828872832078917554e+01
4.674187382812500005e+02,-8.292962820959422743e+01
4.674190312499999891e+02,-6.579403979869309183e+01
4.674193242187500346e+02,-6.497510603582762201e+01
4.674196171875000232e+02,-7.523556816187164031e+01
4.674199101562500118e+02,-7.579383686213547833e+01
4.674202031250000005e+02,-8.053370176014533399e+01
4.674204960937499891e+02,-7.930782338720587177e+01
4.674207890625000346e+02,-7.320331028166509668e+01
4.674210820312500232e+02,-7.256979057386524801e+01
4.674213750000000118e+02,-7.901249817294792877e+01
4.674216679687500005e+02,-7.640663091015088071e+01
4.674219609374999891e+02,-7.959225337110611065e+01
4.674222539062500346e+02,-8.532177539997222482e+01
4.674225468750000232e+02,-7.664553421171072500e+01
4.674228398437500118e+02,-7.528759456515699355e+01
4.674231328125000005e+02,-9.327030030529891746e+01
4.674234257812499891e+02,-8.370555627924183284e+01
4.674237187500000346e+02,-8.181780675041130735e+01
4.674240117187500232e+02,-8.106117028047864892e+01
4.674243046875000118e+02,-8.124275779491206606e+01
4.674245976562500005e+02,-8.313844381771416181e+01
4.674248906249999891e+02,-9.245500615557057245e+01
4.674251835937500346e+02,-7.659935123201478291e+01
4.674254765625000232e+02,-7.530742991615703374e+01
4.674257695312500118e+02,-8.053985287003698090e+01
4.674260625000000005e+02,-8.379131657381557829e+01
4.674263554687499891e+02,-8.171396908628781830e+01
4.674266484375000346e+02,-8.321096296450564012e+01
4.674269414062500232e+02,-8.795545734770784918e+01
4.674272343750000118e+02,-7.732377276800531263e+01
4.674275273437500005e+02,-7.548845001785417708e+01
4.674278203124999891e+02,-8.778237906741202323e+01
4.674281132812500346e+02,-8.304845425604214881e+01
4.674284062500000232e+02,-8.361342168590812207e+01
4.674286992187500118e+02,-7.938912266803076534e+01
4.674289921875000005e+02,-8.148969670581139724e+01
4.674292851562499891e+02,-7.862499965038375649e+01
4.674295781250000346e+02,-7.662020978522508585e+01
4.674298710937500232e+02,-7.614112810897916006e+01
4.674301640625000118e+02,-7.563509584116445694e+01
4.674304570312500005e+02,-9.177876439357719107e+01
4.674307499999999891e+02,-8.063478073351609510e+01
4.674310429687500346e+02,-8.097491260396431301e+01
4.674313359375000232e+02,-8.089746877651761281e+01
4.674316289062500118e+02,-7.749003871830780099e+01
4.674319218750000005e+02,-8.057173486302116316e+01
4.674322148437499891e+02,-8.227335688488253140e+01
4.674325078125000346e+02,-7.965540045342039832e+01
4.674328007812500232e+02,-8.875812897206920127e+01
4.674330937500000118e+02,-8.239583298887686169e+01
4.674333867187500005e+02,-8.332339280069371057e+01
4.674336796874999891e+02,-8.111368769269397205e+01
4.674339726562500346e+02,-7.925103363954146118e+01
4.674342656250000232e+02,-7.527472196263471460e+01
4.674345585937500118e+02,-7.607057455786471678e+01
4.674348515625000005e+02,-8.250745017485867550e+01
4.674351445312499891e+02,-9.921807360609847137e+01
4.674354375000000346e+02,-7.858238834493090508e+01
4.674357304687500232e+02,-7.188565476354467876e+01
4.674360234375000118e+02,-7.262706646145974787e+01
4.674363164062500005e+02,-8.778809998293002081e+01
4.674366093749999891e+02,-7.949833683839555931e+01
4.674369023437500346e+02,-7.621335587056472605e+01
4.674371953125000232e+02,-7.598097793448933146e+01
4.674374882812500118e+02,-8.440909324827849503e+01
4.674377812500000005e+02,-7.796384109207889423e+01
4.674380742187499891e+02,-7.209234288584015360e+01
4.674383671875000346e+02,-7.517356228990608713e+01
4.674386601562500232e+02,-7.358726450867105484e+01
4.674389531250000118e+02,-7.219149508296281681e+01
4.674392460937500005e+02,-7.206987825480858589e+01
4.674395390624999891e+02,-7.430978484636702319e+01
4.674398320312500346e+02,-8.158839337059168884e+01
4.674401250000000232e+02,-9.155216597922103006e+01
4.674404179687500118e+02,-7.160063189658492888e+01
4.674407109375000005e+02,-7.124224450888262083e+01
4.674410039062499891e+02,-7.916566093229971557e+01
4.674412968750000346e+02,-8.438442227841821364e+01
4.674415898437500232e+02,-8.405928197625185305e+01
4.674418828125000118e+02,-8.628861920403039676e+01
4.674421757812500005e+02,-7.812562546944053565e+01
4.674424687499999891e+02,-8.180619766176492647e+01
4.674427617187500346e+02,-7.653538329414413965e+01
4.674430546875000232e+02,-7.583157691498576014e+01
4.674433476562500118e+02,-8.257684696517442546e+01
4.674436406250000005e+02,-8.544039956925934121e+01
4.674439335937499891e+02,-8.283746588825962931e+01
4.674442265625000346e+02,-7.635612988453326011e+01
4.674445195312500232e+02,-8.294038754798347668e+01
4.674448125000000118e+02,-8.524187034888014125e+01
4.674451054687500005e+02,-7.793155872452723543e+01
4.674453984374999891e+02,-7.574126332862618938e+01
4.674456914062500346e+02,-7.952850239125032772e+01
4.674459843750000232e+02,-7.630649196423333080e+01
4.674462773437500118e+02,-8.206435185196754389e+01
4.674465703125000005e+02,-8.443807611949308978e+01
4.674468632812499891e+02,-8.226880321450570932e+01
4.674471562500000346e+02,-7.701368985492197794e+01
4.674474492187500232e+02,-7.904321133328149074e+01
4.674477421875000118e+02,-8.175026303110621484e+01
4.674480351562500005e+02,-8.782515433211735001e+01
4.674483281249999891e+02,-7.511606703393209727e+01
4.674486210937500346e+02,-6.994937249599188078e+01
4.674489140625000232e+02,-7.298320365472335425e+01
4.674492070312500118e+02,-9.888540643676333275e+01
4.674495000000000005e+02,-8.099930844286477338e+01
4.674497929687499891e+02,-7.869095835937497441e+01
4.674500859375000346e+02,-9.026189603722578170e+01
4.674503789062500232e+02,-7.472727515971368462e+01
4.674506718750000118e+02,-7.198007415088613925e+01
4.674509648437500005e+02,-7.833066839943053594e+01
4.674512578124999891e+02,-8.402836000122306359e+01
4.674515507812500346e+02,-7.608976318297439434e+01
4.674518437500000232e+02,-7.051670577934750384e+01
4.674521367187500118e+02,-7.996201259842177933e+01
4.674524296875000005e+02,-8.625409828148409019e+01
4.674527226562499891e+02,-7.765113822114572883e+01
4.674530156250000346e+02,-6.868866966128534557e+01
4.674533085937500232e+02,-6.904991440986779594e+01
4.674536015625000118e+02,-7.167267789407381429e+01
4.674538945312500005e+02,-7.274358245854965332e+01
4.674541874999999891e+02,-7.564953604383954655e+01
4.674544804687500346e+02,-7.522590020767238173e+01
4.674547734375000232e+02,-7.490839756416220041e+01
4.674550664062500118e+02,-7.676983322483877714e+01
4.674553593750000005e+02,-7.692955207217518421e+01
4.674556523437499891e+02,-7.255476570393615532e+01
4.674559453125000346e+02,-7.407961985338052102e+01
4.674562382812500232e+02,-7.878552535811142832e+01
4.674565312500000118e+02,-7.280000065456196978e+01
4.674568242187500005e+02,-8.300684189435142457e+01
4.674571171874999891e+02,-8.030572160436921081e+01
4.674574101562500346e+02,-7.803306981509052775e+01
4.674577031250000232e+02,-8.789560912096715128e+01
4.674579960937500118e+02,-8.839058043593351499e+01
4.674582890625000005e+02,-8.075433733547558290e+01
4.674585820312499891e+02,-8.561857058876172744e+01
4.674588750000000346e+02,-8.581259816102921434e+01
4.674591679687500232e+02,-8.055594815736890268e+01
4.674594609375000118e+02,-7.813303112550171647e+01
4.674597539062500005e+02,-7.276562830198994902e+01
4.674600468749999891e+02,-8.687141797114576036e+01
4.674603398437500346e+02,-7.687570640606273287e+01
4.674606328125000232e+02,-7.844278806651081482e+01
4.674609257812500118e+02,-7.169375430250207160e+01
4.674612187500000005e+02,-7.709145490489896702e+01
4.674615117187499891e+02,-7.450164034161728921e+01
4.674618046875000346e+02,-7.427775409766476855e+01
4.674620976562500232e+02,-9.118758815258698291e+01
4.674623906250000118e+02,-7.722115795660931781e+01
4.674626835937500005e+02,-7.642444543895980757e+01
4.674629765624999891e+02,-8.886170397785201658e+01
4.674632695312500346e+02,-7.902961120223926628e+01
4.674635625000000232e+02,-7.596895907291649053e+01
4.674638554687500118e+02,-7.122722280936783079e+01
4.674641484375000005e+02,-6.884323020921277703e+01
4.674644414062499891e+02,-6.540141632573349284e+01
4.674647343750000346e+02,-7.339706105866788732e+01
4.674650273437500232e+02,-8.241328883895350543e+01
4.674653203125000118e+02,-7.782966173559532308e+01
4.674656132812500005e+02,-9.027832526076872455e+01
4.674659062499999891e+02,-7.519412157661565743e+01
4.674661992187500346e+02,-7.622400926634279017e+01
4.674664921875000232e+02,-7.678364827780897883e+01
4.674667851562500118e+02,-8.276569885244008162e+01
4.674670781250000005e+02,-7.394039828974445072e+01
4.674673710937499891e+02,-7.392936599488817251e+01
4.674676640625000346e+02,-7.645395367834555600e+01
4.674679570312500232e+02,-7.229418951363358303e+01
4.674682500000000118e+02,-7.886830807070285232e+01
4.674685429687500005e+02,-7.240133560184462169e+01
4.674688359374999891e+02,-6.699258420548440540e+01
4.674691289062500346e+02,-6.957147542391115280e+01
4.674694218750000232e+02,-7.839683498968709330e+01
4.674697148437500118e+02,-7.538074464090161086e+01
4.674700078125000005e+02,-7.910408048710348794e+01
4.674703007812499891e+02,-7.363976338487370299e+01
4.674705937500000346e+02,-6.916785676327154420e+01
4.674708867187500232e+02,-7.167707343012610011e+01
4.674711796875000118e+02,-7.273960264614451887e+01
4.674714726562500005e+02,-7.636952971388338085e+01
4.674717656249999891e+02,-7.231207680185923437e+01
4.674720585937500346e+02,-7.349267643035244646e+01
4.674723515625000232e+02,-6.982777884486486641e+01
4.674726445312500118e+02,-6.655199132763515024e+01
4.674729375000000005e+02,-7.089241912917704269e+01
4.674732304687499891e+02,-7.090257229843271602e+01
4.674735234375000346e+02,-8.580939102974218713e+01
4.674738164062500232e+02,-8.044751553563935431e+01
4.674741093750000118e+02,-8.236345490922049351e+01
4.674744023437500005e+02,-7.571781281196177815e+01
4.674746953124999891e+02,-6.951105701201639420e+01
4.674749882812500346e+02,-7.570028047715729258e+01
4.674752812500000232e+02,-8.029293607831262136e+01
4.674755742187500118e+02,-8.046869842729461197e+01
4.674758671875000005e+02,-8.373037137118899409e+01
4.674761601562499891e+02,-7.646078432705202488e+01
4.674764531250000346e+02,-7.559198552841432672e+01
4.674767460937500232e+02,-7.471140175054176780e+01
4.674770390625000118e+02,-6.845855642378091943e+01
4.674773320312500005e+02,-7.749498105785815483e+01
4.674776249999999891e+02,-7.104136267721794695e+01
4.674779179687500346e+02,-7.207694377045919509e+01
4.674782109375000232e+02,-7.675547880696717584e+01
4.674785039062500118e+02,-7.893270616997408240e+01
4.674787968750000005e+02,-7.283653594226376526e+01
4.674790898437499891e+02,-7.059143649445250901e+01
4.674793828125000346e+02,-7.303646140045485424e+01
4.674796757812500232e+02,-6.970452341134291885e+01
4.674799687500000118e+02,-8.236116250657141791e+01
4.674802617187500005e+02,-7.443031584488535657e+01
4.674805546874999891e+02,-7.053610713125198117e+01
4.674808476562500346e+02,-7.286673601049731985e+01
4.674811406250000232e+02,-5.969309964919702338e+01
4.674814335937500118e+02,-5.545707714145812162e+01
4.674817265625000005e+02,-6.500425452955350636e+01
4.674820195312499891e+02,-7.574020339943643876e+01
4.674823125000000346e+02,-9.179354404205747642e+01
4.674826054687500232e+02,-7.560315745134306553e+01
4.674828984375000118e+02,-7.615155710941800749e+01
4.674831914062500005e+02,-7.126423223483539005e+01
4.674834843749999891e+02,-8.993008888263167933e+01
4.674837773437500346e+02,-7.027849730622897084e+01
4.674840703125000232e+02,-6.976309886427219453e+01
4.674843632812500118e+02,-6.462279934589871289e+01
4.674846562500000005e+02,-6.652315220224559766e+01
4.674849492187499891e+02,-7.101443909094626861e+01
4.674852421875000346e+02,-7.063331937630378832e+01
4.674855351562500232e+02,-6.977413911750464592e+01
4.674858281250000118e+02,-7.571048532667742847e+01
4.674861210937500005e+02,-7.899516407195778811e+01
4.674864140624999891e+02,-8.336989548665627581e+01
4.674867070312500346e+02,-7.625665273982068015e+01
4.674870000000000232e+02,-7.082982737892179159e+01
4.674872929687500118e+02,-6.852601391879278481e+01
4.674875859375000005e+02,-6.982563940695658289e+01
4.674878789062499891e+02,-7.807691146062144583e+01
4.674881718750000346e+02,-7.974482658362133236e+01
4.674884648437500232e+02,-7.154209122950516075e+01
4.674887578125000118e+02,-7.663948284608950701e+01
4.674890507812500005e+02,-7.068774015457054816e+01
4.674893437499999891e+02,-7.144190505701921268e+01
4.674896367187500346e+02,-7.681112414432251967e+01
4.674899296875000232e+02,-7.234767716813543359e+01
4.674902226562500118e+02,-7.288734635291787356e+01
4.674905156250000005e+02,-7.724995827803267900e+01
4.674908085937499891e+02,-8.036942680279369711e+01
4.674911015625000346e+02,-7.380624867911043907e+01
4.674913945312500232e+02,-7.210429131555329718e+01
4.674916875000000118e+02,-7.549431192724722450e+01
4.674919804687500005e+02,-7.288992061094108976e+01
4.674922734374999891e+02,-7.348658681759347644e+01
4.674925664062500346e+02,-7.398666616136044638e+01
4.674928593750000232e+02,-7.911962872148178860e+01
4.674931523437500118e+02,-7.784738681761112389e+01
4.674934453125000005e+02,-8.898281821959770355e+01
4.674937382812499891e+02,-7.552822808379117703e+01
4.674940312500000346e+02,-7.222573665619633232e+01
4.674943242187500232e+02,-7.063080126345045073e+01
4.674946171875000118e+02,-6.784936145568916288e+01
4.674949101562500005e+02,-6.850870138798201481e+01
4.674952031249999891e+02,-6.975914627168256743e+01
4.674954960937500346e+02,-7.785390194724166690e+01
4.674957890625000232e+02,-7.338845440948188070e+01
4.674960820312500118e+02,-7.587897698428182025e+01
4.674963750000000005e+02,-6.974276467372543209e+01
4.674966679687499891e+02,-7.947920104950219411e+01
4.674969609375000346e+02,-6.986286192598610967e+01
4.674972539062500232e+02,-7.578694976159353303e+01
4.674975468750000118e+02,-7.860856813474119065e+01
4.674978398437500005e+02,-7.331610534506741317e+01
4.674981328124999891e+02,-6.908640253411388699e+01
4.674984257812500346e+02,-6.807349510226755740e+01
4.674987187500000232e+02,-6.858412405542368617e+01
4.674990117187500118e+02,-8.596248147398642914e+01
4.674993046875000005e+02,-7.398845640192354267e+01
4.674995976562499891e+02,-7.045608727436916752e+01
4.674998906250000346e+02,-7.101698157945651246e+01
4.675001835937500232e+02,-7.024004946134020599e+01
4.675004765625000118e+02,-7.439981768634228843e+01
4.675007695312500005e+02,-8.238089994233854441e+01
4.675010624999999891e+02,-7.786051879998861125e+01
4.675013554687500346e+02,-8.229684886663748955e+01
4.675016484375000232e+02,-7.390273775120024879e+01
4.675019414062500118e+02,-7.780893385342801594e+01
4.675022343750000005e+02,-6.926013525407159932e+01
4.675025273437499891e+02,-7.184722334367521057e+01
4.675028203125000346e+02,-6.963890914713164193e+01
4.675031132812500232e+02,-8.010078405117275224e+01
4.675034062500000118e+02,-7.501006524170348655e+01
4.675036992187500005e+02,-7.332330632146569371e+01
4.675039921874999891e+02,-7.038341594111864197e+01
4.675042851562500346e+02,-7.048751795565618750e+01
4.675045781250000232e+02,-7.693162569556324115e+01
4.675048710937500118e+02,-7.435133935311337439e+01
4.675051640625000005e+02,-8.476888445918697812e+01
4.675054570312499891e+02,-7.602948100667722997e+01
4.675057500000000346e+02,-6.885782988438808161e+01
4.675060429687500232e+02,-6.978534072588847437e+01
4.675063359375000118e+02,-7.394634576432886774e+01
4.675066289062500005e+02,-7.215497586567755661e+01
4.675069218749999891e+02,-7.347618345380980998e+01
4.675072148437500346e+02,-7.304322066320331430e+01
4.675075078125000232e+02,-6.864134178799145047e+01
4.675078007812500118e+02,-7.032184644599843182e+01
4.675080937500000005e+02,-7.579288939440431250e+01
4.675083867187499891e+02,-7.525520667941867714e+01
4.675086796875000346e+02,-7.803855688271087843e+01
4.675089726562500232e+02,-7.202332900379873593e+01
4.675092656250000118e+02,-7.374134468268410103e+01
4.675095585937500005e+02,-7.713066632095446096e+01
4.675098515624999891e+02,-7.180803471118321113e+01
4.675101445312500346e+02,-7.240398378468282203e+01
4.675104375000000232e+02,-7.675372039730271467e+01
4.675107304687500118e+02,-7.475066563478489456e+01
4.675110234375000005e+02,-6.883150442750802256e+01
4.675113164062499891e+02,-7.212532281821810898e+01
4.675116093750000346e+02,-7.432656968053746027e+01
4.675119023437500232e+02,-7.019902853286895095e+01
4.675121953125000118e+02,-7.897544656990415035e+01
4.675124882812500005e+02,-8.679402200525252908e+01
4.675127812499999891e+02,-7.642044657318798784e+01
4.675130742187500346e+02,-7.142399915576868352e+01
4.675133671875000232e+02,-6.959877774659746308e+01
4.675136601562500118e+02,-6.735464967994036556e+01
4.675139531250000005e+02,-6.622937179259363916e+01
4.675142460937499891e+02,-6.971955545211370975e+01
4.675145390625000346e+02,-8.367672702095870818e+01
4.675148320312500232e+02,-8.536792007706787899e+01
4.675151250000000118e+02,-8.102780731299652928e+01
4.675154179687500005e+02,-7.054427261130615534e+01
4.675157109374999891e+02,-6.992744210058624788e+01
4.675160039062500346e+02,-6.641692350401490330e+01
4.675162968750000232e+02,-6.622941857352924444e+01
4.675165898437500118e+02,-7.133838657698720453e+01
4.675168828125000005e+02,-7.531866770384212373e+01
4.675171757812499891e+02,-7.637170253287055743e+01
4.675174687500000346e+02,-8.274676420442165181e+01
4.675177617187500232e+02,-7.347139098025874659e+01
4.675180546875000118e+02,-7.243648393514185102e+01
4.675183476562500005e+02,-8.112385062823369708e+01
4.675186406249999891e+02,-7.800213258365917568e+01
4.675189335937500346e+02,-1.023161296942786578e+02
4.675192265625000232e+02,-7.300441392030892018e+01
4.675195195312500118e+02,-7.229218477545566657e+01
4.675198125000000005e+02,-7.168702353543093864e+01
4.675201054687499891e+02,-7.756079496885209323e+01
4.675203984375000346e+02,-7.719121767266008760e+01
4.675206914062500232e+02,-7.613202141938097611e+01
4.675209843750000118e+02,-7.872782241039325868e+01
4.675212773437500005e+02,-7.445393162379176033e+01
4.675215703124999891e+02,-7.463722247101273410e+01
4.675218632812500346e+02,-8.369362018507764844e+01
4.675221562500000232e+02,-7.747020080252654850e+01
4.675224492187500118e+02,-7.856646429451051006e+01
4.675227421875000005e+02,-7.627261276805151624e+01
4.675230351562499891e+02,-6.547242219669831798e+01
4.675233281250000346e+02,-6.539229159871220531e+01
4.675236210937500232e+02,-6.966328777726216970e+01
4.675239140625000118e+02,-7.272936695465155310e+01
4.675242070312500005e+02,-7.046257359832824818e+01
4.675244999999999891e+02,-6.976006281862868263e+01
4.675247929687500346e+02,-7.396074575992022915e+01
4.675250859375000232e+02,-7.185057074718878312e+01
4.675253789062500118e+02,-7.032911932415612455e+01
4.675256718750000005e+02,-7.404749330491347337e+01
4.675259648437499891e+02,-9.856595212399632544e+01
4.675262578125000346e+02,-6.929883451110293890e+01
4.675265507812500232e+02,-5.008760774167929242e+01
4.675268437500000118e+02,-5.132018223249157529e+01
4.675271367187500005e+02,-7.080929339520241683e+01
4.675274296874999891e+02,-8.151264637104235078e+01
4.675277226562500346e+02,-8.908741395182082101e+01
4.675280156250000232e+02,-7.919008509415161257e+01
4.675283085937500118e+02,-7.446357051136061500e+01
4.675286015625000005e+02,-7.635125064607171907e+01
4.675288945312499891e+02,-8.539321765723401825e+01
4.675291875000000346e+02,-7.228342697269729911e+01
4.675294804687500232e+02,-7.034892392350920431e+01
4.675297734375000118e+02,-7.221295488462617129e+01
4.675300664062500005e+02,-7.072241457742596538e+01
4.675303593749999891e+02,-6.974868903688602018e+01
4.675306523437500346e+02,-7.071339305759120464e+01
4.675309453125000232e+02,-7.225358541006573887e+01
4.675312382812500118e+02,-7.096054473505638782e+01
4.675315312500000005e+02,-7.388306671907963619e+01
4.675318242187499891e+02,-7.054262868186208379e+01
4.675321171875000346e+02,-7.376301911934886846e+01
4.675324101562500232e+02,-6.964759807738349195e+01
4.675327031250000118e+02,-6.793490047205773408e+01
4.675329960937500005e+02,-7.130598495162034567e+01
4.675332890624999891e+02,-7.468634121391231417e+01
4.675335820312500346e+02,-6.912953512474646800e+01
4.675338750000000232e+02,-6.549734233009418460e+01
4.675341679687500118e+02,-7.096526728263553707e+01
4.675344609375000005e+02,-7.076871661339254160e+01
4.675347539062499891e+02,-7.184386247332739117e+01
4.675350468750000346e+02,-7.710620444155881614e+01
4.675353398437500232e+02,-7.725916639299887834e+01
4.675356328125000118e+02,-7.133064186961067321e+01
4.675359257812500005e+02,-7.744478597229638694e+01
4.675362187499999891e+02,-6.965965171601078509e+01
4.675365117187500346e+02,-6.664169964911657473e+01
4.675368046875000232e+02,-7.500200588650338318e+01
4.675370976562500118e+02,-6.836535040447253664e+01
4.675373906250000005e+02,-6.963138862619982206e+01
4.675376835937499891e+02,-7.439389012230854803e+01
4.675379765625000346e+02,-7.104721867141880409e+01
4.675382695312500232e+02,-6.850970595513064154e+01
4.675385625000000118e+02,-8.622712811517246223e+01
4.675388554687500005e+02,-7.680823107661825588e+01
4.675391484374999891e+02,-7.946156635621787245e+01
4.675394414062500346e+02,-8.943681323364339164e+01
4.675397343750000232e+02,-7.310932927931048653e+01
4.675400273437500118e+02,-7.139773012333527902e+01
4.675403203125000005e+02,-7.096444169705993943e+01
4.675406132812499891e+02,-6.882767163030690938e+01
4.675409062500000346e+02,-9.387182817998963458e+01
4.675411992187500232e+02,-7.887426644799708697e+01
4.675414921875000118e+02,-6.648414423640082305e+01
4.675417851562500005e+02,-6.209018284526720777e+01
4.675420781249999891e+02,-6.279643364995828136e+01
4.675423710937500346e+02,-7.059333333927439469e+01
4.675426640625000232e+02,-7.945294579502915155e+01
4.675429570312500118e+02,-6.808991875364630175e+01
4.675432500000000005e+02,-6.544345152608136118e+01
4.675435429687499891e+02,-7.695120577403227458e+01
4.675438359375000346e+02,-8.179478490631919385e+01
4.675441289062500232e+02,-8.038355737366849496e+01
4.675444218750000118e+02,-7.375568246523376104e+01
4.675447148437500005e+02,-6.451575708431496992e+01
4.675450078124999891e+02,-6.579212548695294061e+01
4.675453007812500346e+02,-8.006529724186124497e+01
4.675455937500000232e+02,-7.633147602002000554e+01
4.675458867187500118e+02,-7.216576271529794440e+01
4.675461796875000005e+02,-7.388116738028162445e+01
4.675464726562499891e+02,-6.505772630908022336e+01
4.675467656250000346e+02,-6.419577472095515702e+01
4.675470585937500232e+02,-6.869732552990045349e+01
4.675473515625000118e+02,-7.656026662122170023e+01
4.675476445312500005e+02,-7.572627160636132260e+01
4.675479374999999891e+02,-7.013180588569599649e+01
4.675482304687500346e+02,-6.582487114119061289e+01
4.675485234375000232e+02,-6.812662565750781596e+01
4.675488164062500118e+02,-6.532865718667517285e+01
4.675491093750000005e+02,-6.771813939605679877e+01
4.675494023437499891e+02,-7.003300603518098910e+01
4.675496953125000346e+02,-6.964564502590542361e+01
4.675499882812500232e+02,-6.331216475773709362e+01
4.675502812500000118e+02,-6.424057645370636749e+01
4.675505742187500005e+02,-6.968441949279453240e+01
4.675508671874999891e+02,-7.216864402543825463e+01
4.675511601562500346e+02,-7.091431151983979930e+01
4.675514531250000232e+02,-7.317049628716746668e+01
4.675517460937500118e+02,-7.156123961014175450e+01
4.675520390625000005e+02,-6.763986264733017606e+01
4.675523320312499891e+02,-8.972772905672457000e+01
4.675526250000000346e+02,-6.573143349718819195e+01
4.675529179687500232e+02,-6.369677262629142689e+01
4.675532109375000118e+02,-6.482844237647398700e+01
4.675535039062500005e+02,-7.603399230115473983e+01
4.675537968749999891e+02,-6.700746165061711679e+01
4.675540898437500346e+02,-6.490978405107648541e+01
4.675543828125000232e+02,-6.877616985907023661e+01
4.675546757812500118e+02,-7.361626770433454681e+01
4.675549687500000005e+02,-6.976614113396644257e+01
4.675552617187499891e+02,-7.092592344904197432e+01
4.675555546875000346e+02,-6.928700451617294220e+01
4.675558476562500232e+02,-6.810319822616037300e+01
4.675561406250000118e+02,-6.127917628613134582e+01
4.675564335937500005e+02,-6.336276774680221990e+01
4.675567265624999891e+02,-6.285615221705676703e+01
4.675570195312500346e+02,-6.235100166370182251e+01
4.675573125000000232e+02,-6.163173872992692282e+01
4.675576054687500118e+02,-6.908721370244273885e+01
4.675578984375000005e+02,-7.387826061186673599e+01
4.675581914062499891e+02,-6.791226662564197625e+01
4.675584843750000346e+02,-8.400033131090816596e+01
4.675587773437500232e+02,-6.183608622223950135e+01
4.675590703125000118e+02,-5.809297589184212285e+01
4.675593632812500005e+02,-5.856085200265433599e+01
4.675596562499999891e+02,-6.051193102890170650e+01
4.675599492187500346e+02,-6.623553599809406478e+01
4.675602421875000232e+02,-6.767468827154890221e+01
4.675605351562500118e+02,-6.131162177343495046e+01
4.675608281250000005e+02,-6.432319397848722531e+01
4.675611210937499891e+02,-5.988667044956896746e+01
4.675614140625000346e+02,-6.049562138272715828e+01
4.675617070312500232e+02,-6.309790348294806961e+01
4.675620000000000118e+02,-6.776730413987590396e+01
4.675622929687500005e+02,-6.958328929715901268e+01
4.675625859374999891e+02,-6.897522445110367073e+01
4.675628789062500346e+02,-7.272203768488978426e+01
4.675631718750000232e+02,-7.523144329184758305e+01
4.675634648437500118e+02,-7.298494211986201208e+01
4.675637578125000005e+02,-7.252403591656980097e+01
4.675640507812499891e+02,-6.056203721461226053e+01
4.675643437500000346e+02,-5.993784631198816726e+01
4.675646367187500232e+02,-6.854566638607997220e+01
4.675649296875000118e+02,-6.921601522768769144e+01
4.675652226562500005e+02,-6.412320689326838874e+01
4.675655156249999891e+02,-7.045336840254810795e+01
4.675658085937500346e+02,-7.102859051680235325e+01
4.675661015625000232e+02,-7.225135784962132846e+01
4.675663945312500118e+02,-7.700046157410108094e+01
4.675666875000000005e+02,-7.601935867334005081e+01
4.675669804687499891e+02,-6.929969739198088519e+01
4.675672734375000346e+02,-6.517256100500375737e+01
4.675675664062500232e+02,-6.202609415685456895e+01
4.675678593750000118e+02,-6.017517959841033104e+01
4.675681523437500005e+02,-6.393641096367868215e+01
4.675684453124999891e+02,-7.139469839619523839e+01
4.675687382812500346e+02,-6.904837948453671004e+01
4.675690312500000232e+02,-8.076230332260837486e+01
4.675693242187500118e+02,-7.694003348405580311e+01
4.675696171875000005e+02,-7.713751072024297173e+01
4.675699101562499891e+02,-6.203593618097545459e+01
4.675702031250000346e+02,-5.998224763669520598e+01
4.675704960937500232e+02,-6.711805142647433797e+01
4.675707890625000118e+02,-6.184613945173707350e+01
4.675710820312500005e+02,-6.303657909191562680e+01
4.675713749999999891e+02,-6.152549843525189033e+01
4.675716679687500346e+02,-6.172719260601630253e+01
4.675719609375000232e+02,-6.122575904741787411e+01
4.675722539062500118e+02,-6.260809519187010608e+01
4.675725468750000005e+02,-6.787325914502454793e+01
4.675728398437499891e+02,-7.950326598265600353e+01
4.675731328125000346e+02,-6.754703259525045667e+01
4.675734257812500232e+02,-7.038432903739537494e+01
4.675737187500000118e+02,-5.768880715110383761e+01
4.675740117187500005e+02,-5.874622458806375391e+01
4.675743046874999891e+02,-7.599068146840916427e+01
4.675745976562500346e+02,-7.148325212896241965e+01
4.675748906250000232e+02,-6.242071739859784429e+01
4.675751835937500118e+02,-6.053824564824259369e+01
4.675754765625000005e+02,-6.747830324424940329e+01
4.675757695312499891e+02,-6.432963997085008145e+01
4.675760625000000346e+02,-5.708283031281457909e+01
4.675763554687500232e+02,-5.598249685888539773e+01
4.675766484375000118e+02,-6.299681275577827932e+01
4.675769414062500005e+02,-7.780374645992183957e+01
4.675772343749999891e+02,-6.844701954078506390e+01
4.675775273437500346e+02,-6.673507058281494153e+01
4.675778203125000232e+02,-5.966712085191836223e+01
4.675781132812500118e+02,-5.581586734992546894e+01
4.675784062500000005e+02,-5.526347368401010840e+01
4.675786992187499891e+02,-5.724831769926487368e+01
4.675789921875000346e+02,-6.360553618638485318e+01
4.675792851562500232e+02,-5.965910432152951870e+01
4.675795781250000118e+02,-7.271508634772230550e+01
4.675798710937500005e+02,-6.244587929444277563e+01
4.675801640624999891e+02,-6.007501636423847202e+01
4.675804570312500346e+02,-5.975488033195432536e+01
4.675807500000000232e+02,-6.014951466021075532e+01
4.675810429687500118e+02,-6.240640654827199540e+01
4.675813359375000005e+02,-6.333845166451585129e+01
4.675816289062499891e+02,-7.062370583091549747e+01
4.675819218750000346e+02,-8.007253286596828445e+01
4.675822148437500232e+02,-7.902088138870603018e+01
4.675825078125000118e+02,-6.136798634418737208e+01
4.675828007812500005e+02,-5.855887606336465012e+01
4.675830937499999891e+02,-5.891642423579570220e+01
4.675833867187500346e+02,-6.348176706767375066e+01
4.675836796875000232e+02,-6.543161406574225225e+01
4.675839726562500118e+02,-7.484202864392925392e+01
4.675842656250000005e+02,-6.521520249957666238e+01
4.675845585937499891e+02,-5.682783709860117227e+01
4.675848515625000346e+02,-5.990527452980800405e+01
4.675851445312500232e+02,-5.795457104579304541e+01
4.675854375000000118e+02,-5.899925999463756909e+01
4.675857304687500005e+02,-5.661447510069145039e+01
4.675860234374999891e+02,-5.747336682864752788e+01
4.675863164062500346e+02,-5.929333167919162406e+01
4.675866093750000232e+02,-6.444066600799753530e+01
4.675869023437500118e+02,-6.687898835165267997e+01
4.675871953125000005e+02,-5.945000417196717990e+01
4.675874882812499891e+02,-6.545865485974022135e+01
4.675877812500000346e+02,-8.090203541553968591e+01
4.675880742187500232e+02,-6.282471600980916548e+01
4.675883671875000118e+02,-5.648365972937962454e+01
4.675886601562500005e+02,-3.341342701513573843e+01
4.675889531249999891e+02,-3.003750648821097258e+01
4.675892460937500346e+02,-4.227288530583467718e+01
4.675895390625000232e+02,-6.332369974703100013e+01
4.675898320312500118e+02,-6.336161816447653905e+01
4.675901250000000005e+02,-6.822728200529905962e+01
4.675904179687499891e+02,-6.062777674633394298e+01
4.675907109375000346e+02,-5.947622852416025552e+01
4.675910039062500232e+02,-6.608669148493491718e+01
4.675912968750000118e+02,-6.455271490112635036e+01
4.675915898437500005e+02,-5.820094455806994915e+01
4.675918828124999891e+02,-5.882702086934486374e+01
4.675921757812500346e+02,-5.999631688207046665e+01
4.675924687500000232e+02,-5.899403358338182102e+01
4.675927617187500118e+02,-5.865755108940257401e+01
4.675930546875000005e+02,-5.877016061957955628e+01
4.675933476562499891e+02,-5.825230686338929331e+01
4.675936406250000346e+02,-7.680608115429434690e+01
4.675939335937500232e+02,-6.771842649993880059e+01
4.675942265625000118e+02,-7.231764501077323359e+01
4.675945195312500005e+02,-6.206138241386950938e+01
4.675948124999999891e+02,-6.131251893912164519e+01
4.675951054687500346e+02,-6.054816075684139776e+01
4.675953984375000232e+02,-6.165007772396806018e+01
4.675956914062500118e+02,-7.011377053033842799e+01
4.675959843750000005e+02,-6.762272819243270305e+01
4.675962773437499891e+02,-6.756253668102981180e+01
4.675965703125000346e+02,-6.371268120746691466e+01
4.675968632812500232e+02,-6.433486639988345246e+01
4.675971562500000118e+02,-5.883547443815480449e+01
4.675974492187500005e+02,-5.758948951661495386e+01
4.675977421874999891e+02,-5.730736656543430740e+01
4.675980351562500346e+02,-6.323602631245078953e+01
4.675983281250000232e+02,-6.501858829100416415e+01
4.675986210937500118e+02,-6.212163399964970978e+01
4.675989140625000005e+02,-6.028035003918220980e+01
4.675992070312499891e+02,-5.500296571596342687e+01
4.675995000000000346e+02,-5.488356241627911203e+01
4.675997929687500232e+02,-5.704711334748995455e+01
4.676000859375000118e+02,-6.166672935144162437e+01
4.676003789062500005e+02,-6.654770159591085132e+01
4.676006718749999891e+02,-6.884703906687227004e+01
4.676009648437500346e+02,-6.887754752825686921e+01
4.676012578125000232e+02,-5.764613522516047794e+01
4.676015507812500118e+02,-5.559291334431917164e+01
4.676018437500000005e+02,-6.339270493625011227e+01
4.676021367187499891e+02,-6.990013183606660618e+01
4.676024296875000346e+02,-6.593102768506996370e+01
4.676027226562500232e+02,-6.351015025528454316e+01
4.676030156250000118e+02,-6.430926418887223406e+01
4.676033085937500005e+02,-6.983273056374306975e+01
4.676036015624999891e+02,-6.322753020304862304e+01
4.676038945312500346e+02,-5.836415943218179336e+01
4.676041875000000232e+02,-6.233058151881786557e+01
4.676044804687500118e+02,-7.287161365855288864e+01
4.676047734375000005e+02,-6.638263308443359278e+01
4.676050664062499891e+02,-7.413326964536119590e+01
4.676053593750000346e+02,-6.578711825918574618e+01
4.676056523437500232e+02,-6.264712415792210720e+01
4.676059453125000118e+02,-6.201129674982923490e+01
4.676062382812500005e+02,-6.220894593972609954e+01
4.676065312499999891e+02,-6.286617394692878236e+01
4.676068242187500346e+02,-6.146197197625527053e+01
4.676071171875000232e+02,-6.282268411857391044e+01
4.676074101562500118e+02,-6.787570584772321070e+01
4.676077031250000005e+02,-5.934028625152709679e+01
4.676079960937499891e+02,-6.609363600330780741e+01
4.676082890625000346e+02,-7.687721426592899832e+01
4.676085820312500232e+02,-7.354204845090818310e+01
4.676088750000000118e+02,-7.476482003212316840e+01
4.676091679687500005e+02,-7.696823056715001599e+01
4.676094609374999891e+02,-7.127320017081456172e+01
4.676097539062500346e+02,-6.027576770293624975e+01
4.676100468750000232e+02,-6.461457081801732727e+01
4.676103398437500118e+02,-6.414099060729061819e+01
4.676106328125000005e+02,-7.150867758385442130e+01
4.676109257812499891e+02,-7.174299925827570235e+01
4.676112187500000346e+02,-7.514327755467240877e+01
4.676115117187500232e+02,-7.195682538701522901e+01
4.676118046875000118e+02,-8.222654458681915912e+01
4.676120976562500005e+02,-6.818374637099762481e+01
4.676123906249999891e+02,-6.834421834745677415e+01
4.676126835937500346e+02,-6.415506921643935812e+01
4.676129765625000232e+02,-7.429762704468328138e+01
4.676132695312500118e+02,-6.490320836535723004e+01
4.676135625000000005e+02,-5.940199550311444199e+01
4.676138554687499891e+02,-6.214450988625080186e+01
4.676141484375000346e+02,-8.602526720309273855e+01
4.676144414062500232e+02,-7.065522973748630875e+01
4.676147343750000118e+02,-7.485405607151844265e+01
4.676150273437500005e+02,-7.883086895338161071e+01
4.676153203124999891e+02,-7.497679324358458075e+01
4.676156132812500346e+02,-6.789299505358506792e+01
4.676159062500000232e+02,-6.409457980489612794e+01
4.676161992187500118e+02,-6.326150624694582802e+01
4.676164921875000005e+02,-6.121669241691911623e+01
4.676167851562499891e+02,-6.220898035683617877e+01
4.676170781250000346e+02,-6.129649668701635079e+01
4.676173710937500232e+02,-6.410044676275369113e+01
4.676176640625000118e+02,-7.178850249526279015e+01
4.676179570312500005e+02,-6.621235653697220869e+01
4.676182499999999891e+02,-5.895108672754179224e+01
4.676185429687500346e+02,-5.736538381380328389e+01
4.676188359375000232e+02,-6.054562635620632705e+01
4.676191289062500118e+02,-7.354092415842097807e+01
4.676194218750000005e+02,-6.315372058109459630e+01
4.676197148437499891e+02,-6.544577397447889666e+01
4.676200078125000346e+02,-8.308109130567555667e+01
4.676203007812500232e+02,-6.336242962642604937e+01
4.676205937500000118e+02,-6.220633961651914490e+01
4.676208867187500005e+02,-6.568616152270469399e+01
4.676211796874999891e+02,-6.840291536292093610e+01
4.676214726562500346e+02,-5.974472702250445622e+01
4.676217656250000232e+02,-6.161156722230670368e+01
4.676220585937500118e+02,-6.637669940945610847e+01
4.676223515625000005e+02,-6.655074186478734077e+01
4.676226445312499891e+02,-7.115038413434641029e+01
4.676229375000000346e+02,-8.253479629531204864e+01
4.676232304687500232e+02,-7.386189748065174854e+01
4.676235234375000118e+02,-7.631955264198768418e+01
4.676238164062500005e+02,-7.355707917897352388e+01
4.676241093749999891e+02,-6.925956245989348758e+01
4.676244023437500346e+02,-8.921401270387784166e+01
4.676246953125000232e+02,-6.809385492075983848e+01
4.676249882812500118e+02,-6.324156549336896660e+01
4.676252812500000005e+02,-6.659200163259173166e+01
4.676255742187499891e+02,-7.658228302883939875e+01
4.676258671875000346e+02,-6.950385967144130461e+01
4.676261601562500232e+02,-7.442107887556817047e+01
4.676264531250000118e+02,-7.060184419654383703e+01
4.676267460937500005e+02,-7.523951043213288870e+01
4.676270390624999891e+02,-7.590718792875608756e+01
4.676273320312500346e+02,-7.036979299823950385e+01
4.676276250000000232e+02,-6.496240054884209769e+01
4.676279179687500118e+02,-6.768380605066244016e+01
4.676282109375000005e+02,-7.033339947892505961e+01
4.676285039062499891e+02,-7.373037671518925151e+01
4.676287968750000346e+02,-7.233354171300408098e+01
4.676290898437500232e+02,-7.774011873010395846e+01
4.676293828125000118e+02,-6.504547787125940772e+01
4.676296757812500005e+02,-6.190089732799944500e+01
4.676299687499999891e+02,-6.804163968385849159e+01
4.676302617187500346e+02,-8.121174975834875909e+01
4.676305546875000232e+02,-7.331599914898093573e+01
4.676308476562500118e+02,-6.789258865485756189e+01
4.676311406250000005e+02,-6.579632926727772713e+01
4.676314335937499891e+02,-6.462227468946488784e+01
4.676317265625000346e+02,-6.446681274616852875e+01
4.676320195312500232e+02,-6.721640363797260420e+01
4.676323125000000118e+02,-6.817239559672701432e+01
4.676326054687500005e+02,-7.749707699224551050e+01
4.676328984374999891e+02,-6.784307171621594534e+01
4.676331914062500346e+02,-7.097331043150462904e+01
4.676334843750000232e+02,-8.172061774068403395e+01
4.676337773437500118e+02,-1.081490986755139829e+02
4.676340703125000005e+02,-6.435512661787389277e+01
4.676343632812499891e+02,-6.127972829340620819e+01
4.676346562500000346e+02,-7.171091750703118350e+01
4.676349492187500232e+02,-7.524885952434247827e+01
4.676352421875000118e+02,-7.981448492610314815e+01
4.676355351562500005e+02,-6.976824284315591740e+01
4.676358281249999891e+02,-6.932257044226487608e+01
4.676361210937500346e+02,-7.101933785091713958e+01
4.676364140625000232e+02,-9.443847907003774367e+01
4.676367070312500118e+02,-7.668154440997025745e+01
4.676370000000000005e+02,-7.534402434298365847e+01
4.676372929687499891e+02,-7.331791922591355615e+01
4.676375859375000346e+02,-7.991374454822536677e+01
4.676378789062500232e+02,-7.765612259480681701e+01
4.676381718750000118e+02,-9.011166603712992185e+01
4.676384648437500005e+02,-7.246010514947448655e+01
4.676387578124999891e+02,-7.183885635778916878e+01
4.676390507812500346e+02,-7.598979676564377428e+01
4.676393437500000232e+02,-8.622055693272724852e+01
4.676396367187500118e+02,-7.562629461345848370e+01
4.676399296875000005e+02,-7.101241820210333344e+01
4.676402226562499891e+02,-6.742634829238669170e+01
4.676405156250000346e+02,-7.128545748540881277e+01
4.676408085937500232e+02,-7.328206363066169615e+01
4.676411015625000118e+02,-7.574310381949614168e+01
4.676413945312500005e+02,-7.058813923166060533e+01
4.676416874999999891e+02,-8.619380641715204661e+01
4.676419804687500346e+02,-6.995865437302461487e+01
4.676422734375000232e+02,-7.033200545068753229e+01
4.676425664062500118e+02,-8.148891842910069272e+01
4.676428593750000005e+02,-6.925734976961808798e+01
4.676431523437499891e+02,-6.850089507845959247e+01
4.676434453125000346e+02,-7.424832397508428983e+01
4.676437382812500232e+02,-7.125266806134723652e+01
4.676440312500000118e+02,-7.005679214663082632e+01
4.676443242187500005e+02,-7.665047540750005339e+01
4.676446171874999891e+02,-7.211677882680761797e+01
4.676449101562500346e+02,-7.210022569399198744e+01
4.676452031250000232e+02,-8.494668916273661807e+01
4.676454960937500118e+02,-7.255032322747590001e+01
4.676457890625000005e+02,-8.497511494191711279e+01
4.676460820312499891e+02,-8.330166534967372627e+01
4.676463750000000346e+02,-7.192750756134039136e+01
4.676466679687500232e+02,-7.437730183428074326e+01
4.676469609375000118e+02,-7.903781233462382261e+01
4.676472539062500005e+02,-7.857718960583670764e+01
4.676475468749999891e+02,-7.260198472991409346e+01
4.676478398437500346e+02,-7.521550942672715223e+01
4.676481328125000232e+02,-8.116463518992250670e+01
4.676484257812500118e+02,-7.648260578817367161e+01
4.676487187500000005e+02,-7.829668766370932076e+01
4.676490117187499891e+02,-8.066738458550970847e+01
4.676493046875000346e+02,-7.141297246217959582e+01
4.676495976562500232e+02,-7.509963307949249156e+01
4.676498906250000118e+02,-7.980243248475365192e+01
4.676501835937500005e+02,-7.067389253847939301e+01
4.676504765624999891e+02,-6.872599330886757230e+01
4.676507695312500346e+02,-5.601945586822202472e+01
4.676510625000000232e+02,-4.852293611490379988e+01
4.676513554687500118e+02,-5.531927802668328553e+01
4.676516484375000005e+02,-8.229741691027942352e+01
4.676519414062499891e+02,-7.693885285653401240e+01
4.676522343750000346e+02,-7.739708855036082014e+01
4.676525273437500232e+02,-8.029897974985773601e+01
4.676528203125000118e+02,-8.713639909324264465e+01
4.676531132812500005e+02,-7.551923104723269375e+01
4.676534062499999891e+02,-8.160190233423423933e+01
4.676536992187500346e+02,-7.090820478286930495e+01
4.676539921875000232e+02,-6.814749690675043325e+01
4.676542851562500118e+02,-7.147368806032632449e+01
4.676545781250000005e+02,-6.869311699344433464e+01
4.676548710937499891e+02,-7.038039660044708512e+01
4.676551640625000346e+02,-7.328398658845712532e+01
4.676554570312500232e+02,-6.706278670459897739e+01
4.676557500000000118e+02,-7.577514891603007641e+01
4.676560429687500005e+02,-7.591239114021408341e+01
4.676563359374999891e+02,-7.339016462379581185e+01
4.676566289062500346e+02,-8.130575865302164118e+01
4.676569218750000232e+02,-9.156611887673830097e+01
4.676572148437500118e+02,-7.320420296834784324e+01
4.676575078125000005e+02,-8.090713042500246388e+01
4.676578007812499891e+02,-8.070677798002967052e+01
4.676580937500000346e+02,-7.178655522874441886e+01
4.676583867187500232e+02,-6.887955513704559962e+01
4.676586796875000118e+02,-7.091281586641309787e+01
4.676589726562500005e+02,-7.790220775440836576e+01
4.676592656249999891e+02,-8.322285071413728019e+01
4.676595585937500346e+02,-8.660914645462094086e+01
4.676598515625000232e+02,-8.339857561741456493e+01
4.676601445312500118e+02,-7.483969854519382636e+01
4.676604375000000005e+02,-7.280548517925515739e+01
4.676607304687499891e+02,-7.358819885397166161e+01
4.676610234375000346e+02,-7.376917517983370942e+01
4.676613164062500232e+02,-7.692792719568915061e+01
4.676616093750000118e+02,-7.728636817062256625e+01
4.676619023437500005e+02,-7.553558564074138815e+01
4.676621953124999891e+02,-8.162170348732567504e+01
4.676624882812500346e+02,-7.881384878548649908e+01
4.676627812500000232e+02,-8.077134820896107215e+01
4.676630742187500118e+02,-8.045637064427353380e+01
4.676633671875000005e+02,-8.315854610582974260e+01
4.676636601562499891e+02,-8.227357169677419790e+01
4.676639531250000346e+02,-7.901916136652479850e+01
4.676642460937500232e+02,-7.443427560117137887e+01
4.676645390625000118e+02,-7.544953291708752374e+01
4.676648320312500005e+02,-7.701800117944421231e+01
4.676651249999999891e+02,-7.684603831096166004e+01
4.676654179687500346e+02,-8.701692597782232497e+01
4.676657109375000232e+02,-7.361163568595280537e+01
4.676660039062500118e+02,-7.885186080577751966e+01
4.676662968750000005e+02,-7.387135039672232040e+01
4.676665898437499891e+02,-8.942575899640301884e+01
4.676668828125000346e+02,-7.095332910465062071e+01
4.676671757812500232e+02,-7.865618013164231570e+01
4.676674687500000118e+02,-8.991775064006552043e+01
4.676677617187500005e+02,-7.692580187671393332e+01
4.676680546874999891e+02,-7.651237733383030104e+01
4.676683476562500346e+02,-7.550764762436298838e+01
4.676686406250000232e+02,-7.288301880887559037e+01
4.676689335937500118e+02,-6.990581883078164083e+01
4.676692265625000005e+02,-6.974956166125312507e+01
4.676695195312499891e+02,-6.960718230295265130e+01
4.676698125000000346e+02,-7.967607859952610738e+01
4.676701054687500232e+02,-7.517450856038281870e+01
4.676703984375000118e+02,-8.306399165860781864e+01
4.676706914062500005e+02,-8.075967733557378381e+01
4.676709843749999891e+02,-7.268194124582394977e+01
4.676712773437500346e+02,-6.965022817824302592e+01
4.676715703125000232e+02,-7.324153540922981165e+01
4.676718632812500118e+02,-7.862533235967383405e+01
4.676721562500000005e+02,-7.260887973744794976e+01
4.676724492187499891e+02,-6.933908885654368248e+01
4.676727421875000346e+02,-7.595971076322587123e+01
4.676730351562500232e+02,-7.666044750082650694e+01
4.676733281250000118e+02,-7.109690541167388744e+01
4.676736210937500005e+02,-6.561591690748726080e+01
4.676739140624999891e+02,-6.829991650279578153e+01
4.676742070312500346e+02,-7.091569635653574721e+01
4.676745000000000232e+02,-7.374770181018972437e+01
4.676747929687500118e+02,-7.758933412783659378e+01
4.676750859375000005e+02,-8.498190457911715612e+01
4.676753789062499891e+02,-8.319125249678367595e+01
4.676756718750000346e+02,-8.055652180325688505e+01
4.676759648437500232e+02,-7.904031795785297732e+01
4.676762578125000118e+02,-7.848846253157645947e+01
4.676765507812500005e+02,-6.918445394932092540e+01
4.676768437499999891e+02,-6.691035160892025146e+01
4.676771367187500346e+02,-7.910438895358353761e+01
4.676774296875000232e+02,-7.076210105016136254e+01
4.676777226562500118e+02,-7.932098695990397630e+01
4.676780156250000005e+02,-8.336644777580400500e+01
4.676783085937499891e+02,-7.243528193989348551e+01
4.676786015625000346e+02,-7.165029962881236258e+01
4.676788945312500232e+02,-7.168482790733948207e+01
4.676791875000000118e+02,-7.051751343408299988e+01
4.676794804687500005e+02,-8.011972869564607436e+01
4.676797734374999891e+02,-8.152581316893190433e+01
4.676800664062500346e+02,-7.402263519421074989e+01
4.676803593750000232e+02,-6.961450534063820328e+01
4.676806523437500118e+02,-6.927837683171792094e+01
4.676809453125000005e+02,-7.083430640954578905e+01
4.676812382812499891e+02,-8.245953618305476596e+01
4.676815312500000346e+02,-8.629146178973650194e+01
4.676818242187500232e+02,-8.841525471745349307e+01
4.676821171875000118e+02,-7.764386320872699798e+01
4.676824101562500005e+02,-7.981812667957022711e+01
4.676827031249999891e+02,-7.392327730759366489e+01
4.676829960937500346e+02,-7.266701018024470216e+01
4.676832890625000232e+02,-7.565909330014642364e+01
4.676835820312500118e+02,-7.744178013734367028e+01
4.676838750000000005e+02,-7.327303713799544482e+01
4.676841679687499891e+02,-7.829237710006113105e+01
4.676844609375000346e+02,-7.519697566119756971e+01
4.676847539062500232e+02,-7.470430237730218437e+01
4.676850468750000118e+02,-8.554560192482840364e+01
4.676853398437500005e+02,-7.377575170508205815e+01
4.676856328124999891e+02,-8.477626130559767148e+01
4.676859257812500346e+02,-7.107523321875416400e+01
4.676862187500000232e+02,-7.171566843132092117e+01
4.676865117187500118e+02,-8.074091932618358669e+01
4.676868046875000005e+02,-7.447605892781494674e+01
4.676870976562499891e+02,-7.224863968617002286e+01
4.676873906250000346e+02,-7.081632211816975087e+01
4.676876835937500232e+02,-7.469051543024663431e+01
4.676879765625000118e+02,-7.670526570176123471e+01
4.676882695312500005e+02,-7.180151383316646729e+01
4.676885624999999891e+02,-7.528539663336792387e+01
4.676888554687500346e+02,-7.451930686980195162e+01
4.676891484375000232e+02,-6.619227372173344293e+01
4.676894414062500118e+02,-6.876174904678951805e+01
4.676897343750000005e+02,-7.011597426804841859e+01
4.676900273437499891e+02,-7.464167121804928229e+01
4.676903203125000346e+02,-8.125374427141787237e+01
4.676906132812500232e+02,-8.022706612891991540e+01
4.676909062500000118e+02,-8.188879020072404558e+01
4.676911992187500005e+02,-7.412763167432343892e+01
4.676914921874999891e+02,-7.363688535292028803e+01
4.676917851562500346e+02,-7.005730362964342817e+01
4.676920781250000232e+02,-7.707669923808194312e+01
4.676923710937500118e+02,-7.574558207717937819e+01
4.676926640625000005e+02,-7.741968707518351778e+01
4.676929570312499891e+02,-8.051693486528881749e+01
4.676932500000000346e+02,-7.193319284424708826e+01
4.676935429687500232e+02,-7.046683954737581246e+01
4.676938359375000118e+02,-7.650361737100982396e+01
4.676941289062500005e+02,-7.415899707237241500e+01
4.676944218749999891e+02,-7.440577595003594524e+01
4.676947148437500346e+02,-7.498901748418967372e+01
4.676950078125000232e+02,-7.485893439867922439e+01
4.676953007812500118e+02,-8.041890304360991593e+01
4.676955937500000005e+02,-7.024101226962507383e+01
4.676958867187499891e+02,-7.398264653284935832e+01
4.676961796875000346e+02,-7.569749875885307233e+01
4.676964726562500232e+02,-7.265118918119263469e+01
4.676967656250000118e+02,-6.756131024568296084e+01
4.676970585937500005e+02,-6.912906896229900156e+01
4.676973515624999891e+02,-7.204575822518452810e+01
4.676976445312500346e+02,-7.451809505718614446e+01
4.676979375000000232e+02,-7.543537816287248177e+01
4.676982304687500118e+02,-7.625798276985310054e+01
4.676985234375000005e+02,-7.612804687004798154e+01
4.676988164062499891e+02,-7.432716057868931614e+01
4.676991093750000346e+02,-7.421859387080849046e+01
4.676994023437500232e+02,-7.422356936298700703e+01
4.676996953125000118e+02,-7.619692025901034071e+01
4.676999882812500005e+02,-8.096418442759244272e+01
4.677002812499999891e+02,-8.144190754479302541e+01
4.677005742187500346e+02,-8.169821786152560605e+01
4.677008671875000232e+02,-7.717700443763170881e+01
4.677011601562500118e+02,-7.340262830386001269e+01
4.677014531250000005e+02,-8.223996116862090844e+01
4.677017460937499891e+02,-8.656044473612359980e+01
4.677020390625000346e+02,-8.963363015819312807e+01
4.677023320312500232e+02,-8.006278008069944008e+01
4.677026250000000118e+02,-8.480689068462007185e+01
4.677029179687500005e+02,-8.340303330328330844e+01
4.677032109374999891e+02,-9.520546653396644388e+01
4.677035039062500346e+02,-8.197812703868778783e+01
4.677037968750000232e+02,-7.940759663540346480e+01
4.677040898437500118e+02,-8.060771964289118330e+01
4.677043828125000005e+02,-7.837049879474042768e+01
4.677046757812499891e+02,-7.464390266567625076e+01
4.677049687500000346e+02,-7.309847950363774771e+01
4.677052617187500232e+02,-7.574266668205824260e+01
4.677055546875000118e+02,-8.449659912286688268e+01
4.677058476562500005e+02,-8.460693800941628240e+01
4.677061406249999891e+02,-7.881557584871002575e+01
4.677064335937500346e+02,-7.714850619115138386e+01
4.677067265625000232e+02,-7.475734192544598500e+01
4.677070195312500118e+02,-8.902306367051748737e+01
4.677073125000000005e+02,-7.924209198723256975e+01
4.677076054687499891e+02,-7.199799911231770011e+01
4.677078984375000346e+02,-7.223160351767280929e+01
4.677081914062500232e+02,-8.157409883573727427e+01
4.677084843750000118e+02,-8.242884191911460334e+01
4.677087773437500005e+02,-8.263147733388136373e+01
4.677090703124999891e+02,-9.106209677943242298e+01
4.677093632812500346e+02,-8.439112376494142609e+01
4.677096562500000232e+02,-7.477447367705819659e+01
4.677099492187500118e+02,-7.720064947924764454e+01
4.677102421875000005e+02,-8.804105960809067710e+01
4.677105351562499891e+02,-8.578490469563767817e+01
4.677108281250000346e+02,-9.086140606108016016e+01
4.677111210937500232e+02,-8.346068724007932360e+01
4.677114140625000118e+02,-9.276884220484127752e+01
4.677117070312500005e+02,-8.202819972063169018e+01
4.677119999999999891e+02,-7.677501415625354753e+01
4.677122929687500346e+02,-7.545450068799422638e+01
4.677125859375000232e+02,-7.747442207578599493e+01
4.677128789062500118e+02,-7.418232239680448004e+01
4.677131718750000005e+02,-6.523437146145694499e+01
4.677134648437499891e+02,-6.692849522626600844e+01
4.677137578125000346e+02,-8.076565102159632659e+01
4.677140507812500232e+02,-9.592741517659560202e+01
4.677143437500000118e+02,-7.753421472229132405e+01
4.677146367187500005e+02,-7.685996251828677828e+01
4.677149296874999891e+02,-8.124961143936182850e+01
4.677152226562500346e+02,-8.312844289305738243e+01
4.677155156250000232e+02,-8.288256625151797152e+01
4.677158085937500118e+02,-7.899344840815379598e+01
4.677161015625000005e+02,-8.579924990313020317e+01
4.677163945312499891e+02,-8.030131320323270927e+01
4.677166875000000346e+02,-7.709713224941621945e+01
4.677169804687500232e+02,-7.664246731121293976e+01
4.677172734375000118e+02,-7.472991123078054443e+01
4.677175664062500005e+02,-7.732478530041926490e+01
4.677178593749999891e+02,-8.845733434097451209e+01
4.677181523437500346e+02,-8.007627071233525839e+01
4.677184453125000232e+02,-8.483312473352631855e+01
4.677187382812500118e+02,-8.193960537210934092e+01
4.677190312500000005e+02,-9.184274207202990681e+01
4.677193242187499891e+02,-9.007554944458678392e+01
4.677196171875000346e+02,-7.738231309392699586e+01
4.677199101562500232e+02,-7.538261521048966074e+01
4.677202031250000118e+02,-7.841338841961236028e+01
4.677204960937500005e+02,-8.503499446495516167e+01
4.677207890624999891e+02,-9.187692935829116436e+01
4.677210820312500346e+02,-7.988039806265143739e+01
4.677213750000000232e+02,-8.462327396889817521e+01
4.677216679687500118e+02,-7.570544561580217646e+01
4.677219609375000005e+02,-7.453397593350490524e+01
4.677222539062499891e+02,-7.522210219478772331e+01
4.677225468750000346e+02,-7.738917007003090021e+01
4.677228398437500232e+02,-7.240167683333115178e+01
4.677231328125000118e+02,-7.221931819374194106e+01
4.677234257812500005e+02,-7.654821378549061706e+01
4.677237187499999891e+02,-8.934640596025712966e+01
4.677240117187500346e+02,-7.864916857022676311e+01
4.677243046875000232e+02,-7.476368032742533387e+01
4.677245976562500118e+02,-7.511250743024010035e+01
4.677248906250000005e+02,-7.750995796012686867e+01
4.677251835937499891e+02,-1.025782436447180856e+02
4.677254765625000346e+02,-7.870815404319048980e+01
4.677257695312500232e+02,-8.121999917997658258e+01
4.677260625000000118e+02,-7.938930590871338211e+01
4.677263554687500005e+02,-8.064942844033845404e+01
4.677266484374999891e+02,-7.872302676512350672e+01
4.677269414062500346e+02,-8.223747635322479255e+01
4.677272343750000232e+02,-7.879915368501652040e+01
4.677275273437500118e+02,-7.435768287269301879e+01
4.677278203125000005e+02,-7.993449877477900145e+01
4.677281132812499891e+02,-8.387613857866433875e+01
4.677284062500000346e+02,-8.182114169978322593e+01
4.677286992187500232e+02,-7.953548958540517333e+01
4.677289921875000118e+02,-8.672379793518912550e+01
4.677292851562500005e+02,-8.254527572388218459e+01
4.677295781249999891e+02,-7.869220142266921414e+01
4.677298710937500346e+02,-8.609424698588327374e+01
4.677301640625000232e+02,-7.740934900977232758e+01
4.677304570312500118e+02,-7.585061700552290631e+01
4.677307500000000005e+02,-8.886094938492942674e+01
4.677310429687499891e+02,-8.857080990294021206e+01
4.677313359375000346e+02,-8.256752714922397729e+01
4.677316289062500232e+02,-7.821352709093831379e+01
4.677319218750000118e+02,-7.696291772862591074e+01
4.677322148437500005e+02,-8.039914843950248269e+01
4.677325078124999891e+02,-7.575426284699736357e+01
4.677328007812500346e+02,-8.162156866986015302e+01
4.677330937500000232e+02,-7.881340723839265650e+01
4.677333867187500118e+02,-8.604554263563440486e+01
4.677336796875000005e+02,-8.845848994256965625e+01
4.677339726562499891e+02,-8.145739094251992185e+01
4.677342656250000346e+02,-8.719206228558731198e+01
4.677345585937500232e+02,-8.581013429919619284e+01
4.677348515625000118e+02,-8.201460175187143875e+01
4.677351445312500005e+02,-8.207617221837354293e+01
4.677354374999999891e+02,-8.168927191574974245e+01
4.677357304687500346e+02,-8.037459184237583543e+01
4.677360234375000232e+02,-7.523783621451865145e+01
4.677363164062500118e+02,-7.438222098370917479e+01
4.677366093750000005e+02,-7.434872218261045873e+01
4.677369023437499891e+02,-8.273471669340706569e+01
4.677371953125000346e+02,-7.889951669986365346e+01
4.677374882812500232e+02,-8.403988052587908442e+01
4.677377812500000118e+02,-7.797377539672696400e+01
4.677380742187500005e+02,-7.782687489244449353e+01
4.677383671874999891e+02,-8.717585626252741804e+01
4.677386601562500346e+02,-7.865840600319170051e+01
4.677389531250000232e+02,-7.975033173590550462e+01
4.677392460937500118e+02,-8.424141856319884880e+01
4.677395390625000005e+02,-9.253121999461166070e+01
4.677398320312499891e+02,-8.016479980602517230e+01
4.677401250000000346e+02,-8.246345532095801900e+01
4.677404179687500232e+02,-8.041382387302766688e+01
4.677407109375000118e+02,-7.846774668417410226e+01
4.677410039062500005e+02,-7.678873803382998631e+01
4.677412968749999891e+02,-8.016234307559307126e+01
4.677415898437500346e+02,-7.522349508763423387e+01
4.677418828125000232e+02,-7.377149266252476423e+01
4.677421757812500118e+02,-7.814964830292511522e+01
4.677424687500000005e+02,-7.470250577723463437e+01
4.677427617187499891e+02,-8.145460402867385596e+01
4.677430546875000346e+02,-7.644984554800464593e+01
4.677433476562500232e+02,-7.742805423926058950e+01
4.677436406250000118e+02,-7.913583421210746849e+01
4.677439335937500005e+02,-8.158907703874010053e+01
4.677442265624999891e+02,-9.438611410355720466e+01
4.677445195312500346e+02,-7.856686086419361459e+01
4.677448125000000232e+02,-7.515819731524638314e+01
4.677451054687500118e+02,-7.782750690024992934e+01
4.677453984375000005e+02,-7.726032247911136608e+01
4.677456914062499891e+02,-1.029392588714652561e+02
4.677459843750000346e+02,-8.772694695807571463e+01
4.677462773437500232e+02,-7.879354239463151544e+01
4.677465703125000118e+02,-7.906037388030907209e+01
4.677468632812500005e+02,-7.998510160710755201e+01
4.677471562499999891e+02,-7.824110580592369502e+01
4.677474492187500346e+02,-8.268693086641611956e+01
4.677477421875000232e+02,-8.211057729081701950e+01
4.677480351562500118e+02,-8.694650741962171026e+01
4.677483281250000005e+02,-8.767511715163732333e+01
4.677486210937499891e+02,-8.500344285537751432e+01
4.677489140625000346e+02,-7.598305717630735501e+01
4.677492070312500232e+02,-7.443426515234902752e+01
4.677495000000000118e+02,-8.874663218490022132e+01
4.677497929687500005e+02,-8.170898801804524680e+01
4.677500859374999891e+02,-9.414176810580363508e+01
4.677503789062500346e+02,-8.285245953022275955e+01
4.677506718750000232e+02,-8.437096314588941937e+01
4.677509648437500118e+02,-8.122972524749285128e+01
4.677512578125000005e+02,-7.882801740999613571e+01
4.677515507812499891e+02,-7.938209893863933075e+01
4.677518437500000346e+02,-8.019504224515009128e+01
4.677521367187500232e+02,-8.254252388324883327e+01
4.677524296875000118e+02,-8.646130341005002151e+01
4.677527226562500005e+02,-8.995371540566027591e+01
4.677530156249999891e+02,-8.212925383018284720e+01
4.677533085937500346e+02,-8.521482392990409949e+01
4.677536015625000232e+02,-8.728091369293429125e+01
4.677538945312500118e+02,-8.537492347088287659e+01
4.677541875000000005e+02,-7.946809641963805859e+01
4.677544804687499891e+02,-7.876134875730460294e+01
4.677547734375000346e+02,-1.042312329573391452e+02
4.677550664062500232e+02,-8.584673658073259617e+01
4.677553593750000118e+02,-7.928250223341947844e+01
4.677556523437500005e+02,-8.263830261237669106e+01
4.677559453124999891e+02,-7.880417282729138151e+01
4.677562382812500346e+02,-7.494455485280911944e+01
4.677565312500000232e+02,-7.574219323990155317e+01
4.677568242187500118e+02,-7.413795627232747165e+01
4.677571171875000005e+02,-7.874529460881574039e+01
4.677574101562499891e+02,-7.967274139862455229e+01
4.677577031250000346e+02,-7.900476384376918304e+01
4.677579960937500232e+02,-8.263972260139527748e+01
4.677582890625000118e+02,-8.572427468782466065e+01
4.677585820312500005e+02,-8.355960421029266172e+01
4.677588749999999891e+02,-8.237163222871713231e+01
4.677591679687500346e+02,-8.773128857805106406e+01
4.677594609375000232e+02,-1.010991866928718110e+02
4.677597539062500118e+02,-7.930399449898666830e+01
4.677600468750000005e+02,-7.737685406983716518e+01
4.677603398437499891e+02,-8.337028340781469637e+01
4.677606328125000346e+02,-8.392400699615579640e+01
4.677609257812500232e+02,-8.748855203283395099e+01
4.677612187500000118e+02,-8.497897301866181863e+01
4.677615117187500005e+02,-7.722369427395477715e+01
4.677618046874999891e+02,-7.679481912588268244e+01
4.677620976562500346e+02,-7.810901322401466018e+01
4.677623906250000232e+02,-9.995520094498661479e+01
4.677626835937500118e+02,-8.124644999667445688e+01
4.677629765625000005e+02,-7.960956667239499041e+01
4.677632695312499891e+02,-8.517431292586665847e+01
4.677635625000000346e+02,-8.036466046535693408e+01
4.677638554687500232e+02,-7.732825782776313872e+01
4.677641484375000118e+02,-8.466224352573541978e+01
4.677644414062500005e+02,-7.926897442977153219e+01
4.677647343749999891e+02,-1.037959008490057187e+02
4.677650273437500346e+02,-9.463304744894006149e+01
4.677653203125000232e+02,-7.953202706382904807e+01
4.677656132812500118e+02,-7.966294225132574525e+01
4.677659062500000005e+02,-8.303555095512381001e+01
4.677661992187499891e+02,-7.970992487493617773e+01
4.677664921875000346e+02,-7.928228915505798113e+01
4.677667851562500232e+02,-7.709065819487521765e+01
4.677670781250000118e+02,-7.283807839454902933e+01
4.677673710937500005e+02,-7.550015783723901563e+01
4.677676640624999891e+02,-8.233714463631855551e+01
4.677679570312500346e+02,-8.252181543955488507e+01
4.677682500000000232e+02,-8.464384222003937452e+01
4.677685429687500118e+02,-7.664514834151928824e+01
4.677688359375000005e+02,-7.650441841730429360e+01
4.677691289062499891e+02,-7.819569932649227439e+01
4.677694218750000346e+02,-8.095091016500796854e+01
4.677697148437500232e+02,-8.527485154146674518e+01
4.677700078125000118e+02,-8.644685550540333452e+01
4.677703007812500005e+02,-8.302809917388364624e+01
4.677705937499999891e+02,-8.471733303147802019e+01
4.677708867187500346e+02,-8.943503908440385430e+01
4.677711796875000232e+02,-9.565000205994363114e+01
4.677714726562500118e+02,-8.069791429419902329e+01
4.677717656250000005e+02,-8.092086530230459118e+01
4.677720585937499891e+02,-8.212314883689901990e+01
4.677723515625000346e+02,-8.102615602257000660e+01
4.677726445312500232e+02,-8.378098111897791966e+01
4.677729375000000118e+02,-8.015164946481019115e+01
4.677732304687500005e+02,-7.434782892429996082e+01
4.677735234374999891e+02,-8.195887499597392889e+01
4.677738164062500346e+02,-8.631733672926151257e+01
4.677741093750000232e+02,-8.774188929674993176e+01
4.677744023437500118e+02,-8.401782661909010130e+01
4.677746953125000005e+02,-9.361347942142778322e+01
4.677749882812499891e+02,-8.222259399226174992e+01
4.677752812500000346e+02,-7.596593185260587688e+01
4.677755742187500232e+02,-7.725269522194915339e+01
4.677758671875000118e+02,-8.652003792569105656e+01
4.677761601562500005e+02,-7.834592085917400084e+01
4.677764531249999891e+02,-7.714037185488473369e+01
4.677767460937500346e+02,-8.180019589284006543e+01
4.677770390625000232e+02,-9.201732143409302012e+01
4.677773320312500118e+02,-8.660134960889662636e+01
4.677776250000000005e+02,-8.813398680731489776e+01
4.677779179687499891e+02,-7.741261825364732374e+01
4.677782109375000346e+02,-7.845502683564821211e+01
4.677785039062500232e+02,-8.313140033498955006e+01
4.677787968750000118e+02,-7.581587000743495253e+01
4.677790898437500005e+02,-7.547712229422580776e+01
4.677793828124999891e+02,-8.128000168091959665e+01
4.677796757812500346e+02,-7.679157991745624656e+01
4.677799687500000232e+02,-9.188513537859732594e+01
4.677802617187500118e+02,-8.138911890129101323e+01
4.677805546875000005e+02,-9.009923544621706526e+01
4.677808476562499891e+02,-8.132140314994030916e+01
4.677811406250000346e+02,-7.950518245708644827e+01
4.677814335937500232e+02,-8.297687003965467056e+01
4.677817265625000118e+02,-7.684504676307784621e+01
4.677820195312500005e+02,-7.894737276283420613e+01
4.677823124999999891e+02,-9.461088046754044001e+01
4.677826054687500346e+02,-8.626592842123974947e+01
4.677828984375000232e+02,-9.465933201651947115e+01
4.677831914062500118e+02,-8.529779453024175950e+01
4.677834843750000005e+02,-8.143903264827056887e+01
4.677837773437499891e+02,-7.929724004576856089e+01
4.677840703125000346e+02,-8.033072876458012956e+01
4.677843632812500232e+02,-7.996237040024138309e+01
4.677846562500000118e+02,-8.054814541092142122e+01
4.677849492187500005e+02,-8.539367407892875406e+01
4.677852421874999891e+02,-8.748295580751522493e+01
4.677855351562500346e+02,-8.276282764759861266e+01
4.677858281250000232e+02,-8.941536444596533784e+01
4.677861210937500118e+02,-9.039522316396974588e+01
4.677864140625000005e+02,-8.762662011430106190e+01
4.677867070312499891e+02,-1.027166371503752771e+02
4.677870000000000346e+02,-9.362411324163585391e+01
4.677872929687500232e+02,-8.864830109117281154e+01
4.677875859375000118e+02,-8.926075318487818322e+01
4.677878789062500005e+02,-8.431853251857251053e+01
4.677881718749999891e+02,-8.241734897962678019e+01
4.677884648437500346e+02,-7.995791413709895323e+01
4.677887578125000232e+02,-8.000852963184813404e+01
4.677890507812500118e+02,-8.287316484553147689e+01
4.677893437500000005e+02,-1.006461418780063752e+02
4.677896367187499891e+02,-9.159516206100099112e+01
4.677899296875000346e+02,-8.225149779406301320e+01
4.677902226562500232e+02,-8.348559376326959125e+01
4.677905156250000118e+02,-1.032771619187450369e+02
4.677908085937500005e+02,-9.777318314165447077e+01
4.677911015624999891e+02,-9.861635430176598049e+01
4.677913945312500346e+02,-8.618687524070642780e+01
4.677916875000000232e+02,-8.954101680324833978e+01
4.677919804687500118e+02,-8.358206563105149201e+01
4.677922734375000005e+02,-8.379252559563175851e+01
4.677925664062499891e+02,-8.552735372071551012e+01
4.677928593750000346e+02,-8.266758385871199266e+01
4.677931523437500232e+02,-8.551561967846978973e+01
4.677934453125000118e+02,-8.980292016635701202e+01
4.677937382812500005e+02,-8.126524220688855848e+01
4.677940312499999891e+02,-7.839681176907569693e+01
4.677943242187500346e+02,-9.053440512490661263e+01
4.677946171875000232e+02,-8.918952412995133727e+01
4.677949101562500118e+02,-7.981073084143700669e+01
4.677952031250000005e+02,-7.769644755619376042e+01
4.677954960937499891e+02,-8.097783759046731689e+01
4.677957890625000346e+02,-7.569208707886575382e+01
4.677960820312500232e+02,-7.988128601317765742e+01
4.677963750000000118e+02,-8.406481923687856295e+01
4.677966679687500005e+02,-1.008493832352864530e+02
4.677969609374999891e+02,-8.659881177888462389e+01
4.677972539062500346e+02,-8.331133510857675617e+01
4.677975468750000232e+02,-8.392262101554013043e+01
4.677978398437500118e+02,-9.281693890203567321e+01
4.677981328125000005e+02,-7.984898519358192459e+01
4.677984257812499891e+02,-7.796384955391613403e+01
4.677987187500000346e+02,-7.972800846143465492e+01
4.677990117187500232e+02,-7.833930081960504310e+01
4.677993046875000118e+02,-8.172755328254237384e+01
4.677995976562500005e+02,-8.000562318235856196e+01
4.677998906249999891e+02,-7.532546801843875528e+01
4.678001835937500346e+02,-7.676929748049623470e+01
4.678004765625000232e+02,-8.359355435257967315e+01
4.678007695312500118e+02,-8.485649265134259167e+01
4.678010625000000005e+02,-9.936376868189988443e+01
4.678013554687499891e+02,-8.637781547866084964e+01
4.678016484375000346e+02,-7.808390898069336572e+01
4.678019414062500232e+02,-7.718452859213492445e+01
4.678022343750000118e+02,-8.537478511199411457e+01
4.678025273437500005e+02,-8.237895397262070674e+01
4.678028203124999891e+02,-8.861747977398628962e+01
4.678031132812500346e+02,-8.308039936675669423e+01
4.678034062500000232e+02,-8.323466537866568160e+01
4.678036992187500118e+02,-8.889553648520816864e+01
4.678039921875000005e+02,-8.257911428294816858e+01
4.678042851562499891e+02,-8.502296908144793974e+01
4.678045781250000346e+02,-8.643171562167304955e+01
4.678048710937500232e+02,-7.787812938876921010e+01
4.678051640625000118e+02,-8.180257416775405943e+01
4.678054570312500005e+02,-7.970307189815086701e+01
4.678057499999999891e+02,-7.744937157771819614e+01
4.678060429687500346e+02,-7.848956019961465813e+01
4.678063359375000232e+02,-7.831616333195570689e+01
4.678066289062500118e+02,-8.070811560969502807e+01
4.678069218750000005e+02,-8.050369070909889047e+01
4.678072148437499891e+02,-8.884664081149580284e+01
4.678075078125000346e+02,-8.200858408811527056e+01
4.678078007812500232e+02,-8.698213179427898467e+01
4.678080937500000118e+02,-8.733352003129760988e+01
4.678083867187500005e+02,-7.876716690953671218e+01
4.678086796874999891e+02,-7.993854787406749551e+01
4.678089726562500346e+02,-8.262609240122858978e+01
4.678092656250000232e+02,-8.457231621388066856e+01
4.678095585937500118e+02,-9.387098098259598089e+01
4.678098515625000005e+02,-9.041529787152288122e+01
4.678101445312499891e+02,-9.232938169134675377e+01
4.678104375000000346e+02,-8.661863072060535274e+01
4.678107304687500232e+02,-7.656999219811964963e+01
4.678110234375000118e+02,-7.324023509824544931e+01
4.678113164062500005e+02,-7.822096146348221168e+01
4.678116093749999891e+02,-8.545153796918022238e+01
4.678119023437500346e+02,-8.024397139262109135e+01
4.678121953125000232e+02,-8.705077343077404350e+01
4.678124882812500118e+02,-8.942673112756936860e+01
4.678127812500000005e+02,-8.178891977836525484e+01
4.678130742187499891e+02,-8.847795114475773914e+01
4.678133671875000346e+02,-9.005612154517672252e+01
4.678136601562500232e+02,-8.459883201507136619e+01
4.678139531250000118e+02,-8.163242773775368732e+01
4.678142460937500005e+02,-8.307143173467167685e+01
4.678145390624999891e+02,-9.834557879787644197e+01
4.678148320312500346e+02,-8.426627192043987691e+01
4.678151250000000232e+02,-8.486586730502301634e+01
4.678154179687500118e+02,-9.240386350017428185e+01
4.678157109375000005e+02,-8.182060684283430874e+01
4.678160039062499891e+02,-8.736471345490861040e+01
4.678162968750000346e+02,-8.363002517690054560e+01
4.678165898437500232e+02,-7.907462190519201783e+01
4.678168828125000118e+02,-8.400536740545939551e+01
4.678171757812500005e+02,-8.812502575928826332e+01
4.678174687499999891e+02,-8.249460759012433186e+01
4.678177617187500346e+02,-9.346278769889060811e+01
4.678180546875000232e+02,-8.070769281708039955e+01
4.678183476562500118e+02,-8.419034101819988791e+01
4.678186406250000005e+02,-9.832494675586954713e+01
4.678189335937499891e+02,-8.564861947523142760e+01
4.678192265625000346e+02,-8.426395676684235525e+01
4.678195195312500232e+02,-8.185134974528025964e+01
4.678198125000000118e+02,-9.584843823460339252e+01
4.678201054687500005e+02,-8.433376892619131127e+01
4.678203984374999891e+02,-8.381544212760280743e+01
4.678206914062500346e+02,-1.118578985231334286e+02
4.678209843750000232e+02,-8.018255996952692044e+01
4.678212773437500118e+02,-7.635047321619713045e+01
4.678215703125000005e+02,-8.067751602268613453e+01
4.678218632812499891e+02,-8.349606261009617469e+01
4.678221562500000346e+02,-8.064647431157990809e+01
4.678224492187500232e+02,-9.178377128591577616e+01
4.678227421875000118e+02,-8.596895556350241918e+01
4.678230351562500005e+02,-7.928119323873234237e+01
4.678233281249999891e+02,-7.978563178857734783e+01
4.678236210937500346e+02,-8.440965525207305120e+01
4.678239140625000232e+02,-8.762134806817606147e+01
4.678242070312500118e+02,-9.207621722928385566e+01
4.678245000000000005e+02,-8.537780217248277381e+01
4.678247929687499891e+02,-8.832327857693884710e+01
4.678250859375000346e+02,-8.486193364137783135e+01
4.678253789062500232e+02,-7.931032238903377163e+01
4.678256718750000118e+02,-7.801926879010784432e+01
4.678259648437500005e+02,-8.014863764272327273e+01
4.678262578124999891e+02,-8.107800416821818601e+01
4.678265507812500346e+02,-8.450757973911925092e+01
4.678268437500000232e+02,-8.497460836719874067e+01
4.678271367187500118e+02,-8.009907247154202992e+01
4.678274296875000005e+02,-8.543030288137011041e+01
4.678277226562499891e+02,-8.525516419771598464e+01
4.678280156250000346e+02,-8.093309419952818473e+01
4.678283085937500232e+02,-8.639195203368628029e+01
4.678286015625000118e+02,-9.071223404154430625e+01
4.678288945312500005e+02,-8.854967771430381163e+01
4.678291874999999891e+02,-8.156011889639765400e+01
4.678294804687500346e+02,-8.118745850857251867e+01
4.678297734375000232e+02,-8.922895858058214458e+01
4.678300664062500118e+02,-8.110839824248569130e+01
4.678303593750000005e+02,-8.244346152804945405e+01
4.678306523437499891e+02,-7.840844732609001255e+01
4.678309453125000346e+02,-7.457373847208059203e+01
4.678312382812500232e+02,-7.774706782524680193e+01
4.678315312500000118e+02,-9.599212805119077530e+01
4.678318242187500005e+02,-9.291144862395202608e+01
4.678321171874999891e+02,-8.373411706625732620e+01
4.678324101562500346e+02,-7.775216531349330751e+01
4.678327031250000232e+02,-8.359972183870821993e+01
4.678329960937500118e+02,-8.504055303128157561e+01
4.678332890625000005e+02,-8.615302982726811365e+01
4.678335820312499891e+02,-9.183437438614951986e+01
4.678338750000000346e+02,-7.871020572385765490e+01
4.678341679687500232e+02,-8.111750612746513411e+01
4.678344609375000118e+02,-8.392400295631654217e+01
4.678347539062500005e+02,-9.045940355358041529e+01
4.678350468749999891e+02,-9.276741135626613755e+01
4.678353398437500346e+02,-9.845916573579749809e+01
4.678356328125000232e+02,-1.066244003300718077e+02
4.678359257812500118e+02,-8.999346150701485669e+01
4.678362187500000005e+02,-8.875355711432759165e+01
4.678365117187499891e+02,-7.993220849821798879e+01
4.678368046875000346e+02,-8.040597513277123198e+01
4.678370976562500232e+02,-8.709759879888497380e+01
4.678373906250000118e+02,-8.090348615452305125e+01
4.678376835937500005e+02,-6.934541587735570545e+01
4.678379765624999891e+02,-7.147085077779713913e+01
4.678382695312500346e+02,-7.923104896955524623e+01
4.678385625000000232e+02,-7.848199462987419395e+01
4.678388554687500118e+02,-7.933604671904521410e+01
4.678391484375000005e+02,-9.089692313724647477e+01
4.678394414062499891e+02,-8.298372754750039348e+01
4.678397343750000346e+02,-7.918407591039732552e+01
4.678400273437500232e+02,-8.054138272155789480e+01
4.678403203125000118e+02,-8.743891445764484160e+01
4.678406132812500005e+02,-8.635868717093617875e+01
4.678409062499999891e+02,-8.210663014890243971e+01
4.678411992187500346e+02,-8.456441498012986813e+01
4.678414921875000232e+02,-8.493152980058846424e+01
4.678417851562500118e+02,-8.824756420709933025e+01
4.678420781250000005e+02,-9.842768040664417128e+01
4.678423710937499891e+02,-8.427220834821012829e+01
4.678426640625000346e+02,-8.367363585127371550e+01
4.678429570312500232e+02,-8.159516032631587734e+01
4.678432500000000118e+02,-8.529388514845706482e+01
4.678435429687500005e+02,-8.327351356879819377e+01
4.678438359374999891e+02,-8.314621079305845797e+01
4.678441289062500346e+02,-8.648491714387563434e+01
4.678444218750000232e+02,-9.513081848126876139e+01
4.678447148437500118e+02,-8.885333994566894944e+01
4.678450078125000005e+02,-8.076344490269093512e+01
4.678453007812499891e+02,-8.317899018247666731e+01
4.678455937500000346e+02,-8.550203859648000559e+01
4.678458867187500232e+02,-8.142578891103096339e+01
4.678461796875000118e+02,-8.201928675221924436e+01
4.678464726562500005e+02,-7.908742428325119533e+01
4.678467656249999891e+02,-7.850514202093404492e+01
4.678470585937500346e+02,-8.476135456080866959e+01
4.678473515625000232e+02,-1.178489625628287740e+02
4.678476445312500118e+02,-8.890726633350590191e+01
4.678479375000000005e+02,-8.490685517926581838e+01
4.678482304687499891e+02,-7.955163540703345859e+01
4.678485234375000346e+02,-8.494861590180585154e+01
4.678488164062500232e+02,-8.560330869716217705e+01
4.678491093750000118e+02,-8.190162601412218635e+01
4.678494023437500005e+02,-7.834265514640901529e+01
4.678496953124999891e+02,-8.072824468362517791e+01
4.678499882812500346e+02,-8.728919465143701473e+01
4.678502812500000232e+02,-8.494182657022314231e+01
4.678505742187500118e+02,-9.808200400949706932e+01
4.678508671875000005e+02,-9.161969251040028439e+01
4.678511601562499891e+02,-9.565724905811808298e+01
4.678514531250000346e+02,-8.771262750952362808e+01
4.678517460937500232e+02,-1.076142833235624892e+02
4.678520390625000118e+02,-7.757922458669548860e+01
4.678523320312500005e+02,-7.595286550693084848e+01
4.678526249999999891e+02,-8.278627006172703773e+01
4.678529179687500346e+02,-8.896090004948574403e+01
4.678532109375000232e+02,-8.740244418056400377e+01
4.678535039062500118e+02,-8.706981708696494593e+01
4.678537968750000005e+02,-8.186017155294550207e+01
4.678540898437499891e+02,-8.793554585811305913e+01
4.678543828125000346e+02,-8.494951708333380225e+01
4.678546757812500232e+02,-9.911317032357970902e+01
4.678549687500000118e+02,-8.619912510201916689e+01
4.678552617187500005e+02,-7.971453369837118430e+01
4.678555546874999891e+02,-7.872121227237261110e+01
4.678558476562500346e+02,-8.347393842157543986e+01
4.678561406250000232e+02,-8.728275964601795067e+01
4.678564335937500118e+02,-8.121916223021052872e+01
4.678567265625000005e+02,-8.270439681834503176e+01
4.678570195312499891e+02,-8.263421729203081156e+01
4.678573125000000346e+02,-7.820106991963801590e+01
4.678576054687500232e+02,-8.110113293866847073e+01
4.678578984375000118e+02,-8.214110634134142686e+01
4.678581914062500005e+02,-7.874492906491865085e+01
4.678584843749999891e+02,-8.991722318137257730e+01
4.678587773437500346e+02,-9.213302041549765420e+01
4.678590703125000232e+02,-8.759743841646532303e+01
4.678593632812500118e+02,-9.627800353444305870e+01
4.678596562500000005e+02,-8.213767390151291181e+01
4.678599492187499891e+02,-8.058259313701448434e+01
4.678602421875000346e+02,-8.360021643231891630e+01
4.678605351562500232e+02,-8.795702582321305840e+01
4.678608281250000118e+02,-8.723952251187353113e+01
4.678611210937500005e+02,-8.304620344173061142e+01
4.678614140624999891e+02,-8.169206706578974320e+01
4.678617070312500346e+02,-7.933393165147347759e+01
4.678620000000000232e+02,-8.150902425579558042e+01
4.678622929687500118e+02,-8.604905944617259195e+01
4.678625859375000005e+02,-8.862608646638746279e+01
4.678628789062499891e+02,-8.348619821537039343e+01
4.678631718750000346e+02,-8.276353135350930756e+01
4.678634648437500232e+02,-8.153717738664167314e+01
4.678637578125000118e+02,-7.848515354273440892e+01
4.678640507812500005e+02,-7.789641091226886260e+01
4.678643437499999891e+02,-8.007339452713875971e+01
4.678646367187500346e+02,-8.042949556705691805e+01
4.678649296875000232e+02,-8.606066231310862236e+01
4.678652226562500118e+02,-8.320235655907474381e+01
4.678655156250000005e+02,-9.344401424645826637e+01
4.678658085937499891e+02,-9.088355044074157263e+01
4.678661015625000346e+02,-8.582740924293226215e+01
4.678663945312500232e+02,-8.223422884240227404e+01
4.678666875000000118e+02,-8.668092944989746229e+01
4.678669804687500005e+02,-8.418264255395541795e+01
4.678672734374999891e+02,-8.149775734378854963e+01
4.678675664062500346e+02,-8.469130870800434252e+01
4.678678593750000232e+02,-9.199802392875817247e+01
4.678681523437500118e+02,-9.691225804663416454e+01
4.678684453125000005e+02,-9.215616264177013761e+01
4.678687382812499891e+02,-8.441292068313376262e+01
4.678690312500000346e+02,-8.325485933978008291e+01
4.678693242187500232e+02,-8.433038067803911986e+01
4.678696171875000118e+02,-8.536890355747515002e+01
4.678699101562500005e+02,-8.290252929680860916e+01
4.678702031249999891e+02,-8.602246600547655930e+01
4.678704960937500346e+02,-8.912453370845504708e+01
4.678707890625000232e+02,-9.783994056453850874e+01
4.678710820312500118e+02,-8.645000868215090861e+01
4.678713750000000005e+02,-8.714423476773801269e+01
4.678716679687499891e+02,-8.679296991769410852e+01
4.678719609375000346e+02,-8.633528393705960013e+01
4.678722539062500232e+02,-8.016229153594531454e+01
4.678725468750000118e+02,-8.375174610122402896e+01
4.678728398437500005e+02,-7.935331713728712089e+01
4.678731328124999891e+02,-7.792273850639600141e+01
4.678734257812500346e+02,-7.938329565353848238e+01
4.678737187500000232e+02,-8.110782067936851547e+01
4.678740117187500118e+02,-8.456454753398745083e+01
4.678743046875000005e+02,-1.030965611767570209e+02
4.678745976562499891e+02,-8.768728234557300993e+01
4.678748906250000346e+02,-9.815427876974190724e+01
4.678751835937500232e+02,-8.408528760618450804e+01
4.678754765625000118e+02,-8.867477914487180612e+01
4.678757695312500005e+02,-8.334288938111085088e+01
4.678760624999999891e+02,-7.949397743787436355e+01
4.678763554687500346e+02,-8.672211443390465035e+01
4.678766484375000232e+02,-8.048693258285450725e+01
4.678769414062500118e+02,-8.746844236171399700e+01
4.678772343750000005e+02,-8.737513254335735269e+01
4.678775273437499891e+02,-8.203548730442702208e+01
4.678778203125000346e+02,-8.986783950893182293e+01
4.678781132812500232e+02,-9.041505874806956911e+01
4.678784062500000118e+02,-8.887210824672096976e+01
4.678786992187500005e+02,-8.611118762024646855e+01
4.678789921874999891e+02,-8.396504762097183061e+01
4.678792851562500346e+02,-8.039476351901656415e+01
4.678795781250000232e+02,-8.071414741768541035e+01
4.678798710937500118e+02,-8.926337442369593589e+01
4.678801640625000005e+02,-1.014656628615743728e+02
4.678804570312499891e+02,-8.730283897236111557e+01
4.678807500000000346e+02,-8.002811152365914893e+01
4.678810429687500232e+02,-7.944109769791697317e+01
4.678813359375000118e+02,-9.118885437901184332e+01
4.678816289062500005e+02,-8.824066016794628808e+01
4.678819218749999891e+02,-8.472872991552493716e+01
4.678822148437500346e+02,-9.021387024054654091e+01
4.678825078125000232e+02,-8.954607227026998828e+01
4.678828007812500118e+02,-8.768456803758314777e+01
4.678830937500000005e+02,-8.484900215082397779e+01
4.678833867187499891e+02,-8.073075771592459660e+01
4.678836796875000346e+02,-8.495141489686879765e+01
4.678839726562500232e+02,-8.004932143751156559e+01
4.678842656250000118e+02,-8.087724643948043024e+01
4.678845585937500005e+02,-8.436902436467939026e+01
4.678848515624999891e+02,-8.521361876404817792e+01
4.678851445312500346e+02,-8.275513229022817541e+01
4.678854375000000232e+02,-8.733544451919956941e+01
4.678857304687500118e+02,-9.160708155983999745e+01
4.678860234375000005e+02,-8.371477646085398305e+01
4.678863164062499891e+02,-7.977368356887888012e+01
4.678866093750000346e+02,-7.969777506437814907e+01
4.678869023437500232e+02,-8.663668653460069891e+01
4.678871953125000118e+02,-8.751341616622855213e+01
4.678874882812500005e+02,-8.398232378714541824e+01
4.678877812499999891e+02,-9.480915091125166327e+01
4.678880742187500346e+02,-8.492178119027974503e+01
4.678883671875000232e+02,-9.832670172633075367e+01
4.678886601562500118e+02,-8.269058730612456998e+01
4.678889531250000005e+02,-8.389970667783549629e+01
4.678892460937499891e+02,-8.513795097368080178e+01
4.678895390625000346e+02,-8.897469416741481041e+01
4.678898320312500232e+02,-9.148552441086495435e+01
4.678901250000000118e+02,-7.838964398026868707e+01
4.678904179687500005e+02,-7.862617611509477911e+01
4.678907109374999891e+02,-8.353777455089021942e+01
4.678910039062500346e+02,-8.078645321644907540e+01
4.678912968750000232e+02,-8.899039732440792250e+01
4.678915898437500118e+02,-8.919291145383451180e+01
4.678918828125000005e+02,-9.284342975515124863e+01
4.678921757812499891e+02,-8.244128732525867065e+01
4.678924687500000346e+02,-8.266761753678935065e+01
4.678927617187500232e+02,-8.815564344367351168e+01
4.678930546875000118e+02,-8.741389617300779946e+01
4.678933476562500005e+02,-8.679345011712572955e+01
4.678936406249999891e+02,-8.321547084310577702e+01
4.678939335937500346e+02,-8.222132098337451112e+01
4.678942265625000232e+02,-7.986146279091730094e+01
4.678945195312500118e+02,-8.009708671767056387e+01
4.678948125000000005e+02,-9.225462628191921510e+01
4.678951054687499891e+02,-9.430213173788837366e+01
4.678953984375000346e+02,-8.906281816631165782e+01
4.678956914062500232e+02,-8.230055769043576674e+01
4.678959843750000118e+02,-8.187197174762209784e+01
4.678962773437500005e+02,-8.620967101249408415e+01
4.678965703124999891e+02,-8.454815705405420090e+01
4.678968632812500346e+02,-8.308019710209138964e+01
4.678971562500000232e+02,-8.167549412628477512e+01
4.678974492187500118e+02,-7.910108256248294367e+01
4.678977421875000005e+02,-8.279817380978293784e+01
4.678980351562499891e+02,-8.693372271166246890e+01
4.678983281250000346e+02,-8.519533580877491374e+01
4.678986210937500232e+02,-8.029611594033099209e+01
4.678989140625000118e+02,-8.284555908832746240e+01
4.678992070312500005e+02,-8.933407181863364599e+01
4.678994999999999891e+02,-8.056976199840599406e+01
4.678997929687500346e+02,-7.989142046702626487e+01
4.679000859375000232e+02,-7.857444749645219417e+01
4.679003789062500118e+02,-8.023396992680675055e+01
4.679006718750000005e+02,-8.807333272855436235e+01
4.679009648437499891e+02,-1.041325666362339746e+02
4.679012578125000346e+02,-9.044977164349354837e+01
4.679015507812500232e+02,-8.810923866716794350e+01
4.679018437500000118e+02,-9.244619745991153081e+01
4.679021367187500005e+02,-8.872185495255794763e+01
4.679024296874999891e+02,-8.358880148399562415e+01
4.679027226562500346e+02,-8.829148757850742868e+01
4.679030156250000232e+02,-9.076150756955871657e+01
4.679033085937500118e+02,-8.202707714929603355e+01
4.679036015625000005e+02,-8.303795262322947224e+01
4.679038945312499891e+02,-8.280544501482941655e+01
4.679041875000000346e+02,-9.215806189242493929e+01
4.679044804687500232e+02,-8.418757444163615844e+01
4.679047734375000118e+02,-8.578785203675383286e+01
4.679050664062500005e+02,-7.778316207017715556e+01
4.679053593749999891e+02,-8.747635176554001646e+01
4.679056523437500346e+02,-8.453673723309239563e+01
4.679059453125000232e+02,-8.425840147647470246e+01
4.679062382812500118e+02,-8.228069800361849673e+01
4.679065312500000005e+02,-7.730001397159165322e+01
4.679068242187499891e+02,-7.854502288874698479e+01
4.679071171875000346e+02,-8.896586232605190503e+01
4.679074101562500232e+02,-9.191831672899537864e+01
4.679077031250000118e+02,-8.434125195648707063e+01
4.679079960937500005e+02,-7.953568080076573210e+01
4.679082890624999891e+02,-8.521440108099244526e+01
4.679085820312500346e+02,-8.631540826652172882e+01
4.679088750000000232e+02,-8.106322363723700164e+01
4.679091679687500118e+02,-8.389329931484759584e+01
4.679094609375000005e+02,-8.943246187724710694e+01
4.679097539062499891e+02,-8.614792292480339597e+01
4.679100468750000346e+02,-8.559094659020536255e+01
4.679103398437500232e+02,-7.938540713392156078e+01
4.679106328125000118e+02,-7.808386283885337775e+01
4.679109257812500005e+02,-7.915821636576738740e+01
4.679112187499999891e+02,-9.027416273850604966e+01
4.679115117187500346e+02,-9.124442362922629002e+01
4.679118046875000232e+02,-8.702279817484544822e+01
4.679120976562500118e+02,-9.800845051898429006e+01
4.679123906250000005e+02,-8.505646281506983541e+01
4.679126835937499891e+02,-9.134383541458610978e+01
4.679129765625000346e+02,-8.496429291162951358e+01
4.679132695312500232e+02,-8.291030188589751049e+01
4.679135625000000118e+02,-9.194336396107765097e+01
4.679138554687500005e+02,-8.505649281345561974e+01
4.679141484374999891e+02,-7.970184999999980846e+01
4.679144414062500346e+02,-8.097829364380955042e+01
4.679147343750000232e+02,-8.367238057620595271e+01
4.679150273437500118e+02,-8.616592232461198364e+01
4.679153203125000005e+02,-9.209725493662018891e+01
4.679156132812499891e+02,-8.356035630792572988e+01
4.679159062500000346e+02,-8.347077595672261907e+01
4.679161992187500232e+02,-1.008859280152236693e+02
4.679164921875000118e+02,-8.160761613222489075e+01
4.679167851562500005e+02,-7.756988934077671161e+01
4.679170781249999891e+02,-8.058868646054015983e+01
4.679173710937500346e+02,-8.674842256418669706e+01
4.679176640625000232e+02,-8.252983646510958238e+01
4.679179570312500118e+02,-8.070623727603076247e+01
4.679182500000000005e+02,-8.646857686801381249e+01
4.679185429687499891e+02,-9.828036115605721079e+01
4.679188359375000346e+02,-8.496013933129253815e+01
4.679191289062500232e+02,-8.810468573323591102e+01
4.679194218750000118e+02,-8.197111602377779604e+01
4.679197148437500005e+02,-8.399493274940002152e+01
4.679200078124999891e+02,-8.832668884698819056e+01
4.679203007812500346e+02,-8.415827026924927168e+01
4.679205937500000232e+02,-8.660193377081519372e+01
4.679208867187500118e+02,-9.006298893874692624e+01
4.679211796875000005e+02,-8.300587449255522188e+01
4.679214726562499891e+02,-8.042442746857298630e+01
4.679217656250000346e+02,-8.286256035011035692e+01
4.679220585937500232e+02,-8.393762221875221030e+01
4.679223515625000118e+02,-8.125159443543338966e+01
4.679226445312500005e+02,-9.435227489188457639e+01
4.679229374999999891e+02,-8.350525629054443755e+01
4.679232304687500346e+02,-7.905103391353816278e+01
4.679235234375000232e+02,-7.703275352290549449e+01
4.679238164062500118e+02,-8.275149962740724163e+01
4.679241093750000005e+02,-9.288057605286266494e+01
4.679244023437499891e+02,-8.842157623226439966e+01
4.679246953125000346e+02,-8.584130410049299087e+01
4.679249882812500232e+02,-8.412862095460916123e+01
4.679252812500000118e+02,-8.616097501440694373e+01
4.679255742187500005e+02,-9.750352443288157644e+01
4.679258671874999891e+02,-8.585494705430663487e+01
4.679261601562500346e+02,-8.126320306850792008e+01
4.679264531250000232e+02,-7.854477225838850529e+01
4.679267460937500118e+02,-7.837292735094916907e+01
4.679270390625000005e+02,-8.275245956229012734e+01
4.679273320312499891e+02,-8.860148582652016103e+01
4.679276250000000346e+02,-8.705005848511262911e+01
4.679279179687500232e+02,-8.184642295734508366e+01
4.679282109375000118e+02,-8.048045345709313381e+01
4.679285039062500005e+02,-8.215855215252756238e+01
4.679287968749999891e+02,-9.000714291121255428e+01
4.679290898437500346e+02,-8.094857628124914584e+01
4.679293828125000232e+02,-8.047588664166616468e+01
4.679296757812500118e+02,-8.580026559004794251e+01
4.679299687500000005e+02,-8.507818664090551408e+01
4.679302617187499891e+02,-8.427124084561823736e+01
4.679305546875000346e+02,-9.498054918297597737e+01
4.679308476562500232e+02,-8.922641395699956490e+01
4.679311406250000118e+02,-8.425937242201074184e+01
4.679314335937500005e+02,-8.385585167858775435e+01
4.679317265624999891e+02,-9.175585350440805144e+01
4.679320195312500346e+02,-9.070492691875037394e+01
4.679323125000000232e+02,-9.294383709226578105e+01
4.679326054687500118e+02,-8.756525181500883548e+01
4.679328984375000005e+02,-8.301080754963405184e+01
4.679331914062499891e+02,-8.550500147029802633e+01
4.679334843750000346e+02,-8.314889083726720287e+01
4.679337773437500232e+02,-8.148335550913176917e+01
4.679340703125000118e+02,-8.154504269627491908e+01
4.679343632812500005e+02,-8.170696764935321710e+01
4.679346562499999891e+02,-8.146144854172194982e+01
4.679349492187500346e+02,-8.204601536984306165e+01
4.679352421875000232e+02,-8.386968617277155147e+01
4.679355351562500118e+02,-9.030951230245767647e+01
4.679358281250000005e+02,-8.442709940454074058e+01
4.679361210937499891e+02,-8.572850130430808235e+01
4.679364140625000346e+02,-9.203862081831474029e+01
4.679367070312500232e+02,-8.044393501111962053e+01
4.679370000000000118e+02,-7.934036446781564678e+01
4.679372929687500005e+02,-8.512073924056258534e+01
4.679375859374999891e+02,-8.367409179112668483e+01
4.679378789062500346e+02,-8.325055238970698213e+01
4.679381718750000232e+02,-8.321723334721467324e+01
4.679384648437500118e+02,-8.318130823972994392e+01
4.679387578125000005e+02,-8.659950205254182265e+01
4.679390507812499891e+02,-8.938712400381164969e+01
4.679393437500000346e+02,-7.978902715610644236e+01
4.679396367187500232e+02,-8.281918633476017533e+01
4.679399296875000118e+02,-8.471126984677184169e+01
4.679402226562500005e+02,-8.549693580225550704e+01
4.679405156249999891e+02,-9.429026099573576403e+01
4.679408085937500346e+02,-9.159235353751387265e+01
4.679411015625000232e+02,-9.709663916583110677e+01
4.679413945312500118e+02,-9.441929035244940849e+01
4.679416875000000005e+02,-8.529650989109950388e+01
4.679419804687499891e+02,-8.469419877913867367e+01
4.679422734375000346e+02,-8.888329828124818732e+01
4.679425664062500232e+02,-8.683308479202344188e+01
4.679428593750000118e+02,-9.031777388585302901e+01
4.679431523437500005e+02,-8.716045355481037404e+01
4.679434453124999891e+02,-1.058022466143780207e+02
4.679437382812500346e+02,-8.557578834611146590e+01
4.679440312500000232e+02,-8.409717192848225409e+01
4.679443242187500118e+02,-8.046915350782657583e+01
4.679446171875000005e+02,-8.464927980438675093e+01
4.679449101562499891e+02,-8.711550203027343287e+01
4.679452031250000346e+02,-9.001825014657552515e+01
4.679454960937500232e+02,-8.379138919238326366e+01
4.679457890625000118e+02,-8.894018255312674626e+01
4.679460820312500005e+02,-8.762699568007390383e+01
4.679463749999999891e+02,-8.205789206068590147e+01
4.679466679687500346e+02,-8.448540262734319128e+01
4.679469609375000232e+02,-9.296454080242980922e+01
4.679472539062500118e+02,-8.737711948671980622e+01
4.679475468750000005e+02,-8.620400158480975961e+01
4.679478398437499891e+02,-9.585694575838232367e+01
4.679481328125000346e+02,-8.908084025447749354e+01
4.679484257812500232e+02,-8.601157542125508826e+01
4.679487187500000118e+02,-8.280736444205977875e+01
4.679490117187500005e+02,-8.363733309204079092e+01
4.679493046874999891e+02,-8.506361545298800309e+01
4.679495976562500346e+02,-8.173694133186243960e+01
4.679498906250000232e+02,-9.468213785836040586e+01
4.679501835937500118e+02,-8.797969399416226111e+01
4.679504765625000005e+02,-8.756722571178251258e+01
4.679507695312499891e+02,-9.453716819336035826e+01
4.679510625000000346e+02,-9.211645681357845206e+01
4.679513554687500232e+02,-8.334047325264877770e+01
4.679516484375000118e+02,-8.648518946226010939e+01
4.679519414062500005e+02,-9.727696040631671792e+01
4.679522343749999891e+02,-9.609130799876513152e+01
4.679525273437500346e+02,-8.617106211108986713e+01
4.679528203125000232e+02,-8.781014570597902491e+01
4.679531132812500118e+02,-8.106581134574510372e+01
4.679534062500000005e+02,-8.650934504041664752e+01
4.679536992187499891e+02,-8.547081342565772388e+01
4.679539921875000346e+02,-8.677825737518637084e+01
4.679542851562500232e+02,-8.424552104632796556e+01
4.679545781250000118e+02,-7.939767613434368343e+01
4.679548710937500005e+02,-8.122010717265810342e+01
4.679551640624999891e+02,-9.203071470077757965e+01
4.679554570312500346e+02,-8.451536272604029421e+01
4.679557500000000232e+02,-9.912401114184085316e+01
4.679560429687500118e+02,-8.763537609611051948e+01
4.679563359375000005e+02,-8.809488565735010468e+01
4.679566289062499891e+02,-8.826956802717990058e+01
4.679569218750000346e+02,-9.014665343617011217e+01
4.679572148437500232e+02,-8.845335854351722560e+01
4.679575078125000118e+02,-8.746039177409079457e+01
4.679578007812500005e+02,-9.709007619382742860e+01
4.679580937499999891e+02,-1.008763553419474306e+02
4.679583867187500346e+02,-9.028762059121568484e+01
4.679586796875000232e+02,-8.488945882726682157e+01
4.679589726562500118e+02,-8.847364128161244423e+01
4.679592656250000005e+02,-9.443680994463882428e+01
4.679595585937499891e+02,-8.636243097312106443e+01
4.679598515625000346e+02,-8.950269732552213497e+01
4.679601445312500232e+02,-8.490351192397790214e+01
4.679604375000000118e+02,-8.360647505821013681e+01
4.679607304687500005e+02,-8.488261638781735030e+01
4.679610234374999891e+02,-8.359514762199208349e+01
4.679613164062500346e+02,-8.261993047823904135e+01
4.679616093750000232e+02,-8.644334711378938607e+01
4.679619023437500118e+02,-8.749984615704403268e+01
4.679621953125000005e+02,-8.212374866823736852e+01
4.679624882812499891e+02,-8.161664642347447796e+01
4.679627812500000346e+02,-8.590415300897444695e+01
4.679630742187500232e+02,-8.599120946298489798e+01
4.679633671875000118e+02,-8.229151836191212510e+01
4.679636601562500005e+02,-8.383901520461202495e+01
4.679639531249999891e+02,-8.614464444377210839e+01
4.679642460937500346e+02,-9.283294881908375373e+01
4.679645390625000232e+02,-9.343902947438250806e+01
4.679648320312500118e+02,-8.595414497509493401e+01
4.679651250000000005e+02,-8.724956602846472720e+01
4.679654179687499891e+02,-7.748985394025756079e+01
4.679657109375000346e+02,-7.505215039713694125e+01
4.679660039062500232e+02,-8.435783142017349689e+01
4.679662968750000118e+02,-8.870045605322643212e+01
4.679665898437500005e+02,-8.868068075306085518e+01
4.679668828124999891e+02,-8.771392089922872515e+01
4.679671757812500346e+02,-8.479586525137324315e+01
4.679674687500000232e+02,-9.381850512878978066e+01
4.679677617187500118e+02,-8.319528017336116932e+01
4.679680546875000005e+02,-8.209044987397274440e+01
4.679683476562499891e+02,-8.497523079647183408e+01
4.679686406250000346e+02,-9.550817479053817749e+01
4.679689335937500232e+02,-8.512152325300299083e+01
4.679692265625000118e+02,-8.553505921757869146e+01
4.679695195312500005e+02,-1.049233401349306547e+02
4.679698124999999891e+02,-8.983976373175701724e+01
4.679701054687500346e+02,-8.569408525167717983e+01
4.679703984375000232e+02,-8.194738823083051216e+01
4.679706914062500118e+02,-8.343563278328836930e+01
4.679709843750000005e+02,-8.362484664884195240e+01
4.679712773437499891e+02,-8.664583263836023264e+01
4.679715703125000346e+02,-8.428530816321254804e+01
4.679718632812500232e+02,-8.227737321343511212e+01
4.679721562500000118e+02,-8.086872444620915701e+01
4.679724492187500005e+02,-8.274585780507686650e+01
4.679727421874999891e+02,-8.546573203668737051e+01
4.679730351562500346e+02,-8.931831815477843861e+01
4.679733281250000232e+02,-8.788955895261038620e+01
4.679736210937500118e+02,-1.000272900502837103e+02
4.679739140625000005e+02,-9.201827886466404038e+01
4.679742070312499891e+02,-9.455756097566413132e+01
4.679745000000000346e+02,-9.266624279105060680e+01
4.679747929687500232e+02,-9.168570967613989353e+01
4.679750859375000118e+02,-8.982077542478987198e+01
4.679753789062500005e+02,-8.993010113509781434e+01
4.679756718749999891e+02,-9.043695819077414910e+01
4.679759648437500346e+02,-8.765088669235703378e+01
4.679762578125000232e+02,-8.955844695597045302e+01
4.679765507812500118e+02,-9.802196504299736546e+01
4.679768437500000005e+02,-9.031587083267298510e+01
4.679771367187499891e+02,-8.726889103513758528e+01
4.679774296875000346e+02,-9.007720839324261419e+01
4.679777226562500232e+02,-1.023781215893158247e+02
4.679780156250000118e+02,-9.327641402572616869e+01
4.679783085937500005e+02,-8.719726211665263804e+01
4.679786015624999891e+02,-9.248334970461965554e+01
4.679788945312500346e+02,-9.009168627026087961e+01
4.679791875000000232e+02,-8.367932489524540074e+01
4.679794804687500118e+02,-8.188052790783592627e+01
4.679797734375000005e+02,-8.429104778231847206e+01
4.679800664062499891e+02,-8.208854489371572072e+01
4.679803593750000346e+02,-8.705539342821060700e+01
4.679806523437500232e+02,-9.870872944467394916e+01
4.679809453125000118e+02,-8.774602356702537520e+01
4.679812382812500005e+02,-8.708808615943567588e+01
4.679815312499999891e+02,-8.977516839443993035e+01
4.679818242187500346e+02,-8.875644352452547992e+01
4.679821171875000232e+02,-9.039137760000403432e+01
4.679824101562500118e+02,-9.105676716554002326e+01
4.679827031250000005e+02,-9.288905984808401683e+01
4.679829960937499891e+02,-8.393167333459417989e+01
4.679832890625000346e+02,-9.420147843785287023e+01
4.679835820312500232e+02,-8.463787135940691542e+01
4.679838750000000118e+02,-9.060456872421306684e+01
4.679841679687500005e+02,-8.366221930502263149e+01
4.679844609374999891e+02,-8.112810742682995624e+01
4.679847539062500346e+02,-8.367254797372510211e+01
4.679850468750000232e+02,-8.711690482351616538e+01
4.679853398437500118e+02,-8.822384222233625906e+01
4.679856328125000005e+02,-8.206017769595007394e+01
4.679859257812499891e+02,-8.327991773943524834e+01
4.679862187500000346e+02,-8.470931505569095066e+01
4.679865117187500232e+02,-8.552017751176924776e+01
4.679868046875000118e+02,-8.682989735021642730e+01
4.679870976562500005e+02,-8.193449879036121786e+01
4.679873906249999891e+02,-8.504928962938257087e+01
4.679876835937500346e+02,-1.007812032130134980e+02
4.679879765625000232e+02,-9.317460791922135854e+01
4.679882695312500118e+02,-9.660042553556706935e+01
4.679885625000000005e+02,-8.800865671631703435e+01
4.679888554687499891e+02,-8.719880620059669241e+01
4.679891484375000346e+02,-9.282958805950730152e+01
4.679894414062500232e+02,-8.679422198582159353e+01
4.679897343750000118e+02,-8.412334046644558327e+01
4.679900273437500005e+02,-8.700993251779904369e+01
4.679903203124999891e+02,-8.361932736479376160e+01
4.679906132812500346e+02,-8.393442411986795548e+01
4.679909062500000232e+02,-8.467560241089275053e+01
4.679911992187500118e+02,-8.304277948401008302e+01
4.679914921875000005e+02,-8.570797038621735453e+01
4.679917851562499891e+02,-8.469849965355577126e+01
4.679920781250000346e+02,-9.141236153021395694e+01
4.679923710937500232e+02,-8.999278389973332537e+01
4.679926640625000118e+02,-9.180295333198954211e+01
4.679929570312500005e+02,-9.011635926846724942e+01
4.679932499999999891e+02,-9.113902652459483988e+01
4.679935429687500346e+02,-7.946064459639488575e+01
4.679938359375000232e+02,-8.031190139570576036e+01
4.679941289062500118e+02,-9.508195938504341882e+01
4.679944218750000005e+02,-1.048633835162593044e+02
4.679947148437499891e+02,-8.580189196196032242e+01
4.679950078125000346e+02,-8.412911131703337730e+01
4.679953007812500232e+02,-9.341470377757960364e+01
4.679955937500000118e+02,-8.408532174853080221e+01
4.679958867187500005e+02,-8.428950419720251830e+01
4.679961796874999891e+02,-8.374504250138392081e+01
4.679964726562500346e+02,-8.898217874635273006e+01
4.679967656250000232e+02,-9.299951071688531101e+01
4.679970585937500118e+02,-1.143669107101037099e+02
4.679973515625000005e+02,-8.628608387675663494e+01
4.679976445312499891e+02,-8.447062636861613782e+01
4.679979375000000346e+02,-9.354619297675328937e+01
4.679982304687500232e+02,-8.584006765260085103e+01
4.679985234375000118e+02,-8.458850822864305030e+01
4.679988164062500005e+02,-8.060409221745517527e+01
4.679991093749999891e+02,-8.102974002903565065e+01
4.679994023437500346e+02,-8.471188683970743227e+01
4.679996953125000232e+02,-9.684800327389879726e+01
4.679999882812500118e+02,-9.335337092370620837e+01
4.680002812500000005e+02,-8.520237915115258431e+01
4.680005742187499891e+02,-8.605650437696228039e+01
4.680008671875000346e+02,-8.280736531054918714e+01
4.680011601562500232e+02,-8.506037674143756533e+01
4.680014531250000118e+02,-8.462716047796961050e+01
4.680017460937500005e+02,-8.501375697155199873e+01
4.680020390624999891e+02,-8.587751245716653159e+01
4.680023320312500346e+02,-8.687517127391112126e+01
4.680026250000000232e+02,-8.197848132992956494e+01
4.680029179687500118e+02,-8.187416330781954343e+01
4.680032109375000005e+02,-8.750580553126206951e+01
4.680035039062499891e+02,-9.207704714019421033e+01
4.680037968750000346e+02,-8.889822242303516475e+01
4.680040898437500232e+02,-8.710968337689936902e+01
4.680043828125000118e+02,-8.655137810794322206e+01
4.680046757812500005e+02,-9.693504131970794901e+01
4.680049687499999891e+02,-8.581011788075531399e+01
4.680052617187500346e+02,-9.087253790499349293e+01
4.680055546875000232e+02,-9.652090820106670321e+01
4.680058476562500118e+02,-9.431893529941544330e+01
4.680061406250000005e+02,-8.659363314325810279e+01
4.680064335937499891e+02,-8.654653248983882463e+01
4.680067265625000346e+02,-9.350485198081989324e+01
4.680070195312500232e+02,-1.043350493345689358e+02
4.680073125000000118e+02,-9.683630352756881621e+01
4.680076054687500005e+02,-8.473287948128712799e+01
4.680078984374999891e+02,-7.794522822142586449e+01
4.680081914062500346e+02,-7.977487779761860054e+01
4.680084843750000232e+02,-8.430506558795536876e+01
4.680087773437500118e+02,-7.821495233493394039e+01
4.680090703125000005e+02,-8.176118878025006609e+01
4.680093632812499891e+02,-9.290876773854557769e+01
4.680096562500000346e+02,-8.749868868480946560e+01
4.680099492187500232e+02,-8.370184962735442014e+01
4.680102421875000118e+02,-8.716978921622504117e+01
4.680105351562500005e+02,-9.701828154876039889e+01
4.680108281249999891e+02,-9.220247486367924239e+01
4.680111210937500346e+02,-9.570899965383192409e+01
4.680114140625000232e+02,-8.635348359588179790e+01
4.680117070312500118e+02,-9.579666951060943347e+01
4.680120000000000005e+02,-8.439146866659308444e+01
4.680122929687499891e+02,-8.260997526552026216e+01
4.680125859375000346e+02,-9.729266864410081439e+01
4.680128789062500232e+02,-9.568182072499391211e+01
4.680131718750000118e+02,-8.747475916159169174e+01
4.680134648437500005e+02,-1.006593646962825659e+02
4.680137578124999891e+02,-9.199669268660927912e+01
4.680140507812500346e+02,-9.330546083473528540e+01
4.680143437500000232e+02,-9.570021771460901050e+01
4.680146367187500118e+02,-8.977217066371339627e+01
4.680149296875000005e+02,-9.610440332419550202e+01
4.680152226562499891e+02,-8.822702910057068948e+01
4.680155156250000346e+02,-9.436166778829496593e+01
4.680158085937500232e+02,-9.982465367094008002e+01
4.680161015625000118e+02,-1.001730134917709591e+02
4.680163945312500005e+02,-8.679518662129936502e+01
4.680166874999999891e+02,-8.168593599294422347e+01
4.680169804687500346e+02,-8.204068629258847523e+01
4.680172734375000232e+02,-8.891674210455380489e+01
4.680175664062500118e+02,-8.975911088506131819e+01
4.680178593750000005e+02,-9.265649516990889367e+01
4.680181523437499891e+02,-9.869889067465949495e+01
4.680184453125000346e+02,-8.907562291546386746e+01
4.680187382812500232e+02,-8.358723755759713470e+01
4.680190312500000118e+02,-9.017555979959360002e+01
4.680193242187500005e+02,-8.706684495143602476e+01
4.680196171874999891e+02,-9.395769052375571562e+01
4.680199101562500346e+02,-9.350269108946655194e+01
4.680202031250000232e+02,-9.289754804714053193e+01
4.680204960937500118e+02,-9.145986693614227647e+01
4.680207890625000005e+02,-8.834598720935403549e+01
4.680210820312499891e+02,-9.176482941427576634e+01
4.680213750000000346e+02,-8.698445210384252846e+01
4.680216679687500232e+02,-8.430428502348165409e+01
4.680219609375000118e+02,-8.848668652327823736e+01
4.680222539062500005e+02,-8.576202265490900345e+01
4.680225468749999891e+02,-8.766395881228065434e+01
4.680228398437500346e+02,-8.167968341303287616e+01
4.680231328125000232e+02,-8.311022467194247554e+01
4.680234257812500118e+02,-9.330140322756305693e+01
4.680237187500000005e+02,-9.591093132806915378e+01
4.680240117187499891e+02,-1.091862361594747313e+02
4.680243046875000346e+02,-8.410356686046759478e+01
4.680245976562500232e+02,-8.310355411500893297e+01
4.680248906250000118e+02,-8.400312997165229945e+01
4.680251835937500005e+02,-8.937322165435786303e+01
4.680254765624999891e+02,-8.396316110946924027e+01
4.680257695312500346e+02,-8.196404967281407039e+01
4.680260625000000232e+02,-8.307801724678809308e+01
4.680263554687500118e+02,-8.286500698996735537e+01
4.680266484375000005e+02,-8.984429792791694069e+01
4.680269414062499891e+02,-8.858706219179680375e+01
4.680272343750000346e+02,-8.575008071990971814e+01
4.680275273437500232e+02,-8.507999866623643470e+01
4.680278203125000118e+02,-8.075077529213450589e+01
4.680281132812500005e+02,-8.337833771067747080e+01
4.680284062499999891e+02,-1.042328668060821570e+02
4.680286992187500346e+02,-9.467746423373719722e+01
4.680289921875000232e+02,-9.596736758833357328e+01
4.680292851562500118e+02,-8.680000557457447030e+01
4.680295781250000005e+02,-8.240308312761214893e+01
4.680298710937499891e+02,-8.381417122753609306e+01
4.680301640625000346e+02,-8.974685384992476145e+01
4.680304570312500232e+02,-9.655815074990263724e+01
4.680307500000000118e+02,-9.657144221722681721e+01
4.680310429687500005e+02,-9.259182602819983288e+01
4.680313359374999891e+02,-7.959042999278474895e+01
4.680316289062500346e+02,-8.214442410775598091e+01
4.680319218750000232e+02,-8.656460767938300194e+01
4.680322148437500118e+02,-8.218232699728940815e+01
4.680325078125000005e+02,-8.734336894411568153e+01
4.680328007812499891e+02,-8.566919486600276912e+01
4.680330937500000346e+02,-8.430775357262498915e+01
4.680333867187500232e+02,-9.000660929183852943e+01
4.680336796875000118e+02,-9.477088403606869349e+01
4.680339726562500005e+02,-1.100464849138466263e+02
4.680342656249999891e+02,-8.918615110831240145e+01
4.680345585937500346e+02,-9.006352299373449455e+01
4.680348515625000232e+02,-9.289645937989402569e+01
4.680351445312500118e+02,-8.930014259579792224e+01
4.680354375000000005e+02,-8.629247431268497337e+01
4.680357304687499891e+02,-9.369709625764238581e+01
4.680360234375000346e+02,-8.626017095941401180e+01
4.680363164062500232e+02,-8.776643716707668830e+01
4.680366093750000118e+02,-8.148309773778740350e+01
4.680369023437500005e+02,-8.353437484004659552e+01
4.680371953124999891e+02,-8.932730437675843405e+01
4.680374882812500346e+02,-9.334395589668920934e+01
4.680377812500000232e+02,-9.174161972160943890e+01
4.680380742187500118e+02,-8.633537528307698494e+01
4.680383671875000005e+02,-8.868635215215238077e+01
4.680386601562499891e+02,-8.791034152906962618e+01
4.680389531250000346e+02,-8.468748588414599965e+01
4.680392460937500232e+02,-8.717862152827731848e+01
4.680395390625000118e+02,-9.252317688293848619e+01
4.680398320312500005e+02,-1.091496043761316344e+02
4.680401249999999891e+02,-1.052513554593679714e+02
4.680404179687500346e+02,-9.739886700842131972e+01
4.680407109375000232e+02,-9.359444491904636720e+01
4.680410039062500118e+02,-8.738931717282497402e+01
4.680412968750000005e+02,-9.133168189601896358e+01
4.680415898437499891e+02,-9.686480665942360702e+01
4.680418828125000346e+02,-9.520658930254958818e+01
4.680421757812500232e+02,-8.604119237489771876e+01
4.680424687500000118e+02,-8.329425728376287452e+01
4.680427617187500005e+02,-8.276770366784467114e+01
4.680430546874999891e+02,-8.614167484741260239e+01
4.680433476562500346e+02,-9.188490494924471363e+01
4.680436406250000232e+02,-8.880053439258009007e+01
4.680439335937500118e+02,-8.490037019722373657e+01
4.680442265625000005e+02,-8.281891515466492137e+01
4.680445195312499891e+02,-8.454654100076611201e+01
4.680448125000000346e+02,-8.416093259723892572e+01
4.680451054687500232e+02,-8.265109247694562100e+01
4.680453984375000118e+02,-8.370741152945086583e+01
4.680456914062500005e+02,-8.509742495578962007e+01
4.680459843749999891e+02,-8.826954443850891607e+01
4.680462773437500346e+02,-9.404460188460197401e+01
4.680465703125000232e+02,-9.158621985314206881e+01
4.680468632812500118e+02,-9.184852411854967613e+01
4.680471562500000005e+02,-1.155911889353138378e+02
4.680474492187499891e+02,-8.422771506009186737e+01
4.680477421875000346e+02,-8.191873077989282592e+01
4.680480351562500232e+02,-8.328320110186271563e+01
4.680483281250000118e+02,-9.864960810515334799e+01
4.680486210937500005e+02,-8.790480360127665449e+01
4.680489140624999891e+02,-8.921655532239324771e+01
4.680492070312500346e+02,-1.027996497772545439e+02
4.680495000000000232e+02,-8.767253757491170063e+01
4.680497929687500118e+02,-8.888850951010765300e+01
4.680500859375000005e+02,-8.690414164726615809e+01
4.680503789062499891e+02,-8.655482865814417437e+01
4.680506718750000346e+02,-8.983273564883340612e+01
4.680509648437500232e+02,-9.237866414722401487e+01
4.680512578125000118e+02,-8.811074417503235168e+01
4.680515507812500005e+02,-9.034769492417524361e+01
4.680518437499999891e+02,-9.547876450276530136e+01
4.680521367187500346e+02,-8.948787458158000163e+01
4.680524296875000232e+02,-8.911768140871572541e+01
4.680527226562500118e+02,-9.066920002616694774e+01
4.680530156250000005e+02,-9.789046195171312092e+01
4.680533085937499891e+02,-9.142291492716142898e+01
4.680536015625000346e+02,-8.353663437360384592e+01
4.680538945312500232e+02,-9.087841695576628354e+01
4.680541875000000118e+02,-8.335527169087130517e+01
4.680544804687500005e+02,-8.358785882291783764e+01
4.680547734374999891e+02,-8.679017298209186038e+01
4.680550664062500346e+02,-9.115091608247229260e+01
4.680553593750000232e+02,-9.985443169161038668e+01
4.680556523437500118e+02,-9.743916449578330230e+01
4.680559453125000005e+02,-8.577377865986420602e+01
4.680562382812499891e+02,-8.880139689647832313e+01
4.680565312500000346e+02,-9.656348701283128833e+01
4.680568242187500232e+02,-9.348172180212100102e+01
4.680571171875000118e+02,-9.031169826977773596e+01
4.680574101562500005e+02,-8.978140561265880137e+01
4.680577031249999891e+02,-8.378937138622143266e+01
4.680579960937500346e+02,-9.102126701946679077e+01
4.680582890625000232e+02,-8.022350499067711382e+01
4.680585820312500118e+02,-8.389421837286796801e+01
4.680588750000000005e+02,-9.151276825634838019e+01
4.680591679687499891e+02,-8.893225461101350504e+01
4.680594609375000346e+02,-9.239669533998505813e+01
4.680597539062500232e+02,-9.377581639782157197e+01
4.680600468750000118e+02,-9.410510508183649847e+01
4.680603398437500005e+02,-1.004815051868012574e+02
4.680606328124999891e+02,-8.642964974093112573e+01
4.680609257812500346e+02,-8.569433748162381903e+01
4.680612187500000232e+02,-8.207312643103063010e+01
4.680615117187500118e+02,-8.371422359745795916e+01
4.680618046875000005e+02,-9.173885542803319026e+01
4.680620976562499891e+02,-9.315035407386366728e+01
4.680623906250000346e+02,-8.923290644181763298e+01
4.680626835937500232e+02,-8.594917463575946215e+01
4.680629765625000118e+02,-9.436244734898116349e+01
4.680632695312500005e+02,-8.848582769247316548e+01
4.680635624999999891e+02,-1.068762860474522114e+02
4.680638554687500346e+02,-8.610156455559732080e+01
4.680641484375000232e+02,-8.559020246876941940e+01
4.680644414062500118e+02,-8.300076203959433485e+01
4.680647343750000005e+02,-8.584077373114338627e+01
4.680650273437499891e+02,-9.085962075205812027e+01
4.680653203125000346e+02,-8.862847974274102114e+01
4.680656132812500232e+02,-9.937957468159476093e+01
4.680659062500000118e+02,-1.079178063671171373e+02
4.680661992187500005e+02,-9.394744486557755181e+01
4.680664921874999891e+02,-9.831621798898731868e+01
4.680667851562500346e+02,-9.011490495574506099e+01
4.680670781250000232e+02,-8.426089773668500982e+01
4.680673710937500118e+02,-8.543160212249253505e+01
4.680676640625000005e+02,-8.557266805140233146e+01
4.680679570312499891e+02,-8.812022665034915292e+01
4.680682500000000346e+02,-9.030080192402883199e+01
4.680685429687500232e+02,-8.810469217872355330e+01
4.680688359375000118e+02,-8.872763628311241746e+01
4.680691289062500005e+02,-8.626850046683890127e+01
4.680694218749999891e+02,-8.750083583896045525e+01
4.680697148437500346e+02,-8.591733737985309460e+01
4.680700078125000232e+02,-8.331392497566383781e+01
4.680703007812500118e+02,-8.266427264322490487e+01
4.680705937500000005e+02,-8.439065118824845513e+01
4.680708867187499891e+02,-8.912766721028596351e+01
4.680711796875000346e+02,-8.407959910715470642e+01
4.680714726562500232e+02,-8.336467052399555655e+01
4.680717656250000118e+02,-8.744431448938860285e+01
4.680720585937500005e+02,-9.108887067951364713e+01
4.680723515624999891e+02,-9.975317416643092372e+01
4.680726445312500346e+02,-8.608908290239156713e+01
4.680729375000000232e+02,-8.267952821331189739e+01
4.680732304687500118e+02,-8.654841835718764287e+01
4.680735234375000005e+02,-8.698087232831366578e+01
4.680738164062499891e+02,-9.053748836844837911e+01
4.680741093750000346e+02,-8.079195039936685419e+01
4.680744023437500232e+02,-8.109019941624218575e+01
4.680746953125000118e+02,-8.420361537976049249e+01
4.680749882812500005e+02,-9.316752132500026562e+01
4.680752812499999891e+02,-9.049310320663346374e+01
4.680755742187500346e+02,-8.497006647346067609e+01
4.680758671875000232e+02,-8.675875653456259329e+01
4.680761601562500118e+02,-8.375689052159711423e+01
4.680764531250000005e+02,-8.663121533342327041e+01
4.680767460937499891e+02,-9.005623331118221131e+01
4.680770390625000346e+02,-8.615629266879150805e+01
4.680773320312500232e+02,-8.724025547708960460e+01
4.680776250000000118e+02,-7.955335663782064159e+01
4.680779179687500005e+02,-7.830712930909874103e+01
4.680782109374999891e+02,-8.471814550931780730e+01
4.680785039062500346e+02,-9.508011370128279793e+01
4.680787968750000232e+02,-9.364463979005535066e+01
4.680790898437500118e+02,-9.522848086282758118e+01
4.680793828125000005e+02,-8.638639567610343306e+01
4.680796757812499891e+02,-8.799786800254386776e+01
4.680799687500000346e+02,-8.891484072957442208e+01
4.680802617187500232e+02,-8.896595077578729160e+01
4.680805546875000118e+02,-9.175569264685243809e+01
4.680808476562500005e+02,-9.202706377196486187e+01
4.680811406249999891e+02,-9.228555106404132857e+01
4.680814335937500346e+02,-8.593452626468322819e+01
4.680817265625000232e+02,-9.339426727570740638e+01
4.680820195312500118e+02,-1.053117343904121270e+02
4.680823125000000005e+02,-9.408104762473628568e+01
4.680826054687499891e+02,-8.613348927449514747e+01
4.680828984375000346e+02,-8.119679648535446859e+01
4.680831914062500232e+02,-8.233231169318739262e+01
4.680834843750000118e+02,-9.398371616503780501e+01
4.680837773437500005e+02,-8.213221099170640116e+01
4.680840703124999891e+02,-8.519195524581606094e+01
4.680843632812500346e+02,-9.512025792242830846e+01
4.680846562500000232e+02,-9.081560585563659060e+01
4.680849492187500118e+02,-9.417003143145913668e+01
4.680852421875000005e+02,-9.095593876446116610e+01
4.680855351562499891e+02,-8.280646529002206080e+01
4.680858281250000346e+02,-8.622807002187293790e+01
4.680861210937500232e+02,-8.953544621074831866e+01
4.680864140625000118e+02,-8.000383804697864321e+01
4.680867070312500005e+02,-7.740619228178479716e+01
4.680869999999999891e+02,-9.317746771896985081e+01
4.680872929687500346e+02,-8.854972332747405517e+01
4.680875859375000232e+02,-8.907394535243952305e+01
4.680878789062500118e+02,-9.236504609324970261e+01
4.680881718750000005e+02,-8.680642916109167118e+01
4.680884648437499891e+02,-9.328764425608252964e+01
4.680887578125000346e+02,-9.166097178295910908e+01
4.680890507812500232e+02,-9.126007643808355851e+01
4.680893437500000118e+02,-9.322942770942879065e+01
4.680896367187500005e+02,-8.554198706658470996e+01
4.680899296874999891e+02,-7.952108544385767175e+01
4.680902226562500346e+02,-7.879440930500149420e+01
4.680905156250000232e+02,-8.772804064675332825e+01
4.680908085937500118e+02,-9.063124657843913212e+01
4.680911015625000005e+02,-8.616932998087678186e+01
4.680913945312499891e+02,-8.961635358736516821e+01
4.680916875000000346e+02,-8.489559685953709334e+01
4.680919804687500232e+02,-9.486775290665244142e+01
4.680922734375000118e+02,-8.822878581555761457e+01
4.680925664062500005e+02,-8.850395041024411569e+01
4.680928593749999891e+02,-8.369846754827244695e+01
4.680931523437500346e+02,-8.323141091461080521e+01
4.680934453125000232e+02,-8.913349493338540697e+01
4.680937382812500118e+02,-8.573573977123784573e+01
4.680940312500000005e+02,-8.878055977161635326e+01
4.680943242187499891e+02,-8.549430335403870629e+01
4.680946171875000346e+02,-8.700231067910758043e+01
4.680949101562500232e+02,-9.500232489678373327e+01
4.680952031250000118e+02,-9.304260712047108939e+01
4.680954960937500005e+02,-9.373630433985684363e+01
4.680957890624999891e+02,-9.152056633418611398e+01
4.680960820312500346e+02,-9.284052121999573615e+01
4.680963750000000232e+02,-8.923176782018580866e+01
4.680966679687500118e+02,-9.235151298099069095e+01
4.680969609375000005e+02,-8.733673087937606283e+01
4.680972539062499891e+02,-8.861652889364088992e+01
4.680975468750000346e+02,-8.773522757140432304e+01
4.680978398437500232e+02,-8.636394192229060707e+01
4.680981328125000118e+02,-8.074500174294411181e+01
4.680984257812500005e+02,-8.258766213193689509e+01
4.680987187499999891e+02,-1.005783819774000989e+02
4.680990117187500346e+02,-8.811242723820866729e+01
4.680993046875000232e+02,-8.884303321359190875e+01
4.680995976562500118e+02,-9.083621377577847511e+01
4.680998906250000005e+02,-8.804847507258051564e+01
4.681001835937499891e+02,-9.788261800680571412e+01
4.681004765625000346e+02,-1.005211096566540050e+02
4.681007695312500232e+02,-9.321556907650808910e+01
4.681010625000000118e+02,-9.692490783957480005e+01
4.681013554687500005e+02,-9.528254952735053962e+01
4.681016484374999891e+02,-8.793929963005828654e+01
4.681019414062500346e+02,-9.064752202663245839e+01
4.681022343750000232e+02,-1.039032796779453349e+02
4.681025273437500118e+02,-9.715696032873472632e+01
4.681028203125000005e+02,-9.547127570574042466e+01
4.681031132812499891e+02,-9.191279090249759065e+01
4.681034062500000346e+02,-8.752862245515223094e+01
4.681036992187500232e+02,-9.318982432530994231e+01
4.681039921875000118e+02,-9.311585678086656515e+01
4.681042851562500005e+02,-8.667706282347569413e+01
4.681045781249999891e+02,-9.375447495337262183e+01
4.681048710937500346e+02,-9.760571999263076748e+01
4.681051640625000232e+02,-9.816199294275821785e+01
4.681054570312500118e+02,-8.643409838349543861e+01
4.681057500000000005e+02,-9.195538321912169977e+01
4.681060429687499891e+02,-1.040567547024018182e+02
4.681063359375000346e+02,-1.009841358471425252e+02
4.681066289062500232e+02,-9.167518142260753677e+01
4.681069218750000118e+02,-8.694407371491249137e+01
4.681072148437500005e+02,-1.040436347428413200e+02
4.681075078124999891e+02,-9.123041275002840678e+01
4.681078007812500346e+02,-8.843663504607377490e+01
4.681080937500000232e+02,-8.476839836625427438e+01
4.681083867187500118e+02,-8.893165419268950700e+01
4.681086796875000005e+02,-8.504013335999314904e+01
4.681089726562499891e+02,-8.397397785326562314e+01
4.681092656250000346e+02,-9.433249798331615921e+01
4.681095585937500232e+02,-9.364794738723831813e+01
4.681098515625000118e+02,-9.128734395568743309e+01
4.681101445312500005e+02,-9.083886725919782634e+01
4.681104374999999891e+02,-9.239900576428895818e+01
4.681107304687500346e+02,-9.360025811647089711e+01
4.681110234375000232e+02,-9.408577571317084676e+01
4.681113164062500118e+02,-9.306701216741700478e+01
4.681116093750000005e+02,-1.038406660611301788e+02
4.681119023437499891e+02,-1.107194358110951669e+02
4.681121953125000346e+02,-9.001186627244804583e+01
4.681124882812500232e+02,-8.623241381702516151e+01
4.681127812500000118e+02,-8.279133053650841134e+01
4.681130742187500005e+02,-8.322856041942654315e+01
4.681133671874999891e+02,-8.796677756874693443e+01
4.681136601562500346e+02,-8.889225638248582584e+01
4.681139531250000232e+02,-9.123730481685902305e+01
4.681142460937500118e+02,-8.924431084544440296e+01
4.681145390625000005e+02,-8.669258993048580919e+01
4.681148320312499891e+02,-9.145720801046842041e+01
4.681151250000000346e+02,-1.005982363043609951e+02
4.681154179687500232e+02,-9.261343343499518710e+01
4.681157109375000118e+02,-8.451441393839446903e+01
4.681160039062500005e+02,-8.900693123772187221e+01
4.681162968749999891e+02,-8.946301222520432361e+01
4.681165898437500346e+02,-8.957239329261977900e+01
4.681168828125000232e+02,-9.405864386918337061e+01
4.681171757812500118e+02,-9.004586341019395945e+01
4.681174687500000005e+02,-8.803197098230343443e+01
4.681177617187499891e+02,-9.712759654337216375e+01
4.681180546875000346e+02,-9.352527055508952003e+01
4.681183476562500232e+02,-8.795493584128374209e+01
4.681186406250000118e+02,-9.586680416990026288e+01
4.681189335937500005e+02,-8.733674307820982108e+01
4.681192265624999891e+02,-8.805782235110228839e+01
4.681195195312500346e+02,-9.443632810442875325e+01
4.681198125000000232e+02,-9.004684290333814545e+01
4.681201054687500118e+02,-8.927859373019018108e+01
4.681203984375000005e+02,-1.004693526319141768e+02
4.681206914062499891e+02,-9.176239863455307955e+01
4.681209843750000346e+02,-8.649793972087729799e+01
4.681212773437500232e+02,-8.475352197576259528e+01
4.681215703125000118e+02,-8.740999810435531003e+01
4.681218632812500005e+02,-8.716233999475988981e+01
4.681221562499999891e+02,-8.587267052668312317e+01
4.681224492187500346e+02,-8.832193094812994616e+01
4.681227421875000232e+02,-8.526185120987051391e+01
4.681230351562500118e+02,-8.241656441424824209e+01
4.681233281250000005e+02,-8.698329012224407109e+01
4.681236210937499891e+02,-8.632860525375855332e+01
4.681239140625000346e+02,-8.767320913460102361e+01
4.681242070312500232e+02,-9.393965565130659456e+01
4.681245000000000118e+02,-9.469201094554091469e+01
4.681247929687500005e+02,-1.027073845439500417e+02
4.681250859374999891e+02,-1.091147740584244445e+02
4.681253789062500346e+02,-9.590986186694864557e+01
4.681256718750000232e+02,-8.923293941064480350e+01
4.681259648437500118e+02,-9.339927474151735964e+01
4.681262578125000005e+02,-8.586342158176327644e+01
4.681265507812499891e+02,-8.899230210576260447e+01
4.681268437500000346e+02,-9.209045545872506011e+01
4.681271367187500232e+02,-9.100971347463928396e+01
4.681274296875000118e+02,-9.559000343855352355e+01
4.681277226562500005e+02,-9.529810015934087630e+01
4.681280156249999891e+02,-9.953156061547835520e+01
4.681283085937500346e+02,-9.021556764946289775e+01
4.681286015625000232e+02,-8.729535261566718418e+01
4.681288945312500118e+02,-9.223937168098869677e+01
4.681291875000000005e+02,-9.149828066232865353e+01
4.681294804687499891e+02,-8.955507948529057671e+01
4.681297734375000346e+02,-8.521612988446094050e+01
4.681300664062500232e+02,-8.803230358343705575e+01
4.681303593750000118e+02,-8.617710722853657046e+01
4.681306523437500005e+02,-8.993642472494384776e+01
4.681309453124999891e+02,-9.457504711798316066e+01
4.681312382812500346e+02,-9.736688621240347175e+01
4.681315312500000232e+02,-9.465472316246641071e+01
4.681318242187500118e+02,-8.564552605721058853e+01
4.681321171875000005e+02,-8.144204144874500173e+01
4.681324101562499891e+02,-8.417797875161207344e+01
4.681327031250000346e+02,-8.795041987922010662e+01
4.681329960937500232e+02,-9.015021912702982831e+01
4.681332890625000118e+02,-9.553683689761415110e+01
4.681335820312500005e+02,-9.216859301613547473e+01
4.681338749999999891e+02,-9.011830751609581114e+01
4.681341679687500346e+02,-8.729190336023324903e+01
4.681344609375000232e+02,-8.494043834159855066e+01
4.681347539062500118e+02,-9.026957462196190818e+01
4.681350468750000005e+02,-9.725114942210950630e+01
4.681353398437499891e+02,-9.534018199752699729e+01
4.681356328125000346e+02,-9.133155373705392321e+01
4.681359257812500232e+02,-8.890696198154587648e+01
4.681362187500000118e+02,-8.982693008143256463e+01
4.681365117187500005e+02,-8.885858341515759662e+01
4.681368046874999891e+02,-8.838031244943681486e+01
4.681370976562500346e+02,-9.493415927171709257e+01
4.681373906250000232e+02,-9.126264382748269099e+01
4.681376835937500118e+02,-8.660732252110537388e+01
4.681379765625000005e+02,-8.767780520359904983e+01
4.681382695312499891e+02,-9.532457539864171281e+01
4.681385625000000346e+02,-8.718879725857399876e+01
4.681388554687500232e+02,-9.554688851098680402e+01
4.681391484375000118e+02,-8.790389314011399335e+01
4.681394414062500005e+02,-8.804618504101230769e+01
4.681397343749999891e+02,-9.142937806526555278e+01
4.681400273437500346e+02,-8.957215669529006163e+01
4.681403203125000232e+02,-8.958407015156593900e+01
4.681406132812500118e+02,-9.753874922902591038e+01
4.681409062500000005e+02,-8.633970908011065148e+01
4.681411992187499891e+02,-8.576219308427903343e+01
4.681414921875000346e+02,-8.752495090032473968e+01
4.681417851562500232e+02,-9.026437051651944898e+01
4.681420781250000118e+02,-8.484368294338582928e+01
4.681423710937500005e+02,-8.471987861284222276e+01
4.681426640624999891e+02,-9.548559455497938586e+01
4.681429570312500346e+02,-9.637313917117043616e+01
4.681432500000000232e+02,-9.294635648713565956e+01
4.681435429687500118e+02,-9.272072611056474045e+01
4.681438359375000005e+02,-8.992720191480849223e+01
4.681441289062499891e+02,-8.961259522351247142e+01
4.681444218750000346e+02,-8.819897567890296841e+01
4.681447148437500232e+02,-8.333826509460713794e+01
4.681450078125000118e+02,-8.402608847110857937e+01
4.681453007812500005e+02,-9.855382900157935921e+01
4.681455937499999891e+02,-1.045041985411977947e+02
4.681458867187500346e+02,-9.031030044309343907e+01
4.681461796875000232e+02,-8.509730190674503092e+01
4.681464726562500118e+02,-8.863845591758311571e+01
4.681467656250000005e+02,-9.689093866165229940e+01
4.681470585937499891e+02,-9.131986548456767139e+01
4.681473515625000346e+02,-9.180896749893801712e+01
4.681476445312500232e+02,-9.007498263863871557e+01
4.681479375000000118e+02,-9.511614273418913967e+01
4.681482304687500005e+02,-9.073078686963164330e+01
4.681485234374999891e+02,-9.500457448041630926e+01
4.681488164062500346e+02,-1.208471607224580282e+02
4.681491093750000232e+02,-9.454346263227472491e+01
4.681494023437500118e+02,-9.027579676003243492e+01
4.681496953125000005e+02,-9.026281958029346697e+01
4.681499882812499891e+02,-1.084084220567269767e+02
4.681502812500000346e+02,-9.305826735000893279e+01
4.681505742187500232e+02,-9.205714726802796122e+01
4.681508671875000118e+02,-9.441427528837883187e+01
4.681511601562500005e+02,-8.536044676589368407e+01
4.681514531249999891e+02,-8.490038145199991959e+01
4.681517460937500346e+02,-8.654720253503447225e+01
4.681520390625000232e+02,-8.549395946805823598e+01
4.681523320312500118e+02,-8.693704727184808689e+01
4.681526250000000005e+02,-8.703764587203762915e+01
4.681529179687499891e+02,-9.017759240794974573e+01
4.681532109375000346e+02,-8.785509630661465508e+01
4.681535039062500232e+02,-8.628448948621817749e+01
4.681537968750000118e+02,-8.894196525014409360e+01
4.681540898437500005e+02,-8.974733173216392856e+01
4.681543828124999891e+02,-8.477408414879866427e+01
4.681546757812500346e+02,-8.377690486258916280e+01
4.681549687500000232e+02,-8.874939608178864603e+01
4.681552617187500118e+02,-8.704607362869248277e+01
4.681555546875000005e+02,-8.469736061808313821e+01
4.681558476562499891e+02,-8.462097283708922646e+01
4.681561406250000346e+02,-9.289096108088398296e+01
4.681564335937500232e+02,-9.784318505982029990e+01
4.681567265625000118e+02,-8.939670475100419367e+01
4.681570195312500005e+02,-9.099050458714796719e+01
4.681573124999999891e+02,-8.377793825025887031e+01
4.681576054687500346e+02,-8.264929723872936052e+01
4.681578984375000232e+02,-8.770349597683427589e+01
4.681581914062500118e+02,-8.538987470218643239e+01
4.681584843750000005e+02,-8.648877762094619470e+01
4.681587773437499891e+02,-1.087895079553513824e+02
4.681590703125000346e+02,-9.232549202573019897e+01
4.681593632812500232e+02,-9.483877780171512484e+01
4.681596562500000118e+02,-9.204683856921791119e+01
4.681599492187500005e+02,-1.034488782462513825e+02
4.681602421874999891e+02,-8.665468831246322168e+01
4.681605351562500346e+02,-8.404011818900991670e+01
4.681608281250000232e+02,-8.560584951665212827e+01
4.681611210937500118e+02,-8.789231239079506963e+01
4.681614140625000005e+02,-8.298023344920829913e+01
4.681617070312499891e+02,-8.625900706086281389e+01
4.681620000000000346e+02,-9.339306172446660526e+01
4.681622929687500232e+02,-9.259362178357820028e+01
4.681625859375000118e+02,-8.991817840670071860e+01
4.681628789062500005e+02,-9.206710418555339004e+01
4.681631718749999891e+02,-8.291237119654873311e+01
4.681634648437500346e+02,-8.744169339861582557e+01
4.681637578125000232e+02,-9.166770436706541147e+01
4.681640507812500118e+02,-9.348470189562915778e+01
4.681643437500000005e+02,-9.222454671181057506e+01
4.681646367187499891e+02,-9.070268003571170823e+01
4.681649296875000346e+02,-8.982596575755722768e+01
4.681652226562500232e+02,-9.348743494352598304e+01
4.681655156250000118e+02,-8.739346595547964114e+01
4.681658085937500005e+02,-1.047260168604335888e+02
4.681661015624999891e+02,-8.981141434499861020e+01
4.681663945312500346e+02,-9.089417329856001970e+01
4.681666875000000232e+02,-9.006652937642292045e+01
4.681669804687500118e+02,-9.374592651609573579e+01
4.681672734375000005e+02,-8.694613215395460770e+01
4.681675664062499891e+02,-8.903986572562669721e+01
4.681678593750000346e+02,-8.808460405844573415e+01
4.681681523437500232e+02,-8.864732113100585309e+01
4.681684453125000118e+02,-8.720674025665184104e+01
4.681687382812500005e+02,-8.976106824183369781e+01
4.681690312499999891e+02,-8.845950875127661561e+01
4.681693242187500346e+02,-8.601747261633326502e+01
4.681696171875000232e+02,-8.911340882499091265e+01
4.681699101562500118e+02,-9.856414768409173632e+01
4.681702031250000005e+02,-9.358667532654678212e+01
4.681704960937499891e+02,-9.587327837279774201e+01
4.681707890625000346e+02,-1.055092092245484707e+02
4.681710820312500232e+02,-8.856057364191920556e+01
4.681713750000000118e+02,-8.733682142403372950e+01
4.681716679687500005e+02,-8.488763048398986655e+01
4.681719609374999891e+02,-8.442527533498318348e+01
4.681722539062500346e+02,-8.869029938509959266e+01
4.681725468750000232e+02,-9.283642201844330089e+01
4.681728398437500118e+02,-8.744655447073547805e+01
4.681731328125000005e+02,-9.190909446878548295e+01
4.681734257812499891e+02,-9.788894034905470676e+01
4.681737187500000346e+02,-9.549802614907252973e+01
4.681740117187500232e+02,-9.376995918846861855e+01
4.681743046875000118e+02,-9.234168496992928965e+01
4.681745976562500005e+02,-8.489675407173707811e+01
4.681748906249999891e+02,-8.387771350895880573e+01
4.681751835937500346e+02,-8.375832357945766660e+01
4.681754765625000232e+02,-9.220734741464070794e+01
4.681757695312500118e+02,-8.999558053145483427e+01
4.681760625000000005e+02,-9.854810735978171010e+01
4.681763554687499891e+02,-9.319715793258674807e+01
4.681766484375000346e+02,-9.880950038482782816e+01
4.681769414062500232e+02,-1.013427961706886720e+02
4.681772343750000118e+02,-9.349776223686852461e+01
4.681775273437500005e+02,-8.732767307792791200e+01
4.681778203124999891e+02,-1.003940250350465817e+02
4.681781132812500346e+02,-9.082432190890791901e+01
4.681784062500000232e+02,-9.415136810560836977e+01
4.681786992187500118e+02,-9.383739270799861742e+01
4.681789921875000005e+02,-9.086059794876349827e+01
4.681792851562499891e+02,-8.990917885631709794e+01
4.681795781250000346e+02,-9.093818494257919838e+01
4.681798710937500232e+02,-9.354240384814731613e+01
4.681801640625000118e+02,-9.441191746886131853e+01
4.681804570312500005e+02,-9.223869527281443936e+01
4.681807499999999891e+02,-8.607044271190460449e+01
4.681810429687500346e+02,-8.753021416705209390e+01
4.681813359375000232e+02,-9.282303461701332026e+01
4.681816289062500118e+02,-9.183639408634604706e+01
4.681819218750000005e+02,-8.908849841150146176e+01
4.681822148437499891e+02,-9.655974608794147684e+01
4.681825078125000346e+02,-9.110589575201350954e+01
4.681828007812500232e+02,-8.883957989479448258e+01
4.681830937500000118e+02,-8.476892748168309311e+01
4.681833867187500005e+02,-9.532314681055615324e+01
4.681836796874999891e+02,-8.838195457439906022e+01
4.681839726562500346e+02,-8.831975299057677375e+01
4.681842656250000232e+02,-1.028211475371390549e+02
4.681845585937500118e+02,-9.346961082283500843e+01
4.681848515625000005e+02,-8.818313397684286770e+01
4.681851445312499891e+02,-9.146976220934519120e+01
4.681854375000000346e+02,-9.391554697471427460e+01
4.681857304687500232e+02,-9.276702446949357750e+01
4.681860234375000118e+02,-8.899651741405092764e+01
4.681863164062500005e+02,-8.757979979559314643e+01
4.681866093749999891e+02,-9.902497240859297278e+01
4.681869023437500346e+02,-9.120252966723850818e+01
4.681871953125000232e+02,-9.555742905315268843e+01
4.681874882812500118e+02,-9.035177159954018578e+01
4.681877812500000005e+02,-9.184786321649339413e+01
4.681880742187499891e+02,-9.430285609296117855e+01
4.681883671875000346e+02,-9.593891626055737731e+01
4.681886601562500232e+02,-9.163995544024143669e+01
4.681889531250000118e+02,-8.729461114989463510e+01
4.681892460937500005e+02,-9.401794188168969413e+01
4.681895390624999891e+02,-8.632064947160743884e+01
4.681898320312500346e+02,-8.563145540912128695e+01
4.681901250000000232e+02,-9.148492298672675815e+01
4.681904179687500118e+02,-9.083512739286837245e+01
4.681907109375000005e+02,-9.639198293628760439e+01
4.681910039062499891e+02,-8.780851915038982725e+01
4.681912968750000346e+02,-9.018375797048717857e+01
4.681915898437500232e+02,-8.612865485792561060e+01
4.681918828125000118e+02,-8.868351884141398500e+01
4.681921757812500005e+02,-9.395901673351012562e+01
4.681924687499999891e+02,-9.779791801374435067e+01
4.681927617187500346e+02,-9.219391075814152714e+01
4.681930546875000232e+02,-8.759421625050885041e+01
4.681933476562500118e+02,-8.965744925042194780e+01
4.681936406250000005e+02,-8.921438253894477555e+01
4.681939335937499891e+02,-9.898502327031263803e+01
4.681942265625000346e+02,-9.310817440019432922e+01
4.681945195312500232e+02,-9.746059951840294389e+01
4.681948125000000118e+02,-8.996711064935479385e+01
4.681951054687500005e+02,-9.258876861061935415e+01
4.681953984374999891e+02,-9.379032076740645607e+01
4.681956914062500346e+02,-9.243189153996326013e+01
4.681959843750000232e+02,-8.933805254186857780e+01
4.681962773437500118e+02,-9.307801025092589953e+01
4.681965703125000005e+02,-1.049414229261690110e+02
4.681968632812499891e+02,-8.876391609854947262e+01
4.681971562500000346e+02,-8.780486443258840268e+01
4.681974492187500232e+02,-8.566103644289641750e+01
4.681977421875000118e+02,-8.351700577864502861e+01
4.681980351562500005e+02,-8.700838288854453140e+01
4.681983281249999891e+02,-8.816978559831683526e+01
4.681986210937500346e+02,-9.622492432997532319e+01
4.681989140625000232e+02,-8.608625558219156915e+01
4.681992070312500118e+02,-8.428392527516324151e+01
4.681995000000000005e+02,-8.785988208152170387e+01
4.681997929687499891e+02,-9.104585747115018535e+01
4.682000859375000346e+02,-8.296671152475218491e+01
4.682003789062500232e+02,-8.448692331210352791e+01
4.682006718750000118e+02,-9.692794225172900724e+01
4.682009648437500005e+02,-9.911771566197609218e+01
4.682012578124999891e+02,-1.018012278654598504e+02
4.682015507812500346e+02,-9.922910399622482203e+01
4.682018437500000232e+02,-1.009048262825607054e+02
4.682021367187500118e+02,-1.003478248304781744e+02
4.682024296875000005e+02,-9.425901371116879091e+01
4.682027226562499891e+02,-9.220933296505934607e+01
4.682030156250000346e+02,-8.690623154742168310e+01
4.682033085937500232e+02,-8.719441188118406671e+01
4.682036015625000118e+02,-9.029551976208372821e+01
4.682038945312500005e+02,-9.202593474189382050e+01
4.682041874999999891e+02,-8.903479606092184895e+01
4.682044804687500346e+02,-9.549549742535586461e+01
4.682047734375000232e+02,-9.036546926562360227e+01
4.682050664062500118e+02,-9.579539488040140327e+01
4.682053593750000005e+02,-9.355336143181600050e+01
4.682056523437499891e+02,-9.115090712645427118e+01
4.682059453125000346e+02,-9.316186453399294010e+01
4.682062382812500232e+02,-8.438582634798216020e+01
4.682065312500000118e+02,-8.474826689176825312e+01
4.682068242187500005e+02,-9.964206114522050939e+01
4.682071171874999891e+02,-8.964113365758248619e+01
4.682074101562500346e+02,-8.821008137501705448e+01
4.682077031250000232e+02,-9.923284242433980751e+01
4.682079960937500118e+02,-8.501549371357268114e+01
4.682082890625000005e+02,-9.792924415263129845e+01
4.682085820312499891e+02,-8.782377530119057951e+01
4.682088750000000346e+02,-8.606036452017846727e+01
4.682091679687500232e+02,-8.715524954711719374e+01
4.682094609375000118e+02,-8.411940562647883723e+01
4.682097539062500005e+02,-8.702744719801256679e+01
4.682100468749999891e+02,-9.197125057238483237e+01
4.682103398437500346e+02,-1.032220721736123181e+02
4.682106328125000232e+02,-8.836970970362982314e+01
4.682109257812500118e+02,-8.500746990557614424e+01
4.682112187500000005e+02,-9.204316574258714923e+01
4.682115117187499891e+02,-9.614172128030628528e+01
4.682118046875000346e+02,-9.706078640036828631e+01
4.682120976562500232e+02,-9.496145695339976101e+01
4.682123906250000118e+02,-8.739134535494656575e+01
4.682126835937500005e+02,-9.018315799674057587e+01
4.682129765624999891e+02,-9.032104652052579752e+01
4.682132695312500346e+02,-8.651021875881731660e+01
4.682135625000000232e+02,-9.294178344090474297e+01
4.682138554687500118e+02,-9.884897654656354860e+01
4.682141484375000005e+02,-8.807292445411974313e+01
4.682144414062499891e+02,-8.783162260888784090e+01
4.682147343750000346e+02,-9.992314255047455163e+01
4.682150273437500232e+02,-9.206008927520022667e+01
4.682153203125000118e+02,-9.269174932584471094e+01
4.682156132812500005e+02,-9.021376644047492732e+01
4.682159062499999891e+02,-8.822255997387432558e+01
4.682161992187500346e+02,-8.930859709878563990e+01
4.682164921875000232e+02,-8.968994520948781712e+01
4.682167851562500118e+02,-9.767062878705311846e+01
4.682170781250000005e+02,-9.261719085288785891e+01
4.682173710937499891e+02,-9.733194882602731468e+01
4.682176640625000346e+02,-9.237167127784152854e+01
4.682179570312500232e+02,-9.093618436778561431e+01
4.682182500000000118e+02,-8.904189267044345968e+01
4.682185429687500005e+02,-9.172970549278346652e+01
4.682188359374999891e+02,-9.913981755167122856e+01
4.682191289062500346e+02,-9.437014916615952131e+01
4.682194218750000232e+02,-1.097074337959568027e+02
4.682197148437500118e+02,-8.782671277571333235e+01
4.682200078125000005e+02,-8.689354144201827523e+01
4.682203007812499891e+02,-8.896098396741595593e+01
4.682205937500000346e+02,-8.935607509442384355e+01
4.682208867187500232e+02,-9.227704647415876593e+01
4.682211796875000118e+02,-9.806805706192692185e+01
4.682214726562500005e+02,-9.328967295661072967e+01
4.682217656249999891e+02,-9.156525398004738747e+01
4.682220585937500346e+02,-9.754033383848351946e+01
4.682223515625000232e+02,-8.901030983899005378e+01
4.682226445312500118e+02,-8.984622566456286563e+01
4.682229375000000005e+02,-9.286354622158887651e+01
4.682232304687499891e+02,-1.010850942809659898e+02
4.682235234375000346e+02,-9.651856290176021957e+01
4.682238164062500232e+02,-9.205535725771284206e+01
4.682241093750000118e+02,-9.659971000335814040e+01
4.682244023437500005e+02,-8.613203857105571615e+01
4.682246953124999891e+02,-8.981527904885503233e+01
4.682249882812500346e+02,-9.333345674504998613e+01
4.682252812500000232e+02,-9.010470255916372651e+01
4.682255742187500118e+02,-9.045468827275979606e+01
4.682258671875000005e+02,-8.662206145161390225e+01
4.682261601562499891e+02,-9.295595507386443046e+01
4.682264531250000346e+02,-9.164049722987429902e+01
4.682267460937500232e+02,-9.321837379775514876e+01
4.682270390625000118e+02,-1.024664173702518752e+02
4.682273320312500005e+02,-9.387772160921066700e+01
4.682276249999999891e+02,-8.773792591229705806e+01
4.682279179687500346e+02,-9.788734722551879486e+01
4.682282109375000232e+02,-9.094755978096868887e+01
4.682285039062500118e+02,-9.307459066902774225e+01
4.682287968750000005e+02,-9.574613004158690899e+01
4.682290898437499891e+02,-8.594843934871917668e+01
4.682293828125000346e+02,-9.004526973900242126e+01
4.682296757812500232e+02,-9.148997380414201075e+01
4.682299687500000118e+02,-8.898615005354797347e+01
4.682302617187500005e+02,-9.012247196178662989e+01
4.682305546874999891e+02,-1.067031272583553658e+02
4.682308476562500346e+02,-8.699397816181560472e+01
4.682311406250000232e+02,-8.810125693352483722e+01
4.682314335937500118e+02,-9.054203556673336095e+01
4.682317265625000005e+02,-9.068763254148569786e+01
4.682320195312499891e+02,-9.030890743059930514e+01
4.682323125000000346e+02,-9.329553794100218056e+01
4.682326054687500232e+02,-9.351416449827375743e+01
4.682328984375000118e+02,-1.084864834836944567e+02
4.682331914062500005e+02,-9.924692381392796392e+01
4.682334843749999891e+02,-9.661965059257312305e+01
4.682337773437500346e+02,-9.828104162498605945e+01
4.682340703125000232e+02,-8.856771122413748287e+01
4.682343632812500118e+02,-8.598317982859470021e+01
4.682346562500000005e+02,-8.403330612086662654e+01
4.682349492187499891e+02,-8.383323299204535317e+01
4.682352421875000346e+02,-8.410338937208477716e+01
4.682355351562500232e+02,-8.628894186032768232e+01
4.682358281250000118e+02,-9.505425002567393733e+01
4.682361210937500005e+02,-9.007472518841711917e+01
4.682364140624999891e+02,-8.881181313013216538e+01
4.682367070312500346e+02,-1.045883774539587705e+02
4.682370000000000232e+02,-8.821385182367066591e+01
4.682372929687500118e+02,-8.992469137959975001e+01
4.682375859375000005e+02,-9.584379040562569685e+01
4.682378789062499891e+02,-9.396051589449326968e+01
4.682381718750000346e+02,-9.667146803368868291e+01
4.682384648437500232e+02,-8.699414541307363891e+01
4.682387578125000118e+02,-8.878925072562309140e+01
4.682390507812500005e+02,-9.260385594637945417e+01
4.682393437499999891e+02,-8.508984173845540511e+01
4.682396367187500346e+02,-9.004819282376283240e+01
4.682399296875000232e+02,-9.257763015057882683e+01
4.682402226562500118e+02,-9.422760479285081203e+01
4.682405156250000005e+02,-9.825502620269338649e+01
4.682408085937499891e+02,-8.466026905403731462e+01
4.682411015625000346e+02,-8.562414510373508847e+01
4.682413945312500232e+02,-8.644382193654250557e+01
4.682416875000000118e+02,-8.522474695362166131e+01
4.682419804687500005e+02,-8.759877046148760371e+01
4.682422734374999891e+02,-8.493870270532652000e+01
4.682425664062500346e+02,-9.066808447436653751e+01
4.682428593750000232e+02,-8.905813883239491702e+01
4.682431523437500118e+02,-8.703347169679767603e+01
4.682434453125000005e+02,-8.713796526791728070e+01
4.682437382812499891e+02,-9.395517246823692403e+01
4.682440312500000346e+02,-9.912497071039197749e+01
4.682443242187500232e+02,-9.286137678930337813e+01
4.682446171875000118e+02,-9.027046212701121419e+01
4.682449101562500005e+02,-9.248497599609150654e+01
4.682452031249999891e+02,-8.643861256098092838e+01
4.682454960937500346e+02,-8.552266765910113122e+01
4.682457890625000232e+02,-9.289466992920353050e+01
4.682460820312500118e+02,-8.534576155413995480e+01
4.682463750000000005e+02,-8.776242077311144385e+01
4.682466679687499891e+02,-9.331282173270530222e+01
4.682469609375000346e+02,-9.072023239841222164e+01
4.682472539062500232e+02,-8.550534774323806175e+01
4.682475468750000118e+02,-8.827049638312288948e+01
4.682478398437500005e+02,-1.040435373904187344e+02
4.682481328124999891e+02,-1.132237856555970836e+02
4.682484257812500346e+02,-8.437241148754515052e+01
4.682487187500000232e+02,-8.369664146690806206e+01
4.682490117187500118e+02,-9.085549266929385226e+01
4.682493046875000005e+02,-8.914814343423276455e+01
4.682495976562499891e+02,-8.730912627774068824e+01
4.682498906250000346e+02,-9.195196267797103928e+01
4.682501835937500232e+02,-9.061462017576373285e+01
4.682504765625000118e+02,-1.091196910141320444e+02
4.682507695312500005e+02,-8.755516995646168255e+01
4.682510624999999891e+02,-9.551706122368457841e+01
4.682513554687500346e+02,-1.087894379742257769e+02
4.682516484375000232e+02,-1.004160810162616713e+02
4.682519414062500118e+02,-8.997120299319968240e+01
4.682522343750000005e+02,-9.129700940368465467e+01
4.682525273437499891e+02,-9.386473201182626269e+01
4.682528203125000346e+02,-9.451353324610137463e+01
4.682531132812500232e+02,-8.959633547240500206e+01
4.682534062500000118e+02,-8.698259183582376863e+01
4.682536992187500005e+02,-8.871359099002376070e+01
4.682539921874999891e+02,-8.800894581872852029e+01
4.682542851562500346e+02,-9.571931510514048114e+01
4.682545781250000232e+02,-9.672823250513390292e+01
4.682548710937500118e+02,-9.372398132223011658e+01
4.682551640625000005e+02,-9.014559759215238444e+01
4.682554570312499891e+02,-9.003149721673108274e+01
4.682557500000000346e+02,-9.168927421752145790e+01
4.682560429687500232e+02,-9.691165010036891658e+01
4.682563359375000118e+02,-9.589165456966219381e+01
4.682566289062500005e+02,-8.846582964761195456e+01
4.682569218749999891e+02,-9.984253731500064077e+01
4.682572148437500346e+02,-9.589440894822641326e+01
4.682575078125000232e+02,-8.928189843863265196e+01
4.682578007812500118e+02,-8.688570059142577406e+01
4.682580937500000005e+02,-8.893816455417159261e+01
4.682583867187499891e+02,-9.457318137027132821e+01
4.682586796875000346e+02,-9.308105143130076442e+01
4.682589726562500232e+02,-1.016730635485076846e+02
4.682592656250000118e+02,-1.087304077056070781e+02
4.682595585937500005e+02,-9.322541558396170558e+01
4.682598515624999891e+02,-9.944996018710205021e+01
4.682601445312500346e+02,-9.194121728526774007e+01
4.682604375000000232e+02,-8.907610485878548445e+01
4.682607304687500118e+02,-8.537777521487826959e+01
4.682610234375000005e+02,-9.040908650748902176e+01
4.682613164062499891e+02,-8.309930007525619544e+01
4.682616093750000346e+02,-8.293272739888122658e+01
4.682619023437500232e+02,-8.888101807178527736e+01
4.682621953125000118e+02,-9.581896347413902504e+01
4.682624882812500005e+02,-9.551381916702646890e+01
4.682627812499999891e+02,-9.232726572569001178e+01
4.682630742187500346e+02,-8.513471350634060286e+01
4.682633671875000232e+02,-8.763927310523840220e+01
4.682636601562500118e+02,-9.097769647061574005e+01
4.682639531250000005e+02,-1.032676893646820417e+02
4.682642460937499891e+02,-9.569489278673741239e+01
4.682645390625000346e+02,-9.520292862926693545e+01
4.682648320312500232e+02,-9.413888208220311071e+01
4.682651250000000118e+02,-8.769625073056154463e+01
4.682654179687500005e+02,-9.290892244733385041e+01
4.682657109374999891e+02,-9.003554037284257561e+01
4.682660039062500346e+02,-8.718153313814869421e+01
4.682662968750000232e+02,-9.167645690928240754e+01
4.682665898437500118e+02,-1.033909217328670707e+02
4.682668828125000005e+02,-9.793294207114487904e+01
4.682671757812499891e+02,-9.610010457136098694e+01
4.682674687500000346e+02,-8.871275894631595804e+01
4.682677617187500232e+02,-8.848987457400717460e+01
4.682680546875000118e+02,-8.774441383123942728e+01
4.682683476562500005e+02,-9.099789605277817373e+01
4.682686406249999891e+02,-8.933482189014355868e+01
4.682689335937500346e+02,-9.748301626269318376e+01
4.682692265625000232e+02,-9.288439155684103810e+01
4.682695195312500118e+02,-9.621441244552809735e+01
4.682698125000000005e+02,-1.117663943564008946e+02
4.682701054687499891e+02,-9.185970719866213585e+01
4.682703984375000346e+02,-8.796209027096713839e+01
4.682706914062500232e+02,-9.069330265135398861e+01
4.682709843750000118e+02,-9.036712624748665235e+01
4.682712773437500005e+02,-9.163290927072623049e+01
4.682715703124999891e+02,-8.656278606833311073e+01
4.682718632812500346e+02,-8.785665179283009252e+01
4.682721562500000232e+02,-9.019361989213932418e+01
4.682724492187500118e+02,-8.803838197062705717e+01
4.682727421875000005e+02,-9.192166209219880102e+01
4.682730351562499891e+02,-8.559839327050372049e+01
4.682733281250000346e+02,-8.942644252273338168e+01
4.682736210937500232e+02,-9.381906610761942034e+01
4.682739140625000118e+02,-8.868583763427218969e+01
4.682742070312500005e+02,-8.478080285631651236e+01
4.682744999999999891e+02,-8.616795680581117267e+01
4.682747929687500346e+02,-9.126380115269235205e+01
4.682750859375000232e+02,-1.045651340349619005e+02
4.682753789062500118e+02,-1.029191366018616236e+02
4.682756718750000005e+02,-9.040289358612645287e+01
4.682759648437499891e+02,-9.009574128640720403e+01
4.682762578125000346e+02,-9.414559493764619447e+01
4.682765507812500232e+02,-8.872321583873375062e+01
4.682768437500000118e+02,-8.319700939697852959e+01
4.682771367187500005e+02,-8.503118656978189449e+01
4.682774296874999891e+02,-8.492061585760764331e+01
4.682777226562500346e+02,-9.414828177386914376e+01
4.682780156250000232e+02,-9.807641441869901655e+01
4.682783085937500118e+02,-9.364510199765442167e+01
4.682786015625000005e+02,-1.011342457908381931e+02
4.682788945312499891e+02,-8.677376067956005556e+01
4.682791875000000346e+02,-9.366812784219285959e+01
4.682794804687500232e+02,-9.104056204234622385e+01
4.682797734375000118e+02,-9.431900071906298422e+01
4.682800664062500005e+02,-9.592601059237554750e+01
4.682803593749999891e+02,-9.734170351239073682e+01
4.682806523437500346e+02,-9.673644285512742158e+01
4.682809453125000232e+02,-9.696979010305135205e+01
4.682812382812500118e+02,-9.016791584662431092e+01
4.682815312500000005e+02,-8.610426052411001763e+01
4.682818242187499891e+02,-8.880921093113965981e+01
4.682821171875000346e+02,-8.695097864497012097e+01
4.682824101562500232e+02,-8.474904674827841689e+01
4.682827031250000118e+02,-8.907751148895877691e+01
4.682829960937500005e+02,-8.825933536355944398e+01
4.682832890624999891e+02,-8.669652740214604592e+01
4.682835820312500346e+02,-9.516130393204431925e+01
4.682838750000000232e+02,-9.432868597153229473e+01
4.682841679687500118e+02,-9.650696667613644308e+01
4.682844609375000005e+02,-1.104890015313216765e+02
4.682847539062499891e+02,-9.808076065751885153e+01
4.682850468750000346e+02,-8.768815131397499840e+01
4.682853398437500232e+02,-8.536763070910919282e+01
4.682856328125000118e+02,-8.557633644760356617e+01
4.682859257812500005e+02,-8.539443080039447409e+01
4.682862187499999891e+02,-8.841745236896801430e+01
4.682865117187500346e+02,-8.765883457542130941e+01
4.682868046875000232e+02,-9.357570931660440294e+01
4.682870976562500118e+02,-9.183470665980819092e+01
4.682873906250000005e+02,-9.355643781388558011e+01
4.682876835937499891e+02,-8.808958795538873687e+01
4.682879765625000346e+02,-8.910714771227793563e+01
4.682882695312500232e+02,-9.096812483621465617e+01
4.682885625000000118e+02,-9.905764475783956868e+01
4.682888554687500005e+02,-9.085093760815396990e+01
4.682891484374999891e+02,-8.691981233898431469e+01
4.682894414062500346e+02,-8.851465177209323087e+01
4.682897343750000232e+02,-8.987981775736356838e+01
4.682900273437500118e+02,-9.231170136040603325e+01
4.682903203125000005e+02,-8.817678187772861520e+01
4.682906132812499891e+02,-8.661769637977809566e+01
4.682909062500000346e+02,-9.501204605774643142e+01
4.682911992187500232e+02,-9.937884024931763349e+01
4.682914921875000118e+02,-9.477984427956756974e+01
4.682917851562500005e+02,-1.144536899725781041e+02
4.682920781249999891e+02,-9.297062348952393052e+01
4.682923710937500346e+02,-9.645324773950892450e+01
4.682926640625000232e+02,-1.003496543295006092e+02
4.682929570312500118e+02,-8.499515560012372362e+01
4.682932500000000005e+02,-8.623007656240795882e+01
4.682935429687499891e+02,-9.231774536556218891e+01
4.682938359375000346e+02,-9.553327168659160407e+01
4.682941289062500232e+02,-8.963127573933918768e+01
4.682944218750000118e+02,-8.514640993183468254e+01
4.682947148437500005e+02,-9.026841595049492639e+01
4.682950078124999891e+02,-9.393415162349690206e+01
4.682953007812500346e+02,-8.718348023849883077e+01
4.682955937500000232e+02,-9.145828353599111438e+01
4.682958867187500118e+02,-9.810816359422695143e+01
4.682961796875000005e+02,-1.004096333274450927e+02
4.682964726562499891e+02,-8.725997912272757162e+01
4.682967656250000346e+02,-8.557564651447258086e+01
4.682970585937500232e+02,-8.728675898711910008e+01
4.682973515625000118e+02,-9.054457037213072113e+01
4.682976445312500005e+02,-8.986267435750555421e+01
4.682979374999999891e+02,-9.825907387253765535e+01
4.682982304687500346e+02,-9.099739288523066705e+01
4.682985234375000232e+02,-8.964534501338967232e+01
4.682988164062500118e+02,-8.729935307224468488e+01
4.682991093750000005e+02,-9.086540688242401131e+01
4.682994023437499891e+02,-9.473252091781178308e+01
4.682996953125000346e+02,-9.812986751126760510e+01
4.682999882812500232e+02,-9.327220579063131822e+01
4.683002812500000118e+02,-8.976945791140363440e+01
4.683005742187500005e+02,-9.125733694379158578e+01
4.683008671874999891e+02,-1.055387432422027274e+02
4.683011601562500346e+02,-9.097476962274656387e+01
4.683014531250000232e+02,-8.964689524523406305e+01
4.683017460937500118e+02,-8.907293874159395841e+01
4.683020390625000005e+02,-9.909341603077237437e+01
4.683023320312499891e+02,-8.714675978455252903e+01
4.683026250000000346e+02,-8.799656892704513211e+01
4.683029179687500232e+02,-8.704424756248867823e+01
4.683032109375000118e+02,-8.867888180654534835e+01
4.683035039062500005e+02,-9.036457441200849416e+01
4.683037968749999891e+02,-9.682267614101530739e+01
4.683040898437500346e+02,-9.191854391704916338e+01
4.683043828125000232e+02,-8.675005511449921869e+01
4.683046757812500118e+02,-8.520257342451375848e+01
4.683049687500000005e+02,-8.990766119605231665e+01
4.683052617187499891e+02,-9.348527050837631691e+01
4.683055546875000346e+02,-1.021109346071666977e+02
4.683058476562500232e+02,-9.087776635616707210e+01
4.683061406250000118e+02,-8.683451258619818702e+01
4.683064335937500005e+02,-9.039164135667741107e+01
4.683067265624999891e+02,-1.092788479384446276e+02
4.683070195312500346e+02,-1.101023894373838630e+02
4.683073125000000232e+02,-9.384032380221742642e+01
4.683076054687500118e+02,-8.816415300765440577e+01
4.683078984375000005e+02,-8.875798361851008167e+01
4.683081914062499891e+02,-8.559823920770726602e+01
4.683084843750000346e+02,-9.048198946849460356e+01
4.683087773437500232e+02,-9.527811394270170808e+01
4.683090703125000118e+02,-1.156061360282093773e+02
4.683093632812500005e+02,-9.184256623680381892e+01
4.683096562499999891e+02,-8.746222818553513889e+01
4.683099492187500346e+02,-9.045631108781458352e+01
4.683102421875000232e+02,-9.956476063970413293e+01
4.683105351562500118e+02,-9.023563662733850776e+01
4.683108281250000005e+02,-8.750745641113333306e+01
4.683111210937499891e+02,-9.051049334739875007e+01
4.683114140625000346e+02,-9.246878798258400423e+01
4.683117070312500232e+02,-9.047126163842216329e+01
4.683120000000000118e+02,-9.713471853759403984e+01
4.683122929687500005e+02,-9.875001275310526694e+01
4.683125859374999891e+02,-9.152764547148463237e+01
4.683128789062500346e+02,-9.466112208341155565e+01
4.683131718750000232e+02,-1.032505000432978335e+02
4.683134648437500118e+02,-1.057176658743566406e+02
4.683137578125000005e+02,-1.008115727259328906e+02
4.683140507812499891e+02,-9.405619081245426116e+01
4.683143437500000346e+02,-8.929478400619503020e+01
4.683146367187500232e+02,-8.566071744027267698e+01
4.683149296875000118e+02,-9.293891392322295530e+01
4.683152226562500005e+02,-1.001820244941123548e+02
4.683155156249999891e+02,-9.930844653868464889e+01
4.683158085937500346e+02,-9.550255170792905801e+01
4.683161015625000232e+02,-8.836503499730588373e+01
4.683163945312500118e+02,-9.415901186719274563e+01
4.683166875000000005e+02,-9.542078186055347544e+01
4.683169804687499891e+02,-8.945026241590983318e+01
4.683172734375000346e+02,-8.640057700626076098e+01
4.683175664062500232e+02,-8.553610816676572881e+01
4.683178593750000118e+02,-8.526577289264520232e+01
4.683181523437500005e+02,-9.394875642846898245e+01
4.683184453124999891e+02,-9.974294134753580465e+01
4.683187382812500346e+02,-8.665589045025274118e+01
4.683190312500000232e+02,-8.578541416141160880e+01
4.683193242187500118e+02,-9.126544703193249575e+01
4.683196171875000005e+02,-1.062694087086667878e+02
4.683199101562499891e+02,-9.051666151839185659e+01
4.683202031250000346e+02,-9.401363935303869823e+01
4.683204960937500232e+02,-9.686565350911550354e+01
4.683207890625000118e+02,-1.042914297243628710e+02
4.683210820312500005e+02,-1.035769436381832236e+02
4.683213749999999891e+02,-9.957836149831594241e+01
4.683216679687500346e+02,-9.737492592619861398e+01
4.683219609375000232e+02,-8.979355252910033869e+01
4.683222539062500118e+02,-1.021774179660346960e+02
4.683225468750000005e+02,-9.117557630567532101e+01
4.683228398437499891e+02,-9.722770465865335154e+01
4.683231328125000346e+02,-9.392817652650249727e+01
4.683234257812500232e+02,-9.330402400893221682e+01
4.683237187500000118e+02,-9.320051706011737735e+01
4.683240117187500005e+02,-9.519773574311994935e+01
4.683243046874999891e+02,-9.761074996127939585e+01
4.683245976562500346e+02,-9.264689272831824951e+01
4.683248906250000232e+02,-9.148239344857961441e+01
4.683251835937500118e+02,-9.470943444292677782e+01
4.683254765625000005e+02,-9.414226895135095674e+01
4.683257695312499891e+02,-9.489484624786948075e+01
4.683260625000000346e+02,-9.504212069441891231e+01
4.683263554687500232e+02,-9.681450187251213890e+01
4.683266484375000118e+02,-1.023614996060531013e+02
4.683269414062500005e+02,-1.005124297758327998e+02
4.683272343749999891e+02,-9.690206514565531393e+01
4.683275273437500346e+02,-9.333681730442349078e+01
4.683278203125000232e+02,-9.164348930421525097e+01
4.683281132812500118e+02,-8.636016882958820418e+01
4.683284062500000005e+02,-8.945912820833122225e+01
4.683286992187499891e+02,-1.027938271949021214e+02
4.683289921875000346e+02,-9.305376082258274550e+01
4.683292851562500232e+02,-1.204228664064139167e+02
4.683295781250000118e+02,-1.053581528773740388e+02
4.683298710937500005e+02,-9.590225990098326747e+01
4.683301640624999891e+02,-9.539409625257718517e+01
4.683304570312500346e+02,-8.776570343176982192e+01
4.683307500000000232e+02,-9.429790312440243838e+01
4.683310429687500118e+02,-9.059536368188183530e+01
4.683313359375000005e+02,-8.992028213601587083e+01
4.683316289062499891e+02,-1.014214259385828711e+02
4.683319218750000346e+02,-9.925738916901102016e+01
4.683322148437500232e+02,-9.079311785769530729e+01
4.683325078125000118e+02,-8.638392020151748341e+01
4.683328007812500005e+02,-8.703520516171880672e+01
4.683330937499999891e+02,-8.562530494919755597e+01
4.683333867187500346e+02,-8.910285076674335869e+01
4.683336796875000232e+02,-9.656524647903086134e+01
4.683339726562500118e+02,-9.440036127097681629e+01
4.683342656250000005e+02,-9.532522516672896984e+01
4.683345585937499891e+02,-9.229488293809353650e+01
4.683348515625000346e+02,-8.997996522178161172e+01
4.683351445312500232e+02,-9.262450926119510086e+01
4.683354375000000118e+02,-1.042103099083990685e+02
4.683357304687500005e+02,-1.016404106082730010e+02
4.683360234374999891e+02,-9.752469973644465995e+01
4.683363164062500346e+02,-9.997974676234119329e+01
4.683366093750000232e+02,-9.144635713533723731e+01
4.683369023437500118e+02,-8.575152729161808907e+01
4.683371953125000005e+02,-9.337571493069815176e+01
4.683374882812499891e+02,-9.293983022550791873e+01
4.683377812500000346e+02,-9.475693809831142289e+01
4.683380742187500232e+02,-8.865343524981314260e+01
4.683383671875000118e+02,-9.514815458303411333e+01
4.683386601562500005e+02,-8.996557714226339897e+01
4.683389531249999891e+02,-8.358549931992938298e+01
4.683392460937500346e+02,-8.408656381814881797e+01
4.683395390625000232e+02,-8.854840294177574833e+01
4.683398320312500118e+02,-1.178771731571976318e+02
4.683401250000000005e+02,-9.155322719474025916e+01
4.683404179687499891e+02,-9.178544897807405789e+01
4.683407109375000346e+02,-8.927456441347464988e+01
4.683410039062500232e+02,-9.328965189646318379e+01
4.683412968750000118e+02,-8.904539190083218614e+01
4.683415898437500005e+02,-1.012904974084061678e+02
4.683418828124999891e+02,-9.207355662008509967e+01
4.683421757812500346e+02,-9.111032870817021490e+01
4.683424687500000232e+02,-8.693585505901010890e+01
4.683427617187500118e+02,-8.652107406882251439e+01
4.683430546875000005e+02,-8.943360634779880058e+01
4.683433476562499891e+02,-9.445086147259998199e+01
4.683436406250000346e+02,-9.417130526978220928e+01
4.683439335937500232e+02,-8.653787902090323314e+01
4.683442265625000118e+02,-8.900320139769581829e+01
4.683445195312500005e+02,-1.023121248786777926e+02
4.683448124999999891e+02,-9.461235729274011419e+01
4.683451054687500346e+02,-9.262402579779842426e+01
4.683453984375000232e+02,-8.855498632381255675e+01
4.683456914062500118e+02,-8.786906410142395885e+01
4.683459843750000005e+02,-8.924984937346890490e+01
4.683462773437499891e+02,-9.661562871566722777e+01
4.683465703125000346e+02,-8.969590480418253264e+01
4.683468632812500232e+02,-9.025890667555117375e+01
4.683471562500000118e+02,-9.582412592517918881e+01
4.683474492187500005e+02,-8.732775085110887403e+01
4.683477421874999891e+02,-8.866893727767754285e+01
4.683480351562500346e+02,-9.667109019291375205e+01
4.683483281250000232e+02,-1.045175923186108236e+02
4.683486210937500118e+02,-9.323994245921197432e+01
4.683489140625000005e+02,-8.726473867013194763e+01
4.683492070312499891e+02,-9.590042779361361625e+01
4.683495000000000346e+02,-9.479773330891417515e+01
4.683497929687500232e+02,-9.508564462821993857e+01
4.683500859375000118e+02,-9.664160699507127106e+01
4.683503789062500005e+02,-9.626114605225370724e+01
4.683506718749999891e+02,-1.065700209191074066e+02
4.683509648437500346e+02,-9.774203904071812588e+01
4.683512578125000232e+02,-9.535755839754287422e+01
4.683515507812500118e+02,-9.588225910051745871e+01
4.683518437500000005e+02,-8.899240650670788000e+01
4.683521367187499891e+02,-9.984539124430959589e+01
4.683524296875000346e+02,-9.474079926328977308e+01
4.683527226562500232e+02,-9.184309932073173854e+01
4.683530156250000118e+02,-9.008029653534788395e+01
4.683533085937500005e+02,-9.076189275318850491e+01
4.683536015624999891e+02,-8.921668470107479720e+01
4.683538945312500346e+02,-9.494609402012122246e+01
4.683541875000000232e+02,-9.612979068203792110e+01
4.683544804687500118e+02,-9.604689693565724440e+01
4.683547734375000005e+02,-9.505285349915766346e+01
4.683550664062499891e+02,-9.130057712541200488e+01
4.683553593750000346e+02,-9.388110528794274501e+01
4.683556523437500232e+02,-9.106451916364747490e+01
4.683559453125000118e+02,-1.028249909259265280e+02
4.683562382812500005e+02,-1.005555852203512188e+02
4.683565312499999891e+02,-9.222036286694682872e+01
4.683568242187500346e+02,-8.694489441551007758e+01
4.683571171875000232e+02,-8.818242440169626661e+01
4.683574101562500118e+02,-8.932282135661908740e+01
4.683577031250000005e+02,-9.364262702775788227e+01
4.683579960937499891e+02,-9.091594740420818255e+01
4.683582890625000346e+02,-9.054048362894292268e+01
4.683585820312500232e+02,-1.029474271024693763e+02
4.683588750000000118e+02,-8.736848425434126852e+01
4.683591679687500005e+02,-9.863549895508610632e+01
4.683594609374999891e+02,-8.770395356147241728e+01
4.683597539062500346e+02,-8.872881521068330812e+01
4.683600468750000232e+02,-9.476442042908615804e+01
4.683603398437500118e+02,-8.925772094737256168e+01
4.683606328125000005e+02,-9.665496378058355731e+01
4.683609257812499891e+02,-8.693415903696831037e+01
4.683612187500000346e+02,-9.149856921888158467e+01
4.683615117187500232e+02,-9.576786379715261432e+01
4.683618046875000118e+02,-9.479575086540300788e+01
4.683620976562500005e+02,-9.254871227867207040e+01
4.683623906249999891e+02,-9.793204679921001343e+01
4.683626835937500346e+02,-9.534339063059624664e+01
4.683629765625000232e+02,-9.426235861297502083e+01
4.683632695312500118e+02,-1.044598409158603971e+02
4.683635625000000005e+02,-9.407863104602841986e+01
4.683638554687499891e+02,-9.107300187184000606e+01
4.683641484375000346e+02,-9.434132629724742003e+01
4.683644414062500232e+02,-9.183580195770048249e+01
4.683647343750000118e+02,-8.945187465605918931e+01
4.683650273437500005e+02,-9.513190640505504803e+01
4.683653203124999891e+02,-9.368967599636370380e+01
4.683656132812500346e+02,-9.198958503659173402e+01
4.683659062500000232e+02,-8.771899823434843313e+01
4.683661992187500118e+02,-8.937358789108267842e+01
4.683664921875000005e+02,-9.804471935325565823e+01
4.683667851562499891e+02,-1.012793514550770482e+02
4.683670781250000346e+02,-9.688391225039049459e+01
4.683673710937500232e+02,-9.214343802847494658e+01
4.683676640625000118e+02,-9.201829005076882595e+01
4.683679570312500005e+02,-9.108990907903131529e+01
4.683682499999999891e+02,-8.740234203171226568e+01
4.683685429687500346e+02,-8.829544968887994116e+01
4.683688359375000232e+02,-9.044930771847540996e+01
4.683691289062500118e+02,-8.453283201884859466e+01
4.683694218750000005e+02,-8.996142096264371446e+01
4.683697148437499891e+02,-9.317760675188473840e+01
4.683700078125000346e+02,-9.786111789624314383e+01
4.683703007812500232e+02,-9.039911835056285838e+01
4.683705937500000118e+02,-8.694654303637783244e+01
4.683708867187500005e+02,-9.129489751108286555e+01
4.683711796874999891e+02,-9.241534148156378592e+01
4.683714726562500346e+02,-9.311156995910124579e+01
4.683717656250000232e+02,-9.167315074096769933e+01
4.683720585937500118e+02,-9.358143823346686929e+01
4.683723515625000005e+02,-8.872556914827586638e+01
4.683726445312499891e+02,-8.814733575925068010e+01
4.683729375000000346e+02,-8.968828606212049692e+01
4.683732304687500232e+02,-9.370175005151415348e+01
4.683735234375000118e+02,-9.628678597946728246e+01
4.683738164062500005e+02,-8.840876689166016433e+01
4.683741093749999891e+02,-9.540026268836052736e+01
4.683744023437500346e+02,-9.822425865211101836e+01
4.683746953125000232e+02,-9.856461676345341516e+01
4.683749882812500118e+02,-1.010767208109683111e+02
4.683752812500000005e+02,-9.090285730420933419e+01
4.683755742187499891e+02,-9.111872822177875264e+01
4.683758671875000346e+02,-9.254505805531252349e+01
4.683761601562500232e+02,-9.053968383213361903e+01
4.683764531250000118e+02,-8.893139743938678521e+01
4.683767460937500005e+02,-8.755440213721912812e+01
4.683770390624999891e+02,-9.308676246107084751e+01
4.683773320312500346e+02,-9.130337241434004625e+01
4.683776250000000232e+02,-8.794431848657977469e+01
4.683779179687500118e+02,-8.794640679954207485e+01
4.683782109375000005e+02,-8.690097190856305076e+01
4.683785039062499891e+02,-9.571380630444065218e+01
4.683787968750000346e+02,-9.652735894658871985e+01
4.683790898437500232e+02,-8.723578212831732515e+01
4.683793828125000118e+02,-8.762259935787753307e+01
4.683796757812500005e+02,-9.031953453352060990e+01
4.683799687499999891e+02,-8.908317542180499515e+01
4.683802617187500346e+02,-9.246218543236074083e+01
4.683805546875000232e+02,-9.893391301360203727e+01
4.683808476562500118e+02,-1.006731656095604990e+02
4.683811406250000005e+02,-8.893020560596134771e+01
4.683814335937499891e+02,-9.008390361336125807e+01
4.683817265625000346e+02,-9.320878816875222128e+01
4.683820195312500232e+02,-9.294219219731428439e+01
4.683823125000000118e+02,-9.259074705557137008e+01
4.683826054687500005e+02,-9.384712603347250592e+01
4.683828984374999891e+02,-1.060062541926615154e+02
4.683831914062500346e+02,-9.204615511733356925e+01
4.683834843750000232e+02,-8.972493351139425499e+01
4.683837773437500118e+02,-8.589943910935767235e+01
4.683840703125000005e+02,-9.306107458244477471e+01
4.683843632812499891e+02,-9.860602527564729769e+01
4.683846562500000346e+02,-9.326001556977618634e+01
4.683849492187500232e+02,-9.132173069319208025e+01
4.683852421875000118e+02,-9.159937372998871297e+01
4.683855351562500005e+02,-8.945135609116123021e+01
4.683858281249999891e+02,-9.403099121955598605e+01
4.683861210937500346e+02,-9.840631405523355113e+01
4.683864140625000232e+02,-8.910333722926105793e+01
4.683867070312500118e+02,-9.045617093940657583e+01
4.683870000000000005e+02,-9.710651628791380574e+01
4.683872929687499891e+02,-1.088746883410662178e+02
4.683875859375000346e+02,-1.034629668036426153e+02
4.683878789062500232e+02,-1.038266598447238067e+02
4.683881718750000118e+02,-1.007621617737048325e+02
4.683884648437500005e+02,-8.844968975615952900e+01
4.683887578124999891e+02,-8.836746056434263608e+01
4.683890507812500346e+02,-9.661874230125096119e+01
4.683893437500000232e+02,-9.881035914861000435e+01
4.683896367187500118e+02,-9.219457375891643380e+01
4.683899296875000005e+02,-9.900608677069521946e+01
4.683902226562499891e+02,-9.801915691691039001e+01
4.683905156250000346e+02,-9.369545887978901533e+01
4.683908085937500232e+02,-9.211962408005605596e+01
4.683911015625000118e+02,-1.056565808082990543e+02
4.683913945312500005e+02,-9.630624261410338249e+01
4.683916874999999891e+02,-9.994977062576717231e+01
4.683919804687500346e+02,-9.723691724806614900e+01
4.683922734375000232e+02,-9.286791520359753349e+01
4.683925664062500118e+02,-9.076472908299466269e+01
4.683928593750000005e+02,-9.918060301634946541e+01
4.683931523437499891e+02,-1.096346910823739904e+02
4.683934453125000346e+02,-9.241404788926340075e+01
4.683937382812500232e+02,-9.388969844282974009e+01
4.683940312500000118e+02,-8.751458607208171259e+01
4.683943242187500005e+02,-8.975665369948772820e+01
4.683946171874999891e+02,-9.498394070892429397e+01
4.683949101562500346e+02,-1.018926035421813623e+02
4.683952031250000232e+02,-9.809953287521209120e+01
4.683954960937500118e+02,-9.553068551928448926e+01
4.683957890625000005e+02,-8.761541930806635037e+01
4.683960820312499891e+02,-8.593900849200211667e+01
4.683963750000000346e+02,-9.803569879286123978e+01
4.683966679687500232e+02,-9.100024397575451474e+01
4.683969609375000118e+02,-9.560532749180754308e+01
4.683972539062500005e+02,-9.208185143869941669e+01
4.683975468749999891e+02,-9.220660887882333157e+01
4.683978398437500346e+02,-8.871140631780873775e+01
4.683981328125000232e+02,-9.515088343875605403e+01
4.683984257812500118e+02,-9.745413543494512965e+01
4.683987187500000005e+02,-9.291291974161342182e+01
4.683990117187499891e+02,-9.815233632553508869e+01
4.683993046875000346e+02,-9.168152363739436339e+01
4.683995976562500232e+02,-9.239869622136166072e+01
4.683998906250000118e+02,-9.888965821908625742e+01
4.684001835937500005e+02,-9.677994115785654117e+01
4.684004765624999891e+02,-9.192792875916984485e+01
4.684007695312500346e+02,-8.877239653005395326e+01
4.684010625000000232e+02,-1.013795933251195294e+02
4.684013554687500118e+02,-9.177367593167213045e+01
4.684016484375000005e+02,-9.870927628520541930e+01
4.684019414062499891e+02,-9.115229259140343743e+01
4.684022343750000346e+02,-9.102314874217087493e+01
4.684025273437500232e+02,-8.913932521942889764e+01
4.684028203125000118e+02,-9.209329181223250771e+01
4.684031132812500005e+02,-9.299024986705373408e+01
4.684034062499999891e+02,-8.922289762220282228e+01
4.684036992187500346e+02,-9.038938710194052817e+01
4.684039921875000232e+02,-8.528671442978394168e+01
4.684042851562500118e+02,-9.123617664333241351e+01
4.684045781250000005e+02,-9.329916483725689602e+01
4.684048710937499891e+02,-9.365761501199158090e+01
4.684051640625000346e+02,-9.125118955450716385e+01
4.684054570312500232e+02,-1.052424389314688824e+02
4.684057500000000118e+02,-9.404865827579710924e+01
4.684060429687500005e+02,-8.953477402777227212e+01
4.684063359374999891e+02,-1.022711623867094630e+02
4.684066289062500346e+02,-9.111416381344847082e+01
4.684069218750000232e+02,-9.311350835412552840e+01
4.684072148437500118e+02,-9.283498692162140742e+01
4.684075078125000005e+02,-9.462801425406725286e+01
4.684078007812499891e+02,-1.008794553532401750e+02
4.684080937500000346e+02,-9.375293329052507829e+01
4.684083867187500232e+02,-1.004199241606773541e+02
4.684086796875000118e+02,-9.245851057558846264e+01
4.684089726562500005e+02,-8.832530106122520408e+01
4.684092656249999891e+02,-9.833616584394133042e+01
4.684095585937500346e+02,-9.618905739104894792e+01
4.684098515625000232e+02,-9.044131599122255238e+01
4.684101445312500118e+02,-8.966879874893646729e+01
4.684104375000000005e+02,-9.613198972800141462e+01
4.684107304687499891e+02,-9.828192327595712641e+01
4.684110234375000346e+02,-9.821884837123120349e+01
4.684113164062500232e+02,-9.482444234540010086e+01
4.684116093750000118e+02,-1.022414616141246597e+02
4.684119023437500005e+02,-9.102739671163944024e+01
4.684121953124999891e+02,-8.866712707714174257e+01
4.684124882812500346e+02,-9.949750347971740894e+01
4.684127812500000232e+02,-1.027745901113836027e+02
4.684130742187500118e+02,-9.878434384981169103e+01
4.684133671875000005e+02,-1.042927085383883679e+02
4.684136601562499891e+02,-1.000647549385166712e+02
4.684139531250000346e+02,-9.517195417048998252e+01
4.684142460937500232e+02,-9.816498458806262306e+01
4.684145390625000118e+02,-8.793400916161868963e+01
4.684148320312500005e+02,-8.774861047329110875e+01
4.684151249999999891e+02,-8.637953100620987357e+01
4.684154179687500346e+02,-8.986734679169705942e+01
4.684157109375000232e+02,-9.233778576520131764e+01
4.684160039062500118e+02,-9.692390151097271200e+01
4.684162968750000005e+02,-1.001314074592657022e+02
4.684165898437499891e+02,-9.247119853338935513e+01
4.684168828125000346e+02,-8.814007817860760952e+01
4.684171757812500232e+02,-9.055030023068651701e+01
4.684174687500000118e+02,-1.045830699549071028e+02
4.684177617187500005e+02,-9.063997499525754620e+01
4.684180546874999891e+02,-9.037571413327700043e+01
4.684183476562500346e+02,-8.965171831777587386e+01
4.684186406250000232e+02,-8.898355007996295285e+01
4.684189335937500118e+02,-8.987268427865886622e+01
4.684192265625000005e+02,-9.078512589528057219e+01
4.684195195312499891e+02,-9.268690925854785689e+01
4.684198125000000346e+02,-9.330288455465648667e+01
4.684201054687500232e+02,-9.604093108034675197e+01
4.684203984375000118e+02,-9.072801806761421517e+01
4.684206914062500005e+02,-1.011277234187272853e+02
4.684209843749999891e+02,-9.202266055657075583e+01
4.684212773437500346e+02,-9.233958876757695577e+01
4.684215703125000232e+02,-8.983063976684380236e+01
4.684218632812500118e+02,-9.249310676964370259e+01
4.684221562500000005e+02,-9.572748129416191887e+01
4.684224492187499891e+02,-8.670319897541833143e+01
4.684227421875000346e+02,-9.116767306260639714e+01
4.684230351562500232e+02,-9.939477090728546216e+01
4.684233281250000118e+02,-9.846057287601085761e+01
4.684236210937500005e+02,-1.041249934939243929e+02
4.684239140624999891e+02,-9.375328320790288217e+01
4.684242070312500346e+02,-9.318332089018078079e+01
4.684245000000000232e+02,-9.749048788347715799e+01
4.684247929687500118e+02,-9.473529450899548010e+01
4.684250859375000005e+02,-9.865546317099158102e+01
4.684253789062499891e+02,-9.413025022718920809e+01
4.684256718750000346e+02,-1.018935123612630633e+02
4.684259648437500232e+02,-9.104941970217255687e+01
4.684262578125000118e+02,-8.935776809637197005e+01
4.684265507812500005e+02,-8.866586066929636445e+01
4.684268437499999891e+02,-9.361829847102373492e+01
4.684271367187500346e+02,-9.667538001508405898e+01
4.684274296875000232e+02,-8.816514705789589357e+01
4.684277226562500118e+02,-9.363799062098675563e+01
4.684280156250000005e+02,-9.426826674328196987e+01
4.684283085937499891e+02,-9.888491805605214324e+01
4.684286015625000346e+02,-9.856236728977910388e+01
4.684288945312500232e+02,-9.847335125646745269e+01
4.684291875000000118e+02,-1.075672259006527298e+02
4.684294804687500005e+02,-9.846553583529009757e+01
4.684297734374999891e+02,-9.984239027702392377e+01
4.684300664062500346e+02,-9.387676450639652614e+01
4.684303593750000232e+02,-9.884749532015946727e+01
4.684306523437500118e+02,-9.529167171338976061e+01
4.684309453125000005e+02,-9.023780785043685171e+01
4.684312382812499891e+02,-9.843468518152121760e+01
4.684315312500000346e+02,-9.900985630699139506e+01
4.684318242187500232e+02,-9.507059455799259240e+01
4.684321171875000118e+02,-9.025497786672019629e+01
4.684324101562500005e+02,-9.452459936251815975e+01
4.684327031249999891e+02,-9.403976701401659000e+01
4.684329960937500346e+02,-8.697180530553636402e+01
4.684332890625000232e+02,-8.712914722552982028e+01
4.684335820312500118e+02,-9.867702323729434966e+01
4.684338750000000005e+02,-8.990743122761251982e+01
4.684341679687499891e+02,-9.728359471255524227e+01
4.684344609375000346e+02,-1.007313282002072583e+02
4.684347539062500232e+02,-8.759078659734618100e+01
4.684350468750000118e+02,-9.564995753602175910e+01
4.684353398437500005e+02,-1.006562906117142688e+02
4.684356328124999891e+02,-1.102343961381803013e+02
4.684359257812500346e+02,-9.535233848357883346e+01
4.684362187500000232e+02,-8.924331057924383970e+01
4.684365117187500118e+02,-1.020895233417886061e+02
4.684368046875000005e+02,-9.120454475388122262e+01
4.684370976562499891e+02,-9.059441946361764053e+01
4.684373906250000346e+02,-8.940077866607531121e+01
4.684376835937500232e+02,-9.774690394449395114e+01
4.684379765625000118e+02,-9.513651010836773025e+01
4.684382695312500005e+02,-9.462894874698164926e+01
4.684385624999999891e+02,-9.361405253396951309e+01
4.684388554687500346e+02,-9.548813412514593324e+01
4.684391484375000232e+02,-1.031900859109648252e+02
4.684394414062500118e+02,-9.721758525812539631e+01
4.684397343750000005e+02,-8.883119047591824824e+01
4.684400273437499891e+02,-8.539687972040132991e+01
4.684403203125000346e+02,-8.572949403274108704e+01
4.684406132812500232e+02,-9.557580487476600695e+01
4.684409062500000118e+02,-9.057955554611864102e+01
4.684411992187500005e+02,-9.186710174907433668e+01
4.684414921874999891e+02,-9.149417684614846280e+01
4.684417851562500346e+02,-8.953359137539339940e+01
4.684420781250000232e+02,-9.172646664006008166e+01
4.684423710937500118e+02,-9.364323514531062642e+01
4.684426640625000005e+02,-9.515622567801949572e+01
4.684429570312499891e+02,-9.419214623517255802e+01
4.684432500000000346e+02,-8.827145300827424990e+01
4.684435429687500232e+02,-9.051865687451865483e+01
4.684438359375000118e+02,-9.332461437570943019e+01
4.684441289062500005e+02,-9.613157393503823300e+01
4.684444218749999891e+02,-1.216612193497106205e+02
4.684447148437500346e+02,-9.681625282758372464e+01
4.684450078125000232e+02,-9.508487616138467047e+01
4.684453007812500118e+02,-1.068414388532827530e+02
4.684455937500000005e+02,-9.786165211903799843e+01
4.684458867187499891e+02,-1.069724672082266324e+02
4.684461796875000346e+02,-9.175283545163057397e+01
4.684464726562500232e+02,-9.028220510932510479e+01
4.684467656250000118e+02,-8.592779094743711710e+01
4.684470585937500005e+02,-8.918373261181683631e+01
4.684473515624999891e+02,-8.950509813011677807e+01
4.684476445312500346e+02,-9.197156809601558791e+01
4.684479375000000232e+02,-9.171015368250729694e+01
4.684482304687500118e+02,-9.071522781788500822e+01
4.684485234375000005e+02,-1.027278983232367295e+02
4.684488164062499891e+02,-1.017237376514421356e+02
4.684491093750000346e+02,-9.649898813328360347e+01
4.684494023437500232e+02,-9.586136368147641917e+01
4.684496953125000118e+02,-8.993930188257733960e+01
4.684499882812500005e+02,-9.134202147104875280e+01
4.684502812499999891e+02,-9.318763622111111999e+01
4.684505742187500346e+02,-9.398498269560191432e+01
4.684508671875000232e+02,-9.315197170759175549e+01
4.684511601562500118e+02,-8.618452694306775186e+01
4.684514531250000005e+02,-8.372271478960790603e+01
4.684517460937499891e+02,-9.471637861534136960e+01
4.684520390625000346e+02,-8.927296101615812063e+01
4.684523320312500232e+02,-1.055635358229253740e+02
4.684526250000000118e+02,-9.067290773216410571e+01
4.684529179687500005e+02,-9.064069501935875905e+01
4.684532109374999891e+02,-8.871419264890926115e+01
4.684535039062500346e+02,-9.221587190517868748e+01
4.684537968750000232e+02,-9.373450919357610189e+01
4.684540898437500118e+02,-9.912030335742365139e+01
4.684543828125000005e+02,-1.018610824445378853e+02
4.684546757812499891e+02,-1.011377595247020622e+02
4.684549687500000346e+02,-9.774313884403221664e+01
4.684552617187500232e+02,-9.486573479908167883e+01
4.684555546875000118e+02,-9.704797402290340358e+01
4.684558476562500005e+02,-9.616443216261316707e+01
4.684561406249999891e+02,-9.580105270042915322e+01
4.684564335937500346e+02,-8.753355027642810171e+01
4.684567265625000232e+02,-8.459538870517127407e+01
4.684570195312500118e+02,-9.018234149450640302e+01
4.684573125000000005e+02,-9.318070917944493203e+01
4.684576054687499891e+02,-9.651043703662600137e+01
4.684578984375000346e+02,-9.377097916414197698e+01
4.684581914062500232e+02,-9.623788844311563651e+01
4.684584843750000118e+02,-9.333206311714535275e+01
4.684587773437500005e+02,-9.224730991176284078e+01
4.684590703124999891e+02,-8.942470719961350767e+01
4.684593632812500346e+02,-8.973146541207475479e+01
4.684596562500000232e+02,-9.478368996207103692e+01
4.684599492187500118e+02,-1.172689719928393686e+02
4.684602421875000005e+02,-9.378376559373469945e+01
4.684605351562499891e+02,-9.627210387934962910e+01
4.684608281250000346e+02,-9.428674350493623990e+01
4.684611210937500232e+02,-9.514122444707830084e+01
4.684614140625000118e+02,-9.682891623138665693e+01
4.684617070312500005e+02,-9.424954686988037622e+01
4.684619999999999891e+02,-9.135110177864028458e+01
4.684622929687500346e+02,-9.142312804113581137e+01
4.684625859375000232e+02,-9.497106137236350776e+01
4.684628789062500118e+02,-9.253925407196459219e+01
4.684631718750000005e+02,-9.037899615982480839e+01
4.684634648437499891e+02,-9.069660126708753012e+01
4.684637578125000346e+02,-9.473350306451486347e+01
4.684640507812500232e+02,-9.588062696613425828e+01
4.684643437500000118e+02,-9.880152363724391762e+01
4.684646367187500005e+02,-9.163178981572684734e+01
4.684649296874999891e+02,-9.091620594723408999e+01
4.684652226562500346e+02,-9.601892522454122059e+01
4.684655156250000232e+02,-9.208852255009922771e+01
4.684658085937500118e+02,-8.800016865889458018e+01
4.684661015625000005e+02,-8.479135856506529478e+01
4.684663945312499891e+02,-9.351390436249026550e+01
4.684666875000000346e+02,-1.014452060953846626e+02
4.684669804687500232e+02,-8.972001423942703013e+01
4.684672734375000118e+02,-9.261328308709479984e+01
4.684675664062500005e+02,-9.873708427533989607e+01
4.684678593749999891e+02,-9.169209603920764096e+01
4.684681523437500346e+02,-9.421334543871545009e+01
4.684684453125000232e+02,-9.616226543871789545e+01
4.684687382812500118e+02,-9.766607268263116737e+01
4.684690312500000005e+02,-9.930961649873370334e+01
4.684693242187499891e+02,-9.458972744690100853e+01
4.684696171875000346e+02,-9.078553833839336562e+01
4.684699101562500232e+02,-8.922204266659745997e+01
4.684702031250000118e+02,-9.109949820740365567e+01
4.684704960937500005e+02,-9.673008718164901154e+01
4.684707890624999891e+02,-8.991776480983695308e+01
4.684710820312500346e+02,-1.066382490948645625e+02
4.684713750000000232e+02,-9.755402172064522404e+01
4.684716679687500118e+02,-1.129475251738371639e+02
4.684719609375000005e+02,-9.209208490247971213e+01
4.684722539062499891e+02,-8.935760995888824709e+01
4.684725468750000346e+02,-8.930444578333997185e+01
4.684728398437500232e+02,-9.046946674672831534e+01
4.684731328125000118e+02,-9.290536807261587171e+01
4.684734257812500005e+02,-9.052034179164826355e+01
4.684737187499999891e+02,-9.161364596460154530e+01
4.684740117187500346e+02,-8.972214115808978363e+01
4.684743046875000232e+02,-8.813889624754889951e+01
4.684745976562500118e+02,-8.907321286030223462e+01
4.684748906250000005e+02,-9.427737438807366743e+01
4.684751835937499891e+02,-1.012894012226908274e+02
4.684754765625000346e+02,-9.128896460953420444e+01
4.684757695312500232e+02,-9.014754978635706095e+01
4.684760625000000118e+02,-9.878130689303463896e+01
4.684763554687500005e+02,-1.017564020346244433e+02
4.684766484374999891e+02,-9.186866555582226113e+01
4.684769414062500346e+02,-9.144073897859307465e+01
4.684772343750000232e+02,-9.324958891429275809e+01
4.684775273437500118e+02,-9.434515534107251256e+01
4.684778203125000005e+02,-9.052589292935535070e+01
4.684781132812499891e+02,-9.015054566579819095e+01
4.684784062500000346e+02,-9.132398142073994052e+01
4.684786992187500232e+02,-9.455513676999223094e+01
4.684789921875000118e+02,-9.419307939865782942e+01
4.684792851562500005e+02,-8.836910729060753056e+01
4.684795781249999891e+02,-9.291108427936542569e+01
4.684798710937500346e+02,-9.648701110964705663e+01
4.684801640625000232e+02,-9.732424753232552916e+01
4.684804570312500118e+02,-9.533389606917141634e+01
4.684807500000000005e+02,-9.334584825558408738e+01
4.684810429687499891e+02,-9.366360422521373152e+01
4.684813359375000346e+02,-9.263133534006965419e+01
4.684816289062500232e+02,-9.420625818637057591e+01
4.684819218750000118e+02,-9.281297523757119450e+01
4.684822148437500005e+02,-9.142950148367559393e+01
4.684825078124999891e+02,-9.041197835446352826e+01
4.684828007812500346e+02,-9.353886037649064633e+01
4.684830937500000232e+02,-9.519607724234879242e+01
4.684833867187500118e+02,-9.151466555491667521e+01
4.684836796875000005e+02,-8.977487820202746605e+01
4.684839726562499891e+02,-9.355137378860455044e+01
4.684842656250000346e+02,-9.558168429762667984e+01
4.684845585937500232e+02,-9.156973036153993917e+01
4.684848515625000118e+02,-9.424658445144186203e+01
4.684851445312500005e+02,-9.344419619816412137e+01
4.684854374999999891e+02,-9.215034225773567300e+01
4.684857304687500346e+02,-8.699301558378292043e+01
4.684860234375000232e+02,-8.827112292886050682e+01
4.684863164062500118e+02,-9.405304705956389455e+01
4.684866093750000005e+02,-1.061895975961182046e+02
4.684869023437499891e+02,-9.191250992697257516e+01
4.684871953125000346e+02,-8.815488686287986297e+01
4.684874882812500232e+02,-8.821846286206778132e+01
4.684877812500000118e+02,-8.786153498152296493e+01
4.684880742187500005e+02,-9.164112195132844363e+01
4.684883671874999891e+02,-9.499295339198320676e+01
4.684886601562500346e+02,-9.476587870515524514e+01
4.684889531250000232e+02,-1.022239500801320560e+02
4.684892460937500118e+02,-8.928343996702837160e+01
4.684895390625000005e+02,-8.849706297320457793e+01
4.684898320312499891e+02,-1.075572161819262362e+02
4.684901250000000346e+02,-9.363638584689272193e+01
4.684904179687500232e+02,-9.718603835920460199e+01
4.684907109375000118e+02,-9.214257872833000818e+01
4.684910039062500005e+02,-9.744261625923306269e+01
4.684912968749999891e+02,-8.979451887190282378e+01
4.684915898437500346e+02,-9.019405182894523421e+01
4.684918828125000232e+02,-9.654879524796044166e+01
4.684921757812500118e+02,-9.695625726904920327e+01
4.684924687500000005e+02,-9.191556076608105741e+01
4.684927617187499891e+02,-9.035066569621399424e+01
4.684930546875000346e+02,-9.395824463435623386e+01
4.684933476562500232e+02,-8.805788627723984519e+01
4.684936406250000118e+02,-8.607199833569957548e+01
4.684939335937500005e+02,-9.256422237391389274e+01
4.684942265624999891e+02,-9.243659757800497800e+01
4.684945195312500346e+02,-9.363562626932021260e+01
4.684948125000000232e+02,-1.085156149081347792e+02
4.684951054687500118e+02,-1.079094398593013437e+02
4.684953984375000005e+02,-1.052061883679162690e+02
4.684956914062499891e+02,-1.007397122243386320e+02
4.684959843750000346e+02,-9.689502519694357829e+01
4.684962773437500232e+02,-9.533631913324248330e+01
4.684965703125000118e+02,-9.585133965466083339e+01
4.684968632812500005e+02,-1.019509707170600166e+02
4.684971562499999891e+02,-9.186166890737224833e+01
4.684974492187500346e+02,-9.604358347998541490e+01
4.684977421875000232e+02,-9.820172100642197677e+01
4.684980351562500118e+02,-9.374009262314488922e+01
4.684983281250000005e+02,-9.238843533034662414e+01
4.684986210937499891e+02,-9.450915538741040223e+01
4.684989140625000346e+02,-9.427844122258876780e+01
4.684992070312500232e+02,-9.250393780263166832e+01
4.684995000000000118e+02,-1.042926410785855467e+02
4.684997929687500005e+02,-9.098958418176891882e+01
4.685000859374999891e+02,-8.912482288344943981e+01
4.685003789062500346e+02,-9.353992620702371141e+01
4.685006718750000232e+02,-9.266570174590606257e+01
4.685009648437500118e+02,-9.352287928238038717e+01
4.685012578125000005e+02,-9.366317198499814367e+01
4.685015507812499891e+02,-9.159468142092569565e+01
4.685018437500000346e+02,-9.003886461596766821e+01
4.685021367187500232e+02,-9.296315568822524256e+01
4.685024296875000118e+02,-9.432342216972871540e+01
4.685027226562500005e+02,-9.589939971076509551e+01
4.685030156249999891e+02,-1.082046323424569607e+02
4.685033085937500346e+02,-9.115804212902429526e+01
4.685036015625000232e+02,-8.905899053088785422e+01
4.685038945312500118e+02,-9.400853939755187128e+01
4.685041875000000005e+02,-1.133791167854347464e+02
4.685044804687499891e+02,-1.011807249835000420e+02
4.685047734375000346e+02,-9.020387945321101597e+01
4.685050664062500232e+02,-8.995030590376947544e+01
4.685053593750000118e+02,-9.303208194355556770e+01
4.685056523437500005e+02,-9.384714229783151040e+01
4.685059453124999891e+02,-1.000655629501589630e+02
4.685062382812500346e+02,-9.715556944844273346e+01
4.685065312500000232e+02,-8.768776940944968601e+01
4.685068242187500118e+02,-8.922391432276455703e+01
4.685071171875000005e+02,-9.031207847399386424e+01
4.685074101562499891e+02,-9.090416115044587286e+01
4.685077031250000346e+02,-9.340585138843786694e+01
4.685079960937500232e+02,-9.003129877660981606e+01
4.685082890625000118e+02,-8.738699346933579193e+01
4.685085820312500005e+02,-8.998383690443668570e+01
4.685088749999999891e+02,-9.095343358561046898e+01
4.685091679687500346e+02,-9.219277063820806006e+01
4.685094609375000232e+02,-9.885168048783016559e+01
4.685097539062500118e+02,-9.486249068445773958e+01
4.685100468750000005e+02,-9.008187361135439630e+01
4.685103398437499891e+02,-8.737758730368690863e+01
4.685106328125000346e+02,-1.002869258056298207e+02
4.685109257812500232e+02,-9.356198700396801371e+01
4.685112187500000118e+02,-9.008110543991007546e+01
4.685115117187500005e+02,-8.911668719701586383e+01
4.685118046874999891e+02,-8.795588107075589335e+01
4.685120976562500346e+02,-8.940424071678295093e+01
4.685123906250000232e+02,-1.038376506370849341e+02
4.685126835937500118e+02,-9.512815695789461756e+01
4.685129765625000005e+02,-1.001669485948423812e+02
4.685132695312499891e+02,-9.772417107188235263e+01
4.685135625000000346e+02,-9.739835818217426322e+01
4.685138554687500232e+02,-1.037553659173495930e+02
4.685141484375000118e+02,-9.830610804593119667e+01
4.685144414062500005e+02,-1.079318965028578532e+02
4.685147343749999891e+02,-9.904764443060501833e+01
4.685150273437500346e+02,-8.993403278320650429e+01
4.685153203125000232e+02,-8.919594370658805360e+01
4.685156132812500118e+02,-9.237960053750853717e+01
4.685159062500000005e+02,-1.026208157572883550e+02
4.685161992187499891e+02,-1.041019129849402134e+02
4.685164921875000346e+02,-9.747163375209163405e+01
4.685167851562500232e+02,-1.092479501766341912e+02
4.685170781250000118e+02,-1.024374522674105634e+02
4.685173710937500005e+02,-1.049766761956918373e+02
4.685176640624999891e+02,-9.799643103792860188e+01
4.685179570312500346e+02,-9.498783042616963712e+01
4.685182500000000232e+02,-9.851988754663544512e+01
4.685185429687500118e+02,-9.344619736081511974e+01
4.685188359375000005e+02,-8.829660988022526169e+01
4.685191289062499891e+02,-8.964126228385316608e+01
4.685194218750000346e+02,-8.898064515640416516e+01
4.685197148437500232e+02,-9.933341017932170303e+01
4.685200078125000118e+02,-9.386668976677371745e+01
4.685203007812500005e+02,-9.555265156022264250e+01
4.685205937499999891e+02,-9.520528749435256088e+01
4.685208867187500346e+02,-9.664057886438033051e+01
4.685211796875000232e+02,-9.164276206347810216e+01
4.685214726562500118e+02,-8.810130220998411232e+01
4.685217656250000005e+02,-9.440433018335673410e+01
4.685220585937499891e+02,-9.500304412922416475e+01
4.685223515625000346e+02,-9.203195622216027516e+01
4.685226445312500232e+02,-9.639543040711325261e+01
4.685229375000000118e+02,-9.311688979686159939e+01
4.685232304687500005e+02,-9.295965594218502304e+01
4.685235234374999891e+02,-9.262999867346970007e+01
4.685238164062500346e+02,-9.547288015531032102e+01
4.685241093750000232e+02,-9.196800884877900728e+01
4.685244023437500118e+02,-8.667537860456398846e+01
4.685246953125000005e+02,-8.912609342438692295e+01
4.685249882812499891e+02,-9.971098616925225144e+01
4.685252812500000346e+02,-1.006914514363046180e+02
4.685255742187500232e+02,-8.736869404664736294e+01
4.685258671875000118e+02,-9.188404916386375021e+01
4.685261601562500005e+02,-1.055283491264779059e+02
4.685264531249999891e+02,-1.030191191939419753e+02
4.685267460937500346e+02,-1.048744634516057630e+02
4.685270390625000232e+02,-9.969011386951743248e+01
4.685273320312500118e+02,-9.590622627913093368e+01
4.685276250000000005e+02,-9.725393843056836829e+01
4.685279179687499891e+02,-9.659768395289601983e+01
4.685282109375000346e+02,-9.393416029820349422e+01
4.685285039062500232e+02,-9.282335788343465310e+01
4.685287968750000118e+02,-9.652299139649042559e+01
4.685290898437500005e+02,-9.698035717040568215e+01
4.685293828124999891e+02,-9.394706867541776774e+01
4.685296757812500346e+02,-9.047203236438888041e+01
4.685299687500000232e+02,-8.960964738498846316e+01
4.685302617187500118e+02,-9.458177681946523307e+01
4.685305546875000005e+02,-9.634547644793313736e+01
4.685308476562499891e+02,-9.216981396963026896e+01
4.685311406250000346e+02,-9.177507215732265422e+01
4.685314335937500232e+02,-8.755548072773277113e+01
4.685317265625000118e+02,-9.239141504331516330e+01
4.685320195312500005e+02,-9.822967362204272490e+01
4.685323124999999891e+02,-9.167256825745228355e+01
4.685326054687500346e+02,-9.886773239903946831e+01
4.685328984375000232e+02,-1.165130815975103360e+02
4.685331914062500118e+02,-9.741331426862963383e+01
4.685334843750000005e+02,-9.490259200046736510e+01
4.685337773437499891e+02,-9.047761481365824920e+01
4.685340703125000346e+02,-9.120259866650405911e+01
4.685343632812500232e+02,-9.086364416915294839e+01
4.685346562500000118e+02,-9.126454170149540346e+01
4.685349492187500005e+02,-9.487017832661918249e+01
4.685352421874999891e+02,-1.042919826595393573e+02
4.685355351562500346e+02,-9.958621141152789846e+01
4.685358281250000232e+02,-9.427178761860344025e+01
4.685361210937500118e+02,-8.797920437573441177e+01
4.685364140625000005e+02,-8.701631957217659874e+01
4.685367070312499891e+02,-9.644599799014594055e+01
4.685370000000000346e+02,-9.662416955957995413e+01
4.685372929687500232e+02,-9.983560493305097339e+01
4.685375859375000118e+02,-1.042948890325741047e+02
4.685378789062500005e+02,-9.363303406658653216e+01
4.685381718749999891e+02,-1.021737300349931843e+02
4.685384648437500346e+02,-9.145357441603088944e+01
4.685387578125000232e+02,-8.987164122562290913e+01
4.685390507812500118e+02,-9.004300215460602885e+01
4.685393437500000005e+02,-1.016238908235530403e+02
4.685396367187499891e+02,-9.535607430343232238e+01
4.685399296875000346e+02,-9.251765667158016981e+01
4.685402226562500232e+02,-9.600585754561308249e+01
4.685405156250000118e+02,-1.032122943204682315e+02
4.685408085937500005e+02,-9.669394076759806467e+01
4.685411015624999891e+02,-9.943818808378777874e+01
4.685413945312500346e+02,-9.336271167046814412e+01
4.685416875000000232e+02,-1.008848644344247845e+02
4.685419804687500118e+02,-9.891761930067815456e+01
4.685422734375000005e+02,-9.753800435051678619e+01
4.685425664062499891e+02,-9.058175887289988282e+01
4.685428593750000346e+02,-9.163267175099161932e+01
4.685431523437500232e+02,-9.304862107653053727e+01
4.685434453125000118e+02,-9.812109002631204646e+01
4.685437382812500005e+02,-1.024532569068288836e+02
4.685440312499999891e+02,-9.425708890208818502e+01
4.685443242187500346e+02,-9.336070471714499774e+01
4.685446171875000232e+02,-1.071442242958270583e+02
4.685449101562500118e+02,-9.458455602718683508e+01
4.685452031250000005e+02,-9.681821990805551081e+01
4.685454960937499891e+02,-9.543226518711058759e+01
4.685457890625000346e+02,-9.540691873607386242e+01
4.685460820312500232e+02,-9.695673438571978409e+01
4.685463750000000118e+02,-9.147734415028493515e+01
4.685466679687500005e+02,-9.560410752070751528e+01
4.685469609374999891e+02,-1.077562631935386150e+02
4.685472539062500346e+02,-1.008863828389173278e+02
4.685475468750000232e+02,-9.559387220562379639e+01
4.685478398437500118e+02,-9.394441313168776730e+01
4.685481328125000005e+02,-9.971270466854667802e+01
4.685484257812499891e+02,-9.228930510103887741e+01
4.685487187500000346e+02,-8.980001961237596220e+01
4.685490117187500232e+02,-9.167291946313633844e+01
4.685493046875000118e+02,-8.801232122857227580e+01
4.685495976562500005e+02,-9.233755013282296886e+01
4.685498906249999891e+02,-9.658035277211689618e+01
4.685501835937500346e+02,-1.014788603403110301e+02
4.685504765625000232e+02,-1.286287833094983739e+02
4.685507695312500118e+02,-1.012548664336217712e+02
4.685510625000000005e+02,-1.091707123437398508e+02
4.685513554687499891e+02,-1.087535585366456985e+02
4.685516484375000346e+02,-9.680248407499576047e+01
4.685519414062500232e+02,-1.037623713997074759e+02
4.685522343750000118e+02,-1.011035103815873128e+02
4.685525273437500005e+02,-1.039032845377248435e+02
4.685528203124999891e+02,-1.006227408552069988e+02
4.685531132812500346e+02,-9.080474894363142369e+01
4.685534062500000232e+02,-9.058022502159960254e+01
4.685536992187500118e+02,-9.541298334046095420e+01
4.685539921875000005e+02,-9.212710037608559333e+01
4.685542851562499891e+02,-9.027067993930303658e+01
4.685545781250000346e+02,-9.396879840378856841e+01
4.685548710937500232e+02,-9.709962847018978493e+01
4.685551640625000118e+02,-9.090916792338933305e+01
4.685554570312500005e+02,-9.071872984490343583e+01
4.685557499999999891e+02,-1.006638639505117681e+02
4.685560429687500346e+02,-9.249541886688147940e+01
4.685563359375000232e+02,-9.263159498699874916e+01
4.685566289062500118e+02,-1.061698026412510956e+02
4.685569218750000005e+02,-1.025119717720375263e+02
4.685572148437499891e+02,-9.171718454667818321e+01
4.685575078125000346e+02,-1.032879697602042626e+02
4.685578007812500232e+02,-9.856009291375374914e+01
4.685580937500000118e+02,-9.701803526802569877e+01
4.685583867187500005e+02,-1.056291500676760506e+02
4.685586796874999891e+02,-9.456632838417010589e+01
4.685589726562500346e+02,-1.087974663396408346e+02
4.685592656250000232e+02,-1.045464664484682373e+02
4.685595585937500118e+02,-9.719842316893887357e+01
4.685598515625000005e+02,-9.317253614300916809e+01
4.685601445312499891e+02,-9.875815820624831076e+01
4.685604375000000346e+02,-9.309089959795474556e+01
4.685607304687500232e+02,-9.686261853540841571e+01
4.685610234375000118e+02,-1.038822744545043264e+02
4.685613164062500005e+02,-1.080544469486156629e+02
4.685616093749999891e+02,-9.067510070489601048e+01
4.685619023437500346e+02,-9.360629450739999413e+01
4.685621953125000232e+02,-9.502836255611742899e+01
4.685624882812500118e+02,-9.283198031791327764e+01
4.685627812500000005e+02,-9.081090298166657249e+01
4.685630742187499891e+02,-9.207898498993571934e+01
4.685633671875000346e+02,-9.846897778930129164e+01
4.685636601562500232e+02,-9.133044643418897124e+01
4.685639531250000118e+02,-9.594455803304867914e+01
4.685642460937500005e+02,-9.988957868352864011e+01
4.685645390624999891e+02,-1.083210468099078696e+02
4.685648320312500346e+02,-1.079421647661655470e+02
4.685651250000000232e+02,-9.557845794549280072e+01
4.685654179687500118e+02,-9.729260750739619823e+01
4.685657109375000005e+02,-1.134010345052400623e+02
4.685660039062499891e+02,-9.181640226040089203e+01
4.685662968750000346e+02,-8.876408467542222525e+01
4.685665898437500232e+02,-9.013104587841135640e+01
4.685668828125000118e+02,-8.972317400785989605e+01
4.685671757812500005e+02,-8.818639973335322679e+01
4.685674687499999891e+02,-8.788731544654271488e+01
4.685677617187500346e+02,-8.851105859959177735e+01
4.685680546875000232e+02,-9.792552591439567777e+01
4.685683476562500118e+02,-9.250040510522767079e+01
4.685686406250000005e+02,-9.021023401140828923e+01
4.685689335937499891e+02,-9.046616135554791072e+01
4.685692265625000346e+02,-9.423818457679386995e+01
4.685695195312500232e+02,-9.649857368127742063e+01
4.685698125000000118e+02,-9.135840461849102212e+01
4.685701054687500005e+02,-8.950232477357113225e+01
4.685703984374999891e+02,-8.981732458249508966e+01
4.685706914062500346e+02,-9.211242446370057735e+01
4.685709843750000232e+02,-9.206639668265042076e+01
4.685712773437500118e+02,-9.330186078220253876e+01
4.685715703125000005e+02,-9.477376198464499168e+01
4.685718632812499891e+02,-9.104377660244051640e+01
4.685721562500000346e+02,-1.025726961292924813e+02
4.685724492187500232e+02,-9.204702560461268490e+01
4.685727421875000118e+02,-8.813211385218876615e+01
4.685730351562500005e+02,-9.071430634669542314e+01
4.685733281249999891e+02,-9.205471924369619785e+01
4.685736210937500346e+02,-9.007687515145076418e+01
4.685739140625000232e+02,-8.931861176491921128e+01
4.685742070312500118e+02,-8.861240125775387355e+01
4.685745000000000005e+02,-8.849217604931718029e+01
4.685747929687499891e+02,-9.099186634982770272e+01
4.685750859375000346e+02,-9.274246620744206382e+01
4.685753789062500232e+02,-9.748697525661604857e+01
4.685756718750000118e+02,-1.027737417743769441e+02
4.685759648437500005e+02,-1.028234878017687635e+02
4.685762578124999891e+02,-1.052944618416081255e+02
4.685765507812500346e+02,-9.990224878842830947e+01
4.685768437500000232e+02,-9.250485275742241242e+01
4.685771367187500118e+02,-8.927108122853688599e+01
4.685774296875000005e+02,-9.544283671363018584e+01
4.685777226562499891e+02,-1.091723864728004116e+02
4.685780156250000346e+02,-9.580680806462312660e+01
4.685783085937500232e+02,-9.511949240182141807e+01
4.685786015625000118e+02,-1.068749959370786371e+02
4.685788945312500005e+02,-9.590732618029066714e+01
4.685791874999999891e+02,-9.873737412318644147e+01
4.685794804687500346e+02,-9.984096597355920721e+01
4.685797734375000232e+02,-1.011172577765264577e+02
4.685800664062500118e+02,-9.569821761851635245e+01
4.685803593750000005e+02,-9.305600010837952141e+01
4.685806523437499891e+02,-9.321170256964920497e+01
4.685809453125000346e+02,-9.561150855628741851e+01
4.685812382812500232e+02,-9.746016110731021342e+01
4.685815312500000118e+02,-9.494692157701395274e+01
4.685818242187500005e+02,-9.398036307166854897e+01
4.685821171874999891e+02,-9.656502831605908455e+01
4.685824101562500346e+02,-9.156791765555891516e+01
4.685827031250000232e+02,-1.028578092453454360e+02
4.685829960937500118e+02,-1.035530276272294117e+02
4.685832890625000005e+02,-9.687986302779351888e+01
4.685835820312499891e+02,-9.355834470433941874e+01
4.685838750000000346e+02,-9.294238648352950349e+01
4.685841679687500232e+02,-9.006259805078579461e+01
4.685844609375000118e+02,-9.396691385956469844e+01
4.685847539062500005e+02,-1.009483011536895276e+02
4.685850468749999891e+02,-9.559382251931870655e+01
4.685853398437500346e+02,-9.220135188083916944e+01
4.685856328125000232e+02,-9.047381625756521828e+01
4.685859257812500118e+02,-9.366819210798877293e+01
4.685862187500000005e+02,-9.711406686524709642e+01
4.685865117187499891e+02,-9.622095497193150493e+01
4.685868046875000346e+02,-9.982868558722628904e+01
4.685870976562500232e+02,-9.958324150834619104e+01
4.685873906250000118e+02,-9.209011536277205323e+01
4.685876835937500005e+02,-8.844720911105319772e+01
4.685879765624999891e+02,-9.642528964683828008e+01
4.685882695312500346e+02,-1.002317178243260969e+02
4.685885625000000232e+02,-9.276703477708397827e+01
4.685888554687500118e+02,-8.957306537664391044e+01
4.685891484375000005e+02,-9.430613604611492917e+01
4.685894414062499891e+02,-1.003248969180450558e+02
4.685897343750000346e+02,-9.583393248961388622e+01
4.685900273437500232e+02,-8.973412055266238951e+01
4.685903203125000118e+02,-9.396744343740465411e+01
4.685906132812500005e+02,-1.046368554239770532e+02
4.685909062499999891e+02,-1.045211036396237745e+02
4.685911992187500346e+02,-9.454868596312012130e+01
4.685914921875000232e+02,-9.407830699423445253e+01
4.685917851562500118e+02,-8.956662310244976766e+01
4.685920781250000005e+02,-8.957586205756879849e+01
4.685923710937499891e+02,-9.943405781915480190e+01
4.685926640625000346e+02,-9.104696358053598715e+01
4.685929570312500232e+02,-9.801899804596703802e+01
4.685932500000000118e+02,-1.025236566985730065e+02
4.685935429687500005e+02,-9.744891155783507486e+01
4.685938359374999891e+02,-1.013210439368166647e+02
4.685941289062500346e+02,-9.307411289031277590e+01
4.685944218750000232e+02,-1.082149727941532262e+02
4.685947148437500118e+02,-9.620067431392135404e+01
4.685950078125000005e+02,-9.053140674975111324e+01
4.685953007812499891e+02,-8.833204442459356187e+01
4.685955937500000346e+02,-9.474945574824945993e+01
4.685958867187500232e+02,-1.107449801605960715e+02
4.685961796875000118e+02,-9.986526442449098795e+01
4.685964726562500005e+02,-9.204724031683650765e+01
4.685967656249999891e+02,-9.466752679606919685e+01
4.685970585937500346e+02,-9.992924483237835886e+01
4.685973515625000232e+02,-9.488540594664763717e+01
4.685976445312500118e+02,-9.953326901147120509e+01
4.685979375000000005e+02,-9.493874543268212562e+01
4.685982304687499891e+02,-1.022580283552564140e+02
4.685985234375000346e+02,-9.138060104921828497e+01
4.685988164062500232e+02,-9.457644044647551596e+01
4.685991093750000118e+02,-9.368756336228366877e+01
4.685994023437500005e+02,-9.624646253894147208e+01
4.685996953124999891e+02,-9.504123917845501524e+01
4.685999882812500346e+02,-9.198699864390206926e+01
4.686002812500000232e+02,-9.077901753140275787e+01
4.686005742187500118e+02,-8.803186365803773583e+01
4.686008671875000005e+02,-9.409836804265106025e+01
4.686011601562499891e+02,-1.047920046904035587e+02
4.686014531250000346e+02,-9.163372732241184337e+01
4.686017460937500232e+02,-9.406945796198141352e+01
4.686020390625000118e+02,-9.624907150784677867e+01
4.686023320312500005e+02,-9.422411176853167092e+01
4.686026249999999891e+02,-9.432491787653569304e+01
4.686029179687500346e+02,-9.256934950769604598e+01
4.686032109375000232e+02,-1.046039008778901689e+02
4.686035039062500118e+02,-9.187787465668375830e+01
4.686037968750000005e+02,-9.359916619907880886e+01
4.686040898437499891e+02,-1.006849057538620968e+02
4.686043828125000346e+02,-9.921257471012563656e+01
4.686046757812500232e+02,-1.038655386116957118e+02
4.686049687500000118e+02,-9.672349225931645833e+01
4.686052617187500005e+02,-1.013176359534132587e+02
4.686055546874999891e+02,-9.442787882141148259e+01
4.686058476562500346e+02,-9.471773543604022905e+01
4.686061406250000232e+02,-9.763817762436684689e+01
4.686064335937500118e+02,-1.002139831211995897e+02
4.686067265625000005e+02,-9.829375396670431542e+01
4.686070195312499891e+02,-8.919843172881212467e+01
4.686073125000000346e+02,-9.092720183598987660e+01
4.686076054687500232e+02,-1.006338810232987981e+02
4.686078984375000118e+02,-9.593761004133469328e+01
4.686081914062500005e+02,-9.039990366481019635e+01
4.686084843749999891e+02,-8.915095647416600855e+01
4.686087773437500346e+02,-8.918054740249901613e+01
4.686090703125000232e+02,-8.938146436984058596e+01
4.686093632812500118e+02,-9.434054269675151261e+01
4.686096562500000005e+02,-9.545458089090661247e+01
4.686099492187499891e+02,-9.529811131891490561e+01
4.686102421875000346e+02,-1.155450734710067877e+02
4.686105351562500232e+02,-9.429115420382507295e+01
4.686108281250000118e+02,-9.302967800031393608e+01
4.686111210937500005e+02,-9.223255376178914844e+01
4.686114140624999891e+02,-9.036890432428940301e+01
4.686117070312500346e+02,-9.458008355590308724e+01
4.686120000000000232e+02,-9.601869923443970833e+01
4.686122929687500118e+02,-9.261091364843834128e+01
4.686125859375000005e+02,-9.827913663896454466e+01
4.686128789062499891e+02,-1.002398026640466497e+02
4.686131718750000346e+02,-9.697577296669783209e+01
4.686134648437500232e+02,-1.075322486028571234e+02
4.686137578125000118e+02,-9.321906176721130066e+01
4.686140507812500005e+02,-9.142706541231015649e+01
4.686143437499999891e+02,-1.151248928924487416e+02
4.686146367187500346e+02,-9.751162393728111510e+01
4.686149296875000232e+02,-9.165436458198246328e+01
4.686152226562500118e+02,-8.851927660926261865e+01
4.686155156250000005e+02,-8.949247828384748971e+01
4.686158085937499891e+02,-9.010595213363288281e+01
4.686161015625000346e+02,-9.275629362764811958e+01
4.686163945312500232e+02,-1.090376705735220924e+02
4.686166875000000118e+02,-9.563632157836698866e+01
4.686169804687500005e+02,-1.077494157679299889e+02
4.686172734374999891e+02,-1.089144800681519882e+02
4.686175664062500346e+02,-1.184962800991272047e+02
4.686178593750000232e+02,-1.016916900587677617e+02
4.686181523437500118e+02,-9.408874396778708160e+01
4.686184453125000005e+02,-8.805636100958535906e+01
4.686187382812499891e+02,-8.973734498268788684e+01
4.686190312500000346e+02,-8.994380622147855320e+01
4.686193242187500232e+02,-9.029436564690411160e+01
4.686196171875000118e+02,-9.044113595843514020e+01
4.686199101562500005e+02,-9.206043282093372682e+01
4.686202031249999891e+02,-1.003568774386507414e+02
4.686204960937500346e+02,-1.033884565272248324e+02
4.686207890625000232e+02,-9.499338766728681094e+01
4.686210820312500118e+02,-9.313720406216397407e+01
4.686213750000000005e+02,-1.008594204024918213e+02
4.686216679687499891e+02,-1.019686515026939588e+02
4.686219609375000346e+02,-8.995557269285825441e+01
4.686222539062500232e+02,-9.230960823564815598e+01
4.686225468750000118e+02,-9.698326609525571484e+01
4.686228398437500005e+02,-9.072189760902354294e+01
4.686231328124999891e+02,-9.199282755859569249e+01
4.686234257812500346e+02,-9.690868524026235775e+01
4.686237187500000232e+02,-9.845748977615824060e+01
4.686240117187500118e+02,-9.388422972439622072e+01
4.686243046875000005e+02,-9.770525726155177892e+01
4.686245976562499891e+02,-9.130709957192783577e+01
4.686248906250000346e+02,-9.269964934900008302e+01
4.686251835937500232e+02,-1.050088956891323448e+02
4.686254765625000118e+02,-1.015415131670675777e+02
4.686257695312500005e+02,-1.014630554683022012e+02
4.686260624999999891e+02,-9.664579080577864545e+01
4.686263554687500346e+02,-9.863606652532604357e+01
4.686266484375000232e+02,-9.946689803552035869e+01
4.686269414062500118e+02,-1.153143826965337126e+02
4.686272343750000005e+02,-9.402175506705026464e+01
4.686275273437499891e+02,-9.212106577309057798e+01
4.686278203125000346e+02,-9.630703403595103396e+01
4.686281132812500232e+02,-9.737195744562320954e+01
4.686284062500000118e+02,-9.262701443918352595e+01
4.686286992187500005e+02,-9.222327506089905569e+01
4.686289921874999891e+02,-9.540512447525246387e+01
4.686292851562500346e+02,-9.213424458046779364e+01
4.686295781250000232e+02,-9.146301401198412862e+01
4.686298710937500118e+02,-9.413826167789031274e+01
4.686301640625000005e+02,-1.014267055126954062e+02
4.686304570312499891e+02,-9.272394681747123002e+01
4.686307500000000346e+02,-9.359190088383914485e+01
4.686310429687500232e+02,-9.709197459706939526e+01
4.686313359375000118e+02,-9.373573564415164583e+01
4.686316289062500005e+02,-9.383326171323369636e+01
4.686319218749999891e+02,-9.643637334182612619e+01
4.686322148437500346e+02,-9.420260681178719153e+01
4.686325078125000232e+02,-1.062845606774943406e+02
4.686328007812500118e+02,-9.774920818792821819e+01
4.686330937500000005e+02,-9.885747373367411228e+01
4.686333867187499891e+02,-9.567180662118411760e+01
4.686336796875000346e+02,-1.021912686890593847e+02
4.686339726562500232e+02,-9.641363421656146215e+01
4.686342656250000118e+02,-9.346299449037657325e+01
4.686345585937500005e+02,-9.254371832844142887e+01
4.686348515624999891e+02,-9.651393231520285099e+01
4.686351445312500346e+02,-9.641983722427610815e+01
4.686354375000000232e+02,-9.236258857185758586e+01
4.686357304687500118e+02,-9.467984505607265078e+01
4.686360234375000005e+02,-9.827989668306037174e+01
4.686363164062499891e+02,-9.401633068937464088e+01
4.686366093750000346e+02,-9.128978728297050793e+01
4.686369023437500232e+02,-9.277216137119927453e+01
4.686371953125000118e+02,-1.064929807975416907e+02
4.686374882812500005e+02,-9.283349126141155239e+01
4.686377812499999891e+02,-9.283240678351504016e+01
4.686380742187500346e+02,-9.142782123050133691e+01
4.686383671875000232e+02,-9.531330287917373312e+01
4.686386601562500118e+02,-9.914285070458805649e+01
4.686389531250000005e+02,-9.731226379439442553e+01
4.686392460937499891e+02,-9.089533475337795210e+01
4.686395390625000346e+02,-9.311117085615080669e+01
4.686398320312500232e+02,-9.949947672921909714e+01
4.686401250000000118e+02,-1.068849441095558177e+02
4.686404179687500005e+02,-9.315304184414839028e+01
4.686407109374999891e+02,-9.461367879339134390e+01
4.686410039062500346e+02,-9.519351405101429009e+01
4.686412968750000232e+02,-9.534893458725846926e+01
4.686415898437500118e+02,-9.407705133920447338e+01
4.686418828125000005e+02,-9.582994125990106227e+01
4.686421757812499891e+02,-9.481479128897285591e+01
4.686424687500000346e+02,-9.146587370690986063e+01
4.686427617187500232e+02,-8.862460758707987907e+01
4.686430546875000118e+02,-9.153360401774149580e+01
4.686433476562500005e+02,-9.094212791135677776e+01
4.686436406249999891e+02,-9.469495577098936678e+01
4.686439335937500346e+02,-1.013936309245627143e+02
4.686442265625000232e+02,-1.032449741774995573e+02
4.686445195312500118e+02,-9.939274288656478973e+01
4.686448125000000005e+02,-9.470660565229528061e+01
4.686451054687499891e+02,-9.516695531026691413e+01
4.686453984375000346e+02,-9.281811590909194365e+01
4.686456914062500232e+02,-1.004936134897816942e+02
4.686459843750000118e+02,-9.044105896886641460e+01
4.686462773437500005e+02,-9.048910086528056240e+01
4.686465703124999891e+02,-9.407909788548131758e+01
4.686468632812500346e+02,-9.896818410482038075e+01
4.686471562500000232e+02,-9.284208045018701227e+01
4.686474492187500118e+02,-9.267176415704986425e+01
4.686477421875000005e+02,-9.787119967699848644e+01
4.686480351562499891e+02,-9.473682621828366734e+01
4.686483281250000346e+02,-1.104506000416386371e+02
4.686486210937500232e+02,-1.025933596746678376e+02
4.686489140625000118e+02,-1.130399052210567277e+02
4.686492070312500005e+02,-9.648041657988308373e+01
4.686494999999999891e+02,-8.866560768095416734e+01
4.686497929687500346e+02,-8.602782259985843893e+01
4.686500859375000232e+02,-9.009115487063752425e+01
4.686503789062500118e+02,-1.029094782218916748e+02
4.686506718750000005e+02,-9.448902710202293065e+01
4.686509648437499891e+02,-9.557580007797156441e+01
4.686512578125000346e+02,-1.021860659084688052e+02
4.686515507812500232e+02,-1.048796470251263031e+02
4.686518437500000118e+02,-1.022078779164593811e+02
4.686521367187500005e+02,-9.973662787564524024e+01
4.686524296874999891e+02,-9.650611869723567793e+01
4.686527226562500346e+02,-1.012475333443941139e+02
4.686530156250000232e+02,-9.765362373647631955e+01
4.686533085937500118e+02,-9.431297900672868195e+01
4.686536015625000005e+02,-9.315448223825782748e+01
4.686538945312499891e+02,-1.014429023209208935e+02
4.686541875000000346e+02,-9.750999826941625770e+01
4.686544804687500232e+02,-8.913119792328259905e+01
4.686547734375000118e+02,-9.491117999016810813e+01
4.686550664062500005e+02,-1.017015549244541717e+02
4.686553593749999891e+02,-9.961361665477484451e+01
4.686556523437500346e+02,-1.125617393884624278e+02
4.686559453125000232e+02,-9.643064294384303992e+01
4.686562382812500118e+02,-9.155261397041691396e+01
4.686565312500000005e+02,-9.290736234815875605e+01
4.686568242187499891e+02,-1.015137985989899363e+02
4.686571171875000346e+02,-1.027382594498622126e+02
4.686574101562500232e+02,-9.465073538346601367e+01
4.686577031250000118e+02,-9.405102615271751176e+01
4.686579960937500005e+02,-9.635103246146914557e+01
4.686582890624999891e+02,-1.049043724883263167e+02
4.686585820312500346e+02,-1.129237351494416544e+02
4.686588750000000232e+02,-1.086811320072386309e+02
4.686591679687500118e+02,-9.905289918864767174e+01
4.686594609375000005e+02,-9.545459522189561596e+01
4.686597539062499891e+02,-9.760999013996853080e+01
4.686600468750000346e+02,-9.474172509865950076e+01
4.686603398437500232e+02,-9.093815443029058088e+01
4.686606328125000118e+02,-9.116001571292584060e+01
4.686609257812500005e+02,-9.865448983445023146e+01
4.686612187499999891e+02,-1.090043200703670010e+02
4.686615117187500346e+02,-1.033306829567021339e+02
4.686618046875000232e+02,-9.846772627170506098e+01
4.686620976562500118e+02,-9.305922578708208448e+01
4.686623906250000005e+02,-9.364601827407301471e+01
4.686626835937499891e+02,-9.446120361449230529e+01
4.686629765625000346e+02,-9.880600809211506430e+01
4.686632695312500232e+02,-9.705722769788081905e+01
4.686635625000000118e+02,-9.340254317957109720e+01
4.686638554687500005e+02,-9.360775571033505571e+01
4.686641484374999891e+02,-9.074749986580539485e+01
4.686644414062500346e+02,-9.305246771200222611e+01
4.686647343750000232e+02,-9.224105092612410317e+01
4.686650273437500118e+02,-9.294417376305815992e+01
4.686653203125000005e+02,-1.029714941540818671e+02
4.686656132812499891e+02,-1.021970964213601007e+02
4.686659062500000346e+02,-1.065045630762322162e+02
4.686661992187500232e+02,-9.193921196987597000e+01
4.686664921875000118e+02,-9.489736045817758736e+01
4.686667851562500005e+02,-9.458121829379251722e+01
4.686670781249999891e+02,-1.026275327251968577e+02
4.686673710937500346e+02,-1.017126261670844087e+02
4.686676640625000232e+02,-9.512870810342364791e+01
4.686679570312500118e+02,-9.278370039514035739e+01
4.686682500000000005e+02,-9.106457027132347548e+01
4.686685429687499891e+02,-9.497670393103335584e+01
4.686688359375000346e+02,-1.098295506379837150e+02
4.686691289062500232e+02,-9.340905485832820432e+01
4.686694218750000118e+02,-9.202199072071466901e+01
4.686697148437500005e+02,-9.837960376509354887e+01
4.686700078124999891e+02,-1.040271030736756472e+02
4.686703007812500346e+02,-9.806159302840231362e+01
4.686705937500000232e+02,-9.268484406947072785e+01
4.686708867187500118e+02,-9.712313869392197319e+01
4.686711796875000005e+02,-1.035703235414232211e+02
4.686714726562499891e+02,-9.951800580591374512e+01
4.686717656250000346e+02,-9.590297501371830435e+01
4.686720585937500232e+02,-9.509567027375332771e+01
4.686723515625000118e+02,-9.654632203678673363e+01
4.686726445312500005e+02,-9.990233853043804402e+01
4.686729374999999891e+02,-1.021013830837963781e+02
4.686732304687500346e+02,-9.477914938233931252e+01
4.686735234375000232e+02,-1.079404033317510994e+02
4.686738164062500118e+02,-1.001561132282419777e+02
4.686741093750000005e+02,-9.464257524076333539e+01
4.686744023437499891e+02,-9.565846534610493279e+01
4.686746953125000346e+02,-9.566862195422461923e+01
4.686749882812500232e+02,-1.042486915707146409e+02
4.686752812500000118e+02,-9.640557874563866392e+01
4.686755742187500005e+02,-9.543198868639083798e+01
4.686758671874999891e+02,-9.489912426738270312e+01
4.686761601562500346e+02,-9.555994269049918444e+01
4.686764531250000232e+02,-1.027396910915060460e+02
4.686767460937500118e+02,-9.793099630266959821e+01
4.686770390625000005e+02,-9.565108586417969150e+01
4.686773320312499891e+02,-9.186820446385476657e+01
4.686776250000000346e+02,-9.222488764260687333e+01
4.686779179687500232e+02,-9.300808645867562063e+01
4.686782109375000118e+02,-9.530529993716891113e+01
4.686785039062500005e+02,-9.985581461304848006e+01
4.686787968749999891e+02,-1.021842638552083145e+02
4.686790898437500346e+02,-1.020106163606883030e+02
4.686793828125000232e+02,-9.925719199395315684e+01
4.686796757812500118e+02,-9.345156682924960023e+01
4.686799687500000005e+02,-9.719208414461641610e+01
4.686802617187499891e+02,-1.001019279712059671e+02
4.686805546875000346e+02,-1.061862317617686244e+02
4.686808476562500232e+02,-1.022561061769757487e+02
4.686811406250000118e+02,-1.025635636360640035e+02
4.686814335937500005e+02,-9.595713758026094808e+01
4.686817265624999891e+02,-9.719630246807932394e+01
4.686820195312500346e+02,-1.036191553834797929e+02
4.686823125000000232e+02,-1.004957792230721054e+02
4.686826054687500118e+02,-9.905069940184391442e+01
4.686828984375000005e+02,-9.674854430268403860e+01
4.686831914062499891e+02,-9.724533167078205054e+01
4.686834843750000346e+02,-8.983779800784748204e+01
4.686837773437500232e+02,-8.998318005900344474e+01
4.686840703125000118e+02,-9.004478576273507429e+01
4.686843632812500005e+02,-9.275194439168004124e+01
4.686846562499999891e+02,-9.544112565190877717e+01
4.686849492187500346e+02,-1.025500832162669838e+02
4.686852421875000232e+02,-1.058092341828240990e+02
4.686855351562500118e+02,-1.013842069143990443e+02
4.686858281250000005e+02,-1.104667632788621461e+02
4.686861210937499891e+02,-1.028631184126998477e+02
4.686864140625000346e+02,-1.036646704029438837e+02
4.686867070312500232e+02,-9.351106136057508422e+01
4.686870000000000118e+02,-9.176545103337690534e+01
4.686872929687500005e+02,-9.222306265910226841e+01
4.686875859374999891e+02,-9.837745692356082827e+01
4.686878789062500346e+02,-9.376635465451501261e+01
4.686881718750000232e+02,-1.008431872289776976e+02
4.686884648437500118e+02,-1.005596940942621274e+02
4.686887578125000005e+02,-9.868604045141758263e+01
4.686890507812499891e+02,-9.528988832895876726e+01
4.686893437500000346e+02,-9.609348210499108234e+01
4.686896367187500232e+02,-9.854091161155372447e+01
4.686899296875000118e+02,-9.119733805786924563e+01
4.686902226562500005e+02,-9.151749085671680461e+01
4.686905156249999891e+02,-9.292583768412690404e+01
4.686908085937500346e+02,-9.601699073157365660e+01
4.686911015625000232e+02,-1.018387874088766551e+02
4.686913945312500118e+02,-9.619244749808953543e+01
4.686916875000000005e+02,-1.053072966741564187e+02
4.686919804687499891e+02,-9.332129349081418468e+01
4.686922734375000346e+02,-9.711303907618648168e+01
4.686925664062500232e+02,-1.038389102124708074e+02
4.686928593750000118e+02,-1.011793570483326619e+02
4.686931523437500005e+02,-9.605892792404959835e+01
4.686934453124999891e+02,-1.019157105985581069e+02
4.686937382812500346e+02,-1.087909632326251739e+02
4.686940312500000232e+02,-1.002860664685996142e+02
4.686943242187500118e+02,-9.687592005232170322e+01
4.686946171875000005e+02,-9.368034777801348412e+01
4.686949101562499891e+02,-9.206990827478435335e+01
4.686952031250000346e+02,-9.930607093607720515e+01
4.686954960937500232e+02,-9.992531093304073408e+01
4.686957890625000118e+02,-1.052962217676763004e+02
4.686960820312500005e+02,-1.008294552210858939e+02
4.686963749999999891e+02,-1.021983142049496962e+02
4.686966679687500346e+02,-1.007176264599080753e+02
4.686969609375000232e+02,-9.695720301089679083e+01
4.686972539062500118e+02,-9.282028543101944251e+01
4.686975468750000005e+02,-1.007719539009332124e+02
4.686978398437499891e+02,-1.047569538738218000e+02
4.686981328125000346e+02,-9.362447942343808904e+01
4.686984257812500232e+02,-9.231138387610843665e+01
4.686987187500000118e+02,-1.068199928963252745e+02
4.686990117187500005e+02,-1.040569191940049052e+02
4.686993046874999891e+02,-9.733947442823547647e+01
4.686995976562500346e+02,-1.016089705797480605e+02
4.686998906250000232e+02,-1.033421368039213633e+02
4.687001835937500118e+02,-1.012489922873646435e+02
4.687004765625000005e+02,-1.024212675421771337e+02
4.687007695312499891e+02,-1.046481743028385694e+02
4.687010625000000346e+02,-1.012716282992571450e+02
4.687013554687500232e+02,-1.094246284722367903e+02
4.687016484375000118e+02,-9.962932397453343469e+01
4.687019414062500005e+02,-1.012042515474973783e+02
4.687022343749999891e+02,-9.847885363319102225e+01
4.687025273437500346e+02,-1.001503350663760727e+02
4.687028203125000232e+02,-9.750081436498805942e+01
4.687031132812500118e+02,-9.919494726776399318e+01
4.687034062500000005e+02,-1.085394160825789527e+02
4.687036992187499891e+02,-1.046557694379921202e+02
4.687039921875000346e+02,-1.026824870980296254e+02
4.687042851562500232e+02,-1.004818590671411158e+02
4.687045781250000118e+02,-9.444412542890363227e+01
4.687048710937500005e+02,-9.499640062054737655e+01
4.687051640624999891e+02,-1.127589136231800921e+02
4.687054570312500346e+02,-1.024584271412147700e+02
4.687057500000000232e+02,-9.601276339672972426e+01
4.687060429687500118e+02,-1.112535822415538007e+02
4.687063359375000005e+02,-1.275846671534626608e+02
4.687066289062499891e+02,-1.004446667007271969e+02
4.687069218750000346e+02,-1.053325909771802174e+02
4.687072148437500232e+02,-9.788387405353299187e+01
4.687075078125000118e+02,-9.330185561738355204e+01
4.687078007812500005e+02,-9.965967707214898041e+01
4.687080937499999891e+02,-9.700728682011281023e+01
4.687083867187500346e+02,-9.022128379846813573e+01
4.687086796875000232e+02,-9.280232286052837765e+01
4.687089726562500118e+02,-9.546764641285847119e+01
4.687092656250000005e+02,-9.560062241921994541e+01
4.687095585937499891e+02,-9.939265262357542952e+01
4.687098515625000346e+02,-1.044089289031329457e+02
4.687101445312500232e+02,-9.635834447475438935e+01
4.687104375000000118e+02,-8.956787098203727737e+01
4.687107304687500005e+02,-9.021093909062687999e+01
4.687110234374999891e+02,-1.011639193212462260e+02
4.687113164062500346e+02,-9.376204628558716081e+01
4.687116093750000232e+02,-9.307662792163580434e+01
4.687119023437500118e+02,-9.451756995760317182e+01
4.687121953125000005e+02,-9.588058075607821706e+01
4.687124882812499891e+02,-1.064029968262761088e+02
4.687127812500000346e+02,-1.008886609742743588e+02
4.687130742187500232e+02,-9.614115622833269015e+01
4.687133671875000118e+02,-1.022566753801472146e+02
4.687136601562500005e+02,-9.614398896887567503e+01
4.687139531249999891e+02,-9.786200856545839599e+01
4.687142460937500346e+02,-1.075910370185730187e+02
4.687145390625000232e+02,-1.062248074691497095e+02
4.687148320312500118e+02,-1.026164538361890948e+02
4.687151250000000005e+02,-1.020607957596984505e+02
4.687154179687499891e+02,-9.582872566243278811e+01
4.687157109375000346e+02,-9.370223252529268620e+01
4.687160039062500232e+02,-9.363008340336443780e+01
4.687162968750000118e+02,-9.896684243204543918e+01
4.687165898437500005e+02,-9.538710190296141889e+01
4.687168828124999891e+02,-9.805351667718392150e+01
4.687171757812500346e+02,-9.270797692063868567e+01
4.687174687500000232e+02,-1.005621799057548742e+02
4.687177617187500118e+02,-9.988431633727006442e+01
4.687180546875000005e+02,-9.436291958809331959e+01
4.687183476562499891e+02,-9.320455417895394135e+01
4.687186406250000346e+02,-9.329181231648755102e+01
4.687189335937500232e+02,-9.374598538123032654e+01
4.687192265625000118e+02,-9.579261827519060546e+01
4.687195195312500005e+02,-9.721977910765126296e+01
4.687198124999999891e+02,-9.490930677004703853e+01
4.687201054687500346e+02,-9.922373504817075229e+01
4.687203984375000232e+02,-9.539496929504252876e+01
4.687206914062500118e+02,-1.101701988630094462e+02
4.687209843750000005e+02,-9.814002710409172892e+01
4.687212773437499891e+02,-9.290540141683344189e+01
4.687215703125000346e+02,-9.253067325215310746e+01
4.687218632812500232e+02,-9.273492813160336823e+01
4.687221562500000118e+02,-9.068661420460304612e+01
4.687224492187500005e+02,-9.783162201419594339e+01
4.687227421874999891e+02,-1.005727920584425021e+02
4.687230351562500346e+02,-9.775900617710414053e+01
4.687233281250000232e+02,-9.264819039715570170e+01
4.687236210937500118e+02,-9.363737955829172677e+01
4.687239140625000005e+02,-9.766728739715267693e+01
4.687242070312499891e+02,-1.225358045715591402e+02
4.687245000000000346e+02,-1.131386226821566510e+02
4.687247929687500232e+02,-9.895210967216151232e+01
4.687250859375000118e+02,-9.943034732352640503e+01
4.687253789062500005e+02,-9.301665344059883012e+01
4.687256718749999891e+02,-1.002406905451240675e+02
4.687259648437500346e+02,-9.375192112388049281e+01
4.687262578125000232e+02,-9.637608659100054354e+01
4.687265507812500118e+02,-9.251755340813561190e+01
4.687268437500000005e+02,-9.416809438386879094e+01
4.687271367187499891e+02,-9.676370975377912487e+01
4.687274296875000346e+02,-9.867956770844047298e+01
4.687277226562500232e+02,-9.987285958102695815e+01
4.687280156250000118e+02,-1.020428819803068734e+02
4.687283085937500005e+02,-1.002293793252508038e+02
4.687286015624999891e+02,-9.941889082271592315e+01
4.687288945312500346e+02,-9.378365765451269453e+01
4.687291875000000232e+02,-9.108539580334799268e+01
4.687294804687500118e+02,-9.141570012789395605e+01
4.687297734375000005e+02,-9.274126485648233142e+01
4.687300664062499891e+02,-9.741233750516786927e+01
4.687303593750000346e+02,-9.776095921422313495e+01
4.687306523437500232e+02,-1.017250980457061189e+02
4.687309453125000118e+02,-1.008187513439659995e+02
4.687312382812500005e+02,-1.067317604436458396e+02
4.687315312499999891e+02,-9.726393271729405399e+01
4.687318242187500346e+02,-9.635679338572444408e+01
4.687321171875000232e+02,-9.578077547898973876e+01
4.687324101562500118e+02,-9.116555821292884332e+01
4.687327031250000005e+02,-9.071312969919391378e+01
4.687329960937499891e+02,-9.073392294605186237e+01
4.687332890625000346e+02,-9.438170709229098065e+01
4.687335820312500232e+02,-1.034934244744223832e+02
4.687338750000000118e+02,-9.547220728767396736e+01
4.687341679687500005e+02,-9.457865637526280977e+01
4.687344609374999891e+02,-1.017076465268470145e+02
4.687347539062500346e+02,-1.150887195941755579e+02
4.687350468750000232e+02,-9.747868122919666689e+01
4.687353398437500118e+02,-9.818237449999301703e+01
4.687356328125000005e+02,-1.055015199748598604e+02
4.687359257812499891e+02,-9.663913222735868658e+01
4.687362187500000346e+02,-9.743915833809114702e+01
4.687365117187500232e+02,-1.019812425292640654e+02
4.687368046875000118e+02,-1.002931525353644560e+02
4.687370976562500005e+02,-9.827342779168581899e+01
4.687373906249999891e+02,-9.727304689730580378e+01
4.687376835937500346e+02,-1.041672608761543302e+02
4.687379765625000232e+02,-9.841451950694285244e+01
4.687382695312500118e+02,-9.444833714288159854e+01
4.687385625000000005e+02,-9.889131500591035717e+01
4.687388554687499891e+02,-1.000332466433625882e+02
4.687391484375000346e+02,-9.636308720527388516e+01
4.687394414062500232e+02,-9.327357052068606436e+01
4.687397343750000118e+02,-9.510152285117990800e+01
4.687400273437500005e+02,-1.094623888938696012e+02
4.687403203124999891e+02,-9.777086531301434036e+01
4.687406132812500346e+02,-9.387658617466298949e+01
4.687409062500000232e+02,-9.350574243254952478e+01
4.687411992187500118e+02,-1.022013344977394809e+02
4.687414921875000005e+02,-9.735887831574126494e+01
4.687417851562499891e+02,-1.010743793080030315e+02
4.687420781250000346e+02,-1.021434228412559264e+02
4.687423710937500232e+02,-9.955670216606552003e+01
4.687426640625000118e+02,-1.037313329871766001e+02
4.687429570312500005e+02,-1.064986876931949809e+02
4.687432499999999891e+02,-1.085034452422340223e+02
4.687435429687500346e+02,-1.008473100008398262e+02
4.687438359375000232e+02,-1.013397572786979737e+02
4.687441289062500118e+02,-9.389086849004104351e+01
4.687444218750000005e+02,-9.554780911542935939e+01
4.687447148437499891e+02,-9.644936478803914781e+01
4.687450078125000346e+02,-1.035598055895760865e+02
4.687453007812500232e+02,-1.047711277389630027e+02
4.687455937500000118e+02,-9.618156628858636736e+01
4.687458867187500005e+02,-9.409628725898969037e+01
4.687461796874999891e+02,-1.015282185669860127e+02
4.687464726562500346e+02,-1.004282051398322437e+02
4.687467656250000232e+02,-9.983432395388069835e+01
4.687470585937500118e+02,-9.642440592586731896e+01
4.687473515625000005e+02,-1.010919355293185902e+02
4.687476445312499891e+02,-9.677874952311358925e+01
4.687479375000000346e+02,-9.863041755022059931e+01
4.687482304687500232e+02,-9.472861852963595197e+01
4.687485234375000118e+02,-9.240489406128983774e+01
4.687488164062500005e+02,-9.611717726995556177e+01
4.687491093749999891e+02,-9.843150998946353525e+01
4.687494023437500346e+02,-1.053071048791910300e+02
4.687496953125000232e+02,-9.909662756648953064e+01
4.687499882812500118e+02,-1.038202444420016946e+02
4.687502812500000005e+02,-9.540462925179191700e+01
4.687505742187499891e+02,-9.248475089214495881e+01
4.687508671875000346e+02,-1.061790131077368642e+02
4.687511601562500232e+02,-9.484257874599846616e+01
4.687514531250000118e+02,-9.807849489341202798e+01
4.687517460937500005e+02,-9.660148164186165332e+01
4.687520390624999891e+02,-1.032740388473569908e+02
4.687523320312500346e+02,-9.705776324787044018e+01
4.687526250000000232e+02,-9.701800829731460851e+01
4.687529179687500118e+02,-9.212347176710464680e+01
4.687532109375000005e+02,-9.437428160684417833e+01
4.687535039062499891e+02,-1.007616736236793145e+02
4.687537968750000346e+02,-9.474963623482607034e+01
4.687540898437500232e+02,-9.708000124255144669e+01
4.687543828125000118e+02,-1.053272783696114061e+02
4.687546757812500005e+02,-9.958916356752915533e+01
4.687549687499999891e+02,-9.948723966896099569e+01
4.687552617187500346e+02,-1.022461764330954423e+02
4.687555546875000232e+02,-1.017405378702282803e+02
4.687558476562500118e+02,-1.018758130574226470e+02
4.687561406250000005e+02,-9.532042848199596108e+01
4.687564335937499891e+02,-1.022891813070275902e+02
4.687567265625000346e+02,-1.030185658383155243e+02
4.687570195312500232e+02,-9.426558931348756687e+01
4.687573125000000118e+02,-9.669335116035321676e+01
4.687576054687500005e+02,-1.065900640109387467e+02
4.687578984374999891e+02,-1.019657682887027477e+02
4.687581914062500346e+02,-9.829479082884677155e+01
4.687584843750000232e+02,-9.764729069946372420e+01
4.687587773437500118e+02,-9.660601466406620830e+01
4.687590703125000005e+02,-1.006506360862804428e+02
4.687593632812499891e+02,-1.062598900322691833e+02
4.687596562500000346e+02,-9.982150073719834893e+01
4.687599492187500232e+02,-9.881469293009999433e+01
4.687602421875000118e+02,-1.151066727859197556e+02
4.687605351562500005e+02,-1.048241109060631828e+02
4.687608281249999891e+02,-1.033659481793248744e+02
4.687611210937500346e+02,-1.020095948833516104e+02
4.687614140625000232e+02,-9.761770031742167930e+01
4.687617070312500118e+02,-9.654519280365830980e+01
