Frequency_MHz,Power_dBHz
4.663620000000000232e+02,-1.084383701477797217e+02
4.663622929687500118e+02,-1.231642697996675508e+02
4.663625859375000005e+02,-1.153116528144308575e+02
4.663628789062499891e+02,-1.104822477328183226e+02
4.663631718750000346e+02,-1.031763437236762826e+02
4.663634648437500232e+02,-1.056284305573751965e+02
4.663637578125000118e+02,-1.058691544139806524e+02
4.663640507812500005e+02,-1.087547802532185983e+02
4.663643437499999891e+02,-1.028421381069635459e+02
4.663646367187500346e+02,-1.132317719157288138e+02
4.663649296875000232e+02,-1.145240292463205947e+02
4.663652226562500118e+02,-1.100327910643673590e+02
4.663655156250000005e+02,-1.117832046723310384e+02
4.663658085937499891e+02,-1.043887235165354923e+02
4.663661015625000346e+02,-1.054199102873794089e+02
4.663663945312500232e+02,-1.072395629630207594e+02
4.663666875000000118e+02,-1.090550327877073613e+02
4.663669804687500005e+02,-1.157800021247114444e+02
4.663672734374999891e+02,-1.073701293543044812e+02
4.663675664062500346e+02,-1.085021497952257903e+02
4.663678593750000232e+02,-1.104485607059977497e+02
4.663681523437500118e+02,-1.117311723418302449e+02
4.663684453125000005e+02,-1.075675500936808078e+02
4.663687382812499891e+02,-1.100451810825765904e+02
4.663690312500000346e+02,-1.157415221500363458e+02
4.663693242187500232e+02,-1.104875974203144438e+02
4.663696171875000118e+02,-1.084758522204609505e+02
4.663699101562500005e+02,-1.227234763369858115e+02
4.663702031249999891e+02,-1.211756508423967915e+02
4.663704960937500346e+02,-1.128993467953225434e+02
4.663707890625000232e+02,-1.184186706689533537e+02
4.663710820312500118e+02,-1.155736282934201142e+02
4.663713750000000005e+02,-1.162783288948320148e+02
4.663716679687499891e+02,-1.092067057795197229e+02
4.663719609375000346e+02,-1.107634519215412325e+02
4.663722539062500232e+02,-1.121667338443679114e+02
4.663725468750000118e+02,-1.165301325169355096e+02
4.663728398437500005e+02,-1.193972519875355829e+02
4.663731328124999891e+02,-1.145413835194024159e+02
4.663734257812500346e+02,-1.125353448683133450e+02
4.663737187500000232e+02,-1.072321755424955114e+02
4.663740117187500118e+02,-1.113315959825868475e+02
4.663743046875000005e+02,-1.153358936100384824e+02
4.663745976562499891e+02,-1.126133001980764305e+02
4.663748906250000346e+02,-1.168806471150381867e+02
4.663751835937500232e+02,-1.105198556454526511e+02
4.663754765625000118e+02,-1.165510456833651318e+02
4.663757695312500005e+02,-1.139144543797226419e+02
4.663760624999999891e+02,-1.076932038483085563e+02
4.663763554687500346e+02,-1.017379689718753042e+02
4.663766484375000232e+02,-1.096252346844655392e+02
4.663769414062500118e+02,-1.059344866699405543e+02
4.663772343750000005e+02,-1.087702347081022225e+02
4.663775273437499891e+02,-9.993666130840112771e+01
4.663778203125000346e+02,-9.789178981021234449e+01
4.663781132812500232e+02,-1.101307750197617565e+02
4.663784062500000118e+02,-1.104210321580151088e+02
4.663786992187500005e+02,-1.049018605467065015e+02
4.663789921874999891e+02,-1.074009665768844286e+02
4.663792851562500346e+02,-1.078427234443570057e+02
4.663795781250000232e+02,-1.148812373501468045e+02
4.663798710937500118e+02,-1.135104043525360851e+02
4.663801640625000005e+02,-1.054986654794387988e+02
4.663804570312499891e+02,-1.023489430794897572e+02
4.663807500000000346e+02,-1.064854427268775083e+02
4.663810429687500232e+02,-1.025174499688531284e+02
4.663813359375000118e+02,-1.011475133277065339e+02
4.663816289062500005e+02,-1.148222390981548955e+02
4.663819218749999891e+02,-1.089276019585693831e+02
4.663822148437500346e+02,-1.056746276865616210e+02
4.663825078125000232e+02,-1.075530460178156034e+02
4.663828007812500118e+02,-1.097406355809641241e+02
4.663830937500000005e+02,-1.089498704821819928e+02
4.663833867187499891e+02,-1.103801690589953921e+02
4.663836796875000346e+02,-1.101333896584833099e+02
4.663839726562500232e+02,-1.200666490243539783e+02
4.663842656250000118e+02,-1.047154010927698380e+02
4.663845585937500005e+02,-1.099073360083142177e+02
4.663848515624999891e+02,-1.090995625786387677e+02
4.663851445312500346e+02,-1.078196396985537149e+02
4.663854375000000232e+02,-1.068452814032983866e+02
4.663857304687500118e+02,-1.044943309964631197e+02
4.663860234375000005e+02,-1.085476005622280127e+02
4.663863164062499891e+02,-1.097305452000343706e+02
4.663866093750000346e+02,-1.104401541867408980e+02
4.663869023437500232e+02,-1.103134880026780849e+02
4.663871953125000118e+02,-1.096216208272666108e+02
4.663874882812500005e+02,-1.112337392095342068e+02
4.663877812499999891e+02,-1.054130189848318366e+02
4.663880742187500346e+02,-1.029335044552086913e+02
4.663883671875000232e+02,-1.149761325207109195e+02
4.663886601562500118e+02,-1.101521953529092457e+02
4.663889531250000005e+02,-1.131353981277785863e+02
4.663892460937499891e+02,-1.051787030963681389e+02
4.663895390625000346e+02,-1.060530723766990349e+02
4.663898320312500232e+02,-1.026915811772840073e+02
4.663901250000000118e+02,-1.028575117773190328e+02
4.663904179687500005e+02,-1.129825856257530745e+02
4.663907109374999891e+02,-1.081729952030321584e+02
4.663910039062500346e+02,-1.076341049169028281e+02
4.663912968750000232e+02,-1.055082101392248575e+02
4.663915898437500118e+02,-1.116083889499597035e+02
4.663918828125000005e+02,-1.114468638751769163e+02
4.663921757812499891e+02,-1.056101215387035097e+02
4.663924687500000346e+02,-1.082995825740300972e+02
4.663927617187500232e+02,-1.105876464159358932e+02
4.663930546875000118e+02,-1.078800150942181233e+02
4.663933476562500005e+02,-1.064121159363611326e+02
4.663936406249999891e+02,-1.182683736669745542e+02
4.663939335937500346e+02,-1.093767596118326821e+02
4.663942265625000232e+02,-1.076934751367164154e+02
4.663945195312500118e+02,-1.080335906959245875e+02
4.663948125000000005e+02,-1.070455939360543738e+02
4.663951054687499891e+02,-1.134696147355295324e+02
4.663953984375000346e+02,-1.072226203966949925e+02
4.663956914062500232e+02,-1.058636780974570115e+02
4.663959843750000118e+02,-1.132397737033613936e+02
4.663962773437500005e+02,-1.066046115819161031e+02
4.663965703124999891e+02,-1.020604377923559269e+02
4.663968632812500346e+02,-1.020047464253296852e+02
4.663971562500000232e+02,-1.069308050619129205e+02
4.663974492187500118e+02,-1.087160272278192394e+02
4.663977421875000005e+02,-1.135617854651323597e+02
4.663980351562499891e+02,-1.095694670345023383e+02
4.663983281250000346e+02,-1.060646959368827567e+02
4.663986210937500232e+02,-1.093192893930902869e+02
4.663989140625000118e+02,-1.064356789469747611e+02
4.663992070312500005e+02,-1.132314488343350831e+02
4.663994999999999891e+02,-1.398717045606689169e+02
4.663997929687500346e+02,-1.095584214980509472e+02
4.664000859375000232e+02,-1.031959136276917235e+02
4.664003789062500118e+02,-1.029120028843883006e+02
4.664006718750000005e+02,-1.120724193516576719e+02
4.664009648437499891e+02,-1.202473277225926154e+02
4.664012578125000346e+02,-1.068642810581586673e+02
4.664015507812500232e+02,-1.074089583010015048e+02
4.664018437500000118e+02,-1.152675617408090716e+02
4.664021367187500005e+02,-1.202983174463853686e+02
4.664024296874999891e+02,-1.111357380783951214e+02
4.664027226562500346e+02,-1.013798840959979657e+02
4.664030156250000232e+02,-1.076330761391565574e+02
4.664033085937500118e+02,-1.211562841030463744e+02
4.664036015625000005e+02,-1.163366252290005320e+02
4.664038945312499891e+02,-1.088036733969379810e+02
4.664041875000000346e+02,-1.097457894568801038e+02
4.664044804687500232e+02,-1.174614248396601255e+02
4.664047734375000118e+02,-1.158419442930106413e+02
4.664050664062500005e+02,-1.122906533404943588e+02
4.664053593749999891e+02,-1.041436822976750562e+02
4.664056523437500346e+02,-1.037020261047189820e+02
4.664059453125000232e+02,-1.126743445923250277e+02
4.664062382812500118e+02,-1.080129498456564505e+02
4.664065312500000005e+02,-1.054599259778289024e+02
4.664068242187499891e+02,-1.042675337386948087e+02
4.664071171875000346e+02,-1.069727604470658946e+02
4.664074101562500232e+02,-1.101095598603596528e+02
4.664077031250000118e+02,-1.177685559445237971e+02
4.664079960937500005e+02,-1.112334997873168447e+02
4.664082890624999891e+02,-1.229742991551407982e+02
4.664085820312500346e+02,-1.129561688560719546e+02
4.664088750000000232e+02,-1.066170431006578809e+02
4.664091679687500118e+02,-1.134626883796500749e+02
4.664094609375000005e+02,-1.129220581440772264e+02
4.664097539062499891e+02,-1.167931232717587591e+02
4.664100468750000346e+02,-1.095833471577730620e+02
4.664103398437500232e+02,-1.045184733971450441e+02
4.664106328125000118e+02,-1.108139134258661471e+02
4.664109257812500005e+02,-1.117280958717162491e+02
4.664112187499999891e+02,-1.102735093548029965e+02
4.664115117187500346e+02,-1.119502771102425100e+02
4.664118046875000232e+02,-1.118553058903926285e+02
4.664120976562500118e+02,-1.092866754122679396e+02
4.664123906250000005e+02,-1.131908570554576841e+02
4.664126835937499891e+02,-1.155479402729082210e+02
4.664129765625000346e+02,-1.200675575278606146e+02
4.664132695312500232e+02,-1.114477715933180377e+02
4.664135625000000118e+02,-1.023613603212623246e+02
4.664138554687500005e+02,-1.045233023211523289e+02
4.664141484374999891e+02,-1.145863079029713418e+02
4.664144414062500346e+02,-1.054810167820629943e+02
4.664147343750000232e+02,-1.078281470371802300e+02
4.664150273437500118e+02,-1.094287872357354416e+02
4.664153203125000005e+02,-1.165365588719084400e+02
4.664156132812499891e+02,-1.101245138224356879e+02
4.664159062500000346e+02,-1.134587623938636511e+02
4.664161992187500232e+02,-1.176122009838331337e+02
4.664164921875000118e+02,-1.069084700718914860e+02
4.664167851562500005e+02,-9.636886479665980687e+01
4.664170781249999891e+02,-9.733265083629056846e+01
4.664173710937500346e+02,-1.190599325801813109e+02
4.664176640625000232e+02,-1.097596613701101660e+02
4.664179570312500118e+02,-1.079708733475018505e+02
4.664182500000000005e+02,-1.045045593252685308e+02
4.664185429687499891e+02,-1.075744373070374706e+02
4.664188359375000346e+02,-1.095443829338693149e+02
4.664191289062500232e+02,-1.140939857804823134e+02
4.664194218750000118e+02,-1.172577379495311476e+02
4.664197148437500005e+02,-1.108530309542371981e+02
4.664200078124999891e+02,-1.096580188024378089e+02
4.664203007812500346e+02,-1.059892015834649044e+02
4.664205937500000232e+02,-1.158344836711947892e+02
4.664208867187500118e+02,-1.172133182381656695e+02
4.664211796875000005e+02,-1.053508720736838029e+02
4.664214726562499891e+02,-1.043973163832348803e+02
4.664217656250000346e+02,-1.066686859710686406e+02
4.664220585937500232e+02,-1.091409869386823459e+02
4.664223515625000118e+02,-1.222640664431746131e+02
4.664226445312500005e+02,-1.099349542415633891e+02
4.664229374999999891e+02,-9.836916122373733629e+01
4.664232304687500346e+02,-9.799510165133025907e+01
4.664235234375000232e+02,-1.067826154967081465e+02
4.664238164062500118e+02,-1.085012133944143500e+02
4.664241093750000005e+02,-1.042645570640343777e+02
4.664244023437499891e+02,-1.113837833708667944e+02
4.664246953125000346e+02,-1.108179562771297242e+02
4.664249882812500232e+02,-1.083591332626231321e+02
4.664252812500000118e+02,-1.063384158372788448e+02
4.664255742187500005e+02,-1.066034026140974902e+02
4.664258671874999891e+02,-1.041031903282868285e+02
4.664261601562500346e+02,-9.912311875403881345e+01
4.664264531250000232e+02,-9.888055414717725000e+01
4.664267460937500118e+02,-1.090910803634855597e+02
4.664270390625000005e+02,-1.064543319845736278e+02
4.664273320312499891e+02,-1.096808581892257450e+02
4.664276250000000346e+02,-1.131491788138939398e+02
4.664279179687500232e+02,-1.187719422823704178e+02
4.664282109375000118e+02,-1.081159087373611101e+02
4.664285039062500005e+02,-1.161957170127949723e+02
4.664287968749999891e+02,-1.077226873938530787e+02
4.664290898437500346e+02,-1.042053864333321940e+02
4.664293828125000232e+02,-1.104764723536684983e+02
4.664296757812500118e+02,-1.100531041237059213e+02
4.664299687500000005e+02,-1.117025724662599941e+02
4.664302617187499891e+02,-1.115421935474474537e+02
4.664305546875000346e+02,-1.082193766583049097e+02
4.664308476562500232e+02,-1.148225931627932255e+02
4.664311406250000118e+02,-1.072061281700056554e+02
4.664314335937500005e+02,-1.101958772855610107e+02
4.664317265624999891e+02,-1.232375349015220110e+02
4.664320195312500346e+02,-1.134572641236642028e+02
4.664323125000000232e+02,-1.181918484797176632e+02
4.664326054687500118e+02,-1.143150836059463558e+02
4.664328984375000005e+02,-1.149264337305220209e+02
4.664331914062499891e+02,-1.044043999168398500e+02
4.664334843750000346e+02,-1.169951094543325354e+02
4.664337773437500232e+02,-1.165684521260354813e+02
4.664340703125000118e+02,-1.134942081027125482e+02
4.664343632812500005e+02,-1.125292820379190459e+02
4.664346562499999891e+02,-1.100027822222886442e+02
4.664349492187500346e+02,-1.083648346513080583e+02
4.664352421875000232e+02,-1.077228262681627626e+02
4.664355351562500118e+02,-1.178417340903353079e+02
4.664358281250000005e+02,-1.110293847756692429e+02
4.664361210937499891e+02,-1.110592248444935990e+02
4.664364140625000346e+02,-1.096009810901807811e+02
4.664367070312500232e+02,-1.165044735089096974e+02
4.664370000000000118e+02,-1.200704822143968755e+02
4.664372929687500005e+02,-1.075241108627191835e+02
4.664375859374999891e+02,-1.122141261734115574e+02
4.664378789062500346e+02,-1.099907345637726621e+02
4.664381718750000232e+02,-1.099080128677136088e+02
4.664384648437500118e+02,-1.066270747789592974e+02
4.664387578125000005e+02,-1.111113038803230495e+02
4.664390507812499891e+02,-1.101221487184785985e+02
4.664393437500000346e+02,-1.155633844642718486e+02
4.664396367187500232e+02,-1.071576153503404072e+02
4.664399296875000118e+02,-1.003616708156187656e+02
4.664402226562500005e+02,-1.056592520907046833e+02
4.664405156249999891e+02,-1.071306844156597151e+02
4.664408085937500346e+02,-1.013919656759337045e+02
4.664411015625000232e+02,-1.035057323779510057e+02
4.664413945312500118e+02,-1.088297447192250615e+02
4.664416875000000005e+02,-1.053607230096066729e+02
4.664419804687499891e+02,-1.204936771504803659e+02
4.664422734375000346e+02,-1.106852993432548402e+02
4.664425664062500232e+02,-1.098667505408538858e+02
4.664428593750000118e+02,-1.240375153069330025e+02
4.664431523437500005e+02,-1.121444759359717267e+02
4.664434453124999891e+02,-1.039380140500461209e+02
4.664437382812500346e+02,-1.035229527240574754e+02
4.664440312500000232e+02,-1.054418337298928776e+02
4.664443242187500118e+02,-1.039785566115701272e+02
4.664446171875000005e+02,-1.031995654717523081e+02
4.664449101562499891e+02,-1.060491910443629848e+02
4.664452031250000346e+02,-1.054131015666351630e+02
4.664454960937500232e+02,-1.147566033536007808e+02
4.664457890625000118e+02,-1.050414647625094915e+02
4.664460820312500005e+02,-1.049515394349304245e+02
4.664463749999999891e+02,-1.034771866395803528e+02
4.664466679687500346e+02,-1.071410889570903464e+02
4.664469609375000232e+02,-1.131270230804976791e+02
4.664472539062500118e+02,-1.044639164628421213e+02
4.664475468750000005e+02,-1.075267356712694067e+02
4.664478398437499891e+02,-1.082360432135521222e+02
4.664481328125000346e+02,-1.111077503039753651e+02
4.664484257812500232e+02,-1.140042717531918868e+02
4.664487187500000118e+02,-1.102131025391936845e+02
4.664490117187500005e+02,-1.137618601805073268e+02
4.664493046874999891e+02,-1.132708367352374239e+02
4.664495976562500346e+02,-1.067455981118784507e+02
4.664498906250000232e+02,-1.040335839032578349e+02
4.664501835937500118e+02,-1.020195974503112524e+02
4.664504765625000005e+02,-1.044322207385196890e+02
4.664507695312499891e+02,-1.044448198477606411e+02
4.664510625000000346e+02,-1.087196469707241988e+02
4.664513554687500232e+02,-1.030385183986957429e+02
4.664516484375000118e+02,-1.057625449164245026e+02
4.664519414062500005e+02,-1.093878273945169326e+02
4.664522343749999891e+02,-1.102239244519988546e+02
4.664525273437500346e+02,-1.060269477156700475e+02
4.664528203125000232e+02,-1.145830355327665302e+02
4.664531132812500118e+02,-1.132375288321088362e+02
4.664534062500000005e+02,-1.083309347349957648e+02
4.664536992187499891e+02,-1.049097264824904272e+02
4.664539921875000346e+02,-1.068401034411863009e+02
4.664542851562500232e+02,-1.082149543330621952e+02
4.664545781250000118e+02,-1.024676935812292413e+02
4.664548710937500005e+02,-1.035125248875365713e+02
4.664551640624999891e+02,-1.090602898042328093e+02
4.664554570312500346e+02,-1.085392051766023371e+02
4.664557500000000232e+02,-1.086591389358926705e+02
4.664560429687500118e+02,-1.134254528306948657e+02
4.664563359375000005e+02,-1.052628842698476888e+02
4.664566289062499891e+02,-1.052822675573577413e+02
4.664569218750000346e+02,-1.095887381396501183e+02
4.664572148437500232e+02,-1.100824950461448992e+02
4.664575078125000118e+02,-1.113612543538510380e+02
4.664578007812500005e+02,-1.034085401999322187e+02
4.664580937499999891e+02,-1.001333904329746645e+02
4.664583867187500346e+02,-1.099449855429451191e+02
4.664586796875000232e+02,-1.025952185412099738e+02
4.664589726562500118e+02,-1.006006318111669771e+02
4.664592656250000005e+02,-1.050879463632981015e+02
4.664595585937499891e+02,-1.164925609185263511e+02
4.664598515625000346e+02,-1.096655798184668242e+02
4.664601445312500232e+02,-1.056367904057124179e+02
4.664604375000000118e+02,-1.059888953362385422e+02
4.664607304687500005e+02,-1.092494176429603527e+02
4.664610234374999891e+02,-1.015121800025265344e+02
4.664613164062500346e+02,-1.017941159983032406e+02
4.664616093750000232e+02,-1.079785116242321550e+02
4.664619023437500118e+02,-1.059144311223749213e+02
4.664621953125000005e+02,-9.737000865630372459e+01
4.664624882812499891e+02,-1.012827496036902772e+02
4.664627812500000346e+02,-1.078651017425948169e+02
4.664630742187500232e+02,-1.084953164759531603e+02
4.664633671875000118e+02,-1.100266514668696374e+02
4.664636601562500005e+02,-1.055890892346879468e+02
4.664639531249999891e+02,-1.162766929720431364e+02
4.664642460937500346e+02,-1.087804736578680149e+02
4.664645390625000232e+02,-1.049964152668894144e+02
4.664648320312500118e+02,-1.067996518546328559e+02
4.664651250000000005e+02,-1.095475043707716054e+02
4.664654179687499891e+02,-1.058335975446763513e+02
4.664657109375000346e+02,-1.000975206076215898e+02
4.664660039062500232e+02,-1.066619747400576443e+02
4.664662968750000118e+02,-1.159706766759175594e+02
4.664665898437500005e+02,-1.246451612186652511e+02
4.664668828124999891e+02,-1.109702290339771764e+02
4.664671757812500346e+02,-1.077337815389224005e+02
4.664674687500000232e+02,-1.105663739869675339e+02
4.664677617187500118e+02,-1.172910879485196887e+02
4.664680546875000005e+02,-1.200974540750066808e+02
4.664683476562499891e+02,-1.056938387547549780e+02
4.664686406250000346e+02,-1.142816186315573361e+02
4.664689335937500232e+02,-1.068616746040011236e+02
4.664692265625000118e+02,-1.029745783158456476e+02
4.664695195312500005e+02,-1.128377277817294555e+02
4.664698124999999891e+02,-1.241453580391265064e+02
4.664701054687500346e+02,-1.117688552196029974e+02
4.664703984375000232e+02,-1.121728363711757623e+02
4.664706914062500118e+02,-1.078778196261697815e+02
4.664709843750000005e+02,-1.048009523120217352e+02
4.664712773437499891e+02,-1.050660120570809397e+02
4.664715703125000346e+02,-1.038557897460152333e+02
4.664718632812500232e+02,-1.074943735049098166e+02
4.664721562500000118e+02,-1.152391491945607385e+02
4.664724492187500005e+02,-1.091002837408456969e+02
4.664727421874999891e+02,-1.092108490093214357e+02
4.664730351562500346e+02,-1.104552840530035240e+02
4.664733281250000232e+02,-1.132876624692290903e+02
4.664736210937500118e+02,-1.117023656222616665e+02
4.664739140625000005e+02,-1.254707259160299060e+02
4.664742070312499891e+02,-1.063845781962170918e+02
4.664745000000000346e+02,-1.058248524564760942e+02
4.664747929687500232e+02,-1.117597245581445407e+02
4.664750859375000118e+02,-1.104557469606994573e+02
4.664753789062500005e+02,-1.146167021741014338e+02
4.664756718749999891e+02,-1.062587662994377524e+02
4.664759648437500346e+02,-1.038648107434432006e+02
4.664762578125000232e+02,-1.140011684217525811e+02
4.664765507812500118e+02,-1.152523348236029932e+02
4.664768437500000005e+02,-1.090983937086528641e+02
4.664771367187499891e+02,-1.076878003297062634e+02
4.664774296875000346e+02,-1.203833308992736164e+02
4.664777226562500232e+02,-1.073527584684696308e+02
4.664780156250000118e+02,-1.108079530673661139e+02
4.664783085937500005e+02,-1.014797029235015060e+02
4.664786015624999891e+02,-1.082618903741546887e+02
4.664788945312500346e+02,-1.148662761424347138e+02
4.664791875000000232e+02,-9.983953021066608358e+01
4.664794804687500118e+02,-1.025973476559369857e+02
4.664797734375000005e+02,-1.092939979113766782e+02
4.664800664062499891e+02,-1.153262222189850092e+02
4.664803593750000346e+02,-1.118042721454095698e+02
4.664806523437500232e+02,-1.127871946109783607e+02
4.664809453125000118e+02,-1.123230704875161479e+02
4.664812382812500005e+02,-1.111545938975704644e+02
4.664815312499999891e+02,-1.059657918538954249e+02
4.664818242187500346e+02,-1.110453556297444067e+02
4.664821171875000232e+02,-1.130842615605245101e+02
4.664824101562500118e+02,-1.018792052732608795e+02
4.664827031250000005e+02,-1.043472634458574220e+02
4.664829960937499891e+02,-1.210799370196674545e+02
4.664832890625000346e+02,-1.281930897501556217e+02
4.664835820312500232e+02,-1.079334273912782294e+02
4.664838750000000118e+02,-1.061030923257529679e+02
4.664841679687500005e+02,-1.050080742834573755e+02
4.664844609374999891e+02,-1.098966002094804821e+02
4.664847539062500346e+02,-1.080899867655626849e+02
4.664850468750000232e+02,-1.017964362314735496e+02
4.664853398437500118e+02,-1.007113694918548958e+02
4.664856328125000005e+02,-1.072226904772387854e+02
4.664859257812499891e+02,-1.118866632502470395e+02
4.664862187500000346e+02,-1.113141551097807849e+02
4.664865117187500232e+02,-1.171260848576708327e+02
4.664868046875000118e+02,-1.216958971791325439e+02
4.664870976562500005e+02,-1.147350567118134563e+02
4.664873906249999891e+02,-1.106115482678362696e+02
4.664876835937500346e+02,-1.110027337170903081e+02
4.664879765625000232e+02,-1.068586144875895769e+02
4.664882695312500118e+02,-9.781019371834742060e+01
4.664885625000000005e+02,-9.839466262290724785e+01
4.664888554687499891e+02,-1.015020417628289664e+02
4.664891484375000346e+02,-1.076987227453792286e+02
4.664894414062500232e+02,-1.097535376061563426e+02
4.664897343750000118e+02,-1.142358588037317020e+02
4.664900273437500005e+02,-1.099884051384746897e+02
4.664903203124999891e+02,-1.068394805627004018e+02
4.664906132812500346e+02,-1.275530776456325555e+02
4.664909062500000232e+02,-1.107671734173586060e+02
4.664911992187500118e+02,-1.035444817328394294e+02
4.664914921875000005e+02,-1.086665648746878219e+02
4.664917851562499891e+02,-1.030497161211741428e+02
4.664920781250000346e+02,-1.065001298729195298e+02
4.664923710937500232e+02,-1.073157208974326124e+02
4.664926640625000118e+02,-1.191751198949611990e+02
4.664929570312500005e+02,-1.073276289010825337e+02
4.664932499999999891e+02,-1.049821558135771085e+02
4.664935429687500346e+02,-1.061188220810846730e+02
4.664938359375000232e+02,-1.111126839741312011e+02
4.664941289062500118e+02,-1.118709113918600764e+02
4.664944218750000005e+02,-1.141897246289398851e+02
4.664947148437499891e+02,-1.066299246597015582e+02
4.664950078125000346e+02,-1.117090457647394288e+02
4.664953007812500232e+02,-1.077302528148553336e+02
4.664955937500000118e+02,-1.079835855947270602e+02
4.664958867187500005e+02,-1.255434482442836099e+02
4.664961796874999891e+02,-1.093608660414885492e+02
4.664964726562500346e+02,-1.144467318898418142e+02
4.664967656250000232e+02,-1.076686054308937059e+02
4.664970585937500118e+02,-1.139054408407224059e+02
4.664973515625000005e+02,-1.182901865814696407e+02
4.664976445312499891e+02,-1.109793518193309012e+02
4.664979375000000346e+02,-1.070521224721475306e+02
4.664982304687500232e+02,-1.213815162109657422e+02
4.664985234375000118e+02,-1.068870043434355637e+02
4.664988164062500005e+02,-1.066646754332480640e+02
4.664991093749999891e+02,-1.069104498376560173e+02
4.664994023437500346e+02,-1.078163355981996716e+02
4.664996953125000232e+02,-1.197249502573883717e+02
4.664999882812500118e+02,-1.136667915027880156e+02
4.665002812500000005e+02,-1.080230489989428975e+02
4.665005742187499891e+02,-1.137811792858072835e+02
4.665008671875000346e+02,-1.072134526479485572e+02
4.665011601562500232e+02,-1.102738865382344216e+02
4.665014531250000118e+02,-1.146057893438382536e+02
4.665017460937500005e+02,-1.042430710240557516e+02
4.665020390624999891e+02,-9.948128118019405974e+01
4.665023320312500346e+02,-1.050530695646793902e+02
4.665026250000000232e+02,-1.142733627120994129e+02
4.665029179687500118e+02,-1.071958248640956128e+02
4.665032109375000005e+02,-1.016055035299670806e+02
4.665035039062499891e+02,-1.052567863186040142e+02
4.665037968750000346e+02,-1.124280680744615495e+02
4.665040898437500232e+02,-1.097782963555728628e+02
4.665043828125000118e+02,-1.091037028500591930e+02
4.665046757812500005e+02,-1.123120748237977864e+02
4.665049687499999891e+02,-1.110447431046721363e+02
4.665052617187500346e+02,-1.102263998573612156e+02
4.665055546875000232e+02,-1.279085666466609155e+02
4.665058476562500118e+02,-1.121844260115384770e+02
4.665061406250000005e+02,-1.143208589188773914e+02
4.665064335937499891e+02,-1.084480546040096414e+02
4.665067265625000346e+02,-1.047253500110696507e+02
4.665070195312500232e+02,-1.085911080607698977e+02
4.665073125000000118e+02,-1.131414499851000102e+02
4.665076054687500005e+02,-1.036638440598349291e+02
4.665078984374999891e+02,-1.076575318088225686e+02
4.665081914062500346e+02,-1.083539180279296943e+02
4.665084843750000232e+02,-1.077648675578917334e+02
4.665087773437500118e+02,-1.010788212932698968e+02
4.665090703125000005e+02,-1.003582341655646246e+02
4.665093632812499891e+02,-1.130637683159943379e+02
4.665096562500000346e+02,-1.093313043332120458e+02
4.665099492187500232e+02,-1.179551530459757345e+02
4.665102421875000118e+02,-1.088644425767775203e+02
4.665105351562500005e+02,-1.153114594874817840e+02
4.665108281249999891e+02,-1.079655518996577399e+02
4.665111210937500346e+02,-1.069325213010728106e+02
4.665114140625000232e+02,-1.051344227153909401e+02
4.665117070312500118e+02,-1.055322928643555258e+02
4.665120000000000005e+02,-1.100821638428344613e+02
4.665122929687499891e+02,-1.073869531676627957e+02
4.665125859375000346e+02,-1.053882360668046800e+02
4.665128789062500232e+02,-1.053755060007209750e+02
4.665131718750000118e+02,-1.178686695613317426e+02
4.665134648437500005e+02,-1.219610361580833882e+02
4.665137578124999891e+02,-1.095915217965599311e+02
4.665140507812500346e+02,-1.094680697242582994e+02
4.665143437500000232e+02,-1.068946040325541276e+02
4.665146367187500118e+02,-1.032270225515007382e+02
4.665149296875000005e+02,-1.111532566477201556e+02
4.665152226562499891e+02,-1.114196892640066210e+02
4.665155156250000346e+02,-1.063632899744744691e+02
4.665158085937500232e+02,-1.016907591136540958e+02
4.665161015625000118e+02,-1.096459435714754420e+02
4.665163945312500005e+02,-1.009695015895374723e+02
4.665166874999999891e+02,-1.027894993425545778e+02
4.665169804687500346e+02,-1.146956066726837662e+02
4.665172734375000232e+02,-1.096922064457108377e+02
4.665175664062500118e+02,-1.031717473420144984e+02
4.665178593750000005e+02,-1.018900000634347407e+02
4.665181523437499891e+02,-1.045246863886394522e+02
4.665184453125000346e+02,-1.038236830442844081e+02
4.665187382812500232e+02,-1.106212115205014044e+02
4.665190312500000118e+02,-1.082093705306543825e+02
4.665193242187500005e+02,-1.076875364452483836e+02
4.665196171874999891e+02,-9.952403782097650264e+01
4.665199101562500346e+02,-1.024316940481615035e+02
4.665202031250000232e+02,-1.016103994227350427e+02
4.665204960937500118e+02,-1.062013413520411405e+02
4.665207890625000005e+02,-1.021638833997573670e+02
4.665210820312499891e+02,-9.781529133956668431e+01
4.665213750000000346e+02,-1.050982383789294516e+02
4.665216679687500232e+02,-1.052870412326795702e+02
4.665219609375000118e+02,-1.157029723145967353e+02
4.665222539062500005e+02,-1.135926173231023171e+02
4.665225468749999891e+02,-1.117675056479592115e+02
4.665228398437500346e+02,-1.064069228985427316e+02
4.665231328125000232e+02,-1.089023121832144767e+02
4.665234257812500118e+02,-1.004123405859844951e+02
4.665237187500000005e+02,-9.891638974691250041e+01
4.665240117187499891e+02,-1.038532939185180055e+02
4.665243046875000346e+02,-8.835235023975241120e+01
4.665245976562500232e+02,-8.885983172136704411e+01
4.665248906250000118e+02,-1.010111042291244701e+02
4.665251835937500005e+02,-1.078398210195481823e+02
4.665254765624999891e+02,-1.013805947087122519e+02
4.665257695312500346e+02,-9.835892740896183284e+01
4.665260625000000232e+02,-1.058273426982043759e+02
4.665263554687500118e+02,-1.080151879156873207e+02
4.665266484375000005e+02,-1.024436838859109287e+02
4.665269414062499891e+02,-1.088383732084165132e+02
4.665272343750000346e+02,-1.139726307728435728e+02
4.665275273437500232e+02,-1.105359393091557081e+02
4.665278203125000118e+02,-1.102348650662078740e+02
4.665281132812500005e+02,-1.109976361070714148e+02
4.665284062499999891e+02,-1.076720615404323809e+02
4.665286992187500346e+02,-1.042790023054300121e+02
4.665289921875000232e+02,-1.100859957464393659e+02
4.665292851562500118e+02,-1.105771133477470016e+02
4.665295781250000005e+02,-1.082573247781143664e+02
4.665298710937499891e+02,-1.069315159750003374e+02
4.665301640625000346e+02,-1.050686700711450499e+02
4.665304570312500232e+02,-9.770060636395099607e+01
4.665307500000000118e+02,-1.023189368244950117e+02
4.665310429687500005e+02,-1.080208546207170173e+02
4.665313359374999891e+02,-1.033504532630971653e+02
4.665316289062500346e+02,-1.100768693613890434e+02
4.665319218750000232e+02,-1.062270488813406075e+02
4.665322148437500118e+02,-1.063651159656747041e+02
4.665325078125000005e+02,-1.088077873466626500e+02
4.665328007812499891e+02,-1.042148473637074346e+02
4.665330937500000346e+02,-1.044400531946836281e+02
4.665333867187500232e+02,-1.052368850904028648e+02
4.665336796875000118e+02,-1.058607077189538757e+02
4.665339726562500005e+02,-1.013113112618833043e+02
4.665342656249999891e+02,-1.132045537301048057e+02
4.665345585937500346e+02,-1.082987780916903517e+02
4.665348515625000232e+02,-1.053603942324535581e+02
4.665351445312500118e+02,-1.068138845972980278e+02
4.665354375000000005e+02,-1.071833517707531627e+02
4.665357304687499891e+02,-1.244333936697023404e+02
4.665360234375000346e+02,-1.095220382529049630e+02
4.665363164062500232e+02,-1.144409204291403057e+02
4.665366093750000118e+02,-1.046427720042667602e+02
4.665369023437500005e+02,-1.084418756564589899e+02
4.665371953124999891e+02,-1.205839154459259248e+02
4.665374882812500346e+02,-1.114865628078822510e+02
4.665377812500000232e+02,-1.242630051713445027e+02
4.665380742187500118e+02,-1.041721746156088955e+02
4.665383671875000005e+02,-1.025449037330512283e+02
4.665386601562499891e+02,-1.051392111241099911e+02
4.665389531250000346e+02,-1.070410692320178896e+02
4.665392460937500232e+02,-1.123061978869743029e+02
4.665395390625000118e+02,-1.169405792228228194e+02
4.665398320312500005e+02,-1.142632068269760026e+02
4.665401249999999891e+02,-1.149142667501417066e+02
4.665404179687500346e+02,-1.054867702578825117e+02
4.665407109375000232e+02,-1.096067366783144337e+02
4.665410039062500118e+02,-1.044544507524629893e+02
4.665412968750000005e+02,-9.652741318569260898e+01
4.665415898437499891e+02,-1.045902378654020310e+02
4.665418828125000346e+02,-1.113042474574663032e+02
4.665421757812500232e+02,-1.055495464967753776e+02
4.665424687500000118e+02,-1.079380777426083426e+02
4.665427617187500005e+02,-1.151904764019478193e+02
4.665430546874999891e+02,-1.103141496834306565e+02
4.665433476562500346e+02,-1.037159362821698210e+02
4.665436406250000232e+02,-1.121842940788418872e+02
4.665439335937500118e+02,-1.112100404978143331e+02
4.665442265625000005e+02,-1.082018207435494048e+02
4.665445195312499891e+02,-9.922085415616146520e+01
4.665448125000000346e+02,-9.717042000601679774e+01
4.665451054687500232e+02,-1.137088149407746727e+02
4.665453984375000118e+02,-1.091267670943421422e+02
4.665456914062500005e+02,-1.106679109199850757e+02
4.665459843749999891e+02,-1.020173646957067461e+02
4.665462773437500346e+02,-1.030757762430813784e+02
4.665465703125000232e+02,-1.055926514282480753e+02
4.665468632812500118e+02,-1.078911617005015700e+02
4.665471562500000005e+02,-1.189501451720613261e+02
4.665474492187499891e+02,-1.140452538378958849e+02
4.665477421875000346e+02,-1.129439415974393910e+02
4.665480351562500232e+02,-1.164319568423727844e+02
4.665483281250000118e+02,-1.134558363613964929e+02
4.665486210937500005e+02,-1.124663031797713870e+02
4.665489140624999891e+02,-1.113777353790018765e+02
4.665492070312500346e+02,-1.110177024305806412e+02
4.665495000000000232e+02,-1.135521827531753303e+02
4.665497929687500118e+02,-1.091424121768659177e+02
4.665500859375000005e+02,-1.057010545614095207e+02
4.665503789062499891e+02,-1.018415830298448412e+02
4.665506718750000346e+02,-9.964210438684851567e+01
4.665509648437500232e+02,-1.029227214298931301e+02
4.665512578125000118e+02,-1.102913748811111248e+02
4.665515507812500005e+02,-1.062337446513129748e+02
4.665518437499999891e+02,-1.085302487601873480e+02
4.665521367187500346e+02,-1.100077364663728332e+02
4.665524296875000232e+02,-1.188212349328003654e+02
4.665527226562500118e+02,-1.025985393399771226e+02
4.665530156250000005e+02,-1.013097944324456279e+02
4.665533085937499891e+02,-1.019841316501007498e+02
4.665536015625000346e+02,-1.038355270127215135e+02
4.665538945312500232e+02,-9.531748409402906930e+01
4.665541875000000118e+02,-9.565342658450391866e+01
4.665544804687500005e+02,-1.040658941333937264e+02
4.665547734374999891e+02,-1.057204935794048453e+02
4.665550664062500346e+02,-1.073608651921696833e+02
4.665553593750000232e+02,-1.065788600812487772e+02
4.665556523437500118e+02,-1.129201518697013427e+02
4.665559453125000005e+02,-1.072557415783269477e+02
4.665562382812499891e+02,-1.063435132671736625e+02
4.665565312500000346e+02,-1.080595573388733612e+02
4.665568242187500232e+02,-1.133287379249557461e+02
4.665571171875000118e+02,-1.167282398069833391e+02
4.665574101562500005e+02,-1.095896641526345832e+02
4.665577031249999891e+02,-1.066895569472917629e+02
4.665579960937500346e+02,-1.104823491069888206e+02
4.665582890625000232e+02,-1.124850834436103639e+02
4.665585820312500118e+02,-1.122118073970391663e+02
4.665588750000000005e+02,-1.070451691949540418e+02
4.665591679687499891e+02,-1.022964243419631458e+02
4.665594609375000346e+02,-1.034406111555422854e+02
4.665597539062500232e+02,-1.048281007961786173e+02
4.665600468750000118e+02,-1.064259486624314519e+02
4.665603398437500005e+02,-1.089743993325464260e+02
4.665606328124999891e+02,-1.097519642037387513e+02
4.665609257812500346e+02,-1.124070539171726892e+02
4.665612187500000232e+02,-1.132006964384898708e+02
4.665615117187500118e+02,-1.080601488272070014e+02
4.665618046875000005e+02,-1.091837462287053739e+02
4.665620976562499891e+02,-1.120723813338566686e+02
4.665623906250000346e+02,-1.178945463549047332e+02
4.665626835937500232e+02,-1.071958740744671701e+02
4.665629765625000118e+02,-1.074519119883297833e+02
4.665632695312500005e+02,-1.276523599312263002e+02
4.665635624999999891e+02,-1.022455759291103305e+02
4.665638554687500346e+02,-9.958273282482710442e+01
4.665641484375000232e+02,-1.052185316373602433e+02
4.665644414062500118e+02,-1.195134019637318232e+02
4.665647343750000005e+02,-1.115525360009397815e+02
4.665650273437499891e+02,-1.044587543328968025e+02
4.665653203125000346e+02,-1.062945588346066756e+02
4.665656132812500232e+02,-1.036664826899059335e+02
4.665659062500000118e+02,-1.058516819936462952e+02
4.665661992187500005e+02,-1.095393135316722066e+02
4.665664921874999891e+02,-1.057813964698945597e+02
4.665667851562500346e+02,-1.047496322387718948e+02
4.665670781250000232e+02,-1.083846006080295723e+02
4.665673710937500118e+02,-1.120789849743377289e+02
4.665676640625000005e+02,-1.017852416998369591e+02
4.665679570312499891e+02,-1.061820500866494683e+02
4.665682500000000346e+02,-1.109705174167686579e+02
4.665685429687500232e+02,-1.110092552713114173e+02
4.665688359375000118e+02,-1.172064779494644711e+02
4.665691289062500005e+02,-1.084040342076722396e+02
4.665694218749999891e+02,-1.076855642972359988e+02
4.665697148437500346e+02,-1.040486727047814810e+02
4.665700078125000232e+02,-1.200522241311272751e+02
4.665703007812500118e+02,-1.223378373587959516e+02
4.665705937500000005e+02,-1.060616631846465623e+02
4.665708867187499891e+02,-1.047417110386592896e+02
4.665711796875000346e+02,-1.118138570978049131e+02
4.665714726562500232e+02,-1.015387896460427299e+02
4.665717656250000118e+02,-1.053855799311884880e+02
4.665720585937500005e+02,-1.052380990979940805e+02
4.665723515624999891e+02,-1.011763240229842609e+02
4.665726445312500346e+02,-1.059249510879258196e+02
4.665729375000000232e+02,-1.111870779767080677e+02
4.665732304687500118e+02,-1.009256201694555131e+02
4.665735234375000005e+02,-1.060270727302805938e+02
4.665738164062499891e+02,-1.062243362870567864e+02
4.665741093750000346e+02,-1.077836091341945490e+02
4.665744023437500232e+02,-1.026366849849742948e+02
4.665746953125000118e+02,-1.034707232663902374e+02
4.665749882812500005e+02,-1.019015794247098370e+02
4.665752812499999891e+02,-1.029332042330906205e+02
4.665755742187500346e+02,-1.011743228224169968e+02
4.665758671875000232e+02,-1.082201192747613163e+02
4.665761601562500118e+02,-1.203205969599378875e+02
4.665764531250000005e+02,-1.155768020977697290e+02
4.665767460937499891e+02,-1.090717782672938085e+02
4.665770390625000346e+02,-1.184798190425973132e+02
4.665773320312500232e+02,-1.107805015859017033e+02
4.665776250000000118e+02,-1.253695689752934470e+02
4.665779179687500005e+02,-1.088163314623186011e+02
4.665782109374999891e+02,-1.093490351692039155e+02
4.665785039062500346e+02,-1.064100008706400615e+02
4.665787968750000232e+02,-1.014065762525029584e+02
4.665790898437500118e+02,-1.049562363553379214e+02
4.665793828125000005e+02,-1.080902236408993389e+02
4.665796757812499891e+02,-1.085407716169513606e+02
4.665799687500000346e+02,-1.032895303902029127e+02
4.665802617187500232e+02,-1.095366104450947375e+02
4.665805546875000118e+02,-1.038875086581945482e+02
4.665808476562500005e+02,-1.091805628382474112e+02
4.665811406249999891e+02,-1.075472079437386128e+02
4.665814335937500346e+02,-1.022477735891623070e+02
4.665817265625000232e+02,-1.021128308941780460e+02
4.665820195312500118e+02,-1.026280679755760303e+02
4.665823125000000005e+02,-1.054261332398046704e+02
4.665826054687499891e+02,-1.108577499051334172e+02
4.665828984375000346e+02,-1.046024604397143065e+02
4.665831914062500232e+02,-9.435903088074125833e+01
4.665834843750000118e+02,-9.904506958926391746e+01
4.665837773437500005e+02,-1.013465796326189405e+02
4.665840703124999891e+02,-1.062025217348217723e+02
4.665843632812500346e+02,-1.069997601483240430e+02
4.665846562500000232e+02,-1.111740794316881420e+02
4.665849492187500118e+02,-1.214499815596961554e+02
4.665852421875000005e+02,-9.893062581575139802e+01
4.665855351562499891e+02,-9.769872918658840888e+01
4.665858281250000346e+02,-9.549761935001311031e+01
4.665861210937500232e+02,-1.029755765626305219e+02
4.665864140625000118e+02,-9.020000077849979903e+01
4.665867070312500005e+02,-8.509623212679491644e+01
4.665869999999999891e+02,-9.640336661280399255e+01
4.665872929687500346e+02,-1.282031619740905910e+02
4.665875859375000232e+02,-1.027610588056399052e+02
4.665878789062500118e+02,-9.716192959211012692e+01
4.665881718750000005e+02,-1.004564381964029280e+02
4.665884648437499891e+02,-1.070069839073838267e+02
4.665887578125000346e+02,-9.673782189415108235e+01
4.665890507812500232e+02,-1.004604259660866603e+02
4.665893437500000118e+02,-1.005450885146725000e+02
4.665896367187500005e+02,-1.060862667332834661e+02
4.665899296874999891e+02,-9.726581851057324002e+01
4.665902226562500346e+02,-9.887823214297625896e+01
4.665905156250000232e+02,-1.109088502709596753e+02
4.665908085937500118e+02,-1.087247742462926681e+02
4.665911015625000005e+02,-1.083601371037032237e+02
4.665913945312499891e+02,-1.054125415279329303e+02
4.665916875000000346e+02,-1.037858716534873196e+02
4.665919804687500232e+02,-1.059313236576301875e+02
4.665922734375000118e+02,-1.033901019848817100e+02
4.665925664062500005e+02,-1.021405617850106893e+02
4.665928593749999891e+02,-9.833708315756963714e+01
4.665931523437500346e+02,-1.119344910154081987e+02
4.665934453125000232e+02,-9.839263982461270075e+01
4.665937382812500118e+02,-1.064733008585757261e+02
4.665940312500000005e+02,-1.089283899443302630e+02
4.665943242187499891e+02,-1.069272090111115006e+02
4.665946171875000346e+02,-1.131097394982687661e+02
4.665949101562500232e+02,-1.092265957729499348e+02
4.665952031250000118e+02,-1.105573954029420065e+02
4.665954960937500005e+02,-1.007878650183919689e+02
4.665957890624999891e+02,-1.018153488714696806e+02
4.665960820312500346e+02,-1.006588599259038830e+02
4.665963750000000232e+02,-1.075633820026702949e+02
4.665966679687500118e+02,-1.061884950434497057e+02
4.665969609375000005e+02,-1.038909503609897058e+02
4.665972539062499891e+02,-1.045002578658918679e+02
4.665975468750000346e+02,-1.081332394760241868e+02
4.665978398437500232e+02,-1.080128042439154257e+02
4.665981328125000118e+02,-1.068032805727649190e+02
4.665984257812500005e+02,-1.064633485745994648e+02
4.665987187499999891e+02,-1.091976161942621673e+02
4.665990117187500346e+02,-1.077041550708725310e+02
4.665993046875000232e+02,-1.090570793906204301e+02
4.665995976562500118e+02,-1.155575353441189463e+02
4.665998906250000005e+02,-1.198976266708932599e+02
4.666001835937499891e+02,-1.148306752797227830e+02
4.666004765625000346e+02,-1.027186282499838512e+02
4.666007695312500232e+02,-1.034376504558833005e+02
4.666010625000000118e+02,-1.082019985310429604e+02
4.666013554687500005e+02,-1.109346716159858062e+02
4.666016484374999891e+02,-1.071638275844506580e+02
4.666019414062500346e+02,-1.140381803196490580e+02
4.666022343750000232e+02,-1.108572810522136223e+02
4.666025273437500118e+02,-1.085732287168785746e+02
4.666028203125000005e+02,-1.188125603511829240e+02
4.666031132812499891e+02,-1.036713443325095341e+02
4.666034062500000346e+02,-9.359895082020338464e+01
4.666036992187500232e+02,-9.498616102656023941e+01
4.666039921875000118e+02,-1.122836290346974550e+02
4.666042851562500005e+02,-1.027705254421915271e+02
4.666045781249999891e+02,-1.032810507681859349e+02
4.666048710937500346e+02,-1.043484806861862637e+02
4.666051640625000232e+02,-1.086682908764808815e+02
4.666054570312500118e+02,-1.066002370208058210e+02
4.666057500000000005e+02,-1.045295373473469738e+02
4.666060429687499891e+02,-1.067407471009369289e+02
4.666063359375000346e+02,-1.078050262538151856e+02
4.666066289062500232e+02,-1.100189699441077664e+02
4.666069218750000118e+02,-9.919044308921799313e+01
4.666072148437500005e+02,-1.013045297142393224e+02
4.666075078124999891e+02,-1.199767215073393203e+02
4.666078007812500346e+02,-1.112629170360545174e+02
4.666080937500000232e+02,-1.042865198226963628e+02
4.666083867187500118e+02,-9.986225921824794227e+01
4.666086796875000005e+02,-1.016484720356547342e+02
4.666089726562499891e+02,-1.053467245536929511e+02
4.666092656250000346e+02,-1.199849098777017957e+02
4.666095585937500232e+02,-1.110903869012072676e+02
4.666098515625000118e+02,-1.138959497278725763e+02
4.666101445312500005e+02,-1.067440128073009475e+02
4.666104374999999891e+02,-1.040533517991526935e+02
4.666107304687500346e+02,-1.176370785863239803e+02
4.666110234375000232e+02,-1.154537403400921534e+02
4.666113164062500118e+02,-1.087213231399245927e+02
4.666116093750000005e+02,-1.064354809143648595e+02
4.666119023437499891e+02,-1.102432745132138621e+02
4.666121953125000346e+02,-1.078119847464177496e+02
4.666124882812500232e+02,-1.028698320430092394e+02
4.666127812500000118e+02,-1.072294486924186998e+02
4.666130742187500005e+02,-1.228937249592918306e+02
4.666133671874999891e+02,-1.036959360716009115e+02
4.666136601562500346e+02,-1.062474735393609393e+02
4.666139531250000232e+02,-1.102251186201807656e+02
4.666142460937500118e+02,-1.050802709463842746e+02
4.666145390625000005e+02,-1.143752098728642039e+02
4.666148320312499891e+02,-1.051893698165429356e+02
4.666151250000000346e+02,-1.050007386985873694e+02
4.666154179687500232e+02,-1.034721620941518836e+02
4.666157109375000118e+02,-1.122676151196067451e+02
4.666160039062500005e+02,-9.997637963944184492e+01
4.666162968749999891e+02,-9.522818310350892546e+01
4.666165898437500346e+02,-1.020289882711884104e+02
4.666168828125000232e+02,-1.046151121357809046e+02
4.666171757812500118e+02,-9.793046500589453274e+01
4.666174687500000005e+02,-1.036120363717339643e+02
4.666177617187499891e+02,-1.103079713256609153e+02
4.666180546875000346e+02,-1.069253682772048109e+02
4.666183476562500232e+02,-1.057862646850617807e+02
4.666186406250000118e+02,-1.026009876049740228e+02
4.666189335937500005e+02,-1.089521130644269533e+02
4.666192265624999891e+02,-1.155313185798595725e+02
4.666195195312500346e+02,-1.135431930360723811e+02
4.666198125000000232e+02,-1.048352581945384259e+02
4.666201054687500118e+02,-1.037437139416843479e+02
4.666203984375000005e+02,-1.025731717524909072e+02
4.666206914062499891e+02,-1.106575625529561648e+02
4.666209843750000346e+02,-1.201510930544891806e+02
4.666212773437500232e+02,-1.113117522920650373e+02
4.666215703125000118e+02,-1.077502712653741099e+02
4.666218632812500005e+02,-1.084797221738382689e+02
4.666221562499999891e+02,-1.189293173294950350e+02
4.666224492187500346e+02,-1.071100278242481352e+02
4.666227421875000232e+02,-1.078872376839231890e+02
4.666230351562500118e+02,-1.074740088112579173e+02
4.666233281250000005e+02,-1.171228146935440151e+02
4.666236210937499891e+02,-1.110345357027430850e+02
4.666239140625000346e+02,-1.017688591791269346e+02
4.666242070312500232e+02,-1.056776748924372100e+02
4.666245000000000118e+02,-1.153021552442109652e+02
4.666247929687500005e+02,-1.225731828737822440e+02
4.666250859374999891e+02,-1.053756341293508854e+02
4.666253789062500346e+02,-1.064630074552605947e+02
4.666256718750000232e+02,-1.181194514026324072e+02
4.666259648437500118e+02,-1.099794992142814465e+02
4.666262578125000005e+02,-1.121239313134634585e+02
4.666265507812499891e+02,-1.056011448939321724e+02
4.666268437500000346e+02,-1.078780312270754536e+02
4.666271367187500232e+02,-1.042350294889304223e+02
4.666274296875000118e+02,-1.070689597936091957e+02
4.666277226562500005e+02,-1.212904581034206188e+02
4.666280156249999891e+02,-1.149844031561121369e+02
4.666283085937500346e+02,-1.134594440504076687e+02
4.666286015625000232e+02,-1.064438708556315305e+02
4.666288945312500118e+02,-1.150533236363720988e+02
4.666291875000000005e+02,-1.036414450846809387e+02
4.666294804687499891e+02,-1.024753934739443366e+02
4.666297734375000346e+02,-1.000327608596320772e+02
4.666300664062500232e+02,-1.026154892538777261e+02
4.666303593750000118e+02,-1.117374667178495429e+02
4.666306523437500005e+02,-1.037241885774960650e+02
4.666309453124999891e+02,-1.038596330695780381e+02
4.666312382812500346e+02,-1.019252708988127551e+02
4.666315312500000232e+02,-1.018523963614575223e+02
4.666318242187500118e+02,-1.028930014810439530e+02
4.666321171875000005e+02,-1.055038598810487969e+02
4.666324101562499891e+02,-1.070180777609400877e+02
4.666327031250000346e+02,-1.164500844927177781e+02
4.666329960937500232e+02,-1.156905451444173849e+02
4.666332890625000118e+02,-1.024359606068783677e+02
4.666335820312500005e+02,-1.027072794744017585e+02
4.666338749999999891e+02,-1.012857842345825645e+02
4.666341679687500346e+02,-1.102915843468241519e+02
4.666344609375000232e+02,-1.022486484064540377e+02
4.666347539062500118e+02,-9.891950478213698261e+01
4.666350468750000005e+02,-1.061553949120324774e+02
4.666353398437499891e+02,-1.133143404075119633e+02
4.666356328125000346e+02,-1.067869168112463001e+02
4.666359257812500232e+02,-1.016460716676790668e+02
4.666362187500000118e+02,-1.006203572375918185e+02
4.666365117187500005e+02,-1.043754393806896132e+02
4.666368046874999891e+02,-1.200224207346221590e+02
4.666370976562500346e+02,-1.056810800967319466e+02
4.666373906250000232e+02,-1.032918937620452482e+02
4.666376835937500118e+02,-1.118485002744748016e+02
4.666379765625000005e+02,-1.108513322451869101e+02
4.666382695312499891e+02,-1.102680547191147014e+02
4.666385625000000346e+02,-1.081800355929493378e+02
4.666388554687500232e+02,-1.051348157152886245e+02
4.666391484375000118e+02,-1.109439515042602267e+02
4.666394414062500005e+02,-1.224202177297430296e+02
4.666397343749999891e+02,-1.064675929435222059e+02
4.666400273437500346e+02,-1.029091269504320678e+02
4.666403203125000232e+02,-1.025573422070867622e+02
4.666406132812500118e+02,-1.037671685726811859e+02
4.666409062500000005e+02,-9.903223452486925282e+01
4.666411992187499891e+02,-9.860711518204355741e+01
4.666414921875000346e+02,-1.061525844315258098e+02
4.666417851562500232e+02,-1.116569565877605044e+02
4.666420781250000118e+02,-1.031128631345486468e+02
4.666423710937500005e+02,-1.055113808642929882e+02
4.666426640624999891e+02,-1.060635983734801044e+02
4.666429570312500346e+02,-1.099242583302127798e+02
4.666432500000000232e+02,-1.169534615013234031e+02
4.666435429687500118e+02,-1.051806986549460987e+02
4.666438359375000005e+02,-1.097750280940314127e+02
4.666441289062499891e+02,-1.020616157659713679e+02
4.666444218750000346e+02,-1.020470752318975656e+02
4.666447148437500232e+02,-1.027749654974125662e+02
4.666450078125000118e+02,-1.081557333530406453e+02
4.666453007812500005e+02,-9.523613032669462086e+01
4.666455937499999891e+02,-9.610330014216489758e+01
4.666458867187500346e+02,-1.033869092290483707e+02
4.666461796875000232e+02,-1.024842786159901920e+02
4.666464726562500118e+02,-1.093680473662072785e+02
4.666467656250000005e+02,-1.085460048745872683e+02
4.666470585937499891e+02,-1.182296124188218442e+02
4.666473515625000346e+02,-1.036532563912084726e+02
4.666476445312500232e+02,-1.020096458084253896e+02
4.666479375000000118e+02,-1.007101531929724842e+02
4.666482304687500005e+02,-1.085504095656835659e+02
4.666485234374999891e+02,-9.425316575164953292e+01
4.666488164062500346e+02,-8.641985450796045143e+01
4.666491093750000232e+02,-9.148089443746769689e+01
4.666494023437500118e+02,-1.119770466803261684e+02
4.666496953125000005e+02,-1.004780098092653304e+02
4.666499882812499891e+02,-9.997726035728567240e+01
4.666502812500000346e+02,-1.028846544704904034e+02
4.666505742187500232e+02,-1.060401428761073817e+02
4.666508671875000118e+02,-1.019793577796419584e+02
4.666511601562500005e+02,-1.035413673842767821e+02
4.666514531249999891e+02,-1.125042897224149954e+02
4.666517460937500346e+02,-1.070472985706280298e+02
4.666520390625000232e+02,-9.080557378782573608e+01
4.666523320312500118e+02,-8.836153519621055352e+01
4.666526250000000005e+02,-9.791212236866384444e+01
4.666529179687499891e+02,-1.051566890394522602e+02
4.666532109375000346e+02,-1.014499998674834700e+02
4.666535039062500232e+02,-1.014285622576020103e+02
4.666537968750000118e+02,-9.733338913223057887e+01
4.666540898437500005e+02,-9.985438373883437180e+01
4.666543828124999891e+02,-1.017650110149001819e+02
4.666546757812500346e+02,-1.034396071640141770e+02
4.666549687500000232e+02,-9.939158332673004281e+01
4.666552617187500118e+02,-1.029806379015138731e+02
4.666555546875000005e+02,-1.175746702525880210e+02
4.666558476562499891e+02,-1.080824396430379863e+02
4.666561406250000346e+02,-1.151693803508550218e+02
4.666564335937500232e+02,-1.094799916071709731e+02
4.666567265625000118e+02,-1.029822039767597914e+02
4.666570195312500005e+02,-9.964373570220531917e+01
4.666573124999999891e+02,-1.010032928062345690e+02
4.666576054687500346e+02,-1.059833323862447969e+02
4.666578984375000232e+02,-1.004247307345433455e+02
4.666581914062500118e+02,-9.950192858430784781e+01
4.666584843750000005e+02,-1.000791978698765092e+02
4.666587773437499891e+02,-1.106509626202564220e+02
4.666590703125000346e+02,-1.060338208018900730e+02
4.666593632812500232e+02,-1.129668792224952512e+02
4.666596562500000118e+02,-1.117612540697986674e+02
4.666599492187500005e+02,-1.081383550390403201e+02
4.666602421874999891e+02,-1.051462368119132549e+02
4.666605351562500346e+02,-1.119600446994595444e+02
4.666608281250000232e+02,-1.107329431164958891e+02
4.666611210937500118e+02,-1.093016078549882195e+02
4.666614140625000005e+02,-1.042267207704093721e+02
4.666617070312499891e+02,-1.009699177189046964e+02
4.666620000000000346e+02,-1.039315232423596171e+02
4.666622929687500232e+02,-1.105742241367084802e+02
4.666625859375000118e+02,-1.067995042497430660e+02
4.666628789062500005e+02,-1.055561633279757672e+02
4.666631718749999891e+02,-1.100174070838052529e+02
4.666634648437500346e+02,-1.079021233012294800e+02
4.666637578125000232e+02,-1.039077061593548166e+02
4.666640507812500118e+02,-1.055056400177078615e+02
4.666643437500000005e+02,-1.112132778719350910e+02
4.666646367187499891e+02,-1.067109272205889994e+02
4.666649296875000346e+02,-1.027939296729908278e+02
4.666652226562500232e+02,-9.900405193252430536e+01
4.666655156250000118e+02,-9.845153986332944385e+01
4.666658085937500005e+02,-9.412815709019599808e+01
4.666661015624999891e+02,-1.034634639781307754e+02
4.666663945312500346e+02,-1.201076059662001114e+02
4.666666875000000232e+02,-1.082135793494797724e+02
4.666669804687500118e+02,-1.080950224244092652e+02
4.666672734375000005e+02,-1.125415298937603126e+02
4.666675664062499891e+02,-1.069419281140777969e+02
4.666678593750000346e+02,-9.970507630434106261e+01
4.666681523437500232e+02,-1.019361781745364937e+02
4.666684453125000118e+02,-1.064503498966997768e+02
4.666687382812500005e+02,-1.027713726943317596e+02
4.666690312499999891e+02,-9.596954945006508808e+01
4.666693242187500346e+02,-1.001253438721496849e+02
4.666696171875000232e+02,-1.076998517019062263e+02
4.666699101562500118e+02,-1.074698448181573127e+02
4.666702031250000005e+02,-1.050144283823348701e+02
4.666704960937499891e+02,-1.064809824396211013e+02
4.666707890625000346e+02,-1.119272715737703408e+02
4.666710820312500232e+02,-1.281624947748521492e+02
4.666713750000000118e+02,-1.164312716512692703e+02
4.666716679687500005e+02,-1.124477737473257264e+02
4.666719609374999891e+02,-1.148415442333595422e+02
4.666722539062500346e+02,-1.039903460587389645e+02
4.666725468750000232e+02,-1.040258882179546305e+02
4.666728398437500118e+02,-1.256160530400639459e+02
4.666731328125000005e+02,-1.096441212986856897e+02
4.666734257812499891e+02,-1.017467524079918917e+02
4.666737187500000346e+02,-1.039237009928098843e+02
4.666740117187500232e+02,-1.137170561829276494e+02
4.666743046875000118e+02,-1.155488966212795106e+02
4.666745976562500005e+02,-1.017444834706031713e+02
4.666748906249999891e+02,-1.021445508716680308e+02
4.666751835937500346e+02,-1.076383511457502351e+02
4.666754765625000232e+02,-1.119833185007620671e+02
4.666757695312500118e+02,-1.061240241324638731e+02
4.666760625000000005e+02,-1.086282199466320577e+02
4.666763554687499891e+02,-1.073393549907368225e+02
4.666766484375000346e+02,-1.048962376388494704e+02
4.666769414062500232e+02,-1.103529389009113260e+02
4.666772343750000118e+02,-1.039799198976201637e+02
4.666775273437500005e+02,-1.090689392088637675e+02
4.666778203124999891e+02,-1.086127100037647040e+02
4.666781132812500346e+02,-1.061415833326193763e+02
4.666784062500000232e+02,-9.494364454793642949e+01
4.666786992187500118e+02,-9.931039080183042245e+01
4.666789921875000005e+02,-1.176253675370894456e+02
4.666792851562499891e+02,-1.081891432076623971e+02
4.666795781250000346e+02,-1.031378847014843956e+02
4.666798710937500232e+02,-1.085361037698366573e+02
4.666801640625000118e+02,-1.078552760526266354e+02
4.666804570312500005e+02,-9.776957672838881308e+01
4.666807499999999891e+02,-9.938341830035328428e+01
4.666810429687500346e+02,-1.037000273303468845e+02
4.666813359375000232e+02,-1.066222901563642864e+02
4.666816289062500118e+02,-1.122507389971147660e+02
4.666819218750000005e+02,-1.134920668133161570e+02
4.666822148437499891e+02,-1.084015315291783423e+02
4.666825078125000346e+02,-1.038683582785595263e+02
4.666828007812500232e+02,-1.026493950801828987e+02
4.666830937500000118e+02,-1.059697779790154755e+02
4.666833867187500005e+02,-1.040760261586701318e+02
4.666836796874999891e+02,-1.060389458014218178e+02
4.666839726562500346e+02,-1.004729107019326619e+02
4.666842656250000232e+02,-1.091040194132277463e+02
4.666845585937500118e+02,-1.089607067763564885e+02
4.666848515625000005e+02,-1.039352528704168321e+02
4.666851445312499891e+02,-1.057476832530493311e+02
4.666854375000000346e+02,-1.093501550574923300e+02
4.666857304687500232e+02,-1.160300406832942457e+02
4.666860234375000118e+02,-9.938827506677841939e+01
4.666863164062500005e+02,-9.855879331617433081e+01
4.666866093749999891e+02,-1.039547388842600384e+02
4.666869023437500346e+02,-1.184770921326344819e+02
4.666871953125000232e+02,-1.156626967995997859e+02
4.666874882812500118e+02,-1.118241793033990774e+02
4.666877812500000005e+02,-1.159663654737550473e+02
4.666880742187499891e+02,-1.068648595508199293e+02
4.666883671875000346e+02,-1.061434722309050755e+02
4.666886601562500232e+02,-1.126836188031634975e+02
4.666889531250000118e+02,-1.070195108250339047e+02
4.666892460937500005e+02,-1.044277244873738510e+02
4.666895390624999891e+02,-1.028894050316352491e+02
4.666898320312500346e+02,-9.879021283365113959e+01
4.666901250000000232e+02,-9.990916771917882500e+01
4.666904179687500118e+02,-1.064373061911838789e+02
4.666907109375000005e+02,-1.057735700226434119e+02
4.666910039062499891e+02,-9.955149149420641663e+01
4.666912968750000346e+02,-1.048063659119635531e+02
4.666915898437500232e+02,-1.073652696199828824e+02
4.666918828125000118e+02,-1.119742636457175422e+02
4.666921757812500005e+02,-1.084936376251309156e+02
4.666924687499999891e+02,-1.139489974860820922e+02
4.666927617187500346e+02,-1.103680872361741763e+02
4.666930546875000232e+02,-1.040999352712253909e+02
4.666933476562500118e+02,-1.024380368482261048e+02
4.666936406250000005e+02,-1.043911550857536383e+02
4.666939335937499891e+02,-1.112588815249038845e+02
4.666942265625000346e+02,-1.061531879079161342e+02
4.666945195312500232e+02,-1.167790690685943673e+02
4.666948125000000118e+02,-1.019396892288418144e+02
4.666951054687500005e+02,-9.823904347065300158e+01
4.666953984374999891e+02,-9.981799862728090034e+01
4.666956914062500346e+02,-1.024628472178571883e+02
4.666959843750000232e+02,-1.039439509570839846e+02
4.666962773437500118e+02,-1.074776084651871315e+02
4.666965703125000005e+02,-1.068415909566674884e+02
4.666968632812499891e+02,-1.062218352682556741e+02
4.666971562500000346e+02,-1.126034068404628954e+02
4.666974492187500232e+02,-1.015501894926462398e+02
4.666977421875000118e+02,-1.070981352962398887e+02
4.666980351562500005e+02,-1.044895564808501121e+02
4.666983281249999891e+02,-1.033382340803751163e+02
4.666986210937500346e+02,-1.060365163792890399e+02
4.666989140625000232e+02,-1.258601009095823429e+02
4.666992070312500118e+02,-1.078427878437427836e+02
4.666995000000000005e+02,-1.042376898325272521e+02
4.666997929687499891e+02,-1.136742644215412952e+02
4.667000859375000346e+02,-1.045529096791469073e+02
4.667003789062500232e+02,-1.066304877920330085e+02
4.667006718750000118e+02,-1.052553303927942068e+02
4.667009648437500005e+02,-1.107601969536759157e+02
4.667012578124999891e+02,-1.070963884552565162e+02
4.667015507812500346e+02,-1.029778884931240981e+02
4.667018437500000232e+02,-1.085990235475453289e+02
4.667021367187500118e+02,-1.050606402812282170e+02
4.667024296875000005e+02,-1.042467125782758615e+02
4.667027226562499891e+02,-1.118514269846719174e+02
4.667030156250000346e+02,-1.019013390512143928e+02
4.667033085937500232e+02,-1.076785095538833730e+02
4.667036015625000118e+02,-1.038093296408816286e+02
4.667038945312500005e+02,-1.081178246291352991e+02
4.667041874999999891e+02,-9.956723162433289076e+01
4.667044804687500346e+02,-1.007100042790212910e+02
4.667047734375000232e+02,-1.047789602195222187e+02
4.667050664062500118e+02,-1.080445720739723185e+02
4.667053593750000005e+02,-9.910479687805843696e+01
4.667056523437499891e+02,-1.052671753322203472e+02
4.667059453125000346e+02,-1.143976557386629622e+02
4.667062382812500232e+02,-1.054385476594230795e+02
4.667065312500000118e+02,-1.000533771866581390e+02
4.667068242187500005e+02,-9.970235127442757062e+01
4.667071171874999891e+02,-1.045232854423068432e+02
4.667074101562500346e+02,-1.021220292391544007e+02
4.667077031250000232e+02,-9.947106005774847404e+01
4.667079960937500118e+02,-9.761101195683156106e+01
4.667082890625000005e+02,-1.047769189093864526e+02
4.667085820312499891e+02,-1.055206195418548702e+02
4.667088750000000346e+02,-1.008791133408293774e+02
4.667091679687500232e+02,-9.721776590911525773e+01
4.667094609375000118e+02,-9.910684277315839097e+01
4.667097539062500005e+02,-9.698829788025790322e+01
4.667100468749999891e+02,-9.745176370216826456e+01
4.667103398437500346e+02,-1.003347210362253747e+02
4.667106328125000232e+02,-1.075725027750580267e+02
4.667109257812500118e+02,-8.535918817100169065e+01
4.667112187500000005e+02,-8.555288789978007458e+01
4.667115117187499891e+02,-9.712871374434770644e+01
4.667118046875000346e+02,-1.091619048675488841e+02
4.667120976562500232e+02,-1.009500834511983385e+02
4.667123906250000118e+02,-9.820198665242392622e+01
4.667126835937500005e+02,-1.026859774718801646e+02
4.667129765624999891e+02,-1.105178218171919866e+02
4.667132695312500346e+02,-1.071908196586934849e+02
4.667135625000000232e+02,-9.731590158489473197e+01
4.667138554687500118e+02,-9.726832233687383678e+01
4.667141484375000005e+02,-9.501136568561588547e+01
4.667144414062499891e+02,-8.629327629326047600e+01
4.667147343750000346e+02,-9.310877407628878188e+01
4.667150273437500232e+02,-9.948583979051974779e+01
4.667153203125000118e+02,-9.645772490063697546e+01
4.667156132812500005e+02,-9.580467713283930209e+01
4.667159062499999891e+02,-9.927734793750948938e+01
4.667161992187500346e+02,-9.960743347196552122e+01
4.667164921875000232e+02,-9.463280008540428412e+01
4.667167851562500118e+02,-1.021789926645431734e+02
4.667170781250000005e+02,-1.113159587900254621e+02
4.667173710937499891e+02,-1.080699620007634678e+02
4.667176640625000346e+02,-9.937282119187095475e+01
4.667179570312500232e+02,-1.020317625948037232e+02
4.667182500000000118e+02,-1.038741739985258619e+02
4.667185429687500005e+02,-1.034298269617199963e+02
4.667188359374999891e+02,-1.161390618512319861e+02
4.667191289062500346e+02,-1.039353219530220116e+02
4.667194218750000232e+02,-1.067660169494679110e+02
4.667197148437500118e+02,-1.067394766839524038e+02
4.667200078125000005e+02,-9.774785669104245756e+01
4.667203007812499891e+02,-1.024923354268625815e+02
4.667205937500000346e+02,-1.037110149370639647e+02
4.667208867187500232e+02,-1.083434146369935291e+02
4.667211796875000118e+02,-1.076384076169561155e+02
4.667214726562500005e+02,-1.046520936795441514e+02
4.667217656249999891e+02,-1.052886254871527285e+02
4.667220585937500346e+02,-1.104177341331552640e+02
4.667223515625000232e+02,-1.002751577198761623e+02
4.667226445312500118e+02,-9.986065004142272983e+01
4.667229375000000005e+02,-1.022980058908438821e+02
4.667232304687499891e+02,-1.175845754782242807e+02
4.667235234375000346e+02,-1.080828155341465049e+02
4.667238164062500232e+02,-1.078086141963767375e+02
4.667241093750000118e+02,-1.109032142373621355e+02
4.667244023437500005e+02,-1.099464382030669469e+02
4.667246953124999891e+02,-9.996125320809711923e+01
4.667249882812500346e+02,-1.070340235091119041e+02
4.667252812500000232e+02,-1.199597695900086194e+02
4.667255742187500118e+02,-1.031556827228521200e+02
4.667258671875000005e+02,-1.091313629355069281e+02
4.667261601562499891e+02,-1.070891283549582198e+02
4.667264531250000346e+02,-1.072309494383887483e+02
4.667267460937500232e+02,-1.097960221295426919e+02
4.667270390625000118e+02,-1.148215030748852428e+02
4.667273320312500005e+02,-1.090487272669817855e+02
4.667276249999999891e+02,-1.148953008777142628e+02
4.667279179687500346e+02,-9.239623803326264806e+01
4.667282109375000232e+02,-9.575391182917530841e+01
4.667285039062500118e+02,-1.026546350585734046e+02
4.667287968750000005e+02,-1.157162065712893906e+02
4.667290898437499891e+02,-1.089862790065354261e+02
4.667293828125000346e+02,-1.028562841025466668e+02
4.667296757812500232e+02,-1.161387579585457530e+02
4.667299687500000118e+02,-1.105478756179449107e+02
4.667302617187500005e+02,-1.008034216745339222e+02
4.667305546874999891e+02,-1.010431353331023274e+02
4.667308476562500346e+02,-1.026682312482979711e+02
4.667311406250000232e+02,-9.292519807416680067e+01
4.667314335937500118e+02,-8.807270732304846206e+01
4.667317265625000005e+02,-9.486094327400003579e+01
4.667320195312499891e+02,-1.092448215283364021e+02
4.667323125000000346e+02,-1.047253049883303220e+02
4.667326054687500232e+02,-9.852963787853752820e+01
4.667328984375000118e+02,-1.004005716586982260e+02
4.667331914062500005e+02,-1.098774649173109310e+02
4.667334843749999891e+02,-1.005347164568402434e+02
4.667337773437500346e+02,-1.123549606108709327e+02
4.667340703125000232e+02,-1.034438310598497708e+02
4.667343632812500118e+02,-1.053016286712696115e+02
4.667346562500000005e+02,-1.037456007270094176e+02
4.667349492187499891e+02,-1.125133342097236095e+02
4.667352421875000346e+02,-1.081026367333387128e+02
4.667355351562500232e+02,-1.038434641999050996e+02
4.667358281250000118e+02,-1.011408877191379929e+02
4.667361210937500005e+02,-1.070305678642662599e+02
4.667364140624999891e+02,-1.046231947973076899e+02
4.667367070312500346e+02,-9.659700635195895302e+01
4.667370000000000232e+02,-9.680494873610051343e+01
4.667372929687500118e+02,-1.043909810798450337e+02
4.667375859375000005e+02,-1.229653319099752764e+02
4.667378789062499891e+02,-1.121248452688888904e+02
4.667381718750000346e+02,-1.046134705276867294e+02
4.667384648437500232e+02,-1.002553649844746388e+02
4.667387578125000118e+02,-1.051503238721051190e+02
4.667390507812500005e+02,-1.108609414979613064e+02
4.667393437499999891e+02,-1.009200535093914510e+02
4.667396367187500346e+02,-1.070482125487892517e+02
4.667399296875000232e+02,-1.011775916276794760e+02
4.667402226562500118e+02,-1.005630061589456830e+02
4.667405156250000005e+02,-1.048210620305772665e+02
4.667408085937499891e+02,-1.008889744648431730e+02
4.667411015625000346e+02,-1.162895087784219470e+02
4.667413945312500232e+02,-1.022335014438072278e+02
4.667416875000000118e+02,-1.020616524634316420e+02
4.667419804687500005e+02,-1.092225391442434272e+02
4.667422734374999891e+02,-1.057883377781200807e+02
4.667425664062500346e+02,-1.047450419873630381e+02
4.667428593750000232e+02,-1.079095272188363310e+02
4.667431523437500118e+02,-1.035804870988721405e+02
4.667434453125000005e+02,-1.076204113377689850e+02
4.667437382812499891e+02,-1.117054831610659136e+02
4.667440312500000346e+02,-1.061803092119063479e+02
4.667443242187500232e+02,-1.205789415923479737e+02
4.667446171875000118e+02,-1.096764804121456791e+02
4.667449101562500005e+02,-1.029258060916164936e+02
4.667452031249999891e+02,-1.085239431590215844e+02
4.667454960937500346e+02,-1.103884065099253320e+02
4.667457890625000232e+02,-1.047409269011343440e+02
4.667460820312500118e+02,-1.069700329943654395e+02
4.667463750000000005e+02,-1.086533473052031553e+02
4.667466679687499891e+02,-1.107392456687798870e+02
4.667469609375000346e+02,-1.035036433192568808e+02
4.667472539062500232e+02,-1.005577205362375821e+02
4.667475468750000118e+02,-1.106717922720547165e+02
4.667478398437500005e+02,-1.023348176588963554e+02
4.667481328124999891e+02,-1.085014149034359434e+02
4.667484257812500346e+02,-1.000106821277176863e+02
4.667487187500000232e+02,-1.090086733522823579e+02
4.667490117187500118e+02,-1.126397749257649537e+02
4.667493046875000005e+02,-1.023904597877286164e+02
4.667495976562499891e+02,-9.770745028374078345e+01
4.667498906250000346e+02,-9.954399032945737247e+01
4.667501835937500232e+02,-1.098067823834929868e+02
4.667504765625000118e+02,-1.044454569037963267e+02
4.667507695312500005e+02,-1.092857227345313902e+02
4.667510624999999891e+02,-1.077890202480590744e+02
4.667513554687500346e+02,-1.122380711683065613e+02
4.667516484375000232e+02,-1.162531321748431026e+02
4.667519414062500118e+02,-1.137496184660635379e+02
4.667522343750000005e+02,-9.987484619548897058e+01
4.667525273437499891e+02,-9.849086919625068504e+01
4.667528203125000346e+02,-1.026745240934758669e+02
4.667531132812500232e+02,-1.090370104021966711e+02
4.667534062500000118e+02,-1.029788991731070666e+02
4.667536992187500005e+02,-1.121673876261372982e+02
4.667539921874999891e+02,-1.155029576118454031e+02
4.667542851562500346e+02,-1.079319598366010666e+02
4.667545781250000232e+02,-1.115074678504400367e+02
4.667548710937500118e+02,-1.080502350029864687e+02
4.667551640625000005e+02,-1.022752937400580322e+02
4.667554570312499891e+02,-1.070847882808807725e+02
4.667557500000000346e+02,-1.030670542677996906e+02
4.667560429687500232e+02,-9.943401020457820039e+01
4.667563359375000118e+02,-1.033523434569315356e+02
4.667566289062500005e+02,-1.044869990474811345e+02
4.667569218749999891e+02,-1.069745764668954280e+02
4.667572148437500346e+02,-1.044157994598316606e+02
4.667575078125000232e+02,-1.014140397980750805e+02
4.667578007812500118e+02,-1.063483457323869885e+02
4.667580937500000005e+02,-1.125864800163751767e+02
4.667583867187499891e+02,-1.329293341182113011e+02
4.667586796875000346e+02,-1.107291103991563546e+02
4.667589726562500232e+02,-1.084449056147452382e+02
4.667592656250000118e+02,-1.114458176496640363e+02
4.667595585937500005e+02,-1.028294050664304393e+02
4.667598515624999891e+02,-1.045750264271594006e+02
4.667601445312500346e+02,-1.092363965026225259e+02
4.667604375000000232e+02,-1.017101481038641708e+02
4.667607304687500118e+02,-9.837992854103671903e+01
4.667610234375000005e+02,-9.714526945998544250e+01
4.667613164062499891e+02,-9.954135002324825621e+01
4.667616093750000346e+02,-1.036740507684399404e+02
4.667619023437500232e+02,-1.022429967289441493e+02
4.667621953125000118e+02,-1.058181016059860724e+02
4.667624882812500005e+02,-1.061232271573531563e+02
4.667627812499999891e+02,-1.141287154267211577e+02
4.667630742187500346e+02,-1.006128687171214153e+02
4.667633671875000232e+02,-1.000015323325876864e+02
4.667636601562500118e+02,-1.027472774398629269e+02
4.667639531250000005e+02,-1.095558020789655700e+02
4.667642460937499891e+02,-1.049448287770366335e+02
4.667645390625000346e+02,-1.003944596298254623e+02
4.667648320312500232e+02,-1.101305796613518169e+02
4.667651250000000118e+02,-1.020910245267864411e+02
4.667654179687500005e+02,-1.013253424544798236e+02
4.667657109374999891e+02,-1.024255527463043478e+02
4.667660039062500346e+02,-1.080752079117856255e+02
4.667662968750000232e+02,-1.007681972418077265e+02
4.667665898437500118e+02,-1.005292303698135754e+02
4.667668828125000005e+02,-1.120218091766091106e+02
4.667671757812499891e+02,-9.949663745820360816e+01
4.667674687500000346e+02,-9.958203379666663579e+01
4.667677617187500232e+02,-1.006966388692845271e+02
4.667680546875000118e+02,-1.041414708566043004e+02
4.667683476562500005e+02,-1.036396263372859039e+02
4.667686406249999891e+02,-1.020930753147030998e+02
4.667689335937500346e+02,-1.016292308797706312e+02
4.667692265625000232e+02,-1.084711909786622073e+02
4.667695195312500118e+02,-1.059464944622508398e+02
4.667698125000000005e+02,-1.099058204813796920e+02
4.667701054687499891e+02,-9.923631321086827484e+01
4.667703984375000346e+02,-1.038024753672393530e+02
4.667706914062500232e+02,-1.003374484577048236e+02
4.667709843750000118e+02,-9.607137011274046756e+01
4.667712773437500005e+02,-9.512478532615685367e+01
4.667715703124999891e+02,-9.810898631647091861e+01
4.667718632812500346e+02,-9.674675233631076310e+01
4.667721562500000232e+02,-9.608623657146920038e+01
4.667724492187500118e+02,-9.936629938199163803e+01
4.667727421875000005e+02,-1.092417278315670046e+02
4.667730351562499891e+02,-8.432335837761256414e+01
4.667733281250000346e+02,-8.042626498155641457e+01
4.667736210937500232e+02,-9.083118918933786290e+01
4.667739140625000118e+02,-1.153163453767207471e+02
4.667742070312500005e+02,-9.941782844326256452e+01
4.667744999999999891e+02,-9.325291318192185486e+01
4.667747929687500346e+02,-9.670827153310816016e+01
4.667750859375000232e+02,-9.921624230009740586e+01
4.667753789062500118e+02,-1.051894866958891157e+02
4.667756718750000005e+02,-1.032514205873481075e+02
4.667759648437499891e+02,-1.065023286580060216e+02
4.667762578125000346e+02,-1.117446084578138397e+02
4.667765507812500232e+02,-9.471410641354758297e+01
4.667768437500000118e+02,-9.508909390230900271e+01
4.667771367187500005e+02,-1.207165435864815350e+02
4.667774296874999891e+02,-1.175255509012177129e+02
4.667777226562500346e+02,-1.185964733249393674e+02
4.667780156250000232e+02,-1.037809092349167202e+02
4.667783085937500118e+02,-9.937884405403330845e+01
4.667786015625000005e+02,-1.018046375007323689e+02
4.667788945312499891e+02,-1.057233149307479323e+02
4.667791875000000346e+02,-1.015564060243982851e+02
4.667794804687500232e+02,-1.002957064497640545e+02
4.667797734375000118e+02,-1.048726667638892707e+02
4.667800664062500005e+02,-1.100793530624150378e+02
4.667803593749999891e+02,-1.062493364997779111e+02
4.667806523437500346e+02,-1.044051194254164727e+02
4.667809453125000232e+02,-9.939986183425662603e+01
4.667812382812500118e+02,-1.074509765036816304e+02
4.667815312500000005e+02,-1.070860503528410703e+02
4.667818242187499891e+02,-1.046398351416677741e+02
4.667821171875000346e+02,-1.036161034399505354e+02
4.667824101562500232e+02,-1.064335920740986694e+02
4.667827031250000118e+02,-1.045716182441256592e+02
4.667829960937500005e+02,-1.223059775577059582e+02
4.667832890624999891e+02,-1.007335119137478188e+02
4.667835820312500346e+02,-1.063518103025271273e+02
4.667838750000000232e+02,-1.035374396196827433e+02
4.667841679687500118e+02,-1.096437645902126405e+02
4.667844609375000005e+02,-1.168206593532817550e+02
4.667847539062499891e+02,-1.232308882242852377e+02
4.667850468750000346e+02,-1.102019508165982131e+02
4.667853398437500232e+02,-1.073535648857038751e+02
4.667856328125000118e+02,-1.101745898714281822e+02
4.667859257812500005e+02,-1.067745562813055642e+02
4.667862187499999891e+02,-1.073435962881305556e+02
4.667865117187500346e+02,-1.022807543701874380e+02
4.667868046875000232e+02,-1.061527230286185102e+02
4.667870976562500118e+02,-1.038971248713093445e+02
4.667873906250000005e+02,-9.906609485888617428e+01
4.667876835937499891e+02,-9.867216751061830848e+01
4.667879765625000346e+02,-9.841788777234029340e+01
4.667882695312500232e+02,-1.014249163092673598e+02
4.667885625000000118e+02,-1.142694745322074255e+02
4.667888554687500005e+02,-1.032804317814408250e+02
4.667891484374999891e+02,-1.047324446341559963e+02
4.667894414062500346e+02,-1.040722326765896071e+02
4.667897343750000232e+02,-1.153647660899110861e+02
4.667900273437500118e+02,-9.754792754390727794e+01
4.667903203125000005e+02,-9.468673203074543210e+01
4.667906132812499891e+02,-1.075475079180146452e+02
4.667909062500000346e+02,-1.067380176434869838e+02
4.667911992187500232e+02,-1.086895322623437323e+02
4.667914921875000118e+02,-9.677634983480473352e+01
4.667917851562500005e+02,-9.922967779531498422e+01
4.667920781249999891e+02,-1.034947782541086951e+02
4.667923710937500346e+02,-1.094083382162825302e+02
4.667926640625000232e+02,-1.162383144638719159e+02
4.667929570312500118e+02,-1.036768866735054218e+02
4.667932500000000005e+02,-9.634949738828342447e+01
4.667935429687499891e+02,-8.590356406880982831e+01
4.667938359375000346e+02,-9.068695342105455381e+01
4.667941289062500232e+02,-1.031240247953902269e+02
4.667944218750000118e+02,-1.158601191897137426e+02
4.667947148437500005e+02,-1.011881855585240544e+02
4.667950078124999891e+02,-1.007107383825349558e+02
4.667953007812500346e+02,-1.013744501507295013e+02
4.667955937500000232e+02,-1.006458019008380802e+02
4.667958867187500118e+02,-1.051308558652373080e+02
4.667961796875000005e+02,-1.210792695267395658e+02
4.667964726562499891e+02,-1.149556653612481796e+02
4.667967656250000346e+02,-9.808879151714532441e+01
4.667970585937500232e+02,-9.837098895457734216e+01
4.667973515625000118e+02,-1.004250170580594101e+02
4.667976445312500005e+02,-1.059777216372319799e+02
4.667979374999999891e+02,-1.138302093458118378e+02
4.667982304687500346e+02,-1.055750077479997913e+02
4.667985234375000232e+02,-1.029484162151260449e+02
4.667988164062500118e+02,-1.041950929232976364e+02
4.667991093750000005e+02,-1.008001587716349121e+02
4.667994023437499891e+02,-1.080935711445388563e+02
4.667996953125000346e+02,-1.072923577796017298e+02
4.667999882812500232e+02,-1.052300719507316273e+02
4.668002812500000118e+02,-1.057552455667974556e+02
4.668005742187500005e+02,-1.026597290012121420e+02
4.668008671874999891e+02,-1.082747288564437014e+02
4.668011601562500346e+02,-1.023824892314161445e+02
4.668014531250000232e+02,-9.967923259824846127e+01
4.668017460937500118e+02,-1.013847841814142470e+02
4.668020390625000005e+02,-1.039390940689897747e+02
4.668023320312499891e+02,-1.056150268989255636e+02
4.668026250000000346e+02,-9.824922660278032538e+01
4.668029179687500232e+02,-9.766787924592020431e+01
4.668032109375000118e+02,-1.006710350791567805e+02
4.668035039062500005e+02,-1.015081872168409802e+02
4.668037968749999891e+02,-9.917785619307521472e+01
4.668040898437500346e+02,-1.120186341624669240e+02
4.668043828125000232e+02,-1.131569594758995265e+02
4.668046757812500118e+02,-1.038819622447203699e+02
4.668049687500000005e+02,-1.031903016059361136e+02
4.668052617187499891e+02,-1.078198844235350151e+02
4.668055546875000346e+02,-9.917952351677443801e+01
4.668058476562500232e+02,-9.637854527489709255e+01
4.668061406250000118e+02,-1.038499323101753475e+02
4.668064335937500005e+02,-1.182056623209087718e+02
4.668067265624999891e+02,-1.095066546595710690e+02
4.668070195312500346e+02,-1.098490466494513385e+02
4.668073125000000232e+02,-1.010181657169156892e+02
4.668076054687500118e+02,-1.018042206151756233e+02
4.668078984375000005e+02,-9.750457351846958431e+01
4.668081914062499891e+02,-1.047690157663367643e+02
4.668084843750000346e+02,-1.082631790598524617e+02
4.668087773437500232e+02,-1.030817099818647762e+02
4.668090703125000118e+02,-1.044329867972580672e+02
4.668093632812500005e+02,-1.104827850097932753e+02
4.668096562499999891e+02,-1.063640700753658876e+02
4.668099492187500346e+02,-1.107502636951586084e+02
4.668102421875000232e+02,-1.119107468090113002e+02
4.668105351562500118e+02,-1.014198055337200088e+02
4.668108281250000005e+02,-1.001164747321932538e+02
4.668111210937499891e+02,-1.060477955417211433e+02
4.668114140625000346e+02,-1.049972897869537007e+02
4.668117070312500232e+02,-9.919864021783604358e+01
4.668120000000000118e+02,-1.039449664242143001e+02
4.668122929687500005e+02,-1.069179026483853079e+02
4.668125859374999891e+02,-1.013827579231041796e+02
4.668128789062500346e+02,-9.987443089510435357e+01
4.668131718750000232e+02,-1.129208006831561164e+02
4.668134648437500118e+02,-1.101768437285406179e+02
4.668137578125000005e+02,-1.079874717716435129e+02
4.668140507812499891e+02,-9.836219318290012836e+01
4.668143437500000346e+02,-9.833317618255415482e+01
4.668146367187500232e+02,-9.707329725232742135e+01
4.668149296875000118e+02,-9.966521631525827729e+01
4.668152226562500005e+02,-9.656604429704650272e+01
4.668155156249999891e+02,-1.003404151487845866e+02
4.668158085937500346e+02,-1.024947810648058919e+02
4.668161015625000232e+02,-9.943654977246551141e+01
4.668163945312500118e+02,-9.756813667772789245e+01
4.668166875000000005e+02,-1.048313596039461970e+02
4.668169804687499891e+02,-1.106890315446793096e+02
4.668172734375000346e+02,-1.059319177615292915e+02
4.668175664062500232e+02,-1.062709554476083724e+02
4.668178593750000118e+02,-9.915800080401868399e+01
4.668181523437500005e+02,-1.027511745655482258e+02
4.668184453124999891e+02,-1.118543655452896104e+02
4.668187382812500346e+02,-1.026644506156038972e+02
4.668190312500000232e+02,-9.909856963782641515e+01
4.668193242187500118e+02,-1.002814540273551103e+02
4.668196171875000005e+02,-1.032938998183572892e+02
4.668199101562499891e+02,-1.298902912300408161e+02
4.668202031250000346e+02,-1.004002884806209295e+02
4.668204960937500232e+02,-9.867859277633174031e+01
4.668207890625000118e+02,-1.021979342737638774e+02
4.668210820312500005e+02,-1.072948760156803303e+02
4.668213749999999891e+02,-1.089628128829986196e+02
4.668216679687500346e+02,-1.074253196390793050e+02
4.668219609375000232e+02,-1.084216776888129061e+02
4.668222539062500118e+02,-1.076911217228739162e+02
4.668225468750000005e+02,-1.175042086373693309e+02
4.668228398437499891e+02,-1.058204182257694299e+02
4.668231328125000346e+02,-1.073098648625399107e+02
4.668234257812500232e+02,-1.026649129766599629e+02
4.668237187500000118e+02,-1.097843638998730000e+02
4.668240117187500005e+02,-1.003136513383667534e+02
4.668243046874999891e+02,-1.135055228299962806e+02
4.668245976562500346e+02,-1.034544775371252001e+02
4.668248906250000232e+02,-1.077445786875661611e+02
4.668251835937500118e+02,-1.064720163005082298e+02
4.668254765625000005e+02,-1.131637487471894445e+02
4.668257695312499891e+02,-1.085737241899209096e+02
4.668260625000000346e+02,-1.000186993848745800e+02
4.668263554687500232e+02,-9.507149797007734549e+01
4.668266484375000118e+02,-9.859146931472955089e+01
4.668269414062500005e+02,-1.053475678564341251e+02
4.668272343749999891e+02,-1.084471576628795049e+02
4.668275273437500346e+02,-1.089133721997915103e+02
4.668278203125000232e+02,-1.045492920410170541e+02
4.668281132812500118e+02,-1.058533716952403836e+02
4.668284062500000005e+02,-1.035516197290114349e+02
4.668286992187499891e+02,-9.583742667015920347e+01
4.668289921875000346e+02,-1.006500404879933939e+02
4.668292851562500232e+02,-1.038570302704707444e+02
4.668295781250000118e+02,-1.059335749689910244e+02
4.668298710937500005e+02,-1.004484187254485903e+02
4.668301640624999891e+02,-9.860453429316821428e+01
4.668304570312500346e+02,-1.014131577703019929e+02
4.668307500000000232e+02,-1.049090679548974094e+02
4.668310429687500118e+02,-1.068884026805718293e+02
4.668313359375000005e+02,-1.018035540345273802e+02
4.668316289062499891e+02,-1.048339797518340788e+02
4.668319218750000346e+02,-9.834215548448959510e+01
4.668322148437500232e+02,-9.974501918407140977e+01
4.668325078125000118e+02,-1.074788809654672832e+02
4.668328007812500005e+02,-9.948878565054505430e+01
4.668330937499999891e+02,-9.607571782115071812e+01
4.668333867187500346e+02,-9.792841871169486012e+01
4.668336796875000232e+02,-9.741288938915248252e+01
4.668339726562500118e+02,-9.933437515873684731e+01
4.668342656250000005e+02,-9.116446384549661275e+01
4.668345585937499891e+02,-8.869184738223174236e+01
4.668348515625000346e+02,-9.343877698809660615e+01
4.668351445312500232e+02,-8.905956496505829989e+01
4.668354375000000118e+02,-7.794641065407313363e+01
4.668357304687500005e+02,-8.234961562306639848e+01
4.668360234374999891e+02,-9.980413575998205999e+01
4.668363164062500346e+02,-9.642774548217661845e+01
4.668366093750000232e+02,-9.318378464317028431e+01
4.668369023437500118e+02,-9.552882090117262237e+01
4.668371953125000005e+02,-1.006484914146822405e+02
4.668374882812499891e+02,-1.003171859636363479e+02
4.668377812500000346e+02,-9.202104344004243330e+01
4.668380742187500232e+02,-9.213733189635229337e+01
4.668383671875000118e+02,-9.574981989627320900e+01
4.668386601562500005e+02,-9.541614706113750799e+01
4.668389531249999891e+02,-8.691934159655815506e+01
4.668392460937500346e+02,-9.331469441637761975e+01
4.668395390625000232e+02,-9.990830652782346988e+01
4.668398320312500118e+02,-9.618999668240688550e+01
4.668401250000000005e+02,-1.023281590011215627e+02
4.668404179687499891e+02,-1.013580849612295935e+02
4.668407109375000346e+02,-1.040152888551527752e+02
4.668410039062500232e+02,-1.009812059431668274e+02
4.668412968750000118e+02,-1.023850736474156236e+02
4.668415898437500005e+02,-1.048062681382676686e+02
4.668418828124999891e+02,-1.055002598087480408e+02
4.668421757812500346e+02,-9.178926072310055417e+01
4.668424687500000232e+02,-9.185654526111788698e+01
4.668427617187500118e+02,-1.074784859086894357e+02
4.668430546875000005e+02,-1.046722925445645700e+02
4.668433476562499891e+02,-1.073228592982103748e+02
4.668436406250000346e+02,-1.208662415079385113e+02
4.668439335937500232e+02,-1.046659651570581673e+02
4.668442265625000118e+02,-1.013438176901995575e+02
4.668445195312500005e+02,-1.045993835183589056e+02
4.668448124999999891e+02,-1.041470757693512041e+02
4.668451054687500346e+02,-1.033957037016272977e+02
4.668453984375000232e+02,-9.941048244328557359e+01
4.668456914062500118e+02,-9.159922057809569651e+01
4.668459843750000005e+02,-9.661763620571593947e+01
4.668462773437499891e+02,-1.046479948500219734e+02
4.668465703125000346e+02,-1.167167288538496308e+02
4.668468632812500232e+02,-1.083001650127343680e+02
4.668471562500000118e+02,-1.125080496480200907e+02
4.668474492187500005e+02,-1.027166312834549444e+02
4.668477421874999891e+02,-9.940683053125229662e+01
4.668480351562500346e+02,-1.022654891180374932e+02
4.668483281250000232e+02,-9.956563014536045841e+01
4.668486210937500118e+02,-1.064295341414694605e+02
4.668489140625000005e+02,-9.852737060417450721e+01
4.668492070312499891e+02,-1.010979627632486029e+02
4.668495000000000346e+02,-1.002724300829616482e+02
4.668497929687500232e+02,-1.035783127034475513e+02
4.668500859375000118e+02,-1.107887402349080332e+02
4.668503789062500005e+02,-1.081069567401918334e+02
4.668506718749999891e+02,-1.139177973918370697e+02
4.668509648437500346e+02,-1.079788019966427726e+02
4.668512578125000232e+02,-1.030494704372648016e+02
4.668515507812500118e+02,-1.004740036876046503e+02
4.668518437500000005e+02,-1.036970851383941010e+02
4.668521367187499891e+02,-9.894214757484583345e+01
4.668524296875000346e+02,-9.199034247758584115e+01
4.668527226562500232e+02,-9.616168092355729868e+01
4.668530156250000118e+02,-1.089727793398175777e+02
4.668533085937500005e+02,-1.129372992169971042e+02
4.668536015624999891e+02,-1.053350967133149254e+02
4.668538945312500346e+02,-1.023000291776117621e+02
4.668541875000000232e+02,-1.033606718965939422e+02
4.668544804687500118e+02,-1.029544080557209611e+02
4.668547734375000005e+02,-9.766546253108187159e+01
4.668550664062499891e+02,-9.582332828293439775e+01
4.668553593750000346e+02,-1.029910286369957220e+02
4.668556523437500232e+02,-9.016073365263753203e+01
4.668559453125000118e+02,-8.795337639980579070e+01
4.668562382812500005e+02,-9.871155070724762481e+01
4.668565312499999891e+02,-1.088422870154995223e+02
4.668568242187500346e+02,-1.117168627954252571e+02
4.668571171875000232e+02,-1.012199821126071555e+02
4.668574101562500118e+02,-1.028087105492538598e+02
4.668577031250000005e+02,-1.224202538210619196e+02
4.668579960937499891e+02,-1.007392401730098754e+02
4.668582890625000346e+02,-1.114044909471945601e+02
4.668585820312500232e+02,-1.023865283934850652e+02
4.668588750000000118e+02,-9.961295070397568452e+01
4.668591679687500005e+02,-1.069805945892134957e+02
4.668594609374999891e+02,-1.043673294809048713e+02
4.668597539062500346e+02,-1.006163476720873007e+02
4.668600468750000232e+02,-1.126190837508884215e+02
4.668603398437500118e+02,-1.043644681867731947e+02
4.668606328125000005e+02,-1.035857187239345194e+02
4.668609257812499891e+02,-1.067681827179834642e+02
4.668612187500000346e+02,-1.106275571209706641e+02
4.668615117187500232e+02,-1.088722529424948391e+02
4.668618046875000118e+02,-1.044932768147911872e+02
4.668620976562500005e+02,-9.916621531539155399e+01
4.668623906249999891e+02,-1.096435295932340779e+02
4.668626835937500346e+02,-1.072816717801919140e+02
4.668629765625000232e+02,-1.077517886863423513e+02
4.668632695312500118e+02,-1.048091633946932291e+02
4.668635625000000005e+02,-1.095822030653403800e+02
4.668638554687499891e+02,-1.188046072085588776e+02
4.668641484375000346e+02,-1.076771294070423579e+02
4.668644414062500232e+02,-1.072831485023813372e+02
4.668647343750000118e+02,-1.067246123834564457e+02
4.668650273437500005e+02,-9.559194461837257961e+01
4.668653203124999891e+02,-9.625363645851449235e+01
4.668656132812500346e+02,-1.010308465634699928e+02
4.668659062500000232e+02,-1.046477814657969674e+02
4.668661992187500118e+02,-1.077214215534638413e+02
4.668664921875000005e+02,-1.028130552907946793e+02
4.668667851562499891e+02,-9.886119863398815255e+01
4.668670781250000346e+02,-1.024893300757680663e+02
4.668673710937500232e+02,-1.033190579795273010e+02
4.668676640625000118e+02,-9.559032591651613586e+01
4.668679570312500005e+02,-9.502873577862169441e+01
4.668682499999999891e+02,-1.069271806629438402e+02
4.668685429687500346e+02,-1.069966715279445850e+02
4.668688359375000232e+02,-1.010411933548108152e+02
4.668691289062500118e+02,-9.519015734827989661e+01
4.668694218750000005e+02,-1.004851243113120347e+02
4.668697148437499891e+02,-1.145344690788439692e+02
4.668700078125000346e+02,-1.089747662347594996e+02
4.668703007812500232e+02,-1.051352159149784882e+02
4.668705937500000118e+02,-1.056911349007814351e+02
4.668708867187500005e+02,-1.016245348385717051e+02
4.668711796874999891e+02,-9.940439220168983070e+01
4.668714726562500346e+02,-9.771528574537128975e+01
4.668717656250000232e+02,-9.767920557359296652e+01
4.668720585937500118e+02,-1.035505769340626046e+02
4.668723515625000005e+02,-1.115396303951165322e+02
4.668726445312499891e+02,-9.799174066045193854e+01
4.668729375000000346e+02,-9.400271152934934094e+01
4.668732304687500232e+02,-1.030051961065686328e+02
4.668735234375000118e+02,-9.600682481776189547e+01
4.668738164062500005e+02,-1.205170756290831093e+02
4.668741093749999891e+02,-1.033590577485173156e+02
4.668744023437500346e+02,-1.130699076885005780e+02
4.668746953125000232e+02,-1.052390557859305034e+02
4.668749882812500118e+02,-1.034110292916646898e+02
4.668752812500000005e+02,-1.061876613831628049e+02
4.668755742187499891e+02,-1.031639599436401227e+02
4.668758671875000346e+02,-1.107471868438872633e+02
4.668761601562500232e+02,-1.091508220958676532e+02
4.668764531250000118e+02,-1.144250102609076691e+02
4.668767460937500005e+02,-1.040906120823346726e+02
4.668770390624999891e+02,-1.103316528557169818e+02
4.668773320312500346e+02,-9.964527878903021474e+01
4.668776250000000232e+02,-9.849178470727680690e+01
4.668779179687500118e+02,-1.041834622082099315e+02
4.668782109375000005e+02,-1.109471307860130338e+02
4.668785039062499891e+02,-1.105837320142976665e+02
4.668787968750000346e+02,-9.967350688684939541e+01
4.668790898437500232e+02,-1.005866597250782206e+02
4.668793828125000118e+02,-1.036063369396049154e+02
4.668796757812500005e+02,-1.034963294543790653e+02
4.668799687499999891e+02,-1.071478586479215949e+02
4.668802617187500346e+02,-1.010419942034870076e+02
4.668805546875000232e+02,-9.790803728466971734e+01
4.668808476562500118e+02,-9.936806117142366190e+01
4.668811406250000005e+02,-9.967833995388846802e+01
4.668814335937499891e+02,-1.051406797385173206e+02
4.668817265625000346e+02,-1.000922932082967520e+02
4.668820195312500232e+02,-9.743776471683061402e+01
4.668823125000000118e+02,-1.034554451665331811e+02
4.668826054687500005e+02,-1.079643228497534153e+02
4.668828984374999891e+02,-1.134948888146079469e+02
4.668831914062500346e+02,-1.046019323539693744e+02
4.668834843750000232e+02,-1.086448239552719741e+02
4.668837773437500118e+02,-1.062576637161074302e+02
4.668840703125000005e+02,-1.065693256409536360e+02
4.668843632812499891e+02,-9.800060863290161706e+01
4.668846562500000346e+02,-9.647841821683414310e+01
4.668849492187500232e+02,-1.005265824237774694e+02
4.668852421875000118e+02,-1.015329081322255576e+02
4.668855351562500005e+02,-1.109656699393918444e+02
4.668858281249999891e+02,-1.090657358840305164e+02
4.668861210937500346e+02,-9.965162811711104496e+01
4.668864140625000232e+02,-1.045188682436014318e+02
4.668867070312500118e+02,-1.106479609636535031e+02
4.668870000000000005e+02,-1.130381223866052522e+02
4.668872929687499891e+02,-1.061777942611813899e+02
4.668875859375000346e+02,-9.829491876877972345e+01
4.668878789062500232e+02,-9.820193994401562065e+01
4.668881718750000118e+02,-9.844853863516620152e+01
4.668884648437500005e+02,-9.653105301535177318e+01
4.668887578124999891e+02,-9.886836006158534929e+01
4.668890507812500346e+02,-9.781693158334967109e+01
4.668893437500000232e+02,-9.726856550671939772e+01
4.668896367187500118e+02,-1.014662252178466559e+02
4.668899296875000005e+02,-1.007736771654331420e+02
4.668902226562499891e+02,-9.816861986716746458e+01
4.668905156250000346e+02,-1.003828166655600000e+02
4.668908085937500232e+02,-1.023782806422939160e+02
4.668911015625000118e+02,-1.094057597369875481e+02
4.668913945312500005e+02,-1.000853496683797630e+02
4.668916874999999891e+02,-1.009449240790030444e+02
4.668919804687500346e+02,-1.117319282890955492e+02
4.668922734375000232e+02,-1.139225062838028748e+02
4.668925664062500118e+02,-1.224452326258486607e+02
4.668928593750000005e+02,-9.812513186696052969e+01
4.668931523437499891e+02,-9.766560770960894899e+01
4.668934453125000346e+02,-1.061290350929247239e+02
4.668937382812500232e+02,-9.833646250018591672e+01
4.668940312500000118e+02,-1.027607573804431809e+02
4.668943242187500005e+02,-1.044707849846412984e+02
4.668946171874999891e+02,-1.025377642932328968e+02
4.668949101562500346e+02,-9.927252652522776089e+01
4.668952031250000232e+02,-9.587586725515906494e+01
4.668954960937500118e+02,-9.447758914265266128e+01
4.668957890625000005e+02,-9.943501676865479055e+01
4.668960820312499891e+02,-1.065172873790193080e+02
4.668963750000000346e+02,-9.759792729664788169e+01
4.668966679687500232e+02,-9.506308233976062638e+01
4.668969609375000118e+02,-9.618517397644572497e+01
4.668972539062500005e+02,-1.001866941529156776e+02
4.668975468749999891e+02,-8.297611968486901901e+01
4.668978398437500346e+02,-8.308546745051734206e+01
4.668981328125000232e+02,-9.686841121541988286e+01
4.668984257812500118e+02,-9.678190314207185452e+01
4.668987187500000005e+02,-9.488683816872472221e+01
4.668990117187499891e+02,-9.502429689042971006e+01
4.668993046875000346e+02,-9.648840685054651090e+01
4.668995976562500232e+02,-9.362771517939152943e+01
4.668998906250000118e+02,-9.244139678989155584e+01
4.669001835937500005e+02,-9.435118589837185255e+01
4.669004765624999891e+02,-9.843812652563340748e+01
4.669007695312500346e+02,-8.779301815338601500e+01
4.669010625000000232e+02,-7.717477158321608499e+01
4.669013554687500118e+02,-8.124881456633703181e+01
4.669016484375000005e+02,-9.461677739876279247e+01
4.669019414062499891e+02,-9.325549816767045286e+01
4.669022343750000346e+02,-9.472777610853755448e+01
4.669025273437500232e+02,-9.589181276801363651e+01
4.669028203125000118e+02,-1.021716708669803211e+02
4.669031132812500005e+02,-9.594331128604061121e+01
4.669034062499999891e+02,-9.779073835479428567e+01
4.669036992187500346e+02,-9.813376388306492970e+01
4.669039921875000232e+02,-9.936483710378570322e+01
4.669042851562500118e+02,-9.724903077860778922e+01
4.669045781250000005e+02,-9.529644543564963044e+01
4.669048710937499891e+02,-9.584366662586383256e+01
4.669051640625000346e+02,-9.994948254265771936e+01
4.669054570312500232e+02,-1.015708267655860908e+02
4.669057500000000118e+02,-1.052250755203336041e+02
4.669060429687500005e+02,-1.083632439090436463e+02
4.669063359374999891e+02,-1.071116420697407392e+02
4.669066289062500346e+02,-1.000165678232974358e+02
4.669069218750000232e+02,-1.129897525477748843e+02
4.669072148437500118e+02,-1.267473000213891225e+02
4.669075078125000005e+02,-1.150812674291667292e+02
4.669078007812499891e+02,-9.572613680044149476e+01
4.669080937500000346e+02,-9.432048747389315224e+01
4.669083867187500232e+02,-1.021890211157337802e+02
4.669086796875000118e+02,-9.800055815448834551e+01
4.669089726562500005e+02,-9.860913084451475186e+01
4.669092656249999891e+02,-9.971347151046460056e+01
4.669095585937500346e+02,-1.020783420942734097e+02
4.669098515625000232e+02,-1.089353478772556940e+02
4.669101445312500118e+02,-1.066028680392657293e+02
4.669104375000000005e+02,-1.131348104512451727e+02
4.669107304687499891e+02,-1.009739413570071349e+02
4.669110234375000346e+02,-1.003298888786264911e+02
4.669113164062500232e+02,-9.530596061130040653e+01
4.669116093750000118e+02,-9.708699290306221030e+01
4.669119023437500005e+02,-1.119019795565497901e+02
4.669121953124999891e+02,-1.026992155747632154e+02
4.669124882812500346e+02,-1.004935216191706786e+02
4.669127812500000232e+02,-1.015424028607427829e+02
4.669130742187500118e+02,-9.967941706113542466e+01
4.669133671875000005e+02,-9.390716686613730246e+01
4.669136601562499891e+02,-9.768675103676430638e+01
4.669139531250000346e+02,-1.207181301541193505e+02
4.669142460937500232e+02,-1.012788625659946860e+02
4.669145390625000118e+02,-9.356871992573674390e+01
4.669148320312500005e+02,-1.003335157726655638e+02
4.669151249999999891e+02,-9.737031485255226926e+01
4.669154179687500346e+02,-1.076743132219862673e+02
4.669157109375000232e+02,-1.015325439379671622e+02
4.669160039062500118e+02,-1.006628834232900260e+02
4.669162968750000005e+02,-1.069166700770246194e+02
4.669165898437499891e+02,-1.092826460711284540e+02
4.669168828125000346e+02,-1.086727709544812512e+02
4.669171757812500232e+02,-9.960361166162094548e+01
4.669174687500000118e+02,-1.014493890809098957e+02
4.669177617187500005e+02,-9.336044294787633646e+01
4.669180546874999891e+02,-8.723008279011047250e+01
4.669183476562500346e+02,-9.811508623491855019e+01
4.669186406250000232e+02,-9.560230218771179977e+01
4.669189335937500118e+02,-1.008624186041467965e+02
4.669192265625000005e+02,-1.015377479183278098e+02
4.669195195312499891e+02,-1.001871676203259796e+02
4.669198125000000346e+02,-1.107934717533335061e+02
4.669201054687500232e+02,-1.139111272210022037e+02
4.669203984375000118e+02,-1.047414298695804149e+02
4.669206914062500005e+02,-1.082633164342639134e+02
4.669209843749999891e+02,-1.134861962506332986e+02
4.669212773437500346e+02,-1.027790413538443346e+02
4.669215703125000232e+02,-1.041144633833751243e+02
4.669218632812500118e+02,-1.030861101384718381e+02
4.669221562500000005e+02,-1.146884417394805951e+02
4.669224492187499891e+02,-9.709222283245446761e+01
4.669227421875000346e+02,-9.512596448083837686e+01
4.669230351562500232e+02,-9.778313515172382608e+01
4.669233281250000118e+02,-9.957435470022902280e+01
4.669236210937500005e+02,-1.089212170019868751e+02
4.669239140624999891e+02,-1.017160740659666658e+02
4.669242070312500346e+02,-1.095962676125835031e+02
4.669245000000000232e+02,-1.165197450088493838e+02
4.669247929687500118e+02,-1.009333116846563030e+02
4.669250859375000005e+02,-1.081628503947841864e+02
4.669253789062499891e+02,-1.018791302584917702e+02
4.669256718750000346e+02,-1.099539788668347740e+02
4.669259648437500232e+02,-9.767734546305391063e+01
4.669262578125000118e+02,-1.004473526335898868e+02
4.669265507812500005e+02,-1.042583905828541049e+02
4.669268437499999891e+02,-1.011590968591120685e+02
4.669271367187500346e+02,-9.629108708315283138e+01
4.669274296875000232e+02,-9.962140414436518654e+01
4.669277226562500118e+02,-1.060236484084420567e+02
4.669280156250000005e+02,-1.167173834490809838e+02
4.669283085937499891e+02,-1.098881689688887633e+02
4.669286015625000346e+02,-1.079826553724670362e+02
4.669288945312500232e+02,-1.142662618732447442e+02
4.669291875000000118e+02,-9.861128195072673464e+01
4.669294804687500005e+02,-9.771536702555275156e+01
4.669297734374999891e+02,-9.485572940372819062e+01
4.669300664062500346e+02,-9.373828414045775048e+01
4.669303593750000232e+02,-1.020820477528161518e+02
4.669306523437500118e+02,-9.949638121060235108e+01
4.669309453125000005e+02,-9.634294039204640114e+01
4.669312382812499891e+02,-1.058947794369786521e+02
4.669315312500000346e+02,-1.015534619225194319e+02
4.669318242187500232e+02,-9.923819302560302447e+01
4.669321171875000118e+02,-1.029048040696529398e+02
4.669324101562500005e+02,-1.037769445985329071e+02
4.669327031249999891e+02,-1.090431453553431709e+02
4.669329960937500346e+02,-1.115816924166183242e+02
4.669332890625000232e+02,-1.126408465957837564e+02
4.669335820312500118e+02,-1.047522480309808088e+02
4.669338750000000005e+02,-9.969486077294368442e+01
4.669341679687499891e+02,-1.047054326313562740e+02
4.669344609375000346e+02,-1.064797691681934424e+02
4.669347539062500232e+02,-9.765384146214225325e+01
4.669350468750000118e+02,-9.649405567532826922e+01
4.669353398437500005e+02,-9.953228237314617388e+01
4.669356328124999891e+02,-9.676058348331791592e+01
4.669359257812500346e+02,-9.600061068456220426e+01
4.669362187500000232e+02,-1.020644150719916752e+02
4.669365117187500118e+02,-1.047731079216863037e+02
4.669368046875000005e+02,-9.688438420542871654e+01
4.669370976562499891e+02,-9.446015595675815746e+01
4.669373906250000346e+02,-1.022438744641575568e+02
4.669376835937500232e+02,-1.134326213875343399e+02
4.669379765625000118e+02,-1.035782379492329142e+02
4.669382695312500005e+02,-9.746441852471632217e+01
4.669385624999999891e+02,-9.825413161114698823e+01
4.669388554687500346e+02,-9.861343239770322100e+01
4.669391484375000232e+02,-9.648551310330458364e+01
4.669394414062500118e+02,-9.825929247579250614e+01
4.669397343750000005e+02,-9.963516455573341091e+01
4.669400273437499891e+02,-1.037850887430564626e+02
4.669403203125000346e+02,-9.924294012069944415e+01
4.669406132812500232e+02,-9.733220524349167135e+01
4.669409062500000118e+02,-9.885535500074702497e+01
4.669411992187500005e+02,-1.065536201669884235e+02
4.669414921874999891e+02,-1.010911759396959440e+02
4.669417851562500346e+02,-9.849310665341413085e+01
4.669420781250000232e+02,-9.785004054959586028e+01
4.669423710937500118e+02,-9.617752764997588599e+01
4.669426640625000005e+02,-1.036012416484821443e+02
4.669429570312499891e+02,-1.027487348545220414e+02
4.669432500000000346e+02,-9.547459418530613107e+01
4.669435429687500232e+02,-9.744981355754204344e+01
4.669438359375000118e+02,-1.062466503494624419e+02
4.669441289062500005e+02,-1.000115566861935434e+02
4.669444218749999891e+02,-1.029181361572035769e+02
4.669447148437500346e+02,-1.036607391017980433e+02
4.669450078125000232e+02,-9.835830552634089941e+01
4.669453007812500118e+02,-1.149069295130831136e+02
4.669455937500000005e+02,-1.033330219636400500e+02
4.669458867187499891e+02,-9.676987964431960165e+01
4.669461796875000346e+02,-1.050026732798920364e+02
4.669464726562500232e+02,-1.046247387118320944e+02
4.669467656250000118e+02,-1.027261610905489135e+02
4.669470585937500005e+02,-1.039249667045397700e+02
4.669473515624999891e+02,-1.044262935092329627e+02
4.669476445312500346e+02,-1.062953953879781750e+02
4.669479375000000232e+02,-1.046844433949927264e+02
4.669482304687500118e+02,-1.106841762130743376e+02
4.669485234375000005e+02,-1.154044331272613988e+02
4.669488164062499891e+02,-1.105771984545426108e+02
4.669491093750000346e+02,-1.291464382203687364e+02
4.669494023437500232e+02,-9.952794666920758004e+01
4.669496953125000118e+02,-9.736638289326032236e+01
4.669499882812500005e+02,-1.006357632239860180e+02
4.669502812499999891e+02,-9.711119362508418362e+01
4.669505742187500346e+02,-1.003298443607412906e+02
4.669508671875000232e+02,-1.012876090628940631e+02
4.669511601562500118e+02,-1.056003285527034450e+02
4.669514531250000005e+02,-9.825546064852515826e+01
4.669517460937499891e+02,-1.007466656792742157e+02
4.669520390625000346e+02,-1.112116510852617921e+02
4.669523320312500232e+02,-1.081502282037977238e+02
4.669526250000000118e+02,-1.110699653062672212e+02
4.669529179687500005e+02,-1.074956727475955347e+02
4.669532109374999891e+02,-1.026459016627763958e+02
4.669535039062500346e+02,-1.007115236770562490e+02
4.669537968750000232e+02,-1.184696600281495478e+02
4.669540898437500118e+02,-9.644358214221318804e+01
4.669543828125000005e+02,-9.939386184224991894e+01
4.669546757812499891e+02,-1.099486309952737599e+02
4.669549687500000346e+02,-9.978782093731892644e+01
4.669552617187500232e+02,-1.047791796919190546e+02
4.669555546875000118e+02,-9.707504912621092785e+01
4.669558476562500005e+02,-9.772853116838169285e+01
4.669561406249999891e+02,-1.051982173893857180e+02
4.669564335937500346e+02,-9.157201312879890054e+01
4.669567265625000232e+02,-9.532176249389533496e+01
4.669570195312500118e+02,-1.021313952128327287e+02
4.669573125000000005e+02,-9.691120499731604809e+01
4.669576054687499891e+02,-1.045072728695663642e+02
4.669578984375000346e+02,-1.044693810619568950e+02
4.669581914062500232e+02,-1.114105041126003925e+02
4.669584843750000118e+02,-1.038986439623186016e+02
4.669587773437500005e+02,-9.759057273570428492e+01
4.669590703124999891e+02,-9.535476004916502291e+01
4.669593632812500346e+02,-9.777495772558451392e+01
4.669596562500000232e+02,-8.910509682984141477e+01
4.669599492187500118e+02,-8.398467988684890884e+01
4.669602421875000005e+02,-9.346185189516560854e+01
4.669605351562499891e+02,-1.117683843472346439e+02
4.669608281250000346e+02,-9.797698349763416559e+01
4.669611210937500232e+02,-9.300313741688547964e+01
4.669614140625000118e+02,-9.711447616311585307e+01
4.669617070312500005e+02,-9.583655975461924470e+01
4.669619999999999891e+02,-9.100852128807235886e+01
4.669622929687500346e+02,-9.071281911558017441e+01
4.669625859375000232e+02,-9.183935794661940122e+01
4.669628789062500118e+02,-1.063087564391939566e+02
4.669631718750000005e+02,-7.595182386023924437e+01
4.669634648437499891e+02,-7.479906660156616738e+01
4.669637578125000346e+02,-8.736758026801072674e+01
4.669640507812500232e+02,-9.315025912014853304e+01
4.669643437500000118e+02,-8.869416974533612574e+01
4.669646367187500005e+02,-8.879320882343834853e+01
4.669649296874999891e+02,-9.299434267743214377e+01
4.669652226562500346e+02,-9.540974153006105496e+01
4.669655156250000232e+02,-9.348638582643275186e+01
4.669658085937500118e+02,-1.017065571004219180e+02
4.669661015625000005e+02,-1.007028493147824406e+02
4.669663945312499891e+02,-1.025374372064571702e+02
4.669666875000000346e+02,-9.374571910276209508e+01
4.669669804687500232e+02,-9.736720505887552690e+01
4.669672734375000118e+02,-1.070307909579393595e+02
4.669675664062500005e+02,-9.790897541356935108e+01
4.669678593749999891e+02,-9.856292648444272686e+01
4.669681523437500346e+02,-1.023526774893756226e+02
4.669684453125000232e+02,-1.043653689066470918e+02
4.669687382812500118e+02,-1.023076968784137364e+02
4.669690312500000005e+02,-1.013368394586193943e+02
4.669693242187499891e+02,-9.834626986137521953e+01
4.669696171875000346e+02,-1.052129983038082912e+02
4.669699101562500232e+02,-9.494079708233135761e+01
4.669702031250000118e+02,-9.094026375598454592e+01
4.669704960937500005e+02,-1.024648718688538054e+02
4.669707890624999891e+02,-9.809630744400948288e+01
4.669710820312500346e+02,-1.046819897588120654e+02
4.669713750000000232e+02,-1.009067361841105992e+02
4.669716679687500118e+02,-9.811549455338733594e+01
4.669719609375000005e+02,-1.031468092478058907e+02
4.669722539062499891e+02,-9.526720508949181010e+01
4.669725468750000346e+02,-1.075050129798756160e+02
4.669728398437500232e+02,-1.074900723158472147e+02
4.669731328125000118e+02,-1.037662475592910312e+02
4.669734257812500005e+02,-9.160371760761901783e+01
4.669737187499999891e+02,-9.230103277797633154e+01
4.669740117187500346e+02,-1.064274961288486736e+02
4.669743046875000232e+02,-1.153081089433737816e+02
4.669745976562500118e+02,-1.170122317355593822e+02
4.669748906250000005e+02,-9.523380832448961542e+01
4.669751835937499891e+02,-9.257965127449213583e+01
4.669754765625000346e+02,-9.677083697374169446e+01
4.669757695312500232e+02,-1.008215654108330881e+02
4.669760625000000118e+02,-1.115474510916498616e+02
4.669763554687500005e+02,-1.096346946441362604e+02
4.669766484374999891e+02,-1.096846576651091709e+02
4.669769414062500346e+02,-9.751004235141338938e+01
4.669772343750000232e+02,-9.604233565488399904e+01
4.669775273437500118e+02,-9.972227279098815700e+01
4.669778203125000005e+02,-1.090608785962789113e+02
4.669781132812499891e+02,-1.038158734705018844e+02
4.669784062500000346e+02,-1.012962381809745693e+02
4.669786992187500232e+02,-1.070004600570753297e+02
4.669789921875000118e+02,-9.746693393135026895e+01
4.669792851562500005e+02,-9.278174851586445016e+01
4.669795781249999891e+02,-1.049041718203733637e+02
4.669798710937500346e+02,-9.143940499287202783e+01
4.669801640625000232e+02,-8.126549182130364102e+01
4.669804570312500118e+02,-8.442804804843221689e+01
4.669807500000000005e+02,-9.964329290063680844e+01
4.669810429687499891e+02,-1.024719969368134116e+02
4.669813359375000346e+02,-1.007280889750832529e+02
4.669816289062500232e+02,-1.072279357634397314e+02
4.669819218750000118e+02,-1.010743664096868031e+02
4.669822148437500005e+02,-1.040119261533491368e+02
4.669825078124999891e+02,-1.038436550228291679e+02
4.669828007812500346e+02,-1.010813986418336441e+02
4.669830937500000232e+02,-1.053458730039029945e+02
4.669833867187500118e+02,-1.004210978627471889e+02
4.669836796875000005e+02,-8.915464548143037860e+01
4.669839726562499891e+02,-9.811714011016989900e+01
4.669842656250000346e+02,-1.002424115774919642e+02
4.669845585937500232e+02,-1.155620031805373316e+02
4.669848515625000118e+02,-1.052649366081255664e+02
4.669851445312500005e+02,-1.000004828826538983e+02
4.669854374999999891e+02,-1.037323293709403629e+02
4.669857304687500346e+02,-1.012823106744519777e+02
4.669860234375000232e+02,-1.062518100832625976e+02
4.669863164062500118e+02,-1.072632981362835665e+02
4.669866093750000005e+02,-9.951153408280418944e+01
4.669869023437499891e+02,-1.033926567148255344e+02
4.669871953125000346e+02,-9.907381223953112226e+01
4.669874882812500232e+02,-9.722154211776177135e+01
4.669877812500000118e+02,-1.069588485573542016e+02
4.669880742187500005e+02,-9.709430358831329499e+01
4.669883671874999891e+02,-1.031243540198204443e+02
4.669886601562500346e+02,-1.003793965972478190e+02
4.669889531250000232e+02,-9.551651230187579245e+01
4.669892460937500118e+02,-1.016343084523032303e+02
4.669895390625000005e+02,-9.679965090119944193e+01
4.669898320312499891e+02,-1.039406638251670074e+02
4.669901250000000346e+02,-9.951313962956470505e+01
4.669904179687500232e+02,-1.034084557319778526e+02
4.669907109375000118e+02,-1.030701060037156225e+02
4.669910039062500005e+02,-1.067902106599408967e+02
4.669912968749999891e+02,-9.902790245318246320e+01
4.669915898437500346e+02,-1.125314830176576919e+02
4.669918828125000232e+02,-9.781683663985890576e+01
4.669921757812500118e+02,-9.749464245463363454e+01
4.669924687500000005e+02,-9.994549673119576028e+01
4.669927617187499891e+02,-9.693682670778932220e+01
4.669930546875000346e+02,-1.023053620505190366e+02
4.669933476562500232e+02,-1.038701708308387026e+02
4.669936406250000118e+02,-9.946907098794719104e+01
4.669939335937500005e+02,-9.855389464967102242e+01
4.669942265624999891e+02,-1.069950867142844828e+02
4.669945195312500346e+02,-1.068791738771387259e+02
4.669948125000000232e+02,-1.055180366547119206e+02
4.669951054687500118e+02,-1.003280752266842626e+02
4.669953984375000005e+02,-1.014359275341016939e+02
4.669956914062499891e+02,-1.167752559557346217e+02
4.669959843750000346e+02,-1.094663761334108187e+02
4.669962773437500232e+02,-1.078110005538708549e+02
4.669965703125000118e+02,-9.753744113878197197e+01
4.669968632812500005e+02,-1.028440863137857377e+02
4.669971562499999891e+02,-1.062257488925850168e+02
4.669974492187500346e+02,-9.933266608179971513e+01
4.669977421875000232e+02,-1.004947583474097144e+02
4.669980351562500118e+02,-1.043972270767983730e+02
4.669983281250000005e+02,-9.851253292139999473e+01
4.669986210937499891e+02,-9.589728766746674182e+01
4.669989140625000346e+02,-1.066929876993531821e+02
4.669992070312500232e+02,-1.047755888927510881e+02
4.669995000000000118e+02,-1.007047819384553122e+02
4.669997929687500005e+02,-1.034646199583409896e+02
4.670000859374999891e+02,-1.098638891290276263e+02
4.670003789062500346e+02,-9.993564428737498417e+01
4.670006718750000232e+02,-1.041558933325313774e+02
4.670009648437500118e+02,-1.146253142264836953e+02
4.670012578125000005e+02,-1.021738714343577783e+02
4.670015507812499891e+02,-9.578012935668550654e+01
4.670018437500000346e+02,-9.752450662044857665e+01
4.670021367187500232e+02,-9.935454314277436083e+01
4.670024296875000118e+02,-1.071796935499570083e+02
4.670027226562500005e+02,-9.696422739633575816e+01
4.670030156249999891e+02,-1.050433766294910072e+02
4.670033085937500346e+02,-1.083402076339385900e+02
4.670036015625000232e+02,-1.026838021280648832e+02
4.670038945312500118e+02,-1.001404069743190917e+02
4.670041875000000005e+02,-1.070364241686923208e+02
4.670044804687499891e+02,-1.067776855442266282e+02
4.670047734375000346e+02,-1.002338886617156959e+02
4.670050664062500232e+02,-1.063462273956663466e+02
4.670053593750000118e+02,-9.990836238232398614e+01
4.670056523437500005e+02,-9.880469863215181192e+01
4.670059453124999891e+02,-1.028462387556720046e+02
4.670062382812500346e+02,-1.089031906838576447e+02
4.670065312500000232e+02,-9.605413613794053163e+01
4.670068242187500118e+02,-9.658628780350110787e+01
4.670071171875000005e+02,-9.641792925530677394e+01
4.670074101562499891e+02,-1.034074931641725215e+02
4.670077031250000346e+02,-1.022044148868361191e+02
4.670079960937500232e+02,-1.043380435142769045e+02
4.670082890625000118e+02,-9.555450266082843314e+01
4.670085820312500005e+02,-9.770914660069691138e+01
4.670088749999999891e+02,-1.043347405649821980e+02
4.670091679687500346e+02,-1.004568672119700778e+02
4.670094609375000232e+02,-9.955171731975171667e+01
4.670097539062500118e+02,-9.792082955441961190e+01
4.670100468750000005e+02,-9.597190245126940056e+01
4.670103398437499891e+02,-9.838683994182056836e+01
4.670106328125000346e+02,-1.002582440056048085e+02
4.670109257812500232e+02,-9.894563920123239598e+01
4.670112187500000118e+02,-9.755957501353765338e+01
4.670115117187500005e+02,-9.968709148532029474e+01
4.670118046874999891e+02,-9.976323431466477132e+01
4.670120976562500346e+02,-9.588281403653881796e+01
4.670123906250000232e+02,-9.786703381416366199e+01
4.670126835937500118e+02,-1.025305091369057493e+02
4.670129765625000005e+02,-1.014717531936595663e+02
4.670132695312499891e+02,-9.981651343543418875e+01
4.670135625000000346e+02,-1.001062323148858724e+02
4.670138554687500232e+02,-1.042514197459009324e+02
4.670141484375000118e+02,-9.976980742574637873e+01
4.670144414062500005e+02,-9.952431897247613790e+01
4.670147343749999891e+02,-1.075792220217928730e+02
4.670150273437500346e+02,-1.033070948493885055e+02
4.670153203125000232e+02,-9.377931863290406511e+01
4.670156132812500118e+02,-1.002519607722506834e+02
4.670159062500000005e+02,-9.807611101302447310e+01
4.670161992187499891e+02,-1.029473156909977263e+02
4.670164921875000346e+02,-1.081669213087504176e+02
4.670167851562500232e+02,-1.009705125618940968e+02
4.670170781250000118e+02,-1.069278961776567769e+02
4.670173710937500005e+02,-9.838837637790204838e+01
4.670176640624999891e+02,-9.890338165160015649e+01
4.670179570312500346e+02,-1.032978052608785617e+02
4.670182500000000232e+02,-1.033979236554895635e+02
4.670185429687500118e+02,-1.000818218524921122e+02
4.670188359375000005e+02,-9.475892362141898673e+01
4.670191289062499891e+02,-9.759035948728191556e+01
4.670194218750000346e+02,-9.975832044688111466e+01
4.670197148437500232e+02,-1.046643986670068500e+02
4.670200078125000118e+02,-1.051218559510481043e+02
4.670203007812500005e+02,-1.132083623022505208e+02
4.670205937499999891e+02,-9.504827171312805945e+01
4.670208867187500346e+02,-9.035038213862733869e+01
4.670211796875000232e+02,-9.134450599607615118e+01
4.670214726562500118e+02,-9.760951698447685487e+01
4.670217656250000005e+02,-9.144638264857660204e+01
4.670220585937499891e+02,-7.878408897748668949e+01
4.670223515625000346e+02,-8.304150306345303534e+01
4.670226445312500232e+02,-9.389621210983042943e+01
4.670229375000000118e+02,-9.693623721866678977e+01
4.670232304687500005e+02,-9.764038587082517040e+01
4.670235234374999891e+02,-9.644701311583025927e+01
4.670238164062500346e+02,-1.038405447779973514e+02
4.670241093750000232e+02,-1.023534129547480944e+02
4.670244023437500118e+02,-9.881714371612184777e+01
4.670246953125000005e+02,-1.006578265804176056e+02
4.670249882812499891e+02,-1.036969436320152909e+02
4.670252812500000346e+02,-8.634290969058390885e+01
4.670255742187500232e+02,-7.996037495322019595e+01
4.670258671875000118e+02,-8.755493301754397351e+01
4.670261601562500005e+02,-1.024126032330449618e+02
4.670264531249999891e+02,-9.383481160527506404e+01
4.670267460937500346e+02,-1.002862130389728463e+02
4.670270390625000232e+02,-1.105855428351848389e+02
4.670273320312500118e+02,-1.013069509607521468e+02
4.670276250000000005e+02,-9.828236715298424997e+01
4.670279179687499891e+02,-1.035444007291240780e+02
4.670282109375000346e+02,-9.835855556201308048e+01
4.670285039062500232e+02,-9.504948555437749746e+01
4.670287968750000118e+02,-1.015713845536610052e+02
4.670290898437500005e+02,-9.298651437164842548e+01
4.670293828124999891e+02,-1.050355171451946177e+02
4.670296757812500346e+02,-1.073156132065862209e+02
4.670299687500000232e+02,-1.095723030190739280e+02
4.670302617187500118e+02,-1.072447111891793412e+02
4.670305546875000005e+02,-1.050153759822324417e+02
4.670308476562499891e+02,-1.020490661349961812e+02
4.670311406250000346e+02,-1.104578785313598956e+02
4.670314335937500232e+02,-9.996234946100204866e+01
4.670317265625000118e+02,-9.634918145616424567e+01
4.670320195312500005e+02,-9.843372686399668225e+01
4.670323124999999891e+02,-9.683775576478764435e+01
4.670326054687500346e+02,-9.363504377580598259e+01
4.670328984375000232e+02,-1.091843767957313815e+02
4.670331914062500118e+02,-9.964158548228900258e+01
4.670334843750000005e+02,-1.092378718577168684e+02
4.670337773437499891e+02,-1.021055817168095956e+02
4.670340703125000346e+02,-1.014633898214971595e+02
4.670343632812500232e+02,-9.785622040167811519e+01
4.670346562500000118e+02,-9.814105589503381566e+01
4.670349492187500005e+02,-9.477074223976924827e+01
4.670352421874999891e+02,-9.836034037494547988e+01
4.670355351562500346e+02,-1.173102509963270847e+02
4.670358281250000232e+02,-9.720140783007552443e+01
4.670361210937500118e+02,-9.926341812520091423e+01
4.670364140625000005e+02,-1.007508078293724623e+02
4.670367070312499891e+02,-9.870047243766251199e+01
4.670370000000000346e+02,-9.888347064890211868e+01
4.670372929687500232e+02,-9.542506163796767282e+01
4.670375859375000118e+02,-1.030246857038413850e+02
4.670378789062500005e+02,-1.027975839203290462e+02
4.670381718749999891e+02,-9.375529112617610394e+01
4.670384648437500346e+02,-9.773672953247938722e+01
4.670387578125000232e+02,-9.914569105905600566e+01
4.670390507812500118e+02,-8.769913407752588341e+01
4.670393437500000005e+02,-9.087144618881224289e+01
4.670396367187499891e+02,-1.138937740059332526e+02
4.670399296875000346e+02,-9.869171860134667895e+01
4.670402226562500232e+02,-9.795906678830260716e+01
4.670405156250000118e+02,-1.037281718141763918e+02
4.670408085937500005e+02,-9.866274981250583664e+01
4.670411015624999891e+02,-1.035565629778763252e+02
4.670413945312500346e+02,-9.896743956996613178e+01
4.670416875000000232e+02,-9.686440854799153044e+01
4.670419804687500118e+02,-9.812427203414080168e+01
4.670422734375000005e+02,-8.353756548402677140e+01
4.670425664062499891e+02,-8.061859905192625320e+01
4.670428593750000346e+02,-9.396819796151822857e+01
4.670431523437500232e+02,-1.010362804106149923e+02
4.670434453125000118e+02,-9.785905283086266593e+01
4.670437382812500005e+02,-9.519665306902834345e+01
4.670440312499999891e+02,-9.528741172168842866e+01
4.670443242187500346e+02,-1.006903191344854918e+02
4.670446171875000232e+02,-1.028093506570760809e+02
4.670449101562500118e+02,-1.035604985440934058e+02
4.670452031250000005e+02,-9.818831784823423448e+01
4.670454960937499891e+02,-9.871091891436137189e+01
4.670457890625000346e+02,-9.325338232175587905e+01
4.670460820312500232e+02,-9.600175969661934516e+01
4.670463750000000118e+02,-1.037323569391173663e+02
4.670466679687500005e+02,-1.025032624216520674e+02
4.670469609374999891e+02,-1.002740658440521884e+02
4.670472539062500346e+02,-1.058566123286986596e+02
4.670475468750000232e+02,-1.000786089498732991e+02
4.670478398437500118e+02,-9.977066672826751415e+01
4.670481328125000005e+02,-1.016930722885349212e+02
4.670484257812499891e+02,-1.002083607894827679e+02
4.670487187500000346e+02,-1.050264702154871657e+02
4.670490117187500232e+02,-9.900344771122672682e+01
4.670493046875000118e+02,-9.141861047599788037e+01
4.670495976562500005e+02,-9.633410486639738224e+01
4.670498906249999891e+02,-1.019731598106694719e+02
4.670501835937500346e+02,-1.156353675434707782e+02
4.670504765625000232e+02,-1.011435990516001198e+02
4.670507695312500118e+02,-1.003418191742590579e+02
4.670510625000000005e+02,-1.021339290484016260e+02
4.670513554687499891e+02,-9.476426105975340874e+01
4.670516484375000346e+02,-1.018825991149947470e+02
4.670519414062500232e+02,-9.732352118681875197e+01
4.670522343750000118e+02,-9.809583198825400530e+01
4.670525273437500005e+02,-1.160448532842535485e+02
4.670528203124999891e+02,-9.451086655612792242e+01
4.670531132812500346e+02,-9.401519423950844612e+01
4.670534062500000232e+02,-9.896667549375628425e+01
4.670536992187500118e+02,-1.000038245151907148e+02
4.670539921875000005e+02,-9.940292241831222952e+01
4.670542851562499891e+02,-1.029888442914150346e+02
4.670545781250000346e+02,-9.643995083421708614e+01
4.670548710937500232e+02,-9.769744994585619224e+01
4.670551640625000118e+02,-1.036522636316044839e+02
4.670554570312500005e+02,-1.030833714444730447e+02
4.670557499999999891e+02,-9.876619833652844704e+01
4.670560429687500346e+02,-1.050366875717475068e+02
4.670563359375000232e+02,-9.540396845968928119e+01
4.670566289062500118e+02,-9.460609222672604801e+01
4.670569218750000005e+02,-9.592048310391504629e+01
4.670572148437499891e+02,-9.933772839914674080e+01
4.670575078125000346e+02,-1.044147196042185755e+02
4.670578007812500232e+02,-1.058434284782339176e+02
4.670580937500000118e+02,-9.814941666655001029e+01
4.670583867187500005e+02,-9.630411162843900286e+01
4.670586796874999891e+02,-9.841290148775705404e+01
4.670589726562500346e+02,-1.066488391562030529e+02
4.670592656250000232e+02,-1.028033790677854284e+02
4.670595585937500118e+02,-1.026796050336647852e+02
4.670598515625000005e+02,-1.046593004742864821e+02
4.670601445312499891e+02,-9.420756064027531806e+01
4.670604375000000346e+02,-1.061800318212173835e+02
4.670607304687500232e+02,-9.733403618533355939e+01
4.670610234375000118e+02,-9.570373791052057300e+01
4.670613164062500005e+02,-9.668671250530252337e+01
4.670616093749999891e+02,-9.740506071166400659e+01
4.670619023437500346e+02,-9.737560133930413997e+01
4.670621953125000232e+02,-1.046308053138602929e+02
4.670624882812500118e+02,-1.134788537275096019e+02
4.670627812500000005e+02,-1.010066695665740895e+02
4.670630742187499891e+02,-9.768211940642272850e+01
4.670633671875000346e+02,-1.037302134374202467e+02
4.670636601562500232e+02,-1.009165076691392642e+02
4.670639531250000118e+02,-9.628639387825489848e+01
4.670642460937500005e+02,-9.489595465371274940e+01
4.670645390624999891e+02,-1.002447491183316401e+02
4.670648320312500346e+02,-1.105540640709848219e+02
4.670651250000000232e+02,-9.947174510334519937e+01
4.670654179687500118e+02,-9.938422638206108672e+01
4.670657109375000005e+02,-1.031362894481366510e+02
4.670660039062499891e+02,-9.584431739130371852e+01
4.670662968750000346e+02,-1.027055784756648649e+02
4.670665898437500232e+02,-1.092357581849041708e+02
4.670668828125000118e+02,-9.859716443449443091e+01
4.670671757812500005e+02,-9.536807531199174548e+01
4.670674687499999891e+02,-9.245967988895631606e+01
4.670677617187500346e+02,-9.266034837717405992e+01
4.670680546875000232e+02,-9.272550337684069177e+01
4.670683476562500118e+02,-9.580904190048397595e+01
4.670686406250000005e+02,-9.509728475327192143e+01
4.670689335937499891e+02,-1.018713177934580187e+02
4.670692265625000346e+02,-1.043910125934987008e+02
4.670695195312500232e+02,-9.601446767433907326e+01
4.670698125000000118e+02,-9.983242869143663256e+01
4.670701054687500005e+02,-1.060423912010917178e+02
4.670703984374999891e+02,-9.886403297687894565e+01
4.670706914062500346e+02,-9.381539402087328483e+01
4.670709843750000232e+02,-9.378297537898916403e+01
4.670712773437500118e+02,-9.907534148643284766e+01
4.670715703125000005e+02,-9.051138948709817100e+01
4.670718632812499891e+02,-9.218674831107850309e+01
4.670721562500000346e+02,-9.812401275062435957e+01
4.670724492187500232e+02,-1.005368386995270811e+02
4.670727421875000118e+02,-9.396672815226884268e+01
4.670730351562500005e+02,-9.976585553551467456e+01
4.670733281249999891e+02,-9.363300424750258344e+01
4.670736210937500346e+02,-9.627532300139162658e+01
4.670739140625000232e+02,-9.573043524768183943e+01
4.670742070312500118e+02,-9.562478934253789475e+01
4.670745000000000005e+02,-1.035904071052418942e+02
4.670747929687499891e+02,-1.097368458502518109e+02
4.670750859375000346e+02,-9.830684295013546148e+01
4.670753789062500232e+02,-9.704277187697655904e+01
4.670756718750000118e+02,-9.918776350637324413e+01
4.670759648437500005e+02,-9.370403844564663132e+01
4.670762578124999891e+02,-9.710506633518954800e+01
4.670765507812500346e+02,-1.131165736276426514e+02
4.670768437500000232e+02,-1.000238803070387235e+02
4.670771367187500118e+02,-1.030622112584049432e+02
4.670774296875000005e+02,-1.021622333630658659e+02
4.670777226562499891e+02,-1.040804372372980566e+02
4.670780156250000346e+02,-9.662311982317264381e+01
4.670783085937500232e+02,-9.282189867245078574e+01
4.670786015625000118e+02,-9.638724208867081700e+01
4.670788945312500005e+02,-1.027462789018147902e+02
4.670791874999999891e+02,-1.012306526617926750e+02
4.670794804687500346e+02,-9.871836464422857205e+01
4.670797734375000232e+02,-9.595687071049538019e+01
4.670800664062500118e+02,-9.990539799416956157e+01
4.670803593750000005e+02,-9.336761474657633642e+01
4.670806523437499891e+02,-9.786450819026542547e+01
4.670809453125000346e+02,-8.878405184474324585e+01
4.670812382812500232e+02,-9.593745629092478566e+01
4.670815312500000118e+02,-9.530588749059302245e+01
4.670818242187500005e+02,-9.213619335180366932e+01
4.670821171874999891e+02,-9.192353658820564988e+01
4.670824101562500346e+02,-9.300449479820024123e+01
4.670827031250000232e+02,-9.920110956438068683e+01
4.670829960937500118e+02,-9.582044692901359895e+01
4.670832890625000005e+02,-9.634112627936022477e+01
4.670835820312499891e+02,-1.048837447064950510e+02
4.670838750000000346e+02,-9.738593204524890723e+01
4.670841679687500232e+02,-8.243907824873414825e+01
4.670844609375000118e+02,-8.176667567038485629e+01
4.670847539062500005e+02,-9.386017515519348819e+01
4.670850468749999891e+02,-1.025463533759116501e+02
4.670853398437500346e+02,-8.861761087517859892e+01
4.670856328125000232e+02,-8.703427708500704796e+01
4.670859257812500118e+02,-9.121925016843186995e+01
4.670862187500000005e+02,-1.000669779829076447e+02
4.670865117187499891e+02,-9.610126016876199628e+01
4.670868046875000346e+02,-9.123878661904387855e+01
4.670870976562500232e+02,-9.396029753107144700e+01
4.670873906250000118e+02,-8.517417406291441750e+01
4.670876835937500005e+02,-7.244668851531673681e+01
4.670879765624999891e+02,-7.556731399779592095e+01
4.670882695312500346e+02,-9.143244992655509407e+01
4.670885625000000232e+02,-9.237310014592910079e+01
4.670888554687500118e+02,-8.865700288925589234e+01
4.670891484375000005e+02,-8.871349890037797081e+01
4.670894414062499891e+02,-9.675662315906239996e+01
4.670897343750000346e+02,-1.030169253954639288e+02
4.670900273437500232e+02,-9.623196029347006686e+01
4.670903203125000118e+02,-9.242850891940896929e+01
4.670906132812500005e+02,-9.270629708324511853e+01
4.670909062499999891e+02,-8.384581940213281825e+01
4.670911992187500346e+02,-7.719658260788733628e+01
4.670914921875000232e+02,-8.570564752041507006e+01
4.670917851562500118e+02,-1.066484011782526551e+02
4.670920781250000005e+02,-9.864948104529922546e+01
4.670923710937499891e+02,-9.595024968148470634e+01
4.670926640625000346e+02,-1.012094200074478749e+02
4.670929570312500232e+02,-9.289337114259180339e+01
4.670932500000000118e+02,-9.096887104163316451e+01
4.670935429687500005e+02,-9.502619630474265477e+01
4.670938359374999891e+02,-9.435116307007915282e+01
4.670941289062500346e+02,-9.377044517781733646e+01
4.670944218750000232e+02,-8.815578801596456060e+01
4.670947148437500118e+02,-8.671166675222714559e+01
4.670950078125000005e+02,-9.524095784115641550e+01
4.670953007812499891e+02,-1.034020154357191927e+02
4.670955937500000346e+02,-1.096892224461255694e+02
4.670958867187500232e+02,-1.085992011376954878e+02
4.670961796875000118e+02,-1.034195799120680448e+02
4.670964726562500005e+02,-9.341163977508020366e+01
4.670967656249999891e+02,-9.518815656110464829e+01
4.670970585937500346e+02,-9.821949128452827438e+01
4.670973515625000232e+02,-9.588664283867760219e+01
4.670976445312500118e+02,-9.617796607238012996e+01
4.670979375000000005e+02,-1.048251487135459570e+02
4.670982304687499891e+02,-9.538941380052277452e+01
4.670985234375000346e+02,-9.723702536499061466e+01
4.670988164062500232e+02,-9.486879615819729850e+01
4.670991093750000118e+02,-1.057600154339050107e+02
4.670994023437500005e+02,-1.000277957712282841e+02
4.670996953124999891e+02,-1.107241138410978607e+02
4.670999882812500346e+02,-9.678468792064280990e+01
4.671002812500000232e+02,-1.022911561363976460e+02
4.671005742187500118e+02,-9.567025031255923295e+01
4.671008671875000005e+02,-1.011971587448790757e+02
4.671011601562499891e+02,-1.009933549472295908e+02
4.671014531250000346e+02,-1.017345495925028445e+02
4.671017460937500232e+02,-1.028662443555453763e+02
4.671020390625000118e+02,-9.700416856886549510e+01
4.671023320312500005e+02,-9.192426705088774952e+01
4.671026249999999891e+02,-9.264857185468625289e+01
4.671029179687500346e+02,-9.268166513884409596e+01
4.671032109375000232e+02,-1.079635300698782885e+02
4.671035039062500118e+02,-1.186264928722683294e+02
4.671037968750000005e+02,-9.579957458769676748e+01
4.671040898437499891e+02,-1.083042227707620100e+02
4.671043828125000346e+02,-8.403668626712334344e+01
4.671046757812500232e+02,-7.609096059924733879e+01
4.671049687500000118e+02,-8.309790443100673940e+01
4.671052617187500005e+02,-1.204472162424087571e+02
4.671055546874999891e+02,-9.101669537785699049e+01
4.671058476562500346e+02,-9.025255152719638829e+01
4.671061406250000232e+02,-9.138261090690845379e+01
4.671064335937500118e+02,-9.411627967979178777e+01
4.671067265625000005e+02,-9.847552567296334303e+01
4.671070195312499891e+02,-1.008863051182102311e+02
4.671073125000000346e+02,-1.017597922823556758e+02
4.671076054687500232e+02,-9.124197552842586845e+01
4.671078984375000118e+02,-8.566221382024288289e+01
4.671081914062500005e+02,-8.774708367433962053e+01
4.671084843749999891e+02,-1.025852085581585129e+02
4.671087773437500346e+02,-9.696428381807669439e+01
4.671090703125000232e+02,-9.466258829602912783e+01
4.671093632812500118e+02,-1.103779671993056155e+02
4.671096562500000005e+02,-9.514953685881698675e+01
4.671099492187499891e+02,-9.670981236304037054e+01
4.671102421875000346e+02,-1.005798346986649960e+02
4.671105351562500232e+02,-9.998199013264161295e+01
4.671108281250000118e+02,-9.470956387776894303e+01
4.671111210937500005e+02,-9.618000032883257688e+01
4.671114140624999891e+02,-9.971560450223960004e+01
4.671117070312500346e+02,-1.042803333223406810e+02
4.671120000000000232e+02,-1.001600232598243991e+02
4.671122929687500118e+02,-9.851131361038099499e+01
4.671125859375000005e+02,-9.687420044706794897e+01
4.671128789062499891e+02,-9.633870494198346535e+01
4.671131718750000346e+02,-1.029109818568507393e+02
4.671134648437500232e+02,-1.014994855695342579e+02
4.671137578125000118e+02,-9.949247449671844379e+01
4.671140507812500005e+02,-1.049487768597807928e+02
4.671143437499999891e+02,-1.073951571168668551e+02
4.671146367187500346e+02,-1.002110811084542661e+02
4.671149296875000232e+02,-1.073778363325354519e+02
4.671152226562500118e+02,-1.089540716805300349e+02
4.671155156250000005e+02,-1.054435091889486245e+02
4.671158085937499891e+02,-9.816010547273305065e+01
4.671161015625000346e+02,-9.129807833587898358e+01
4.671163945312500232e+02,-9.473564083679474379e+01
4.671166875000000118e+02,-1.149986178144961571e+02
4.671169804687500005e+02,-9.707081042962052209e+01
4.671172734374999891e+02,-9.660603805180976167e+01
4.671175664062500346e+02,-1.078514996572212681e+02
4.671178593750000232e+02,-9.962469689824362717e+01
4.671181523437500118e+02,-9.766338841971693796e+01
4.671184453125000005e+02,-1.115614967553564298e+02
4.671187382812499891e+02,-1.005059329613796990e+02
4.671190312500000346e+02,-1.045344872731394759e+02
4.671193242187500232e+02,-9.730926494949285654e+01
4.671196171875000118e+02,-9.709239759703322648e+01
4.671199101562500005e+02,-9.765214503606287622e+01
4.671202031249999891e+02,-1.123938978545538987e+02
4.671204960937500346e+02,-9.652556711003074952e+01
4.671207890625000232e+02,-1.025791745746040959e+02
4.671210820312500118e+02,-1.223467652141523274e+02
4.671213750000000005e+02,-9.994221174942808261e+01
4.671216679687499891e+02,-1.050465038285970110e+02
4.671219609375000346e+02,-1.014381764187110946e+02
4.671222539062500232e+02,-9.709625925834031079e+01
4.671225468750000118e+02,-9.780350189249836035e+01
4.671228398437500005e+02,-1.039686866902030715e+02
4.671231328124999891e+02,-9.491731740930944738e+01
4.671234257812500346e+02,-9.641524092857386563e+01
4.671237187500000232e+02,-1.003774007076572872e+02
4.671240117187500118e+02,-9.555169328751955504e+01
4.671243046875000005e+02,-9.777108622538038674e+01
4.671245976562499891e+02,-1.126795491728249772e+02
4.671248906250000346e+02,-1.003557200557217612e+02
4.671251835937500232e+02,-1.043141359022073118e+02
4.671254765625000118e+02,-9.736283021144546979e+01
4.671257695312500005e+02,-9.444086802153422866e+01
4.671260624999999891e+02,-9.723913472200210606e+01
4.671263554687500346e+02,-9.697975425480763079e+01
4.671266484375000232e+02,-9.392230505445959921e+01
4.671269414062500118e+02,-9.419861995732503601e+01
4.671272343750000005e+02,-9.669305245690549100e+01
4.671275273437499891e+02,-9.936631637791580829e+01
4.671278203125000346e+02,-1.009794738819570341e+02
4.671281132812500232e+02,-1.041058677274275226e+02
4.671284062500000118e+02,-9.693638441939233985e+01
4.671286992187500005e+02,-9.513937820697722714e+01
4.671289921874999891e+02,-9.339521549529237632e+01
4.671292851562500346e+02,-9.401682157936687645e+01
4.671295781250000232e+02,-9.701926908806265715e+01
4.671298710937500118e+02,-9.745646892199269473e+01
4.671301640625000005e+02,-1.067444997560865261e+02
4.671304570312499891e+02,-9.770714009954755852e+01
4.671307500000000346e+02,-9.402938977863880154e+01
4.671310429687500232e+02,-9.550743194688651272e+01
4.671313359375000118e+02,-9.904505125107961305e+01
4.671316289062500005e+02,-1.042511241998761449e+02
4.671319218749999891e+02,-1.005097252484270740e+02
4.671322148437500346e+02,-1.059777495485884771e+02
4.671325078125000232e+02,-9.989068813656453472e+01
4.671328007812500118e+02,-9.394664116687779654e+01
4.671330937500000005e+02,-9.033614089708578376e+01
4.671333867187499891e+02,-9.351040635194051731e+01
4.671336796875000346e+02,-9.873993672387625509e+01
4.671339726562500232e+02,-9.608270670040101891e+01
4.671342656250000118e+02,-9.941793297501995141e+01
4.671345585937500005e+02,-1.037967210937556501e+02
4.671348515624999891e+02,-9.725786747675179811e+01
4.671351445312500346e+02,-9.560764800943219655e+01
4.671354375000000232e+02,-9.429720238938111265e+01
4.671357304687500118e+02,-1.057409131165568681e+02
4.671360234375000005e+02,-9.881931498344071940e+01
4.671363164062499891e+02,-9.573516552987234718e+01
4.671366093750000346e+02,-9.850278535592933338e+01
4.671369023437500232e+02,-9.859724432164178154e+01
4.671371953125000118e+02,-9.759055775485694539e+01
4.671374882812500005e+02,-1.043195773891296483e+02
4.671377812499999891e+02,-9.923577025633943549e+01
4.671380742187500346e+02,-1.023609361962635091e+02
4.671383671875000232e+02,-1.001397892906377081e+02
4.671386601562500118e+02,-1.046611242445803214e+02
4.671389531250000005e+02,-9.586062511597005198e+01
4.671392460937499891e+02,-9.424625994412350849e+01
4.671395390625000346e+02,-9.385436748297559006e+01
4.671398320312500232e+02,-9.330649085229839557e+01
4.671401250000000118e+02,-9.666841923956177141e+01
4.671404179687500005e+02,-1.016551102326370710e+02
4.671407109374999891e+02,-1.099609541706165317e+02
4.671410039062500346e+02,-1.000602901293171954e+02
4.671412968750000232e+02,-9.368811155918949396e+01
4.671415898437500118e+02,-9.398249677013772896e+01
4.671418828125000005e+02,-1.033596590330526794e+02
4.671421757812499891e+02,-9.519546103261875203e+01
4.671424687500000346e+02,-9.292616446776082739e+01
4.671427617187500232e+02,-9.524414485649784012e+01
4.671430546875000118e+02,-9.469114202042297279e+01
4.671433476562500005e+02,-9.137083094191874011e+01
4.671436406249999891e+02,-1.009351280691616353e+02
4.671439335937500346e+02,-9.115061818360702262e+01
4.671442265625000232e+02,-9.521372895519763802e+01
4.671445195312500118e+02,-9.987520457399435259e+01
4.671448125000000005e+02,-9.373479985413374038e+01
4.671451054687499891e+02,-9.202723881522499028e+01
4.671453984375000346e+02,-1.007676169495856442e+02
4.671456914062500232e+02,-9.988699257628299222e+01
4.671459843750000118e+02,-9.242889020161638314e+01
4.671462773437500005e+02,-9.144865123754865976e+01
4.671465703124999891e+02,-8.122832398197738257e+01
4.671468632812500346e+02,-8.733069358638125834e+01
4.671471562500000232e+02,-1.014080615617300225e+02
4.671474492187500118e+02,-9.446238267787215648e+01
4.671477421875000005e+02,-9.715695344662444199e+01
4.671480351562499891e+02,-1.084294170160280402e+02
4.671483281250000346e+02,-1.035527544191902223e+02
4.671486210937500232e+02,-9.697853309695602775e+01
4.671489140625000118e+02,-8.898038600858411939e+01
4.671492070312500005e+02,-8.766611042508066021e+01
4.671494999999999891e+02,-9.439534197486483436e+01
4.671497929687500346e+02,-7.144049942163049138e+01
4.671500859375000232e+02,-6.999390787110147016e+01
4.671503789062500118e+02,-8.231022783906487916e+01
4.671506718750000005e+02,-9.591369393139817134e+01
4.671509648437499891e+02,-1.079387240397707899e+02
4.671512578125000346e+02,-9.723966685591332748e+01
4.671515507812500232e+02,-1.212101835615040244e+02
4.671518437500000118e+02,-1.034412201375833433e+02
4.671521367187500005e+02,-9.951950544671989007e+01
4.671524296874999891e+02,-9.402467459920480053e+01
4.671527226562500346e+02,-9.344610022434041241e+01
4.671530156250000232e+02,-9.387305706810690253e+01
4.671533085937500118e+02,-8.244376752943065867e+01
4.671536015625000005e+02,-8.389482157533068118e+01
4.671538945312499891e+02,-1.093587839964779391e+02
4.671541875000000346e+02,-9.505439444410330907e+01
4.671544804687500232e+02,-9.776649888999838822e+01
4.671547734375000118e+02,-8.944316216008145659e+01
4.671550664062500005e+02,-9.185697826819500733e+01
4.671553593749999891e+02,-1.068593596456012449e+02
4.671556523437500346e+02,-1.027305925337168730e+02
4.671559453125000232e+02,-9.231018863227723159e+01
4.671562382812500118e+02,-9.351246913825113438e+01
4.671565312500000005e+02,-9.073830605549810002e+01
4.671568242187499891e+02,-8.343922497249522507e+01
4.671571171875000346e+02,-9.149940592457414823e+01
4.671574101562500232e+02,-1.025203421292888919e+02
4.671577031250000118e+02,-9.640692498920871856e+01
4.671579960937500005e+02,-8.987782953520888896e+01
4.671582890624999891e+02,-9.067979248520438773e+01
4.671585820312500346e+02,-9.458683428361587175e+01
4.671588750000000232e+02,-9.688253493590757159e+01
4.671591679687500118e+02,-9.097209638456394032e+01
4.671594609375000005e+02,-9.089061748969557186e+01
4.671597539062499891e+02,-9.345242389449271059e+01
4.671600468750000346e+02,-9.276976026345940340e+01
4.671603398437500232e+02,-9.414095526795645696e+01
4.671606328125000118e+02,-9.586895437970409262e+01
4.671609257812500005e+02,-1.002379816777559540e+02
4.671612187499999891e+02,-1.022542628896479187e+02
4.671615117187500346e+02,-9.524946751909629938e+01
4.671618046875000232e+02,-9.888283377979745126e+01
4.671620976562500118e+02,-9.453086069878480657e+01
4.671623906250000005e+02,-1.048244308390432309e+02
4.671626835937499891e+02,-9.388796323789570408e+01
4.671629765625000346e+02,-9.400741986175353304e+01
4.671632695312500232e+02,-8.812775985704732307e+01
4.671635625000000118e+02,-8.717895996359034427e+01
4.671638554687500005e+02,-9.900271011375231467e+01
4.671641484374999891e+02,-9.487545660382517099e+01
4.671644414062500346e+02,-1.017528582199022367e+02
4.671647343750000232e+02,-1.108262955468563860e+02
4.671650273437500118e+02,-9.691465381661394929e+01
4.671653203125000005e+02,-9.849266323011815416e+01
4.671656132812499891e+02,-9.440383166382652291e+01
4.671659062500000346e+02,-9.342301651444768140e+01
4.671661992187500232e+02,-9.343930245961712444e+01
4.671664921875000118e+02,-1.071921424427546299e+02
4.671667851562500005e+02,-8.431057526431793292e+01
4.671670781249999891e+02,-8.645814502033661597e+01
4.671673710937500346e+02,-9.380679969912365834e+01
4.671676640625000232e+02,-1.059805893443905234e+02
4.671679570312500118e+02,-9.903300105014645283e+01
4.671682500000000005e+02,-1.095429582544235814e+02
4.671685429687499891e+02,-9.823850020615967082e+01
4.671688359375000346e+02,-9.506048325428895396e+01
4.671691289062500232e+02,-9.498609656295718651e+01
4.671694218750000118e+02,-9.466788925133933219e+01
4.671697148437500005e+02,-1.033131667141058330e+02
4.671700078124999891e+02,-8.992172221461375159e+01
4.671703007812500346e+02,-8.511817211976692477e+01
4.671705937500000232e+02,-9.865522879376590026e+01
4.671708867187500118e+02,-9.910308026554804428e+01
4.671711796875000005e+02,-9.818502265329497902e+01
4.671714726562499891e+02,-1.047679907552164309e+02
4.671717656250000346e+02,-1.096544129858630470e+02
4.671720585937500232e+02,-9.985843304525646147e+01
4.671723515625000118e+02,-9.355248568550993582e+01
4.671726445312500005e+02,-9.355886257386445948e+01
4.671729374999999891e+02,-9.528202571108194263e+01
4.671732304687500346e+02,-9.356851914625430311e+01
4.671735234375000232e+02,-9.077187270845053035e+01
4.671738164062500118e+02,-9.444256130685742789e+01
4.671741093750000005e+02,-1.056969977203252427e+02
4.671744023437499891e+02,-1.036196295620025580e+02
4.671746953125000346e+02,-1.099687620527680707e+02
4.671749882812500232e+02,-1.089654671643611152e+02
4.671752812500000118e+02,-1.004514946068711367e+02
4.671755742187500005e+02,-1.013317758829823987e+02
4.671758671874999891e+02,-9.832182228650665934e+01
4.671761601562500346e+02,-9.851972443193089646e+01
4.671764531250000232e+02,-9.377252661066174255e+01
4.671767460937500118e+02,-9.402783598004853616e+01
4.671770390625000005e+02,-9.890849309943760659e+01
4.671773320312499891e+02,-1.091478545837571232e+02
4.671776250000000346e+02,-9.915601985134179586e+01
4.671779179687500232e+02,-9.940627140890580904e+01
4.671782109375000118e+02,-9.371969085658678011e+01
4.671785039062500005e+02,-9.560312396744825492e+01
4.671787968749999891e+02,-9.817220549659593587e+01
4.671790898437500346e+02,-9.337780622649502504e+01
4.671793828125000232e+02,-9.495336130582670364e+01
4.671796757812500118e+02,-1.113357666406438682e+02
4.671799687500000005e+02,-9.977100136506595618e+01
4.671802617187499891e+02,-9.930950258981891920e+01
4.671805546875000346e+02,-1.038416250853671556e+02
4.671808476562500232e+02,-1.080025648618832435e+02
4.671811406250000118e+02,-1.072090197434783931e+02
4.671814335937500005e+02,-1.060446760259399639e+02
4.671817265624999891e+02,-9.112084915247734784e+01
4.671820195312500346e+02,-9.647903281243745255e+01
4.671823125000000232e+02,-1.002139071520192317e+02
4.671826054687500118e+02,-1.154474874562940272e+02
4.671828984375000005e+02,-1.063256442216266038e+02
4.671831914062499891e+02,-1.033504195048347327e+02
4.671834843750000346e+02,-9.812023818635938710e+01
4.671837773437500232e+02,-9.713434633573031363e+01
4.671840703125000118e+02,-1.118501374681144824e+02
4.671843632812500005e+02,-1.124958172668529954e+02
4.671846562499999891e+02,-9.771810325102514128e+01
4.671849492187500346e+02,-9.643332299441300393e+01
4.671852421875000232e+02,-9.953436863057454786e+01
4.671855351562500118e+02,-1.087906169008519157e+02
4.671858281250000005e+02,-1.046195730681951659e+02
4.671861210937499891e+02,-1.028678759449114608e+02
4.671864140625000346e+02,-1.055671656345119658e+02
4.671867070312500232e+02,-9.550081089796594824e+01
4.671870000000000118e+02,-9.969953112084408531e+01
4.671872929687500005e+02,-8.930858264347767772e+01
4.671875859374999891e+02,-9.564898163062775893e+01
4.671878789062500346e+02,-1.035208324152337980e+02
4.671881718750000232e+02,-1.013089700746907340e+02
4.671884648437500118e+02,-9.701360199042646570e+01
4.671887578125000005e+02,-1.034400990983482131e+02
4.671890507812499891e+02,-9.664403038850664984e+01
4.671893437500000346e+02,-9.734688809754864280e+01
4.671896367187500232e+02,-9.569860805875721610e+01
4.671899296875000118e+02,-9.863361143692280564e+01
4.671902226562500005e+02,-9.951347948513128472e+01
4.671905156249999891e+02,-9.853697144344866388e+01
4.671908085937500346e+02,-9.983454672726901435e+01
4.671911015625000232e+02,-1.041848320006053399e+02
4.671913945312500118e+02,-1.108221313995303916e+02
4.671916875000000005e+02,-9.978331808382864665e+01
4.671919804687499891e+02,-9.628741497284580930e+01
4.671922734375000346e+02,-9.968274033956733149e+01
4.671925664062500232e+02,-1.079027062268502846e+02
4.671928593750000118e+02,-1.027373723475414238e+02
4.671931523437500005e+02,-1.021538666397609205e+02
4.671934453124999891e+02,-9.925995466241062104e+01
4.671937382812500346e+02,-9.468874994784175669e+01
4.671940312500000232e+02,-9.626189822523079442e+01
4.671943242187500118e+02,-1.207511061123403522e+02
4.671946171875000005e+02,-1.105984451532333708e+02
4.671949101562499891e+02,-1.053680443386576258e+02
4.671952031250000346e+02,-9.429054265054497819e+01
4.671954960937500232e+02,-9.266029719885381155e+01
4.671957890625000118e+02,-1.029169372768325843e+02
4.671960820312500005e+02,-9.221225355492802578e+01
4.671963749999999891e+02,-9.795249842424888698e+01
4.671966679687500346e+02,-9.349399553561687526e+01
4.671969609375000232e+02,-9.469222284933439937e+01
4.671972539062500118e+02,-9.982143347211467699e+01
4.671975468750000005e+02,-1.041413717460811625e+02
4.671978398437499891e+02,-1.175360048016923429e+02
4.671981328125000346e+02,-1.031421826508804713e+02
4.671984257812500232e+02,-9.467497283432902577e+01
4.671987187500000118e+02,-9.494634269355209710e+01
4.671990117187500005e+02,-9.404551692517100037e+01
4.671993046874999891e+02,-9.655485475050684840e+01
4.671995976562500346e+02,-9.462973428678182586e+01
4.671998906250000232e+02,-9.894284240638675954e+01
4.672001835937500118e+02,-1.014499360340623468e+02
4.672004765625000005e+02,-9.750007305434664318e+01
4.672007695312499891e+02,-9.946020291975796113e+01
4.672010625000000346e+02,-1.044515790678496785e+02
4.672013554687500232e+02,-9.716229436684530185e+01
4.672016484375000118e+02,-9.419482467293468630e+01
4.672019414062500005e+02,-9.142567618079553426e+01
4.672022343749999891e+02,-9.553068317439593216e+01
4.672025273437500346e+02,-1.008482204819136712e+02
4.672028203125000232e+02,-9.661072011356631606e+01
4.672031132812500118e+02,-9.348458353058802572e+01
4.672034062500000005e+02,-1.009959259385621806e+02
4.672036992187499891e+02,-9.617590206086005367e+01
4.672039921875000346e+02,-9.622228836937560459e+01
4.672042851562500232e+02,-9.460640499586686758e+01
4.672045781250000118e+02,-8.938608056668884672e+01
4.672048710937500005e+02,-9.410914210474489039e+01
4.672051640624999891e+02,-9.474757671788425739e+01
4.672054570312500346e+02,-9.125595785505063873e+01
4.672057500000000232e+02,-9.847505121420687146e+01
4.672060429687500118e+02,-9.824134438998800078e+01
4.672063359375000005e+02,-9.007489884512189349e+01
4.672066289062499891e+02,-9.377501631439622543e+01
4.672069218750000346e+02,-1.005152970089338140e+02
4.672072148437500232e+02,-9.480656374003837072e+01
4.672075078125000118e+02,-9.259400508026487842e+01
4.672078007812500005e+02,-9.030563199191169588e+01
4.672080937499999891e+02,-8.834220284922061239e+01
4.672083867187500346e+02,-9.455132575496746483e+01
4.672086796875000232e+02,-8.263561437447555136e+01
4.672089726562500118e+02,-8.242602933120990372e+01
4.672092656250000005e+02,-9.423606658606647102e+01
4.672095585937499891e+02,-9.637824234154847147e+01
4.672098515625000346e+02,-9.480474784951960032e+01
4.672101445312500232e+02,-9.161031683015542626e+01
4.672104375000000118e+02,-9.206973632900565008e+01
4.672107304687500005e+02,-8.626198646361888223e+01
4.672110234374999891e+02,-8.409676356044661816e+01
4.672113164062500346e+02,-8.777827698285192071e+01
4.672116093750000232e+02,-9.020394279485442723e+01
4.672119023437500118e+02,-7.033842160408717348e+01
4.672121953125000005e+02,-6.353104830690029559e+01
4.672124882812499891e+02,-7.166715318739530005e+01
4.672127812500000346e+02,-9.686689867324241732e+01
4.672130742187500232e+02,-8.613045211205708540e+01
4.672133671875000118e+02,-8.337329485218860725e+01
4.672136601562500005e+02,-8.696114444146859057e+01
4.672139531249999891e+02,-9.142432143968740377e+01
4.672142460937500346e+02,-8.698869112009822402e+01
4.672145390625000232e+02,-8.927484209506431512e+01
4.672148320312500118e+02,-9.565078816119859084e+01
4.672151250000000005e+02,-1.013515894094763325e+02
4.672154179687499891e+02,-8.657162718246809163e+01
4.672157109375000346e+02,-8.336382056739472546e+01
4.672160039062500232e+02,-9.339128817837487873e+01
4.672162968750000118e+02,-9.516213700280445664e+01
4.672165898437500005e+02,-9.626583238357031291e+01
4.672168828124999891e+02,-9.891966629365361996e+01
4.672171757812500346e+02,-1.142608363103234410e+02
4.672174687500000232e+02,-1.000809252874576600e+02
4.672177617187500118e+02,-9.391346471320638045e+01
4.672180546875000005e+02,-1.039089897948238956e+02
4.672183476562499891e+02,-1.002741066098381850e+02
4.672186406250000346e+02,-1.063274659018030519e+02
4.672189335937500232e+02,-8.997002662662706030e+01
4.672192265625000118e+02,-8.931728661120681068e+01
4.672195195312500005e+02,-1.029994637385830458e+02
4.672198124999999891e+02,-1.014340025637314113e+02
4.672201054687500346e+02,-9.558232193101653706e+01
4.672203984375000232e+02,-9.403865818017520439e+01
4.672206914062500118e+02,-1.019890401568413267e+02
4.672209843750000005e+02,-9.494139857388866233e+01
4.672212773437499891e+02,-9.456272180087454160e+01
4.672215703125000346e+02,-8.991767695862785104e+01
4.672218632812500232e+02,-9.409171656313645826e+01
4.672221562500000118e+02,-9.861168077046966118e+01
4.672224492187500005e+02,-8.938743782096948109e+01
4.672227421874999891e+02,-1.000649857471368165e+02
4.672230351562500346e+02,-1.057344423185613635e+02
4.672233281250000232e+02,-1.097305908881659775e+02
4.672236210937500118e+02,-9.036766769068137251e+01
4.672239140625000005e+02,-8.944529779087433496e+01
4.672242070312499891e+02,-1.067701410510286735e+02
4.672245000000000346e+02,-9.661757579937875562e+01
4.672247929687500232e+02,-9.060017394038887062e+01
4.672250859375000118e+02,-8.944470378027398283e+01
4.672253789062500005e+02,-9.768153631552772254e+01
4.672256718749999891e+02,-9.731435535627323929e+01
4.672259648437500346e+02,-1.006928087491050405e+02
4.672262578125000232e+02,-1.019916095386038819e+02
4.672265507812500118e+02,-1.002170701209866195e+02
4.672268437500000005e+02,-1.023558853215497066e+02
4.672271367187499891e+02,-9.350855505561973757e+01
4.672274296875000346e+02,-9.472608456265834320e+01
4.672277226562500232e+02,-9.774319599061436747e+01
4.672280156250000118e+02,-1.098163059406660267e+02
4.672283085937500005e+02,-9.805963139107259963e+01
4.672286015624999891e+02,-9.497160558717857270e+01
4.672288945312500346e+02,-8.424270209943706789e+01
4.672291875000000232e+02,-8.112900625242382091e+01
4.672294804687500118e+02,-9.920069335207062977e+01
4.672297734375000005e+02,-9.761105694046088388e+01
4.672300664062499891e+02,-1.059869472323084238e+02
4.672303593750000346e+02,-9.665236498274565236e+01
4.672306523437500232e+02,-1.046221163941312113e+02
4.672309453125000118e+02,-1.064876069451173635e+02
4.672312382812500005e+02,-9.741143768737053676e+01
4.672315312499999891e+02,-9.255011153740886698e+01
4.672318242187500346e+02,-9.199001512325799013e+01
4.672321171875000232e+02,-9.585083430218949729e+01
4.672324101562500118e+02,-8.161977986024970733e+01
4.672327031250000005e+02,-8.157213390357014760e+01
4.672329960937499891e+02,-9.001462559855058032e+01
4.672332890625000346e+02,-1.042140568486595953e+02
4.672335820312500232e+02,-9.807533640685088017e+01
4.672338750000000118e+02,-9.509371703968682255e+01
4.672341679687500005e+02,-9.395745188451725483e+01
4.672344609374999891e+02,-9.975259063247503377e+01
4.672347539062500346e+02,-9.687513860855263204e+01
4.672350468750000232e+02,-9.679022068205750884e+01
4.672353398437500118e+02,-1.077762153834791405e+02
4.672356328125000005e+02,-1.013003750344001475e+02
4.672359257812499891e+02,-9.493072824951318012e+01
4.672362187500000346e+02,-9.209362408809445810e+01
4.672365117187500232e+02,-9.423348780392103663e+01
4.672368046875000118e+02,-1.060129217636496151e+02
4.672370976562500005e+02,-9.946953506879492579e+01
4.672373906249999891e+02,-9.349026249018690748e+01
4.672376835937500346e+02,-9.423600431245105824e+01
4.672379765625000232e+02,-9.635717735980358611e+01
4.672382695312500118e+02,-9.376302576898750374e+01
4.672385625000000005e+02,-9.759855046652761246e+01
4.672388554687499891e+02,-1.060222000331178265e+02
4.672391484375000346e+02,-1.027491134350488124e+02
4.672394414062500232e+02,-9.505927991408542255e+01
4.672397343750000118e+02,-9.459878823080936172e+01
4.672400273437500005e+02,-9.431121204152424298e+01
4.672403203124999891e+02,-1.009592300862908445e+02
4.672406132812500346e+02,-9.874974899778086979e+01
4.672409062500000232e+02,-1.004545100912044973e+02
4.672411992187500118e+02,-8.968668087401692901e+01
4.672414921875000005e+02,-8.656351657547448042e+01
4.672417851562499891e+02,-9.366804937358027416e+01
4.672420781250000346e+02,-9.052996432517875292e+01
4.672423710937500232e+02,-9.806381317018906429e+01
4.672426640625000118e+02,-1.180894174331314304e+02
4.672429570312500005e+02,-9.514463307099157419e+01
4.672432499999999891e+02,-9.092187309321272437e+01
4.672435429687500346e+02,-9.063314411731086295e+01
4.672438359375000232e+02,-9.479056289859393303e+01
4.672441289062500118e+02,-9.343497504301213041e+01
4.672444218750000005e+02,-9.076320340921897412e+01
4.672447148437499891e+02,-9.370337052877218298e+01
4.672450078125000346e+02,-9.895108080847329290e+01
4.672453007812500232e+02,-9.926286234756553029e+01
4.672455937500000118e+02,-9.522863532684510801e+01
4.672458867187500005e+02,-9.709501396939401729e+01
4.672461796874999891e+02,-1.009433786005461684e+02
4.672464726562500346e+02,-9.797575222513331994e+01
4.672467656250000232e+02,-9.288170087454841450e+01
4.672470585937500118e+02,-9.285518838058416691e+01
4.672473515625000005e+02,-9.616194569801373859e+01
4.672476445312499891e+02,-1.024921028695165859e+02
4.672479375000000346e+02,-1.063504605961836234e+02
4.672482304687500232e+02,-9.797677558735023240e+01
4.672485234375000118e+02,-1.009600995672569184e+02
4.672488164062500005e+02,-1.000739157429528490e+02
4.672491093749999891e+02,-1.103293227211011924e+02
4.672494023437500346e+02,-9.111462147083977925e+01
4.672496953125000232e+02,-9.002466889371497416e+01
4.672499882812500118e+02,-9.283539690342045958e+01
4.672502812500000005e+02,-8.909167819863304771e+01
4.672505742187499891e+02,-1.000117230120207381e+02
4.672508671875000346e+02,-1.023299226879256310e+02
4.672511601562500232e+02,-1.111562473368799999e+02
4.672514531250000118e+02,-1.001999142357200725e+02
4.672517460937500005e+02,-1.005296330594694894e+02
4.672520390624999891e+02,-1.099014710716872685e+02
4.672523320312500346e+02,-1.068548185732798714e+02
4.672526250000000232e+02,-9.723030956195745489e+01
4.672529179687500118e+02,-9.292315719549159780e+01
4.672532109375000005e+02,-9.430139894925859778e+01
4.672535039062499891e+02,-1.003310697565580085e+02
4.672537968750000346e+02,-9.605326433730718350e+01
4.672540898437500232e+02,-1.019409809922398580e+02
4.672543828125000118e+02,-1.091026104276237447e+02
4.672546757812500005e+02,-9.763380835510139377e+01
4.672549687499999891e+02,-9.244176096927813546e+01
4.672552617187500346e+02,-9.315167420475439997e+01
4.672555546875000232e+02,-1.078315296742023435e+02
4.672558476562500118e+02,-1.026577019848305952e+02
4.672561406250000005e+02,-9.928230136776348047e+01
4.672564335937499891e+02,-9.298444713627523583e+01
4.672567265625000346e+02,-9.768196380602194040e+01
4.672570195312500232e+02,-9.578517656579498407e+01
4.672573125000000118e+02,-9.455319760803925533e+01
4.672576054687500005e+02,-9.428282185168112051e+01
4.672578984374999891e+02,-9.488435399749279497e+01
4.672581914062500346e+02,-9.478847450056460389e+01
4.672584843750000232e+02,-1.057303157044755295e+02
4.672587773437500118e+02,-1.020953076902140992e+02
4.672590703125000005e+02,-9.542267597005141511e+01
4.672593632812499891e+02,-9.175348395110992783e+01
4.672596562500000346e+02,-9.655419355045465579e+01
4.672599492187500232e+02,-1.032808472621222222e+02
4.672602421875000118e+02,-1.047694982233323628e+02
4.672605351562500005e+02,-9.840124505201151806e+01
4.672608281249999891e+02,-9.622508773317423447e+01
4.672611210937500346e+02,-9.131349474318648163e+01
4.672614140625000232e+02,-9.528320006568964118e+01
4.672617070312500118e+02,-9.949738594219830645e+01
4.672620000000000005e+02,-9.849596335874386455e+01
4.672622929687499891e+02,-9.784961653699811279e+01
4.672625859375000346e+02,-9.218239728941529165e+01
4.672628789062500232e+02,-9.230313284747643365e+01
4.672631718750000118e+02,-1.025471885245860193e+02
4.672634648437500005e+02,-9.252403225437797119e+01
4.672637578124999891e+02,-9.764819018879171608e+01
4.672640507812500346e+02,-9.947777254411036552e+01
4.672643437500000232e+02,-9.223063005759156852e+01
4.672646367187500118e+02,-9.491383662888256367e+01
4.672649296875000005e+02,-9.687376773926521878e+01
4.672652226562499891e+02,-9.593885594543340289e+01
4.672655156250000346e+02,-1.081427555201824191e+02
4.672658085937500232e+02,-9.823831057999315419e+01
4.672661015625000118e+02,-9.109187146503229826e+01
4.672663945312500005e+02,-9.528191895480679818e+01
4.672666874999999891e+02,-9.941764109384953940e+01
4.672669804687500346e+02,-1.006572493416387601e+02
4.672672734375000232e+02,-9.232700939951908481e+01
4.672675664062500118e+02,-8.839081908158674139e+01
4.672678593750000005e+02,-9.203125178863064093e+01
4.672681523437499891e+02,-9.540574788982814880e+01
4.672684453125000346e+02,-9.410564920458688221e+01
4.672687382812500232e+02,-9.143764452168261414e+01
4.672690312500000118e+02,-9.848975171829712849e+01
4.672693242187500005e+02,-9.913411517365987891e+01
4.672696171874999891e+02,-1.035665036375188350e+02
4.672699101562500346e+02,-9.609412542513121025e+01
4.672702031250000232e+02,-9.057279782995708217e+01
4.672704960937500118e+02,-1.058903984763429520e+02
4.672707890625000005e+02,-8.338673771256425482e+01
4.672710820312499891e+02,-8.284891010548057011e+01
4.672713750000000346e+02,-9.481904971802627813e+01
4.672716679687500232e+02,-9.183277962407120754e+01
4.672719609375000118e+02,-8.491649521510444742e+01
4.672722539062500005e+02,-8.554358566109401352e+01
4.672725468749999891e+02,-9.009038534506436235e+01
4.672728398437500346e+02,-8.990433862883178051e+01
4.672731328125000232e+02,-8.577422445848731059e+01
4.672734257812500118e+02,-8.317560216000987339e+01
4.672737187500000005e+02,-8.564757978982001418e+01
4.672740117187499891e+02,-7.809680457487866079e+01
4.672743046875000346e+02,-6.371222910075501744e+01
4.672745976562500232e+02,-6.635852477595977916e+01
4.672748906250000118e+02,-8.500440505928170865e+01
4.672751835937500005e+02,-8.655061652560681296e+01
4.672754765624999891e+02,-8.295916940616143620e+01
4.672757695312500346e+02,-8.517077181511574224e+01
4.672760625000000232e+02,-9.489899428132831360e+01
4.672763554687500118e+02,-9.386719176002289089e+01
4.672766484375000005e+02,-9.015166141787699416e+01
4.672769414062499891e+02,-9.375926250759098934e+01
4.672772343750000346e+02,-9.342461041230292551e+01
4.672775273437500232e+02,-8.470374543394648015e+01
4.672778203125000118e+02,-7.965384115469491633e+01
4.672781132812500005e+02,-8.576736160290121802e+01
4.672784062499999891e+02,-9.387331217553378337e+01
4.672786992187500346e+02,-1.031332928237368520e+02
4.672789921875000232e+02,-1.078834179972766805e+02
4.672792851562500118e+02,-1.075770665201318366e+02
4.672795781250000005e+02,-1.055873960284891666e+02
4.672798710937499891e+02,-9.352900355302210755e+01
4.672801640625000346e+02,-9.296790052905338086e+01
4.672804570312500232e+02,-9.817793174045065996e+01
4.672807500000000118e+02,-1.098808174829752033e+02
4.672810429687500005e+02,-8.810380941489430029e+01
4.672813359374999891e+02,-8.620332385682192466e+01
4.672816289062500346e+02,-9.272198171504301456e+01
4.672819218750000232e+02,-9.446653028984215439e+01
4.672822148437500118e+02,-1.030197391000498612e+02
4.672825078125000005e+02,-1.056855229964526899e+02
4.672828007812499891e+02,-1.084723534083747865e+02
4.672830937500000346e+02,-9.788249363131099301e+01
4.672833867187500232e+02,-9.263952212269788333e+01
4.672836796875000118e+02,-1.011012251015951193e+02
4.672839726562500005e+02,-1.044239943297209408e+02
4.672842656249999891e+02,-9.918246445279963552e+01
4.672845585937500346e+02,-9.163932872064405899e+01
4.672848515625000232e+02,-9.622664416679228339e+01
4.672851445312500118e+02,-1.035656062587759436e+02
4.672854375000000005e+02,-1.012956440036590777e+02
4.672857304687499891e+02,-9.582653272960827451e+01
4.672860234375000346e+02,-9.400085459507378971e+01
4.672863164062500232e+02,-1.001981462129708547e+02
4.672866093750000118e+02,-9.183070726606601397e+01
4.672869023437500005e+02,-8.980473907871180472e+01
4.672871953124999891e+02,-9.087808025055045391e+01
4.672874882812500346e+02,-9.877486654217379680e+01
4.672877812500000232e+02,-9.205089097611642046e+01
4.672880742187500118e+02,-9.511826031190469166e+01
4.672883671875000005e+02,-9.905619472332145392e+01
4.672886601562499891e+02,-9.768437716213553301e+01
4.672889531250000346e+02,-9.425528960238750642e+01
4.672892460937500232e+02,-8.997329049867632023e+01
4.672895390625000118e+02,-8.992201839985665401e+01
4.672898320312500005e+02,-9.299921295722322157e+01
4.672901249999999891e+02,-8.951413192406241137e+01
4.672904179687500346e+02,-9.044396038993696152e+01
4.672907109375000232e+02,-9.303319778176472710e+01
4.672910039062500118e+02,-8.733077224904114644e+01
4.672912968750000005e+02,-7.749104346919365582e+01
4.672915898437499891e+02,-8.382553580022454298e+01
4.672918828125000346e+02,-1.047428169058812131e+02
4.672921757812500232e+02,-9.728047671219742654e+01
4.672924687500000118e+02,-9.573523097474205201e+01
4.672927617187500005e+02,-9.074077945183803706e+01
4.672930546874999891e+02,-9.277951204681178865e+01
4.672933476562500346e+02,-1.144349152381994514e+02
4.672936406250000232e+02,-9.302524473362726098e+01
4.672939335937500118e+02,-9.392406102957653502e+01
4.672942265625000005e+02,-1.071108113892494771e+02
4.672945195312499891e+02,-9.375579549019380465e+01
4.672948125000000346e+02,-9.213890184748936463e+01
4.672951054687500232e+02,-1.014277518687894144e+02
4.672953984375000118e+02,-1.018638634075730778e+02
4.672956914062500005e+02,-1.029400976585177148e+02
4.672959843749999891e+02,-9.755033396195456419e+01
4.672962773437500346e+02,-1.004738625987614853e+02
4.672965703125000232e+02,-9.820373945025473006e+01
4.672968632812500118e+02,-9.709655576655376308e+01
4.672971562500000005e+02,-1.000002238698811539e+02
4.672974492187499891e+02,-1.016495170680373263e+02
4.672977421875000346e+02,-1.068695464900648631e+02
4.672980351562500232e+02,-8.654915342424422420e+01
4.672983281250000118e+02,-8.571723215239910587e+01
4.672986210937500005e+02,-9.214519771883750821e+01
4.672989140624999891e+02,-1.135724797039588196e+02
4.672992070312500346e+02,-9.599324635353536905e+01
4.672995000000000232e+02,-1.071474326759563951e+02
4.672997929687500118e+02,-9.327504021451846938e+01
4.673000859375000005e+02,-9.188076463507398728e+01
4.673003789062499891e+02,-9.381559434820495369e+01
4.673006718750000346e+02,-1.013371472980591790e+02
4.673009648437500232e+02,-1.057962794281096564e+02
4.673012578125000118e+02,-9.680843203821852683e+01
4.673015507812500005e+02,-9.313735600701394901e+01
4.673018437499999891e+02,-9.349712985444023161e+01
4.673021367187500346e+02,-9.458882718832549585e+01
4.673024296875000232e+02,-9.702078190581387673e+01
4.673027226562500118e+02,-9.466243998154681094e+01
4.673030156250000005e+02,-9.304330747967817672e+01
4.673033085937499891e+02,-9.955411847229036937e+01
4.673036015625000346e+02,-1.079403594555852806e+02
4.673038945312500232e+02,-1.056309278149191897e+02
4.673041875000000118e+02,-9.996374070389498456e+01
4.673044804687500005e+02,-9.925030502398169574e+01
4.673047734374999891e+02,-1.018886512204127541e+02
4.673050664062500346e+02,-1.066272134835614622e+02
4.673053593750000232e+02,-9.374286441789949720e+01
4.673056523437500118e+02,-9.177511599030219713e+01
4.673059453125000005e+02,-9.312632445559314931e+01
4.673062382812499891e+02,-9.723870560260125728e+01
4.673065312500000346e+02,-9.722464767196990465e+01
4.673068242187500232e+02,-1.076918807220669976e+02
4.673071171875000118e+02,-9.408010240692979664e+01
4.673074101562500005e+02,-9.402218519049058898e+01
4.673077031249999891e+02,-9.495491149397489039e+01
4.673079960937500346e+02,-1.044312114708125705e+02
4.673082890625000232e+02,-9.699566499217107207e+01
4.673085820312500118e+02,-9.461863844597345974e+01
4.673088750000000005e+02,-9.121268658334170709e+01
4.673091679687499891e+02,-9.335048841028820732e+01
4.673094609375000346e+02,-1.024658227508303128e+02
4.673097539062500232e+02,-1.000829404367352282e+02
4.673100468750000118e+02,-1.017252978081403114e+02
4.673103398437500005e+02,-1.028960004954602567e+02
4.673106328124999891e+02,-1.019925672316666123e+02
4.673109257812500346e+02,-9.514404415531174664e+01
4.673112187500000232e+02,-9.479033193413729919e+01
4.673115117187500118e+02,-8.322817419190455723e+01
4.673118046875000005e+02,-8.392900062781377812e+01
4.673120976562499891e+02,-9.607251538191800933e+01
4.673123906250000346e+02,-9.564489156952291182e+01
4.673126835937500232e+02,-9.795076274964660001e+01
4.673129765625000118e+02,-1.066595049459274804e+02
4.673132695312500005e+02,-9.997267364656815403e+01
4.673135624999999891e+02,-9.639524245897479204e+01
4.673138554687500346e+02,-1.137147680780659016e+02
4.673141484375000232e+02,-1.025639065520291950e+02
4.673144414062500118e+02,-1.006370939778987577e+02
4.673147343750000005e+02,-9.778749659545800910e+01
4.673150273437499891e+02,-9.895765487859223697e+01
4.673153203125000346e+02,-9.550629988693033567e+01
4.673156132812500232e+02,-9.426099472047155814e+01
4.673159062500000118e+02,-9.251467653393800106e+01
4.673161992187500005e+02,-9.510164180048506921e+01
4.673164921874999891e+02,-9.529996982051943633e+01
4.673167851562500346e+02,-9.379834182335072512e+01
4.673170781250000232e+02,-9.941293029051841756e+01
4.673173710937500118e+02,-1.011528800947389470e+02
4.673176640625000005e+02,-9.802341820337917966e+01
4.673179570312499891e+02,-1.016524219984534909e+02
4.673182500000000346e+02,-9.631169009191970076e+01
4.673185429687500232e+02,-9.062641588809908910e+01
4.673188359375000118e+02,-9.034548878671715499e+01
4.673191289062500005e+02,-9.133303260678046342e+01
4.673194218749999891e+02,-8.853790320256116786e+01
4.673197148437500346e+02,-8.254017714125153304e+01
4.673200078125000232e+02,-8.940709494512576327e+01
4.673203007812500118e+02,-9.974240916657637968e+01
4.673205937500000005e+02,-9.848811262681098810e+01
4.673208867187499891e+02,-9.509874373687344473e+01
4.673211796875000346e+02,-1.105196162153526416e+02
4.673214726562500232e+02,-1.030976679207708315e+02
4.673217656250000118e+02,-9.860653985947293165e+01
4.673220585937500005e+02,-9.258800685431782540e+01
4.673223515624999891e+02,-9.850418452338539055e+01
4.673226445312500346e+02,-9.822763319236341317e+01
4.673229375000000232e+02,-9.618455089655434165e+01
4.673232304687500118e+02,-9.478833529789631029e+01
4.673235234375000005e+02,-9.625732550816397293e+01
4.673238164062499891e+02,-1.182551279285744670e+02
4.673241093750000346e+02,-1.100432481974641519e+02
4.673244023437500232e+02,-9.833985699261866387e+01
4.673246953125000118e+02,-9.666850749983659341e+01
4.673249882812500005e+02,-1.003121329638047001e+02
4.673252812499999891e+02,-9.887893595285000004e+01
4.673255742187500346e+02,-9.669605832375110310e+01
4.673258671875000232e+02,-9.861287300937816269e+01
4.673261601562500118e+02,-9.719647616465407225e+01
4.673264531250000005e+02,-9.319583964809291388e+01
4.673267460937499891e+02,-9.102351162062917922e+01
4.673270390625000346e+02,-9.184873223216241911e+01
4.673273320312500232e+02,-1.014574398765118843e+02
4.673276250000000118e+02,-1.100925053258420405e+02
4.673279179687500005e+02,-1.007261347869032875e+02
4.673282109374999891e+02,-1.047813876973565215e+02
4.673285039062500346e+02,-9.777367399670322357e+01
4.673287968750000232e+02,-1.160926042874910706e+02
4.673290898437500118e+02,-9.253174876292455053e+01
4.673293828125000005e+02,-9.484247557165755893e+01
4.673296757812499891e+02,-9.156485521108088221e+01
4.673299687500000346e+02,-8.898392737581779954e+01
4.673302617187500232e+02,-9.007128357143373876e+01
4.673305546875000118e+02,-9.867088770540505038e+01
4.673308476562500005e+02,-9.268300989409659962e+01
4.673311406249999891e+02,-9.353421522833596669e+01
4.673314335937500346e+02,-9.615994049371423102e+01
4.673317265625000232e+02,-9.910791344427609317e+01
4.673320195312500118e+02,-9.245289958417242815e+01
4.673323125000000005e+02,-9.110126417442816660e+01
4.673326054687499891e+02,-9.672963901866096137e+01
4.673328984375000346e+02,-8.285353694011894277e+01
4.673331914062500232e+02,-7.508314797219419745e+01
4.673334843750000118e+02,-8.155572645288741285e+01
4.673337773437500005e+02,-9.522449408667051785e+01
4.673340703124999891e+02,-1.050379914022122421e+02
4.673343632812500346e+02,-1.002582239825964052e+02
4.673346562500000232e+02,-9.325892234522035551e+01
4.673349492187500118e+02,-9.057755932744599647e+01
4.673352421875000005e+02,-9.451794498112346332e+01
4.673355351562499891e+02,-9.928567568328978155e+01
4.673358281250000346e+02,-1.100397217734988118e+02
4.673361210937500232e+02,-1.057285566076626822e+02
4.673364140625000118e+02,-7.920649430628870391e+01
4.673367070312500005e+02,-7.677242889223992961e+01
4.673369999999999891e+02,-8.702111604964545677e+01
4.673372929687500346e+02,-9.972605108048387024e+01
4.673375859375000232e+02,-9.980966929319589553e+01
4.673378789062500118e+02,-1.018654311718740075e+02
4.673381718750000005e+02,-1.034074220497318066e+02
4.673384648437499891e+02,-9.567693658500351717e+01
4.673387578125000346e+02,-9.801042245686446108e+01
4.673390507812500232e+02,-9.936035187886503195e+01
4.673393437500000118e+02,-9.422320158330998652e+01
4.673396367187500005e+02,-8.284312418321422911e+01
4.673399296874999891e+02,-6.809681758788562433e+01
4.673402226562500346e+02,-7.025510187292242392e+01
4.673405156250000232e+02,-8.793485838297178248e+01
4.673408085937500118e+02,-9.863356630578188344e+01
4.673411015625000005e+02,-1.156501648944869771e+02
4.673413945312499891e+02,-1.194503678181754935e+02
4.673416875000000346e+02,-9.689824542284813447e+01
4.673419804687500232e+02,-1.056608037988907256e+02
4.673422734375000118e+02,-1.188354228249280027e+02
4.673425664062500005e+02,-9.860746144961103710e+01
4.673428593749999891e+02,-9.807574240824445155e+01
4.673431523437500346e+02,-8.597923482742834267e+01
4.673434453125000232e+02,-7.817156146793334415e+01
4.673437382812500118e+02,-8.505277531886747511e+01
4.673440312500000005e+02,-1.106238448258875309e+02
4.673443242187499891e+02,-1.044461216117280600e+02
4.673446171875000346e+02,-9.643856638781882396e+01
4.673449101562500232e+02,-9.964095836329667577e+01
4.673452031250000118e+02,-9.244543852914952708e+01
4.673454960937500005e+02,-9.239248309301541440e+01
4.673457890624999891e+02,-9.563338587235065802e+01
4.673460820312500346e+02,-1.058942989524871052e+02
4.673463750000000232e+02,-1.021786592525234880e+02
4.673466679687500118e+02,-8.958988457815340212e+01
4.673469609375000005e+02,-8.875602168502882705e+01
4.673472539062499891e+02,-1.013949235535704787e+02
4.673475468750000346e+02,-9.988334022476328755e+01
4.673478398437500232e+02,-1.062396692570829657e+02
4.673481328125000118e+02,-9.707685711486269042e+01
4.673484257812500005e+02,-9.421099434213377322e+01
4.673487187499999891e+02,-8.609250367087662426e+01
4.673490117187500346e+02,-8.413524623016358817e+01
4.673493046875000232e+02,-9.740989807451276761e+01
4.673495976562500118e+02,-1.040304893566516142e+02
4.673498906250000005e+02,-9.154745176292638575e+01
4.673501835937499891e+02,-8.487323072718659489e+01
4.673504765625000346e+02,-9.187108199825736676e+01
4.673507695312500232e+02,-1.053287523064181812e+02
4.673510625000000118e+02,-1.077385316289237238e+02
4.673513554687500005e+02,-1.045143585387755394e+02
4.673516484374999891e+02,-9.535397041594561074e+01
4.673519414062500346e+02,-9.781276678731001084e+01
4.673522343750000232e+02,-9.649507531039498076e+01
4.673525273437500118e+02,-9.608664091661822226e+01
4.673528203125000005e+02,-9.156336258684970630e+01
4.673531132812499891e+02,-9.564037005410328618e+01
4.673534062500000346e+02,-8.659609625919570419e+01
4.673536992187500232e+02,-8.732782292085710196e+01
4.673539921875000118e+02,-1.068560243118560180e+02
4.673542851562500005e+02,-1.060948170897204932e+02
4.673545781249999891e+02,-9.606016759314135811e+01
4.673548710937500346e+02,-9.101701713430179552e+01
4.673551640625000232e+02,-9.700197117146912262e+01
4.673554570312500118e+02,-9.877023855213325021e+01
4.673557500000000005e+02,-9.663519561549895798e+01
4.673560429687499891e+02,-9.576621067232386508e+01
4.673563359375000346e+02,-9.748075397991848945e+01
4.673566289062500232e+02,-7.959199622383169981e+01
4.673569218750000118e+02,-7.072318968726891342e+01
4.673572148437500005e+02,-7.657504225330438885e+01
4.673575078124999891e+02,-9.670182235142080174e+01
4.673578007812500346e+02,-1.013688672418340104e+02
4.673580937500000232e+02,-1.083826787890655652e+02
4.673583867187500118e+02,-1.010188460549505152e+02
4.673586796875000005e+02,-1.016840376879645902e+02
4.673589726562499891e+02,-1.109839601016414434e+02
4.673592656250000346e+02,-1.035687567143425838e+02
4.673595585937500232e+02,-1.100401290245153518e+02
4.673598515625000118e+02,-9.653162412642329571e+01
4.673601445312500005e+02,-8.646350304830639288e+01
4.673604374999999891e+02,-8.282081462210203426e+01
4.673607304687500346e+02,-9.862530399932735747e+01
4.673610234375000232e+02,-9.831239298155394124e+01
4.673613164062500118e+02,-1.104787192906254347e+02
4.673616093750000005e+02,-9.540327973804042472e+01
4.673619023437499891e+02,-9.911351908866473082e+01
4.673621953125000346e+02,-1.053782420892759575e+02
4.673624882812500232e+02,-1.017327351351511027e+02
4.673627812500000118e+02,-9.852276667705503144e+01
4.673630742187500005e+02,-9.969711961657445443e+01
4.673633671874999891e+02,-1.044283203164668237e+02
4.673636601562500346e+02,-9.065483925671583165e+01
4.673639531250000232e+02,-8.902521458874439020e+01
4.673642460937500118e+02,-9.443058524100274553e+01
4.673645390625000005e+02,-1.019202136352730150e+02
4.673648320312499891e+02,-9.060645904391861905e+01
4.673651250000000346e+02,-9.480070223777831018e+01
4.673654179687500232e+02,-9.559670639035915940e+01
4.673657109375000118e+02,-9.518866140661778275e+01
4.673660039062500005e+02,-9.789239887714211363e+01
4.673662968749999891e+02,-1.031762905125322192e+02
4.673665898437500346e+02,-1.000735040474506690e+02
4.673668828125000232e+02,-9.784811873841297825e+01
4.673671757812500118e+02,-9.732688574695531258e+01
4.673674687500000005e+02,-9.750645987778182189e+01
4.673677617187499891e+02,-9.405493754110473503e+01
4.673680546875000346e+02,-9.823861578824919150e+01
4.673683476562500232e+02,-1.030151505635752756e+02
4.673686406250000118e+02,-9.398924092127481345e+01
4.673689335937500005e+02,-9.075771634014257927e+01
4.673692265624999891e+02,-9.158668533912056375e+01
4.673695195312500346e+02,-9.366273847487234150e+01
4.673698125000000232e+02,-9.640270686680787549e+01
4.673701054687500118e+02,-1.067387563861253454e+02
4.673703984375000005e+02,-1.001441581896866637e+02
4.673706914062499891e+02,-9.931786853622560329e+01
4.673709843750000346e+02,-9.681531949617337318e+01
4.673712773437500232e+02,-9.466300903455018556e+01
4.673715703125000118e+02,-1.020530611787841622e+02
4.673718632812500005e+02,-1.015767476420338511e+02
4.673721562499999891e+02,-1.109601319149421101e+02
4.673724492187500346e+02,-1.081301743968711548e+02
4.673727421875000232e+02,-9.943915251139128486e+01
4.673730351562500118e+02,-1.040381881117756535e+02
4.673733281250000005e+02,-9.977141978890387009e+01
4.673736210937499891e+02,-8.932945374964690188e+01
4.673739140625000346e+02,-8.519938237811139459e+01
4.673742070312500232e+02,-9.127068092689924583e+01
4.673745000000000118e+02,-9.222648845227398340e+01
4.673747929687500005e+02,-9.463850680540761573e+01
4.673750859374999891e+02,-9.631067364582490598e+01
4.673753789062500346e+02,-1.002001276005136674e+02
4.673756718750000232e+02,-1.076057776774219263e+02
4.673759648437500118e+02,-9.818170120321769900e+01
4.673762578125000005e+02,-9.669441534662448134e+01
4.673765507812499891e+02,-9.825078320327789072e+01
4.673768437500000346e+02,-1.006807379943387275e+02
4.673771367187500232e+02,-9.960402020126515765e+01
4.673774296875000118e+02,-9.777688919658599787e+01
4.673777226562500005e+02,-9.716060421497802224e+01
4.673780156249999891e+02,-1.099653450508284038e+02
4.673783085937500346e+02,-1.052199616780465021e+02
4.673786015625000232e+02,-1.000035653157096931e+02
4.673788945312500118e+02,-1.045426063122890383e+02
4.673791875000000005e+02,-1.018014364720379064e+02
4.673794804687499891e+02,-1.130458544180878846e+02
4.673797734375000346e+02,-1.013574592053468280e+02
4.673800664062500232e+02,-9.884553492399896868e+01
4.673803593750000118e+02,-1.011557068992559323e+02
4.673806523437500005e+02,-9.737792203344196196e+01
4.673809453124999891e+02,-9.482367508663921285e+01
4.673812382812500346e+02,-1.027590008312570404e+02
4.673815312500000232e+02,-8.740360218888494614e+01
4.673818242187500118e+02,-7.720875908659468223e+01
4.673821171875000005e+02,-8.025894656062702381e+01
4.673824101562499891e+02,-9.022172123240885355e+01
4.673827031250000346e+02,-1.010364189895066431e+02
4.673829960937500232e+02,-9.481383050614168440e+01
4.673832890625000118e+02,-9.134102227745398750e+01
4.673835820312500005e+02,-9.418083043061351134e+01
4.673838749999999891e+02,-9.727829746702410318e+01
4.673841679687500346e+02,-9.191385051673761097e+01
4.673844609375000232e+02,-9.347947612627693559e+01
4.673847539062500118e+02,-1.021354351706855681e+02
4.673850468750000005e+02,-9.276965389068939771e+01
4.673853398437499891e+02,-9.482961756437383372e+01
4.673856328125000346e+02,-1.047517523861785236e+02
4.673859257812500232e+02,-1.021962851631921865e+02
4.673862187500000118e+02,-9.653640519993886926e+01
4.673865117187500005e+02,-1.020764345784722593e+02
4.673868046874999891e+02,-9.471151645647728401e+01
4.673870976562500346e+02,-9.951969401769611068e+01
4.673873906250000232e+02,-9.401077965544432402e+01
4.673876835937500118e+02,-9.445855366391035091e+01
4.673879765625000005e+02,-1.020001472573005401e+02
4.673882695312499891e+02,-9.666124763011703180e+01
4.673885625000000346e+02,-9.411053496422931630e+01
4.673888554687500232e+02,-1.033466215555997394e+02
4.673891484375000118e+02,-1.044247385811013515e+02
4.673894414062500005e+02,-1.051274247640451875e+02
4.673897343749999891e+02,-9.923462839196588448e+01
4.673900273437500346e+02,-1.110727245571287654e+02
4.673903203125000232e+02,-9.898312620716465915e+01
4.673906132812500118e+02,-1.092090417527759882e+02
4.673909062500000005e+02,-1.022787130249433005e+02
4.673911992187499891e+02,-1.062794762120126961e+02
4.673914921875000346e+02,-9.979231936920649559e+01
4.673917851562500232e+02,-9.380226198137046367e+01
4.673920781250000118e+02,-8.943054636782173361e+01
4.673923710937500005e+02,-9.307626158631238411e+01
4.673926640624999891e+02,-9.515014730077781735e+01
4.673929570312500346e+02,-1.056224402171755230e+02
4.673932500000000232e+02,-1.061726299163585310e+02
4.673935429687500118e+02,-1.080362631806136733e+02
4.673938359375000005e+02,-9.934599250315957875e+01
4.673941289062499891e+02,-9.220039013666098526e+01
4.673944218750000346e+02,-9.656067970021427982e+01
4.673947148437500232e+02,-1.001351706135446165e+02
4.673950078125000118e+02,-9.596388697276323398e+01
4.673953007812500005e+02,-8.489348860121531004e+01
4.673955937499999891e+02,-8.505224691221791034e+01
4.673958867187500346e+02,-9.043531344042271769e+01
4.673961796875000232e+02,-9.051731910311927720e+01
4.673964726562500118e+02,-8.896595784321806377e+01
4.673967656250000005e+02,-8.918544301564175214e+01
4.673970585937499891e+02,-9.072327061856297803e+01
4.673973515625000346e+02,-8.805705853738189148e+01
4.673976445312500232e+02,-8.547527256969205212e+01
4.673979375000000118e+02,-8.719832777055991357e+01
4.673982304687500005e+02,-9.097153477426715540e+01
4.673985234374999891e+02,-7.223572831901556413e+01
4.673988164062500346e+02,-6.403155091345996652e+01
4.673991093750000232e+02,-7.108003560864089820e+01
4.673994023437500118e+02,-9.791280206949038245e+01
4.673996953125000005e+02,-9.730312966842676303e+01
4.673999882812499891e+02,-8.991219945275898340e+01
4.674002812500000346e+02,-8.890925161389112930e+01
4.674005742187500232e+02,-8.927651793585148710e+01
4.674008671875000118e+02,-8.828870730244368303e+01
4.674011601562500005e+02,-9.385507480296764982e+01
4.674014531249999891e+02,-9.453945300296929588e+01
4.674017460937500346e+02,-9.291789974658499318e+01
4.674020390625000232e+02,-7.664120291918477790e+01
4.674023320312500118e+02,-7.523440015899925015e+01
4.674026250000000005e+02,-9.138574944552759405e+01
4.674029179687499891e+02,-9.827702934053792205e+01
4.674032109375000346e+02,-9.124987243819674632e+01
4.674035039062500232e+02,-9.323298754426745916e+01
4.674037968750000118e+02,-1.031330240983177191e+02
4.674040898437500005e+02,-9.921723397462474736e+01
4.674043828124999891e+02,-9.548940689443730889e+01
4.674046757812500346e+02,-9.954247908719199245e+01
4.674049687500000232e+02,-9.703346535371522918e+01
4.674052617187500118e+02,-9.086206888783274849e+01
4.674055546875000005e+02,-7.367445100765742438e+01
4.674058476562499891e+02,-7.503562699985573659e+01
4.674061406250000346e+02,-9.029411022192829250e+01
4.674064335937500232e+02,-1.034304088060950875e+02
4.674067265625000118e+02,-9.874899194209083930e+01
4.674070195312500005e+02,-9.450268913822540640e+01
4.674073124999999891e+02,-9.394425993615699610e+01
4.674076054687500346e+02,-9.452903924811586478e+01
4.674078984375000232e+02,-9.361393308772066746e+01
4.674081914062500118e+02,-9.582308564959444652e+01
4.674084843750000005e+02,-9.736290674158276204e+01
4.674087773437499891e+02,-9.208729166697183643e+01
4.674090703125000346e+02,-8.047134638218574310e+01
4.674093632812500232e+02,-8.572306089237167726e+01
4.674096562500000118e+02,-1.027909487746311754e+02
4.674099492187500005e+02,-1.107523263399305335e+02
4.674102421874999891e+02,-1.059480046163040754e+02
4.674105351562500346e+02,-9.446969854141838141e+01
4.674108281250000232e+02,-9.161145025552320931e+01
4.674111210937500118e+02,-9.496858871398301005e+01
4.674114140625000005e+02,-1.062669640049100224e+02
4.674117070312499891e+02,-9.612855766656068113e+01
4.674120000000000346e+02,-9.931148737147188399e+01
4.674122929687500232e+02,-8.736527617974419968e+01
4.674125859375000118e+02,-8.984000464160281751e+01
4.674128789062500005e+02,-9.910127760181214285e+01
4.674131718749999891e+02,-1.109879851128416561e+02
4.674134648437500346e+02,-9.720093867447110370e+01
4.674137578125000232e+02,-9.326718018642976915e+01
4.674140507812500118e+02,-9.233355020264048107e+01
4.674143437500000005e+02,-1.113763324253455380e+02
4.674146367187499891e+02,-9.635890950463357285e+01
4.674149296875000346e+02,-9.523544529505768708e+01
4.674152226562500232e+02,-9.673435707697157682e+01
4.674155156250000118e+02,-8.005656928219920587e+01
4.674158085937500005e+02,-7.456428603844186398e+01
4.674161015624999891e+02,-8.466057632996096061e+01
4.674163945312500346e+02,-1.008140271314707093e+02
4.674166875000000232e+02,-9.650032036952423198e+01
4.674169804687500118e+02,-9.484278357184946628e+01
4.674172734375000005e+02,-1.085877915271689034e+02
4.674175664062499891e+02,-1.003639064403591590e+02
4.674178593750000346e+02,-9.973311872068902062e+01
4.674181523437500232e+02,-9.547180026459668056e+01
4.674184453125000118e+02,-1.140525227927107608e+02
4.674187382812500005e+02,-7.697239536328541476e+01
4.674190312499999891e+02,-6.147436077778514374e+01
4.674193242187500346e+02,-6.231887973348775489e+01
4.674196171875000232e+02,-8.138630732284282487e+01
4.674199101562500118e+02,-9.017963635255117083e+01
4.674202031250000005e+02,-8.952677818328990611e+01
4.674204960937499891e+02,-8.864853429722444389e+01
4.674207890625000346e+02,-1.022825895379015293e+02
4.674210820312500232e+02,-9.693991775931354482e+01
4.674213750000000118e+02,-1.069682353614183654e+02
4.674216679687500005e+02,-1.051566951929804219e+02
4.674219609374999891e+02,-1.070302245850784857e+02
4.674222539062500346e+02,-8.911607149066179545e+01
4.674225468750000232e+02,-8.806766382897569656e+01
4.674228398437500118e+02,-9.619686055103129263e+01
4.674231328125000005e+02,-9.337831183495069354e+01
4.674234257812499891e+02,-9.227342516272641149e+01
4.674237187500000346e+02,-9.123114689062848015e+01
4.674240117187500232e+02,-9.719281336956620976e+01
4.674243046875000118e+02,-9.949436470628340601e+01
4.674245976562500005e+02,-9.740334144612219802e+01
4.674248906249999891e+02,-9.837824702184781245e+01
4.674251835937500346e+02,-9.383553715850518984e+01
4.674254765625000232e+02,-9.569443136005031647e+01
4.674257695312500118e+02,-9.172935610596712763e+01
4.674260625000000005e+02,-8.985830519575877418e+01
4.674263554687499891e+02,-1.051222053351424535e+02
4.674266484375000346e+02,-1.026937634993384734e+02
4.674269414062500232e+02,-9.460948155035171681e+01
4.674272343750000118e+02,-8.525155828825658944e+01
4.674275273437500005e+02,-8.793613415661143051e+01
4.674278203124999891e+02,-9.920405058136157095e+01
4.674281132812500346e+02,-9.622077697685253383e+01
4.674284062500000232e+02,-1.038380840328717056e+02
4.674286992187500118e+02,-1.099863668411744442e+02
4.674289921875000005e+02,-9.633188649206041987e+01
4.674292851562499891e+02,-9.161783078912472433e+01
4.674295781250000346e+02,-9.313464449531144851e+01
4.674298710937500232e+02,-9.736338064350303512e+01
4.674301640625000118e+02,-1.127704434862810672e+02
4.674304570312500005e+02,-9.449768892703832535e+01
4.674307499999999891e+02,-8.910541127864385658e+01
4.674310429687500346e+02,-9.211482304433044987e+01
4.674313359375000232e+02,-9.817400701583237321e+01
4.674316289062500118e+02,-1.031457388696006063e+02
4.674319218750000005e+02,-1.054572105915138707e+02
4.674322148437499891e+02,-9.422546852134584583e+01
4.674325078125000346e+02,-9.627514758237127523e+01
4.674328007812500232e+02,-9.270493960565897851e+01
4.674330937500000118e+02,-9.856080498041055193e+01
4.674333867187500005e+02,-1.026018638977105155e+02
4.674336796874999891e+02,-1.008970897061642518e+02
4.674339726562500346e+02,-9.743283387779837312e+01
4.674342656250000232e+02,-9.686455809129513739e+01
4.674345585937500118e+02,-9.377779495652373498e+01
4.674348515625000005e+02,-9.584723717625035988e+01
4.674351445312499891e+02,-9.516431492137151338e+01
4.674354375000000346e+02,-9.719580841492947343e+01
4.674357304687500232e+02,-9.526953672046586519e+01
4.674360234375000118e+02,-8.231358101763871105e+01
4.674363164062500005e+02,-8.529548592285220820e+01
4.674366093749999891e+02,-9.901778940119130823e+01
4.674369023437500346e+02,-1.000078841440792274e+02
4.674371953125000232e+02,-9.896234177820252853e+01
4.674374882812500118e+02,-9.635137859962583207e+01
4.674377812500000005e+02,-9.990677479274279449e+01
4.674380742187499891e+02,-1.020939365434390140e+02
4.674383671875000346e+02,-9.434098108584689157e+01
4.674386601562500232e+02,-9.687836371246228850e+01
4.674389531250000118e+02,-9.988357423677136637e+01
4.674392460937500005e+02,-9.533614898919289260e+01
4.674395390624999891e+02,-8.860771459375285986e+01
4.674398320312500346e+02,-9.286423611180839544e+01
4.674401250000000232e+02,-9.593999212685586997e+01
4.674404179687500118e+02,-1.051605748484983280e+02
4.674407109375000005e+02,-9.006211838520857782e+01
4.674410039062499891e+02,-9.324300664680342265e+01
4.674412968750000346e+02,-9.634535756677529150e+01
4.674415898437500232e+02,-1.027445578165119002e+02
4.674418828125000118e+02,-9.341749060585451048e+01
4.674421757812500005e+02,-9.428005448583189718e+01
4.674424687499999891e+02,-1.130188203355500889e+02
4.674427617187500346e+02,-9.719928498355201896e+01
4.674430546875000232e+02,-1.020836212002720629e+02
4.674433476562500118e+02,-9.735127245806540941e+01
4.674436406250000005e+02,-1.044478996186535369e+02
4.674439335937499891e+02,-8.235360682811983679e+01
4.674442265625000346e+02,-7.957607552889885483e+01
4.674445195312500232e+02,-9.223130967358903831e+01
4.674448125000000118e+02,-9.770619176971521824e+01
4.674451054687500005e+02,-9.848458002697164204e+01
4.674453984374999891e+02,-9.388270322053207906e+01
4.674456914062500346e+02,-9.858710004222007228e+01
4.674459843750000232e+02,-1.043891339844766435e+02
4.674462773437500118e+02,-1.006399148960635443e+02
4.674465703125000005e+02,-1.000115713516339753e+02
4.674468632812499891e+02,-1.042689816009051071e+02
4.674471562500000346e+02,-9.216792948366519056e+01
4.674474492187500232e+02,-8.396456119692325615e+01
4.674477421875000118e+02,-8.869678862492627047e+01
4.674480351562500005e+02,-9.244631025469817587e+01
4.674483281249999891e+02,-9.111199484968970808e+01
4.674486210937500346e+02,-9.092848226368087694e+01
4.674489140625000232e+02,-1.005214430760615443e+02
4.674492070312500118e+02,-9.970406289336605710e+01
4.674495000000000005e+02,-9.757067388454466084e+01
4.674497929687499891e+02,-9.721480786243247962e+01
4.674500859375000346e+02,-9.097668478659127800e+01
4.674503789062500232e+02,-9.938376565627052628e+01
4.674506718750000118e+02,-8.960874145659957435e+01
4.674509648437500005e+02,-8.718884204816033900e+01
4.674512578124999891e+02,-9.689623713532469651e+01
4.674515507812500346e+02,-9.699957349237067206e+01
4.674518437500000232e+02,-9.529791490746421800e+01
4.674521367187500118e+02,-9.529259477233901521e+01
4.674524296875000005e+02,-9.786414990808523839e+01
4.674527226562499891e+02,-9.604041445052205006e+01
4.674530156250000346e+02,-9.400799103716192917e+01
4.674533085937500232e+02,-9.815638400735085156e+01
4.674536015625000118e+02,-1.008139600524553146e+02
4.674538945312500005e+02,-9.331364140854356037e+01
4.674541874999999891e+02,-1.088997472293425801e+02
4.674544804687500346e+02,-9.190895030653928188e+01
4.674547734375000232e+02,-9.832715644576035174e+01
4.674550664062500118e+02,-9.334024749570829727e+01
4.674553593750000005e+02,-9.162212118917111070e+01
4.674556523437499891e+02,-9.472986610363136606e+01
4.674559453125000346e+02,-9.789089507578223959e+01
4.674562382812500232e+02,-9.161918692648617935e+01
4.674565312500000118e+02,-9.006085134673968184e+01
4.674568242187500005e+02,-9.613918223995013079e+01
4.674571171874999891e+02,-1.167489469203960226e+02
4.674574101562500346e+02,-7.865966465229436722e+01
4.674577031250000232e+02,-7.567481886471850316e+01
4.674579960937500118e+02,-8.453569775927263663e+01
4.674582890625000005e+02,-9.268288329763458933e+01
4.674585820312499891e+02,-9.113302876639012595e+01
4.674588750000000346e+02,-9.186371305188139047e+01
4.674591679687500232e+02,-9.261660476673641540e+01
4.674594609375000118e+02,-9.079753297429158465e+01
4.674597539062500005e+02,-8.660411087797126584e+01
4.674600468749999891e+02,-8.587127392638430479e+01
4.674603398437500346e+02,-9.326315358306344194e+01
4.674606328125000232e+02,-8.271835885507067587e+01
4.674609257812500118e+02,-6.873139863761535651e+01
4.674612187500000005e+02,-7.102344867729568989e+01
4.674615117187499891e+02,-9.154020874190305790e+01
4.674618046875000346e+02,-9.865228198531055170e+01
4.674620976562500232e+02,-8.963853044748887555e+01
4.674623906250000118e+02,-9.154297190732472700e+01
4.674626835937500005e+02,-9.960216545954126843e+01
4.674629765624999891e+02,-9.543674650902458723e+01
4.674632695312500346e+02,-9.454455899843011935e+01
4.674635625000000232e+02,-9.458234876727217966e+01
4.674638554687500118e+02,-1.142693632528569196e+02
4.674641484375000005e+02,-7.806012755988035678e+01
4.674644414062499891e+02,-6.980807610844516375e+01
4.674647343750000346e+02,-7.676126403610984994e+01
4.674650273437500232e+02,-9.889732020685529790e+01
4.674653203125000118e+02,-9.221005882532040232e+01
4.674656132812500005e+02,-9.293667715472602708e+01
4.674659062499999891e+02,-1.067346201786482851e+02
4.674661992187500346e+02,-9.892490522976657985e+01
4.674664921875000232e+02,-1.004903363522524984e+02
4.674667851562500118e+02,-1.044351717457212487e+02
4.674670781250000005e+02,-1.021129989488452736e+02
4.674673710937499891e+02,-9.910446645499256135e+01
4.674676640625000346e+02,-7.628652072902457348e+01
4.674679570312500232e+02,-7.342103306539634389e+01
4.674682500000000118e+02,-8.375611888206725553e+01
4.674685429687500005e+02,-1.142029033852702327e+02
4.674688359374999891e+02,-9.432786869805840979e+01
4.674691289062500346e+02,-1.065607228341434904e+02
4.674694218750000232e+02,-9.739334768595125524e+01
4.674697148437500118e+02,-9.462587021318350367e+01
4.674700078125000005e+02,-9.387115256842015754e+01
4.674703007812499891e+02,-9.245072690543605631e+01
4.674705937500000346e+02,-1.066211590088540220e+02
4.674708867187500232e+02,-9.254650287058161950e+01
4.674711796875000118e+02,-7.877489861385942049e+01
4.674714726562500005e+02,-7.967651124813139063e+01
4.674717656249999891e+02,-8.909365311178152069e+01
4.674720585937500346e+02,-1.009919051809546318e+02
4.674723515625000232e+02,-1.026075086644496537e+02
4.674726445312500118e+02,-1.031142770231651440e+02
4.674729375000000005e+02,-9.903265598960757643e+01
4.674732304687499891e+02,-9.584427007753227201e+01
4.674735234375000346e+02,-9.462633704077759944e+01
4.674738164062500232e+02,-9.552655646822574909e+01
4.674741093750000118e+02,-9.813652374851767490e+01
4.674744023437500005e+02,-9.192149241391987857e+01
4.674746953124999891e+02,-8.590688160413564844e+01
4.674749882812500346e+02,-9.166081684078469038e+01
4.674752812500000232e+02,-9.598397646076563205e+01
4.674755742187500118e+02,-1.055285195149630226e+02
4.674758671875000005e+02,-9.586079283995135825e+01
4.674761601562499891e+02,-9.414386313707650800e+01
4.674764531250000346e+02,-9.544537509180942436e+01
4.674767460937500232e+02,-1.077679918140792665e+02
4.674770390625000118e+02,-1.029207683029409850e+02
4.674773320312500005e+02,-1.136412522422885871e+02
4.674776249999999891e+02,-8.380730652677721082e+01
4.674779179687500346e+02,-7.395491952512540479e+01
4.674782109375000232e+02,-7.863969555842297154e+01
4.674785039062500118e+02,-1.027910043738623358e+02
4.674787968750000005e+02,-9.174593483078390932e+01
4.674790898437499891e+02,-9.246392345889240971e+01
4.674793828125000346e+02,-8.644670434447593266e+01
4.674796757812500232e+02,-9.144106200875940260e+01
4.674799687500000118e+02,-9.026489977108144558e+01
4.674802617187500005e+02,-8.543770077308600719e+01
4.674805546874999891e+02,-8.884715589721699303e+01
4.674808476562500346e+02,-8.687460844248403191e+01
4.674811406250000232e+02,-5.533700181959940068e+01
4.674814335937500118e+02,-5.103210834262280571e+01
4.674817265625000005e+02,-6.195036865452846087e+01
4.674820195312499891e+02,-1.013257665151195539e+02
4.674823125000000346e+02,-9.267159274643790923e+01
4.674826054687500232e+02,-8.364913606542418734e+01
4.674828984375000118e+02,-9.188480757977362146e+01
4.674831914062500005e+02,-9.478722868936850432e+01
4.674834843749999891e+02,-8.503636833919370019e+01
4.674837773437500346e+02,-9.157502432268626080e+01
4.674840703125000232e+02,-8.966425444447989435e+01
4.674843632812500118e+02,-9.029132570633228738e+01
4.674846562500000005e+02,-7.928599046894100866e+01
4.674849492187499891e+02,-7.984334756279285727e+01
4.674852421875000346e+02,-9.162224943778512909e+01
4.674855351562500232e+02,-9.326395285416379011e+01
4.674858281250000118e+02,-9.793870683616339079e+01
4.674861210937500005e+02,-1.000978725459910095e+02
4.674864140624999891e+02,-9.378265525314995443e+01
4.674867070312500346e+02,-9.399796014331781180e+01
4.674870000000000232e+02,-8.902973854991897440e+01
4.674872929687500118e+02,-1.020715462437175916e+02
4.674875859375000005e+02,-1.009290642584135469e+02
4.674878789062499891e+02,-9.237023342073173637e+01
4.674881718750000346e+02,-9.313711795386366532e+01
4.674884648437500232e+02,-9.528778157896576317e+01
4.674887578125000118e+02,-9.394886039502142694e+01
4.674890507812500005e+02,-9.251725095860470560e+01
4.674893437499999891e+02,-8.602867790411912097e+01
4.674896367187500346e+02,-9.033460483236602556e+01
4.674899296875000232e+02,-9.532826282423314979e+01
4.674902226562500118e+02,-9.617502323206780090e+01
4.674905156250000005e+02,-9.111415707679466891e+01
4.674908085937499891e+02,-9.392238303455080484e+01
4.674911015625000346e+02,-9.404777395285400132e+01
4.674913945312500232e+02,-9.622913093671100171e+01
4.674916875000000118e+02,-1.022888581537753225e+02
4.674919804687500005e+02,-9.378722777956006951e+01
4.674922734374999891e+02,-9.767387624882501029e+01
4.674925664062500346e+02,-9.550988718147152667e+01
4.674928593750000232e+02,-9.298309278169045911e+01
4.674931523437500118e+02,-9.215774339538506865e+01
4.674934453125000005e+02,-9.473773942716189822e+01
4.674937382812499891e+02,-1.046059972825030258e+02
4.674940312500000346e+02,-9.762944682247002959e+01
4.674943242187500232e+02,-9.774674173648769226e+01
4.674946171875000118e+02,-8.985390866663144038e+01
4.674949101562500005e+02,-8.995080192326150836e+01
4.674952031249999891e+02,-9.811243902089265134e+01
4.674954960937500346e+02,-9.585753422142884972e+01
4.674957890625000232e+02,-1.013997487055010538e+02
4.674960820312500118e+02,-9.574216778568126074e+01
4.674963750000000005e+02,-9.447462184891590198e+01
4.674966679687499891e+02,-9.734210715149389159e+01
4.674969609375000346e+02,-1.017079172544204653e+02
4.674972539062500232e+02,-1.008397121269636898e+02
4.674975468750000118e+02,-9.453050148793317931e+01
4.674978398437500005e+02,-1.068454394323095613e+02
4.674981328124999891e+02,-9.214857321141735724e+01
4.674984257812500346e+02,-8.990600203982293692e+01
4.674987187500000232e+02,-1.104518322497425373e+02
4.674990117187500118e+02,-1.001558347786502736e+02
4.674993046875000005e+02,-9.404183818431499731e+01
4.674995976562499891e+02,-1.121634108916798453e+02
4.674998906250000346e+02,-9.604719546147640585e+01
4.675001835937500232e+02,-9.510313038527303320e+01
4.675004765625000118e+02,-9.565421616166241847e+01
4.675007695312500005e+02,-9.609933328293570298e+01
4.675010624999999891e+02,-9.873089078669246987e+01
4.675013554687500346e+02,-9.438937437360894478e+01
4.675016484375000232e+02,-8.454774789210900110e+01
4.675019414062500118e+02,-8.955649987753781716e+01
4.675022343750000005e+02,-1.305114818746437209e+02
4.675025273437499891e+02,-9.668729124473901493e+01
4.675028203125000346e+02,-8.883231328016816519e+01
4.675031132812500232e+02,-9.471336522608339692e+01
4.675034062500000118e+02,-9.405740464828195968e+01
4.675036992187500005e+02,-1.021183622283814998e+02
4.675039921874999891e+02,-1.018051444020360634e+02
4.675042851562500346e+02,-1.096245570964662051e+02
4.675045781250000232e+02,-1.274381337299075909e+02
4.675048710937500118e+02,-1.030132818585101973e+02
4.675051640625000005e+02,-9.779943931910649724e+01
4.675054570312499891e+02,-9.212395621171825155e+01
4.675057500000000346e+02,-9.647401388862232352e+01
4.675060429687500232e+02,-9.322110457123358174e+01
4.675063359375000118e+02,-9.028251258288200631e+01
4.675066289062500005e+02,-1.163232181488853314e+02
4.675069218749999891e+02,-9.500867992555313890e+01
4.675072148437500346e+02,-1.110031616926140430e+02
4.675075078125000232e+02,-9.761813425824672663e+01
4.675078007812500118e+02,-9.864226872143889580e+01
4.675080937500000005e+02,-9.986510184806449786e+01
4.675083867187499891e+02,-9.722172862995176956e+01
4.675086796875000346e+02,-9.934769601639949599e+01
4.675089726562500232e+02,-9.620522060012513066e+01
4.675092656250000118e+02,-9.945712832612275633e+01
4.675095585937500005e+02,-9.643342714753626410e+01
4.675098515624999891e+02,-9.255989220424970654e+01
4.675101445312500346e+02,-9.554312852494626895e+01
4.675104375000000232e+02,-9.994848902420412173e+01
4.675107304687500118e+02,-1.108766280841202274e+02
4.675110234375000005e+02,-9.710272010597188341e+01
4.675113164062499891e+02,-1.031040852626222346e+02
4.675116093750000346e+02,-9.908725204919228702e+01
4.675119023437500232e+02,-9.903861959512595092e+01
4.675121953125000118e+02,-9.558001471726339560e+01
4.675124882812500005e+02,-9.634719214050106473e+01
4.675127812499999891e+02,-9.953341133820967457e+01
4.675130742187500346e+02,-8.782873865589655793e+01
4.675133671875000232e+02,-9.205733050726414035e+01
4.675136601562500118e+02,-9.812846173697295171e+01
4.675139531250000005e+02,-9.450805300767662231e+01
4.675142460937499891e+02,-9.500290979527575530e+01
4.675145390625000346e+02,-9.274648657215419689e+01
4.675148320312500232e+02,-9.553682905119956104e+01
4.675151250000000118e+02,-9.569306233529353278e+01
4.675154179687500005e+02,-1.053030043343814128e+02
4.675157109374999891e+02,-1.003112078873557209e+02
4.675160039062500346e+02,-9.902399821803967939e+01
4.675162968750000232e+02,-9.491156848090895437e+01
4.675165898437500118e+02,-9.105059290867566801e+01
4.675168828125000005e+02,-9.501529554434897307e+01
4.675171757812499891e+02,-1.045651544085715443e+02
4.675174687500000346e+02,-1.000859665041926689e+02
4.675177617187500232e+02,-9.271074846513647572e+01
4.675180546875000118e+02,-9.019588033338686728e+01
4.675183476562500005e+02,-8.870479918747625447e+01
4.675186406249999891e+02,-8.931573431087393544e+01
4.675189335937500346e+02,-9.374353208188549047e+01
4.675192265625000232e+02,-9.715597232144000373e+01
4.675195195312500118e+02,-8.741368506363062352e+01
4.675198125000000005e+02,-7.829174002866317039e+01
4.675201054687499891e+02,-8.278275308962648182e+01
4.675203984375000346e+02,-9.236379736858971512e+01
4.675206914062500232e+02,-8.443277630670671385e+01
4.675209843750000118e+02,-8.323820159239225802e+01
4.675212773437500005e+02,-8.667245453648790487e+01
4.675215703124999891e+02,-8.751597294783849179e+01
4.675218632812500346e+02,-8.410101983928009872e+01
4.675221562500000232e+02,-8.337547782585737366e+01
4.675224492187500118e+02,-8.615450728149110660e+01
4.675227421875000005e+02,-8.937858482792049131e+01
4.675230351562499891e+02,-6.331938699631968603e+01
4.675233281250000346e+02,-5.979947934508292207e+01
4.675236210937500232e+02,-7.143258902696784673e+01
4.675239140625000118e+02,-8.704512303379969751e+01
4.675242070312500005e+02,-8.759861805833773474e+01
4.675244999999999891e+02,-8.168323966994944385e+01
4.675247929687500346e+02,-9.166227163048674242e+01
4.675250859375000232e+02,-8.663402186001027871e+01
4.675253789062500118e+02,-8.457254148881523292e+01
4.675256718750000005e+02,-9.288849784349183381e+01
4.675259648437499891e+02,-9.294261483838128868e+01
4.675262578125000346e+02,-6.357722752487450180e+01
4.675265507812500232e+02,-4.905330708956380903e+01
4.675268437500000118e+02,-5.066055664958730631e+01
4.675271367187500005e+02,-7.064806593205570096e+01
4.675274296874999891e+02,-9.208352174922771383e+01
4.675277226562500346e+02,-9.158446631990526043e+01
4.675280156250000232e+02,-8.596733800138748904e+01
4.675283085937500118e+02,-8.948891166163450350e+01
4.675286015625000005e+02,-8.935033885682949517e+01
4.675288945312499891e+02,-1.033573131048188429e+02
4.675291875000000346e+02,-8.832443331432142486e+01
4.675294804687500232e+02,-9.404885969903097021e+01
4.675297734375000118e+02,-8.176954289255627373e+01
4.675300664062500005e+02,-7.585175757766916149e+01
4.675303593749999891e+02,-8.017716137443844104e+01
4.675306523437500346e+02,-9.229878063404868271e+01
4.675309453125000232e+02,-9.138874488191667922e+01
4.675312382812500118e+02,-9.757589101144853316e+01
4.675315312500000005e+02,-8.864770067856234448e+01
4.675318242187499891e+02,-9.013183100904453227e+01
4.675321171875000346e+02,-8.945182754625149357e+01
4.675324101562500232e+02,-1.055009034651318700e+02
4.675327031250000118e+02,-9.360965076441212318e+01
4.675329960937500005e+02,-9.746598409529111962e+01
4.675332890624999891e+02,-8.371658145835310449e+01
4.675335820312500346e+02,-8.399951871215679944e+01
4.675338750000000232e+02,-8.886661649599366797e+01
4.675341679687500118e+02,-1.015383240004837404e+02
4.675344609375000005e+02,-9.284551208240252151e+01
4.675347539062499891e+02,-1.001970012271656429e+02
4.675350468750000346e+02,-9.108617779754567323e+01
4.675353398437500232e+02,-9.787793381635447076e+01
4.675356328125000118e+02,-8.837795819352862736e+01
4.675359257812500005e+02,-9.488935067427416925e+01
4.675362187499999891e+02,-9.841038686377090983e+01
4.675365117187500346e+02,-1.025828946999028659e+02
4.675368046875000232e+02,-8.451134650598304177e+01
4.675370976562500118e+02,-9.259874359138110833e+01
4.675373906250000005e+02,-9.229756040438024911e+01
4.675376835937499891e+02,-9.424810550296882639e+01
4.675379765625000346e+02,-9.727078212868528340e+01
4.675382695312500232e+02,-9.304009901634768198e+01
4.675385625000000118e+02,-9.511695557120430067e+01
4.675388554687500005e+02,-9.462219849568558061e+01
4.675391484374999891e+02,-9.640577707449381251e+01
4.675394414062500346e+02,-9.674331550583494277e+01
4.675397343750000232e+02,-9.485528969102587382e+01
4.675400273437500118e+02,-8.711785535247898338e+01
4.675403203125000005e+02,-8.331908561586365636e+01
4.675406132812499891e+02,-1.007533284669275986e+02
4.675409062500000346e+02,-9.033087245642938967e+01
4.675411992187500232e+02,-9.681434119029164265e+01
4.675414921875000118e+02,-8.936136601580152217e+01
4.675417851562500005e+02,-9.703385460868661028e+01
4.675420781249999891e+02,-1.046779915943226342e+02
4.675423710937500346e+02,-9.711336048068007187e+01
4.675426640625000232e+02,-9.465941944027521515e+01
4.675429570312500118e+02,-1.181382090608714321e+02
4.675432500000000005e+02,-6.913080666801845098e+01
4.675435429687499891e+02,-5.972543249615774386e+01
4.675438359375000346e+02,-6.463626632656466597e+01
4.675441289062500232e+02,-9.969627201204575329e+01
4.675444218750000118e+02,-9.160719148035403236e+01
4.675447148437500005e+02,-9.338942246161019511e+01
4.675450078124999891e+02,-8.666264538870835565e+01
4.675453007812500346e+02,-9.421144613846423965e+01
4.675455937500000232e+02,-9.852584467831181314e+01
4.675458867187500118e+02,-8.632725822484822231e+01
4.675461796875000005e+02,-9.481372464855729731e+01
4.675464726562499891e+02,-8.738620631685195406e+01
4.675467656250000346e+02,-7.425170827695617959e+01
4.675470585937500232e+02,-6.985173952223063054e+01
4.675473515625000118e+02,-8.097141386718915612e+01
4.675476445312500005e+02,-1.000953460190437738e+02
4.675479374999999891e+02,-9.725881568221672069e+01
4.675482304687500346e+02,-9.224214576884801886e+01
4.675485234375000232e+02,-8.911538916423904766e+01
4.675488164062500118e+02,-9.620654804891816525e+01
4.675491093750000005e+02,-9.724247774191822202e+01
4.675494023437499891e+02,-8.833019692257670386e+01
4.675496953125000346e+02,-9.742251234264982429e+01
4.675499882812500232e+02,-9.947895680072612379e+01
4.675502812500000118e+02,-8.854980562681733147e+01
4.675505742187500005e+02,-9.320011132601381121e+01
4.675508671874999891e+02,-1.002440918757199313e+02
4.675511601562500346e+02,-9.843713222213260394e+01
4.675514531250000232e+02,-8.134007267034127153e+01
4.675517460937500118e+02,-8.463430128959983278e+01
4.675520390625000005e+02,-1.000969163072629726e+02
4.675523320312499891e+02,-9.207200024279464401e+01
4.675526250000000346e+02,-9.940151168529848746e+01
4.675529179687500232e+02,-9.284207033327923853e+01
4.675532109375000118e+02,-1.043337420766981296e+02
4.675535039062500005e+02,-9.544477589257304828e+01
4.675537968749999891e+02,-1.040700582177299083e+02
4.675540898437500346e+02,-9.363051513708533946e+01
4.675543828125000232e+02,-9.492379628037042494e+01
4.675546757812500118e+02,-9.539892154513421474e+01
4.675549687500000005e+02,-9.015046997239524273e+01
4.675552617187499891e+02,-1.053393011736559970e+02
4.675555546875000346e+02,-8.864884737072317478e+01
4.675558476562500232e+02,-1.003071921401084126e+02
4.675561406250000118e+02,-9.562006182414725686e+01
4.675564335937500005e+02,-8.940228037427841912e+01
4.675567265624999891e+02,-8.921134773708807586e+01
4.675570195312500346e+02,-9.982476269852315909e+01
4.675573125000000232e+02,-1.173407105705935010e+02
4.675576054687500118e+02,-8.892205614646280765e+01
4.675578984375000005e+02,-9.814469446277527709e+01
4.675581914062499891e+02,-9.406076930736107045e+01
4.675584843750000346e+02,-8.791037500357936096e+01
4.675587773437500232e+02,-9.188496491303565961e+01
4.675590703125000118e+02,-9.988311560351351659e+01
4.675593632812500005e+02,-9.737829482498808886e+01
4.675596562499999891e+02,-9.657791013939642255e+01
4.675599492187500346e+02,-1.064102747700235625e+02
4.675602421875000232e+02,-8.629938488253345952e+01
4.675605351562500118e+02,-9.419367302156703659e+01
4.675608281250000005e+02,-9.273720896382380374e+01
4.675611210937499891e+02,-9.454813484152289504e+01
4.675614140625000346e+02,-9.441258310956868627e+01
4.675617070312500232e+02,-9.283098410270143575e+01
4.675620000000000118e+02,-9.576663479387161715e+01
4.675622929687500005e+02,-9.236531874756927607e+01
4.675625859374999891e+02,-9.457404030116771310e+01
4.675628789062500346e+02,-9.501868193435610976e+01
4.675631718750000232e+02,-9.181893605938265068e+01
4.675634648437500118e+02,-9.786217887488687950e+01
4.675637578125000005e+02,-9.290974912973310040e+01
4.675640507812499891e+02,-9.889778742576146442e+01
4.675643437500000346e+02,-9.440141446315197982e+01
4.675646367187500232e+02,-9.120068626563879377e+01
4.675649296875000118e+02,-8.833251798020597789e+01
4.675652226562500005e+02,-8.929857882894381760e+01
4.675655156249999891e+02,-1.049252444633950034e+02
4.675658085937500346e+02,-9.262166715887360624e+01
4.675661015625000232e+02,-1.032387904938575502e+02
4.675663945312500118e+02,-9.389106294659163154e+01
4.675666875000000005e+02,-8.985441352355032052e+01
4.675669804687499891e+02,-9.847114376327505170e+01
4.675672734375000346e+02,-8.802396619141865131e+01
4.675675664062500232e+02,-9.531011512746637493e+01
4.675678593750000118e+02,-9.323493214860560840e+01
4.675681523437500005e+02,-8.918168930268775796e+01
4.675684453124999891e+02,-7.583418644223729643e+01
4.675687382812500346e+02,-7.839642696018894696e+01
4.675690312500000232e+02,-9.063984983909372772e+01
4.675693242187500118e+02,-9.039924071054434762e+01
4.675696171875000005e+02,-8.822934573475717457e+01
4.675699101562499891e+02,-9.441144114911266172e+01
4.675702031250000346e+02,-9.057706938102816707e+01
4.675704960937500232e+02,-9.617239663759582413e+01
4.675707890625000118e+02,-8.784253251738201129e+01
4.675710820312500005e+02,-1.002789356030419015e+02
4.675713749999999891e+02,-9.224200601976932035e+01
4.675716679687500346e+02,-8.185875980415700326e+01
4.675719609375000232e+02,-7.681595244228019226e+01
4.675722539062500118e+02,-8.136987467100402682e+01
4.675725468750000005e+02,-9.036107897365869235e+01
4.675728398437499891e+02,-9.795302178583241925e+01
4.675731328125000346e+02,-9.432639833517102090e+01
4.675734257812500232e+02,-8.579033398392405729e+01
4.675737187500000118e+02,-9.821349796452227565e+01
4.675740117187500005e+02,-8.863744469401785864e+01
4.675743046874999891e+02,-9.172727159647914164e+01
4.675745976562500346e+02,-9.281953994368947747e+01
4.675748906250000232e+02,-9.154369505525875184e+01
4.675751835937500118e+02,-8.616488632443876838e+01
4.675754765625000005e+02,-9.505969272174597506e+01
4.675757695312499891e+02,-8.555784655733334887e+01
4.675760625000000346e+02,-8.887974735096514678e+01
4.675763554687500232e+02,-9.421660638497463935e+01
4.675766484375000118e+02,-8.969018111874292742e+01
4.675769414062500005e+02,-8.672852794842604851e+01
4.675772343749999891e+02,-9.059871503890752820e+01
4.675775273437500346e+02,-8.968991882751559785e+01
4.675778203125000232e+02,-9.159435373638983435e+01
4.675781132812500118e+02,-8.632129771900306991e+01
4.675784062500000005e+02,-8.894172524001156432e+01
4.675786992187499891e+02,-8.672565661756316047e+01
4.675789921875000346e+02,-9.210248324437111478e+01
4.675792851562500232e+02,-8.922670098766403157e+01
4.675795781250000118e+02,-8.397012554492104641e+01
4.675798710937500005e+02,-9.096421608044448703e+01
4.675801640624999891e+02,-8.461315077472477242e+01
4.675804570312500346e+02,-8.848510464249972074e+01
4.675807500000000232e+02,-8.406051919564136199e+01
4.675810429687500118e+02,-8.327498962883694844e+01
4.675813359375000005e+02,-9.550045014983199110e+01
4.675816289062499891e+02,-8.299734253397508610e+01
4.675819218750000346e+02,-8.003871980846002998e+01
4.675822148437500232e+02,-7.918851204891704754e+01
4.675825078125000118e+02,-8.660095114032736774e+01
4.675828007812500005e+02,-8.489546917713374796e+01
4.675830937499999891e+02,-8.085698533347610351e+01
4.675833867187500346e+02,-9.002364133437635019e+01
4.675836796875000232e+02,-7.910660445441793343e+01
4.675839726562500118e+02,-9.031650891337044129e+01
4.675842656250000005e+02,-8.073392791306069682e+01
4.675845585937499891e+02,-8.023609105491573246e+01
4.675848515625000346e+02,-8.314905988291059202e+01
4.675851445312500232e+02,-7.355391759359966386e+01
4.675854375000000118e+02,-6.351052069689718138e+01
4.675857304687500005e+02,-7.222292033537026157e+01
4.675860234374999891e+02,-7.724696617885462047e+01
4.675863164062500346e+02,-8.762275054812818098e+01
4.675866093750000232e+02,-7.146506287955017456e+01
4.675869023437500118e+02,-8.058901298928913093e+01
4.675871953125000005e+02,-7.421095049352877027e+01
4.675874882812499891e+02,-6.979383010678117216e+01
4.675877812500000346e+02,-8.250133457700584927e+01
4.675880742187500232e+02,-7.558794957106992740e+01
4.675883671875000118e+02,-5.735208973830967238e+01
4.675886601562500005e+02,-3.296346142042197869e+01
4.675889531249999891e+02,-2.958096171633335558e+01
4.675892460937500346e+02,-4.163349285008897738e+01
4.675895390625000232e+02,-7.064282648487180438e+01
4.675898320312500118e+02,-7.071220489396364428e+01
4.675901250000000005e+02,-8.026299094379709231e+01
4.675904179687499891e+02,-7.229383039322866011e+01
4.675907109375000346e+02,-7.204740674657062982e+01
4.675910039062500232e+02,-8.827435728793439296e+01
4.675912968750000118e+02,-7.214000457487873064e+01
4.675915898437500005e+02,-8.375879700122958127e+01
4.675918828124999891e+02,-7.414964000941998279e+01
4.675921757812500346e+02,-6.491277451589890291e+01
4.675924687500000232e+02,-6.420519995156871573e+01
4.675927617187500118e+02,-8.102078548431542515e+01
4.675930546875000005e+02,-8.230687509614604380e+01
4.675933476562499891e+02,-8.047055595088194480e+01
4.675936406250000346e+02,-7.956217217164561362e+01
4.675939335937500232e+02,-8.968037802540736436e+01
4.675942265625000118e+02,-7.917674677098726477e+01
4.675945195312500005e+02,-8.809294974823970392e+01
4.675948124999999891e+02,-8.195297407107463528e+01
4.675951054687500346e+02,-8.497134735882849554e+01
4.675953984375000232e+02,-8.335020379210995145e+01
4.675956914062500118e+02,-7.714657632211867622e+01
4.675959843750000005e+02,-8.380715934077181828e+01
4.675962773437499891e+02,-8.357630285623122290e+01
4.675965703125000346e+02,-8.877104102588148749e+01
4.675968632812500232e+02,-8.866692472769651090e+01
4.675971562500000118e+02,-8.207985841506399538e+01
4.675974492187500005e+02,-9.053112926808175587e+01
4.675977421874999891e+02,-8.511668051131826473e+01
4.675980351562500346e+02,-8.995435263291713568e+01
4.675983281250000232e+02,-8.534675522540929649e+01
4.675986210937500118e+02,-9.305906189342161383e+01
4.675989140625000005e+02,-8.350334275658045158e+01
4.675992070312499891e+02,-8.881781146010808925e+01
4.675995000000000346e+02,-9.030370879763695768e+01
4.675997929687500232e+02,-8.755747881741123706e+01
4.676000859375000118e+02,-8.791479276030008805e+01
4.676003789062500005e+02,-9.794998041134660127e+01
4.676006718749999891e+02,-8.785388041428980443e+01
4.676009648437500346e+02,-8.799418233438510129e+01
4.676012578125000232e+02,-8.888224318497344711e+01
4.676015507812500118e+02,-9.122913412476100348e+01
4.676018437500000005e+02,-8.868825646607413660e+01
4.676021367187499891e+02,-8.712877679168781242e+01
4.676024296875000346e+02,-8.172494900302184817e+01
4.676027226562500232e+02,-9.126625574501234439e+01
4.676030156250000118e+02,-9.119454496871809113e+01
4.676033085937500005e+02,-9.433351628739859507e+01
4.676036015624999891e+02,-9.017441863907889399e+01
4.676038945312500346e+02,-8.908893139990183840e+01
4.676041875000000232e+02,-1.015061951022545372e+02
4.676044804687500118e+02,-8.967981304238375628e+01
4.676047734375000005e+02,-8.925506507159660430e+01
4.676050664062499891e+02,-9.611731900667143691e+01
4.676053593750000346e+02,-9.144168942228638741e+01
4.676056523437500232e+02,-8.054427456908922522e+01
4.676059453125000118e+02,-8.076812488991708960e+01
4.676062382812500005e+02,-9.099389282524619205e+01
4.676065312499999891e+02,-9.127750335233488954e+01
4.676068242187500346e+02,-9.332861901313515318e+01
4.676071171875000232e+02,-9.243151260892864229e+01
4.676074101562500118e+02,-9.069743793540750687e+01
4.676077031250000005e+02,-9.573458519468934469e+01
4.676079960937499891e+02,-9.736616993838492817e+01
4.676082890625000346e+02,-8.849075128685595359e+01
4.676085820312500232e+02,-9.542292516318811124e+01
4.676088750000000118e+02,-8.250116584768109362e+01
4.676091679687500005e+02,-7.248603765988994496e+01
4.676094609374999891e+02,-7.670129072136629134e+01
4.676097539062500346e+02,-9.910478901108133698e+01
4.676100468750000232e+02,-9.942206137615245609e+01
4.676103398437500118e+02,-8.751715508221889195e+01
4.676106328125000005e+02,-9.179638274930725572e+01
4.676109257812499891e+02,-9.307185292360229312e+01
4.676112187500000346e+02,-9.228372944182397930e+01
4.676115117187500232e+02,-8.952733174710232333e+01
4.676118046875000118e+02,-9.414612553859397792e+01
4.676120976562500005e+02,-1.080031704042824288e+02
4.676123906249999891e+02,-8.772782753644662534e+01
4.676126835937500346e+02,-8.800503900516361000e+01
4.676129765625000232e+02,-8.851242895478718253e+01
4.676132695312500118e+02,-9.550968870301637992e+01
4.676135625000000005e+02,-8.578274265467322834e+01
4.676138554687499891e+02,-8.040892795377638436e+01
4.676141484375000346e+02,-9.256259140545125774e+01
4.676144414062500232e+02,-9.844696913399012317e+01
4.676147343750000118e+02,-9.639986100310316885e+01
4.676150273437500005e+02,-9.286835703272630838e+01
4.676153203124999891e+02,-9.736100565662503925e+01
4.676156132812500346e+02,-9.304813174949617860e+01
4.676159062500000232e+02,-9.200916376607464997e+01
4.676161992187500118e+02,-9.544443281498344334e+01
4.676164921875000005e+02,-1.039444978276247014e+02
4.676167851562499891e+02,-9.700604362088584764e+01
4.676170781250000346e+02,-9.200521831827515484e+01
4.676173710937500232e+02,-9.776982593164035507e+01
4.676176640625000118e+02,-9.153576655474735446e+01
4.676179570312500005e+02,-9.732242005349981184e+01
4.676182499999999891e+02,-9.944684870325497172e+01
4.676185429687500346e+02,-9.134833474215704996e+01
4.676188359375000232e+02,-9.678207363108219852e+01
4.676191289062500118e+02,-9.031914889852120609e+01
4.676194218750000005e+02,-1.171879715461029292e+02
4.676197148437499891e+02,-9.182589157909336564e+01
4.676200078125000346e+02,-1.027130033195753640e+02
4.676203007812500232e+02,-8.905943644150266891e+01
4.676205937500000118e+02,-9.670199615362471945e+01
4.676208867187500005e+02,-9.584292682456030832e+01
4.676211796874999891e+02,-8.878652152244974616e+01
4.676214726562500346e+02,-1.021718510351561093e+02
4.676217656250000232e+02,-9.297590384926770923e+01
4.676220585937500118e+02,-9.484232068694228701e+01
4.676223515625000005e+02,-9.127224621900721502e+01
4.676226445312499891e+02,-9.022573429958544011e+01
4.676229375000000346e+02,-9.514825144483464214e+01
4.676232304687500232e+02,-9.447579156404583500e+01
4.676235234375000118e+02,-9.478489437493364278e+01
4.676238164062500005e+02,-9.219131526288958867e+01
4.676241093749999891e+02,-9.590815233471485612e+01
4.676244023437500346e+02,-9.479759965109990105e+01
4.676246953125000232e+02,-9.491274938193443234e+01
4.676249882812500118e+02,-9.267835518555919805e+01
4.676252812500000005e+02,-9.862729925913939155e+01
4.676255742187499891e+02,-9.976447771030834133e+01
4.676258671875000346e+02,-9.349869822708534173e+01
4.676261601562500232e+02,-8.744680809396926691e+01
4.676264531250000118e+02,-1.037912420570776817e+02
4.676267460937500005e+02,-1.031059548234893128e+02
4.676270390624999891e+02,-9.691605541461518669e+01
4.676273320312500346e+02,-9.496990072854016773e+01
4.676276250000000232e+02,-9.840857534748992919e+01
4.676279179687500118e+02,-9.424020409594723446e+01
4.676282109375000005e+02,-9.571503489195784198e+01
4.676285039062499891e+02,-9.980570094659398706e+01
4.676287968750000346e+02,-9.313338459675182435e+01
4.676290898437500232e+02,-9.778514138840264991e+01
4.676293828125000118e+02,-9.419339128028036612e+01
4.676296757812500005e+02,-9.572810018618675088e+01
4.676299687499999891e+02,-9.459303686771066566e+01
4.676302617187500346e+02,-9.691773406048640993e+01
4.676305546875000232e+02,-7.784285005893765685e+01
4.676308476562500118e+02,-7.655295762599631360e+01
4.676311406250000005e+02,-9.317397521123751858e+01
4.676314335937499891e+02,-9.257577512947102605e+01
4.676317265625000346e+02,-9.996450633572234779e+01
4.676320195312500232e+02,-9.543913206355448153e+01
4.676323125000000118e+02,-9.351769853218570461e+01
4.676326054687500005e+02,-9.543944527968122316e+01
4.676328984374999891e+02,-8.996920900973002233e+01
4.676331914062500346e+02,-9.270964274316258980e+01
4.676334843750000232e+02,-9.172803846123522931e+01
4.676337773437500118e+02,-7.826434923151140310e+01
4.676340703125000005e+02,-6.605429073912154081e+01
4.676343632812499891e+02,-6.824222806639437522e+01
4.676346562500000346e+02,-1.035647003747158692e+02
4.676349492187500232e+02,-9.244924272657890185e+01
4.676352421875000118e+02,-8.858566213503752351e+01
4.676355351562500005e+02,-9.626479404243943350e+01
4.676358281249999891e+02,-8.985368878943182835e+01
4.676361210937500346e+02,-9.489150501169731911e+01
4.676364140625000232e+02,-9.442104061302133289e+01
4.676367070312500118e+02,-9.711079214185215847e+01
4.676370000000000005e+02,-9.332294962427697271e+01
4.676372929687499891e+02,-9.177339693965755885e+01
4.676375859375000346e+02,-8.390423311611172608e+01
4.676378789062500232e+02,-8.672872280126709654e+01
4.676381718750000118e+02,-9.714333456360682817e+01
4.676384648437500005e+02,-1.006611308237421838e+02
4.676387578124999891e+02,-1.011252197691169243e+02
4.676390507812500346e+02,-8.974918261650793738e+01
4.676393437500000232e+02,-9.747767211172656232e+01
4.676396367187500118e+02,-8.887532239979073267e+01
4.676399296875000005e+02,-9.806782652421338753e+01
4.676402226562499891e+02,-1.012685095507151800e+02
4.676405156250000346e+02,-8.867780432213622532e+01
4.676408085937500232e+02,-8.867645134464228818e+01
4.676411015625000118e+02,-8.695572386792457564e+01
4.676413945312500005e+02,-9.106155806001359565e+01
4.676416874999999891e+02,-9.476430947296007901e+01
4.676419804687500346e+02,-9.457842492307626969e+01
4.676422734375000232e+02,-9.212964171692448190e+01
4.676425664062500118e+02,-9.454340859730244517e+01
4.676428593750000005e+02,-9.836286829974243062e+01
4.676431523437499891e+02,-9.149334547691445607e+01
4.676434453125000346e+02,-9.817929754981591373e+01
4.676437382812500232e+02,-9.409418720173539441e+01
4.676440312500000118e+02,-8.433538970427404990e+01
4.676443242187500005e+02,-8.315023038877941985e+01
4.676446171874999891e+02,-8.934107669169868871e+01
4.676449101562500346e+02,-9.357487586538879043e+01
4.676452031250000232e+02,-9.518454471237390635e+01
4.676454960937500118e+02,-9.853946663341936585e+01
4.676457890625000005e+02,-9.094417736040716704e+01
4.676460820312499891e+02,-9.704727421226407102e+01
4.676463750000000346e+02,-9.670944000998461831e+01
4.676466679687500232e+02,-8.975668395915816689e+01
4.676469609375000118e+02,-9.281445563303755364e+01
4.676472539062500005e+02,-1.018705362038992916e+02
4.676475468749999891e+02,-8.000781540551584214e+01
4.676478398437500346e+02,-8.335251842908161279e+01
4.676481328125000232e+02,-9.518126631052112430e+01
4.676484257812500118e+02,-9.257913721006588048e+01
4.676487187500000005e+02,-1.047102380643793538e+02
4.676490117187499891e+02,-9.440483146673011561e+01
4.676493046875000346e+02,-9.646513794944280562e+01
4.676495976562500232e+02,-9.110285347590290428e+01
4.676498906250000118e+02,-8.280600977078321989e+01
4.676501835937500005e+02,-8.652368485086984151e+01
4.676504765624999891e+02,-9.261047906840181554e+01
4.676507695312500346e+02,-5.700874330834543713e+01
4.676510625000000232e+02,-4.821865839295842449e+01
4.676513554687500118e+02,-5.436270629795166087e+01
4.676516484375000005e+02,-9.132654498496322049e+01
4.676519414062499891e+02,-9.406188560653747288e+01
4.676522343750000346e+02,-8.667646520196483095e+01
4.676525273437500232e+02,-8.828030879077373072e+01
4.676528203125000118e+02,-8.940109513281988995e+01
4.676531132812500005e+02,-8.649179127423658997e+01
4.676534062499999891e+02,-8.554244865027402511e+01
4.676536992187500346e+02,-9.006380629171346186e+01
4.676539921875000232e+02,-8.317226440058369974e+01
4.676542851562500118e+02,-6.470517314833854527e+01
4.676545781250000005e+02,-6.140826218882879317e+01
4.676548710937499891e+02,-7.404368681498566218e+01
4.676551640625000346e+02,-8.827378485906697847e+01
4.676554570312500232e+02,-8.398154649066677280e+01
4.676557500000000118e+02,-8.482715831967178133e+01
4.676560429687500005e+02,-8.831512479518316638e+01
4.676563359374999891e+02,-8.744055402873506466e+01
4.676566289062500346e+02,-8.446034733708522424e+01
4.676569218750000232e+02,-8.353564713576253098e+01
4.676572148437500118e+02,-8.956377009783210497e+01
4.676575078125000005e+02,-8.741330073810226509e+01
4.676578007812499891e+02,-7.909851214095101568e+01
4.676580937500000346e+02,-8.015435773115314078e+01
4.676583867187500232e+02,-9.634666746372226953e+01
4.676586796875000118e+02,-9.081247878589431366e+01
4.676589726562500005e+02,-8.681788415558628458e+01
4.676592656249999891e+02,-8.654716845858452245e+01
4.676595585937500346e+02,-9.552170765037608646e+01
4.676598515625000232e+02,-9.553161118092782544e+01
4.676601445312500118e+02,-9.647270340835454761e+01
4.676604375000000005e+02,-9.683470450503314453e+01
4.676607304687499891e+02,-1.043971839526896730e+02
4.676610234375000346e+02,-9.141703256779157982e+01
4.676613164062500232e+02,-9.318173500709892210e+01
4.676616093750000118e+02,-1.092043480203892614e+02
4.676619023437500005e+02,-1.065427439870609589e+02
4.676621953124999891e+02,-9.486284164638620098e+01
4.676624882812500346e+02,-9.323768944000435965e+01
4.676627812500000232e+02,-9.344514582287061444e+01
4.676630742187500118e+02,-1.091076259006193823e+02
4.676633671875000005e+02,-9.586077511757794412e+01
4.676636601562499891e+02,-1.098587576897891580e+02
4.676639531250000346e+02,-1.002035214928031053e+02
4.676642460937500232e+02,-9.385137799896546085e+01
4.676645390625000118e+02,-8.424553784054657513e+01
4.676648320312500005e+02,-8.866294189261199676e+01
4.676651249999999891e+02,-1.053284705213836361e+02
4.676654179687500346e+02,-1.208521488404857536e+02
4.676657109375000232e+02,-9.946540544107404003e+01
4.676660039062500118e+02,-9.346529549985424978e+01
4.676662968750000005e+02,-9.307026269397390195e+01
4.676665898437499891e+02,-1.004046254751337415e+02
4.676668828125000346e+02,-9.739640373919743865e+01
4.676671757812500232e+02,-9.644473003900350250e+01
4.676674687500000118e+02,-9.903158786265768754e+01
4.676677617187500005e+02,-9.631233120229632050e+01
4.676680546874999891e+02,-8.592856095171987363e+01
4.676683476562500346e+02,-9.487943091966340603e+01
4.676686406250000232e+02,-1.086261700860519852e+02
4.676689335937500118e+02,-1.100630062463249601e+02
4.676692265625000005e+02,-1.011144123448573993e+02
4.676695195312499891e+02,-1.038712290361980024e+02
4.676698125000000346e+02,-1.031666677652019928e+02
4.676701054687500232e+02,-1.045357351428063595e+02
4.676703984375000118e+02,-1.068133107732985678e+02
4.676706914062500005e+02,-1.039431176754063699e+02
4.676709843749999891e+02,-9.007444087046278014e+01
4.676712773437500346e+02,-7.883029047932015487e+01
4.676715703125000232e+02,-7.897918294375629955e+01
4.676718632812500118e+02,-1.005379837741559470e+02
4.676721562500000005e+02,-9.633723965707217474e+01
4.676724492187499891e+02,-9.342958094533906888e+01
4.676727421875000346e+02,-9.889543379473570894e+01
4.676730351562500232e+02,-9.787201649224799382e+01
4.676733281250000118e+02,-9.886906666517853637e+01
4.676736210937500005e+02,-9.698716918884227312e+01
4.676739140624999891e+02,-9.388050250421076726e+01
4.676742070312500346e+02,-1.003107523589435601e+02
4.676745000000000232e+02,-9.614445967831015594e+01
4.676747929687500118e+02,-9.213149190979632408e+01
4.676750859375000005e+02,-1.016204905604225104e+02
4.676753789062499891e+02,-9.597487398975410144e+01
4.676756718750000346e+02,-9.061604321785559080e+01
4.676759648437500232e+02,-7.941384973730922070e+01
4.676762578125000118e+02,-8.359754535449859247e+01
4.676765507812500005e+02,-1.006822461438145808e+02
4.676768437499999891e+02,-1.063610445111395819e+02
4.676771367187500346e+02,-1.002109834333240599e+02
4.676774296875000232e+02,-9.503864902394654735e+01
4.676777226562500118e+02,-9.532043914355060110e+01
4.676780156250000005e+02,-9.840626074148400448e+01
4.676783085937499891e+02,-1.070105765123493171e+02
4.676786015625000346e+02,-9.659856410404000826e+01
4.676788945312500232e+02,-1.278460656586066762e+02
4.676791875000000118e+02,-8.382126176585680355e+01
4.676794804687500005e+02,-7.811208233984730498e+01
4.676797734374999891e+02,-8.474699628260646023e+01
4.676800664062500346e+02,-1.103219766350310920e+02
4.676803593750000232e+02,-9.987323701432370626e+01
4.676806523437500118e+02,-9.774908426529771077e+01
4.676809453125000005e+02,-1.031475892974171984e+02
4.676812382812499891e+02,-1.059195007788292600e+02
4.676815312500000346e+02,-9.598795848035851463e+01
4.676818242187500232e+02,-1.207871920801008798e+02
4.676821171875000118e+02,-1.002635839683224788e+02
4.676824101562500005e+02,-9.368805341357264638e+01
4.676827031249999891e+02,-9.966293175739586729e+01
4.676829960937500346e+02,-1.070265892935923944e+02
4.676832890625000232e+02,-9.794669634003226122e+01
4.676835820312500118e+02,-9.945200125461560958e+01
4.676838750000000005e+02,-1.047325265796484928e+02
4.676841679687499891e+02,-9.395874654760510225e+01
4.676844609375000346e+02,-9.217609932371766490e+01
4.676847539062500232e+02,-9.242254628772900560e+01
4.676850468750000118e+02,-9.643589507765717883e+01
4.676853398437500005e+02,-1.017694961243719263e+02
4.676856328124999891e+02,-1.008727179899680806e+02
4.676859257812500346e+02,-9.788612580097590410e+01
4.676862187500000232e+02,-1.005063350112948513e+02
4.676865117187500118e+02,-1.087288476703431002e+02
4.676868046875000005e+02,-1.014809958934722687e+02
4.676870976562499891e+02,-9.778362897162276113e+01
4.676873906250000346e+02,-1.055516802927414517e+02
4.676876835937500232e+02,-9.218603689397502876e+01
4.676879765625000118e+02,-8.958536698888677563e+01
4.676882695312500005e+02,-8.539421512620822341e+01
4.676885624999999891e+02,-9.128621232473527414e+01
4.676888554687500346e+02,-9.398935918560260916e+01
4.676891484375000232e+02,-1.008969878638779960e+02
4.676894414062500118e+02,-9.535435015409142068e+01
4.676897343750000005e+02,-1.044674301939028140e+02
4.676900273437499891e+02,-1.011855797262134331e+02
4.676903203125000346e+02,-1.014675773894185795e+02
4.676906132812500232e+02,-9.994114728253263991e+01
4.676909062500000118e+02,-9.432749350556824197e+01
4.676911992187500005e+02,-9.890767083004229221e+01
4.676914921874999891e+02,-9.658561754209668493e+01
4.676917851562500346e+02,-9.781387351262912944e+01
4.676920781250000232e+02,-1.003869704264168803e+02
4.676923710937500118e+02,-1.050934274484387174e+02
4.676926640625000005e+02,-9.467895624491913509e+01
4.676929570312499891e+02,-8.734926621444536465e+01
4.676932500000000346e+02,-9.805473511141754273e+01
4.676935429687500232e+02,-9.769080394159972514e+01
4.676938359375000118e+02,-9.670566622830925496e+01
4.676941289062500005e+02,-9.924320274644389883e+01
4.676944218749999891e+02,-9.721743916774721583e+01
4.676947148437500346e+02,-9.430407026003402393e+01
4.676950078125000232e+02,-9.285137375926616699e+01
4.676953007812500118e+02,-9.519494000612759521e+01
4.676955937500000005e+02,-9.451024016234150338e+01
4.676958867187499891e+02,-8.686191906428132370e+01
4.676961796875000346e+02,-6.530999923993560685e+01
4.676964726562500232e+02,-6.280094649019734021e+01
4.676967656250000118e+02,-7.511396426148893113e+01
4.676970585937500005e+02,-1.150080565331225841e+02
4.676973515624999891e+02,-9.596992251744600821e+01
4.676976445312500346e+02,-9.545712076053176531e+01
4.676979375000000232e+02,-9.448658751092530395e+01
4.676982304687500118e+02,-9.422451864405154254e+01
4.676985234375000005e+02,-9.159143671604631720e+01
4.676988164062499891e+02,-9.220539537374051520e+01
4.676991093750000346e+02,-1.028370356803292083e+02
4.676994023437500232e+02,-9.096572025417924579e+01
4.676996953125000118e+02,-7.865328948257766228e+01
4.676999882812500005e+02,-8.011162692767699411e+01
4.677002812499999891e+02,-9.868692682357459489e+01
4.677005742187500346e+02,-8.981894451564872384e+01
4.677008671875000232e+02,-8.967922874794908239e+01
4.677011601562500118e+02,-9.081337921829353377e+01
4.677014531250000005e+02,-9.198993188203438365e+01
4.677017460937499891e+02,-1.172356192867712821e+02
4.677020390625000346e+02,-9.384632354735350646e+01
4.677023320312500232e+02,-9.229499316836759704e+01
4.677026250000000118e+02,-9.320207874456541219e+01
4.677029179687500005e+02,-8.685242884294453347e+01
4.677032109374999891e+02,-8.881570427034503723e+01
4.677035039062500346e+02,-1.012144285149516065e+02
4.677037968750000232e+02,-9.415873646845921030e+01
4.677040898437500118e+02,-9.717954841825903145e+01
4.677043828125000005e+02,-9.514913283737089955e+01
4.677046757812499891e+02,-9.291526892371452107e+01
4.677049687500000346e+02,-9.713957393377333460e+01
4.677052617187500232e+02,-9.121201720772089061e+01
4.677055546875000118e+02,-9.863479617402776967e+01
4.677058476562500005e+02,-9.669154602250952735e+01
4.677061406249999891e+02,-8.343328891223058008e+01
4.677064335937500346e+02,-7.781206476204940259e+01
4.677067265625000232e+02,-8.435833204210163672e+01
4.677070195312500118e+02,-1.029307854794639638e+02
4.677073125000000005e+02,-9.513622315403729601e+01
4.677076054687499891e+02,-9.248917785577368988e+01
4.677078984375000346e+02,-1.014746545983620507e+02
4.677081914062500232e+02,-9.791672405613695673e+01
4.677084843750000118e+02,-9.425491199868733361e+01
4.677087773437500005e+02,-9.205998543673244683e+01
4.677090703124999891e+02,-9.434988777233556334e+01
4.677093632812500346e+02,-9.473818763967622658e+01
4.677096562500000232e+02,-7.637814356757874634e+01
4.677099492187500118e+02,-7.230927621553705364e+01
4.677102421875000005e+02,-8.319652564391572014e+01
4.677105351562499891e+02,-1.034716294138942061e+02
4.677108281250000346e+02,-9.637790213078471879e+01
4.677111210937500232e+02,-1.011614334518483105e+02
4.677114140625000118e+02,-9.830720213466405255e+01
4.677117070312500005e+02,-9.408461024678737772e+01
4.677119999999999891e+02,-1.103522003033753407e+02
4.677122929687500346e+02,-9.393395188347788860e+01
4.677125859375000232e+02,-9.569680147788567126e+01
4.677128789062500118e+02,-8.069284128691280955e+01
4.677131718750000005e+02,-6.492893903162229208e+01
4.677134648437499891e+02,-6.565391347193417459e+01
4.677137578125000346e+02,-8.363616991007913271e+01
4.677140507812500232e+02,-9.797258760013752976e+01
4.677143437500000118e+02,-9.566034748203909999e+01
4.677146367187500005e+02,-1.046611166219476843e+02
4.677149296874999891e+02,-1.003557586015263183e+02
4.677152226562500346e+02,-1.021144694583796593e+02
4.677155156250000232e+02,-9.642557342758490790e+01
4.677158085937500118e+02,-9.779043875864530833e+01
4.677161015625000005e+02,-1.081783190522129132e+02
4.677163945312499891e+02,-9.682905334240076911e+01
4.677166875000000346e+02,-8.878854276212771879e+01
4.677169804687500232e+02,-9.074638482781871573e+01
4.677172734375000118e+02,-1.003761135584951205e+02
4.677175664062500005e+02,-9.765644749559535853e+01
4.677178593749999891e+02,-8.986417899265860854e+01
4.677181523437500346e+02,-9.227841654870158550e+01
4.677184453125000232e+02,-9.657630116035332435e+01
4.677187382812500118e+02,-9.586379773939357563e+01
4.677190312500000005e+02,-1.008261087515506773e+02
4.677193242187499891e+02,-1.001993480777705656e+02
4.677196171875000346e+02,-9.253756563791291967e+01
4.677199101562500232e+02,-7.888450453004276142e+01
4.677202031250000118e+02,-7.602703496352884827e+01
4.677204960937500005e+02,-8.813267437549077954e+01
4.677207890624999891e+02,-9.854640301527044244e+01
4.677210820312500346e+02,-8.477890238808392098e+01
4.677213750000000232e+02,-7.924688881179076816e+01
4.677216679687500118e+02,-8.829136658019535844e+01
4.677219609375000005e+02,-9.536907926245177691e+01
4.677222539062499891e+02,-9.138358055323041640e+01
4.677225468750000346e+02,-9.356604451624332341e+01
4.677228398437500232e+02,-9.953065752323958293e+01
4.677231328125000118e+02,-1.011210100172880857e+02
4.677234257812500005e+02,-9.033292295480747214e+01
4.677237187499999891e+02,-8.854127879303185011e+01
4.677240117187500346e+02,-9.649175446080171525e+01
4.677243046875000232e+02,-1.123633742091693364e+02
4.677245976562500118e+02,-9.087741259198223531e+01
4.677248906250000005e+02,-9.180724648898105045e+01
4.677251835937499891e+02,-1.117814506652359228e+02
4.677254765625000346e+02,-9.976994742921091586e+01
4.677257695312500232e+02,-9.667795922593984415e+01
4.677260625000000118e+02,-1.010040950524945771e+02
4.677263554687500005e+02,-9.380728124428264891e+01
4.677266484374999891e+02,-8.746253351954760547e+01
4.677269414062500346e+02,-8.981555403065186738e+01
4.677272343750000232e+02,-9.678927222763896054e+01
4.677275273437500118e+02,-9.822860057640561138e+01
4.677278203125000005e+02,-9.173699708152975063e+01
4.677281132812499891e+02,-9.500526152539677582e+01
4.677284062500000346e+02,-9.449176593061524443e+01
4.677286992187500232e+02,-9.834241110618407333e+01
4.677289921875000118e+02,-1.016739589138984172e+02
4.677292851562500005e+02,-9.706549501461225304e+01
4.677295781249999891e+02,-9.559929620835036701e+01
4.677298710937500346e+02,-8.563615933486674692e+01
4.677301640625000232e+02,-7.833599690135940818e+01
4.677304570312500118e+02,-8.190785562333374514e+01
4.677307500000000005e+02,-9.906072351004414145e+01
4.677310429687499891e+02,-9.689872095154733245e+01
4.677313359375000346e+02,-9.769851606516020581e+01
4.677316289062500232e+02,-9.678786117105866538e+01
4.677319218750000118e+02,-9.957445641220026289e+01
4.677322148437500005e+02,-9.563336259169659570e+01
4.677325078124999891e+02,-9.713491359957635041e+01
4.677328007812500346e+02,-1.108264921948141790e+02
4.677330937500000232e+02,-9.924698024817566022e+01
4.677333867187500118e+02,-8.140210696158582948e+01
4.677336796875000005e+02,-7.642321453839009848e+01
4.677339726562499891e+02,-8.477449149020243624e+01
4.677342656250000346e+02,-1.022867293435906788e+02
4.677345585937500232e+02,-9.534635112869685258e+01
4.677348515625000118e+02,-9.650898197777250687e+01
4.677351445312500005e+02,-9.748058438174383866e+01
4.677354374999999891e+02,-9.972144899206385560e+01
4.677357304687500346e+02,-9.812387504859009368e+01
4.677360234375000232e+02,-1.025735780130970909e+02
4.677363164062500118e+02,-1.013968117807850717e+02
4.677366093750000005e+02,-9.262256702985726520e+01
4.677369023437499891e+02,-8.711221101964851243e+01
4.677371953125000346e+02,-8.907202128936431507e+01
4.677374882812500232e+02,-9.774279972231930458e+01
4.677377812500000118e+02,-1.125773101043656084e+02
4.677380742187500005e+02,-8.862179058284914390e+01
4.677383671874999891e+02,-8.645074818612141598e+01
4.677386601562500346e+02,-1.109177318776529830e+02
4.677389531250000232e+02,-1.098260530533318047e+02
4.677392460937500118e+02,-1.018970691601353735e+02
4.677395390625000005e+02,-1.085228089219071990e+02
4.677398320312499891e+02,-1.001092600554077308e+02
4.677401250000000346e+02,-9.511889705550265717e+01
4.677404179687500232e+02,-9.821662306648076424e+01
4.677407109375000118e+02,-9.834766098032046955e+01
4.677410039062500005e+02,-9.308099728640544868e+01
4.677412968749999891e+02,-8.780787299634118881e+01
4.677415898437500346e+02,-7.455347214591685656e+01
4.677418828125000232e+02,-7.745519089541420499e+01
4.677421757812500118e+02,-9.424700271448513433e+01
4.677424687500000005e+02,-9.826574858885814479e+01
4.677427617187499891e+02,-1.006327567851541147e+02
4.677430546875000346e+02,-1.040762920897693675e+02
4.677433476562500232e+02,-9.901496409167562263e+01
4.677436406250000118e+02,-1.077452657636104050e+02
4.677439335937500005e+02,-9.592331682853244956e+01
4.677442265624999891e+02,-9.448838312560855002e+01
4.677445195312500346e+02,-9.764276296716084858e+01
4.677448125000000232e+02,-8.768347856788292916e+01
4.677451054687500118e+02,-8.258632495912628713e+01
4.677453984375000005e+02,-8.593720403938038999e+01
4.677456914062499891e+02,-9.428722072395240161e+01
4.677459843750000346e+02,-1.025674971896447403e+02
4.677462773437500232e+02,-1.015339868413248183e+02
4.677465703125000118e+02,-1.049411512717813224e+02
4.677468632812500005e+02,-1.013899781223656191e+02
4.677471562499999891e+02,-9.226463211877293702e+01
4.677474492187500346e+02,-9.940073162642303828e+01
4.677477421875000232e+02,-9.788450985443131458e+01
4.677480351562500118e+02,-9.412036814870731405e+01
4.677483281250000005e+02,-9.523671864716402524e+01
4.677486210937499891e+02,-9.956079123837824341e+01
4.677489140625000346e+02,-1.034736407452899982e+02
4.677492070312500232e+02,-1.015165766409893138e+02
4.677495000000000118e+02,-1.004654283917025595e+02
4.677497929687500005e+02,-9.922203252911674554e+01
4.677500859374999891e+02,-9.716501349956212152e+01
4.677503789062500346e+02,-9.434269966401046759e+01
4.677506718750000232e+02,-9.312013240683054960e+01
4.677509648437500118e+02,-9.705920951136539543e+01
4.677512578125000005e+02,-9.556644602005809475e+01
4.677515507812499891e+02,-9.562201647815221861e+01
4.677518437500000346e+02,-9.913768328031616761e+01
4.677521367187500232e+02,-1.053734432387249171e+02
4.677524296875000118e+02,-9.986296754205440607e+01
4.677527226562500005e+02,-1.035367295720663350e+02
4.677530156249999891e+02,-1.076624821438853417e+02
4.677533085937500346e+02,-1.098320614603649119e+02
4.677536015625000232e+02,-9.645693359252055643e+01
4.677538945312500118e+02,-9.426741240038404612e+01
4.677541875000000005e+02,-9.679586720123248256e+01
4.677544804687499891e+02,-9.916237669398050514e+01
4.677547734375000346e+02,-9.629468923861479368e+01
4.677550664062500232e+02,-9.928897587921329659e+01
4.677553593750000118e+02,-1.085069804904744473e+02
4.677556523437500005e+02,-9.707981930311126462e+01
4.677559453124999891e+02,-9.986348201828492677e+01
4.677562382812500346e+02,-1.004926726208854291e+02
4.677565312500000232e+02,-9.474464099169345843e+01
4.677568242187500118e+02,-9.974354232908231666e+01
4.677571171875000005e+02,-1.130167208291881309e+02
4.677574101562499891e+02,-9.801028984222119789e+01
4.677577031250000346e+02,-9.561701526262224604e+01
4.677579960937500232e+02,-9.348109217755171585e+01
4.677582890625000118e+02,-7.304827776322181876e+01
4.677585820312500005e+02,-6.571200453526658691e+01
4.677588749999999891e+02,-7.294414766903058478e+01
4.677591679687500346e+02,-9.424155878648990381e+01
4.677594609375000232e+02,-9.365085035402387348e+01
4.677597539062500118e+02,-9.479182593352183517e+01
4.677600468750000005e+02,-9.715774418959389891e+01
4.677603398437499891e+02,-1.008809211520273266e+02
4.677606328125000346e+02,-9.644059866887926091e+01
4.677609257812500232e+02,-1.011934981318830893e+02
4.677612187500000118e+02,-1.031601398750134138e+02
4.677615117187500005e+02,-1.016091503475771844e+02
4.677618046874999891e+02,-9.215041477724135177e+01
4.677620976562500346e+02,-8.851601237638958253e+01
4.677623906250000232e+02,-9.459072013988952676e+01
4.677626835937500118e+02,-9.655307060004908237e+01
4.677629765625000005e+02,-9.863435164606994476e+01
4.677632695312499891e+02,-9.358139223216662117e+01
4.677635625000000346e+02,-9.271146205719614386e+01
4.677638554687500232e+02,-9.738574501072100986e+01
4.677641484375000118e+02,-1.029454131024922674e+02
4.677644414062500005e+02,-9.842609467870329354e+01
4.677647343749999891e+02,-1.070323615494949649e+02
4.677650273437500346e+02,-9.320561736192837543e+01
4.677653203125000232e+02,-9.800011928595961308e+01
4.677656132812500118e+02,-9.851178164833093831e+01
4.677659062500000005e+02,-1.009831297130657219e+02
4.677661992187499891e+02,-1.044179465825638999e+02
4.677664921875000346e+02,-9.359220381801287658e+01
4.677667851562500232e+02,-9.032412298774674753e+01
4.677670781250000118e+02,-9.124021730258790797e+01
4.677673710937500005e+02,-1.014758340992258780e+02
4.677676640624999891e+02,-1.002688456786559072e+02
4.677679570312500346e+02,-1.008494445804096245e+02
4.677682500000000232e+02,-9.449563839771693097e+01
4.677685429687500118e+02,-8.268231951271243929e+01
4.677688359375000005e+02,-8.610058056967108087e+01
4.677691289062499891e+02,-9.664634962028416965e+01
4.677694218750000346e+02,-9.647660830316995373e+01
4.677697148437500232e+02,-9.927523906238639029e+01
4.677700078125000118e+02,-9.554535566298930860e+01
4.677703007812500005e+02,-9.105937758740586219e+01
4.677705937499999891e+02,-9.260718243168125241e+01
4.677708867187500346e+02,-9.648978426634539574e+01
4.677711796875000232e+02,-1.078033728845234549e+02
4.677714726562500118e+02,-9.932941549181002472e+01
4.677717656250000005e+02,-8.087002266934203476e+01
4.677720585937499891e+02,-7.354387982609755170e+01
4.677723515625000346e+02,-8.041993138802133956e+01
4.677726445312500232e+02,-9.468604026293579068e+01
4.677729375000000118e+02,-1.127661940683299946e+02
4.677732304687500005e+02,-9.582256952390729055e+01
4.677735234374999891e+02,-9.564661466982749971e+01
4.677738164062500346e+02,-1.022093322928155601e+02
4.677741093750000232e+02,-9.194882446226985451e+01
4.677744023437500118e+02,-9.188674283976396850e+01
4.677746953125000005e+02,-9.309813841886511909e+01
4.677749882812499891e+02,-1.070843910159238135e+02
4.677752812500000346e+02,-8.291997868652634907e+01
4.677755742187500232e+02,-7.811119376342345788e+01
4.677758671875000118e+02,-8.645802811133620480e+01
4.677761601562500005e+02,-9.362177987644152211e+01
4.677764531249999891e+02,-9.355692717280990678e+01
4.677767460937500346e+02,-8.852245336296294909e+01
4.677770390625000232e+02,-8.793974387998380848e+01
4.677773320312500118e+02,-8.799081355360019074e+01
4.677776250000000005e+02,-8.546910107243370192e+01
4.677779179687499891e+02,-8.930215620257763476e+01
4.677782109375000346e+02,-9.478272206396107435e+01
4.677785039062500232e+02,-8.146221988722162166e+01
4.677787968750000118e+02,-6.565261069226068003e+01
4.677790898437500005e+02,-6.628105011493715892e+01
4.677793828124999891e+02,-8.930939851614674296e+01
4.677796757812500346e+02,-8.655050705932615074e+01
4.677799687500000232e+02,-8.370797010717006970e+01
4.677802617187500118e+02,-8.543463525434140138e+01
4.677805546875000005e+02,-8.846178066006473273e+01
4.677808476562499891e+02,-8.684529403876956621e+01
4.677811406250000346e+02,-9.001927247075322214e+01
4.677814335937500232e+02,-8.844105520496268014e+01
4.677817265625000118e+02,-8.943421929796201653e+01
4.677820195312500005e+02,-8.596848201890591668e+01
4.677823124999999891e+02,-8.012902329212694497e+01
4.677826054687500346e+02,-8.521468350703750616e+01
4.677828984375000232e+02,-9.869401627042834946e+01
4.677831914062500118e+02,-8.973723192382314551e+01
4.677834843750000005e+02,-8.688442314310177039e+01
4.677837773437499891e+02,-9.076705512532525688e+01
4.677840703125000346e+02,-1.004665717690421189e+02
4.677843632812500232e+02,-9.642568845443457803e+01
4.677846562500000118e+02,-9.666406753161231791e+01
4.677849492187500005e+02,-1.067962155451158566e+02
4.677852421874999891e+02,-9.351038823098049590e+01
4.677855351562500346e+02,-8.706290078282449940e+01
4.677858281250000232e+02,-8.647437443781242905e+01
4.677861210937500118e+02,-9.462471068783231942e+01
4.677864140625000005e+02,-1.041994427065457529e+02
4.677867070312499891e+02,-9.566013734240002009e+01
4.677870000000000346e+02,-8.730986311336891958e+01
4.677872929687500232e+02,-1.002399056833297379e+02
4.677875859375000118e+02,-1.278165164910596445e+02
4.677878789062500005e+02,-1.079894179707727488e+02
4.677881718749999891e+02,-1.065622182215173552e+02
4.677884648437500346e+02,-9.994871106750068179e+01
4.677887578125000232e+02,-9.504204265326669088e+01
4.677890507812500118e+02,-8.800718619268909038e+01
4.677893437500000005e+02,-9.038563779858536407e+01
4.677896367187499891e+02,-1.075086818411129741e+02
4.677899296875000346e+02,-1.034816475329699159e+02
4.677902226562500232e+02,-9.176375995530932528e+01
4.677905156250000118e+02,-9.331021575690218128e+01
4.677908085937500005e+02,-1.017900067329020573e+02
4.677911015624999891e+02,-9.963178079328316983e+01
4.677913945312500346e+02,-9.776413069282041590e+01
4.677916875000000232e+02,-1.020758983651136873e+02
4.677919804687500118e+02,-1.101848415986403751e+02
4.677922734375000005e+02,-9.065253851808250829e+01
4.677925664062499891e+02,-9.277366910625757157e+01
4.677928593750000346e+02,-9.765571401253620820e+01
4.677931523437500232e+02,-1.066840170875626512e+02
4.677934453125000118e+02,-9.402111766432830109e+01
4.677937382812500005e+02,-9.842145854571697328e+01
4.677940312499999891e+02,-9.734821797955950728e+01
4.677943242187500346e+02,-9.774651553574939555e+01
4.677946171875000232e+02,-9.631999398878731711e+01
4.677949101562500118e+02,-9.402824686870764026e+01
4.677952031250000005e+02,-9.465950830045856890e+01
4.677954960937499891e+02,-8.192564825241535686e+01
4.677957890625000346e+02,-7.213681689207405157e+01
4.677960820312500232e+02,-7.683592875392655230e+01
4.677963750000000118e+02,-9.651926484467622913e+01
4.677966679687500005e+02,-1.080150970426161621e+02
4.677969609374999891e+02,-1.000972323545453833e+02
4.677972539062500346e+02,-9.621852276516712266e+01
4.677975468750000232e+02,-9.620498625213691923e+01
4.677978398437500118e+02,-1.026202030207272458e+02
4.677981328125000005e+02,-1.010633016618464524e+02
4.677984257812499891e+02,-9.226326874798229483e+01
4.677987187500000346e+02,-9.635879586294475985e+01
4.677990117187500232e+02,-9.623106225771525146e+01
4.677993046875000118e+02,-9.065620758131217372e+01
4.677995976562500005e+02,-1.005935268642933664e+02
4.677998906249999891e+02,-1.028975959136224674e+02
4.678001835937500346e+02,-9.508868622290967210e+01
4.678004765625000232e+02,-1.041987855330417005e+02
4.678007695312500118e+02,-9.966428132576025689e+01
4.678010625000000005e+02,-1.028296575145948566e+02
4.678013554687499891e+02,-1.108562444662737079e+02
4.678016484375000346e+02,-1.027827917054358551e+02
4.678019414062500232e+02,-9.965679424176721568e+01
4.678022343750000118e+02,-1.050420651600935997e+02
4.678025273437500005e+02,-9.726932060740595887e+01
4.678028203124999891e+02,-1.116971587780977302e+02
4.678031132812500346e+02,-9.554518667115439712e+01
4.678034062500000232e+02,-9.065951585376055277e+01
4.678036992187500118e+02,-8.342930432525091078e+01
4.678039921875000005e+02,-8.361760112474047446e+01
4.678042851562499891e+02,-1.134987023650540294e+02
4.678045781250000346e+02,-1.022630332841133907e+02
4.678048710937500232e+02,-1.052976011783727159e+02
4.678051640625000118e+02,-1.019521881829211907e+02
4.678054570312500005e+02,-1.042634440214319795e+02
4.678057499999999891e+02,-1.078554588743465388e+02
4.678060429687500346e+02,-1.005188182213995276e+02
4.678063359375000232e+02,-9.093654103275035538e+01
4.678066289062500118e+02,-8.939160167723551353e+01
4.678069218750000005e+02,-9.842454228247808601e+01
4.678072148437499891e+02,-8.659548160009940432e+01
4.678075078125000346e+02,-9.046861913709958003e+01
4.678078007812500232e+02,-1.021583574227279598e+02
4.678080937500000118e+02,-9.871917993425904569e+01
4.678083867187500005e+02,-9.527512846921602829e+01
4.678086796874999891e+02,-9.447386969350552022e+01
4.678089726562500346e+02,-9.183129072913837376e+01
4.678092656250000232e+02,-9.666441131945553877e+01
4.678095585937500118e+02,-9.674627366950807072e+01
4.678098515625000005e+02,-9.269763465263211799e+01
4.678101445312499891e+02,-9.808075941919669560e+01
4.678104375000000346e+02,-1.252744876875308080e+02
4.678107304687500232e+02,-9.311090329945295707e+01
4.678110234375000118e+02,-9.546225484438537023e+01
4.678113164062500005e+02,-1.006953021428109452e+02
4.678116093749999891e+02,-9.254481564802431137e+01
4.678119023437500346e+02,-9.750474647270684159e+01
4.678121953125000232e+02,-9.359627761615642783e+01
4.678124882812500118e+02,-9.443676375256855238e+01
4.678127812500000005e+02,-9.806880666977508554e+01
4.678130742187499891e+02,-1.014303603856745610e+02
4.678133671875000346e+02,-9.673574990052895828e+01
4.678136601562500232e+02,-9.542046472760611664e+01
4.678139531250000118e+02,-1.014153329314156196e+02
4.678142460937500005e+02,-1.036540580278345374e+02
4.678145390624999891e+02,-1.069501427791952608e+02
4.678148320312500346e+02,-9.685583131760461129e+01
4.678151250000000232e+02,-9.776546995965694009e+01
4.678154179687500118e+02,-9.731528898845859032e+01
4.678157109375000005e+02,-1.032243258184236652e+02
4.678160039062499891e+02,-1.159269290769368297e+02
4.678162968750000346e+02,-1.100738454963483264e+02
4.678165898437500232e+02,-9.951796038419263368e+01
4.678168828125000118e+02,-1.137104512589254171e+02
4.678171757812500005e+02,-9.419416981178409287e+01
4.678174687499999891e+02,-8.852833757833624873e+01
4.678177617187500346e+02,-1.022097956158714425e+02
4.678180546875000232e+02,-1.039049208689699810e+02
4.678183476562500118e+02,-9.992732643536069759e+01
4.678186406250000005e+02,-9.551037467981069540e+01
4.678189335937499891e+02,-1.019083037094279689e+02
4.678192265625000346e+02,-1.008687704451448184e+02
4.678195195312500232e+02,-9.378197278288256200e+01
4.678198125000000118e+02,-1.044765821741185761e+02
4.678201054687500005e+02,-1.018662567551012188e+02
4.678203984374999891e+02,-8.898069945502965084e+01
4.678206914062500346e+02,-7.478124845515790753e+01
4.678209843750000232e+02,-7.680161175262144013e+01
4.678212773437500118e+02,-9.767554753179730653e+01
4.678215703125000005e+02,-9.758147885098728125e+01
4.678218632812499891e+02,-9.524138027773389581e+01
4.678221562500000346e+02,-9.549148886869741659e+01
4.678224492187500232e+02,-1.035545384278876213e+02
4.678227421875000118e+02,-9.883657205731518047e+01
4.678230351562500005e+02,-9.666790538334574023e+01
4.678233281249999891e+02,-9.788087894825793001e+01
4.678236210937500346e+02,-9.425873529655648042e+01
4.678239140625000232e+02,-8.922435643355424872e+01
4.678242070312500118e+02,-8.288104797783900324e+01
4.678245000000000005e+02,-9.003460557704406142e+01
4.678247929687499891e+02,-9.149486743377187281e+01
4.678250859375000346e+02,-9.341306392325586216e+01
4.678253789062500232e+02,-9.888992680073724273e+01
4.678256718750000118e+02,-9.738872018046140511e+01
4.678259648437500005e+02,-9.174509319400557672e+01
4.678262578124999891e+02,-9.320484954953876411e+01
4.678265507812500346e+02,-9.759981079092342782e+01
4.678268437500000232e+02,-9.487750758932405404e+01
4.678271367187500118e+02,-9.930911334962537751e+01
4.678274296875000005e+02,-1.030697235502593401e+02
4.678277226562499891e+02,-1.027762439512166424e+02
4.678280156250000346e+02,-1.004001221208442729e+02
4.678283085937500232e+02,-9.943077898789488245e+01
4.678286015625000118e+02,-8.662128704859932782e+01
4.678288945312500005e+02,-8.276463422832014771e+01
4.678291874999999891e+02,-9.062222495553599799e+01
4.678294804687500346e+02,-1.027289949401453271e+02
4.678297734375000232e+02,-1.103272617310405934e+02
4.678300664062500118e+02,-1.151466219785547054e+02
4.678303593750000005e+02,-1.043187349517744735e+02
4.678306523437499891e+02,-9.431238372171796414e+01
4.678309453125000346e+02,-9.387667237103116236e+01
4.678312382812500232e+02,-1.071383931134502774e+02
4.678315312500000118e+02,-1.141723793828120961e+02
4.678318242187500005e+02,-1.053564866435597196e+02
4.678321171874999891e+02,-1.006287114280960537e+02
4.678324101562500346e+02,-9.496835594662216806e+01
4.678327031250000232e+02,-9.420213067816574437e+01
4.678329960937500118e+02,-1.032730822009463054e+02
4.678332890625000005e+02,-1.009875888788777161e+02
4.678335820312499891e+02,-1.116192385200691888e+02
4.678338750000000346e+02,-1.021747200238375939e+02
4.678341679687500232e+02,-8.419402681817604162e+01
4.678344609375000118e+02,-8.420336088769934690e+01
4.678347539062500005e+02,-9.150558608544497474e+01
4.678350468749999891e+02,-9.775183850069348068e+01
4.678353398437500346e+02,-1.073203288120951129e+02
4.678356328125000232e+02,-1.020123565487520665e+02
4.678359257812500118e+02,-1.121881814951396308e+02
4.678362187500000005e+02,-9.896452184457027101e+01
4.678365117187499891e+02,-1.016515255835930276e+02
4.678368046875000346e+02,-1.004753167871732700e+02
4.678370976562500232e+02,-9.941978418534483808e+01
4.678373906250000118e+02,-7.684677142357509183e+01
4.678376835937500005e+02,-6.807466159021782914e+01
4.678379765624999891e+02,-7.381292474128920844e+01
4.678382695312500346e+02,-9.909701190244845748e+01
4.678385625000000232e+02,-9.400797301601072320e+01
4.678388554687500118e+02,-1.102927280771521907e+02
4.678391484375000005e+02,-1.031770801647684550e+02
4.678394414062499891e+02,-1.089503385736638705e+02
4.678397343750000346e+02,-9.369953883858141808e+01
4.678400273437500232e+02,-9.088228460057557356e+01
4.678403203125000118e+02,-9.474631732918828675e+01
4.678406132812500005e+02,-1.011673056321038899e+02
4.678409062499999891e+02,-8.287334169306424769e+01
4.678411992187500346e+02,-7.777375397137292623e+01
4.678414921875000232e+02,-8.803220132454720215e+01
4.678417851562500118e+02,-1.046582406495400335e+02
4.678420781250000005e+02,-9.441423236701139388e+01
4.678423710937499891e+02,-1.015871021778245336e+02
4.678426640625000346e+02,-9.301995627646036269e+01
4.678429570312500232e+02,-9.252607836271558028e+01
4.678432500000000118e+02,-9.397830766480930720e+01
4.678435429687500005e+02,-9.342600237887339176e+01
4.678438359374999891e+02,-9.898726067885100122e+01
4.678441289062500346e+02,-9.232918361431427456e+01
4.678444218750000232e+02,-7.785684627315474415e+01
4.678447148437500118e+02,-7.851377774129130671e+01
4.678450078125000005e+02,-1.066024081211877217e+02
4.678453007812499891e+02,-9.050161622738670530e+01
4.678455937500000346e+02,-9.128599919435626475e+01
4.678458867187500232e+02,-9.509733145941777366e+01
4.678461796875000118e+02,-9.716056310114267092e+01
4.678464726562500005e+02,-9.027232185852865598e+01
4.678467656249999891e+02,-9.342847111332240218e+01
4.678470585937500346e+02,-9.651353193208913694e+01
4.678473515625000232e+02,-9.375461079294096578e+01
4.678476445312500118e+02,-9.327424544039523369e+01
4.678479375000000005e+02,-9.226841818777850790e+01
4.678482304687499891e+02,-9.787045104688637309e+01
4.678485234375000346e+02,-9.074995397866939584e+01
4.678488164062500232e+02,-9.696537927023747727e+01
4.678491093750000118e+02,-8.896481600684916202e+01
4.678494023437500005e+02,-9.015150691545085238e+01
4.678496953124999891e+02,-1.016717089079418486e+02
4.678499882812500346e+02,-1.001910995184354647e+02
4.678502812500000232e+02,-1.003245782179947412e+02
4.678505742187500118e+02,-9.869082232281974143e+01
4.678508671875000005e+02,-9.566632142841386610e+01
4.678511601562499891e+02,-9.338811402559785790e+01
4.678514531250000346e+02,-9.754164793221690388e+01
4.678517460937500232e+02,-9.805886505919804108e+01
4.678520390625000118e+02,-1.031201966818141500e+02
4.678523320312500005e+02,-1.051380681404448012e+02
4.678526249999999891e+02,-9.236568676258828248e+01
4.678529179687500346e+02,-9.552689758825137289e+01
4.678532109375000232e+02,-9.987468324879792192e+01
4.678535039062500118e+02,-1.074550435486967217e+02
4.678537968750000005e+02,-1.092626392122984385e+02
4.678540898437499891e+02,-9.890962320659170359e+01
4.678543828125000346e+02,-1.020076767325996201e+02
4.678546757812500232e+02,-1.027234610029163377e+02
4.678549687500000118e+02,-1.016912759539836486e+02
4.678552617187500005e+02,-1.010964573657536221e+02
4.678555546874999891e+02,-9.901687300761933841e+01
4.678558476562500346e+02,-9.513499092305471549e+01
4.678561406250000232e+02,-1.016067806769207209e+02
4.678564335937500118e+02,-1.148659323327447055e+02
4.678567265625000005e+02,-9.728379578583188447e+01
4.678570195312499891e+02,-9.144733229837170541e+01
4.678573125000000346e+02,-9.483911729526232648e+01
4.678576054687500232e+02,-9.706462576028243916e+01
4.678578984375000118e+02,-7.822559593854413151e+01
4.678581914062500005e+02,-7.618638350532074810e+01
4.678584843749999891e+02,-8.989902022957878103e+01
4.678587773437500346e+02,-9.604343721437092540e+01
4.678590703125000232e+02,-8.837218015839710006e+01
4.678593632812500118e+02,-9.020902149384718882e+01
4.678596562500000005e+02,-1.014809030496191866e+02
4.678599492187499891e+02,-1.006990196434248475e+02
4.678602421875000346e+02,-1.098650329235162815e+02
4.678605351562500232e+02,-1.032842339193876455e+02
4.678608281250000118e+02,-9.681280603928213679e+01
4.678611210937500005e+02,-9.165273229877593053e+01
4.678614140624999891e+02,-8.895407740769313421e+01
4.678617070312500346e+02,-9.730678161631436751e+01
4.678620000000000232e+02,-9.339356559184052742e+01
4.678622929687500118e+02,-1.054165372533001346e+02
4.678625859375000005e+02,-9.716289697242740431e+01
4.678628789062499891e+02,-9.557100745583400681e+01
4.678631718750000346e+02,-9.395109022601351967e+01
4.678634648437500232e+02,-9.918872650492338039e+01
4.678637578125000118e+02,-1.033888294506909915e+02
4.678640507812500005e+02,-9.513411227506554724e+01
4.678643437499999891e+02,-9.609522598036517138e+01
4.678646367187500346e+02,-9.588888431470566331e+01
4.678649296875000232e+02,-9.549578182084304956e+01
4.678652226562500118e+02,-1.008004404714850466e+02
4.678655156250000005e+02,-1.043799246324352481e+02
4.678658085937499891e+02,-8.179075124801910590e+01
4.678661015625000346e+02,-7.595032932599666253e+01
4.678663945312500232e+02,-8.483939624851734607e+01
4.678666875000000118e+02,-9.524484083275459056e+01
4.678669804687500005e+02,-1.151132908539063351e+02
4.678672734374999891e+02,-9.647213118525610298e+01
4.678675664062500346e+02,-9.689485493078065304e+01
4.678678593750000232e+02,-1.118270966121512799e+02
4.678681523437500118e+02,-9.205389105903037716e+01
4.678684453125000005e+02,-9.819912399985504692e+01
4.678687382812499891e+02,-9.525914618760610608e+01
4.678690312500000346e+02,-9.398784927283989532e+01
4.678693242187500232e+02,-9.015276740978174530e+01
4.678696171875000118e+02,-9.332560895457199024e+01
4.678699101562500005e+02,-9.528512863868868976e+01
4.678702031249999891e+02,-9.663940963525378436e+01
4.678704960937500346e+02,-9.761168102602928798e+01
4.678707890625000232e+02,-1.062514989793730393e+02
4.678710820312500118e+02,-9.882438077168261259e+01
4.678713750000000005e+02,-9.596920483978733785e+01
4.678716679687499891e+02,-9.438273580766926329e+01
4.678719609375000346e+02,-9.441608756175243400e+01
4.678722539062500232e+02,-9.209868575715401562e+01
4.678725468750000118e+02,-9.959309018495562782e+01
4.678728398437500005e+02,-1.073672314510720440e+02
4.678731328124999891e+02,-1.054071118994292391e+02
4.678734257812500346e+02,-1.158284571987683620e+02
4.678737187500000232e+02,-1.183634580616664778e+02
4.678740117187500118e+02,-1.031737329533483774e+02
4.678743046875000005e+02,-1.026502520099188871e+02
4.678745976562499891e+02,-9.414114898260193343e+01
4.678748906250000346e+02,-9.660481062120302909e+01
4.678751835937500232e+02,-9.834136370220049628e+01
4.678754765625000118e+02,-9.292047173441557106e+01
4.678757695312500005e+02,-9.591260890692880992e+01
4.678760624999999891e+02,-9.951882856344820993e+01
4.678763554687500346e+02,-9.859772249034770653e+01
4.678766484375000232e+02,-1.034228521460325965e+02
4.678769414062500118e+02,-9.630306919761808615e+01
4.678772343750000005e+02,-9.253972099191712175e+01
4.678775273437499891e+02,-9.473756523090622750e+01
4.678778203125000346e+02,-9.424971027468882312e+01
4.678781132812500232e+02,-9.278717985433119964e+01
4.678784062500000118e+02,-1.010892472291551201e+02
4.678786992187500005e+02,-1.139558755130987322e+02
4.678789921874999891e+02,-9.396283653860477614e+01
4.678792851562500346e+02,-9.495546276262997765e+01
4.678795781250000232e+02,-9.458366348755436093e+01
4.678798710937500118e+02,-1.034847125833436507e+02
4.678801640625000005e+02,-1.020432988285357254e+02
4.678804570312499891e+02,-9.864681244077186761e+01
4.678807500000000346e+02,-9.902089049954233246e+01
4.678810429687500232e+02,-1.011679706288308296e+02
4.678813359375000118e+02,-9.807301595065209199e+01
4.678816289062500005e+02,-9.665462784536286733e+01
4.678819218749999891e+02,-9.869598430139896550e+01
4.678822148437500346e+02,-1.002666097243041889e+02
4.678825078125000232e+02,-1.023783817606410338e+02
4.678828007812500118e+02,-8.700216591735201632e+01
4.678830937500000005e+02,-8.448809315563480027e+01
4.678833867187499891e+02,-9.821677838319175180e+01
4.678836796875000346e+02,-1.016675643763274905e+02
4.678839726562500232e+02,-9.685544911600216267e+01
4.678842656250000118e+02,-9.992502952656820980e+01
4.678845585937500005e+02,-1.004798637511965609e+02
4.678848515624999891e+02,-9.391264823767924952e+01
4.678851445312500346e+02,-9.608405726124070156e+01
4.678854375000000232e+02,-1.029299669971999549e+02
4.678857304687500118e+02,-1.219844747696870257e+02
4.678860234375000005e+02,-1.050736237888515063e+02
4.678863164062499891e+02,-8.473747210396152241e+01
4.678866093750000346e+02,-8.435634360751504346e+01
4.678869023437500232e+02,-9.348343459358807195e+01
4.678871953125000118e+02,-9.999250779704239278e+01
4.678874882812500005e+02,-9.913327473487078123e+01
4.678877812499999891e+02,-1.068331971558988158e+02
4.678880742187500346e+02,-1.038550338285541557e+02
4.678883671875000232e+02,-9.419879459221749585e+01
4.678886601562500118e+02,-9.813041466850066286e+01
4.678889531250000005e+02,-1.075659007551581112e+02
4.678892460937499891e+02,-1.127045380281630429e+02
4.678895390625000346e+02,-9.581736873851069447e+01
4.678898320312500232e+02,-8.765332535993350405e+01
4.678901250000000118e+02,-9.331464414375517435e+01
4.678904179687500005e+02,-9.236345391353447098e+01
4.678907109374999891e+02,-9.421576030911936073e+01
4.678910039062500346e+02,-9.479579921506397966e+01
4.678912968750000232e+02,-1.085498911187589641e+02
4.678915898437500118e+02,-9.645318609163483359e+01
4.678918828125000005e+02,-9.470490662166537277e+01
4.678921757812499891e+02,-1.006401997562146136e+02
4.678924687500000346e+02,-1.020326563000235751e+02
4.678927617187500232e+02,-9.938429676231427834e+01
4.678930546875000118e+02,-9.919228516796934514e+01
4.678933476562500005e+02,-1.030159885168494611e+02
4.678936406249999891e+02,-9.918512961190185706e+01
4.678939335937500346e+02,-1.042068348519716494e+02
4.678942265625000232e+02,-1.023959572554398108e+02
4.678945195312500118e+02,-1.024243813031779382e+02
4.678948125000000005e+02,-1.014426985630297651e+02
4.678951054687499891e+02,-1.023690080304389625e+02
4.678953984375000346e+02,-1.044407912380636958e+02
4.678956914062500232e+02,-9.886498475064553304e+01
4.678959843750000118e+02,-9.674850735188245210e+01
4.678962773437500005e+02,-8.781318021725341794e+01
4.678965703124999891e+02,-8.524699224790602159e+01
4.678968632812500346e+02,-9.552096272679314382e+01
4.678971562500000232e+02,-1.163541801142537366e+02
4.678974492187500118e+02,-1.009123892535247364e+02
4.678977421875000005e+02,-9.975143682441981241e+01
4.678980351562499891e+02,-1.044873597278048152e+02
4.678983281250000346e+02,-1.061338821170972722e+02
4.678986210937500232e+02,-1.044188083375683362e+02
4.678989140625000118e+02,-9.625366692557180670e+01
4.678992070312500005e+02,-9.272005595393159183e+01
4.678994999999999891e+02,-8.798192742221728224e+01
4.678997929687500346e+02,-7.658192623053450632e+01
4.679000859375000232e+02,-7.625078520638750490e+01
4.679003789062500118e+02,-9.135865575853607368e+01
4.679006718750000005e+02,-9.350488958765053837e+01
4.679009648437499891e+02,-9.151733429051462565e+01
4.679012578125000346e+02,-9.129987145211484290e+01
4.679015507812500232e+02,-9.542444526964358431e+01
4.679018437500000118e+02,-9.269554714258313766e+01
4.679021367187500005e+02,-8.511802658178893921e+01
4.679024296874999891e+02,-8.591673357421927903e+01
4.679027226562500346e+02,-9.416659659833945284e+01
4.679030156250000232e+02,-7.634352806394606716e+01
4.679033085937500118e+02,-6.651803666733613341e+01
4.679036015625000005e+02,-7.153758400269326501e+01
4.679038945312499891e+02,-9.238094280647116818e+01
4.679041875000000346e+02,-8.498228585755975928e+01
4.679044804687500232e+02,-8.523805765850443095e+01
4.679047734375000118e+02,-9.043604616008141761e+01
4.679050664062500005e+02,-9.548931198396395814e+01
4.679053593749999891e+02,-8.663362621841559985e+01
4.679056523437500346e+02,-8.612293555046271365e+01
4.679059453125000232e+02,-8.942170435169778386e+01
4.679062382812500118e+02,-1.019835473275092141e+02
4.679065312500000005e+02,-8.373793484776165030e+01
4.679068242187499891e+02,-7.818577766857445965e+01
4.679071171875000346e+02,-8.834042717250704868e+01
4.679074101562500232e+02,-9.212876601889064432e+01
4.679077031250000118e+02,-8.822052577200673795e+01
4.679079960937500005e+02,-9.980381872133006027e+01
4.679082890624999891e+02,-1.042894194110825481e+02
4.679085820312500346e+02,-1.076608204337337185e+02
4.679088750000000232e+02,-9.263670003415897725e+01
4.679091679687500118e+02,-9.066419067116298436e+01
4.679094609375000005e+02,-9.470689380353080367e+01
4.679097539062499891e+02,-1.003729754353738315e+02
4.679100468750000346e+02,-9.572393823495789889e+01
4.679103398437500232e+02,-9.317978758944285289e+01
4.679106328125000118e+02,-1.022127989263473467e+02
4.679109257812500005e+02,-9.562909013710560657e+01
4.679112187499999891e+02,-9.725369083612109478e+01
4.679115117187500346e+02,-1.019873785283067207e+02
4.679118046875000232e+02,-9.404538696643305684e+01
4.679120976562500118e+02,-9.509133482378096858e+01
4.679123906250000005e+02,-9.526423494728146579e+01
4.679126835937499891e+02,-9.430100804757498167e+01
4.679129765625000346e+02,-9.438855926665256391e+01
4.679132695312500232e+02,-1.068094387283528874e+02
4.679135625000000118e+02,-1.023367380821770496e+02
4.679138554687500005e+02,-1.015626591229779763e+02
4.679141484374999891e+02,-1.001593324742542848e+02
4.679144414062500346e+02,-1.028609496715593963e+02
4.679147343750000232e+02,-9.609689578316223901e+01
4.679150273437500118e+02,-9.446284257953882957e+01
4.679153203125000005e+02,-9.277284152191330691e+01
4.679156132812499891e+02,-9.281163364039673525e+01
4.679159062500000346e+02,-1.001672258461511120e+02
4.679161992187500232e+02,-1.015018676672474527e+02
4.679164921875000118e+02,-9.181614950202578029e+01
4.679167851562500005e+02,-8.857653422686347255e+01
4.679170781249999891e+02,-9.180026504809328003e+01
4.679173710937500346e+02,-9.226514369363223977e+01
4.679176640625000232e+02,-1.002367229519008021e+02
4.679179570312500118e+02,-9.765859617596458975e+01
4.679182500000000005e+02,-9.426500304586460288e+01
4.679185429687499891e+02,-9.229827241217259370e+01
4.679188359375000346e+02,-1.033755382394857492e+02
4.679191289062500232e+02,-9.570385643619485450e+01
4.679194218750000118e+02,-1.125446933012593149e+02
4.679197148437500005e+02,-9.643089009139217183e+01
4.679200078124999891e+02,-8.797965358614062836e+01
4.679203007812500346e+02,-8.137470852610668715e+01
4.679205937500000232e+02,-9.000953127929874142e+01
4.679208867187500118e+02,-8.979504108308714194e+01
4.679211796875000005e+02,-9.467228115386008369e+01
4.679214726562499891e+02,-9.526269117854744195e+01
4.679217656250000346e+02,-9.871072698575903814e+01
4.679220585937500232e+02,-9.852604973653996012e+01
4.679223515625000118e+02,-1.002877061496565290e+02
4.679226445312500005e+02,-9.170415346107823495e+01
4.679229374999999891e+02,-9.309505638057967758e+01
4.679232304687500346e+02,-9.577046015769434462e+01
4.679235234375000232e+02,-9.478462845254145464e+01
4.679238164062500118e+02,-9.389449251960265030e+01
4.679241093750000005e+02,-1.079617786004666868e+02
4.679244023437499891e+02,-1.016293954982864705e+02
4.679246953125000346e+02,-9.408890306607406728e+01
4.679249882812500232e+02,-9.232580795098758131e+01
4.679252812500000118e+02,-9.309376848085990730e+01
4.679255742187500005e+02,-9.885590021170031605e+01
4.679258671874999891e+02,-1.139272728342762662e+02
4.679261601562500346e+02,-9.947563446787842167e+01
4.679264531250000232e+02,-1.011081749826685154e+02
4.679267460937500118e+02,-1.116182363583000949e+02
4.679270390625000005e+02,-1.062446173168323327e+02
4.679273320312499891e+02,-9.204301015069279401e+01
4.679276250000000346e+02,-9.205447609916079443e+01
4.679279179687500232e+02,-9.073781047327386773e+01
4.679282109375000118e+02,-7.839142505017460394e+01
4.679285039062500005e+02,-8.003610173749123646e+01
4.679287968749999891e+02,-9.407087471763844633e+01
4.679290898437500346e+02,-9.928598490262238840e+01
4.679293828125000232e+02,-1.039261472424759631e+02
4.679296757812500118e+02,-9.979381587392725805e+01
4.679299687500000005e+02,-1.038982518363466170e+02
4.679302617187499891e+02,-9.794773047072115446e+01
4.679305546875000346e+02,-9.816562649972668453e+01
4.679308476562500232e+02,-9.607851698586563316e+01
4.679311406250000118e+02,-1.054113340640824816e+02
4.679314335937500005e+02,-9.332114634558337229e+01
4.679317265624999891e+02,-8.718208244230527271e+01
4.679320195312500346e+02,-9.838928945435183948e+01
4.679323125000000232e+02,-9.833248736736720730e+01
4.679326054687500118e+02,-1.108364385253969573e+02
4.679328984375000005e+02,-1.022336234344223982e+02
4.679331914062499891e+02,-9.057458721596132989e+01
4.679334843750000346e+02,-9.441340766779426019e+01
4.679337773437500232e+02,-1.248037678395620418e+02
4.679340703125000118e+02,-9.889028543432044671e+01
4.679343632812500005e+02,-9.361936105076368619e+01
4.679346562499999891e+02,-9.169721325586684202e+01
4.679349492187500346e+02,-9.198648695836352829e+01
4.679352421875000232e+02,-9.226412601066625996e+01
4.679355351562500118e+02,-8.993207549877132578e+01
4.679358281250000005e+02,-9.215730776110760303e+01
4.679361210937499891e+02,-9.577227861285253141e+01
4.679364140625000346e+02,-9.298403745044564062e+01
4.679367070312500232e+02,-9.566690375927024093e+01
4.679370000000000118e+02,-9.179964609255299024e+01
4.679372929687500005e+02,-9.608955395275165756e+01
4.679375859374999891e+02,-1.026532566698298297e+02
4.679378789062500346e+02,-9.424795283058756468e+01
4.679381718750000232e+02,-9.705432204137991903e+01
4.679384648437500118e+02,-9.684920451393070095e+01
4.679387578125000005e+02,-9.897511794038942412e+01
4.679390507812499891e+02,-9.968684357463632750e+01
4.679393437500000346e+02,-9.925626897326466747e+01
4.679396367187500232e+02,-9.877459601074758666e+01
4.679399296875000118e+02,-1.053780039708361187e+02
4.679402226562500005e+02,-9.908755336870061114e+01
4.679405156249999891e+02,-9.715817282572402291e+01
4.679408085937500346e+02,-1.035141192517900492e+02
4.679411015625000232e+02,-1.021624082441894785e+02
4.679413945312500118e+02,-9.239786133893514375e+01
4.679416875000000005e+02,-9.811859201165475497e+01
4.679419804687499891e+02,-1.087358711144298837e+02
4.679422734375000346e+02,-9.923106792911228524e+01
4.679425664062500232e+02,-9.249768167134678265e+01
4.679428593750000118e+02,-9.343161397572174565e+01
4.679431523437500005e+02,-1.030852061061453071e+02
4.679434453124999891e+02,-1.066879513303690317e+02
4.679437382812500346e+02,-1.002281656286819214e+02
4.679440312500000232e+02,-1.024493682752417669e+02
4.679443242187500118e+02,-9.856026711671303531e+01
4.679446171875000005e+02,-9.814679458059652006e+01
4.679449101562499891e+02,-9.794880028345956191e+01
4.679452031250000346e+02,-9.025496340731532996e+01
4.679454960937500232e+02,-9.338516544795226082e+01
4.679457890625000118e+02,-9.157311244680118989e+01
4.679460820312500005e+02,-9.009947830762166632e+01
4.679463749999999891e+02,-9.046423884382049607e+01
4.679466679687500346e+02,-9.741101236069030733e+01
4.679469609375000232e+02,-1.170565990330548942e+02
4.679472539062500118e+02,-1.047892112094773438e+02
4.679475468750000005e+02,-1.026506259830302525e+02
4.679478398437499891e+02,-9.582019364746213341e+01
4.679481328125000346e+02,-9.569922077775996172e+01
4.679484257812500232e+02,-8.742846299747085936e+01
4.679487187500000118e+02,-8.564732418625708021e+01
4.679490117187500005e+02,-9.840865644826067182e+01
4.679493046874999891e+02,-9.228391843866933186e+01
4.679495976562500346e+02,-9.588097822202045961e+01
4.679498906250000232e+02,-9.718724096864127660e+01
4.679501835937500118e+02,-9.858678811641645723e+01
4.679504765625000005e+02,-1.026199529005786957e+02
4.679507695312499891e+02,-1.083555675843210366e+02
4.679510625000000346e+02,-1.026533846259795837e+02
4.679513554687500232e+02,-1.033171253934475260e+02
4.679516484375000118e+02,-1.036499292102234762e+02
4.679519414062500005e+02,-9.723983002888409999e+01
4.679522343749999891e+02,-9.348960184640421289e+01
4.679525273437500346e+02,-9.165884502669173628e+01
4.679528203125000232e+02,-9.157735814174731104e+01
4.679531132812500118e+02,-1.052371896243397487e+02
4.679534062500000005e+02,-9.830746596498578072e+01
4.679536992187499891e+02,-9.729729319848240721e+01
4.679539921875000346e+02,-9.361751532834701095e+01
4.679542851562500232e+02,-1.024261286882983200e+02
4.679545781250000118e+02,-1.110125492646180305e+02
4.679548710937500005e+02,-1.186524189390347175e+02
4.679551640624999891e+02,-9.068224244514968291e+01
4.679554570312500346e+02,-9.004056172844273931e+01
4.679557500000000232e+02,-9.652587262228946940e+01
4.679560429687500118e+02,-9.232571842556906461e+01
4.679563359375000005e+02,-9.330006136101934544e+01
4.679566289062499891e+02,-9.650169394737689288e+01
4.679569218750000346e+02,-9.805888494164847202e+01
4.679572148437500232e+02,-1.010993398126870773e+02
4.679575078125000118e+02,-9.606194676482330408e+01
4.679578007812500005e+02,-9.491383889466840174e+01
4.679580937499999891e+02,-9.997878572651933382e+01
4.679583867187500346e+02,-9.162676714196533112e+01
4.679586796875000232e+02,-8.560255014576176791e+01
4.679589726562500118e+02,-9.362545231453634642e+01
4.679592656250000005e+02,-9.997647496368614384e+01
4.679595585937499891e+02,-9.896124719739603393e+01
4.679598515625000346e+02,-1.010865852687540070e+02
4.679601445312500232e+02,-9.973262179947504080e+01
4.679604375000000118e+02,-9.893313266917589033e+01
4.679607304687500005e+02,-9.816650902228991526e+01
4.679610234374999891e+02,-9.528085791441846197e+01
4.679613164062500346e+02,-9.760048627257903320e+01
4.679616093750000232e+02,-1.093481188513603684e+02
4.679619023437500118e+02,-8.617990464897584957e+01
4.679621953125000005e+02,-7.978511768203219390e+01
4.679624882812499891e+02,-8.762924625877815288e+01
4.679627812500000346e+02,-1.004396374979099846e+02
4.679630742187500232e+02,-9.235300149675185821e+01
4.679633671875000118e+02,-8.626178613342690937e+01
4.679636601562500005e+02,-8.801829117005283365e+01
4.679639531249999891e+02,-8.641503783419923934e+01
4.679642460937500346e+02,-8.166307629578382432e+01
4.679645390625000232e+02,-8.336224557901901733e+01
4.679648320312500118e+02,-8.920102168634645068e+01
4.679651250000000005e+02,-8.221452688994480695e+01
4.679654179687499891e+02,-6.555231331313902388e+01
4.679657109375000346e+02,-6.537969893764845608e+01
4.679660039062500232e+02,-8.343822668764525474e+01
4.679662968750000118e+02,-8.978887794095889774e+01
4.679665898437500005e+02,-8.459105636713505305e+01
4.679668828124999891e+02,-8.569727420290669784e+01
4.679671757812500346e+02,-8.889085048989129234e+01
4.679674687500000232e+02,-8.675518321154056878e+01
4.679677617187500118e+02,-8.873859960654348811e+01
4.679680546875000005e+02,-8.935052895512519910e+01
4.679683476562499891e+02,-9.678163222804991506e+01
4.679686406250000346e+02,-9.015094372709992854e+01
4.679689335937500232e+02,-8.453289811716163626e+01
4.679692265625000118e+02,-9.786586336420376142e+01
4.679695195312500005e+02,-8.983966390862151741e+01
4.679698124999999891e+02,-9.226377696183891430e+01
4.679701054687500346e+02,-9.076803598611981272e+01
4.679703984375000232e+02,-9.601379179783933182e+01
4.679706914062500118e+02,-1.023598309557959993e+02
4.679709843750000005e+02,-1.018215780765158058e+02
4.679712773437499891e+02,-9.490021083523303957e+01
4.679715703125000346e+02,-9.366873045024858868e+01
4.679718632812500232e+02,-9.449431623192198515e+01
4.679721562500000118e+02,-9.859933589672519361e+01
4.679724492187500005e+02,-1.008930672424588977e+02
4.679727421874999891e+02,-1.045843304163362433e+02
4.679730351562500346e+02,-9.264229076882800484e+01
4.679733281250000232e+02,-9.128806820618083862e+01
4.679736210937500118e+02,-9.226652108305478350e+01
4.679739140625000005e+02,-9.265022585756474882e+01
4.679742070312499891e+02,-9.589489754008059208e+01
4.679745000000000346e+02,-9.734981217852138968e+01
4.679747929687500232e+02,-9.321537573312775748e+01
4.679750859375000118e+02,-1.011101550044029125e+02
4.679753789062500005e+02,-9.375980079579031212e+01
4.679756718749999891e+02,-9.383138044735305527e+01
4.679759648437500346e+02,-1.010210376730628923e+02
4.679762578125000232e+02,-9.833782842496623289e+01
4.679765507812500118e+02,-9.826584390961789950e+01
4.679768437500000005e+02,-1.069881404430363006e+02
4.679771367187499891e+02,-1.051293298787294930e+02
4.679774296875000346e+02,-1.058293561114138583e+02
4.679777226562500232e+02,-9.492388950618700960e+01
4.679780156250000118e+02,-9.399768143316310898e+01
4.679783085937500005e+02,-9.437052904094252881e+01
4.679786015624999891e+02,-9.424353906862597796e+01
4.679788945312500346e+02,-8.651081488866493885e+01
4.679791875000000232e+02,-8.763481405380660760e+01
4.679794804687500118e+02,-1.019125355239067403e+02
4.679797734375000005e+02,-9.551221873772460924e+01
4.679800664062499891e+02,-1.002691436510141045e+02
4.679803593750000346e+02,-1.005913924375844033e+02
4.679806523437500232e+02,-9.882819657539732816e+01
4.679809453125000118e+02,-9.194580175418208512e+01
4.679812382812500005e+02,-8.872015767922034968e+01
4.679815312499999891e+02,-9.621815944761885930e+01
4.679818242187500346e+02,-1.003646781667580115e+02
4.679821171875000232e+02,-8.928676277669900685e+01
4.679824101562500118e+02,-8.235280398549464564e+01
4.679827031250000005e+02,-8.698949492714511678e+01
4.679829960937499891e+02,-9.756046959211718672e+01
4.679832890625000346e+02,-9.900586524906191244e+01
4.679835820312500232e+02,-9.799862126959158104e+01
4.679838750000000118e+02,-9.633921139505822850e+01
4.679841679687500005e+02,-1.046773106032187286e+02
4.679844609374999891e+02,-9.332782179060200178e+01
4.679847539062500346e+02,-9.000626833740859922e+01
4.679850468750000232e+02,-9.754732757248331154e+01
4.679853398437500118e+02,-1.012643764519910405e+02
4.679856328125000005e+02,-8.870548862452477579e+01
4.679859257812499891e+02,-8.688322470851565527e+01
4.679862187500000346e+02,-9.068131878219530506e+01
4.679865117187500232e+02,-9.447598230608238623e+01
4.679868046875000118e+02,-1.034999331257847359e+02
4.679870976562500005e+02,-1.019475870518054421e+02
4.679873906249999891e+02,-9.892566248672636675e+01
4.679876835937500346e+02,-1.258064788557119726e+02
4.679879765625000232e+02,-9.237811942943142185e+01
4.679882695312500118e+02,-9.062545501429801220e+01
4.679885625000000005e+02,-9.047543583782638166e+01
4.679888554687499891e+02,-9.225985640621919970e+01
4.679891484375000346e+02,-1.048537009090270260e+02
4.679894414062500232e+02,-9.885212180767994994e+01
4.679897343750000118e+02,-9.503670759403439661e+01
4.679900273437500005e+02,-9.530871993478510262e+01
4.679903203124999891e+02,-9.544745535365291289e+01
4.679906132812500346e+02,-8.765491231681255613e+01
4.679909062500000232e+02,-9.258250356897815436e+01
4.679911992187500118e+02,-9.779958539154252151e+01
4.679914921875000005e+02,-1.052652887884089807e+02
4.679917851562499891e+02,-1.024328506287332772e+02
4.679920781250000346e+02,-9.443168669071528143e+01
4.679923710937500232e+02,-9.594160139751861038e+01
4.679926640625000118e+02,-9.662135152817646144e+01
4.679929570312500005e+02,-9.714528527508377920e+01
4.679932499999999891e+02,-9.993371961468503173e+01
4.679935429687500346e+02,-1.062374485140401248e+02
4.679938359375000232e+02,-8.941271392426379805e+01
4.679941289062500118e+02,-8.878727933404618966e+01
4.679944218750000005e+02,-9.936991581039339394e+01
4.679947148437499891e+02,-9.960889036710904065e+01
4.679950078125000346e+02,-1.004333198447679223e+02
4.679953007812500232e+02,-9.478919337331987549e+01
4.679955937500000118e+02,-9.840869530805532861e+01
4.679958867187500005e+02,-9.418421667634264338e+01
4.679961796874999891e+02,-9.253026211225329689e+01
4.679964726562500346e+02,-9.905225121862298465e+01
4.679967656250000232e+02,-9.736144998339437961e+01
4.679970585937500118e+02,-9.656615875817112737e+01
4.679973515625000005e+02,-9.150579589361180410e+01
4.679976445312499891e+02,-1.057441279783839292e+02
4.679979375000000346e+02,-9.907261900382883368e+01
4.679982304687500232e+02,-9.962210239834402614e+01
4.679985234375000118e+02,-9.866966960510715978e+01
4.679988164062500005e+02,-9.729945318618406702e+01
4.679991093749999891e+02,-9.682585743125933675e+01
4.679994023437500346e+02,-1.005603937865423347e+02
4.679996953125000232e+02,-1.018974362106580429e+02
4.679999882812500118e+02,-1.037010562254913566e+02
4.680002812500000005e+02,-9.883562542847451482e+01
4.680005742187499891e+02,-1.006973995640690873e+02
4.680008671875000346e+02,-9.610062973594457958e+01
4.680011601562500232e+02,-9.338130761897022580e+01
4.680014531250000118e+02,-9.635569966579423351e+01
4.680017460937500005e+02,-9.415314613514163966e+01
4.680020390624999891e+02,-9.698202852991562395e+01
4.680023320312500346e+02,-9.218179713738641112e+01
4.680026250000000232e+02,-9.308613869318166678e+01
4.680029179687500118e+02,-9.807684747334209874e+01
4.680032109375000005e+02,-1.143065835094628255e+02
4.680035039062499891e+02,-9.781053169423196891e+01
4.680037968750000346e+02,-9.773097150349255458e+01
4.680040898437500232e+02,-9.656705672839223098e+01
4.680043828125000118e+02,-9.173833735618514140e+01
4.680046757812500005e+02,-9.601348625919216317e+01
4.680049687499999891e+02,-9.505278005443722122e+01
4.680052617187500346e+02,-9.281567290273659410e+01
4.680055546875000232e+02,-9.613362723420655698e+01
4.680058476562500118e+02,-1.022610007377433590e+02
4.680061406250000005e+02,-9.725927283223917641e+01
4.680064335937499891e+02,-1.006871122934797569e+02
4.680067265625000346e+02,-1.310449824308439304e+02
4.680070195312500232e+02,-9.032014566687477952e+01
4.680073125000000118e+02,-8.458064919051999198e+01
4.680076054687500005e+02,-8.909574043471636173e+01
4.680078984374999891e+02,-9.922479371609698262e+01
4.680081914062500346e+02,-9.385634675480815758e+01
4.680084843750000232e+02,-9.641040512005429264e+01
4.680087773437500118e+02,-1.008071752598055895e+02
4.680090703125000005e+02,-1.035392040932062230e+02
4.680093632812499891e+02,-1.050629865257967168e+02
4.680096562500000346e+02,-9.742645656126980214e+01
4.680099492187500232e+02,-9.541054698116440136e+01
4.680102421875000118e+02,-9.598841380648883614e+01
4.680105351562500005e+02,-9.476231801517715780e+01
4.680108281249999891e+02,-9.590554115308243865e+01
4.680111210937500346e+02,-9.525349176459953071e+01
4.680114140625000232e+02,-9.229224624687482503e+01
4.680117070312500118e+02,-9.361753949615852832e+01
4.680120000000000005e+02,-9.203883608455763010e+01
4.680122929687499891e+02,-9.529491859007097787e+01
4.680125859375000346e+02,-9.732184158586571243e+01
4.680128789062500232e+02,-9.615196120524912260e+01
4.680131718750000118e+02,-9.548705226303964366e+01
4.680134648437500005e+02,-9.316064667487914619e+01
4.680137578124999891e+02,-9.227481054340132971e+01
4.680140507812500346e+02,-9.086021638179117588e+01
4.680143437500000232e+02,-9.158645099688598634e+01
4.680146367187500118e+02,-1.092490582452851555e+02
4.680149296875000005e+02,-8.823050623581792706e+01
4.680152226562499891e+02,-9.383741697231592127e+01
4.680155156250000346e+02,-9.447467655491925598e+01
4.680158085937500232e+02,-9.468896861101568163e+01
4.680161015625000118e+02,-9.615351558502771923e+01
4.680163945312500005e+02,-9.414259637418257398e+01
4.680166874999999891e+02,-9.247377079356512297e+01
4.680169804687500346e+02,-9.310719094080219804e+01
4.680172734375000232e+02,-9.439308086184868785e+01
4.680175664062500118e+02,-9.409821696382894629e+01
4.680178593750000005e+02,-9.324639447920512225e+01
4.680181523437499891e+02,-9.108623066566241278e+01
4.680184453125000346e+02,-8.956867378223790865e+01
4.680187382812500232e+02,-1.024404774390564228e+02
4.680190312500000118e+02,-9.727802715172222747e+01
4.680193242187500005e+02,-9.325097256910071053e+01
4.680196171874999891e+02,-9.195731435153624034e+01
4.680199101562500346e+02,-9.438336814911794193e+01
4.680202031250000232e+02,-1.015425773783212691e+02
4.680204960937500118e+02,-1.030444088567866601e+02
4.680207890625000005e+02,-8.507701735390527631e+01
4.680210820312499891e+02,-8.530359340544379165e+01
4.680213750000000346e+02,-9.695479670378914250e+01
4.680216679687500232e+02,-9.088769105045315655e+01
4.680219609375000118e+02,-9.400909974827538917e+01
4.680222539062500005e+02,-1.117164906053204732e+02
4.680225468749999891e+02,-9.679343137309457745e+01
4.680228398437500346e+02,-9.186908966420736533e+01
4.680231328125000232e+02,-9.354359456464732148e+01
4.680234257812500118e+02,-9.765758377927552658e+01
4.680237187500000005e+02,-1.008174720957456429e+02
4.680240117187499891e+02,-9.098634285666308585e+01
4.680243046875000346e+02,-8.367732200675595777e+01
4.680245976562500232e+02,-8.992952958737021163e+01
4.680248906250000118e+02,-9.598428236770301680e+01
4.680251835937500005e+02,-9.531723553706029861e+01
4.680254765624999891e+02,-9.256298289701601334e+01
4.680257695312500346e+02,-9.748198553382805187e+01
4.680260625000000232e+02,-1.098864511686726075e+02
4.680263554687500118e+02,-9.073205235754809905e+01
4.680266484375000005e+02,-8.866288326702176903e+01
4.680269414062499891e+02,-8.974428902407464648e+01
4.680272343750000346e+02,-9.027971733835799739e+01
4.680275273437500232e+02,-7.269706225759226470e+01
4.680278203125000118e+02,-6.787935504275309029e+01
4.680281132812500005e+02,-7.788064448914239790e+01
4.680284062499999891e+02,-9.215040209499068169e+01
4.680286992187500346e+02,-8.819920900996095270e+01
4.680289921875000232e+02,-8.907754416822183430e+01
4.680292851562500118e+02,-9.227908284948979656e+01
4.680295781250000005e+02,-9.923264268730035553e+01
4.680298710937499891e+02,-9.619818997220555445e+01
4.680301640625000346e+02,-9.885851487532433168e+01
4.680304570312500232e+02,-9.495492842198387962e+01
4.680307500000000118e+02,-9.554700121647860556e+01
4.680310429687500005e+02,-7.990359715196224499e+01
4.680313359374999891e+02,-8.067343917405975162e+01
4.680316289062500346e+02,-9.684732898264027767e+01
4.680319218750000232e+02,-9.812425644476988396e+01
4.680322148437500118e+02,-1.065198703997983074e+02
4.680325078125000005e+02,-9.624954845074242371e+01
4.680328007812499891e+02,-9.766722084806715998e+01
4.680330937500000346e+02,-9.703178157895405320e+01
4.680333867187500232e+02,-9.831398085815516197e+01
4.680336796875000118e+02,-9.081007924038902956e+01
4.680339726562500005e+02,-9.486089936865950278e+01
4.680342656249999891e+02,-9.998945620826330583e+01
4.680345585937500346e+02,-8.999200720898846839e+01
4.680348515625000232e+02,-1.050001590468561687e+02
4.680351445312500118e+02,-9.832224043071127539e+01
4.680354375000000005e+02,-9.843978835000376648e+01
4.680357304687499891e+02,-8.693245779812359331e+01
4.680360234375000346e+02,-9.167815122347407453e+01
4.680363164062500232e+02,-9.655211703489071340e+01
4.680366093750000118e+02,-1.004847971739662569e+02
4.680369023437500005e+02,-1.194740047763472717e+02
4.680371953124999891e+02,-9.796048095344599460e+01
4.680374882812500346e+02,-9.593092124308718383e+01
4.680377812500000232e+02,-9.426510063112807813e+01
4.680380742187500118e+02,-9.817202344722082330e+01
4.680383671875000005e+02,-9.630247879857419946e+01
4.680386601562499891e+02,-9.916510202419290465e+01
4.680389531250000346e+02,-1.129545563077356576e+02
4.680392460937500232e+02,-1.101992481663595100e+02
4.680395390625000118e+02,-1.030669100157534217e+02
4.680398320312500005e+02,-1.018073393938268225e+02
4.680401249999999891e+02,-1.020565455671495840e+02
4.680404179687500346e+02,-1.074942528643559569e+02
4.680407109375000232e+02,-1.006378832554044038e+02
4.680410039062500118e+02,-1.020324868473586832e+02
4.680412968750000005e+02,-1.085410448216562145e+02
4.680415898437499891e+02,-1.033433046149587540e+02
4.680418828125000346e+02,-1.046392258780202269e+02
4.680421757812500232e+02,-1.018882303290425995e+02
4.680424687500000118e+02,-9.821685092164705111e+01
4.680427617187500005e+02,-1.200841072079310976e+02
4.680430546874999891e+02,-9.836002083268590468e+01
4.680433476562500346e+02,-9.570215032847984560e+01
4.680436406250000232e+02,-9.055661685138593953e+01
4.680439335937500118e+02,-9.221333100992515597e+01
4.680442265625000005e+02,-9.997432925597271947e+01
4.680445195312499891e+02,-9.303932323272151450e+01
4.680448125000000346e+02,-8.923347114656344559e+01
4.680451054687500232e+02,-9.557500020465218427e+01
4.680453984375000118e+02,-1.010678741650518759e+02
4.680456914062500005e+02,-9.761268544728793017e+01
4.680459843749999891e+02,-1.095246063979958535e+02
4.680462773437500346e+02,-1.039075216643726804e+02
4.680465703125000232e+02,-9.888213137868775959e+01
4.680468632812500118e+02,-8.984157542229235105e+01
4.680471562500000005e+02,-9.156092951170069227e+01
4.680474492187499891e+02,-9.600217568018891257e+01
4.680477421875000346e+02,-9.930803746861657544e+01
4.680480351562500232e+02,-9.212928887911708387e+01
4.680483281250000118e+02,-9.356942939186967578e+01
4.680486210937500005e+02,-9.576702669522222777e+01
4.680489140624999891e+02,-9.022646051405992296e+01
4.680492070312500346e+02,-8.944459631824904022e+01
4.680495000000000232e+02,-9.742893410839023716e+01
4.680497929687500118e+02,-1.109969227487124783e+02
4.680500859375000005e+02,-1.036662019044008929e+02
4.680503789062499891e+02,-9.476572515870599034e+01
4.680506718750000346e+02,-9.485346435652076025e+01
4.680509648437500232e+02,-9.343147654037316840e+01
4.680512578125000118e+02,-9.165949695943447750e+01
4.680515507812500005e+02,-9.931844735574209437e+01
4.680518437499999891e+02,-9.679411696545388111e+01
4.680521367187500346e+02,-9.441774753953323795e+01
4.680524296875000232e+02,-1.026649605374720267e+02
4.680527226562500118e+02,-1.024726864801587567e+02
4.680530156250000005e+02,-1.006712751713664318e+02
4.680533085937499891e+02,-9.847395460640470333e+01
4.680536015625000346e+02,-1.074125863869410580e+02
4.680538945312500232e+02,-9.748969726454262741e+01
4.680541875000000118e+02,-9.474880307360145082e+01
4.680544804687500005e+02,-9.297749263904864847e+01
4.680547734374999891e+02,-9.761241617389742942e+01
4.680550664062500346e+02,-9.585291874451421279e+01
4.680553593750000232e+02,-9.847320847193273607e+01
4.680556523437500118e+02,-1.011339623585182466e+02
4.680559453125000005e+02,-9.214592594777755608e+01
4.680562382812499891e+02,-9.141466777890326512e+01
4.680565312500000346e+02,-1.004178952361869221e+02
4.680568242187500232e+02,-1.008551028155695519e+02
4.680571171875000118e+02,-9.395450962625629643e+01
4.680574101562500005e+02,-9.924765373993595574e+01
4.680577031249999891e+02,-9.759809034999435085e+01
4.680579960937500346e+02,-9.413094240341135333e+01
4.680582890625000232e+02,-9.326036541157830584e+01
4.680585820312500118e+02,-9.492827154360057307e+01
4.680588750000000005e+02,-1.016047592423789325e+02
4.680591679687499891e+02,-9.787104370138135323e+01
4.680594609375000346e+02,-9.234095724399236360e+01
4.680597539062500232e+02,-9.113948599932214734e+01
4.680600468750000118e+02,-9.554715089872603073e+01
4.680603398437500005e+02,-9.565582352155993817e+01
4.680606328124999891e+02,-9.373193981917177098e+01
4.680609257812500346e+02,-9.784574003477759163e+01
4.680612187500000232e+02,-9.903017635883531966e+01
4.680615117187500118e+02,-9.047949440949032862e+01
4.680618046875000005e+02,-8.874739722287938548e+01
4.680620976562499891e+02,-9.875258121365276054e+01
4.680623906250000346e+02,-1.086699027866825702e+02
4.680626835937500232e+02,-9.898635099725268560e+01
4.680629765625000118e+02,-9.307968375095227032e+01
4.680632695312500005e+02,-9.314527118184324195e+01
4.680635624999999891e+02,-9.317489985901465843e+01
4.680638554687500346e+02,-9.452431776458149670e+01
4.680641484375000232e+02,-1.057003146675461096e+02
4.680644414062500118e+02,-1.093199700647409287e+02
4.680647343750000005e+02,-9.590026837186945841e+01
4.680650273437499891e+02,-9.431764218156007473e+01
4.680653203125000346e+02,-9.992630444332786510e+01
4.680656132812500232e+02,-1.010594276743833291e+02
4.680659062500000118e+02,-9.863931416047978473e+01
4.680661992187500005e+02,-9.562875691786983623e+01
4.680664921874999891e+02,-9.584605345938902587e+01
4.680667851562500346e+02,-9.358673989542914740e+01
4.680670781250000232e+02,-1.001634366864477101e+02
4.680673710937500118e+02,-1.032444237357022985e+02
4.680676640625000005e+02,-9.883714495897856978e+01
4.680679570312499891e+02,-9.411014406930061682e+01
4.680682500000000346e+02,-9.267756492805519031e+01
4.680685429687500232e+02,-9.548891179544911267e+01
4.680688359375000118e+02,-9.575592471069592193e+01
4.680691289062500005e+02,-1.055568946652680751e+02
4.680694218749999891e+02,-1.003042401069521361e+02
4.680697148437500346e+02,-1.057367219105713048e+02
4.680700078125000232e+02,-9.413350651251916190e+01
4.680703007812500118e+02,-9.363050652913928218e+01
4.680705937500000005e+02,-9.645766347770164373e+01
4.680708867187499891e+02,-9.495379387692369733e+01
4.680711796875000346e+02,-1.037139433999869027e+02
4.680714726562500232e+02,-9.922204022871285645e+01
4.680717656250000118e+02,-9.565715212291107150e+01
4.680720585937500005e+02,-9.729692199195986291e+01
4.680723515624999891e+02,-1.018819680879056762e+02
4.680726445312500346e+02,-9.972255859319147930e+01
4.680729375000000232e+02,-8.291105055957034153e+01
4.680732304687500118e+02,-8.418000048674592506e+01
4.680735234375000005e+02,-1.029658573265006538e+02
4.680738164062499891e+02,-9.384043031052999595e+01
4.680741093750000346e+02,-9.169607706684473669e+01
4.680744023437500232e+02,-9.404625692871167075e+01
4.680746953125000118e+02,-9.946149168700711130e+01
4.680749882812500005e+02,-1.033426093946390978e+02
4.680752812499999891e+02,-1.084778539783724227e+02
4.680755742187500346e+02,-1.061471288534503543e+02
4.680758671875000232e+02,-1.020206451277236539e+02
4.680761601562500118e+02,-9.773350030148623091e+01
4.680764531250000005e+02,-9.404501378369337772e+01
4.680767460937499891e+02,-9.696173180990976448e+01
4.680770390625000346e+02,-9.300767283053474443e+01
4.680773320312500232e+02,-9.240048148079250723e+01
4.680776250000000118e+02,-9.364348234598105591e+01
4.680779179687500005e+02,-9.797234928763347739e+01
4.680782109374999891e+02,-9.686121820317990228e+01
4.680785039062500346e+02,-1.004633506269623666e+02
4.680787968750000232e+02,-1.004976188707424853e+02
4.680790898437500118e+02,-9.916588597550371276e+01
4.680793828125000005e+02,-9.822684741939352193e+01
4.680796757812499891e+02,-9.946536500524146618e+01
4.680799687500000346e+02,-9.461562825468492122e+01
4.680802617187500232e+02,-9.794214631663197679e+01
4.680805546875000118e+02,-9.071797928746374851e+01
4.680808476562500005e+02,-1.009263491190248203e+02
4.680811406249999891e+02,-9.056811263374999044e+01
4.680814335937500346e+02,-9.434100198211686461e+01
4.680817265625000232e+02,-1.090084469368535451e+02
4.680820195312500118e+02,-1.059892463618704994e+02
4.680823125000000005e+02,-1.068222326667487891e+02
4.680826054687499891e+02,-1.001098297965904038e+02
4.680828984375000346e+02,-9.147748961558029634e+01
4.680831914062500232e+02,-8.891118193111014989e+01
4.680834843750000118e+02,-9.215906982890177801e+01
4.680837773437500005e+02,-9.345583977697299360e+01
4.680840703124999891e+02,-9.223351899273885124e+01
4.680843632812500346e+02,-9.625695287056389304e+01
4.680846562500000232e+02,-9.325310603996122438e+01
4.680849492187500118e+02,-9.377990745543090156e+01
4.680852421875000005e+02,-1.041894168044813114e+02
4.680855351562499891e+02,-1.069676423674894181e+02
4.680858281250000346e+02,-1.090875548384965725e+02
4.680861210937500232e+02,-1.035767406436555689e+02
4.680864140625000118e+02,-7.937804617018863951e+01
4.680867070312500005e+02,-7.874153823397099927e+01
4.680869999999999891e+02,-9.290876447178453645e+01
4.680872929687500346e+02,-9.053515728734427626e+01
4.680875859375000232e+02,-9.517819685170312027e+01
4.680878789062500118e+02,-9.933678873094522999e+01
4.680881718750000005e+02,-1.032843109156432604e+02
4.680884648437499891e+02,-9.636531666141414121e+01
4.680887578125000346e+02,-9.036308622010278668e+01
4.680890507812500232e+02,-9.457484755892724593e+01
4.680893437500000118e+02,-9.891372838488817365e+01
4.680896367187500005e+02,-8.155106084402166289e+01
4.680899296874999891e+02,-7.102972757178088159e+01
4.680902226562500346e+02,-7.507880489479438779e+01
4.680905156250000232e+02,-9.830630765806255056e+01
4.680908085937500118e+02,-8.992380743886960204e+01
4.680911015625000005e+02,-8.867248275181989925e+01
4.680913945312499891e+02,-1.000238189782732690e+02
4.680916875000000346e+02,-9.426582973414129185e+01
4.680919804687500232e+02,-9.051883518091949554e+01
4.680922734375000118e+02,-9.134610680200636068e+01
4.680925664062500005e+02,-9.400127288135139736e+01
4.680928593749999891e+02,-9.937080659347057576e+01
4.680931523437500346e+02,-9.101332836261573789e+01
4.680934453125000232e+02,-8.548443928235492706e+01
4.680937382812500118e+02,-9.636409476977199517e+01
4.680940312500000005e+02,-1.011552568987477514e+02
4.680943242187499891e+02,-9.744160946856852945e+01
4.680946171875000346e+02,-9.505331427875779582e+01
4.680949101562500232e+02,-9.336952663054694312e+01
4.680952031250000118e+02,-9.173153087414598872e+01
4.680954960937500005e+02,-9.413917505774789163e+01
4.680957890624999891e+02,-1.006197332562462350e+02
4.680960820312500346e+02,-1.050546724123231002e+02
4.680963750000000232e+02,-1.007952553827486781e+02
4.680966679687500118e+02,-8.673388244950263015e+01
4.680969609375000005e+02,-8.691330467830081830e+01
4.680972539062499891e+02,-1.039708141866739766e+02
4.680975468750000346e+02,-1.038868837289361124e+02
4.680978398437500232e+02,-9.159573952429860810e+01
4.680981328125000118e+02,-9.186808907854677386e+01
4.680984257812500005e+02,-1.004671679411407581e+02
4.680987187499999891e+02,-1.151594649225061744e+02
4.680990117187500346e+02,-1.079191547861012452e+02
4.680993046875000232e+02,-9.726981926514982035e+01
4.680995976562500118e+02,-9.865497123885100450e+01
4.680998906250000005e+02,-1.012675284013182875e+02
4.681001835937499891e+02,-1.040857831263691793e+02
4.681004765625000346e+02,-1.041780045586486381e+02
4.681007695312500232e+02,-1.137900377481580563e+02
4.681010625000000118e+02,-1.048215953370115017e+02
4.681013554687500005e+02,-1.049674681147635056e+02
4.681016484374999891e+02,-1.066930121346098161e+02
4.681019414062500346e+02,-1.000153275135218820e+02
4.681022343750000232e+02,-9.885167192634020239e+01
4.681025273437500118e+02,-1.080514983440684773e+02
4.681028203125000005e+02,-9.982661501389237912e+01
4.681031132812499891e+02,-9.852596943642743099e+01
4.681034062500000346e+02,-9.502032893266297719e+01
4.681036992187500232e+02,-9.554981642803113573e+01
4.681039921875000118e+02,-1.046690269997397706e+02
4.681042851562500005e+02,-9.919198334576304887e+01
4.681045781249999891e+02,-1.061052261649253694e+02
4.681048710937500346e+02,-9.695199599703892090e+01
4.681051640625000232e+02,-1.008741803170337050e+02
4.681054570312500118e+02,-1.033075870262897666e+02
4.681057500000000005e+02,-1.006741183577335050e+02
4.681060429687499891e+02,-1.044907323014687250e+02
4.681063359375000346e+02,-1.007198524746877979e+02
4.681066289062500232e+02,-9.284062833374299828e+01
4.681069218750000118e+02,-8.674817645291244617e+01
4.681072148437500005e+02,-9.233273637944760992e+01
4.681075078124999891e+02,-1.072751008129093293e+02
4.681078007812500346e+02,-9.855851510295246953e+01
4.681080937500000232e+02,-9.707537507964374868e+01
4.681083867187500118e+02,-1.140064062155514080e+02
4.681086796875000005e+02,-9.976879910525548212e+01
4.681089726562499891e+02,-1.015967181264806527e+02
4.681092656250000346e+02,-9.939034486752700559e+01
4.681095585937500232e+02,-9.764638180467588313e+01
4.681098515625000118e+02,-9.754200544397903627e+01
4.681101445312500005e+02,-9.734253510057047265e+01
4.681104374999999891e+02,-1.011129054958806535e+02
4.681107304687500346e+02,-9.561757412099511555e+01
4.681110234375000232e+02,-9.647130947456867034e+01
4.681113164062500118e+02,-1.031794217622423702e+02
4.681116093750000005e+02,-1.052632782141340613e+02
4.681119023437499891e+02,-1.067234574730196357e+02
4.681121953125000346e+02,-9.972276202042296234e+01
4.681124882812500232e+02,-9.506059245452090067e+01
4.681127812500000118e+02,-9.942847299888580892e+01
4.681130742187500005e+02,-1.056182911201454857e+02
4.681133671874999891e+02,-1.076419321371617031e+02
4.681136601562500346e+02,-1.034735637283243790e+02
4.681139531250000232e+02,-1.078420827174046508e+02
4.681142460937500118e+02,-1.014888636664186805e+02
4.681145390625000005e+02,-9.749863394152455953e+01
4.681148320312499891e+02,-8.938834526586553864e+01
4.681151250000000346e+02,-9.527501443509547130e+01
4.681154179687500232e+02,-1.099995021863938689e+02
4.681157109375000118e+02,-9.871632201043996702e+01
4.681160039062500005e+02,-9.949655152800244196e+01
4.681162968749999891e+02,-9.871498731840624430e+01
4.681165898437500346e+02,-9.555768206565863920e+01
4.681168828125000232e+02,-9.855999523474709179e+01
4.681171757812500118e+02,-1.071341335252901530e+02
4.681174687500000005e+02,-9.636079077844669882e+01
4.681177617187499891e+02,-9.785429366352852298e+01
4.681180546875000346e+02,-1.010820616947579111e+02
4.681183476562500232e+02,-9.008653383189694352e+01
4.681186406250000118e+02,-9.874487210017181837e+01
4.681189335937500005e+02,-1.041455865868507829e+02
4.681192265624999891e+02,-1.048728974116200163e+02
4.681195195312500346e+02,-1.043612233915908547e+02
4.681198125000000232e+02,-9.989227106655361865e+01
4.681201054687500118e+02,-9.938205301066135178e+01
4.681203984375000005e+02,-1.021639132588205854e+02
4.681206914062499891e+02,-9.416035573807832293e+01
4.681209843750000346e+02,-9.400757021686979442e+01
4.681212773437500232e+02,-9.991537915371267786e+01
4.681215703125000118e+02,-9.821500131650384446e+01
4.681218632812500005e+02,-1.033821446055143554e+02
4.681221562499999891e+02,-1.059717625276264954e+02
4.681224492187500346e+02,-1.058512641941725292e+02
4.681227421875000232e+02,-9.654301401229916735e+01
4.681230351562500118e+02,-9.795578121343484668e+01
4.681233281250000005e+02,-9.902188952750016426e+01
4.681236210937499891e+02,-1.093996901165761244e+02
4.681239140625000346e+02,-9.683771054462509653e+01
4.681242070312500232e+02,-9.883825713055185247e+01
4.681245000000000118e+02,-1.011836548019340967e+02
4.681247929687500005e+02,-9.304508782152758783e+01
4.681250859374999891e+02,-1.065944924639201332e+02
4.681253789062500346e+02,-9.747191635615534722e+01
4.681256718750000232e+02,-9.966958453324244260e+01
4.681259648437500118e+02,-1.004671458235142012e+02
4.681262578125000005e+02,-9.712511914039929195e+01
4.681265507812499891e+02,-1.009823208246719304e+02
4.681268437500000346e+02,-9.938351804363270503e+01
4.681271367187500232e+02,-1.089507174506163665e+02
4.681274296875000118e+02,-9.945113776951760087e+01
4.681277226562500005e+02,-1.006937930980981122e+02
4.681280156249999891e+02,-9.596718830939613554e+01
4.681283085937500346e+02,-9.970578819550584626e+01
4.681286015625000232e+02,-9.665609598801515290e+01
4.681288945312500118e+02,-9.847240609174100712e+01
4.681291875000000005e+02,-9.920496722546899093e+01
4.681294804687499891e+02,-1.047056355443044708e+02
4.681297734375000346e+02,-1.137374898762635098e+02
4.681300664062500232e+02,-1.078936172895307521e+02
4.681303593750000118e+02,-1.168223861405634807e+02
4.681306523437500005e+02,-1.016754510296580349e+02
4.681309453124999891e+02,-1.045747436553709520e+02
4.681312382812500346e+02,-9.665561754288248153e+01
4.681315312500000232e+02,-9.736854355739252753e+01
4.681318242187500118e+02,-9.411786130528818717e+01
4.681321171875000005e+02,-9.840181327689590773e+01
4.681324101562499891e+02,-1.028472797710332429e+02
4.681327031250000346e+02,-1.066842819893684435e+02
4.681329960937500232e+02,-9.770640363706351650e+01
4.681332890625000118e+02,-9.943509935840781111e+01
4.681335820312500005e+02,-9.920189610483024012e+01
4.681338749999999891e+02,-1.095612716434882117e+02
4.681341679687500346e+02,-9.448250479714873507e+01
4.681344609375000232e+02,-9.598840176743694030e+01
4.681347539062500118e+02,-9.460634841986478705e+01
4.681350468750000005e+02,-8.438134327428014103e+01
4.681353398437499891e+02,-8.120790671983242248e+01
4.681356328125000346e+02,-9.060037302491855371e+01
4.681359257812500232e+02,-1.011679334125305445e+02
4.681362187500000118e+02,-9.649653375423127954e+01
4.681365117187500005e+02,-9.482833032376899496e+01
4.681368046874999891e+02,-9.633285848933702766e+01
4.681370976562500346e+02,-9.858288296952055418e+01
4.681373906250000232e+02,-1.031711468485120378e+02
4.681376835937500118e+02,-1.066998982854994580e+02
4.681379765625000005e+02,-1.037729986871696894e+02
4.681382695312499891e+02,-1.019258912465885487e+02
4.681385625000000346e+02,-9.377194864630313020e+01
4.681388554687500232e+02,-9.691316903584200304e+01
4.681391484375000118e+02,-1.046087968607683365e+02
4.681394414062500005e+02,-1.074137136804218642e+02
4.681397343749999891e+02,-1.088322118013313542e+02
4.681400273437500346e+02,-9.888693642324929556e+01
4.681403203125000232e+02,-1.031686725922803589e+02
4.681406132812500118e+02,-1.064040478773759730e+02
4.681409062500000005e+02,-1.148527088756817420e+02
4.681411992187499891e+02,-1.021546328928574496e+02
4.681414921875000346e+02,-1.162101635680577942e+02
4.681417851562500232e+02,-9.347939510508811622e+01
4.681420781250000118e+02,-9.568337466792723944e+01
4.681423710937500005e+02,-1.028202277817237018e+02
4.681426640624999891e+02,-9.957361258751629407e+01
4.681429570312500346e+02,-1.091163599383361600e+02
4.681432500000000232e+02,-1.022158496874377676e+02
4.681435429687500118e+02,-9.839983420473016906e+01
4.681438359375000005e+02,-9.594898989419013446e+01
4.681441289062499891e+02,-9.707616958558466536e+01
4.681444218750000346e+02,-1.002990331344319799e+02
4.681447148437500232e+02,-9.752632401413924867e+01
4.681450078125000118e+02,-1.063998865740515782e+02
4.681453007812500005e+02,-9.385756927386898951e+01
4.681455937499999891e+02,-9.812875385853898536e+01
4.681458867187500346e+02,-9.814885320957179715e+01
4.681461796875000232e+02,-9.749274361112783538e+01
4.681464726562500118e+02,-1.082840617443517033e+02
4.681467656250000005e+02,-9.825841969618184635e+01
4.681470585937499891e+02,-9.603693955986980768e+01
4.681473515625000346e+02,-9.704895150885860744e+01
4.681476445312500232e+02,-1.011427171652255907e+02
4.681479375000000118e+02,-1.047225189486120769e+02
4.681482304687500005e+02,-1.043016894654121529e+02
4.681485234374999891e+02,-9.975545596672859006e+01
4.681488164062500346e+02,-9.931046955708174551e+01
4.681491093750000232e+02,-9.422876502295719092e+01
4.681494023437500118e+02,-9.791074972958567457e+01
4.681496953125000005e+02,-1.008962743080009830e+02
4.681499882812499891e+02,-1.052200431475738043e+02
4.681502812500000346e+02,-9.724715401969733364e+01
4.681505742187500232e+02,-9.995776716880274648e+01
4.681508671875000118e+02,-1.027525801445937930e+02
4.681511601562500005e+02,-1.008250332956511528e+02
4.681514531249999891e+02,-1.013252551844693414e+02
4.681517460937500346e+02,-9.638197054247379469e+01
4.681520390625000232e+02,-8.093199383859115414e+01
4.681523320312500118e+02,-7.996720493939091057e+01
4.681526250000000005e+02,-9.322861273506393331e+01
4.681529179687499891e+02,-1.007756836097925941e+02
4.681532109375000346e+02,-9.551425151962534699e+01
4.681535039062500232e+02,-9.390056372028830367e+01
4.681537968750000118e+02,-1.034193517263496744e+02
4.681540898437500005e+02,-9.478936034796365107e+01
4.681543828124999891e+02,-9.168774557552998772e+01
4.681546757812500346e+02,-9.767728207410550567e+01
4.681549687500000232e+02,-9.632499629559208643e+01
4.681552617187500118e+02,-9.124973316313224814e+01
4.681555546875000005e+02,-7.849743846997112939e+01
4.681558476562499891e+02,-8.263470516005328648e+01
4.681561406250000346e+02,-1.005360729217524067e+02
4.681564335937500232e+02,-9.487671503434921760e+01
4.681567265625000118e+02,-8.926187796666062013e+01
4.681570195312500005e+02,-8.921086315545267098e+01
4.681573124999999891e+02,-1.018081013258985195e+02
4.681576054687500346e+02,-9.829380571768409425e+01
4.681578984375000232e+02,-1.032940086755705380e+02
4.681581914062500118e+02,-1.059722534038693595e+02
4.681584843750000005e+02,-1.019284488630625560e+02
4.681587773437499891e+02,-9.675385813817374014e+01
4.681590703125000346e+02,-1.026296484119162642e+02
4.681593632812500232e+02,-9.698299131965774222e+01
4.681596562500000118e+02,-9.705092906497570482e+01
4.681599492187500005e+02,-1.061648792616803689e+02
4.681602421874999891e+02,-9.473712690218019361e+01
4.681605351562500346e+02,-9.912075502112682557e+01
4.681608281250000232e+02,-1.013030191995069629e+02
4.681611210937500118e+02,-9.621885193756162380e+01
4.681614140625000005e+02,-9.683442982655344622e+01
4.681617070312499891e+02,-1.071981800565599627e+02
4.681620000000000346e+02,-1.082742762347467931e+02
4.681622929687500232e+02,-1.019740060504960013e+02
4.681625859375000118e+02,-1.015027741603981184e+02
4.681628789062500005e+02,-1.039048126830539474e+02
4.681631718749999891e+02,-9.681156026246037527e+01
4.681634648437500346e+02,-9.962055520428366151e+01
4.681637578125000232e+02,-1.051954571429632637e+02
4.681640507812500118e+02,-1.010432334200220197e+02
4.681643437500000005e+02,-9.923697420180812401e+01
4.681646367187499891e+02,-1.111748937702996756e+02
4.681649296875000346e+02,-1.067477973752275204e+02
4.681652226562500232e+02,-1.024634690075118328e+02
4.681655156250000118e+02,-1.056058058600557388e+02
4.681658085937500005e+02,-1.060193516760456589e+02
4.681661015624999891e+02,-1.172178334305866230e+02
4.681663945312500346e+02,-1.035716430845254195e+02
4.681666875000000232e+02,-1.007672409630106927e+02
4.681669804687500118e+02,-1.195908465425904126e+02
4.681672734375000005e+02,-1.206263430994762587e+02
4.681675664062499891e+02,-1.018959289081257538e+02
4.681678593750000346e+02,-9.730706748749207691e+01
4.681681523437500232e+02,-1.053537257834599217e+02
4.681684453125000118e+02,-1.080194210936222845e+02
4.681687382812500005e+02,-9.558374613719166746e+01
4.681690312499999891e+02,-8.950808846977055566e+01
4.681693242187500346e+02,-9.247079848490352560e+01
4.681696171875000232e+02,-1.274650301051465959e+02
4.681699101562500118e+02,-1.028801638981104105e+02
4.681702031250000005e+02,-1.090540928854446889e+02
4.681704960937499891e+02,-1.001511143222431315e+02
4.681707890625000346e+02,-1.001066096235977767e+02
4.681710820312500232e+02,-1.029232497497645795e+02
4.681713750000000118e+02,-1.049792532367773390e+02
4.681716679687500005e+02,-9.745202414028136673e+01
4.681719609374999891e+02,-1.011807311345789628e+02
4.681722539062500346e+02,-1.055797472016888747e+02
4.681725468750000232e+02,-9.164896321697376891e+01
4.681728398437500118e+02,-9.568567263464493067e+01
4.681731328125000005e+02,-1.113875550623748865e+02
4.681734257812499891e+02,-1.075017035462323491e+02
4.681737187500000346e+02,-1.126461785768700139e+02
4.681740117187500232e+02,-1.014391687829537290e+02
4.681743046875000118e+02,-1.020523730905929938e+02
4.681745976562500005e+02,-1.114791391003669787e+02
4.681748906249999891e+02,-1.001527456352456369e+02
4.681751835937500346e+02,-9.822979134903717124e+01
4.681754765625000232e+02,-1.139239651883171831e+02
4.681757695312500118e+02,-1.100605176987320419e+02
4.681760625000000005e+02,-1.033110347981662187e+02
4.681763554687499891e+02,-1.027832362558636987e+02
4.681766484375000346e+02,-1.086074142777329001e+02
4.681769414062500232e+02,-9.962399898593558589e+01
4.681772343750000118e+02,-9.669146662382358670e+01
4.681775273437500005e+02,-1.033608932677615826e+02
4.681778203124999891e+02,-1.013756457173321905e+02
4.681781132812500346e+02,-1.010005442080466480e+02
4.681784062500000232e+02,-9.645734650338879135e+01
4.681786992187500118e+02,-9.666096633334946375e+01
4.681789921875000005e+02,-1.099671582411973532e+02
4.681792851562499891e+02,-9.412011576880030361e+01
4.681795781250000346e+02,-1.009311480947814346e+02
4.681798710937500232e+02,-1.036427529568553894e+02
4.681801640625000118e+02,-9.670141724526375526e+01
4.681804570312500005e+02,-8.801490760821351955e+01
4.681807499999999891e+02,-9.219148885574597330e+01
4.681810429687500346e+02,-9.904675646120202259e+01
4.681813359375000232e+02,-9.548321451119436176e+01
4.681816289062500118e+02,-9.914145124104894080e+01
4.681819218750000005e+02,-1.034283101209376525e+02
4.681822148437499891e+02,-1.109096220017770520e+02
4.681825078125000346e+02,-1.006937191108497274e+02
4.681828007812500232e+02,-9.910482166941291382e+01
4.681830937500000118e+02,-1.006675711410155998e+02
4.681833867187500005e+02,-1.004425870933301894e+02
4.681836796874999891e+02,-1.246032444419811327e+02
4.681839726562500346e+02,-9.448224593660391690e+01
4.681842656250000232e+02,-1.034819578524044346e+02
4.681845585937500118e+02,-1.125569148188897941e+02
4.681848515625000005e+02,-1.072694753331905133e+02
4.681851445312499891e+02,-1.109222002961380156e+02
4.681854375000000346e+02,-1.047000780709862511e+02
4.681857304687500232e+02,-1.016586632073832561e+02
4.681860234375000118e+02,-1.062726720353846730e+02
4.681863164062500005e+02,-1.023837485267611100e+02
4.681866093749999891e+02,-1.026203362944241348e+02
4.681869023437500346e+02,-1.106534056183642178e+02
4.681871953125000232e+02,-1.113791613136833689e+02
4.681874882812500118e+02,-1.058308185027273680e+02
4.681877812500000005e+02,-1.044307578917839550e+02
4.681880742187499891e+02,-1.033535744812377004e+02
4.681883671875000346e+02,-9.986025819578274820e+01
4.681886601562500232e+02,-1.053687786084931588e+02
4.681889531250000118e+02,-1.011529755737873586e+02
4.681892460937500005e+02,-1.103904380869481372e+02
4.681895390624999891e+02,-9.633033146010048142e+01
4.681898320312500346e+02,-9.637581147632799627e+01
4.681901250000000232e+02,-1.199523929289686777e+02
4.681904179687500118e+02,-1.045154836930187230e+02
4.681907109375000005e+02,-1.027228532479650482e+02
4.681910039062499891e+02,-9.999769797700069773e+01
4.681912968750000346e+02,-1.031097602039772028e+02
4.681915898437500232e+02,-1.023954207734678903e+02
4.681918828125000118e+02,-1.078713399557245793e+02
4.681921757812500005e+02,-1.080497644817712199e+02
4.681924687499999891e+02,-1.052738897427012290e+02
4.681927617187500346e+02,-1.051901596836086696e+02
4.681930546875000232e+02,-1.056143966027664192e+02
4.681933476562500118e+02,-9.968175688417575486e+01
4.681936406250000005e+02,-9.807602933965327452e+01
4.681939335937499891e+02,-9.623124177372389454e+01
4.681942265625000346e+02,-9.293647734998400267e+01
4.681945195312500232e+02,-1.046009265844276115e+02
4.681948125000000118e+02,-1.015109330253147704e+02
4.681951054687500005e+02,-1.134969695984325710e+02
4.681953984374999891e+02,-1.114765601011031038e+02
4.681956914062500346e+02,-1.068934074709677020e+02
4.681959843750000232e+02,-1.130252588948197854e+02
4.681962773437500118e+02,-9.839027213290728469e+01
4.681965703125000005e+02,-1.096878252158224143e+02
4.681968632812499891e+02,-1.044154792037088129e+02
4.681971562500000346e+02,-9.344928050377974671e+01
4.681974492187500232e+02,-8.365595190460265940e+01
4.681977421875000118e+02,-9.059055319431833198e+01
4.681980351562500005e+02,-1.031758961411789528e+02
4.681983281249999891e+02,-1.020762646534514175e+02
4.681986210937500346e+02,-1.022421950439547800e+02
4.681989140625000232e+02,-1.041325663127357473e+02
4.681992070312500118e+02,-1.022375116537795918e+02
4.681995000000000005e+02,-9.862527914125097084e+01
4.681997929687499891e+02,-9.843278570640259773e+01
4.682000859375000346e+02,-1.025401523904710928e+02
4.682003789062500232e+02,-9.704478896711268021e+01
4.682006718750000118e+02,-9.860323458876798952e+01
4.682009648437500005e+02,-1.031141501711178421e+02
4.682012578124999891e+02,-1.066144562171244417e+02
4.682015507812500346e+02,-1.145810842378388941e+02
4.682018437500000232e+02,-1.001157042494004088e+02
4.682021367187500118e+02,-1.001321688008027166e+02
4.682024296875000005e+02,-9.296385390944749361e+01
4.682027226562499891e+02,-9.628340768448916265e+01
4.682030156250000346e+02,-1.021756241811584971e+02
4.682033085937500232e+02,-1.133263797265136077e+02
4.682036015625000118e+02,-1.078631471140045761e+02
4.682038945312500005e+02,-1.042343290623831962e+02
4.682041874999999891e+02,-1.006784263195175697e+02
4.682044804687500346e+02,-1.047842287398264460e+02
4.682047734375000232e+02,-1.062730301856823445e+02
4.682050664062500118e+02,-1.055098497265887971e+02
4.682053593750000005e+02,-1.009467005281771321e+02
4.682056523437499891e+02,-1.010767386100993406e+02
4.682059453125000346e+02,-9.977359159414183409e+01
4.682062382812500232e+02,-1.021800345985639211e+02
4.682065312500000118e+02,-1.090357883558909862e+02
4.682068242187500005e+02,-1.020765136748132562e+02
4.682071171874999891e+02,-1.008386525367963173e+02
4.682074101562500346e+02,-9.515180065725901670e+01
4.682077031250000232e+02,-9.130227672332451050e+01
4.682079960937500118e+02,-9.941724072490849551e+01
4.682082890625000005e+02,-1.044101211438556476e+02
4.682085820312499891e+02,-9.751267673525910595e+01
4.682088750000000346e+02,-1.046601345703006558e+02
4.682091679687500232e+02,-1.060464556059401531e+02
4.682094609375000118e+02,-9.875341765272284533e+01
4.682097539062500005e+02,-1.014742890066303289e+02
4.682100468749999891e+02,-1.017020902989199982e+02
4.682103398437500346e+02,-1.056207876527715541e+02
4.682106328125000232e+02,-9.961987061825327316e+01
4.682109257812500118e+02,-9.930914087497848186e+01
4.682112187500000005e+02,-1.013132984919350861e+02
4.682115117187499891e+02,-1.056423697353237401e+02
4.682118046875000346e+02,-1.023267743183765219e+02
4.682120976562500232e+02,-9.453849760648938627e+01
4.682123906250000118e+02,-9.374244878242609502e+01
4.682126835937500005e+02,-9.606245764012867028e+01
4.682129765624999891e+02,-9.048694914064306261e+01
4.682132695312500346e+02,-9.046858586942830982e+01
4.682135625000000232e+02,-9.475259843774124136e+01
4.682138554687500118e+02,-1.003667652894803552e+02
4.682141484375000005e+02,-7.921917525118429637e+01
4.682144414062499891e+02,-7.387290654819834401e+01
4.682147343750000346e+02,-8.461686808305927343e+01
4.682150273437500232e+02,-9.263687677804014697e+01
4.682153203125000118e+02,-9.106935391067494834e+01
4.682156132812500005e+02,-9.235046884485491603e+01
4.682159062499999891e+02,-9.456348209057503595e+01
4.682161992187500346e+02,-9.782578745745590254e+01
4.682164921875000232e+02,-9.494243576617144242e+01
4.682167851562500118e+02,-9.538526524981767807e+01
4.682170781250000005e+02,-1.018547447933945449e+02
4.682173710937499891e+02,-9.962559147524389402e+01
4.682176640625000346e+02,-8.470824042589333658e+01
4.682179570312500232e+02,-8.331962979719330065e+01
4.682182500000000118e+02,-9.408180879569563615e+01
4.682185429687500005e+02,-1.008798135282146688e+02
4.682188359374999891e+02,-1.031106732257936756e+02
4.682191289062500346e+02,-1.168082127776116295e+02
4.682194218750000232e+02,-1.051769484444027682e+02
4.682197148437500118e+02,-9.985239078791180134e+01
4.682200078125000005e+02,-9.773772206660660800e+01
4.682203007812499891e+02,-9.721533902097569069e+01
4.682205937500000346e+02,-9.422275623531166389e+01
4.682208867187500232e+02,-1.043510411224966674e+02
4.682211796875000118e+02,-9.026902835024763760e+01
4.682214726562500005e+02,-9.693013225756857310e+01
4.682217656249999891e+02,-9.670820217727970203e+01
4.682220585937500346e+02,-9.599643201828365591e+01
4.682223515625000232e+02,-9.980036307326123790e+01
4.682226445312500118e+02,-9.981842868874358032e+01
4.682229375000000005e+02,-1.050901521108373515e+02
4.682232304687499891e+02,-1.028895528934494621e+02
4.682235234375000346e+02,-9.852779915711700198e+01
4.682238164062500232e+02,-9.960579226001543418e+01
4.682241093750000118e+02,-1.038607433559981246e+02
4.682244023437500005e+02,-9.428119246107240770e+01
4.682246953124999891e+02,-9.830838976237720317e+01
4.682249882812500346e+02,-1.079967878382524589e+02
4.682252812500000232e+02,-1.114669446079541757e+02
4.682255742187500118e+02,-1.016142735611354198e+02
4.682258671875000005e+02,-9.876052468375533522e+01
4.682261601562499891e+02,-9.802337697856995646e+01
4.682264531250000346e+02,-1.117831867464852849e+02
4.682267460937500232e+02,-9.709403026931130398e+01
4.682270390625000118e+02,-9.690181532645848961e+01
4.682273320312500005e+02,-9.947391758728696232e+01
4.682276249999999891e+02,-1.084600116173714923e+02
4.682279179687500346e+02,-9.708791786033698656e+01
4.682282109375000232e+02,-1.020343653435005962e+02
4.682285039062500118e+02,-1.094850909136617645e+02
4.682287968750000005e+02,-1.062688804470754178e+02
4.682290898437499891e+02,-1.090114725439633219e+02
4.682293828125000346e+02,-1.059657216314937784e+02
4.682296757812500232e+02,-1.032281023768836121e+02
4.682299687500000118e+02,-1.026973199226928273e+02
4.682302617187500005e+02,-1.134208519188550923e+02
4.682305546874999891e+02,-1.065567188426013701e+02
4.682308476562500346e+02,-1.074551409051160391e+02
4.682311406250000232e+02,-1.029811086515424137e+02
4.682314335937500118e+02,-1.018447324297964371e+02
4.682317265625000005e+02,-9.995064870160696557e+01
4.682320195312499891e+02,-9.911596260780497403e+01
4.682323125000000346e+02,-1.107418746021134552e+02
4.682326054687500232e+02,-1.078352488444357107e+02
4.682328984375000118e+02,-1.012218940389145985e+02
4.682331914062500005e+02,-1.081247207780313317e+02
4.682334843749999891e+02,-1.098860831370350724e+02
4.682337773437500346e+02,-1.042954821934695531e+02
4.682340703125000232e+02,-1.019143763106981027e+02
4.682343632812500118e+02,-9.793814213097981280e+01
4.682346562500000005e+02,-8.824516152991503759e+01
4.682349492187499891e+02,-8.916755872862617593e+01
4.682352421875000346e+02,-1.018401598753969495e+02
4.682355351562500232e+02,-9.948858893929062219e+01
4.682358281250000118e+02,-9.697322824529487661e+01
4.682361210937500005e+02,-1.036898984736565126e+02
4.682364140624999891e+02,-1.066809525512462926e+02
4.682367070312500346e+02,-1.004450579872170408e+02
4.682370000000000232e+02,-9.506025145005416732e+01
4.682372929687500118e+02,-9.733974268991207168e+01
4.682375859375000005e+02,-1.001427883831278365e+02
4.682378789062499891e+02,-1.020684939577674868e+02
4.682381718750000346e+02,-1.005260758298356052e+02
4.682384648437500232e+02,-1.040602049816708927e+02
4.682387578125000118e+02,-1.073752345030032416e+02
4.682390507812500005e+02,-9.936076299610792262e+01
4.682393437499999891e+02,-9.294159370372854312e+01
4.682396367187500346e+02,-1.011315710125737866e+02
4.682399296875000232e+02,-1.021405836697680343e+02
4.682402226562500118e+02,-9.958493198978382566e+01
4.682405156250000005e+02,-9.765784929089787170e+01
4.682408085937499891e+02,-9.387808018999041337e+01
4.682411015625000346e+02,-9.556410530167285344e+01
4.682413945312500232e+02,-1.007990849658310140e+02
4.682416875000000118e+02,-9.804891440654276380e+01
4.682419804687500005e+02,-9.648165857114527455e+01
4.682422734374999891e+02,-9.648218952886665534e+01
4.682425664062500346e+02,-8.975402445687359432e+01
4.682428593750000232e+02,-8.793710249173186355e+01
4.682431523437500118e+02,-9.651365014930463815e+01
4.682434453125000005e+02,-1.046099002153334823e+02
4.682437382812499891e+02,-1.003468521934410518e+02
4.682440312500000346e+02,-9.644459584511365335e+01
4.682443242187500232e+02,-1.005233425617373939e+02
4.682446171875000118e+02,-1.025274192512155338e+02
4.682449101562500005e+02,-1.056641401677787115e+02
4.682452031249999891e+02,-1.021353903889269077e+02
4.682454960937500346e+02,-1.077944071081924733e+02
4.682457890625000232e+02,-9.753546193299492018e+01
4.682460820312500118e+02,-9.381273982419773461e+01
4.682463750000000005e+02,-9.982489181530213784e+01
4.682466679687499891e+02,-1.014971055802904516e+02
4.682469609375000346e+02,-9.854073052168779157e+01
4.682472539062500232e+02,-1.091869683202035759e+02
4.682475468750000118e+02,-9.878191583142810828e+01
4.682478398437500005e+02,-9.331496257134146788e+01
4.682481328124999891e+02,-9.728143895168729216e+01
4.682484257812500346e+02,-9.865701876237591250e+01
4.682487187500000232e+02,-1.027003996503559051e+02
4.682490117187500118e+02,-1.132281700697448059e+02
4.682493046875000005e+02,-1.096472981366001136e+02
4.682495976562499891e+02,-1.110624600392278438e+02
4.682498906250000346e+02,-1.016427014489196381e+02
4.682501835937500232e+02,-1.049917245831100985e+02
4.682504765625000118e+02,-1.004507284434605054e+02
4.682507695312500005e+02,-1.129944528519630467e+02
4.682510624999999891e+02,-1.004063157881630275e+02
4.682513554687500346e+02,-9.636590894099830962e+01
4.682516484375000232e+02,-1.045549685301904930e+02
4.682519414062500118e+02,-9.714697945073739049e+01
4.682522343750000005e+02,-1.054383513647721315e+02
4.682525273437499891e+02,-1.187243667474173208e+02
4.682528203125000346e+02,-9.902074782149382770e+01
4.682531132812500232e+02,-9.873716392634557337e+01
4.682534062500000118e+02,-9.812497832690412736e+01
4.682536992187500005e+02,-9.907257061031782541e+01
4.682539921874999891e+02,-9.824760840404599094e+01
4.682542851562500346e+02,-1.048646356274833806e+02
4.682545781250000232e+02,-1.109685003482690178e+02
4.682548710937500118e+02,-1.006563960654346772e+02
4.682551640625000005e+02,-9.502387332937951214e+01
4.682554570312499891e+02,-9.766415387545936255e+01
4.682557500000000346e+02,-9.995043886559190582e+01
4.682560429687500232e+02,-1.003741744659703414e+02
4.682563359375000118e+02,-9.421712266209380005e+01
4.682566289062500005e+02,-9.869668782940931351e+01
4.682569218749999891e+02,-9.809534059265401140e+01
4.682572148437500346e+02,-1.118420378678854377e+02
4.682575078125000232e+02,-1.018837500524814033e+02
4.682578007812500118e+02,-1.051448453973017649e+02
4.682580937500000005e+02,-1.065143056306916236e+02
4.682583867187499891e+02,-9.413066729604018690e+01
4.682586796875000346e+02,-9.856700396373597073e+01
4.682589726562500232e+02,-9.747140099929588075e+01
4.682592656250000118e+02,-9.208189470439293700e+01
4.682595585937500005e+02,-8.787477827599175839e+01
4.682598515624999891e+02,-8.964301278785866600e+01
4.682601445312500346e+02,-9.995926611839438181e+01
4.682604375000000232e+02,-9.576202568560913164e+01
4.682607304687500118e+02,-1.016343876401000159e+02
4.682610234375000005e+02,-9.892981999426675088e+01
4.682613164062499891e+02,-1.005028349364907427e+02
4.682616093750000346e+02,-1.037477949313009162e+02
4.682619023437500232e+02,-9.928069788442246590e+01
4.682621953125000118e+02,-1.003401140590098066e+02
4.682624882812500005e+02,-1.054211069555769598e+02
4.682627812499999891e+02,-1.002608566217918735e+02
4.682630742187500346e+02,-9.214907507805277476e+01
4.682633671875000232e+02,-9.682503526131812066e+01
4.682636601562500118e+02,-1.005091313476690971e+02
4.682639531250000005e+02,-9.751799640487723764e+01
4.682642460937499891e+02,-1.031754346261645026e+02
4.682645390625000346e+02,-1.019805901848278609e+02
4.682648320312500232e+02,-1.061230085980673152e+02
4.682651250000000118e+02,-1.036826563385170346e+02
4.682654179687500005e+02,-1.068832033575270941e+02
4.682657109374999891e+02,-1.219054110061142353e+02
4.682660039062500346e+02,-1.103559972774995117e+02
4.682662968750000232e+02,-9.766543692397563348e+01
4.682665898437500118e+02,-9.822312383567876282e+01
4.682668828125000005e+02,-9.734431805649509784e+01
4.682671757812499891e+02,-1.001059266426063914e+02
4.682674687500000346e+02,-1.095365517550412306e+02
4.682677617187500232e+02,-1.084469578185100858e+02
4.682680546875000118e+02,-1.030205995841920412e+02
4.682683476562500005e+02,-1.040249058731941290e+02
4.682686406249999891e+02,-1.025710137676611851e+02
4.682689335937500346e+02,-1.039320892871943158e+02
4.682692265625000232e+02,-9.944266892183081552e+01
4.682695195312500118e+02,-9.895247713010309099e+01
4.682698125000000005e+02,-9.594235265672656965e+01
4.682701054687499891e+02,-1.073016530862590088e+02
4.682703984375000346e+02,-1.058799348256779922e+02
4.682706914062500232e+02,-1.075665138406115489e+02
4.682709843750000118e+02,-1.038992823178219140e+02
4.682712773437500005e+02,-1.066850975541532165e+02
4.682715703124999891e+02,-1.040014874009889638e+02
4.682718632812500346e+02,-1.027442452247485818e+02
4.682721562500000232e+02,-1.167116230674540702e+02
4.682724492187500118e+02,-1.016286425349973683e+02
4.682727421875000005e+02,-9.575187513068397038e+01
4.682730351562499891e+02,-9.288878488435919678e+01
4.682733281250000346e+02,-9.449773617473647391e+01
4.682736210937500232e+02,-9.931412286549716839e+01
4.682739140625000118e+02,-9.991050941149778453e+01
4.682742070312500005e+02,-9.912283222663594984e+01
4.682744999999999891e+02,-9.593205118253150943e+01
4.682747929687500346e+02,-9.635740834254760045e+01
4.682750859375000232e+02,-9.332586495170959040e+01
4.682753789062500118e+02,-9.226068401499259153e+01
4.682756718750000005e+02,-9.683220784450794838e+01
4.682759648437499891e+02,-1.005429128847023890e+02
4.682762578125000346e+02,-8.520070095856654291e+01
4.682765507812500232e+02,-7.528357207266842011e+01
4.682768437500000118e+02,-7.843975774973296211e+01
4.682771367187500005e+02,-1.016980739480608804e+02
4.682774296874999891e+02,-9.310529399276374818e+01
4.682777226562500346e+02,-9.397858283257995993e+01
4.682780156250000232e+02,-9.325994830575956485e+01
4.682783085937500118e+02,-9.402360948260732698e+01
4.682786015625000005e+02,-9.206335308812391816e+01
4.682788945312499891e+02,-9.172654776856090564e+01
4.682791875000000346e+02,-9.841975837744941202e+01
4.682794804687500232e+02,-1.009667421722224674e+02
4.682797734375000118e+02,-8.862701524407634679e+01
4.682800664062500005e+02,-8.131522380917212445e+01
4.682803593749999891e+02,-9.110941764533249909e+01
4.682806523437500346e+02,-9.633783007848572311e+01
4.682809453125000232e+02,-9.497969848472692433e+01
4.682812382812500118e+02,-9.556426645025295841e+01
4.682815312500000005e+02,-9.892594514137128670e+01
4.682818242187499891e+02,-1.065209921681549474e+02
4.682821171875000346e+02,-9.472487581603296292e+01
4.682824101562500232e+02,-9.331907639701123003e+01
4.682827031250000118e+02,-9.584327985747111711e+01
4.682829960937500005e+02,-1.055061980130063262e+02
4.682832890624999891e+02,-1.041849554635327166e+02
4.682835820312500346e+02,-1.011809335692491629e+02
4.682838750000000232e+02,-9.836518412635368236e+01
4.682841679687500118e+02,-1.003083268519224305e+02
4.682844609375000005e+02,-9.939933659982574454e+01
4.682847539062499891e+02,-9.776938122865874448e+01
4.682850468750000346e+02,-1.112677778122922376e+02
4.682853398437500232e+02,-1.045211285886830552e+02
4.682856328125000118e+02,-1.048882655663131516e+02
4.682859257812500005e+02,-1.064889515858310318e+02
4.682862187499999891e+02,-1.031125823247538733e+02
4.682865117187500346e+02,-1.067868330549001143e+02
4.682868046875000232e+02,-9.982112341425205670e+01
4.682870976562500118e+02,-1.083404047978086737e+02
4.682873906250000005e+02,-1.008439525782786461e+02
4.682876835937499891e+02,-9.840787036717645719e+01
4.682879765625000346e+02,-1.033550853933647318e+02
4.682882695312500232e+02,-9.555201297032405705e+01
4.682885625000000118e+02,-9.759540449464648759e+01
4.682888554687500005e+02,-1.059804421087752928e+02
4.682891484374999891e+02,-1.031324040761531649e+02
4.682894414062500346e+02,-9.813396606884644768e+01
4.682897343750000232e+02,-1.032527784089296858e+02
4.682900273437500118e+02,-9.621924378568122904e+01
4.682903203125000005e+02,-1.008506071065584990e+02
4.682906132812499891e+02,-1.104674146610957735e+02
4.682909062500000346e+02,-1.113569952548862574e+02
4.682911992187500232e+02,-1.133301671687758017e+02
4.682914921875000118e+02,-1.026847262096896145e+02
4.682917851562500005e+02,-1.028460925156782366e+02
4.682920781249999891e+02,-1.038447401216608057e+02
4.682923710937500346e+02,-1.007425807554594712e+02
4.682926640625000232e+02,-1.032654177659398584e+02
4.682929570312500118e+02,-1.007047155721878369e+02
4.682932500000000005e+02,-9.608710114306758499e+01
4.682935429687499891e+02,-9.330482902041246973e+01
4.682938359375000346e+02,-1.001728997050962136e+02
4.682941289062500232e+02,-1.111653872532116338e+02
4.682944218750000118e+02,-1.140919782851831030e+02
4.682947148437500005e+02,-1.067725909369575419e+02
4.682950078124999891e+02,-1.038649798835561313e+02
4.682953007812500346e+02,-1.021102931786329862e+02
4.682955937500000232e+02,-9.884949438036733227e+01
4.682958867187500118e+02,-9.708981267947459060e+01
4.682961796875000005e+02,-1.021356333748797738e+02
4.682964726562499891e+02,-9.853815459380420805e+01
4.682967656250000346e+02,-9.153532194056961657e+01
4.682970585937500232e+02,-9.025481711371271842e+01
4.682973515625000118e+02,-1.102418489036284797e+02
4.682976445312500005e+02,-1.069787402461133610e+02
4.682979374999999891e+02,-1.003862099391789116e+02
4.682982304687500346e+02,-9.929440876719527864e+01
4.682985234375000232e+02,-1.048801038756019324e+02
4.682988164062500118e+02,-1.035837415140228899e+02
4.682991093750000005e+02,-1.020113954745575455e+02
4.682994023437499891e+02,-1.120967729863598663e+02
4.682996953125000346e+02,-1.015554939846563798e+02
4.682999882812500232e+02,-1.032116880030028625e+02
4.683002812500000118e+02,-1.001437178641947270e+02
4.683005742187500005e+02,-1.032494567186900980e+02
4.683008671874999891e+02,-1.059966123474621043e+02
4.683011601562500346e+02,-1.081783379599867772e+02
4.683014531250000232e+02,-1.009671689883822694e+02
4.683017460937500118e+02,-1.032956139632361356e+02
4.683020390625000005e+02,-1.050492758784571947e+02
4.683023320312499891e+02,-1.119287840209612739e+02
4.683026250000000346e+02,-1.013736364736107731e+02
4.683029179687500232e+02,-9.977854229103638772e+01
4.683032109375000118e+02,-1.133221241961916661e+02
4.683035039062500005e+02,-1.103212634717554863e+02
4.683037968749999891e+02,-1.019475718879482997e+02
4.683040898437500346e+02,-9.668661085509009467e+01
4.683043828125000232e+02,-9.482024303493059847e+01
4.683046757812500118e+02,-9.945077045407073513e+01
4.683049687500000005e+02,-9.301042325544243283e+01
4.683052617187499891e+02,-9.600560267546231330e+01
4.683055546875000346e+02,-1.041575958730132214e+02
4.683058476562500232e+02,-1.015641854024928961e+02
4.683061406250000118e+02,-1.004763692406264965e+02
4.683064335937500005e+02,-9.621283324784634772e+01
4.683067265624999891e+02,-9.974967777070975217e+01
4.683070195312500346e+02,-1.053196377012908869e+02
4.683073125000000232e+02,-1.032701705724789321e+02
4.683076054687500118e+02,-1.112137519355007811e+02
4.683078984375000005e+02,-1.008891432510612844e+02
4.683081914062499891e+02,-9.738882911500056139e+01
4.683084843750000346e+02,-9.280701822042058780e+01
4.683087773437500232e+02,-9.418091782685671376e+01
4.683090703125000118e+02,-1.007627192846692878e+02
4.683093632812500005e+02,-1.015876427211191526e+02
4.683096562499999891e+02,-9.571618189570905599e+01
4.683099492187500346e+02,-9.457135350610799662e+01
4.683102421875000232e+02,-1.036059063938019023e+02
4.683105351562500118e+02,-1.059984783098708050e+02
4.683108281250000005e+02,-9.847105840074965499e+01
4.683111210937499891e+02,-9.893354974162261328e+01
4.683114140625000346e+02,-1.058631689287856830e+02
4.683117070312500232e+02,-1.040142812302732125e+02
4.683120000000000118e+02,-1.075817313464278584e+02
4.683122929687500005e+02,-9.886092185074846839e+01
4.683125859374999891e+02,-9.464326130317779473e+01
4.683128789062500346e+02,-9.934023314318766040e+01
4.683131718750000232e+02,-1.115471852845227261e+02
4.683134648437500118e+02,-1.108361548443695881e+02
4.683137578125000005e+02,-1.100557617758269799e+02
4.683140507812499891e+02,-1.067988165705826162e+02
4.683143437500000346e+02,-1.063739928138385125e+02
4.683146367187500232e+02,-1.166940518712039108e+02
4.683149296875000118e+02,-1.112923615995797633e+02
4.683152226562500005e+02,-1.111908917272047148e+02
4.683155156249999891e+02,-9.923713666862310845e+01
4.683158085937500346e+02,-9.828763036551904975e+01
4.683161015625000232e+02,-1.018055359657007983e+02
4.683163945312500118e+02,-1.034884852852717074e+02
4.683166875000000005e+02,-1.105941533921633209e+02
4.683169804687499891e+02,-1.026521275626795671e+02
4.683172734375000346e+02,-1.113352064690647438e+02
4.683175664062500232e+02,-1.122059419485774185e+02
4.683178593750000118e+02,-1.038707848028193155e+02
4.683181523437500005e+02,-1.004059958960976218e+02
4.683184453124999891e+02,-1.069418179561062061e+02
4.683187382812500346e+02,-1.040351638645307162e+02
4.683190312500000232e+02,-9.726274106535552733e+01
4.683193242187500118e+02,-1.007262494880234129e+02
4.683196171875000005e+02,-1.062065223033594350e+02
4.683199101562499891e+02,-1.015696084431944968e+02
4.683202031250000346e+02,-1.105479703688268813e+02
4.683204960937500232e+02,-1.014657646924045764e+02
4.683207890625000118e+02,-9.961228758735956035e+01
4.683210820312500005e+02,-1.044575162065832075e+02
4.683213749999999891e+02,-9.993973333799502257e+01
4.683216679687500346e+02,-9.595937358024458774e+01
4.683219609375000232e+02,-9.373810532304503340e+01
4.683222539062500118e+02,-1.085907089958831762e+02
4.683225468750000005e+02,-9.651756628115336412e+01
4.683228398437499891e+02,-9.688881542274714320e+01
4.683231328125000346e+02,-1.012588267860866864e+02
4.683234257812500232e+02,-1.057055460316251896e+02
4.683237187500000118e+02,-1.047108624597159974e+02
4.683240117187500005e+02,-1.048620628481837826e+02
4.683243046874999891e+02,-9.873545210941890105e+01
4.683245976562500346e+02,-1.053807033326076379e+02
4.683248906250000232e+02,-1.161999322177738634e+02
4.683251835937500118e+02,-9.853060803690897274e+01
4.683254765625000005e+02,-9.583448389555141489e+01
4.683257695312499891e+02,-1.031750134831842871e+02
4.683260625000000346e+02,-1.010339182832598794e+02
4.683263554687500232e+02,-1.091372430468235990e+02
4.683266484375000118e+02,-1.042109783920952282e+02
4.683269414062500005e+02,-1.156695636236382398e+02
4.683272343749999891e+02,-1.067846157176519881e+02
4.683275273437500346e+02,-9.990095262654904218e+01
4.683278203125000232e+02,-1.013269901944839404e+02
4.683281132812500118e+02,-1.025131680152553884e+02
4.683284062500000005e+02,-1.087116700473257680e+02
4.683286992187499891e+02,-1.034121374493152530e+02
4.683289921875000346e+02,-1.114072890071900588e+02
4.683292851562500232e+02,-9.968797369272721198e+01
4.683295781250000118e+02,-9.495911253547208730e+01
4.683298710937500005e+02,-1.119857870752198039e+02
4.683301640624999891e+02,-1.051479527558528275e+02
4.683304570312500346e+02,-1.083904399217005903e+02
4.683307500000000232e+02,-1.043144716648191661e+02
4.683310429687500118e+02,-1.045129535024586573e+02
4.683313359375000005e+02,-1.028740061950908711e+02
4.683316289062499891e+02,-1.045185179212147659e+02
4.683319218750000346e+02,-9.991379844695005374e+01
4.683322148437500232e+02,-9.780824074828949222e+01
4.683325078125000118e+02,-1.012346212966274663e+02
4.683328007812500005e+02,-9.996360811916474631e+01
4.683330937499999891e+02,-1.101745011047890159e+02
4.683333867187500346e+02,-9.743700763649421503e+01
4.683336796875000232e+02,-1.036893759185784916e+02
4.683339726562500118e+02,-1.180440988164826024e+02
4.683342656250000005e+02,-1.143313342393542200e+02
4.683345585937499891e+02,-1.053731199108386249e+02
4.683348515625000346e+02,-1.140047036081749070e+02
4.683351445312500232e+02,-9.655704446691721898e+01
4.683354375000000118e+02,-9.212123761429582203e+01
4.683357304687500005e+02,-9.880649780392104731e+01
4.683360234374999891e+02,-1.020979267356315887e+02
4.683363164062500346e+02,-1.002215434935013150e+02
4.683366093750000232e+02,-1.019016433647337436e+02
4.683369023437500118e+02,-1.079473576390055882e+02
4.683371953125000005e+02,-1.064117475322302511e+02
4.683374882812499891e+02,-9.578081553560269867e+01
4.683377812500000346e+02,-9.927835398744149131e+01
4.683380742187500232e+02,-9.831529477455525523e+01
4.683383671875000118e+02,-9.674988822168295144e+01
4.683386601562500005e+02,-8.304287815948221407e+01
4.683389531249999891e+02,-8.186942979063866233e+01
4.683392460937500346e+02,-1.042352377777738752e+02
4.683395390625000232e+02,-9.257026816648654233e+01
4.683398320312500118e+02,-8.989728572352161962e+01
4.683401250000000005e+02,-9.164563702086272201e+01
4.683404179687499891e+02,-9.726854645789266840e+01
4.683407109375000346e+02,-9.649575341107727411e+01
4.683410039062500232e+02,-9.208521624094636593e+01
4.683412968750000118e+02,-9.358071655341532846e+01
4.683415898437500005e+02,-9.740701979100199992e+01
4.683418828124999891e+02,-8.840095480596004052e+01
4.683421757812500346e+02,-7.875891557710534130e+01
4.683424687500000232e+02,-8.217205407139708484e+01
4.683427617187500118e+02,-9.811621871876680245e+01
4.683430546875000005e+02,-9.042954043226129102e+01
4.683433476562499891e+02,-9.113329543237504993e+01
4.683436406250000346e+02,-9.584386440502973414e+01
4.683439335937500232e+02,-1.032795924246993877e+02
4.683442265625000118e+02,-9.669998830740560436e+01
4.683445195312500005e+02,-1.029928186063682318e+02
4.683448124999999891e+02,-1.004311233731857840e+02
4.683451054687500346e+02,-1.111557292696865176e+02
4.683453984375000232e+02,-9.763991401599284359e+01
4.683456914062500118e+02,-9.383303575113865236e+01
4.683459843750000005e+02,-9.656566276382912406e+01
4.683462773437499891e+02,-1.051435229694404114e+02
4.683465703125000346e+02,-1.033669604769278578e+02
4.683468632812500232e+02,-9.928083397311276315e+01
4.683471562500000118e+02,-9.937540901894720946e+01
4.683474492187500005e+02,-1.038509880732884483e+02
4.683477421874999891e+02,-1.021552598814804753e+02
4.683480351562500346e+02,-1.106322643812160464e+02
4.683483281250000232e+02,-1.047612763499995623e+02
4.683486210937500118e+02,-1.055151190976944662e+02
4.683489140625000005e+02,-9.641543317349214703e+01
4.683492070312499891e+02,-9.599381012610065511e+01
4.683495000000000346e+02,-1.019740539191224400e+02
4.683497929687500232e+02,-1.100569387218608739e+02
4.683500859375000118e+02,-1.037661278136027363e+02
4.683503789062500005e+02,-1.007170589691761364e+02
4.683506718749999891e+02,-1.013813830914597958e+02
4.683509648437500346e+02,-9.722365508758444719e+01
4.683512578125000232e+02,-9.361070625853380989e+01
4.683515507812500118e+02,-9.457905563102043800e+01
4.683518437500000005e+02,-1.046261482220453587e+02
4.683521367187499891e+02,-1.050141693898751640e+02
4.683524296875000346e+02,-1.067256007693836466e+02
4.683527226562500232e+02,-1.074495774122919300e+02
4.683530156250000118e+02,-1.042897579840073945e+02
4.683533085937500005e+02,-1.052008893171282722e+02
4.683536015624999891e+02,-1.191221411261177536e+02
4.683538945312500346e+02,-1.092046006480649254e+02
4.683541875000000232e+02,-1.068814371568812476e+02
4.683544804687500118e+02,-1.013212482844632376e+02
4.683547734375000005e+02,-9.803764349868721695e+01
4.683550664062499891e+02,-9.893591764282993495e+01
4.683553593750000346e+02,-1.033092472103538739e+02
4.683556523437500232e+02,-9.565285257712281464e+01
4.683559453125000118e+02,-9.902283877405052692e+01
4.683562382812500005e+02,-1.123189899456850753e+02
4.683565312499999891e+02,-1.063678389856683992e+02
4.683568242187500346e+02,-1.105005828409795470e+02
4.683571171875000232e+02,-1.038373283942778187e+02
4.683574101562500118e+02,-1.004089251904378841e+02
4.683577031250000005e+02,-1.045557035154130006e+02
4.683579960937499891e+02,-1.005922114137256784e+02
4.683582890625000346e+02,-1.004919807587974674e+02
4.683585820312500232e+02,-1.090354702931064423e+02
4.683588750000000118e+02,-9.811795469513714352e+01
4.683591679687500005e+02,-9.570614487641111623e+01
4.683594609374999891e+02,-1.038681403767453304e+02
4.683597539062500346e+02,-1.036111679402577010e+02
4.683600468750000232e+02,-1.029537064220305354e+02
4.683603398437500118e+02,-1.060382119503642002e+02
4.683606328125000005e+02,-1.056136054910881370e+02
4.683609257812499891e+02,-1.077823549897033786e+02
4.683612187500000346e+02,-1.070795922774882740e+02
4.683615117187500232e+02,-1.002003669848496941e+02
4.683618046875000118e+02,-1.021434448837544835e+02
4.683620976562500005e+02,-1.004425653369963669e+02
4.683623906249999891e+02,-9.742177182380140721e+01
4.683626835937500346e+02,-9.671106455495080922e+01
4.683629765625000232e+02,-1.036342326753015186e+02
4.683632695312500118e+02,-1.003733189793216383e+02
4.683635625000000005e+02,-1.057710446344946575e+02
4.683638554687499891e+02,-1.028628258659095565e+02
4.683641484375000346e+02,-9.912119841862326552e+01
4.683644414062500232e+02,-1.036977926977686195e+02
4.683647343750000118e+02,-1.042768621934066431e+02
4.683650273437500005e+02,-1.016131002882149232e+02
4.683653203124999891e+02,-9.919831101132123763e+01
4.683656132812500346e+02,-1.134545997239010831e+02
4.683659062500000232e+02,-1.023894984674609248e+02
4.683661992187500118e+02,-1.117236088030589087e+02
4.683664921875000005e+02,-1.040806903636068057e+02
4.683667851562499891e+02,-1.073206308096519166e+02
4.683670781250000346e+02,-9.313781845754250810e+01
4.683673710937500232e+02,-9.155740979365576493e+01
4.683676640625000118e+02,-1.000562560270912513e+02
4.683679570312500005e+02,-9.966085218716133909e+01
4.683682499999999891e+02,-1.027189831008791430e+02
4.683685429687500346e+02,-1.035191023922286604e+02
4.683688359375000232e+02,-1.066841480343247639e+02
4.683691289062500118e+02,-9.821610200847641181e+01
4.683694218750000005e+02,-9.995660852326450652e+01
4.683697148437499891e+02,-1.042141698348084020e+02
4.683700078125000346e+02,-9.784149176037746543e+01
4.683703007812500232e+02,-9.805415988502909386e+01
4.683705937500000118e+02,-9.381344388082968067e+01
4.683708867187500005e+02,-1.042840165238936549e+02
4.683711796874999891e+02,-1.068352895559839340e+02
4.683714726562500346e+02,-1.023386983280591664e+02
4.683717656250000232e+02,-9.978027810431450462e+01
4.683720585937500118e+02,-9.674743220231513874e+01
4.683723515625000005e+02,-9.974797925208781635e+01
4.683726445312499891e+02,-1.049932922433060725e+02
4.683729375000000346e+02,-1.006334323965546815e+02
4.683732304687500232e+02,-1.035976733993554291e+02
4.683735234375000118e+02,-1.109211266976339374e+02
4.683738164062500005e+02,-9.828973297215647165e+01
4.683741093749999891e+02,-9.793242730336433510e+01
4.683744023437500346e+02,-9.622235725869668954e+01
4.683746953125000232e+02,-9.218885094798878299e+01
4.683749882812500118e+02,-9.278078840284145201e+01
4.683752812500000005e+02,-9.499718456835546476e+01
4.683755742187499891e+02,-1.054895451990245050e+02
4.683758671875000346e+02,-1.020796542028932947e+02
4.683761601562500232e+02,-1.009498357213693254e+02
4.683764531250000118e+02,-9.939446526297295748e+01
4.683767460937500005e+02,-1.000349246464696051e+02
4.683770390624999891e+02,-1.094226294756360574e+02
4.683773320312500346e+02,-1.057803764327902059e+02
4.683776250000000232e+02,-1.050003443363833497e+02
4.683779179687500118e+02,-1.038534573539877357e+02
4.683782109375000005e+02,-1.060060798507115862e+02
4.683785039062499891e+02,-1.142332108790228347e+02
4.683787968750000346e+02,-1.055578781773309629e+02
4.683790898437500232e+02,-1.141593035330160149e+02
4.683793828125000118e+02,-1.019699404629389790e+02
4.683796757812500005e+02,-1.093822371456599427e+02
4.683799687499999891e+02,-1.120242462624933637e+02
4.683802617187500346e+02,-1.051663859722122822e+02
4.683805546875000232e+02,-1.059783964050514271e+02
4.683808476562500118e+02,-1.029313002790678411e+02
4.683811406250000005e+02,-1.018940688712492317e+02
4.683814335937499891e+02,-1.202211621458631612e+02
4.683817265625000346e+02,-1.065744706829182320e+02
4.683820195312500232e+02,-1.012484454587810347e+02
4.683823125000000118e+02,-1.013754151047742482e+02
4.683826054687500005e+02,-1.018798816060156298e+02
4.683828984374999891e+02,-9.915256474024205602e+01
4.683831914062500346e+02,-1.000467868429405769e+02
4.683834843750000232e+02,-1.058438264601126377e+02
4.683837773437500118e+02,-9.214004325765276349e+01
4.683840703125000005e+02,-8.663250399158316384e+01
4.683843632812499891e+02,-9.308796954537842794e+01
4.683846562500000346e+02,-1.097630952061929577e+02
4.683849492187500232e+02,-1.016029353566901818e+02
4.683852421875000118e+02,-9.917509344959420048e+01
4.683855351562500005e+02,-1.054789698803935636e+02
4.683858281249999891e+02,-1.141294537416016794e+02
4.683861210937500346e+02,-1.085742808946241666e+02
4.683864140625000232e+02,-1.029161917933204506e+02
4.683867070312500118e+02,-1.026497332938282483e+02
4.683870000000000005e+02,-1.074506733937352152e+02
4.683872929687499891e+02,-1.044382775129254810e+02
4.683875859375000346e+02,-9.483412708646049794e+01
4.683878789062500232e+02,-1.047320988249224172e+02
4.683881718750000118e+02,-1.132279812537208841e+02
4.683884648437500005e+02,-1.047297733195722174e+02
4.683887578124999891e+02,-1.080271217639763961e+02
4.683890507812500346e+02,-1.155851137270515636e+02
4.683893437500000232e+02,-1.027958945872896379e+02
4.683896367187500118e+02,-1.017842434162964906e+02
4.683899296875000005e+02,-1.092872970700148585e+02
4.683902226562499891e+02,-1.026919422483722286e+02
4.683905156250000346e+02,-1.029691949255541061e+02
4.683908085937500232e+02,-1.073286384846059462e+02
4.683911015625000118e+02,-1.077508338426660970e+02
4.683913945312500005e+02,-1.097932058679467389e+02
4.683916874999999891e+02,-9.827707792667588649e+01
4.683919804687500346e+02,-9.832080503820634476e+01
4.683922734375000232e+02,-1.184982583678401795e+02
4.683925664062500118e+02,-1.064195236280589256e+02
4.683928593750000005e+02,-1.039591997697491621e+02
4.683931523437499891e+02,-1.090892567353709097e+02
4.683934453125000346e+02,-1.057676889302232439e+02
4.683937382812500232e+02,-1.080293897540685748e+02
4.683940312500000118e+02,-1.077219982010657304e+02
4.683943242187500005e+02,-1.144676055043200193e+02
4.683946171874999891e+02,-1.055196521469508610e+02
4.683949101562500346e+02,-1.070793341107401062e+02
4.683952031250000232e+02,-1.049243881657049684e+02
4.683954960937500118e+02,-1.119175760725546951e+02
4.683957890625000005e+02,-1.034527411477004932e+02
4.683960820312499891e+02,-1.069739049840954550e+02
4.683963750000000346e+02,-1.117310719415279863e+02
4.683966679687500232e+02,-9.870285250888004214e+01
4.683969609375000118e+02,-1.041506377879225766e+02
4.683972539062500005e+02,-1.071516794539299013e+02
4.683975468749999891e+02,-1.023488621784378267e+02
4.683978398437500346e+02,-1.037648370081688540e+02
4.683981328125000232e+02,-1.037159878922073517e+02
4.683984257812500118e+02,-1.001590134137198618e+02
4.683987187500000005e+02,-1.071964167644793520e+02
4.683990117187499891e+02,-1.123401131696093387e+02
4.683993046875000346e+02,-1.016778121297442397e+02
4.683995976562500232e+02,-1.001734057475979256e+02
4.683998906250000118e+02,-1.096931080020445961e+02
4.684001835937500005e+02,-1.070945039422090304e+02
4.684004765624999891e+02,-1.144659299122141647e+02
4.684007695312500346e+02,-1.014357813043735916e+02
4.684010625000000232e+02,-9.654580489594010828e+01
4.684013554687500118e+02,-1.002726646696461756e+02
4.684016484375000005e+02,-1.021587515822096890e+02
4.684019414062499891e+02,-9.675956115972297766e+01
4.684022343750000346e+02,-9.759877602069813918e+01
4.684025273437500232e+02,-1.019313454359798072e+02
4.684028203125000118e+02,-1.004164424431151161e+02
4.684031132812500005e+02,-9.339323339525608958e+01
4.684034062499999891e+02,-9.416857808935624519e+01
4.684036992187500346e+02,-1.029432498166783319e+02
4.684039921875000232e+02,-1.020309492515663976e+02
4.684042851562500118e+02,-8.292654292158712792e+01
4.684045781250000005e+02,-8.045135222134581454e+01
4.684048710937499891e+02,-9.206449917625320722e+01
4.684051640625000346e+02,-1.017384108406896672e+02
4.684054570312500232e+02,-9.506147112059855431e+01
4.684057500000000118e+02,-9.584465090094062134e+01
4.684060429687500005e+02,-1.004839319468949697e+02
4.684063359374999891e+02,-9.743932683651622995e+01
4.684066289062500346e+02,-9.685605404965839682e+01
4.684069218750000232e+02,-9.698422592809926357e+01
4.684072148437500118e+02,-1.053348691478556276e+02
4.684075078125000005e+02,-9.824213351914207237e+01
4.684078007812499891e+02,-1.004655286204836955e+02
4.684080937500000346e+02,-1.046412774215373247e+02
4.684083867187500232e+02,-1.033756081987812934e+02
4.684086796875000118e+02,-1.061551740290984327e+02
4.684089726562500005e+02,-1.021545772838211832e+02
4.684092656249999891e+02,-1.001800619441158489e+02
4.684095585937500346e+02,-1.023994493690017435e+02
4.684098515625000232e+02,-1.000988852675707363e+02
4.684101445312500118e+02,-1.016282479071567195e+02
4.684104375000000005e+02,-1.026952899136293951e+02
4.684107304687499891e+02,-1.049612202972819830e+02
4.684110234375000346e+02,-1.042779982037073552e+02
4.684113164062500232e+02,-9.778622748982817825e+01
4.684116093750000118e+02,-9.866137577303061335e+01
4.684119023437500005e+02,-1.131446410123520252e+02
4.684121953124999891e+02,-1.138896177011362738e+02
4.684124882812500346e+02,-1.025254338270436847e+02
4.684127812500000232e+02,-1.065132967969735489e+02
4.684130742187500118e+02,-1.105333531833250618e+02
4.684133671875000005e+02,-1.040618199142522826e+02
4.684136601562499891e+02,-1.053904706035493888e+02
4.684139531250000346e+02,-1.097041262885584132e+02
4.684142460937500232e+02,-1.041419001746549355e+02
4.684145390625000118e+02,-9.904900516377730924e+01
4.684148320312500005e+02,-1.054248686886608510e+02
4.684151249999999891e+02,-1.054801995146223561e+02
4.684154179687500346e+02,-1.062703871199182828e+02
4.684157109375000232e+02,-1.055716130515140208e+02
4.684160039062500118e+02,-1.061606175031235466e+02
4.684162968750000005e+02,-1.085394795396853169e+02
4.684165898437499891e+02,-1.020622350897125443e+02
4.684168828125000346e+02,-9.896590160498021760e+01
4.684171757812500232e+02,-1.028991356644402799e+02
4.684174687500000118e+02,-1.032834268534461160e+02
4.684177617187500005e+02,-9.618296886632518294e+01
4.684180546874999891e+02,-9.559633872574448787e+01
4.684183476562500346e+02,-1.096038802518143314e+02
4.684186406250000232e+02,-1.028998657191565087e+02
4.684189335937500118e+02,-1.219768334507501493e+02
4.684192265625000005e+02,-1.153877290907249744e+02
4.684195195312499891e+02,-1.090763118268560277e+02
4.684198125000000346e+02,-1.061279806008330411e+02
4.684201054687500232e+02,-1.121076942872551570e+02
4.684203984375000118e+02,-1.133743157649273030e+02
4.684206914062500005e+02,-1.122840026918237584e+02
4.684209843749999891e+02,-1.078597189050908298e+02
4.684212773437500346e+02,-9.638742927327356824e+01
4.684215703125000232e+02,-9.474802229482010318e+01
4.684218632812500118e+02,-1.023667621252762672e+02
4.684221562500000005e+02,-1.082089308243966030e+02
4.684224492187499891e+02,-1.008124915227465266e+02
4.684227421875000346e+02,-1.014655145387617949e+02
4.684230351562500232e+02,-1.094285484903514458e+02
4.684233281250000118e+02,-1.153337266515749349e+02
4.684236210937500005e+02,-1.115501305629906597e+02
4.684239140624999891e+02,-1.072611939910905789e+02
4.684242070312500346e+02,-1.161797764767764534e+02
4.684245000000000232e+02,-1.178507817192927831e+02
4.684247929687500118e+02,-1.074975366030299995e+02
4.684250859375000005e+02,-1.016806317843466161e+02
4.684253789062499891e+02,-9.836122508447927260e+01
4.684256718750000346e+02,-1.019683210308186148e+02
4.684259648437500232e+02,-1.101547447319547075e+02
4.684262578125000118e+02,-1.072921812749358139e+02
4.684265507812500005e+02,-1.093800133220906332e+02
4.684268437499999891e+02,-1.038778603347894602e+02
4.684271367187500346e+02,-1.108617430755015363e+02
4.684274296875000232e+02,-1.105037800321512691e+02
4.684277226562500118e+02,-1.054086021174187096e+02
4.684280156250000005e+02,-9.933435166478709277e+01
4.684283085937499891e+02,-1.033706601156669365e+02
4.684286015625000346e+02,-1.112534352826033199e+02
4.684288945312500232e+02,-1.059135496514780641e+02
4.684291875000000118e+02,-1.060272775734460851e+02
4.684294804687500005e+02,-9.786963313571047252e+01
4.684297734374999891e+02,-9.959541034172119112e+01
4.684300664062500346e+02,-1.044421492960869813e+02
4.684303593750000232e+02,-1.059322625300481207e+02
4.684306523437500118e+02,-1.038160256833528763e+02
4.684309453125000005e+02,-1.069887754193400440e+02
4.684312382812499891e+02,-1.023792827072844602e+02
4.684315312500000346e+02,-1.009202212939397327e+02
4.684318242187500232e+02,-1.069029853890847050e+02
4.684321171875000118e+02,-1.124894691685352086e+02
4.684324101562500005e+02,-1.172419172588086411e+02
4.684327031249999891e+02,-1.075752274207631132e+02
4.684329960937500346e+02,-1.047617217757878763e+02
4.684332890625000232e+02,-1.060725123264003713e+02
4.684335820312500118e+02,-1.082554112429197346e+02
4.684338750000000005e+02,-1.082646882878187853e+02
4.684341679687499891e+02,-1.086657999950449494e+02
4.684344609375000346e+02,-1.131356441280342295e+02
4.684347539062500232e+02,-1.127337288449501074e+02
4.684350468750000118e+02,-1.112211890661357216e+02
4.684353398437500005e+02,-1.038169635513128952e+02
4.684356328124999891e+02,-1.049825211245516385e+02
4.684359257812500346e+02,-1.040929490553364332e+02
4.684362187500000232e+02,-9.834014602900884938e+01
4.684365117187500118e+02,-9.914305949568949927e+01
4.684368046875000005e+02,-1.008328658491259233e+02
4.684370976562499891e+02,-9.832229773255934901e+01
4.684373906250000346e+02,-1.012944469406206593e+02
4.684376835937500232e+02,-1.081941001706063474e+02
4.684379765625000118e+02,-1.117052637061613183e+02
4.684382695312500005e+02,-1.042531251731606403e+02
4.684385624999999891e+02,-1.006775552183523530e+02
4.684388554687500346e+02,-1.068915645539836703e+02
4.684391484375000232e+02,-1.064622904411959183e+02
4.684394414062500118e+02,-1.016374978145857852e+02
4.684397343750000005e+02,-1.088672768978747030e+02
4.684400273437499891e+02,-1.046009853155081117e+02
4.684403203125000346e+02,-9.852154500133588044e+01
4.684406132812500232e+02,-9.799675123373040719e+01
4.684409062500000118e+02,-9.862434786189966474e+01
4.684411992187500005e+02,-1.010425539106792314e+02
4.684414921874999891e+02,-1.108009114453471398e+02
4.684417851562500346e+02,-1.046712446773641290e+02
4.684420781250000232e+02,-1.057926408451834845e+02
4.684423710937500118e+02,-1.049997350828208340e+02
4.684426640625000005e+02,-1.060309710405412318e+02
4.684429570312499891e+02,-1.084220164403704842e+02
4.684432500000000346e+02,-1.072271073554757237e+02
4.684435429687500232e+02,-1.122084823107700657e+02
4.684438359375000118e+02,-1.131881853827252513e+02
4.684441289062500005e+02,-1.029539982134637341e+02
4.684444218749999891e+02,-1.019887954124583302e+02
4.684447148437500346e+02,-1.146576954807302116e+02
4.684450078125000232e+02,-1.135165221764171974e+02
4.684453007812500118e+02,-1.045950286949013730e+02
4.684455937500000005e+02,-1.076690386268228679e+02
4.684458867187499891e+02,-1.041308337980795784e+02
4.684461796875000346e+02,-9.203356470091841857e+01
4.684464726562500232e+02,-9.099064126816840314e+01
4.684467656250000118e+02,-9.907303977528330563e+01
4.684470585937500005e+02,-1.045230506921884910e+02
4.684473515624999891e+02,-1.009780262254083425e+02
4.684476445312500346e+02,-1.017575291829004129e+02
4.684479375000000232e+02,-1.012039602221073267e+02
4.684482304687500118e+02,-1.043311456433195588e+02
4.684485234375000005e+02,-9.977214869111044493e+01
4.684488164062499891e+02,-9.983940817482005059e+01
4.684491093750000346e+02,-1.082943078163849435e+02
4.684494023437500232e+02,-9.990380318691339312e+01
4.684496953125000118e+02,-9.102989095253916219e+01
4.684499882812500005e+02,-9.488114024362519672e+01
4.684502812499999891e+02,-1.118726697505941701e+02
4.684505742187500346e+02,-9.978116190092265470e+01
4.684508671875000232e+02,-1.020219182962660227e+02
4.684511601562500118e+02,-1.031432291875877780e+02
4.684514531250000005e+02,-1.104262190886912123e+02
4.684517460937499891e+02,-1.018991676878596451e+02
4.684520390625000346e+02,-1.008792528754368050e+02
4.684523320312500232e+02,-1.091330948021325753e+02
4.684526250000000118e+02,-1.079797086454725417e+02
4.684529179687500005e+02,-1.077565392439979775e+02
4.684532109374999891e+02,-1.057079225106639626e+02
4.684535039062500346e+02,-1.003831046100901006e+02
4.684537968750000232e+02,-1.009358365804082212e+02
4.684540898437500118e+02,-1.008781017789513754e+02
4.684543828125000005e+02,-1.119281352216264906e+02
4.684546757812499891e+02,-1.103051595919835108e+02
4.684549687500000346e+02,-1.042149824172764454e+02
4.684552617187500232e+02,-1.041900896267803489e+02
4.684555546875000118e+02,-1.025719776813618012e+02
4.684558476562500005e+02,-1.116649041348831020e+02
4.684561406249999891e+02,-1.112587017422754911e+02
4.684564335937500346e+02,-1.036048243600783394e+02
4.684567265625000232e+02,-1.054304216723501497e+02
4.684570195312500118e+02,-1.016765816925242660e+02
4.684573125000000005e+02,-1.026602927254390352e+02
4.684576054687499891e+02,-9.845437959142734030e+01
4.684578984375000346e+02,-9.860265847311336529e+01
4.684581914062500232e+02,-1.050484108868551658e+02
4.684584843750000118e+02,-1.186299142520358316e+02
4.684587773437500005e+02,-1.080220609794011466e+02
4.684590703124999891e+02,-1.013027324321828644e+02
4.684593632812500346e+02,-1.033336307244882590e+02
4.684596562500000232e+02,-1.025403135781404984e+02
4.684599492187500118e+02,-9.598354990788453733e+01
4.684602421875000005e+02,-1.025478888477441473e+02
4.684605351562499891e+02,-1.130562041877640240e+02
4.684608281250000346e+02,-1.173200628082877017e+02
4.684611210937500232e+02,-9.975204336006056849e+01
4.684614140625000118e+02,-1.017426089280530448e+02
4.684617070312500005e+02,-1.013263283414161862e+02
4.684619999999999891e+02,-9.976545674213220138e+01
4.684622929687500346e+02,-1.013999465267478115e+02
4.684625859375000232e+02,-1.002966670550697188e+02
4.684628789062500118e+02,-1.017006253109649379e+02
4.684631718750000005e+02,-8.744031953426446080e+01
4.684634648437499891e+02,-8.922750242711748569e+01
4.684637578125000346e+02,-9.791472018945950140e+01
4.684640507812500232e+02,-9.472620070724144625e+01
4.684643437500000118e+02,-1.005500383563180691e+02
4.684646367187500005e+02,-1.175222296862470728e+02
4.684649296874999891e+02,-1.049124019480881600e+02
4.684652226562500346e+02,-9.731664823702972456e+01
4.684655156250000232e+02,-9.462160978910628728e+01
4.684658085937500118e+02,-9.723702410775862859e+01
4.684661015625000005e+02,-1.047920065872157238e+02
4.684663945312499891e+02,-8.949176724376437164e+01
4.684666875000000346e+02,-8.209560129703791631e+01
4.684669804687500232e+02,-8.899480932069911887e+01
4.684672734375000118e+02,-1.051373032671932890e+02
4.684675664062500005e+02,-9.901846231150398125e+01
4.684678593749999891e+02,-9.643854189354370021e+01
4.684681523437500346e+02,-9.780127260447571302e+01
4.684684453125000232e+02,-9.619876649643053668e+01
4.684687382812500118e+02,-9.545744752373298070e+01
4.684690312500000005e+02,-9.967078803262270981e+01
4.684693242187499891e+02,-1.073024565947527549e+02
4.684696171875000346e+02,-9.627663006730861639e+01
4.684699101562500232e+02,-1.015383293968734506e+02
4.684702031250000118e+02,-1.005829394065143703e+02
4.684704960937500005e+02,-1.159471607592459179e+02
4.684707890624999891e+02,-9.766240792107240054e+01
4.684710820312500346e+02,-1.005782028238912318e+02
4.684713750000000232e+02,-9.913470013482910304e+01
4.684716679687500118e+02,-1.023155119234719734e+02
4.684719609375000005e+02,-1.022296486788471981e+02
4.684722539062499891e+02,-9.913375408805771372e+01
4.684725468750000346e+02,-9.761358857162139202e+01
4.684728398437500232e+02,-1.024346885247129393e+02
4.684731328125000118e+02,-1.067350725455828240e+02
4.684734257812500005e+02,-9.720602305686840339e+01
4.684737187499999891e+02,-1.034327288980840649e+02
4.684740117187500346e+02,-1.043123799326035055e+02
4.684743046875000232e+02,-1.040649467530223831e+02
4.684745976562500118e+02,-1.010887459517596341e+02
4.684748906250000005e+02,-9.971963626809404957e+01
4.684751835937499891e+02,-1.069927317479849336e+02
4.684754765625000346e+02,-1.034971956544830221e+02
4.684757695312500232e+02,-1.063387973038813641e+02
4.684760625000000118e+02,-1.144535474408192499e+02
4.684763554687500005e+02,-1.097999823711704721e+02
4.684766484374999891e+02,-1.126364957913831120e+02
4.684769414062500346e+02,-1.154875695357388281e+02
4.684772343750000232e+02,-1.091959472262547024e+02
4.684775273437500118e+02,-1.032084574624297773e+02
4.684778203125000005e+02,-1.015167796895240144e+02
4.684781132812499891e+02,-1.040009877277760495e+02
4.684784062500000346e+02,-1.009735500551269638e+02
4.684786992187500232e+02,-1.057762518222011181e+02
4.684789921875000118e+02,-1.197847698516408030e+02
4.684792851562500005e+02,-1.041924996403477763e+02
4.684795781249999891e+02,-9.960544189810400439e+01
4.684798710937500346e+02,-1.043501186453345042e+02
4.684801640625000232e+02,-1.019558137285639674e+02
4.684804570312500118e+02,-1.056177177173169213e+02
4.684807500000000005e+02,-1.071499588082745191e+02
4.684810429687499891e+02,-1.084080084257108609e+02
4.684813359375000346e+02,-1.033680351656432777e+02
4.684816289062500232e+02,-1.022620513843775143e+02
4.684819218750000118e+02,-1.136871151334650278e+02
4.684822148437500005e+02,-1.063642394595372167e+02
4.684825078124999891e+02,-9.986821777277761214e+01
4.684828007812500346e+02,-1.029361742703267737e+02
4.684830937500000232e+02,-1.177194136701329796e+02
4.684833867187500118e+02,-1.008533453204714903e+02
4.684836796875000005e+02,-9.536463493266677460e+01
4.684839726562499891e+02,-1.028266881737812923e+02
4.684842656250000346e+02,-1.042173713824082597e+02
4.684845585937500232e+02,-1.083379616663483915e+02
4.684848515625000118e+02,-1.153044455672643096e+02
4.684851445312500005e+02,-1.378298101224103505e+02
4.684854374999999891e+02,-1.032692798500041249e+02
4.684857304687500346e+02,-1.058534689356937974e+02
4.684860234375000232e+02,-1.155554147062664754e+02
4.684863164062500118e+02,-1.112200423666529616e+02
4.684866093750000005e+02,-1.001704178718612184e+02
4.684869023437499891e+02,-9.772544145063035614e+01
4.684871953125000346e+02,-1.038184174885269186e+02
4.684874882812500232e+02,-1.015437279924920091e+02
4.684877812500000118e+02,-9.819462795504570352e+01
4.684880742187500005e+02,-9.878638080210008354e+01
4.684883671874999891e+02,-1.031409853957083413e+02
4.684886601562500346e+02,-1.025718903312343571e+02
4.684889531250000232e+02,-1.009468355001608302e+02
4.684892460937500118e+02,-1.072851844877035603e+02
4.684895390625000005e+02,-1.104335860202607336e+02
4.684898320312499891e+02,-1.099858035375395389e+02
4.684901250000000346e+02,-1.103858565752860841e+02
4.684904179687500232e+02,-1.017889243397313948e+02
4.684907109375000118e+02,-1.024409806605022055e+02
4.684910039062500005e+02,-1.069400246186312984e+02
4.684912968749999891e+02,-1.016099905445806115e+02
4.684915898437500346e+02,-9.391245109885159081e+01
4.684918828125000232e+02,-1.048710385261035469e+02
4.684921757812500118e+02,-1.049750779483300533e+02
4.684924687500000005e+02,-1.138553432209818368e+02
4.684927617187499891e+02,-1.157742740760295419e+02
4.684930546875000346e+02,-1.066320480907273947e+02
4.684933476562500232e+02,-1.023989940761924515e+02
4.684936406250000118e+02,-1.032823197327825540e+02
4.684939335937500005e+02,-1.091097786172138910e+02
4.684942265624999891e+02,-1.051157252909710706e+02
4.684945195312500346e+02,-1.042831395255532954e+02
4.684948125000000232e+02,-1.013753657624384630e+02
4.684951054687500118e+02,-9.860639031580488734e+01
4.684953984375000005e+02,-1.103860368940313208e+02
4.684956914062499891e+02,-1.083778280370216578e+02
4.684959843750000346e+02,-1.092695338789070263e+02
4.684962773437500232e+02,-1.027490764830818506e+02
4.684965703125000118e+02,-1.012550153351256057e+02
4.684968632812500005e+02,-1.001581796264480317e+02
4.684971562499999891e+02,-9.839137200996169952e+01
4.684974492187500346e+02,-1.009080901771008030e+02
4.684977421875000232e+02,-1.127168052646846661e+02
4.684980351562500118e+02,-1.081015120440565909e+02
4.684983281250000005e+02,-1.055350867953513898e+02
4.684986210937499891e+02,-1.030352853534466533e+02
4.684989140625000346e+02,-1.006802089603799573e+02
4.684992070312500232e+02,-9.575181020025480905e+01
4.684995000000000118e+02,-9.912563851600032194e+01
4.684997929687500005e+02,-1.102765756815201712e+02
4.685000859374999891e+02,-1.077683983789603275e+02
4.685003789062500346e+02,-1.051511213400697073e+02
4.685006718750000232e+02,-1.014294915320017623e+02
4.685009648437500118e+02,-1.195895083124118514e+02
4.685012578125000005e+02,-1.133707530802717542e+02
4.685015507812499891e+02,-1.091366806012044606e+02
4.685018437500000346e+02,-1.026605846628693257e+02
4.685021367187500232e+02,-1.086533178373838382e+02
4.685024296875000118e+02,-1.070605793110731696e+02
4.685027226562500005e+02,-1.000398588081277751e+02
4.685030156249999891e+02,-1.030153990083702524e+02
4.685033085937500346e+02,-1.029236812100645864e+02
4.685036015625000232e+02,-1.051907032836021187e+02
4.685038945312500118e+02,-1.135467599738748277e+02
4.685041875000000005e+02,-1.141345770598339300e+02
4.685044804687499891e+02,-1.077896087778752872e+02
4.685047734375000346e+02,-1.111103409323419413e+02
4.685050664062500232e+02,-1.032780708727664063e+02
4.685053593750000118e+02,-1.006335806832099138e+02
4.685056523437500005e+02,-1.105297532455020502e+02
4.685059453124999891e+02,-1.066233795614619737e+02
4.685062382812500346e+02,-1.081517007922294908e+02
4.685065312500000232e+02,-1.063573301682285575e+02
4.685068242187500118e+02,-1.028661135918515868e+02
4.685071171875000005e+02,-1.100291690790788977e+02
4.685074101562499891e+02,-1.116862548401754651e+02
4.685077031250000346e+02,-1.014712157332092772e+02
4.685079960937500232e+02,-1.131310653366384997e+02
4.685082890625000118e+02,-1.003759365243273578e+02
4.685085820312500005e+02,-9.733507987972190278e+01
4.685088749999999891e+02,-1.181667053352516064e+02
4.685091679687500346e+02,-1.055713718490976305e+02
4.685094609375000232e+02,-1.083330267176060602e+02
4.685097539062500118e+02,-1.107005399811500297e+02
4.685100468750000005e+02,-1.132673838267420763e+02
4.685103398437499891e+02,-1.056412321668853593e+02
4.685106328125000346e+02,-1.006515258231319194e+02
4.685109257812500232e+02,-9.909932942398283728e+01
4.685112187500000118e+02,-1.084215438313347306e+02
4.685115117187500005e+02,-1.048614129184969954e+02
4.685118046874999891e+02,-9.385695592111802910e+01
4.685120976562500346e+02,-9.275956423994843192e+01
4.685123906250000232e+02,-9.969916014332386567e+01
4.685126835937500118e+02,-1.011131340577421440e+02
4.685129765625000005e+02,-9.959258984100701184e+01
4.685132695312499891e+02,-1.041238648955448980e+02
4.685135625000000346e+02,-1.037985606913944281e+02
4.685138554687500232e+02,-1.114618824596982449e+02
4.685141484375000118e+02,-1.065566058572132704e+02
4.685144414062500005e+02,-1.135988029016995284e+02
4.685147343749999891e+02,-1.057165109561273937e+02
4.685150273437500346e+02,-1.168754759380298367e+02
4.685153203125000232e+02,-1.113985400231898950e+02
4.685156132812500118e+02,-1.099829195652762479e+02
4.685159062500000005e+02,-1.035931730998243268e+02
4.685161992187499891e+02,-9.723994433253474767e+01
4.685164921875000346e+02,-1.065124159412020077e+02
4.685167851562500232e+02,-1.050170085513553602e+02
4.685170781250000118e+02,-1.035499925513978496e+02
4.685173710937500005e+02,-1.045955424898074995e+02
4.685176640624999891e+02,-1.077110836891739325e+02
4.685179570312500346e+02,-1.073965298183685633e+02
4.685182500000000232e+02,-1.171923141188524085e+02
4.685185429687500118e+02,-1.027943478334114218e+02
4.685188359375000005e+02,-1.086377148828253638e+02
4.685191289062499891e+02,-1.034597191360416275e+02
4.685194218750000346e+02,-1.029737520678207119e+02
4.685197148437500232e+02,-1.046692980798470103e+02
4.685200078125000118e+02,-1.040548710779934680e+02
4.685203007812500005e+02,-1.050771609936864337e+02
4.685205937499999891e+02,-9.978614451708426714e+01
4.685208867187500346e+02,-1.081455554305327951e+02
4.685211796875000232e+02,-1.013547361896403487e+02
4.685214726562500118e+02,-1.054521226293461069e+02
4.685217656250000005e+02,-1.043615895398486941e+02
4.685220585937499891e+02,-1.061519744178580709e+02
4.685223515625000346e+02,-1.143544358033993831e+02
4.685226445312500232e+02,-1.041800915733685997e+02
4.685229375000000118e+02,-1.011968009166840119e+02
4.685232304687500005e+02,-1.028958439777904630e+02
4.685235234374999891e+02,-9.969108957638935919e+01
4.685238164062500346e+02,-9.837194337553448520e+01
4.685241093750000232e+02,-9.726785531616188507e+01
4.685244023437500118e+02,-1.020410122345803217e+02
4.685246953125000005e+02,-1.055997072807994499e+02
4.685249882812499891e+02,-1.018860732395229860e+02
4.685252812500000346e+02,-9.108411676972480109e+01
4.685255742187500232e+02,-8.683129393533994289e+01
4.685258671875000118e+02,-9.553317721277367980e+01
4.685261601562500005e+02,-1.090728083786505209e+02
4.685264531249999891e+02,-1.033153577433409964e+02
4.685267460937500346e+02,-9.977239317965030807e+01
4.685270390625000232e+02,-1.002602495363318269e+02
4.685273320312500118e+02,-1.030103775538766939e+02
4.685276250000000005e+02,-1.062930671223520420e+02
4.685279179687499891e+02,-1.017988276588260703e+02
4.685282109375000346e+02,-1.129446708814409135e+02
4.685285039062500232e+02,-9.773411094753390671e+01
4.685287968750000118e+02,-8.728782189456558172e+01
4.685290898437500005e+02,-8.885176053198381396e+01
4.685293828124999891e+02,-1.018177287946954550e+02
4.685296757812500346e+02,-1.040494385193467650e+02
4.685299687500000232e+02,-9.969533679108266711e+01
4.685302617187500118e+02,-1.028279234421396495e+02
4.685305546875000005e+02,-1.091443789391113341e+02
4.685308476562499891e+02,-1.101484461656775977e+02
4.685311406250000346e+02,-1.064710238863173402e+02
4.685314335937500232e+02,-1.078676994005586067e+02
4.685317265625000118e+02,-1.028554028900619812e+02
4.685320195312500005e+02,-1.011333815796696740e+02
4.685323124999999891e+02,-9.290575125153691260e+01
4.685326054687500346e+02,-9.984952037568876904e+01
4.685328984375000232e+02,-1.213943574781476116e+02
4.685331914062500118e+02,-1.031325929310075082e+02
4.685334843750000005e+02,-9.731610978330805040e+01
4.685337773437499891e+02,-9.945183334324183022e+01
4.685340703125000346e+02,-1.130489307927550016e+02
4.685343632812500232e+02,-1.067112151112731055e+02
4.685346562500000118e+02,-1.314604695532664493e+02
4.685349492187500005e+02,-1.070524090794724401e+02
4.685352421874999891e+02,-1.018726609968385191e+02
4.685355351562500346e+02,-9.760779372815660793e+01
4.685358281250000232e+02,-1.025218968956471883e+02
4.685361210937500118e+02,-1.138385933838509061e+02
4.685364140625000005e+02,-1.036620932975667699e+02
4.685367070312499891e+02,-9.847895025266475955e+01
4.685370000000000346e+02,-9.816142330566577812e+01
4.685372929687500232e+02,-1.017834893274152677e+02
4.685375859375000118e+02,-1.027124692527508643e+02
4.685378789062500005e+02,-1.029905487454231832e+02
4.685381718749999891e+02,-1.030927354559970581e+02
4.685384648437500346e+02,-1.070255751779049689e+02
4.685387578125000232e+02,-1.047653054840110372e+02
4.685390507812500118e+02,-1.042846756812284070e+02
4.685393437500000005e+02,-1.081529922969176312e+02
4.685396367187499891e+02,-1.209047659339667575e+02
4.685399296875000346e+02,-1.037429802784399442e+02
4.685402226562500232e+02,-1.046188150905009593e+02
4.685405156250000118e+02,-1.058055929084457603e+02
4.685408085937500005e+02,-1.058871035980359636e+02
4.685411015624999891e+02,-1.036869387582186448e+02
4.685413945312500346e+02,-1.019835678397505916e+02
4.685416875000000232e+02,-9.877032708901157321e+01
4.685419804687500118e+02,-1.012321881531388499e+02
4.685422734375000005e+02,-1.064806213403813047e+02
4.685425664062499891e+02,-1.104296155639165704e+02
4.685428593750000346e+02,-1.063896380222765146e+02
4.685431523437500232e+02,-1.063171440917275703e+02
4.685434453125000118e+02,-1.143591248820808346e+02
4.685437382812500005e+02,-1.121599723568384519e+02
4.685440312499999891e+02,-1.116718932200634526e+02
4.685443242187500346e+02,-1.069333583678812403e+02
4.685446171875000232e+02,-1.058177202092850990e+02
4.685449101562500118e+02,-1.221988330895252375e+02
4.685452031250000005e+02,-1.057887178177395242e+02
4.685454960937499891e+02,-9.950953235133678731e+01
4.685457890625000346e+02,-9.885700691326582046e+01
4.685460820312500232e+02,-1.092632316617620063e+02
4.685463750000000118e+02,-1.031427367406202222e+02
4.685466679687500005e+02,-9.790716294056596780e+01
4.685469609374999891e+02,-9.889458899120032243e+01
4.685472539062500346e+02,-1.037370575401164388e+02
4.685475468750000232e+02,-1.088103840127847519e+02
4.685478398437500118e+02,-1.040129420938429092e+02
4.685481328125000005e+02,-1.053226572522985407e+02
4.685484257812499891e+02,-1.059120300033569606e+02
4.685487187500000346e+02,-1.017321406625558495e+02
4.685490117187500232e+02,-1.068648429860378855e+02
4.685493046875000118e+02,-1.222163912197628122e+02
4.685495976562500005e+02,-1.175447059549524340e+02
4.685498906249999891e+02,-1.084204291663658495e+02
4.685501835937500346e+02,-1.130898124853595590e+02
4.685504765625000232e+02,-1.073475096855440256e+02
4.685507695312500118e+02,-1.100130333696547922e+02
4.685510625000000005e+02,-1.238236481377657583e+02
4.685513554687499891e+02,-1.131315591850243294e+02
4.685516484375000346e+02,-1.186165760434563623e+02
4.685519414062500232e+02,-1.146080478812284440e+02
4.685522343750000118e+02,-1.063332241333936992e+02
4.685525273437500005e+02,-1.050143676355112490e+02
4.685528203124999891e+02,-1.039961149864830361e+02
4.685531132812500346e+02,-1.146956691268078998e+02
4.685534062500000232e+02,-1.205350777030194678e+02
4.685536992187500118e+02,-9.697233819285440859e+01
4.685539921875000005e+02,-9.582664703636746140e+01
4.685542851562499891e+02,-1.034166606200423786e+02
4.685545781250000346e+02,-1.055388832212094599e+02
4.685548710937500232e+02,-1.087091203038392280e+02
4.685551640625000118e+02,-1.081616151817879512e+02
4.685554570312500005e+02,-1.143174613090476441e+02
4.685557499999999891e+02,-1.070150962292705117e+02
4.685560429687500346e+02,-9.853391173587047547e+01
4.685563359375000232e+02,-1.059899292656366470e+02
4.685566289062500118e+02,-1.102298513920325433e+02
4.685569218750000005e+02,-1.016026286680899204e+02
4.685572148437499891e+02,-9.497840192815223759e+01
4.685575078125000346e+02,-9.904042792047825117e+01
4.685578007812500232e+02,-9.993923877346261975e+01
4.685580937500000118e+02,-9.999158418683012428e+01
4.685583867187500005e+02,-1.075268952450221462e+02
4.685586796874999891e+02,-1.121228049230106478e+02
4.685589726562500346e+02,-1.133292043833533711e+02
4.685592656250000232e+02,-1.057196261947064500e+02
4.685595585937500118e+02,-1.013225558046659813e+02
4.685598515625000005e+02,-1.030271975954864274e+02
4.685601445312499891e+02,-1.452516492099377672e+02
4.685604375000000346e+02,-1.064165700466154618e+02
4.685607304687500232e+02,-1.052197508755210862e+02
4.685610234375000118e+02,-1.129350962175800248e+02
4.685613164062500005e+02,-9.731089693603226465e+01
4.685616093749999891e+02,-9.628798986512992997e+01
4.685619023437500346e+02,-1.035511787409326558e+02
4.685621953125000232e+02,-1.023716322927651277e+02
4.685624882812500118e+02,-1.038312991783682548e+02
4.685627812500000005e+02,-1.048297579810825368e+02
4.685630742187499891e+02,-1.068289163963682284e+02
4.685633671875000346e+02,-1.186447038514228183e+02
4.685636601562500232e+02,-1.064410024232452798e+02
4.685639531250000118e+02,-1.123551758603824311e+02
4.685642460937500005e+02,-1.060346458018664180e+02
4.685645390624999891e+02,-1.018127565360785667e+02
4.685648320312500346e+02,-1.070454351794757031e+02
4.685651250000000232e+02,-1.169554563000725267e+02
4.685654179687500118e+02,-1.122827821780674498e+02
4.685657109375000005e+02,-1.110251083737244642e+02
4.685660039062499891e+02,-1.103486646742180568e+02
4.685662968750000346e+02,-1.037879684011393380e+02
4.685665898437500232e+02,-1.052197903087717634e+02
4.685668828125000118e+02,-1.069555556382821493e+02
4.685671757812500005e+02,-1.040528372003871311e+02
4.685674687499999891e+02,-9.969665124163796577e+01
4.685677617187500346e+02,-1.047058988547894387e+02
4.685680546875000232e+02,-1.070730441852493016e+02
4.685683476562500118e+02,-1.106549617224873572e+02
4.685686406250000005e+02,-1.133995001115540191e+02
4.685689335937499891e+02,-1.081981363311545152e+02
4.685692265625000346e+02,-1.050656218823798724e+02
4.685695195312500232e+02,-1.082515283159867039e+02
4.685698125000000118e+02,-1.080405664370592120e+02
4.685701054687500005e+02,-1.078390771926287357e+02
4.685703984374999891e+02,-1.155333351159613073e+02
4.685706914062500346e+02,-1.084978730119129864e+02
4.685709843750000232e+02,-1.097574007460798953e+02
4.685712773437500118e+02,-1.082098515661766100e+02
4.685715703125000005e+02,-1.045034444320509550e+02
4.685718632812499891e+02,-1.051206940307176865e+02
4.685721562500000346e+02,-1.101908722452741642e+02
4.685724492187500232e+02,-1.185964880077027459e+02
4.685727421875000118e+02,-1.067711511656191306e+02
4.685730351562500005e+02,-1.019928564892301779e+02
4.685733281249999891e+02,-1.026135224524232399e+02
4.685736210937500346e+02,-1.030496332507788395e+02
4.685739140625000232e+02,-9.955765738197621317e+01
4.685742070312500118e+02,-9.431771969991615379e+01
4.685745000000000005e+02,-1.035462443569731192e+02
4.685747929687499891e+02,-1.066063158274348552e+02
4.685750859375000346e+02,-1.032228045957873661e+02
4.685753789062500232e+02,-9.980065661891995887e+01
4.685756718750000118e+02,-1.012667886050280970e+02
4.685759648437500005e+02,-1.031737765601324242e+02
4.685762578124999891e+02,-1.027249615108766818e+02
4.685765507812500346e+02,-1.000887438970316623e+02
4.685768437500000232e+02,-1.059517663388441946e+02
4.685771367187500118e+02,-1.050061741489170402e+02
4.685774296875000005e+02,-1.037965388659300601e+02
4.685777226562499891e+02,-1.124214884573765971e+02
4.685780156250000346e+02,-1.158123230113752129e+02
4.685783085937500232e+02,-1.036733969433220892e+02
4.685786015625000118e+02,-1.101915349384665745e+02
4.685788945312500005e+02,-1.135359660526248859e+02
4.685791874999999891e+02,-1.092853495713426639e+02
4.685794804687500346e+02,-1.125495682931435937e+02
4.685797734375000232e+02,-1.049439056195110851e+02
4.685800664062500118e+02,-9.973493523853807119e+01
4.685803593750000005e+02,-1.145656239995970793e+02
4.685806523437499891e+02,-1.209633298234093672e+02
4.685809453125000346e+02,-1.125159007280031318e+02
4.685812382812500232e+02,-1.196849282808336170e+02
4.685815312500000118e+02,-1.136492409149493312e+02
4.685818242187500005e+02,-1.073933854233657570e+02
4.685821171874999891e+02,-1.087861400269133867e+02
4.685824101562500346e+02,-1.035547819456719907e+02
4.685827031250000232e+02,-1.115422031419976179e+02
4.685829960937500118e+02,-1.121867707253535684e+02
4.685832890625000005e+02,-1.019024970155162322e+02
4.685835820312499891e+02,-1.133356137564278896e+02
4.685838750000000346e+02,-1.089819611138119058e+02
4.685841679687500232e+02,-1.018461078919013261e+02
4.685844609375000118e+02,-1.006330953673736133e+02
4.685847539062500005e+02,-1.208043024302631494e+02
4.685850468749999891e+02,-1.029171264244145618e+02
4.685853398437500346e+02,-1.003368717524679852e+02
4.685856328125000232e+02,-1.019482168222957341e+02
4.685859257812500118e+02,-1.065744604095752095e+02
4.685862187500000005e+02,-1.183230079755283413e+02
4.685865117187499891e+02,-1.092804882106662205e+02
4.685868046875000346e+02,-1.089812524143629844e+02
4.685870976562500232e+02,-1.065044724636708082e+02
4.685873906250000118e+02,-1.029745902769024326e+02
4.685876835937500005e+02,-9.244972813674925760e+01
4.685879765624999891e+02,-9.794386228665845806e+01
4.685882695312500346e+02,-1.058499443540260927e+02
4.685885625000000232e+02,-9.788378844976600135e+01
4.685888554687500118e+02,-9.439223704710715879e+01
4.685891484375000005e+02,-9.762125821392233149e+01
4.685894414062499891e+02,-9.972518686451843450e+01
4.685897343750000346e+02,-9.693505677628118633e+01
4.685900273437500232e+02,-9.723147326751106334e+01
4.685903203125000118e+02,-1.083872098866540910e+02
4.685906132812500005e+02,-1.068787615083511042e+02
4.685909062499999891e+02,-8.780631856030225890e+01
4.685911992187500346e+02,-8.598263207395645225e+01
4.685914921875000232e+02,-1.160117374141513977e+02
4.685917851562500118e+02,-9.434396053889157940e+01
4.685920781250000005e+02,-9.419990804978829146e+01
4.685923710937499891e+02,-1.017809141635062247e+02
4.685926640625000346e+02,-1.063401627948288706e+02
4.685929570312500232e+02,-1.179253410127301862e+02
4.685932500000000118e+02,-1.133883260674752904e+02
4.685935429687500005e+02,-1.247059985724449689e+02
4.685938359374999891e+02,-1.062079114371009183e+02
4.685941289062500346e+02,-1.101608944873375435e+02
4.685944218750000232e+02,-9.382591136603970483e+01
4.685947148437500118e+02,-9.674747675312850959e+01
4.685950078125000005e+02,-1.082685751903876223e+02
4.685953007812499891e+02,-1.193331280752683341e+02
4.685955937500000346e+02,-1.081395388713800685e+02
4.685958867187500232e+02,-1.002756825072236495e+02
4.685961796875000118e+02,-1.024271825433274046e+02
4.685964726562500005e+02,-1.142658092425588876e+02
4.685967656249999891e+02,-1.121089086784078717e+02
4.685970585937500346e+02,-1.083173117721852918e+02
4.685973515625000232e+02,-1.071061801465880023e+02
4.685976445312500118e+02,-1.060872592102150520e+02
4.685979375000000005e+02,-1.047914557528412303e+02
4.685982304687499891e+02,-1.065909332246398549e+02
4.685985234375000346e+02,-1.080966807227075037e+02
4.685988164062500232e+02,-1.039660237436578143e+02
4.685991093750000118e+02,-1.021310715977291039e+02
4.685994023437500005e+02,-1.040088027827987673e+02
4.685996953124999891e+02,-1.056071097240284615e+02
4.685999882812500346e+02,-1.134411600216807585e+02
4.686002812500000232e+02,-1.342970306632455504e+02
4.686005742187500118e+02,-1.076818763008842126e+02
4.686008671875000005e+02,-1.095863017876344401e+02
4.686011601562499891e+02,-1.067935489209428681e+02
4.686014531250000346e+02,-1.100071109229817239e+02
4.686017460937500232e+02,-1.208910616109187828e+02
4.686020390625000118e+02,-1.051567748959103028e+02
4.686023320312500005e+02,-1.072383086325016563e+02
4.686026249999999891e+02,-1.019553035332823470e+02
4.686029179687500346e+02,-1.045053694562212740e+02
4.686032109375000232e+02,-1.048177649272823686e+02
4.686035039062500118e+02,-1.012237975114963433e+02
4.686037968750000005e+02,-1.007460358429402447e+02
4.686040898437499891e+02,-1.043807831730623690e+02
4.686043828125000346e+02,-1.049166418349881269e+02
4.686046757812500232e+02,-9.951521393019069706e+01
4.686049687500000118e+02,-1.085492110485986927e+02
4.686052617187500005e+02,-1.055513266057354116e+02
4.686055546874999891e+02,-1.048632345573224001e+02
4.686058476562500346e+02,-1.148205519152575249e+02
4.686061406250000232e+02,-1.085230073911300650e+02
4.686064335937500118e+02,-1.084295430314647035e+02
4.686067265625000005e+02,-1.006012042090207359e+02
4.686070195312499891e+02,-1.005213035547348710e+02
4.686073125000000346e+02,-1.145846257313237118e+02
4.686076054687500232e+02,-1.106825896255137138e+02
4.686078984375000118e+02,-1.127795415577242011e+02
4.686081914062500005e+02,-1.036509020730240422e+02
4.686084843749999891e+02,-1.121525057190164745e+02
4.686087773437500346e+02,-1.084342020690388892e+02
4.686090703125000232e+02,-1.181951994403867587e+02
4.686093632812500118e+02,-1.125634582796061522e+02
4.686096562500000005e+02,-1.262913238984833413e+02
4.686099492187499891e+02,-1.091866544704531492e+02
4.686102421875000346e+02,-1.090302156304662304e+02
4.686105351562500232e+02,-1.081099101053833778e+02
4.686108281250000118e+02,-1.114329438869996949e+02
4.686111210937500005e+02,-1.020692291915770227e+02
4.686114140624999891e+02,-1.092618700435538699e+02
4.686117070312500346e+02,-1.095358636434056052e+02
4.686120000000000232e+02,-1.031086846159563493e+02
4.686122929687500118e+02,-1.141396727355915885e+02
4.686125859375000005e+02,-1.073086516914770527e+02
4.686128789062499891e+02,-1.129632057439353048e+02
4.686131718750000346e+02,-1.080731481253311586e+02
4.686134648437500232e+02,-1.052767688697640551e+02
4.686137578125000118e+02,-1.061606983335142331e+02
4.686140507812500005e+02,-1.102608386578924069e+02
4.686143437499999891e+02,-1.065506241049134246e+02
4.686146367187500346e+02,-1.031887559529306202e+02
4.686149296875000232e+02,-1.067992679202513386e+02
4.686152226562500118e+02,-1.087171378864438793e+02
4.686155156250000005e+02,-1.206603758622353126e+02
4.686158085937499891e+02,-1.001978300637487393e+02
4.686161015625000346e+02,-9.416194263653652285e+01
4.686163945312500232e+02,-1.040722397603530993e+02
4.686166875000000118e+02,-1.127150419684177507e+02
4.686169804687500005e+02,-1.084718724837315449e+02
4.686172734374999891e+02,-1.062878779411926757e+02
4.686175664062500346e+02,-1.056498124433550743e+02
4.686178593750000232e+02,-1.059078912575385232e+02
4.686181523437500118e+02,-9.962277739555409539e+01
4.686184453125000005e+02,-1.002010561993834585e+02
4.686187382812499891e+02,-1.051756850544063866e+02
4.686190312500000346e+02,-1.130513251339081933e+02
4.686193242187500232e+02,-1.007989217538942910e+02
4.686196171875000118e+02,-1.004741278763267189e+02
4.686199101562500005e+02,-1.213460327488494386e+02
4.686202031249999891e+02,-1.114598675460842117e+02
4.686204960937500346e+02,-1.155582289620188590e+02
4.686207890625000232e+02,-1.120273585404274996e+02
4.686210820312500118e+02,-1.170707227652117410e+02
4.686213750000000005e+02,-1.088118269625461494e+02
4.686216679687499891e+02,-1.045425642852164572e+02
4.686219609375000346e+02,-1.051097336466484933e+02
4.686222539062500232e+02,-1.067093567962109546e+02
4.686225468750000118e+02,-1.005540290329834647e+02
4.686228398437500005e+02,-9.942388761280918175e+01
4.686231328124999891e+02,-1.047622593685009207e+02
4.686234257812500346e+02,-9.900500549234078562e+01
4.686237187500000232e+02,-9.507990372615174124e+01
4.686240117187500118e+02,-9.976376350684165573e+01
4.686243046875000005e+02,-1.027618679357823908e+02
4.686245976562499891e+02,-1.010867909376261196e+02
4.686248906250000346e+02,-1.066963409982629543e+02
4.686251835937500232e+02,-1.144410623012775972e+02
4.686254765625000118e+02,-1.081824791974661366e+02
4.686257695312500005e+02,-1.080521549466490967e+02
4.686260624999999891e+02,-1.069660221947583665e+02
4.686263554687500346e+02,-1.066047183706151316e+02
4.686266484375000232e+02,-1.040082810335294425e+02
4.686269414062500118e+02,-1.029845903876825162e+02
4.686272343750000005e+02,-1.003818637255797483e+02
4.686275273437499891e+02,-1.064808047119939971e+02
4.686278203125000346e+02,-1.071263031426714747e+02
4.686281132812500232e+02,-1.074595415600402504e+02
4.686284062500000118e+02,-1.147063099293714430e+02
4.686286992187500005e+02,-1.163250146919331343e+02
4.686289921874999891e+02,-1.101516286413517065e+02
4.686292851562500346e+02,-1.055724659483261973e+02
4.686295781250000232e+02,-1.043480905673001757e+02
4.686298710937500118e+02,-1.093042434912734393e+02
4.686301640625000005e+02,-1.126911243985958606e+02
4.686304570312499891e+02,-1.159153159472142534e+02
4.686307500000000346e+02,-1.154166289740602451e+02
4.686310429687500232e+02,-1.084093797836793414e+02
4.686313359375000118e+02,-1.129089350229878050e+02
4.686316289062500005e+02,-1.030479019824971942e+02
4.686319218749999891e+02,-1.030553104558585034e+02
4.686322148437500346e+02,-1.141985016659526480e+02
4.686325078125000232e+02,-1.141582718337376718e+02
4.686328007812500118e+02,-1.030647930332082751e+02
4.686330937500000005e+02,-1.011567841463104145e+02
4.686333867187499891e+02,-1.172205335654008991e+02
4.686336796875000346e+02,-1.098404899071267806e+02
4.686339726562500232e+02,-1.106771273898729078e+02
4.686342656250000118e+02,-1.117692854009129064e+02
4.686345585937500005e+02,-1.074096122977328776e+02
4.686348515624999891e+02,-1.155835617675603686e+02
4.686351445312500346e+02,-1.033038510597699826e+02
4.686354375000000232e+02,-1.066634251144870404e+02
4.686357304687500118e+02,-1.029712618373265087e+02
4.686360234375000005e+02,-1.008204235624950940e+02
4.686363164062499891e+02,-9.763091842100413942e+01
4.686366093750000346e+02,-1.016188133529558684e+02
4.686369023437500232e+02,-1.092355638358033900e+02
4.686371953125000118e+02,-1.021212954875444865e+02
4.686374882812500005e+02,-1.028754714557915548e+02
4.686377812499999891e+02,-1.040292070017594028e+02
4.686380742187500346e+02,-1.036821959450710153e+02
4.686383671875000232e+02,-1.070947216719229402e+02
4.686386601562500118e+02,-1.069722051008948540e+02
4.686389531250000005e+02,-1.167961677201820692e+02
4.686392460937499891e+02,-1.040281163924130112e+02
4.686395390625000346e+02,-1.125173774602295254e+02
4.686398320312500232e+02,-1.022625136726404236e+02
4.686401250000000118e+02,-1.033493845422866855e+02
4.686404179687500005e+02,-1.197360174926372451e+02
4.686407109374999891e+02,-1.127097968168872200e+02
4.686410039062500346e+02,-1.129659453870301746e+02
4.686412968750000232e+02,-1.107740192571925775e+02
4.686415898437500118e+02,-1.126489265968253903e+02
4.686418828125000005e+02,-1.105034625211161483e+02
4.686421757812499891e+02,-1.071001812964358777e+02
4.686424687500000346e+02,-1.081311798886707010e+02
4.686427617187500232e+02,-1.074670849495657592e+02
4.686430546875000118e+02,-1.008876257297488479e+02
4.686433476562500005e+02,-1.074140448704761042e+02
4.686436406249999891e+02,-1.133900998495479797e+02
4.686439335937500346e+02,-1.175767266453603668e+02
4.686442265625000232e+02,-1.225628404033156755e+02
4.686445195312500118e+02,-1.085539119747171100e+02
4.686448125000000005e+02,-1.114921694092530089e+02
4.686451054687499891e+02,-1.198430807178029056e+02
4.686453984375000346e+02,-1.162798071791946342e+02
4.686456914062500232e+02,-1.059916244604272322e+02
4.686459843750000118e+02,-1.049167605751652985e+02
4.686462773437500005e+02,-1.104391800953221292e+02
4.686465703124999891e+02,-1.012494022007289232e+02
4.686468632812500346e+02,-1.070127480839249472e+02
4.686471562500000232e+02,-1.163726455874824097e+02
4.686474492187500118e+02,-1.138673076424321096e+02
4.686477421875000005e+02,-1.088710735459270893e+02
4.686480351562499891e+02,-1.123737785545556562e+02
4.686483281250000346e+02,-1.049811971554082675e+02
4.686486210937500232e+02,-1.116197663604017123e+02
4.686489140625000118e+02,-1.041433347508103964e+02
4.686492070312500005e+02,-1.190154847467701984e+02
4.686494999999999891e+02,-1.083763857267986452e+02
4.686497929687500346e+02,-1.081065572132171155e+02
4.686500859375000232e+02,-1.059348386484995643e+02
4.686503789062500118e+02,-1.341467003887689202e+02
4.686506718750000005e+02,-1.096407289213838965e+02
4.686509648437499891e+02,-1.057772699408998562e+02
4.686512578125000346e+02,-1.005470521440055762e+02
4.686515507812500232e+02,-1.046335644196286978e+02
4.686518437500000118e+02,-9.795888980459167783e+01
4.686521367187500005e+02,-9.760253536962946441e+01
4.686524296874999891e+02,-1.073303569511205069e+02
4.686527226562500346e+02,-1.330320164656301358e+02
4.686530156250000232e+02,-9.232920356168557419e+01
4.686533085937500118e+02,-8.446098803828621726e+01
4.686536015625000005e+02,-9.101597332116888595e+01
4.686538945312499891e+02,-1.055821846288268517e+02
4.686541875000000346e+02,-9.663694470984697205e+01
4.686544804687500232e+02,-1.016804143318830427e+02
4.686547734375000118e+02,-1.047002063186597809e+02
4.686550664062500005e+02,-1.017969270396571346e+02
4.686553593749999891e+02,-1.021418457557332005e+02
4.686556523437500346e+02,-1.142444998134146772e+02
4.686559453125000232e+02,-1.029745132416054645e+02
4.686562382812500118e+02,-9.982475917094150475e+01
4.686565312500000005e+02,-9.575620513729106165e+01
4.686568242187499891e+02,-9.362410280276054664e+01
4.686571171875000346e+02,-1.108686807961680501e+02
4.686574101562500232e+02,-1.044439170725573973e+02
4.686577031250000118e+02,-1.040820345390843045e+02
4.686579960937500005e+02,-1.006135303450160166e+02
4.686582890624999891e+02,-1.045253193313246953e+02
4.686585820312500346e+02,-1.151483626023662339e+02
4.686588750000000232e+02,-1.061990331592881489e+02
4.686591679687500118e+02,-1.038070241134257969e+02
4.686594609375000005e+02,-1.022337686844954163e+02
4.686597539062499891e+02,-1.019942383328503155e+02
4.686600468750000346e+02,-1.024483107251803347e+02
4.686603398437500232e+02,-1.041049667690099625e+02
4.686606328125000118e+02,-1.149174680610042998e+02
4.686609257812500005e+02,-1.069199480405926295e+02
4.686612187499999891e+02,-9.939758438969575138e+01
4.686615117187500346e+02,-1.020586280052797008e+02
4.686618046875000232e+02,-1.099204501538353327e+02
4.686620976562500118e+02,-1.088629483053607316e+02
4.686623906250000005e+02,-1.196659917542493901e+02
4.686626835937499891e+02,-1.205641803999286452e+02
4.686629765625000346e+02,-1.108448289255108676e+02
4.686632695312500232e+02,-1.132462695009965756e+02
4.686635625000000118e+02,-1.095813806045915015e+02
4.686638554687500005e+02,-1.178007690115441477e+02
4.686641484374999891e+02,-1.132500197095506849e+02
4.686644414062500346e+02,-1.193640914751845230e+02
4.686647343750000232e+02,-1.111437575815390630e+02
4.686650273437500118e+02,-1.068718610755079936e+02
4.686653203125000005e+02,-1.142027321642923710e+02
4.686656132812499891e+02,-1.144764844263708881e+02
4.686659062500000346e+02,-1.128168970861706697e+02
4.686661992187500232e+02,-1.159241192976689661e+02
4.686664921875000118e+02,-1.062035348516889002e+02
4.686667851562500005e+02,-1.073055540798790020e+02
4.686670781249999891e+02,-1.220703958302417504e+02
4.686673710937500346e+02,-1.091779425926694955e+02
4.686676640625000232e+02,-1.092274459875951322e+02
4.686679570312500118e+02,-1.281948185777281992e+02
4.686682500000000005e+02,-1.108278644110562681e+02
4.686685429687499891e+02,-1.061456734050780426e+02
4.686688359375000346e+02,-1.032476490410377465e+02
4.686691289062500232e+02,-1.036940028298410539e+02
4.686694218750000118e+02,-1.061551522069455871e+02
4.686697148437500005e+02,-1.078204564211692826e+02
4.686700078124999891e+02,-1.050546199030319769e+02
4.686703007812500346e+02,-1.074772000703408992e+02
4.686705937500000232e+02,-1.171969698953057843e+02
4.686708867187500118e+02,-1.067298309959139715e+02
4.686711796875000005e+02,-1.073855946648513680e+02
4.686714726562499891e+02,-1.419077736743707305e+02
4.686717656250000346e+02,-1.197597100437849917e+02
4.686720585937500232e+02,-1.128001986963223828e+02
4.686723515625000118e+02,-1.256990107906761267e+02
4.686726445312500005e+02,-1.467946499815304833e+02
4.686729374999999891e+02,-1.093062160200166630e+02
4.686732304687500346e+02,-1.051158393181404733e+02
4.686735234375000232e+02,-1.118642720607094532e+02
4.686738164062500118e+02,-1.089500203771282685e+02
4.686741093750000005e+02,-1.059510297266901802e+02
4.686744023437499891e+02,-1.074808943282552605e+02
4.686746953125000346e+02,-1.041204978392364922e+02
4.686749882812500232e+02,-1.089818293434449572e+02
4.686752812500000118e+02,-1.152555110238945701e+02
4.686755742187500005e+02,-1.072648017036103454e+02
4.686758671874999891e+02,-1.070418941605170602e+02
4.686761601562500346e+02,-1.155670771132761274e+02
4.686764531250000232e+02,-1.063242838694228851e+02
4.686767460937500118e+02,-1.080129570773354430e+02
4.686770390625000005e+02,-1.218564948711497493e+02
4.686773320312499891e+02,-1.125280949572864131e+02
4.686776250000000346e+02,-1.115423399275630203e+02
4.686779179687500232e+02,-1.155414000069168026e+02
4.686782109375000118e+02,-1.088770869190795167e+02
4.686785039062500005e+02,-1.073334442187673829e+02
4.686787968749999891e+02,-1.067824553713448097e+02
4.686790898437500346e+02,-1.030730997851225084e+02
4.686793828125000232e+02,-1.147425981460564515e+02
4.686796757812500118e+02,-1.060663008308378039e+02
4.686799687500000005e+02,-1.138856107993518378e+02
4.686802617187499891e+02,-1.146036636203771479e+02
4.686805546875000346e+02,-1.101806649511287048e+02
4.686808476562500232e+02,-1.071299883577777052e+02
4.686811406250000118e+02,-1.101909529369662550e+02
4.686814335937500005e+02,-1.045308124714359508e+02
4.686817265624999891e+02,-9.716638592327521451e+01
4.686820195312500346e+02,-1.005983081027482342e+02
4.686823125000000232e+02,-1.056343767736940720e+02
4.686826054687500118e+02,-1.057074900863643308e+02
4.686828984375000005e+02,-1.099721415832873674e+02
4.686831914062499891e+02,-1.131930431183759538e+02
4.686834843750000346e+02,-1.144606116686175312e+02
4.686837773437500232e+02,-1.060727038765335806e+02
4.686840703125000118e+02,-1.039154904279081535e+02
4.686843632812500005e+02,-1.181137458753661065e+02
4.686846562499999891e+02,-1.029593557709913512e+02
4.686849492187500346e+02,-1.051589599528521859e+02
4.686852421875000232e+02,-1.117643098869833977e+02
4.686855351562500118e+02,-1.077820975748253574e+02
4.686858281250000005e+02,-1.031776373939563740e+02
4.686861210937499891e+02,-1.062112096370523489e+02
4.686864140625000346e+02,-1.098013604583346847e+02
4.686867070312500232e+02,-1.050697978134430741e+02
4.686870000000000118e+02,-1.094841085295450398e+02
4.686872929687500005e+02,-1.157858710842962751e+02
4.686875859374999891e+02,-1.143655482286069969e+02
4.686878789062500346e+02,-1.150362677463283347e+02
4.686881718750000232e+02,-1.135999727461923499e+02
4.686884648437500118e+02,-1.107966636290445592e+02
4.686887578125000005e+02,-1.160442424475856029e+02
4.686890507812499891e+02,-1.109767717229761956e+02
4.686893437500000346e+02,-1.006231596840306821e+02
4.686896367187500232e+02,-1.052477362662783946e+02
4.686899296875000118e+02,-1.156644925358806972e+02
4.686902226562500005e+02,-1.190497257514693104e+02
4.686905156249999891e+02,-1.257527861178476769e+02
4.686908085937500346e+02,-1.115385440434021547e+02
4.686911015625000232e+02,-1.193959563843333314e+02
4.686913945312500118e+02,-1.085280518156879452e+02
4.686916875000000005e+02,-1.110398590698482337e+02
4.686919804687499891e+02,-1.300359098434508951e+02
4.686922734375000346e+02,-1.072907036691925668e+02
4.686925664062500232e+02,-1.123022074873514953e+02
4.686928593750000118e+02,-1.044983214862823928e+02
4.686931523437500005e+02,-1.045510689684247723e+02
4.686934453124999891e+02,-1.098504872395810708e+02
4.686937382812500346e+02,-1.248896744106549193e+02
4.686940312500000232e+02,-1.340668290771041598e+02
4.686943242187500118e+02,-1.117391571234445138e+02
4.686946171875000005e+02,-1.065707730503583548e+02
4.686949101562499891e+02,-1.072701292095246828e+02
4.686952031250000346e+02,-1.008591134553866482e+02
4.686954960937500232e+02,-1.082245698064589305e+02
4.686957890625000118e+02,-1.126126819485460970e+02
4.686960820312500005e+02,-1.132737947720894880e+02
4.686963749999999891e+02,-1.068198090602963930e+02
4.686966679687500346e+02,-1.051329641002748616e+02
4.686969609375000232e+02,-1.063258029395769455e+02
4.686972539062500118e+02,-1.041550528689666066e+02
4.686975468750000005e+02,-1.050238605891952659e+02
4.686978398437499891e+02,-1.046348023259186419e+02
4.686981328125000346e+02,-1.006686546254534420e+02
4.686984257812500232e+02,-1.013239706195984979e+02
4.686987187500000118e+02,-1.000902664829282571e+02
4.686990117187500005e+02,-1.119918238656429708e+02
4.686993046874999891e+02,-1.099180227481765542e+02
4.686995976562500346e+02,-1.127966567449934274e+02
4.686998906250000232e+02,-1.104397388805400908e+02
4.687001835937500118e+02,-1.108534862390403788e+02
4.687004765625000005e+02,-1.080114289571777562e+02
4.687007695312499891e+02,-1.046533082004376354e+02
4.687010625000000346e+02,-1.092311286546409832e+02
4.687013554687500232e+02,-1.110717066542463414e+02
4.687016484375000118e+02,-1.142909104528138471e+02
4.687019414062500005e+02,-1.128173523348098684e+02
4.687022343749999891e+02,-1.051677514758641649e+02
4.687025273437500346e+02,-1.114070164818561466e+02
4.687028203125000232e+02,-1.095085010163246153e+02
4.687031132812500118e+02,-1.158695773249894643e+02
4.687034062500000005e+02,-1.142643323227265029e+02
4.687036992187499891e+02,-1.099751870879438087e+02
4.687039921875000346e+02,-1.072051318701328881e+02
4.687042851562500232e+02,-1.026717313427032110e+02
4.687045781250000118e+02,-1.109872392994162453e+02
4.687048710937500005e+02,-1.238917579177657444e+02
4.687051640624999891e+02,-1.162484298337021613e+02
4.687054570312500346e+02,-1.074190445614237319e+02
4.687057500000000232e+02,-1.155282068407303342e+02
4.687060429687500118e+02,-1.070297183963812131e+02
4.687063359375000005e+02,-1.029470343670106445e+02
4.687066289062499891e+02,-1.123464324417695650e+02
4.687069218750000346e+02,-1.190711393209010538e+02
4.687072148437500232e+02,-1.118155463798441787e+02
4.687075078125000118e+02,-1.131373943783175804e+02
4.687078007812500005e+02,-1.160035514633534319e+02
4.687080937499999891e+02,-1.157458436560803960e+02
4.687083867187500346e+02,-1.154916627444085577e+02
4.687086796875000232e+02,-1.022588786602533020e+02
4.687089726562500118e+02,-1.082984791188065543e+02
4.687092656250000005e+02,-1.186913367603145417e+02
4.687095585937499891e+02,-1.103835254960629442e+02
4.687098515625000346e+02,-1.101344287948509759e+02
4.687101445312500232e+02,-1.073118453145722242e+02
4.687104375000000118e+02,-1.296332692472104497e+02
4.687107304687500005e+02,-1.063930388275292103e+02
4.687110234374999891e+02,-1.120118903688970136e+02
4.687113164062500346e+02,-1.103784240502869665e+02
4.687116093750000232e+02,-1.099143502162872323e+02
4.687119023437500118e+02,-1.050448636711293489e+02
4.687121953125000005e+02,-1.028177550096154249e+02
4.687124882812499891e+02,-1.097015529034890164e+02
4.687127812500000346e+02,-1.079493743526488458e+02
4.687130742187500232e+02,-1.148785047559287165e+02
4.687133671875000118e+02,-1.068691868410028576e+02
4.687136601562500005e+02,-1.218008993542120919e+02
4.687139531249999891e+02,-1.026815615671355175e+02
4.687142460937500346e+02,-9.824467265454352116e+01
4.687145390625000232e+02,-1.015919153181923917e+02
4.687148320312500118e+02,-1.085052794767227766e+02
4.687151250000000005e+02,-1.050226468142611509e+02
4.687154179687499891e+02,-9.115079005837228010e+01
4.687157109375000346e+02,-9.188780552382119993e+01
4.687160039062500232e+02,-1.149728750062284917e+02
4.687162968750000118e+02,-1.017667078936502492e+02
4.687165898437500005e+02,-9.996054239494581850e+01
4.687168828124999891e+02,-1.030502629664466383e+02
4.687171757812500346e+02,-1.072789579729888203e+02
4.687174687500000232e+02,-1.076445310270266305e+02
4.687177617187500118e+02,-1.072310596578901709e+02
4.687180546875000005e+02,-1.158868572065548790e+02
4.687183476562499891e+02,-1.113947529378613552e+02
4.687186406250000346e+02,-1.057377915563421595e+02
4.687189335937500232e+02,-9.671952925965990744e+01
4.687192265625000118e+02,-1.017796108281066836e+02
4.687195195312500005e+02,-1.049745629791317185e+02
4.687198124999999891e+02,-1.024439572059701220e+02
4.687201054687500346e+02,-1.240866050643604979e+02
4.687203984375000232e+02,-1.154588722544926043e+02
4.687206914062500118e+02,-1.128786874839801015e+02
4.687209843750000005e+02,-1.082138181518018882e+02
4.687212773437499891e+02,-1.045464603650204225e+02
4.687215703125000346e+02,-1.086397899559791824e+02
4.687218632812500232e+02,-1.308181607243268445e+02
4.687221562500000118e+02,-1.123142299176637664e+02
4.687224492187500005e+02,-1.098613438453880775e+02
4.687227421874999891e+02,-1.054327543101130829e+02
4.687230351562500346e+02,-1.056715903985962939e+02
4.687233281250000232e+02,-1.019541003066935190e+02
4.687236210937500118e+02,-9.974840152033851837e+01
4.687239140625000005e+02,-1.204508929379397699e+02
4.687242070312499891e+02,-1.145764676385806382e+02
4.687245000000000346e+02,-1.149216370418150603e+02
4.687247929687500232e+02,-1.120183805355272852e+02
4.687250859375000118e+02,-1.054005545884048445e+02
4.687253789062500005e+02,-1.065105595596430419e+02
4.687256718749999891e+02,-1.051900174891116393e+02
4.687259648437500346e+02,-1.046988652041640080e+02
4.687262578125000232e+02,-1.058879543934384060e+02
4.687265507812500118e+02,-1.100446022928768031e+02
4.687268437500000005e+02,-1.043796673301001761e+02
4.687271367187499891e+02,-1.011593690358283624e+02
4.687274296875000346e+02,-1.088457049479086720e+02
4.687277226562500232e+02,-1.123841982367499668e+02
4.687280156250000118e+02,-1.147690920115294091e+02
4.687283085937500005e+02,-1.112398329895188169e+02
4.687286015624999891e+02,-1.092449796868414325e+02
4.687288945312500346e+02,-1.029043463576735178e+02
4.687291875000000232e+02,-1.095120988110382143e+02
4.687294804687500118e+02,-1.209417078560650651e+02
4.687297734375000005e+02,-1.082638573650796729e+02
4.687300664062499891e+02,-1.112186968141394061e+02
4.687303593750000346e+02,-1.122949397921595391e+02
4.687306523437500232e+02,-1.073279367599624550e+02
4.687309453125000118e+02,-1.102196688033727270e+02
4.687312382812500005e+02,-1.075886391335653798e+02
4.687315312499999891e+02,-1.132610279414055583e+02
4.687318242187500346e+02,-1.152854854131575451e+02
4.687321171875000232e+02,-1.099769133796318243e+02
4.687324101562500118e+02,-1.055287328593718286e+02
4.687327031250000005e+02,-1.232743529179946051e+02
4.687329960937499891e+02,-1.091424859706493464e+02
4.687332890625000346e+02,-1.088708576750385362e+02
4.687335820312500232e+02,-1.131008626663342653e+02
4.687338750000000118e+02,-1.182275312871990138e+02
4.687341679687500005e+02,-1.121763549838861138e+02
4.687344609374999891e+02,-1.108157756493846193e+02
4.687347539062500346e+02,-1.042154021285388410e+02
4.687350468750000232e+02,-1.021644062550421808e+02
4.687353398437500118e+02,-1.058555957589588274e+02
4.687356328125000005e+02,-1.129640231690128616e+02
4.687359257812499891e+02,-1.094282854523864046e+02
4.687362187500000346e+02,-1.122482067647016208e+02
4.687365117187500232e+02,-1.133103403976863746e+02
4.687368046875000118e+02,-1.081262207354375136e+02
4.687370976562500005e+02,-1.120089827117964063e+02
4.687373906249999891e+02,-1.120104515646912233e+02
4.687376835937500346e+02,-1.084621273853358616e+02
4.687379765625000232e+02,-1.080280026982166817e+02
4.687382695312500118e+02,-1.245155894160963612e+02
4.687385625000000005e+02,-1.130087687111277432e+02
4.687388554687499891e+02,-1.084779845700185206e+02
4.687391484375000346e+02,-1.120447837437155414e+02
4.687394414062500232e+02,-1.139604425605034379e+02
4.687397343750000118e+02,-1.040071368829453320e+02
4.687400273437500005e+02,-1.144955870849958899e+02
4.687403203124999891e+02,-1.049578470585701240e+02
4.687406132812500346e+02,-1.036341879949496274e+02
4.687409062500000232e+02,-1.136289047015041263e+02
4.687411992187500118e+02,-1.129048739338489895e+02
4.687414921875000005e+02,-1.076448594667191969e+02
4.687417851562499891e+02,-1.148201879642838321e+02
4.687420781250000346e+02,-1.126802177357248240e+02
4.687423710937500232e+02,-1.077995691857082932e+02
4.687426640625000118e+02,-1.045909499997658827e+02
4.687429570312500005e+02,-1.123766593246586609e+02
4.687432499999999891e+02,-1.032929887320921978e+02
4.687435429687500346e+02,-1.031654663487372829e+02
4.687438359375000232e+02,-9.861572000038742658e+01
4.687441289062500118e+02,-1.032662393013546733e+02
4.687444218750000005e+02,-1.062204067454852066e+02
4.687447148437499891e+02,-1.028699141628408000e+02
4.687450078125000346e+02,-1.092985308668336444e+02
4.687453007812500232e+02,-1.088159508073160140e+02
4.687455937500000118e+02,-1.176759026622300439e+02
4.687458867187500005e+02,-1.058510134745764901e+02
4.687461796874999891e+02,-1.065683940356000505e+02
4.687464726562500346e+02,-1.094681626244029076e+02
4.687467656250000232e+02,-1.033742127200401342e+02
4.687470585937500118e+02,-1.119506343976989484e+02
4.687473515625000005e+02,-1.070225782393045932e+02
4.687476445312499891e+02,-1.181151882620071092e+02
4.687479375000000346e+02,-1.119473306440362848e+02
4.687482304687500232e+02,-1.090660700919405599e+02
4.687485234375000118e+02,-1.089839208019203909e+02
4.687488164062500005e+02,-1.117988341018302521e+02
4.687491093749999891e+02,-1.076484873427535547e+02
4.687494023437500346e+02,-1.101764162777765677e+02
4.687496953125000232e+02,-1.186913928468176636e+02
4.687499882812500118e+02,-1.163066769584077917e+02
4.687502812500000005e+02,-1.136216449024622648e+02
4.687505742187499891e+02,-1.077761083939373350e+02
4.687508671875000346e+02,-1.083987968106516178e+02
4.687511601562500232e+02,-1.045603111196104607e+02
4.687514531250000118e+02,-1.076649833828253833e+02
4.687517460937500005e+02,-1.053141645460345615e+02
4.687520390624999891e+02,-1.069090882337831943e+02
4.687523320312500346e+02,-1.090856203346703239e+02
4.687526250000000232e+02,-1.115463753271525462e+02
4.687529179687500118e+02,-1.194955859160413922e+02
4.687532109375000005e+02,-1.093655389478113875e+02
4.687535039062499891e+02,-1.066562660996334699e+02
4.687537968750000346e+02,-1.075553062197265461e+02
4.687540898437500232e+02,-1.092794023856790773e+02
4.687543828125000118e+02,-1.057062262867699474e+02
4.687546757812500005e+02,-9.972094482709557894e+01
4.687549687499999891e+02,-1.031226709880320556e+02
4.687552617187500346e+02,-1.095688780326279641e+02
4.687555546875000232e+02,-1.082679730383609069e+02
4.687558476562500118e+02,-1.069077023211936535e+02
4.687561406250000005e+02,-1.113627078589910298e+02
4.687564335937499891e+02,-1.144023519186469002e+02
4.687567265625000346e+02,-1.181098903472727244e+02
4.687570195312500232e+02,-1.065854648269090319e+02
4.687573125000000118e+02,-1.056552542688205989e+02
4.687576054687500005e+02,-1.092566298328983976e+02
4.687578984374999891e+02,-1.134398652535462304e+02
4.687581914062500346e+02,-1.098639036542065384e+02
4.687584843750000232e+02,-1.055487253911457799e+02
4.687587773437500118e+02,-1.045908389619387719e+02
4.687590703125000005e+02,-1.131027044811106634e+02
4.687593632812499891e+02,-1.044793295449876069e+02
4.687596562500000346e+02,-1.040040159034084581e+02
4.687599492187500232e+02,-1.097548692002566071e+02
4.687602421875000118e+02,-1.109086458081595339e+02
4.687605351562500005e+02,-1.007114780969334618e+02
4.687608281249999891e+02,-9.642872174255516882e+01
4.687611210937500346e+02,-1.081052967665100368e+02
4.687614140625000232e+02,-1.089210336422675454e+02
4.687617070312500118e+02,-1.033637467038933409e+02
