Frequency_MHz,Power_dBHz
4.663620000000000232e+02,-9.959530768722109428e+01
4.663622929687500118e+02,-1.005684158310449163e+02
4.663625859375000005e+02,-1.022784068337469137e+02
4.663628789062499891e+02,-1.254873172423459948e+02
4.663631718750000346e+02,-1.002489421167823878e+02
4.663634648437500232e+02,-1.057328194798031120e+02
4.663637578125000118e+02,-1.059987091634448575e+02
4.663640507812500005e+02,-1.108368978492538872e+02
4.663643437499999891e+02,-1.039037987882748837e+02
4.663646367187500346e+02,-9.902970406973965112e+01
4.663649296875000232e+02,-9.594974649353011387e+01
4.663652226562500118e+02,-9.972700132872519418e+01
4.663655156250000005e+02,-1.016229719898893649e+02
4.663658085937499891e+02,-1.039912840292278560e+02
4.663661015625000346e+02,-1.034840931551147207e+02
4.663663945312500232e+02,-9.615481939087247554e+01
4.663666875000000118e+02,-9.435225038523279295e+01
4.663669804687500005e+02,-9.456066319812359211e+01
4.663672734374999891e+02,-9.513009292494388092e+01
4.663675664062500346e+02,-1.020454874024725314e+02
4.663678593750000232e+02,-9.464088394140539151e+01
4.663681523437500118e+02,-9.441026681553610445e+01
4.663684453125000005e+02,-9.460370205225618179e+01
4.663687382812499891e+02,-9.704345049509340981e+01
4.663690312500000346e+02,-1.048847550863590357e+02
4.663693242187500232e+02,-9.798964726336882336e+01
4.663696171875000118e+02,-1.006026909237062057e+02
4.663699101562500005e+02,-9.731902838247037835e+01
4.663702031249999891e+02,-9.582323712529560567e+01
4.663704960937500346e+02,-9.666753149021809577e+01
4.663707890625000232e+02,-1.020886594661055256e+02
4.663710820312500118e+02,-1.054099360661171829e+02
4.663713750000000005e+02,-1.061864003315401703e+02
4.663716679687499891e+02,-9.992572952861996782e+01
4.663719609375000346e+02,-9.929918782547554201e+01
4.663722539062500232e+02,-9.879172266237232236e+01
4.663725468750000118e+02,-1.049317917501983430e+02
4.663728398437500005e+02,-1.023978253055844476e+02
4.663731328124999891e+02,-1.068453211802583382e+02
4.663734257812500346e+02,-1.071434561949746325e+02
4.663737187500000232e+02,-1.029311579546913435e+02
4.663740117187500118e+02,-1.011683116301534824e+02
4.663743046875000005e+02,-1.023688626612832167e+02
4.663745976562499891e+02,-1.008264188258132066e+02
4.663748906250000346e+02,-9.573433915491831669e+01
4.663751835937500232e+02,-1.037266892398385068e+02
4.663754765625000118e+02,-9.841778008774736008e+01
4.663757695312500005e+02,-9.752395880287282637e+01
4.663760624999999891e+02,-9.763411864417086861e+01
4.663763554687500346e+02,-9.639654460709789419e+01
4.663766484375000232e+02,-9.762343503659849375e+01
4.663769414062500118e+02,-1.022983518223808943e+02
4.663772343750000005e+02,-1.097047432351655800e+02
4.663775273437499891e+02,-1.047564775567708608e+02
4.663778203125000346e+02,-1.051238172240976496e+02
4.663781132812500232e+02,-1.085261988270281250e+02
4.663784062500000118e+02,-1.071189395402847708e+02
4.663786992187500005e+02,-1.016446446057717168e+02
4.663789921874999891e+02,-9.930306854241948145e+01
4.663792851562500346e+02,-9.776966288821795104e+01
4.663795781250000232e+02,-1.014764596239110119e+02
4.663798710937500118e+02,-1.038759002817639043e+02
4.663801640625000005e+02,-1.030640288131859279e+02
4.663804570312499891e+02,-9.776021755884298159e+01
4.663807500000000346e+02,-9.811351772936370708e+01
4.663810429687500232e+02,-1.074313270827114906e+02
4.663813359375000118e+02,-9.887745189477747942e+01
4.663816289062500005e+02,-9.943951774123402743e+01
4.663819218749999891e+02,-1.069344888020874862e+02
4.663822148437500346e+02,-1.103482894823634552e+02
4.663825078125000232e+02,-1.038323937970503152e+02
4.663828007812500118e+02,-1.008084337028826667e+02
4.663830937500000005e+02,-1.003035277998303059e+02
4.663833867187499891e+02,-1.018502402905859441e+02
4.663836796875000346e+02,-1.083646036338623730e+02
4.663839726562500232e+02,-1.087201533246077076e+02
4.663842656250000118e+02,-9.847506942881994974e+01
4.663845585937500005e+02,-9.579126450653880909e+01
4.663848515624999891e+02,-9.401479938785128354e+01
4.663851445312500346e+02,-9.170395138031287274e+01
4.663854375000000232e+02,-9.715440187404787764e+01
4.663857304687500118e+02,-1.028582542279602592e+02
4.663860234375000005e+02,-9.460664389137204466e+01
4.663863164062499891e+02,-9.610688082110138453e+01
4.663866093750000346e+02,-9.445286561679098725e+01
4.663869023437500232e+02,-9.853882315023477645e+01
4.663871953125000118e+02,-9.916295116756975858e+01
4.663874882812500005e+02,-1.034221990613735898e+02
4.663877812499999891e+02,-9.710049923249155768e+01
4.663880742187500346e+02,-9.414123644155537818e+01
4.663883671875000232e+02,-9.962597567541381238e+01
4.663886601562500118e+02,-1.069747198155749004e+02
4.663889531250000005e+02,-1.010153506568386348e+02
4.663892460937499891e+02,-9.791324449878287339e+01
4.663895390625000346e+02,-1.036071546218711887e+02
4.663898320312500232e+02,-1.048370582627797774e+02
4.663901250000000118e+02,-1.014560346742903931e+02
4.663904179687500005e+02,-9.812485233352353475e+01
4.663907109374999891e+02,-1.025852556906443169e+02
4.663910039062500346e+02,-1.042130912234234756e+02
4.663912968750000232e+02,-1.015746125333619432e+02
4.663915898437500118e+02,-9.952921685765835491e+01
4.663918828125000005e+02,-9.879068773629722955e+01
4.663921757812499891e+02,-1.165162580418540728e+02
4.663924687500000346e+02,-1.016711606293933983e+02
4.663927617187500232e+02,-9.584157610977284492e+01
4.663930546875000118e+02,-9.444724770793582991e+01
4.663933476562500005e+02,-1.005012625118580161e+02
4.663936406249999891e+02,-1.076399022651898747e+02
4.663939335937500346e+02,-1.012574121929908841e+02
4.663942265625000232e+02,-1.018605543024130355e+02
4.663945195312500118e+02,-1.044704360762679300e+02
4.663948125000000005e+02,-1.024941643259226964e+02
4.663951054687499891e+02,-1.120730847937693397e+02
4.663953984375000346e+02,-1.118522700849332949e+02
4.663956914062500232e+02,-1.056729002439766987e+02
4.663959843750000118e+02,-9.566998917273322434e+01
4.663962773437500005e+02,-9.852542046919269580e+01
4.663965703124999891e+02,-9.765442969649734550e+01
4.663968632812500346e+02,-9.958688118449393301e+01
4.663971562500000232e+02,-9.783335425615307201e+01
4.663974492187500118e+02,-1.013640584268866576e+02
4.663977421875000005e+02,-1.003828616979303803e+02
4.663980351562499891e+02,-1.021926518512486837e+02
4.663983281250000346e+02,-1.111796316830419329e+02
4.663986210937500232e+02,-1.006797203253970281e+02
4.663989140625000118e+02,-9.916957672546783442e+01
4.663992070312500005e+02,-1.064922975104331897e+02
4.663994999999999891e+02,-1.035964210591207006e+02
4.663997929687500346e+02,-9.916675353978412488e+01
4.664000859375000232e+02,-9.970806624131454043e+01
4.664003789062500118e+02,-9.750938176102118859e+01
4.664006718750000005e+02,-9.538685319747806091e+01
4.664009648437499891e+02,-9.238205307284177081e+01
4.664012578125000346e+02,-9.840013707193817538e+01
4.664015507812500232e+02,-1.026049692762211691e+02
4.664018437500000118e+02,-1.029231030071695727e+02
4.664021367187500005e+02,-1.033806232127033553e+02
4.664024296874999891e+02,-9.967066004785108646e+01
4.664027226562500346e+02,-1.058834326752628385e+02
4.664030156250000232e+02,-9.845861557527427976e+01
4.664033085937500118e+02,-9.955155734344614871e+01
4.664036015625000005e+02,-1.085432752550222233e+02
4.664038945312499891e+02,-1.043667430411000083e+02
4.664041875000000346e+02,-9.928728066146851461e+01
4.664044804687500232e+02,-9.723696476082139384e+01
4.664047734375000118e+02,-9.392712071270841534e+01
4.664050664062500005e+02,-1.014485505293960586e+02
4.664053593749999891e+02,-1.023120572863535642e+02
4.664056523437500346e+02,-1.037976308860141899e+02
4.664059453125000232e+02,-1.073325468709575006e+02
4.664062382812500118e+02,-1.011736317990668681e+02
4.664065312500000005e+02,-1.018997970900085477e+02
4.664068242187499891e+02,-1.043119966112095511e+02
4.664071171875000346e+02,-9.638905894167953647e+01
4.664074101562500232e+02,-1.026187751081280766e+02
4.664077031250000118e+02,-9.507960753647402896e+01
4.664079960937500005e+02,-9.528360971100383381e+01
4.664082890624999891e+02,-1.024816718479685846e+02
4.664085820312500346e+02,-1.041329666169678205e+02
4.664088750000000232e+02,-1.009851165489930622e+02
4.664091679687500118e+02,-9.700204651056067462e+01
4.664094609375000005e+02,-9.628727917909714051e+01
4.664097539062499891e+02,-1.064804467317034096e+02
4.664100468750000346e+02,-9.865577981344108593e+01
4.664103398437500232e+02,-1.026380593797484408e+02
4.664106328125000118e+02,-1.045892189790949658e+02
4.664109257812500005e+02,-1.131507484822446230e+02
4.664112187499999891e+02,-1.111176595115234136e+02
4.664115117187500346e+02,-9.830026501813267714e+01
4.664118046875000232e+02,-9.552295417036768299e+01
4.664120976562500118e+02,-1.003184740734819229e+02
4.664123906250000005e+02,-1.049072523490104629e+02
4.664126835937499891e+02,-1.015502646305478294e+02
4.664129765625000346e+02,-1.062928819495517132e+02
4.664132695312500232e+02,-9.908882827577616581e+01
4.664135625000000118e+02,-1.020981023098251228e+02
4.664138554687500005e+02,-1.047653050994534993e+02
4.664141484374999891e+02,-9.849805111015618309e+01
4.664144414062500346e+02,-1.021152622671250043e+02
4.664147343750000232e+02,-9.783481579295764163e+01
4.664150273437500118e+02,-9.827109852942368207e+01
4.664153203125000005e+02,-9.851005993548022843e+01
4.664156132812499891e+02,-9.716063842668454242e+01
4.664159062500000346e+02,-9.764130579814161592e+01
4.664161992187500232e+02,-1.008193388938166208e+02
4.664164921875000118e+02,-1.049749876532025326e+02
4.664167851562500005e+02,-1.054573437936457623e+02
4.664170781249999891e+02,-1.036150595512853840e+02
4.664173710937500346e+02,-9.738778450792719354e+01
4.664176640625000232e+02,-1.009420769550087300e+02
4.664179570312500118e+02,-1.051542564040195487e+02
4.664182500000000005e+02,-1.021663767304994508e+02
4.664185429687499891e+02,-9.734557977244058691e+01
4.664188359375000346e+02,-1.054030788401878738e+02
4.664191289062500232e+02,-1.042135846836805229e+02
4.664194218750000118e+02,-1.037325891273396508e+02
4.664197148437500005e+02,-9.530659620498148854e+01
4.664200078124999891e+02,-9.775540400157754561e+01
4.664203007812500346e+02,-9.904273459935879487e+01
4.664205937500000232e+02,-9.830703952841474802e+01
4.664208867187500118e+02,-9.943878158478440810e+01
4.664211796875000005e+02,-1.056300679560293929e+02
4.664214726562499891e+02,-1.028172080955909280e+02
4.664217656250000346e+02,-9.676413000058877856e+01
4.664220585937500232e+02,-9.653025915250398725e+01
4.664223515625000118e+02,-9.545129651997692122e+01
4.664226445312500005e+02,-9.702852184475922570e+01
4.664229374999999891e+02,-1.013784399186602343e+02
4.664232304687500346e+02,-9.607169775942138301e+01
4.664235234375000232e+02,-9.409261761357151954e+01
4.664238164062500118e+02,-1.080477615790850052e+02
4.664241093750000005e+02,-1.005790446216191469e+02
4.664244023437499891e+02,-1.001587546999837599e+02
4.664246953125000346e+02,-9.458905034365811559e+01
4.664249882812500232e+02,-1.030625556559895983e+02
4.664252812500000118e+02,-9.986405843386026504e+01
4.664255742187500005e+02,-9.852888680381271058e+01
4.664258671874999891e+02,-1.072905762773743419e+02
4.664261601562500346e+02,-1.017679028319689394e+02
4.664264531250000232e+02,-1.034865006982072373e+02
4.664267460937500118e+02,-1.075079832485896816e+02
4.664270390625000005e+02,-9.781240622666499007e+01
4.664273320312499891e+02,-1.002784154672134207e+02
4.664276250000000346e+02,-9.937254148018035949e+01
4.664279179687500232e+02,-1.048718042002504092e+02
4.664282109375000118e+02,-1.046683477626100967e+02
4.664285039062500005e+02,-9.821206545845572577e+01
4.664287968749999891e+02,-9.399093286578801099e+01
4.664290898437500346e+02,-1.101803380607920531e+02
4.664293828125000232e+02,-1.030630551207909349e+02
4.664296757812500118e+02,-1.035923756522685153e+02
4.664299687500000005e+02,-9.687123541786787939e+01
4.664302617187499891e+02,-9.416506739202426957e+01
4.664305546875000346e+02,-9.554813157132996082e+01
4.664308476562500232e+02,-1.012006847167094890e+02
4.664311406250000118e+02,-1.010151597836393762e+02
4.664314335937500005e+02,-9.678985437925828705e+01
4.664317265624999891e+02,-1.027650574623611277e+02
4.664320195312500346e+02,-9.775602083451956048e+01
4.664323125000000232e+02,-1.083683805680024363e+02
4.664326054687500118e+02,-1.088894248606849260e+02
4.664328984375000005e+02,-1.017002663704790422e+02
4.664331914062499891e+02,-1.030152344095409376e+02
4.664334843750000346e+02,-9.662215749334143311e+01
4.664337773437500232e+02,-9.778330670082613096e+01
4.664340703125000118e+02,-1.022622155608569159e+02
4.664343632812500005e+02,-9.984963878262914250e+01
4.664346562499999891e+02,-9.522546681080343944e+01
4.664349492187500346e+02,-1.005324982720660216e+02
4.664352421875000232e+02,-9.888165913099996374e+01
4.664355351562500118e+02,-1.038820007444967786e+02
4.664358281250000005e+02,-1.008107461249458652e+02
4.664361210937499891e+02,-1.018110130741229682e+02
4.664364140625000346e+02,-1.096469937868403832e+02
4.664367070312500232e+02,-1.034504443432240350e+02
4.664370000000000118e+02,-9.924414038365107160e+01
4.664372929687500005e+02,-1.052733516208899402e+02
4.664375859374999891e+02,-1.100966618930726071e+02
4.664378789062500346e+02,-1.006060780578487481e+02
4.664381718750000232e+02,-9.898533823267699461e+01
4.664384648437500118e+02,-9.928108570571404812e+01
4.664387578125000005e+02,-1.029590866818542452e+02
4.664390507812499891e+02,-1.012747029882306435e+02
4.664393437500000346e+02,-1.053659102674558454e+02
4.664396367187500232e+02,-1.034229322269850257e+02
4.664399296875000118e+02,-9.730636931692997393e+01
4.664402226562500005e+02,-9.387607636150383428e+01
4.664405156249999891e+02,-9.209576043531946254e+01
4.664408085937500346e+02,-9.789844872381200958e+01
4.664411015625000232e+02,-1.160670944494043226e+02
4.664413945312500118e+02,-1.190361795092954367e+02
4.664416875000000005e+02,-1.057455369563160446e+02
4.664419804687499891e+02,-1.208646706011943905e+02
4.664422734375000346e+02,-1.042814522473430543e+02
4.664425664062500232e+02,-9.563417488451834458e+01
4.664428593750000118e+02,-9.677658590259234472e+01
4.664431523437500005e+02,-9.817650094085664136e+01
4.664434453124999891e+02,-9.892025814317079835e+01
4.664437382812500346e+02,-1.068924491438865516e+02
4.664440312500000232e+02,-9.679257062485956453e+01
4.664443242187500118e+02,-9.494457774061963562e+01
4.664446171875000005e+02,-9.650582736654898497e+01
4.664449101562499891e+02,-1.240985950556101471e+02
4.664452031250000346e+02,-9.857308548884319066e+01
4.664454960937500232e+02,-1.075775656836232628e+02
4.664457890625000118e+02,-1.074731064081248633e+02
4.664460820312500005e+02,-1.250960185604560877e+02
4.664463749999999891e+02,-9.678349081880904237e+01
4.664466679687500346e+02,-1.046400875518379934e+02
4.664469609375000232e+02,-1.050536865135299536e+02
4.664472539062500118e+02,-1.156969738917339328e+02
4.664475468750000005e+02,-1.012855171972578461e+02
4.664478398437499891e+02,-1.001433803780864338e+02
4.664481328125000346e+02,-9.939828629866597964e+01
4.664484257812500232e+02,-9.707805181949844098e+01
4.664487187500000118e+02,-9.786594711764661270e+01
4.664490117187500005e+02,-1.010179571456795458e+02
4.664493046874999891e+02,-1.070257789231038146e+02
4.664495976562500346e+02,-1.002002503601929817e+02
4.664498906250000232e+02,-1.000612855054774144e+02
4.664501835937500118e+02,-1.034218843306096716e+02
4.664504765625000005e+02,-1.048773193164094977e+02
4.664507695312499891e+02,-9.780895367717455713e+01
4.664510625000000346e+02,-9.233399007476478459e+01
4.664513554687500232e+02,-9.776795975053315146e+01
4.664516484375000118e+02,-1.116692564598067179e+02
4.664519414062500005e+02,-1.072793898314245240e+02
4.664522343749999891e+02,-1.001964051591241400e+02
4.664525273437500346e+02,-1.025230523554535154e+02
4.664528203125000232e+02,-1.071144701541506237e+02
4.664531132812500118e+02,-1.117805763805887125e+02
4.664534062500000005e+02,-1.077698581120475438e+02
4.664536992187499891e+02,-1.038002975926216322e+02
4.664539921875000346e+02,-1.056981738289842809e+02
4.664542851562500232e+02,-1.056112662410601075e+02
4.664545781250000118e+02,-1.002704620717122594e+02
4.664548710937500005e+02,-9.656050303991777639e+01
4.664551640624999891e+02,-1.007438743250099265e+02
4.664554570312500346e+02,-1.105557582522931028e+02
4.664557500000000232e+02,-1.019369297188624159e+02
4.664560429687500118e+02,-1.052183566036253382e+02
4.664563359375000005e+02,-1.014943830067153669e+02
4.664566289062499891e+02,-9.970981158460290317e+01
4.664569218750000346e+02,-1.025457455427722806e+02
4.664572148437500232e+02,-1.039719087873321115e+02
4.664575078125000118e+02,-9.951457009379083729e+01
4.664578007812500005e+02,-1.002969228179990751e+02
4.664580937499999891e+02,-9.469414459726141331e+01
4.664583867187500346e+02,-9.798058631970120302e+01
4.664586796875000232e+02,-9.728296687397491382e+01
4.664589726562500118e+02,-9.756026839891285363e+01
4.664592656250000005e+02,-9.664999927541052216e+01
4.664595585937499891e+02,-1.001313180210289602e+02
4.664598515625000346e+02,-1.022776697661877421e+02
4.664601445312500232e+02,-9.766076798870437869e+01
4.664604375000000118e+02,-1.034657917107989533e+02
4.664607304687500005e+02,-9.934632710105888975e+01
4.664610234374999891e+02,-9.808571544913814932e+01
4.664613164062500346e+02,-1.044857601069306838e+02
4.664616093750000232e+02,-1.031248948363528939e+02
4.664619023437500118e+02,-9.921712313981609555e+01
4.664621953125000005e+02,-1.087486263071363055e+02
4.664624882812499891e+02,-1.083708827414805285e+02
4.664627812500000346e+02,-9.946331535130880752e+01
4.664630742187500232e+02,-1.043159216156293070e+02
4.664633671875000118e+02,-1.114951351182124029e+02
4.664636601562500005e+02,-1.130644182120440888e+02
4.664639531249999891e+02,-1.010736343426113422e+02
4.664642460937500346e+02,-9.671104993392538063e+01
4.664645390625000232e+02,-9.829719823646362897e+01
4.664648320312500118e+02,-9.668023007880640307e+01
4.664651250000000005e+02,-9.837711916787426958e+01
4.664654179687499891e+02,-1.011165905951216502e+02
4.664657109375000346e+02,-1.049209625443374421e+02
4.664660039062500232e+02,-9.915302242952111555e+01
4.664662968750000118e+02,-9.815586550517915043e+01
4.664665898437500005e+02,-1.005319208052122661e+02
4.664668828124999891e+02,-1.001735358634228135e+02
4.664671757812500346e+02,-1.027881249279354705e+02
4.664674687500000232e+02,-1.067223863460254165e+02
4.664677617187500118e+02,-1.128462943242004570e+02
4.664680546875000005e+02,-9.922583941127535923e+01
4.664683476562499891e+02,-1.001617041910921273e+02
4.664686406250000346e+02,-1.015638132207999575e+02
4.664689335937500232e+02,-1.006893495605335289e+02
4.664692265625000118e+02,-1.078236360779206251e+02
4.664695195312500005e+02,-1.101879389280148160e+02
4.664698124999999891e+02,-9.906779544150666084e+01
4.664701054687500346e+02,-1.016022296314211246e+02
4.664703984375000232e+02,-1.012103343715219097e+02
4.664706914062500118e+02,-1.009935914305441429e+02
4.664709843750000005e+02,-1.030157290619585098e+02
4.664712773437499891e+02,-1.026041393764631096e+02
4.664715703125000346e+02,-1.019139231053176786e+02
4.664718632812500232e+02,-1.022041069695995361e+02
4.664721562500000118e+02,-1.022685843934237369e+02
4.664724492187500005e+02,-1.021902632360245207e+02
4.664727421874999891e+02,-9.860545804632261024e+01
4.664730351562500346e+02,-9.717316858231313859e+01
4.664733281250000232e+02,-9.793275159141315100e+01
4.664736210937500118e+02,-9.796179563436054138e+01
4.664739140625000005e+02,-9.903721951960915248e+01
4.664742070312499891e+02,-1.034154712183779026e+02
4.664745000000000346e+02,-1.038560656813930905e+02
4.664747929687500232e+02,-1.000677796054677771e+02
4.664750859375000118e+02,-9.600628446261555382e+01
4.664753789062500005e+02,-9.852783412659184137e+01
4.664756718749999891e+02,-9.725563799562647205e+01
4.664759648437500346e+02,-9.544714570971447642e+01
4.664762578125000232e+02,-9.400447227747639545e+01
4.664765507812500118e+02,-9.741060329821047503e+01
4.664768437500000005e+02,-1.042487102088180677e+02
4.664771367187499891e+02,-1.038466933362994951e+02
4.664774296875000346e+02,-1.022760860868650070e+02
4.664777226562500232e+02,-1.028495014901022131e+02
4.664780156250000118e+02,-1.126900492928020014e+02
4.664783085937500005e+02,-1.070334254746350666e+02
4.664786015624999891e+02,-9.879120420758241039e+01
4.664788945312500346e+02,-9.356300839844045925e+01
4.664791875000000232e+02,-1.013630272191783064e+02
4.664794804687500118e+02,-9.537761652736109852e+01
4.664797734375000005e+02,-9.423662038626845572e+01
4.664800664062499891e+02,-1.072621048332028693e+02
4.664803593750000346e+02,-9.631288030183520732e+01
4.664806523437500232e+02,-9.703572511950315516e+01
4.664809453125000118e+02,-9.369827417739132613e+01
4.664812382812500005e+02,-9.759494686938660379e+01
4.664815312499999891e+02,-1.090322743448577825e+02
4.664818242187500346e+02,-1.026598660440443069e+02
4.664821171875000232e+02,-1.135645141929578728e+02
4.664824101562500118e+02,-1.052892848472226319e+02
4.664827031250000005e+02,-1.063239885790820267e+02
4.664829960937499891e+02,-1.057021978806300666e+02
4.664832890625000346e+02,-1.029485920351902166e+02
4.664835820312500232e+02,-1.059173157729863846e+02
4.664838750000000118e+02,-1.043330129649662439e+02
4.664841679687500005e+02,-1.073866203836339821e+02
4.664844609374999891e+02,-9.994842755607096763e+01
4.664847539062500346e+02,-9.837003138331665753e+01
4.664850468750000232e+02,-9.471923480297064657e+01
4.664853398437500118e+02,-1.028721023759341620e+02
4.664856328125000005e+02,-1.029337087540841651e+02
4.664859257812499891e+02,-9.922467922852302991e+01
4.664862187500000346e+02,-1.082996075029913641e+02
4.664865117187500232e+02,-9.798854420187817027e+01
4.664868046875000118e+02,-9.626215924966115267e+01
4.664870976562500005e+02,-9.927412591922247032e+01
4.664873906249999891e+02,-1.000915989191701527e+02
4.664876835937500346e+02,-1.075656333537400400e+02
4.664879765625000232e+02,-9.671721016493863488e+01
4.664882695312500118e+02,-9.847951816669629466e+01
4.664885625000000005e+02,-1.038929610576470282e+02
4.664888554687499891e+02,-9.484618936161275826e+01
4.664891484375000346e+02,-1.044012517755369061e+02
4.664894414062500232e+02,-9.915893944679683614e+01
4.664897343750000118e+02,-1.025580465310594320e+02
4.664900273437500005e+02,-9.888831274897050605e+01
4.664903203124999891e+02,-9.539246486007834847e+01
4.664906132812500346e+02,-1.000639244028434121e+02
4.664909062500000232e+02,-1.114959485395151120e+02
4.664911992187500118e+02,-1.004970429617799823e+02
4.664914921875000005e+02,-1.023601330990970837e+02
4.664917851562499891e+02,-9.825003729623233539e+01
4.664920781250000346e+02,-1.035751712024985380e+02
4.664923710937500232e+02,-9.846831875958332603e+01
4.664926640625000118e+02,-1.117802669008394219e+02
4.664929570312500005e+02,-9.867636999970704892e+01
4.664932499999999891e+02,-1.076862816549961366e+02
4.664935429687500346e+02,-9.844980880862671313e+01
4.664938359375000232e+02,-9.785823912178747719e+01
4.664941289062500118e+02,-9.992927661767686232e+01
4.664944218750000005e+02,-1.009439261242417132e+02
4.664947148437499891e+02,-9.622778602536457981e+01
4.664950078125000346e+02,-9.833669592369757595e+01
4.664953007812500232e+02,-9.772954442110078332e+01
4.664955937500000118e+02,-1.032612044933211024e+02
4.664958867187500005e+02,-9.718726082561528301e+01
4.664961796874999891e+02,-9.528603740125576849e+01
4.664964726562500346e+02,-1.046869324949886106e+02
4.664967656250000232e+02,-1.025142668605693075e+02
4.664970585937500118e+02,-1.096468546528409007e+02
4.664973515625000005e+02,-9.884491132446856909e+01
4.664976445312499891e+02,-9.548916521009422809e+01
4.664979375000000346e+02,-1.010639137522803992e+02
4.664982304687500232e+02,-9.761914845851271139e+01
4.664985234375000118e+02,-9.529356696211894473e+01
4.664988164062500005e+02,-1.023694501495899232e+02
4.664991093749999891e+02,-1.044757099240621585e+02
4.664994023437500346e+02,-1.001538392341482790e+02
4.664996953125000232e+02,-9.957949429459473834e+01
4.664999882812500118e+02,-9.754025630984395434e+01
4.665002812500000005e+02,-1.116625143684519941e+02
4.665005742187499891e+02,-1.001529797718897186e+02
4.665008671875000346e+02,-1.050273698863562970e+02
4.665011601562500232e+02,-9.972784280156614045e+01
4.665014531250000118e+02,-9.524012327805992584e+01
4.665017460937500005e+02,-9.501174137849221779e+01
4.665020390624999891e+02,-9.839183983649212450e+01
4.665023320312500346e+02,-1.014856555701153553e+02
4.665026250000000232e+02,-9.895047697059958125e+01
4.665029179687500118e+02,-1.029377214574716390e+02
4.665032109375000005e+02,-1.034864680780904962e+02
4.665035039062499891e+02,-1.078344303528473915e+02
4.665037968750000346e+02,-1.024187702323833093e+02
4.665040898437500232e+02,-1.055366322528887508e+02
4.665043828125000118e+02,-1.009955175235366482e+02
4.665046757812500005e+02,-9.900851109278687545e+01
4.665049687499999891e+02,-1.148965330501852975e+02
4.665052617187500346e+02,-1.046239811218626699e+02
4.665055546875000232e+02,-9.691251603197554232e+01
4.665058476562500118e+02,-9.587643699793551377e+01
4.665061406250000005e+02,-9.440103626398513370e+01
4.665064335937499891e+02,-1.024805340499242590e+02
4.665067265625000346e+02,-1.044112720201945308e+02
4.665070195312500232e+02,-9.495468434688996240e+01
4.665073125000000118e+02,-9.766558286334942807e+01
4.665076054687500005e+02,-1.045209678124040664e+02
4.665078984374999891e+02,-1.022415269732249214e+02
4.665081914062500346e+02,-1.050269257244622167e+02
4.665084843750000232e+02,-1.007896759138792788e+02
4.665087773437500118e+02,-9.963285512189484905e+01
4.665090703125000005e+02,-9.991493394031685682e+01
4.665093632812499891e+02,-1.044373131762814779e+02
4.665096562500000346e+02,-1.038263790329145451e+02
4.665099492187500232e+02,-1.029062390157025675e+02
4.665102421875000118e+02,-9.839039762386184407e+01
4.665105351562500005e+02,-9.665305596898038232e+01
4.665108281249999891e+02,-9.742652597467437658e+01
4.665111210937500346e+02,-9.999633630212781554e+01
4.665114140625000232e+02,-9.593369587964572531e+01
4.665117070312500118e+02,-9.783882244097927128e+01
4.665120000000000005e+02,-9.582563792841884265e+01
4.665122929687499891e+02,-9.621557437025293780e+01
4.665125859375000346e+02,-1.083405879300047303e+02
4.665128789062500232e+02,-1.071261321762071219e+02
4.665131718750000118e+02,-1.034443032148121944e+02
4.665134648437500005e+02,-1.007784841516388354e+02
4.665137578124999891e+02,-1.028644823973196480e+02
4.665140507812500346e+02,-1.035160845437786605e+02
4.665143437500000232e+02,-1.049292679696307857e+02
4.665146367187500118e+02,-9.873951900504360424e+01
4.665149296875000005e+02,-9.641573511302043187e+01
4.665152226562499891e+02,-9.781860509998354303e+01
4.665155156250000346e+02,-9.864989345236699592e+01
4.665158085937500232e+02,-9.940077028955217031e+01
4.665161015625000118e+02,-9.649714912004084510e+01
4.665163945312500005e+02,-1.009686448365371092e+02
4.665166874999999891e+02,-1.023716310744553795e+02
4.665169804687500346e+02,-9.914887736816034192e+01
4.665172734375000232e+02,-9.690447100670438374e+01
4.665175664062500118e+02,-9.862821098368051764e+01
4.665178593750000005e+02,-1.062418719129063192e+02
4.665181523437499891e+02,-1.040257929920580438e+02
4.665184453125000346e+02,-1.072740007044389898e+02
4.665187382812500232e+02,-1.033401397906242067e+02
4.665190312500000118e+02,-1.010632295895732682e+02
4.665193242187500005e+02,-1.012170511408637594e+02
4.665196171874999891e+02,-1.013491909444767032e+02
4.665199101562500346e+02,-1.003240843127718875e+02
4.665202031250000232e+02,-9.365412926488252765e+01
4.665204960937500118e+02,-9.946747998609265551e+01
4.665207890625000005e+02,-9.857219498714545125e+01
4.665210820312499891e+02,-9.416385776792182583e+01
4.665213750000000346e+02,-9.726587240648115085e+01
4.665216679687500232e+02,-1.051746172910493442e+02
4.665219609375000118e+02,-9.545692788345617430e+01
4.665222539062500005e+02,-9.851142745601080719e+01
4.665225468749999891e+02,-1.018422359853694701e+02
4.665228398437500346e+02,-1.050166093574762272e+02
4.665231328125000232e+02,-9.778375991750883145e+01
4.665234257812500118e+02,-9.466410410128744957e+01
4.665237187500000005e+02,-9.837161178957137508e+01
4.665240117187499891e+02,-1.011411046886797465e+02
4.665243046875000346e+02,-1.020468335128217063e+02
4.665245976562500232e+02,-9.697921333440069702e+01
4.665248906250000118e+02,-9.994251784199896349e+01
4.665251835937500005e+02,-1.061174562165734017e+02
4.665254765624999891e+02,-9.752944392745361313e+01
4.665257695312500346e+02,-1.034761981006280394e+02
4.665260625000000232e+02,-9.800609076998981095e+01
4.665263554687500118e+02,-1.033120938061984759e+02
4.665266484375000005e+02,-9.999541330811555895e+01
4.665269414062499891e+02,-1.066994884816371325e+02
4.665272343750000346e+02,-9.583094493727669771e+01
4.665275273437500232e+02,-9.815595291387212740e+01
4.665278203125000118e+02,-1.089872940718448149e+02
4.665281132812500005e+02,-1.033987252846535512e+02
4.665284062499999891e+02,-1.014138375634221489e+02
4.665286992187500346e+02,-9.659233266516741878e+01
4.665289921875000232e+02,-1.002152049215581684e+02
4.665292851562500118e+02,-1.007355744322955360e+02
4.665295781250000005e+02,-1.003606002917232018e+02
4.665298710937499891e+02,-1.048928709772594630e+02
4.665301640625000346e+02,-1.030799962763728104e+02
4.665304570312500232e+02,-1.011507733786861820e+02
4.665307500000000118e+02,-9.624463036899749113e+01
4.665310429687500005e+02,-1.025628020962164726e+02
4.665313359374999891e+02,-1.002158775378458984e+02
4.665316289062500346e+02,-1.114600922022400908e+02
4.665319218750000232e+02,-1.001031626679132671e+02
4.665322148437500118e+02,-1.043423876726312471e+02
4.665325078125000005e+02,-9.921472722077588458e+01
4.665328007812499891e+02,-9.464047552182498180e+01
4.665330937500000346e+02,-9.232044785235720497e+01
4.665333867187500232e+02,-9.576104069468607349e+01
4.665336796875000118e+02,-1.006352619300706124e+02
4.665339726562500005e+02,-1.010187293774343829e+02
4.665342656249999891e+02,-1.001831841067252782e+02
4.665345585937500346e+02,-1.004504766013512267e+02
4.665348515625000232e+02,-9.797930465728931892e+01
4.665351445312500118e+02,-9.521524454651930114e+01
4.665354375000000005e+02,-9.748857921673680949e+01
4.665357304687499891e+02,-9.534005116338548191e+01
4.665360234375000346e+02,-1.012204268759183492e+02
4.665363164062500232e+02,-9.577779168386898334e+01
4.665366093750000118e+02,-1.003405896058844178e+02
4.665369023437500005e+02,-1.110858928403896186e+02
4.665371953124999891e+02,-9.983124248202463491e+01
4.665374882812500346e+02,-1.041974284990183719e+02
4.665377812500000232e+02,-1.116563667228132886e+02
4.665380742187500118e+02,-1.202071717454656010e+02
4.665383671875000005e+02,-1.098349310375293157e+02
4.665386601562499891e+02,-9.710848264915271955e+01
4.665389531250000346e+02,-1.020167556070964565e+02
4.665392460937500232e+02,-1.100604678698686030e+02
4.665395390625000118e+02,-9.684292964416837890e+01
4.665398320312500005e+02,-9.666464363689075867e+01
4.665401249999999891e+02,-9.399006054139745459e+01
4.665404179687500346e+02,-1.012264492543451695e+02
4.665407109375000232e+02,-9.558145452760678040e+01
4.665410039062500118e+02,-9.311376763688913627e+01
4.665412968750000005e+02,-9.495254949674141187e+01
4.665415898437499891e+02,-1.025546079660321368e+02
4.665418828125000346e+02,-1.157130589891875161e+02
4.665421757812500232e+02,-9.335413382366654389e+01
4.665424687500000118e+02,-9.367856351925992442e+01
4.665427617187500005e+02,-1.019725892231075761e+02
4.665430546874999891e+02,-1.027769874215505297e+02
4.665433476562500346e+02,-9.927683927849759016e+01
4.665436406250000232e+02,-9.876014495545302907e+01
4.665439335937500118e+02,-9.548041839361802374e+01
4.665442265625000005e+02,-1.033326184101303511e+02
4.665445195312499891e+02,-1.103694579528738160e+02
4.665448125000000346e+02,-1.105044933556795002e+02
4.665451054687500232e+02,-1.039871360007783210e+02
4.665453984375000118e+02,-1.061818945427195047e+02
4.665456914062500005e+02,-1.035237940672533909e+02
4.665459843749999891e+02,-9.789075224001068420e+01
4.665462773437500346e+02,-9.416254146867380825e+01
4.665465703125000232e+02,-1.001440315068135334e+02
4.665468632812500118e+02,-1.008895118281988488e+02
4.665471562500000005e+02,-9.581853205990951494e+01
4.665474492187499891e+02,-9.943071597419903185e+01
4.665477421875000346e+02,-9.664173478299183273e+01
4.665480351562500232e+02,-9.605414412487581899e+01
4.665483281250000118e+02,-9.778417173985651800e+01
4.665486210937500005e+02,-1.055326216123306438e+02
4.665489140624999891e+02,-1.081082303028263283e+02
4.665492070312500346e+02,-1.074460111341163611e+02
4.665495000000000232e+02,-9.793925362395145839e+01
4.665497929687500118e+02,-9.584789434349644921e+01
4.665500859375000005e+02,-9.430997525040977791e+01
4.665503789062499891e+02,-1.096759169866450634e+02
4.665506718750000346e+02,-1.059460967319964055e+02
4.665509648437500232e+02,-1.041759752066991211e+02
4.665512578125000118e+02,-1.019929156850403587e+02
4.665515507812500005e+02,-1.116873793699800643e+02
4.665518437499999891e+02,-9.899339370976001362e+01
4.665521367187500346e+02,-1.018255869518610552e+02
4.665524296875000232e+02,-1.008624774163146469e+02
4.665527226562500118e+02,-9.462668237432785645e+01
4.665530156250000005e+02,-1.063122929531326122e+02
4.665533085937499891e+02,-1.052975608710686970e+02
4.665536015625000346e+02,-9.827175793371742429e+01
4.665538945312500232e+02,-9.798857223080423751e+01
4.665541875000000118e+02,-9.382527441683122049e+01
4.665544804687500005e+02,-9.690104092712661554e+01
4.665547734374999891e+02,-1.071483333904229482e+02
4.665550664062500346e+02,-1.021393925755695307e+02
4.665553593750000232e+02,-9.709174574738140961e+01
4.665556523437500118e+02,-1.087891382712165012e+02
4.665559453125000005e+02,-1.016002566629588841e+02
4.665562382812499891e+02,-1.027330685363747591e+02
4.665565312500000346e+02,-1.001878606074262024e+02
4.665568242187500232e+02,-1.096658125868802216e+02
4.665571171875000118e+02,-1.048380354470714053e+02
4.665574101562500005e+02,-1.023717144333653266e+02
4.665577031249999891e+02,-1.058872566576210517e+02
4.665579960937500346e+02,-9.667184385603573560e+01
4.665582890625000232e+02,-1.021346723424583303e+02
4.665585820312500118e+02,-1.026504873520792387e+02
4.665588750000000005e+02,-1.091332445525851682e+02
4.665591679687499891e+02,-9.875449495590203242e+01
4.665594609375000346e+02,-9.705330740504899723e+01
4.665597539062500232e+02,-9.346178807404766076e+01
4.665600468750000118e+02,-9.910520039824581318e+01
4.665603398437500005e+02,-1.071081358404949526e+02
4.665606328124999891e+02,-1.025161650499281052e+02
4.665609257812500346e+02,-9.710014372224313206e+01
4.665612187500000232e+02,-9.761514157379724566e+01
4.665615117187500118e+02,-1.004220621013073469e+02
4.665618046875000005e+02,-1.012507025005957644e+02
4.665620976562499891e+02,-9.252611912210655021e+01
4.665623906250000346e+02,-9.562164617279205459e+01
4.665626835937500232e+02,-1.045383097319260628e+02
4.665629765625000118e+02,-9.864569758842550584e+01
4.665632695312500005e+02,-9.677582821782023359e+01
4.665635624999999891e+02,-9.426653761725984282e+01
4.665638554687500346e+02,-9.445190686440497529e+01
4.665641484375000232e+02,-9.680158998056867858e+01
4.665644414062500118e+02,-9.251141775963965586e+01
4.665647343750000005e+02,-1.002552080629170916e+02
4.665650273437499891e+02,-1.091766297636791023e+02
4.665653203125000346e+02,-9.959256774374054544e+01
4.665656132812500232e+02,-9.771930299348576909e+01
4.665659062500000118e+02,-1.015687475563977671e+02
4.665661992187500005e+02,-1.007290070759566163e+02
4.665664921874999891e+02,-9.914496222000686032e+01
4.665667851562500346e+02,-9.331907184437982039e+01
4.665670781250000232e+02,-9.794633674107819843e+01
4.665673710937500118e+02,-9.718593257358064363e+01
4.665676640625000005e+02,-9.460169539857226084e+01
4.665679570312499891e+02,-9.519599959659485933e+01
4.665682500000000346e+02,-1.035635850863675671e+02
4.665685429687500232e+02,-1.018509755792698286e+02
4.665688359375000118e+02,-9.995743996210481441e+01
4.665691289062500005e+02,-9.701099065703793656e+01
4.665694218749999891e+02,-9.698373353696801757e+01
4.665697148437500346e+02,-1.021576581273636606e+02
4.665700078125000232e+02,-1.041924826247804674e+02
4.665703007812500118e+02,-1.087238776015394421e+02
4.665705937500000005e+02,-1.026546954539759327e+02
4.665708867187499891e+02,-1.013342532832594429e+02
4.665711796875000346e+02,-1.041559054605295103e+02
4.665714726562500232e+02,-9.450633178073269391e+01
4.665717656250000118e+02,-9.636103287213387603e+01
4.665720585937500005e+02,-9.433234307448614686e+01
4.665723515624999891e+02,-1.004297080425981505e+02
4.665726445312500346e+02,-9.527566330063974931e+01
4.665729375000000232e+02,-1.022414197495110102e+02
4.665732304687500118e+02,-1.075552973854230743e+02
4.665735234375000005e+02,-1.077042295339958571e+02
4.665738164062499891e+02,-1.031766931639147344e+02
4.665741093750000346e+02,-1.083058664113670488e+02
4.665744023437500232e+02,-1.028397376979518327e+02
4.665746953125000118e+02,-9.481734519903483260e+01
4.665749882812500005e+02,-9.205646875297544796e+01
4.665752812499999891e+02,-9.291475815418984041e+01
4.665755742187500346e+02,-1.047474549574968421e+02
4.665758671875000232e+02,-1.011178790555616871e+02
4.665761601562500118e+02,-1.003620879968883628e+02
4.665764531250000005e+02,-1.091136357932280987e+02
4.665767460937499891e+02,-1.009027123670135495e+02
4.665770390625000346e+02,-9.520658995691314885e+01
4.665773320312500232e+02,-9.882849792398921807e+01
4.665776250000000118e+02,-9.649315872026480179e+01
4.665779179687500005e+02,-1.071871240164397250e+02
4.665782109374999891e+02,-9.964069081225252944e+01
4.665785039062500346e+02,-9.962764919832292776e+01
4.665787968750000232e+02,-9.751665760940693417e+01
4.665790898437500118e+02,-9.959476116986436978e+01
4.665793828125000005e+02,-9.269480771977805489e+01
4.665796757812499891e+02,-9.764136151103281236e+01
4.665799687500000346e+02,-1.059924623495861624e+02
4.665802617187500232e+02,-1.116418439281780763e+02
4.665805546875000118e+02,-9.633223690387825400e+01
4.665808476562500005e+02,-9.372152398402739948e+01
4.665811406249999891e+02,-9.884552337302970670e+01
4.665814335937500346e+02,-1.000468036221752754e+02
4.665817265625000232e+02,-9.841143858128558009e+01
4.665820195312500118e+02,-1.036802174891196557e+02
4.665823125000000005e+02,-1.102168313043148089e+02
4.665826054687499891e+02,-9.678209702488436506e+01
4.665828984375000346e+02,-9.420539845201163587e+01
4.665831914062500232e+02,-9.231984234472513151e+01
4.665834843750000118e+02,-9.704738472787006742e+01
4.665837773437500005e+02,-1.002252939948549795e+02
4.665840703124999891e+02,-9.732627491456811697e+01
4.665843632812500346e+02,-9.512327193012890802e+01
4.665846562500000232e+02,-9.808593699661767573e+01
4.665849492187500118e+02,-1.010009508097957394e+02
4.665852421875000005e+02,-9.811616403059491631e+01
4.665855351562499891e+02,-9.756096743408845384e+01
4.665858281250000346e+02,-9.952223389973548251e+01
4.665861210937500232e+02,-1.006508776375117833e+02
4.665864140625000118e+02,-1.042093760319732354e+02
4.665867070312500005e+02,-1.009739939292740303e+02
4.665869999999999891e+02,-9.505448489005168256e+01
4.665872929687500346e+02,-1.010149409685935353e+02
4.665875859375000232e+02,-1.022057154949104927e+02
4.665878789062500118e+02,-1.002472474112889103e+02
4.665881718750000005e+02,-9.920845000401959624e+01
4.665884648437499891e+02,-1.016075142453375690e+02
4.665887578125000346e+02,-9.697640967389560274e+01
4.665890507812500232e+02,-9.325908321707896675e+01
4.665893437500000118e+02,-9.016565782217128344e+01
4.665896367187500005e+02,-9.329035563706538881e+01
4.665899296874999891e+02,-9.961317477856907487e+01
4.665902226562500346e+02,-1.020613464787955138e+02
4.665905156250000232e+02,-9.738909740185494002e+01
4.665908085937500118e+02,-9.783009308922601122e+01
4.665911015625000005e+02,-1.091848676602974422e+02
4.665913945312499891e+02,-9.931628696625014641e+01
4.665916875000000346e+02,-1.062897762394392345e+02
4.665919804687500232e+02,-9.907101813484808872e+01
4.665922734375000118e+02,-9.560941369451995797e+01
4.665925664062500005e+02,-1.024269095931424829e+02
4.665928593749999891e+02,-1.007569890590351349e+02
4.665931523437500346e+02,-9.797322502388345811e+01
4.665934453125000232e+02,-1.008646683588781912e+02
4.665937382812500118e+02,-9.681800820205509694e+01
4.665940312500000005e+02,-9.808293110332326137e+01
4.665943242187499891e+02,-9.570062853664589397e+01
4.665946171875000346e+02,-9.734828829488650115e+01
4.665949101562500232e+02,-1.037335164474896629e+02
4.665952031250000118e+02,-1.031371780638615974e+02
4.665954960937500005e+02,-9.982992181077531768e+01
4.665957890624999891e+02,-9.541967818067716678e+01
4.665960820312500346e+02,-9.545672427418077177e+01
4.665963750000000232e+02,-9.686213164349734939e+01
4.665966679687500118e+02,-9.328938576032187768e+01
4.665969609375000005e+02,-1.009029998175865472e+02
4.665972539062499891e+02,-1.053336528828663461e+02
4.665975468750000346e+02,-1.055712429816815359e+02
4.665978398437500232e+02,-9.731411733235574957e+01
4.665981328125000118e+02,-9.842696136647751359e+01
4.665984257812500005e+02,-9.967850621156004820e+01
4.665987187499999891e+02,-9.506121665242127960e+01
4.665990117187500346e+02,-9.611610088951934472e+01
4.665993046875000232e+02,-9.355202420743626135e+01
4.665995976562500118e+02,-9.093546183029022245e+01
4.665998906250000005e+02,-9.389112066882486829e+01
4.666001835937499891e+02,-9.712812786599985770e+01
4.666004765625000346e+02,-9.725179822296973953e+01
4.666007695312500232e+02,-1.032732595972366880e+02
4.666010625000000118e+02,-9.439032200722378718e+01
4.666013554687500005e+02,-9.329036556751862008e+01
4.666016484374999891e+02,-9.330580582129762490e+01
4.666019414062500346e+02,-9.759994500145378993e+01
4.666022343750000232e+02,-1.039642074264931040e+02
4.666025273437500118e+02,-9.771007274664572151e+01
4.666028203125000005e+02,-9.590783702078530837e+01
4.666031132812499891e+02,-1.034136215439757507e+02
4.666034062500000346e+02,-1.016762269131021128e+02
4.666036992187500232e+02,-9.377758092387222177e+01
4.666039921875000118e+02,-9.437436917527671199e+01
4.666042851562500005e+02,-9.470603859320374340e+01
4.666045781249999891e+02,-9.271344959920060091e+01
4.666048710937500346e+02,-9.407999367337664864e+01
4.666051640625000232e+02,-9.124153483564879252e+01
4.666054570312500118e+02,-9.225503860363019726e+01
4.666057500000000005e+02,-9.912260968763000335e+01
4.666060429687499891e+02,-9.483199415123851850e+01
4.666063359375000346e+02,-9.248024839676409670e+01
4.666066289062500232e+02,-9.710038624327117418e+01
4.666069218750000118e+02,-9.635132953096757547e+01
4.666072148437500005e+02,-9.532079361490026770e+01
4.666075078124999891e+02,-9.524835914922265090e+01
4.666078007812500346e+02,-1.025608290178523134e+02
4.666080937500000232e+02,-9.327622728001237817e+01
4.666083867187500118e+02,-9.244806231138758790e+01
4.666086796875000005e+02,-1.027286071311493174e+02
4.666089726562499891e+02,-9.672712390889186906e+01
4.666092656250000346e+02,-1.013461465498034073e+02
4.666095585937500232e+02,-9.810543050461369319e+01
4.666098515625000118e+02,-9.752785748729729676e+01
4.666101445312500005e+02,-9.467143563653584692e+01
4.666104374999999891e+02,-9.284028910793230693e+01
4.666107304687500346e+02,-9.309968354427988402e+01
4.666110234375000232e+02,-9.741283280434609537e+01
4.666113164062500118e+02,-9.737085159305364357e+01
4.666116093750000005e+02,-9.514697911930211660e+01
4.666119023437499891e+02,-1.007888202660410286e+02
4.666121953125000346e+02,-9.218845258832115519e+01
4.666124882812500232e+02,-9.433286243037997565e+01
4.666127812500000118e+02,-9.236555167312292269e+01
4.666130742187500005e+02,-9.509833278763146325e+01
4.666133671874999891e+02,-9.699172248558646459e+01
4.666136601562500346e+02,-9.811292876212652914e+01
4.666139531250000232e+02,-1.075232575685132730e+02
4.666142460937500118e+02,-9.604883452820699574e+01
4.666145390625000005e+02,-9.281995432074609198e+01
4.666148320312499891e+02,-9.754614249604934173e+01
4.666151250000000346e+02,-1.020116552841572002e+02
4.666154179687500232e+02,-1.157244820487968298e+02
4.666157109375000118e+02,-1.035304054498769801e+02
4.666160039062500005e+02,-9.159959561196464506e+01
4.666162968749999891e+02,-9.125471222712305064e+01
4.666165898437500346e+02,-9.774151202251248094e+01
4.666168828125000232e+02,-9.843868780438236854e+01
4.666171757812500118e+02,-9.976558947443322722e+01
4.666174687500000005e+02,-1.017444687209018355e+02
4.666177617187499891e+02,-1.024055345903974512e+02
4.666180546875000346e+02,-9.348167806533616897e+01
4.666183476562500232e+02,-9.408810341411293621e+01
4.666186406250000118e+02,-9.473902200050518729e+01
4.666189335937500005e+02,-9.304239131975955956e+01
4.666192265624999891e+02,-9.436266803358881816e+01
4.666195195312500346e+02,-1.071505257468471370e+02
4.666198125000000232e+02,-1.003706899840228459e+02
4.666201054687500118e+02,-1.090873394203702276e+02
4.666203984375000005e+02,-1.000172167979895050e+02
4.666206914062499891e+02,-9.293746984726266192e+01
4.666209843750000346e+02,-9.264295746473187876e+01
4.666212773437500232e+02,-9.899935646087128305e+01
4.666215703125000118e+02,-9.703458829816176490e+01
4.666218632812500005e+02,-1.001025103110723933e+02
4.666221562499999891e+02,-1.035672570116430933e+02
4.666224492187500346e+02,-1.048791879052283207e+02
4.666227421875000232e+02,-1.059863480537977694e+02
4.666230351562500118e+02,-9.660994350591174396e+01
4.666233281250000005e+02,-9.770401213107098215e+01
4.666236210937499891e+02,-1.053550432203779792e+02
4.666239140625000346e+02,-9.841403466676239020e+01
4.666242070312500232e+02,-9.568976783035148515e+01
4.666245000000000118e+02,-1.033578622739934474e+02
4.666247929687500005e+02,-1.004399918286934223e+02
4.666250859374999891e+02,-1.065869753778926281e+02
4.666253789062500346e+02,-9.838494337065812090e+01
4.666256718750000232e+02,-9.779132128817340686e+01
4.666259648437500118e+02,-9.494100904270325714e+01
4.666262578125000005e+02,-9.117087226723946003e+01
4.666265507812499891e+02,-9.899369010258639889e+01
4.666268437500000346e+02,-9.162526280401998235e+01
4.666271367187500232e+02,-9.770766603935319949e+01
4.666274296875000118e+02,-9.827009758645010606e+01
4.666277226562500005e+02,-9.407274057699200398e+01
4.666280156249999891e+02,-9.557887650877776764e+01
4.666283085937500346e+02,-1.057947160678808984e+02
4.666286015625000232e+02,-9.537673860703110051e+01
4.666288945312500118e+02,-9.456576855781878521e+01
4.666291875000000005e+02,-9.833781776241112027e+01
4.666294804687499891e+02,-1.008101553679735787e+02
4.666297734375000346e+02,-1.064017841349572393e+02
4.666300664062500232e+02,-9.407806398805975334e+01
4.666303593750000118e+02,-9.638160902546827913e+01
4.666306523437500005e+02,-9.670780153937681689e+01
4.666309453124999891e+02,-1.111787917803414132e+02
4.666312382812500346e+02,-1.023466990844565458e+02
4.666315312500000232e+02,-9.556840421231258631e+01
4.666318242187500118e+02,-9.834756492991949983e+01
4.666321171875000005e+02,-9.257816065831906371e+01
4.666324101562499891e+02,-1.006382125620224031e+02
4.666327031250000346e+02,-9.837263945094326800e+01
4.666329960937500232e+02,-1.021836516054698905e+02
4.666332890625000118e+02,-1.044241685566690876e+02
4.666335820312500005e+02,-1.072813655752433419e+02
4.666338749999999891e+02,-1.009050406810978728e+02
4.666341679687500346e+02,-1.000399399203274697e+02
4.666344609375000232e+02,-1.022693768937892855e+02
4.666347539062500118e+02,-1.109567267484342068e+02
4.666350468750000005e+02,-9.341387789955851417e+01
4.666353398437499891e+02,-9.583540282571073021e+01
4.666356328125000346e+02,-9.870578687998475687e+01
4.666359257812500232e+02,-1.014384623077657324e+02
4.666362187500000118e+02,-9.900409907609540028e+01
4.666365117187500005e+02,-9.427269469146180825e+01
4.666368046874999891e+02,-1.012333354896156692e+02
4.666370976562500346e+02,-9.802536749951795514e+01
4.666373906250000232e+02,-9.197933590987619823e+01
4.666376835937500118e+02,-9.487627112695528808e+01
4.666379765625000005e+02,-1.062814256597321361e+02
4.666382695312499891e+02,-9.739756065052574741e+01
4.666385625000000346e+02,-9.802267949185385021e+01
4.666388554687500232e+02,-1.002192395993094323e+02
4.666391484375000118e+02,-9.243803925261823906e+01
4.666394414062500005e+02,-9.510826648353580026e+01
4.666397343749999891e+02,-1.025466564895286439e+02
4.666400273437500346e+02,-9.475079823492463049e+01
4.666403203125000232e+02,-9.164844762872269257e+01
4.666406132812500118e+02,-9.181675583750887881e+01
4.666409062500000005e+02,-9.413514327758805678e+01
4.666411992187499891e+02,-9.608760333034780388e+01
4.666414921875000346e+02,-9.563504722038571515e+01
4.666417851562500232e+02,-9.695380746550155493e+01
4.666420781250000118e+02,-9.746584342309557769e+01
4.666423710937500005e+02,-9.978528213889529752e+01
4.666426640624999891e+02,-1.028420785291781527e+02
4.666429570312500346e+02,-9.775096438937328003e+01
4.666432500000000232e+02,-1.013961215835696095e+02
4.666435429687500118e+02,-1.093203245463832900e+02
4.666438359375000005e+02,-1.125461215527958956e+02
4.666441289062499891e+02,-9.606014642545062543e+01
4.666444218750000346e+02,-9.664269500945724189e+01
4.666447148437500232e+02,-9.631194138910187519e+01
4.666450078125000118e+02,-9.250741859354195640e+01
4.666453007812500005e+02,-9.719155150727145553e+01
4.666455937499999891e+02,-9.446359199326275302e+01
4.666458867187500346e+02,-9.609165060772041045e+01
4.666461796875000232e+02,-9.685989846559240846e+01
4.666464726562500118e+02,-1.002007985448155409e+02
4.666467656250000005e+02,-9.711206634510786273e+01
4.666470585937499891e+02,-9.623413974487712608e+01
4.666473515625000346e+02,-9.493545142147820570e+01
4.666476445312500232e+02,-9.637949632992695115e+01
4.666479375000000118e+02,-9.917962028302561350e+01
4.666482304687500005e+02,-9.431705575135441677e+01
4.666485234374999891e+02,-9.714134528723442941e+01
4.666488164062500346e+02,-9.424963325752982257e+01
4.666491093750000232e+02,-9.504515237828967145e+01
4.666494023437500118e+02,-1.181798309680682593e+02
4.666496953125000005e+02,-9.481715505781620834e+01
4.666499882812499891e+02,-1.010014585801377365e+02
4.666502812500000346e+02,-9.505308061523936658e+01
4.666505742187500232e+02,-9.397345790242067665e+01
4.666508671875000118e+02,-9.079830711007907951e+01
4.666511601562500005e+02,-1.010135121030929781e+02
4.666514531249999891e+02,-1.067003504281225759e+02
4.666517460937500346e+02,-1.025050576083572196e+02
4.666520390625000232e+02,-1.041320489710236217e+02
4.666523320312500118e+02,-9.956061199149712593e+01
4.666526250000000005e+02,-9.398763068428988277e+01
4.666529179687499891e+02,-9.379896488169075042e+01
4.666532109375000346e+02,-9.316277706787963098e+01
4.666535039062500232e+02,-9.715365130161183060e+01
4.666537968750000118e+02,-9.537853573285916298e+01
4.666540898437500005e+02,-1.081572211230559475e+02
4.666543828124999891e+02,-9.138062484838098953e+01
4.666546757812500346e+02,-9.577749598337214820e+01
4.666549687500000232e+02,-1.012480434359060411e+02
4.666552617187500118e+02,-9.654730740690874313e+01
4.666555546875000005e+02,-9.355267532569699540e+01
4.666558476562499891e+02,-9.174530197930968711e+01
4.666561406250000346e+02,-8.998480806837569901e+01
4.666564335937500232e+02,-9.340673646380822959e+01
4.666567265625000118e+02,-1.103005947210503024e+02
4.666570195312500005e+02,-9.897359973359084506e+01
4.666573124999999891e+02,-9.657719128994826008e+01
4.666576054687500346e+02,-9.913636138416833887e+01
4.666578984375000232e+02,-9.508297259937390322e+01
4.666581914062500118e+02,-9.023347907720500416e+01
4.666584843750000005e+02,-9.601122573935036542e+01
4.666587773437499891e+02,-1.017306028109639726e+02
4.666590703125000346e+02,-1.012253288460310330e+02
4.666593632812500232e+02,-9.574200688441788998e+01
4.666596562500000118e+02,-9.108401682210410399e+01
4.666599492187500005e+02,-9.541886282177927114e+01
4.666602421874999891e+02,-1.159588275237750565e+02
4.666605351562500346e+02,-9.730270539250633988e+01
4.666608281250000232e+02,-9.357839399123143664e+01
4.666611210937500118e+02,-9.462882373142066683e+01
4.666614140625000005e+02,-9.589300539674238166e+01
4.666617070312499891e+02,-9.882099258043734835e+01
4.666620000000000346e+02,-9.672011487485966086e+01
4.666622929687500232e+02,-9.388531258174806737e+01
4.666625859375000118e+02,-9.343135513974291939e+01
4.666628789062500005e+02,-1.000193709016136268e+02
4.666631718749999891e+02,-1.045156220206738737e+02
4.666634648437500346e+02,-1.058799818961028336e+02
4.666637578125000232e+02,-1.063073469327123775e+02
4.666640507812500118e+02,-1.024028790275039711e+02
4.666643437500000005e+02,-9.792660110403457452e+01
4.666646367187499891e+02,-9.366365503841704765e+01
4.666649296875000346e+02,-9.282260966392297519e+01
4.666652226562500232e+02,-1.041435576341737033e+02
4.666655156250000118e+02,-1.074580398828733792e+02
4.666658085937500005e+02,-9.947060098983322973e+01
4.666661015624999891e+02,-9.384811020068882215e+01
4.666663945312500346e+02,-1.095132703058939683e+02
4.666666875000000232e+02,-1.009275903512312311e+02
4.666669804687500118e+02,-1.012640578140665752e+02
4.666672734375000005e+02,-9.855991491582651065e+01
4.666675664062499891e+02,-9.509958230664790335e+01
4.666678593750000346e+02,-1.024233083640459228e+02
4.666681523437500232e+02,-9.782439432397393375e+01
4.666684453125000118e+02,-9.600534895368851096e+01
4.666687382812500005e+02,-9.834431380497551345e+01
4.666690312499999891e+02,-9.987353693983249059e+01
4.666693242187500346e+02,-9.830533807853177564e+01
4.666696171875000232e+02,-9.972626805052834698e+01
4.666699101562500118e+02,-1.010886262312735369e+02
4.666702031250000005e+02,-9.939725123110660832e+01
4.666704960937499891e+02,-1.040662643740069200e+02
4.666707890625000346e+02,-9.428900174885873753e+01
4.666710820312500232e+02,-9.119914569710751095e+01
4.666713750000000118e+02,-9.637989639551446430e+01
4.666716679687500005e+02,-1.014619883416497856e+02
4.666719609374999891e+02,-9.825504039007628876e+01
4.666722539062500346e+02,-9.787992500927599338e+01
4.666725468750000232e+02,-9.976779603619624481e+01
4.666728398437500118e+02,-1.001959034034802443e+02
4.666731328125000005e+02,-9.722609299041535280e+01
4.666734257812499891e+02,-1.142193219662201500e+02
4.666737187500000346e+02,-9.683690623199089487e+01
4.666740117187500232e+02,-9.454665268448511029e+01
4.666743046875000118e+02,-9.427819875647011827e+01
4.666745976562500005e+02,-9.347309631676588992e+01
4.666748906249999891e+02,-9.311940365331638247e+01
4.666751835937500346e+02,-1.027519313811381778e+02
4.666754765625000232e+02,-1.006845155944893975e+02
4.666757695312500118e+02,-9.589305774331779730e+01
4.666760625000000005e+02,-9.499419012122116612e+01
4.666763554687499891e+02,-9.349323295273607926e+01
4.666766484375000346e+02,-1.010194189911648550e+02
4.666769414062500232e+02,-9.454693465874073866e+01
4.666772343750000118e+02,-9.757090000464694413e+01
4.666775273437500005e+02,-9.720015442415748907e+01
4.666778203124999891e+02,-9.937192560337174996e+01
4.666781132812500346e+02,-9.683924852326852317e+01
4.666784062500000232e+02,-1.035191008992362356e+02
4.666786992187500118e+02,-1.018694456436803222e+02
4.666789921875000005e+02,-1.046565924465875952e+02
4.666792851562499891e+02,-1.201560095848932406e+02
4.666795781250000346e+02,-9.468561976761583310e+01
4.666798710937500232e+02,-9.579525966508911949e+01
4.666801640625000118e+02,-1.060981017781671909e+02
4.666804570312500005e+02,-9.796049059253370217e+01
4.666807499999999891e+02,-1.021648060108420708e+02
4.666810429687500346e+02,-1.023138231821328503e+02
4.666813359375000232e+02,-9.833381371423988071e+01
4.666816289062500118e+02,-9.402331563278478654e+01
4.666819218750000005e+02,-9.828112410877160698e+01
4.666822148437499891e+02,-1.023689735665295899e+02
4.666825078125000346e+02,-1.057251821936064289e+02
4.666828007812500232e+02,-1.013054269725904675e+02
4.666830937500000118e+02,-9.706000965364285094e+01
4.666833867187500005e+02,-9.661641517730106443e+01
4.666836796874999891e+02,-9.770197740684051269e+01
4.666839726562500346e+02,-9.484784250121813898e+01
4.666842656250000232e+02,-9.591081665192932348e+01
4.666845585937500118e+02,-9.263757772846375360e+01
4.666848515625000005e+02,-9.446680328316831776e+01
4.666851445312499891e+02,-1.010744874991836184e+02
4.666854375000000346e+02,-9.816452206468250097e+01
4.666857304687500232e+02,-1.136383350884790104e+02
4.666860234375000118e+02,-9.665606018153323475e+01
4.666863164062500005e+02,-9.764974904395748467e+01
4.666866093749999891e+02,-9.474528813964725771e+01
4.666869023437500346e+02,-1.092509292274754529e+02
4.666871953125000232e+02,-1.005951182885413431e+02
4.666874882812500118e+02,-9.654971145799652277e+01
4.666877812500000005e+02,-1.028365585018324282e+02
4.666880742187499891e+02,-1.089354905359687820e+02
4.666883671875000346e+02,-1.074705813566912269e+02
4.666886601562500232e+02,-9.418503513482414746e+01
4.666889531250000118e+02,-9.961038487945118902e+01
4.666892460937500005e+02,-1.060572493369294023e+02
4.666895390624999891e+02,-9.669116503795987683e+01
4.666898320312500346e+02,-9.280673733566892736e+01
4.666901250000000232e+02,-9.467543020963984191e+01
4.666904179687500118e+02,-9.893140434387517246e+01
4.666907109375000005e+02,-9.565061204915377857e+01
4.666910039062499891e+02,-9.585920988441594659e+01
4.666912968750000346e+02,-9.921588581733743695e+01
4.666915898437500232e+02,-9.518433822698339952e+01
4.666918828125000118e+02,-9.066438068390355909e+01
4.666921757812500005e+02,-9.835841159625371688e+01
4.666924687499999891e+02,-9.881081203403496716e+01
4.666927617187500346e+02,-1.025286560076783644e+02
4.666930546875000232e+02,-9.376202041633223416e+01
4.666933476562500118e+02,-9.877942352042181540e+01
4.666936406250000005e+02,-1.000968965048826789e+02
4.666939335937499891e+02,-1.013045130589423906e+02
4.666942265625000346e+02,-1.059454687657884620e+02
4.666945195312500232e+02,-1.008696280962496132e+02
4.666948125000000118e+02,-1.008528483807317571e+02
4.666951054687500005e+02,-9.676018867673880663e+01
4.666953984374999891e+02,-9.199522803830666362e+01
4.666956914062500346e+02,-9.411538255364857264e+01
4.666959843750000232e+02,-9.723697196126182973e+01
4.666962773437500118e+02,-1.004537107933151390e+02
4.666965703125000005e+02,-9.714513839490167868e+01
4.666968632812499891e+02,-9.202613531006547021e+01
4.666971562500000346e+02,-9.656003454583637335e+01
4.666974492187500232e+02,-1.118980809181610709e+02
4.666977421875000118e+02,-1.027103489661441245e+02
4.666980351562500005e+02,-1.041374317417704560e+02
4.666983281249999891e+02,-9.975963070538200839e+01
4.666986210937500346e+02,-1.002662732905407239e+02
4.666989140625000232e+02,-1.059979231880366655e+02
4.666992070312500118e+02,-9.895433829494672295e+01
4.666995000000000005e+02,-1.067472553585497224e+02
4.666997929687499891e+02,-1.001495112315760991e+02
4.667000859375000346e+02,-9.607374985772132447e+01
4.667003789062500232e+02,-9.218206036638846967e+01
4.667006718750000118e+02,-9.777058829445216759e+01
4.667009648437500005e+02,-1.064665327763894709e+02
4.667012578124999891e+02,-9.312320110918754779e+01
4.667015507812500346e+02,-9.612102465509869376e+01
4.667018437500000232e+02,-9.695269824024988736e+01
4.667021367187500118e+02,-9.281961809871717151e+01
4.667024296875000005e+02,-1.071817902699088734e+02
4.667027226562499891e+02,-9.268331803655563306e+01
4.667030156250000346e+02,-9.150711009727547207e+01
4.667033085937500232e+02,-1.055850889811804052e+02
4.667036015625000118e+02,-9.525428267694377382e+01
4.667038945312500005e+02,-1.158247889614893325e+02
4.667041874999999891e+02,-1.048971089401404697e+02
4.667044804687500346e+02,-9.265431467818018518e+01
4.667047734375000232e+02,-9.736278262464098532e+01
4.667050664062500118e+02,-1.058209083691411649e+02
4.667053593750000005e+02,-9.447244654181221790e+01
4.667056523437499891e+02,-9.210140994924876168e+01
4.667059453125000346e+02,-9.927181804679838706e+01
4.667062382812500232e+02,-9.905876214124478452e+01
4.667065312500000118e+02,-1.180321693497014905e+02
4.667068242187500005e+02,-9.609075830709051047e+01
4.667071171874999891e+02,-1.014626869609122650e+02
4.667074101562500346e+02,-9.324637191457293284e+01
4.667077031250000232e+02,-9.315042453682936241e+01
4.667079960937500118e+02,-1.019534820159237967e+02
4.667082890625000005e+02,-1.097357142354696578e+02
4.667085820312499891e+02,-1.010491837847963836e+02
4.667088750000000346e+02,-9.997173831391557997e+01
4.667091679687500232e+02,-9.462376652851092729e+01
4.667094609375000118e+02,-9.297670761461003508e+01
4.667097539062500005e+02,-9.229486486918543164e+01
4.667100468749999891e+02,-9.392974056523544846e+01
4.667103398437500346e+02,-9.158056466289211528e+01
4.667106328125000232e+02,-8.991551531423968413e+01
4.667109257812500118e+02,-9.259928063654457731e+01
4.667112187500000005e+02,-1.041712518433035370e+02
4.667115117187499891e+02,-9.433731452133389439e+01
4.667118046875000346e+02,-9.242638547630400581e+01
4.667120976562500232e+02,-1.016337080610778685e+02
4.667123906250000118e+02,-9.089194344508344159e+01
4.667126835937500005e+02,-9.599287257333259049e+01
4.667129765624999891e+02,-9.652220455315244863e+01
4.667132695312500346e+02,-9.754499962555691184e+01
4.667135625000000232e+02,-9.329706908207477056e+01
4.667138554687500118e+02,-9.416739569420705891e+01
4.667141484375000005e+02,-9.632477755411929365e+01
4.667144414062499891e+02,-1.030146834157453384e+02
4.667147343750000346e+02,-1.012274455230331114e+02
4.667150273437500232e+02,-1.064281943367673477e+02
4.667153203125000118e+02,-1.016518147104960121e+02
4.667156132812500005e+02,-9.342879032947614348e+01
4.667159062499999891e+02,-9.089288665087664754e+01
4.667161992187500346e+02,-9.253588351000956891e+01
4.667164921875000232e+02,-9.344966794451653413e+01
4.667167851562500118e+02,-9.997179855362119838e+01
4.667170781250000005e+02,-1.000143878931024943e+02
4.667173710937499891e+02,-1.032942348055308202e+02
4.667176640625000346e+02,-9.354610753817466673e+01
4.667179570312500232e+02,-9.212772276691006823e+01
4.667182500000000118e+02,-9.806118411179238592e+01
4.667185429687500005e+02,-1.034183728908412689e+02
4.667188359374999891e+02,-9.869987216040149747e+01
4.667191289062500346e+02,-9.814355314207944048e+01
4.667194218750000232e+02,-9.703085560666549725e+01
4.667197148437500118e+02,-9.210865757932620568e+01
4.667200078125000005e+02,-9.534356169109244661e+01
4.667203007812499891e+02,-9.786399385251405647e+01
4.667205937500000346e+02,-9.855727523462982731e+01
4.667208867187500232e+02,-1.001472402729633018e+02
4.667211796875000118e+02,-1.025587948256034849e+02
4.667214726562500005e+02,-9.827744752976548170e+01
4.667217656249999891e+02,-1.013909301414165327e+02
4.667220585937500346e+02,-1.011202909163976926e+02
4.667223515625000232e+02,-1.114972903351022353e+02
4.667226445312500118e+02,-9.131821951156142347e+01
4.667229375000000005e+02,-9.302176680953401444e+01
4.667232304687499891e+02,-9.176304241362016967e+01
4.667235234375000346e+02,-9.263358535184060827e+01
4.667238164062500232e+02,-1.036040637758969751e+02
4.667241093750000118e+02,-9.750618246068626149e+01
4.667244023437500005e+02,-9.939305828731124848e+01
4.667246953124999891e+02,-9.329708592131052569e+01
4.667249882812500346e+02,-1.043333020512270082e+02
4.667252812500000232e+02,-9.514766776250560554e+01
4.667255742187500118e+02,-9.380244572020234273e+01
4.667258671875000005e+02,-1.042005295783698671e+02
4.667261601562499891e+02,-9.911559457893554281e+01
4.667264531250000346e+02,-9.846007056650621792e+01
4.667267460937500232e+02,-1.031262507024719639e+02
4.667270390625000118e+02,-9.397556490361624526e+01
4.667273320312500005e+02,-9.726425900670868430e+01
4.667276249999999891e+02,-1.068857504036714658e+02
4.667279179687500346e+02,-9.370768142208461882e+01
4.667282109375000232e+02,-1.003687067800392185e+02
4.667285039062500118e+02,-9.890101927052576514e+01
4.667287968750000005e+02,-9.727954515642576894e+01
4.667290898437499891e+02,-1.033625415070358997e+02
4.667293828125000346e+02,-1.038047383589230890e+02
4.667296757812500232e+02,-9.949914087200545509e+01
4.667299687500000118e+02,-9.320328096070652180e+01
4.667302617187500005e+02,-9.884912645545864507e+01
4.667305546874999891e+02,-9.306049666011071508e+01
4.667308476562500346e+02,-9.431529637326200088e+01
4.667311406250000232e+02,-9.879643600925119529e+01
4.667314335937500118e+02,-9.099698084388165853e+01
4.667317265625000005e+02,-8.746114603192185655e+01
4.667320195312499891e+02,-9.377567715035594631e+01
4.667323125000000346e+02,-8.956361437470602027e+01
4.667326054687500232e+02,-9.177897635297148327e+01
4.667328984375000118e+02,-9.796909621037991656e+01
4.667331914062500005e+02,-9.929914006769638490e+01
4.667334843749999891e+02,-9.396880333148519071e+01
4.667337773437500346e+02,-9.753056417019273283e+01
4.667340703125000232e+02,-9.220452841274359912e+01
4.667343632812500118e+02,-9.486725320727805411e+01
4.667346562500000005e+02,-9.154792268766033203e+01
4.667349492187499891e+02,-9.454976835173286531e+01
4.667352421875000346e+02,-1.059572324485271224e+02
4.667355351562500232e+02,-9.602523044335660529e+01
4.667358281250000118e+02,-1.025231501195220432e+02
4.667361210937500005e+02,-1.010850357037523679e+02
4.667364140624999891e+02,-9.941071042286444026e+01
4.667367070312500346e+02,-9.520643743911692525e+01
4.667370000000000232e+02,-1.134035837250909537e+02
4.667372929687500118e+02,-9.548683194658318030e+01
4.667375859375000005e+02,-9.299581151134700008e+01
4.667378789062499891e+02,-9.556340262982050149e+01
4.667381718750000346e+02,-1.128697678138534144e+02
4.667384648437500232e+02,-9.839000655823703312e+01
4.667387578125000118e+02,-1.027877906321875514e+02
4.667390507812500005e+02,-9.272868256978549084e+01
4.667393437499999891e+02,-9.953845044978967849e+01
4.667396367187500346e+02,-1.008087640932422175e+02
4.667399296875000232e+02,-9.856682845404505144e+01
4.667402226562500118e+02,-9.848815564882288243e+01
4.667405156250000005e+02,-9.486765309232366405e+01
4.667408085937499891e+02,-1.034138402382609172e+02
4.667411015625000346e+02,-9.515413815267500297e+01
4.667413945312500232e+02,-9.130203995877388934e+01
4.667416875000000118e+02,-1.003854126518759671e+02
4.667419804687500005e+02,-9.862937452412597850e+01
4.667422734374999891e+02,-9.697064378848978095e+01
4.667425664062500346e+02,-9.627593119005071287e+01
4.667428593750000232e+02,-9.743413491947131888e+01
4.667431523437500118e+02,-9.427970474629049136e+01
4.667434453125000005e+02,-9.679481854058468571e+01
4.667437382812499891e+02,-1.022041503221574743e+02
4.667440312500000346e+02,-9.863862772167917115e+01
4.667443242187500232e+02,-9.741907999212975255e+01
4.667446171875000118e+02,-9.774175041054479607e+01
4.667449101562500005e+02,-9.492608805648811199e+01
4.667452031249999891e+02,-9.391086019333455681e+01
4.667454960937500346e+02,-9.695578484800640240e+01
4.667457890625000232e+02,-1.001913648096160472e+02
4.667460820312500118e+02,-9.880251045632161322e+01
4.667463750000000005e+02,-9.781946809647266150e+01
4.667466679687499891e+02,-9.526976149229405166e+01
4.667469609375000346e+02,-9.491165631207579167e+01
4.667472539062500232e+02,-9.455995135035681187e+01
4.667475468750000118e+02,-1.042616124596169982e+02
4.667478398437500005e+02,-1.057444782415988698e+02
4.667481328124999891e+02,-9.387830659086802143e+01
4.667484257812500346e+02,-9.047621287865723616e+01
4.667487187500000232e+02,-9.541177931363655773e+01
4.667490117187500118e+02,-9.560414820698824201e+01
4.667493046875000005e+02,-9.889435231302178408e+01
4.667495976562499891e+02,-9.574402177839820638e+01
4.667498906250000346e+02,-1.005398166479009916e+02
4.667501835937500232e+02,-9.481513713618375050e+01
4.667504765625000118e+02,-9.226260939917851545e+01
4.667507695312500005e+02,-9.802556621831365646e+01
4.667510624999999891e+02,-1.071924954348570225e+02
4.667513554687500346e+02,-9.262466526353186680e+01
4.667516484375000232e+02,-9.409724970711330627e+01
4.667519414062500118e+02,-9.368792504879509409e+01
4.667522343750000005e+02,-9.121126731100382301e+01
4.667525273437499891e+02,-9.061267118318491498e+01
4.667528203125000346e+02,-1.074346916629492057e+02
4.667531132812500232e+02,-8.972207055040200885e+01
4.667534062500000118e+02,-9.023168041208160162e+01
4.667536992187500005e+02,-1.132368961753163461e+02
4.667539921874999891e+02,-9.670667619698176054e+01
4.667542851562500346e+02,-1.014829357007736377e+02
4.667545781250000232e+02,-1.000407553940603265e+02
4.667548710937500118e+02,-9.475566353265554653e+01
4.667551640625000005e+02,-9.926250969179537265e+01
4.667554570312499891e+02,-1.014867627412194651e+02
4.667557500000000346e+02,-9.798663006200561654e+01
4.667560429687500232e+02,-9.788419417280513812e+01
4.667563359375000118e+02,-9.474154430903793411e+01
4.667566289062500005e+02,-8.900860693016193181e+01
4.667569218749999891e+02,-8.742255114630857804e+01
4.667572148437500346e+02,-8.948625871716460267e+01
4.667575078125000232e+02,-9.739464400759216289e+01
4.667578007812500118e+02,-9.158579805498413862e+01
4.667580937500000005e+02,-9.650645742777010128e+01
4.667583867187499891e+02,-9.234941537157845914e+01
4.667586796875000346e+02,-9.283821881505826923e+01
4.667589726562500232e+02,-9.837405724736183288e+01
4.667592656250000118e+02,-9.923353395691935930e+01
4.667595585937500005e+02,-9.935465611122467067e+01
4.667598515624999891e+02,-9.352913421231153279e+01
4.667601445312500346e+02,-9.702791065885963917e+01
4.667604375000000232e+02,-9.649491369754099424e+01
4.667607304687500118e+02,-9.003450017010911210e+01
4.667610234375000005e+02,-9.573991122656055097e+01
4.667613164062499891e+02,-9.425951690814544293e+01
4.667616093750000346e+02,-9.533532117318173960e+01
4.667619023437500232e+02,-9.144118225884342621e+01
4.667621953125000118e+02,-8.798823725293027564e+01
4.667624882812500005e+02,-8.897882566828455708e+01
4.667627812499999891e+02,-9.569085170520573058e+01
4.667630742187500346e+02,-9.763054499596280777e+01
4.667633671875000232e+02,-9.693905156286943736e+01
4.667636601562500118e+02,-9.469098467096711147e+01
4.667639531250000005e+02,-1.044355235253318597e+02
4.667642460937499891e+02,-9.741247430834398813e+01
4.667645390625000346e+02,-9.513552193812471103e+01
4.667648320312500232e+02,-9.278124421380807973e+01
4.667651250000000118e+02,-9.324754659609743612e+01
4.667654179687500005e+02,-1.003118356807105869e+02
4.667657109374999891e+02,-9.125925164157825975e+01
4.667660039062500346e+02,-9.158230425875521519e+01
4.667662968750000232e+02,-1.005890841180351174e+02
4.667665898437500118e+02,-9.863198918988371133e+01
4.667668828125000005e+02,-1.236617636956503645e+02
4.667671757812499891e+02,-9.351509930793011449e+01
4.667674687500000346e+02,-9.257356163130657478e+01
4.667677617187500232e+02,-9.932534149726495798e+01
4.667680546875000118e+02,-1.049173289717825810e+02
4.667683476562500005e+02,-9.529685862694306309e+01
4.667686406249999891e+02,-9.183091250903973446e+01
4.667689335937500346e+02,-9.403172934166053665e+01
4.667692265625000232e+02,-9.325825236399124663e+01
4.667695195312500118e+02,-9.085576210345230663e+01
4.667698125000000005e+02,-8.985981830034612017e+01
4.667701054687499891e+02,-9.024685404680437273e+01
4.667703984375000346e+02,-9.373692559998067964e+01
4.667706914062500232e+02,-9.551862101881950196e+01
4.667709843750000118e+02,-8.908758093682331491e+01
4.667712773437500005e+02,-1.006590188525805161e+02
4.667715703124999891e+02,-9.429893087075534197e+01
4.667718632812500346e+02,-9.033415977826061294e+01
4.667721562500000232e+02,-1.010270834055364872e+02
4.667724492187500118e+02,-9.612766747025055736e+01
4.667727421875000005e+02,-9.318899398955011293e+01
4.667730351562499891e+02,-1.016656700674357694e+02
4.667733281250000346e+02,-1.013852204733886850e+02
4.667736210937500232e+02,-9.697140206953304187e+01
4.667739140625000118e+02,-9.243884326526277562e+01
4.667742070312500005e+02,-9.262486323011538047e+01
4.667744999999999891e+02,-9.804911185401955720e+01
4.667747929687500346e+02,-9.994037760802982007e+01
4.667750859375000232e+02,-1.167582704567749090e+02
4.667753789062500118e+02,-9.280876292527588589e+01
4.667756718750000005e+02,-8.934356038475252149e+01
4.667759648437499891e+02,-9.299942999161183366e+01
4.667762578125000346e+02,-1.010704194119658297e+02
4.667765507812500232e+02,-9.699959804907976491e+01
4.667768437500000118e+02,-9.307823446765294761e+01
4.667771367187500005e+02,-9.632065770693643003e+01
4.667774296874999891e+02,-8.921997788418201480e+01
4.667777226562500346e+02,-8.834283053547846976e+01
4.667780156250000232e+02,-9.351821453327966083e+01
4.667783085937500118e+02,-9.655763262034831484e+01
4.667786015625000005e+02,-9.524722234117865582e+01
4.667788945312499891e+02,-1.000594234531141211e+02
4.667791875000000346e+02,-9.232894717148583652e+01
4.667794804687500232e+02,-9.055748744618236401e+01
4.667797734375000118e+02,-8.763109032463553660e+01
4.667800664062500005e+02,-8.698341203158724966e+01
4.667803593749999891e+02,-9.415754658884644357e+01
4.667806523437500346e+02,-1.030628556101671620e+02
4.667809453125000232e+02,-1.080417752677942076e+02
4.667812382812500118e+02,-9.786896433159802200e+01
4.667815312500000005e+02,-8.940284532318328559e+01
4.667818242187499891e+02,-9.626852779249679770e+01
4.667821171875000346e+02,-1.036099809474578279e+02
4.667824101562500232e+02,-1.127251411314277476e+02
4.667827031250000118e+02,-1.056144289814514252e+02
4.667829960937500005e+02,-9.658224915184639769e+01
4.667832890624999891e+02,-1.041664016693239887e+02
4.667835820312500346e+02,-9.632542074323799852e+01
4.667838750000000232e+02,-1.038547257626907196e+02
4.667841679687500118e+02,-9.145722732596594540e+01
4.667844609375000005e+02,-9.320916502801723880e+01
4.667847539062499891e+02,-9.725396236606317757e+01
4.667850468750000346e+02,-9.284634608361298547e+01
4.667853398437500232e+02,-9.363852255772791011e+01
4.667856328125000118e+02,-9.884800309081411740e+01
4.667859257812500005e+02,-9.475188707223128404e+01
4.667862187499999891e+02,-9.524256180683485695e+01
4.667865117187500346e+02,-1.044009780023512945e+02
4.667868046875000232e+02,-9.446756087856476825e+01
4.667870976562500118e+02,-9.372572697555628451e+01
4.667873906250000005e+02,-8.861245103721554983e+01
4.667876835937499891e+02,-9.109078616165172093e+01
4.667879765625000346e+02,-9.845101190773900157e+01
4.667882695312500232e+02,-9.685586520281405853e+01
4.667885625000000118e+02,-9.828190398064373312e+01
4.667888554687500005e+02,-9.828282319120367561e+01
4.667891484374999891e+02,-9.027536896234700237e+01
4.667894414062500346e+02,-8.753441886608420930e+01
4.667897343750000232e+02,-9.221882022944609503e+01
4.667900273437500118e+02,-9.960551398807896817e+01
4.667903203125000005e+02,-9.460224125678121254e+01
4.667906132812499891e+02,-8.896843512908610307e+01
4.667909062500000346e+02,-9.987706471143755493e+01
4.667911992187500232e+02,-8.871337772102981489e+01
4.667914921875000118e+02,-8.783205002641410886e+01
4.667917851562500005e+02,-8.846977955612192090e+01
4.667920781249999891e+02,-9.971973581562865263e+01
4.667923710937500346e+02,-9.957232668444444812e+01
4.667926640625000232e+02,-1.021319429796457570e+02
4.667929570312500118e+02,-9.753876106545590119e+01
4.667932500000000005e+02,-9.098942388995966724e+01
4.667935429687499891e+02,-9.046865980539693908e+01
4.667938359375000346e+02,-9.215318671744807943e+01
4.667941289062500232e+02,-9.463748769583045828e+01
4.667944218750000118e+02,-1.006643295697090252e+02
4.667947148437500005e+02,-9.705946390033803084e+01
4.667950078124999891e+02,-9.127562071168894420e+01
4.667953007812500346e+02,-9.367880569356475462e+01
4.667955937500000232e+02,-9.908044153599867343e+01
4.667958867187500118e+02,-9.172433141704379977e+01
4.667961796875000005e+02,-9.891065049203206172e+01
4.667964726562499891e+02,-9.616629958301950865e+01
4.667967656250000346e+02,-9.776529442192961028e+01
4.667970585937500232e+02,-1.122619198753258019e+02
4.667973515625000118e+02,-9.620902698709858214e+01
4.667976445312500005e+02,-9.889008687287991961e+01
4.667979374999999891e+02,-9.857353595213687925e+01
4.667982304687500346e+02,-9.594855061341432645e+01
4.667985234375000232e+02,-1.077762814617440625e+02
4.667988164062500118e+02,-9.457515886643038527e+01
4.667991093750000005e+02,-9.155194204481165343e+01
4.667994023437499891e+02,-9.611833956671787860e+01
4.667996953125000346e+02,-9.534682361801260697e+01
4.667999882812500232e+02,-9.228554008210173265e+01
4.668002812500000118e+02,-9.382725529727537150e+01
4.668005742187500005e+02,-9.305033737757199219e+01
4.668008671874999891e+02,-9.478499960201730801e+01
4.668011601562500346e+02,-9.042118688798814219e+01
4.668014531250000232e+02,-9.311082831427353312e+01
4.668017460937500118e+02,-9.952864811689430269e+01
4.668020390625000005e+02,-9.342296657753331601e+01
4.668023320312499891e+02,-9.056859414914178785e+01
4.668026250000000346e+02,-8.777136850378455790e+01
4.668029179687500232e+02,-8.962587961206710929e+01
4.668032109375000118e+02,-1.046426148013383397e+02
4.668035039062500005e+02,-9.267901698795866139e+01
4.668037968749999891e+02,-9.130351235815251698e+01
4.668040898437500346e+02,-9.408723550649051504e+01
4.668043828125000232e+02,-1.005008146344503217e+02
4.668046757812500118e+02,-9.719069039897549089e+01
4.668049687500000005e+02,-9.222507196301717158e+01
4.668052617187499891e+02,-9.140892436355233031e+01
4.668055546875000346e+02,-1.056902151502825546e+02
4.668058476562500232e+02,-9.895467755586659564e+01
4.668061406250000118e+02,-9.639021979828102360e+01
4.668064335937500005e+02,-9.700369841618625344e+01
4.668067265624999891e+02,-9.943714379706969453e+01
4.668070195312500346e+02,-8.943421426157316034e+01
4.668073125000000232e+02,-9.088052528974785105e+01
4.668076054687500118e+02,-1.145836562281425870e+02
4.668078984375000005e+02,-9.579306542629450405e+01
4.668081914062499891e+02,-9.785191527358966823e+01
4.668084843750000346e+02,-8.972186846580756026e+01
4.668087773437500232e+02,-8.964380679759827331e+01
4.668090703125000118e+02,-9.609347756021404052e+01
4.668093632812500005e+02,-9.876242230573689085e+01
4.668096562499999891e+02,-8.819023747626673071e+01
4.668099492187500346e+02,-8.986828944091294602e+01
4.668102421875000232e+02,-9.315341282306447113e+01
4.668105351562500118e+02,-9.356777224029876550e+01
4.668108281250000005e+02,-8.845293097232512025e+01
4.668111210937499891e+02,-9.323113254372324832e+01
4.668114140625000346e+02,-1.047463237422054618e+02
4.668117070312500232e+02,-9.723506519994971597e+01
4.668120000000000118e+02,-1.082137324557943003e+02
4.668122929687500005e+02,-9.785960854107347018e+01
4.668125859374999891e+02,-9.397201133636190207e+01
4.668128789062500346e+02,-9.456637949516128572e+01
4.668131718750000232e+02,-8.955361037962369153e+01
4.668134648437500118e+02,-9.293628194693653199e+01
4.668137578125000005e+02,-9.902740582339075104e+01
4.668140507812499891e+02,-1.062137694747797667e+02
4.668143437500000346e+02,-9.815558933008719578e+01
4.668146367187500232e+02,-1.021529076978629291e+02
4.668149296875000118e+02,-9.630916935731319484e+01
4.668152226562500005e+02,-1.012778852121470408e+02
4.668155156249999891e+02,-9.924754693596054267e+01
4.668158085937500346e+02,-1.004724944894971372e+02
4.668161015625000232e+02,-9.044620746974744918e+01
4.668163945312500118e+02,-9.153758547775090904e+01
4.668166875000000005e+02,-1.000606392089316330e+02
4.668169804687499891e+02,-9.073969149081236196e+01
4.668172734375000346e+02,-1.029341100332688796e+02
4.668175664062500232e+02,-1.012372215878980057e+02
4.668178593750000118e+02,-9.498617521057599333e+01
4.668181523437500005e+02,-9.491751800109703652e+01
4.668184453124999891e+02,-9.898016083215725303e+01
4.668187382812500346e+02,-9.589710439773077155e+01
4.668190312500000232e+02,-9.513466291554310317e+01
4.668193242187500118e+02,-9.122987911786364634e+01
4.668196171875000005e+02,-9.539727891380201186e+01
4.668199101562499891e+02,-9.253950262585996711e+01
4.668202031250000346e+02,-9.496353335423884801e+01
4.668204960937500232e+02,-9.651181769956653511e+01
4.668207890625000118e+02,-9.514522381249426530e+01
4.668210820312500005e+02,-8.950834659011607641e+01
4.668213749999999891e+02,-9.220327287630907165e+01
4.668216679687500346e+02,-9.796965220499986060e+01
4.668219609375000232e+02,-9.475238237405346808e+01
4.668222539062500118e+02,-8.961755605011074977e+01
4.668225468750000005e+02,-9.509645243287103256e+01
4.668228398437499891e+02,-9.527559687597545235e+01
4.668231328125000346e+02,-9.255424927738518193e+01
4.668234257812500232e+02,-9.062262934063851105e+01
4.668237187500000118e+02,-9.695300698767880476e+01
4.668240117187500005e+02,-1.053039275433173430e+02
4.668243046874999891e+02,-1.176610916534716154e+02
4.668245976562500346e+02,-1.023941210774447939e+02
4.668248906250000232e+02,-1.123167030661773538e+02
4.668251835937500118e+02,-9.746775162484283328e+01
4.668254765625000005e+02,-9.802406838116789345e+01
4.668257695312499891e+02,-1.044805851089871993e+02
4.668260625000000346e+02,-8.986420270900681828e+01
4.668263554687500232e+02,-8.834816734479892375e+01
4.668266484375000118e+02,-9.405026720081154679e+01
4.668269414062500005e+02,-9.329390369698357688e+01
4.668272343749999891e+02,-9.829556822882766198e+01
4.668275273437500346e+02,-9.369272667849651270e+01
4.668278203125000232e+02,-9.311447632415865883e+01
4.668281132812500118e+02,-9.079735246513220659e+01
4.668284062500000005e+02,-9.882316708845073094e+01
4.668286992187499891e+02,-9.405021335770057078e+01
4.668289921875000346e+02,-9.231646930137431184e+01
4.668292851562500232e+02,-1.016235450762707444e+02
4.668295781250000118e+02,-9.706544746056005124e+01
4.668298710937500005e+02,-8.960914544728655073e+01
4.668301640624999891e+02,-9.404320827582557740e+01
4.668304570312500346e+02,-9.491403837939438404e+01
4.668307500000000232e+02,-1.041100316072675724e+02
4.668310429687500118e+02,-9.699906433876883227e+01
4.668313359375000005e+02,-9.527419239109184446e+01
4.668316289062499891e+02,-1.038700582857816954e+02
4.668319218750000346e+02,-9.398176257146751311e+01
4.668322148437500232e+02,-9.135270853487219256e+01
4.668325078125000118e+02,-9.223229331443663170e+01
4.668328007812500005e+02,-9.720260497728823168e+01
4.668330937499999891e+02,-1.058925153989726908e+02
4.668333867187500346e+02,-9.391374109456469910e+01
4.668336796875000232e+02,-9.203468462154971519e+01
4.668339726562500118e+02,-9.246802013427159750e+01
4.668342656250000005e+02,-9.729704356626774597e+01
4.668345585937499891e+02,-9.067096416193977859e+01
4.668348515625000346e+02,-9.542212761532553600e+01
4.668351445312500232e+02,-1.019192448355894101e+02
4.668354375000000118e+02,-9.181999916490585179e+01
4.668357304687500005e+02,-9.604445267445720447e+01
4.668360234374999891e+02,-9.793087662405781657e+01
4.668363164062500346e+02,-9.089575644930414455e+01
4.668366093750000232e+02,-9.570365502017904191e+01
4.668369023437500118e+02,-9.010185562069537468e+01
4.668371953125000005e+02,-9.556054540340566916e+01
4.668374882812499891e+02,-9.182920922570846756e+01
4.668377812500000346e+02,-8.908239515042029666e+01
4.668380742187500232e+02,-9.672082208064010445e+01
4.668383671875000118e+02,-9.751995033236613608e+01
4.668386601562500005e+02,-1.028150387155803855e+02
4.668389531249999891e+02,-9.597343491412470939e+01
4.668392460937500346e+02,-9.784167067334031742e+01
4.668395390625000232e+02,-9.045158230649890641e+01
4.668398320312500118e+02,-9.696164575997265445e+01
4.668401250000000005e+02,-9.348484444883850131e+01
4.668404179687499891e+02,-9.992558022034631904e+01
4.668407109375000346e+02,-9.140019517915938252e+01
4.668410039062500232e+02,-9.418412122399976738e+01
4.668412968750000118e+02,-9.010725338207350887e+01
4.668415898437500005e+02,-8.524702290216423251e+01
4.668418828124999891e+02,-8.942012906842217035e+01
4.668421757812500346e+02,-9.773697592874418660e+01
4.668424687500000232e+02,-1.167333002071536754e+02
4.668427617187500118e+02,-1.029182964100195932e+02
4.668430546875000005e+02,-9.413078127771150605e+01
4.668433476562499891e+02,-9.510629843890666280e+01
4.668436406250000346e+02,-1.020224600664082288e+02
4.668439335937500232e+02,-1.009276756528451955e+02
4.668442265625000118e+02,-1.157039479827471382e+02
4.668445195312500005e+02,-1.070166592040426679e+02
4.668448124999999891e+02,-9.655283921311928452e+01
4.668451054687500346e+02,-1.049698806198006338e+02
4.668453984375000232e+02,-9.462240521431182572e+01
4.668456914062500118e+02,-9.243648333675795925e+01
4.668459843750000005e+02,-9.564254427574778106e+01
4.668462773437499891e+02,-9.685923407241210725e+01
4.668465703125000346e+02,-9.051075119104132227e+01
4.668468632812500232e+02,-8.837916042926700300e+01
4.668471562500000118e+02,-9.234171217777229401e+01
4.668474492187500005e+02,-9.480405058161785803e+01
4.668477421874999891e+02,-9.145667414154735297e+01
4.668480351562500346e+02,-9.367510459360187269e+01
4.668483281250000232e+02,-1.047550627649445119e+02
4.668486210937500118e+02,-9.569819278422072273e+01
4.668489140625000005e+02,-1.080098183430811645e+02
4.668492070312499891e+02,-9.550173581983072779e+01
4.668495000000000346e+02,-9.240129942596711032e+01
4.668497929687500232e+02,-9.302646737440022662e+01
4.668500859375000118e+02,-9.756979855469424479e+01
4.668503789062500005e+02,-9.632085378448010715e+01
4.668506718749999891e+02,-1.078178154088145533e+02
4.668509648437500346e+02,-9.312042922669573386e+01
4.668512578125000232e+02,-8.884544762050383326e+01
4.668515507812500118e+02,-8.871146286021563299e+01
4.668518437500000005e+02,-9.758157999156794915e+01
4.668521367187499891e+02,-9.857133427278618854e+01
4.668524296875000346e+02,-9.681045565676177489e+01
4.668527226562500232e+02,-9.345526086851970149e+01
4.668530156250000118e+02,-9.810081154339147247e+01
4.668533085937500005e+02,-9.736775024008164792e+01
4.668536015624999891e+02,-9.111426126467978293e+01
4.668538945312500346e+02,-9.490049582715630550e+01
4.668541875000000232e+02,-8.819043953789810075e+01
4.668544804687500118e+02,-9.641559427812723015e+01
4.668547734375000005e+02,-9.324782137575574836e+01
4.668550664062499891e+02,-8.898513584200802029e+01
4.668553593750000346e+02,-9.500384468441039587e+01
4.668556523437500232e+02,-9.686180776595472253e+01
4.668559453125000118e+02,-9.703903859892717776e+01
4.668562382812500005e+02,-9.945620222747564299e+01
4.668565312499999891e+02,-9.509882255948164698e+01
4.668568242187500346e+02,-9.197132902607123128e+01
4.668571171875000232e+02,-9.506347338463079666e+01
4.668574101562500118e+02,-9.799952026736995947e+01
4.668577031250000005e+02,-1.028528179543311012e+02
4.668579960937499891e+02,-1.010645752238501274e+02
4.668582890625000346e+02,-1.049689622770076483e+02
4.668585820312500232e+02,-1.081647348845792465e+02
4.668588750000000118e+02,-1.036409162689203498e+02
4.668591679687500005e+02,-9.969126554295264953e+01
4.668594609374999891e+02,-1.113108902767020538e+02
4.668597539062500346e+02,-9.373097337206580448e+01
4.668600468750000232e+02,-9.778904758752860005e+01
4.668603398437500118e+02,-1.009406124252065950e+02
4.668606328125000005e+02,-9.293296204332973787e+01
4.668609257812499891e+02,-1.104342412049008431e+02
4.668612187500000346e+02,-9.723188355200484523e+01
4.668615117187500232e+02,-9.633461101047900854e+01
4.668618046875000118e+02,-8.932065932645953410e+01
4.668620976562500005e+02,-9.434313143239549504e+01
4.668623906249999891e+02,-9.962078409693609160e+01
4.668626835937500346e+02,-1.021902493970747514e+02
4.668629765625000232e+02,-9.239878038195975307e+01
4.668632695312500118e+02,-9.228640872026980446e+01
4.668635625000000005e+02,-9.489131660794078016e+01
4.668638554687499891e+02,-9.580703667248988609e+01
4.668641484375000346e+02,-9.364562504356528905e+01
4.668644414062500232e+02,-9.806599120053516572e+01
4.668647343750000118e+02,-9.576837912145678899e+01
4.668650273437500005e+02,-9.897082279362680879e+01
4.668653203124999891e+02,-1.016051381330668022e+02
4.668656132812500346e+02,-9.024880098369357029e+01
4.668659062500000232e+02,-9.205120018141147398e+01
4.668661992187500118e+02,-9.731845059964638267e+01
4.668664921875000005e+02,-9.655875800381240026e+01
4.668667851562499891e+02,-8.885720863330361396e+01
4.668670781250000346e+02,-8.664800777503916152e+01
4.668673710937500232e+02,-9.389201753846633380e+01
4.668676640625000118e+02,-9.697104096909183113e+01
4.668679570312500005e+02,-9.263064037073826285e+01
4.668682499999999891e+02,-8.984559636057420562e+01
4.668685429687500346e+02,-1.108007250777539952e+02
4.668688359375000232e+02,-8.958567245442867488e+01
4.668691289062500118e+02,-8.938826133201693835e+01
4.668694218750000005e+02,-8.818078885078270446e+01
4.668697148437499891e+02,-9.098428616089248067e+01
4.668700078125000346e+02,-9.199827433596210824e+01
4.668703007812500232e+02,-9.044389524369270816e+01
4.668705937500000118e+02,-9.538110561788364805e+01
4.668708867187500005e+02,-8.980198268641908044e+01
4.668711796874999891e+02,-8.848546439467965286e+01
4.668714726562500346e+02,-9.768107054308508452e+01
4.668717656250000232e+02,-9.875253089483358337e+01
4.668720585937500118e+02,-1.086883914493942171e+02
4.668723515625000005e+02,-9.390655143424345397e+01
4.668726445312499891e+02,-8.930977117510906282e+01
4.668729375000000346e+02,-9.060057022369024082e+01
4.668732304687500232e+02,-1.104532118988527145e+02
4.668735234375000118e+02,-9.521855249143456490e+01
4.668738164062500005e+02,-9.083174985195122986e+01
4.668741093749999891e+02,-8.951558175096251091e+01
4.668744023437500346e+02,-9.460774908814472894e+01
4.668746953125000232e+02,-9.652666316880021213e+01
4.668749882812500118e+02,-9.445285843476149523e+01
4.668752812500000005e+02,-9.086010903331970212e+01
4.668755742187499891e+02,-9.053025377747448488e+01
4.668758671875000346e+02,-1.090771672979133911e+02
4.668761601562500232e+02,-9.203396670824788828e+01
4.668764531250000118e+02,-9.510206706177820024e+01
4.668767460937500005e+02,-9.315281598541790231e+01
4.668770390624999891e+02,-9.875709854023551770e+01
4.668773320312500346e+02,-9.586353069357093659e+01
4.668776250000000232e+02,-9.537182086257418234e+01
4.668779179687500118e+02,-9.944673246065933370e+01
4.668782109375000005e+02,-9.578183856231531479e+01
4.668785039062499891e+02,-1.040333249738522738e+02
4.668787968750000346e+02,-9.140966456967211684e+01
4.668790898437500232e+02,-9.194953990411649158e+01
4.668793828125000118e+02,-9.864927282582799251e+01
4.668796757812500005e+02,-8.998494805851248657e+01
4.668799687499999891e+02,-9.038517762141989920e+01
4.668802617187500346e+02,-1.006023121021456177e+02
4.668805546875000232e+02,-1.009213222449712362e+02
4.668808476562500118e+02,-9.703203633637527048e+01
4.668811406250000005e+02,-9.797305548215871340e+01
4.668814335937499891e+02,-9.553382698735094891e+01
4.668817265625000346e+02,-1.006759296033855549e+02
4.668820195312500232e+02,-9.272202899181613134e+01
4.668823125000000118e+02,-9.427352023162369221e+01
4.668826054687500005e+02,-9.712225331806294548e+01
4.668828984374999891e+02,-9.576236694954737061e+01
4.668831914062500346e+02,-9.968676999643423642e+01
4.668834843750000232e+02,-8.887558911991493460e+01
4.668837773437500118e+02,-8.964713466779288353e+01
4.668840703125000005e+02,-8.904657317538456596e+01
4.668843632812499891e+02,-9.591440924509073795e+01
4.668846562500000346e+02,-8.759211769096157241e+01
4.668849492187500232e+02,-8.574593571851886509e+01
4.668852421875000118e+02,-9.988383597374962619e+01
4.668855351562500005e+02,-9.368374938916650763e+01
4.668858281249999891e+02,-9.028062763470947516e+01
4.668861210937500346e+02,-9.794546527070559705e+01
4.668864140625000232e+02,-8.850251206948405525e+01
4.668867070312500118e+02,-8.710247620644302913e+01
4.668870000000000005e+02,-9.026463653564846368e+01
4.668872929687499891e+02,-8.493870436525534728e+01
4.668875859375000346e+02,-8.995861941516635341e+01
4.668878789062500232e+02,-9.869134650355461247e+01
4.668881718750000118e+02,-9.348332350554409231e+01
4.668884648437500005e+02,-8.985573257542694137e+01
4.668887578124999891e+02,-9.360930153417612587e+01
4.668890507812500346e+02,-1.014669178123424160e+02
4.668893437500000232e+02,-9.204882891034100112e+01
4.668896367187500118e+02,-9.534003638724810514e+01
4.668899296875000005e+02,-9.617173837276203585e+01
4.668902226562499891e+02,-8.887540082972883226e+01
4.668905156250000346e+02,-9.276604867213842454e+01
4.668908085937500232e+02,-9.404337578006786202e+01
4.668911015625000118e+02,-9.041910942358595094e+01
4.668913945312500005e+02,-9.357087147465085764e+01
4.668916874999999891e+02,-8.893796663775594880e+01
4.668919804687500346e+02,-9.067896209508019467e+01
4.668922734375000232e+02,-9.715672010980229345e+01
4.668925664062500118e+02,-1.046590924443093797e+02
4.668928593750000005e+02,-1.035482059769579308e+02
4.668931523437499891e+02,-9.473563159667088485e+01
4.668934453125000346e+02,-9.252126526408682139e+01
4.668937382812500232e+02,-9.349268310549246053e+01
4.668940312500000118e+02,-9.716698541904563058e+01
4.668943242187500005e+02,-9.328798288932624416e+01
4.668946171874999891e+02,-8.710367695685383183e+01
4.668949101562500346e+02,-8.988284143232574763e+01
4.668952031250000232e+02,-1.017421355851126918e+02
4.668954960937500118e+02,-9.172016515928902436e+01
4.668957890625000005e+02,-9.076216343481904403e+01
4.668960820312499891e+02,-9.032439715426328064e+01
4.668963750000000346e+02,-1.023463008604048952e+02
4.668966679687500232e+02,-8.529262249580557409e+01
4.668969609375000118e+02,-8.770831335884534496e+01
4.668972539062500005e+02,-9.303709697981447846e+01
4.668975468749999891e+02,-9.014589312436378066e+01
4.668978398437500346e+02,-8.551103336150927703e+01
4.668981328125000232e+02,-8.492221345258811027e+01
4.668984257812500118e+02,-8.845844108863781230e+01
4.668987187500000005e+02,-1.033370829374537436e+02
4.668990117187499891e+02,-9.813489391852493782e+01
4.668993046875000346e+02,-9.670609185245976391e+01
4.668995976562500232e+02,-1.036766898747077335e+02
4.668998906250000118e+02,-8.916722128567649008e+01
4.669001835937500005e+02,-9.688219332471028622e+01
4.669004765624999891e+02,-9.149831348559499133e+01
4.669007695312500346e+02,-9.179766766084381402e+01
4.669010625000000232e+02,-9.887620945368476555e+01
4.669013554687500118e+02,-9.719925814662133234e+01
4.669016484375000005e+02,-8.838348549665163034e+01
4.669019414062499891e+02,-8.970875767688167457e+01
4.669022343750000346e+02,-8.987350000270882333e+01
4.669025273437500232e+02,-9.135801451627344250e+01
4.669028203125000118e+02,-9.406018514098983019e+01
4.669031132812500005e+02,-8.723609533540148675e+01
4.669034062499999891e+02,-8.910875226414188432e+01
4.669036992187500346e+02,-9.124701118497212349e+01
4.669039921875000232e+02,-9.824378077966848366e+01
4.669042851562500118e+02,-9.134810796278067357e+01
4.669045781250000005e+02,-9.470606866603723972e+01
4.669048710937499891e+02,-9.981818857264295275e+01
4.669051640625000346e+02,-9.977632283776142685e+01
4.669054570312500232e+02,-9.185037813725242017e+01
4.669057500000000118e+02,-9.208280819044927057e+01
4.669060429687500005e+02,-8.934424783990525043e+01
4.669063359374999891e+02,-9.144318161432073566e+01
4.669066289062500346e+02,-1.026231558520813536e+02
4.669069218750000232e+02,-9.561499519027259453e+01
4.669072148437500118e+02,-8.961025664877432462e+01
4.669075078125000005e+02,-1.028468178460356199e+02
4.669078007812499891e+02,-9.088694345351117931e+01
4.669080937500000346e+02,-9.003629856615546601e+01
4.669083867187500232e+02,-9.297275837503110552e+01
4.669086796875000118e+02,-1.024541207574176696e+02
4.669089726562500005e+02,-9.440144095093872068e+01
4.669092656249999891e+02,-9.222720173788756881e+01
4.669095585937500346e+02,-9.602627902641395963e+01
4.669098515625000232e+02,-9.254768981373015890e+01
4.669101445312500118e+02,-9.605166410642263486e+01
4.669104375000000005e+02,-9.399607785925569203e+01
4.669107304687499891e+02,-8.859946513779820521e+01
4.669110234375000346e+02,-9.392643242205485876e+01
4.669113164062500232e+02,-9.452091055163737110e+01
4.669116093750000118e+02,-8.711715054809259584e+01
4.669119023437500005e+02,-9.438736580044053426e+01
4.669121953124999891e+02,-1.057922015090859134e+02
4.669124882812500346e+02,-9.396626738651261235e+01
4.669127812500000232e+02,-9.590622269334531325e+01
4.669130742187500118e+02,-9.675272304643138455e+01
4.669133671875000005e+02,-9.343274865343283864e+01
4.669136601562499891e+02,-9.815747013452747183e+01
4.669139531250000346e+02,-9.312476655336872966e+01
4.669142460937500232e+02,-9.550378856543424888e+01
4.669145390625000118e+02,-1.046273747758810799e+02
4.669148320312500005e+02,-8.987605197816708369e+01
4.669151249999999891e+02,-9.189587837994571373e+01
4.669154179687500346e+02,-9.457543391578170144e+01
4.669157109375000232e+02,-9.540420924846914374e+01
4.669160039062500118e+02,-9.583699759043938116e+01
4.669162968750000005e+02,-9.266341202935592491e+01
4.669165898437499891e+02,-8.783386586665591267e+01
4.669168828125000346e+02,-9.404442985675821376e+01
4.669171757812500232e+02,-9.388802780291786121e+01
4.669174687500000118e+02,-9.538226096432120471e+01
4.669177617187500005e+02,-9.688577693911889810e+01
4.669180546874999891e+02,-9.414294788294458272e+01
4.669183476562500346e+02,-9.350520498713632378e+01
4.669186406250000232e+02,-1.062059329635157781e+02
4.669189335937500118e+02,-9.321668139824848254e+01
4.669192265625000005e+02,-9.283643998407393383e+01
4.669195195312499891e+02,-1.005981216104749620e+02
4.669198125000000346e+02,-9.799884258216472688e+01
4.669201054687500232e+02,-1.047748056846403699e+02
4.669203984375000118e+02,-9.740260510534159266e+01
4.669206914062500005e+02,-9.077979817074685798e+01
4.669209843749999891e+02,-1.049774277478316264e+02
4.669212773437500346e+02,-9.182486882364001701e+01
4.669215703125000232e+02,-9.021517946290025236e+01
4.669218632812500118e+02,-8.954179591862582299e+01
4.669221562500000005e+02,-9.624457785567173573e+01
4.669224492187499891e+02,-9.699870629931545807e+01
4.669227421875000346e+02,-9.036952085706852245e+01
4.669230351562500232e+02,-8.751700801157583953e+01
4.669233281250000118e+02,-1.006950546170898804e+02
4.669236210937500005e+02,-9.728600974805749502e+01
4.669239140624999891e+02,-9.190023623490964155e+01
4.669242070312500346e+02,-9.352363770664672415e+01
4.669245000000000232e+02,-9.348362748363329899e+01
4.669247929687500118e+02,-9.475742078652088196e+01
4.669250859375000005e+02,-9.136109689693435598e+01
4.669253789062499891e+02,-9.302823374373292609e+01
4.669256718750000346e+02,-1.001426071625473071e+02
4.669259648437500232e+02,-9.344434766131151093e+01
4.669262578125000118e+02,-8.964510072943097896e+01
4.669265507812500005e+02,-9.349001044846824016e+01
4.669268437499999891e+02,-9.038198448715672839e+01
4.669271367187500346e+02,-8.853372893086913109e+01
4.669274296875000232e+02,-8.873579831400634532e+01
4.669277226562500118e+02,-9.316229621446836973e+01
4.669280156250000005e+02,-1.049365588224368366e+02
4.669283085937499891e+02,-9.794511426606044324e+01
4.669286015625000346e+02,-9.263503059549074692e+01
4.669288945312500232e+02,-1.016704771133716463e+02
4.669291875000000118e+02,-8.982315180990605086e+01
4.669294804687500005e+02,-9.102636572492754397e+01
4.669297734374999891e+02,-9.162490567983583389e+01
4.669300664062500346e+02,-9.436808345293738398e+01
4.669303593750000232e+02,-9.585337462319323265e+01
4.669306523437500118e+02,-1.009699640764358151e+02
4.669309453125000005e+02,-9.703556076275289399e+01
4.669312382812499891e+02,-9.227458800321107901e+01
4.669315312500000346e+02,-1.094610761863972925e+02
4.669318242187500232e+02,-9.137021734554909358e+01
4.669321171875000118e+02,-9.102423568692201172e+01
4.669324101562500005e+02,-9.482280238936181149e+01
4.669327031249999891e+02,-9.305150434121864578e+01
4.669329960937500346e+02,-9.772480850384249607e+01
4.669332890625000232e+02,-8.685200291312590082e+01
4.669335820312500118e+02,-9.025818548087416104e+01
4.669338750000000005e+02,-9.226849205397782328e+01
4.669341679687499891e+02,-9.410643392226108972e+01
4.669344609375000346e+02,-9.162167395819658111e+01
4.669347539062500232e+02,-9.890474316110885411e+01
4.669350468750000118e+02,-1.027546578342836199e+02
4.669353398437500005e+02,-8.986485049369862566e+01
4.669356328124999891e+02,-8.492649107862584401e+01
4.669359257812500346e+02,-8.416154438771602031e+01
4.669362187500000232e+02,-8.645984272515389080e+01
4.669365117187500118e+02,-9.338771888052247050e+01
4.669368046875000005e+02,-9.434737378246317974e+01
4.669370976562499891e+02,-9.796029231342760113e+01
4.669373906250000346e+02,-1.030910103560414512e+02
4.669376835937500232e+02,-9.253430624107743085e+01
4.669379765625000118e+02,-9.210094211844862855e+01
4.669382695312500005e+02,-1.004252322189250890e+02
4.669385624999999891e+02,-9.510963677693659690e+01
4.669388554687500346e+02,-1.147925756301328022e+02
4.669391484375000232e+02,-9.179560427895853536e+01
4.669394414062500118e+02,-9.492874789765458843e+01
4.669397343750000005e+02,-8.901236471118568261e+01
4.669400273437499891e+02,-9.349072263706977992e+01
4.669403203125000346e+02,-8.971662061899152718e+01
4.669406132812500232e+02,-9.040617995110591210e+01
4.669409062500000118e+02,-9.523491899534327843e+01
4.669411992187500005e+02,-1.007116436560655615e+02
4.669414921874999891e+02,-8.934571306773025867e+01
4.669417851562500346e+02,-9.478547401386755666e+01
4.669420781250000232e+02,-1.053020969138591738e+02
4.669423710937500118e+02,-1.015879877557248960e+02
4.669426640625000005e+02,-9.420022829987266277e+01
4.669429570312499891e+02,-8.476870655459569548e+01
4.669432500000000346e+02,-8.480267580909136882e+01
4.669435429687500232e+02,-8.728093059600182357e+01
4.669438359375000118e+02,-8.765048715441814409e+01
4.669441289062500005e+02,-9.036561385232340626e+01
4.669444218749999891e+02,-9.478175868916279967e+01
4.669447148437500346e+02,-9.281106903258387320e+01
4.669450078125000232e+02,-9.757759019400181444e+01
4.669453007812500118e+02,-9.076702110820886560e+01
4.669455937500000005e+02,-9.045795691737905031e+01
4.669458867187499891e+02,-9.279878921967251415e+01
4.669461796875000346e+02,-8.887059907602179010e+01
4.669464726562500232e+02,-9.314501407630990570e+01
4.669467656250000118e+02,-9.216237340162334135e+01
4.669470585937500005e+02,-9.216492893420975463e+01
4.669473515624999891e+02,-9.497017134125817961e+01
4.669476445312500346e+02,-9.604828705240933573e+01
4.669479375000000232e+02,-9.522712382817530852e+01
4.669482304687500118e+02,-1.060284322498522442e+02
4.669485234375000005e+02,-9.418154177159570395e+01
4.669488164062499891e+02,-9.038076092602108247e+01
4.669491093750000346e+02,-1.043579874270699435e+02
4.669494023437500232e+02,-8.984780946588327311e+01
4.669496953125000118e+02,-8.778280416925504426e+01
4.669499882812500005e+02,-9.096840893202518430e+01
4.669502812499999891e+02,-9.741607374556897980e+01
4.669505742187500346e+02,-9.290229776621613667e+01
4.669508671875000232e+02,-8.843406409880716978e+01
4.669511601562500118e+02,-1.043425769484519776e+02
4.669514531250000005e+02,-9.067222842770095781e+01
4.669517460937499891e+02,-8.729937446998555117e+01
4.669520390625000346e+02,-9.550113650972990342e+01
4.669523320312500232e+02,-9.178412348627946926e+01
4.669526250000000118e+02,-8.960695198745642642e+01
4.669529179687500005e+02,-1.029775984344459374e+02
4.669532109374999891e+02,-9.109239147693870109e+01
4.669535039062500346e+02,-1.046441040871629014e+02
4.669537968750000232e+02,-9.836883942922811741e+01
4.669540898437500118e+02,-9.109416807458769938e+01
4.669543828125000005e+02,-8.867919899762623004e+01
4.669546757812499891e+02,-9.126573130689045854e+01
4.669549687500000346e+02,-1.004466454682740419e+02
4.669552617187500232e+02,-9.035275679171624574e+01
4.669555546875000118e+02,-9.633663350561120353e+01
4.669558476562500005e+02,-9.890528058026345093e+01
4.669561406249999891e+02,-9.532416544462834906e+01
4.669564335937500346e+02,-9.265455251218460830e+01
4.669567265625000232e+02,-1.012075184967928720e+02
4.669570195312500118e+02,-9.196784624244668294e+01
4.669573125000000005e+02,-9.955159645899216514e+01
4.669576054687499891e+02,-9.848020121691087070e+01
4.669578984375000346e+02,-9.340739193384763439e+01
4.669581914062500232e+02,-1.005950042039877133e+02
4.669584843750000118e+02,-9.270072910682455358e+01
4.669587773437500005e+02,-9.937601669456982734e+01
4.669590703124999891e+02,-9.053187135019166476e+01
4.669593632812500346e+02,-8.597522268885180097e+01
4.669596562500000232e+02,-8.820701408849168956e+01
4.669599492187500118e+02,-8.785007422114892961e+01
4.669602421875000005e+02,-8.991388526732201569e+01
4.669605351562499891e+02,-8.325746186173938668e+01
4.669608281250000346e+02,-8.510596198141416835e+01
4.669611210937500232e+02,-9.269396468999255490e+01
4.669614140625000118e+02,-9.153642880212102284e+01
4.669617070312500005e+02,-9.177204787469111125e+01
4.669619999999999891e+02,-8.601031345220962976e+01
4.669622929687500346e+02,-8.814282517110903825e+01
4.669625859375000232e+02,-9.766449900143527429e+01
4.669628789062500118e+02,-1.084525925290044199e+02
4.669631718750000005e+02,-9.063498720255262242e+01
4.669634648437499891e+02,-9.107456267750821155e+01
4.669637578125000346e+02,-8.958523870653721133e+01
4.669640507812500232e+02,-9.056591621235676826e+01
4.669643437500000118e+02,-8.860552268745240667e+01
4.669646367187500005e+02,-8.811487648818672369e+01
4.669649296874999891e+02,-9.356158745291475043e+01
4.669652226562500346e+02,-9.760237428502176726e+01
4.669655156250000232e+02,-9.417991874063262969e+01
4.669658085937500118e+02,-1.066048874489411844e+02
4.669661015625000005e+02,-1.117906096430177598e+02
4.669663945312499891e+02,-9.720819720139192555e+01
4.669666875000000346e+02,-1.085080259362450761e+02
4.669669804687500232e+02,-8.865498487688329021e+01
4.669672734375000118e+02,-9.482381678421666038e+01
4.669675664062500005e+02,-1.018589991003609043e+02
4.669678593749999891e+02,-9.857615503983672056e+01
4.669681523437500346e+02,-9.163585738301091510e+01
4.669684453125000232e+02,-1.008981803875228422e+02
4.669687382812500118e+02,-9.307789234661358080e+01
4.669690312500000005e+02,-9.385741500185105224e+01
4.669693242187499891e+02,-8.994847501844694193e+01
4.669696171875000346e+02,-9.327769042632129981e+01
4.669699101562500232e+02,-1.073991088717677087e+02
4.669702031250000118e+02,-8.635397946118010282e+01
4.669704960937500005e+02,-8.619964564394334161e+01
4.669707890624999891e+02,-9.341932709227683063e+01
4.669710820312500346e+02,-9.891761271558260660e+01
4.669713750000000232e+02,-9.207765714282933800e+01
4.669716679687500118e+02,-9.301339462609298891e+01
4.669719609375000005e+02,-9.369396912730410065e+01
4.669722539062499891e+02,-9.408907492768909719e+01
4.669725468750000346e+02,-1.036570137057201464e+02
4.669728398437500232e+02,-9.794894916685919384e+01
4.669731328125000118e+02,-9.881010085289483413e+01
4.669734257812500005e+02,-9.755380367051452595e+01
4.669737187499999891e+02,-8.916547268404814020e+01
4.669740117187500346e+02,-9.060060727025904725e+01
4.669743046875000232e+02,-8.589302630153110840e+01
4.669745976562500118e+02,-8.843416097238743134e+01
4.669748906250000005e+02,-9.157705487965472457e+01
4.669751835937499891e+02,-9.614544230782237832e+01
4.669754765625000346e+02,-8.891860889020391312e+01
4.669757695312500232e+02,-8.911551976805750996e+01
4.669760625000000118e+02,-9.909892468104220598e+01
4.669763554687500005e+02,-8.955679085902104930e+01
4.669766484374999891e+02,-9.164075660495753084e+01
4.669769414062500346e+02,-9.131013972037470694e+01
4.669772343750000232e+02,-9.275417808634117023e+01
4.669775273437500118e+02,-8.700399887253594500e+01
4.669778203125000005e+02,-8.862835964308958125e+01
4.669781132812499891e+02,-9.168596455158731828e+01
4.669784062500000346e+02,-9.423812809163965198e+01
4.669786992187500232e+02,-1.094977104064244458e+02
4.669789921875000118e+02,-9.335088877913987915e+01
4.669792851562500005e+02,-9.726467543886060696e+01
4.669795781249999891e+02,-9.394088217185326073e+01
4.669798710937500346e+02,-8.982354142974324418e+01
4.669801640625000232e+02,-8.832445556345412285e+01
4.669804570312500118e+02,-8.997419171229600465e+01
4.669807500000000005e+02,-9.154333600713627561e+01
4.669810429687499891e+02,-8.904685439241538347e+01
4.669813359375000346e+02,-9.444339185521985769e+01
4.669816289062500232e+02,-9.694354721484357640e+01
4.669819218750000118e+02,-9.113314156272440414e+01
4.669822148437500005e+02,-9.214358126973102969e+01
4.669825078124999891e+02,-9.360779540716544034e+01
4.669828007812500346e+02,-1.007469715973984847e+02
4.669830937500000232e+02,-9.057015943698036153e+01
4.669833867187500118e+02,-9.513697601239115897e+01
4.669836796875000005e+02,-1.065020198679061991e+02
4.669839726562499891e+02,-1.005990162093984566e+02
4.669842656250000346e+02,-8.991533374749400309e+01
4.669845585937500232e+02,-8.598943690606020596e+01
4.669848515625000118e+02,-8.784510508892866198e+01
4.669851445312500005e+02,-9.079298610313749407e+01
4.669854374999999891e+02,-1.004054345343424188e+02
4.669857304687500346e+02,-9.355699957155627544e+01
4.669860234375000232e+02,-1.004709749550464295e+02
4.669863164062500118e+02,-9.903108033071070793e+01
4.669866093750000005e+02,-1.012964019711278638e+02
4.669869023437499891e+02,-9.627375817079834519e+01
4.669871953125000346e+02,-9.029203814216131718e+01
4.669874882812500232e+02,-8.964285576465957206e+01
4.669877812500000118e+02,-8.881110979648423154e+01
4.669880742187500005e+02,-9.850301865718344629e+01
4.669883671874999891e+02,-8.886382725302298979e+01
4.669886601562500346e+02,-9.124702401682696973e+01
4.669889531250000232e+02,-9.881498329138622694e+01
4.669892460937500118e+02,-9.014689528897265802e+01
4.669895390625000005e+02,-8.982084815322801319e+01
4.669898320312499891e+02,-1.130984337439015519e+02
4.669901250000000346e+02,-9.641665556785271463e+01
4.669904179687500232e+02,-1.029860462868976043e+02
4.669907109375000118e+02,-9.196890331474742197e+01
4.669910039062500005e+02,-9.148849197315740867e+01
4.669912968749999891e+02,-1.010256345787553158e+02
4.669915898437500346e+02,-9.191583790236737173e+01
4.669918828125000232e+02,-8.927629643087398392e+01
4.669921757812500118e+02,-1.002742888687329668e+02
4.669924687500000005e+02,-1.055539087294981613e+02
4.669927617187499891e+02,-9.176952919407008835e+01
4.669930546875000346e+02,-8.279110880027930364e+01
4.669933476562500232e+02,-8.630395069787249440e+01
4.669936406250000118e+02,-9.973306856173803681e+01
4.669939335937500005e+02,-9.481650999731293439e+01
4.669942265624999891e+02,-8.864519100083411729e+01
4.669945195312500346e+02,-9.347351910565632238e+01
4.669948125000000232e+02,-9.120601125959163369e+01
4.669951054687500118e+02,-8.764548969280758683e+01
4.669953984375000005e+02,-8.957061674814532637e+01
4.669956914062499891e+02,-1.051449174055207720e+02
4.669959843750000346e+02,-9.356918095965268378e+01
4.669962773437500232e+02,-9.478900309453926809e+01
4.669965703125000118e+02,-8.636025262326087670e+01
4.669968632812500005e+02,-8.855900786610794739e+01
4.669971562499999891e+02,-1.065231668229543516e+02
4.669974492187500346e+02,-9.359451445147614379e+01
4.669977421875000232e+02,-9.015289342373399961e+01
4.669980351562500118e+02,-9.216405696075221954e+01
4.669983281250000005e+02,-8.854895670397510798e+01
4.669986210937499891e+02,-9.336883195941355496e+01
4.669989140625000346e+02,-1.013881087804107324e+02
4.669992070312500232e+02,-1.073603274079288070e+02
4.669995000000000118e+02,-1.012452614031042941e+02
4.669997929687500005e+02,-9.740201673943099081e+01
4.670000859374999891e+02,-9.701473983537457002e+01
4.670003789062500346e+02,-9.134106861114364051e+01
4.670006718750000232e+02,-9.010348670621341682e+01
4.670009648437500118e+02,-9.532127538536013844e+01
4.670012578125000005e+02,-8.519675286587801111e+01
4.670015507812499891e+02,-8.815547609361466641e+01
4.670018437500000346e+02,-9.439875241924406168e+01
4.670021367187500232e+02,-9.949155719739630399e+01
4.670024296875000118e+02,-8.756166282887429020e+01
4.670027226562500005e+02,-8.374241490542929967e+01
4.670030156249999891e+02,-9.013135611200888775e+01
4.670033085937500346e+02,-9.036771628979107618e+01
4.670036015625000232e+02,-8.688559287393020725e+01
4.670038945312500118e+02,-9.023639808375433802e+01
4.670041875000000005e+02,-1.008177570934261098e+02
4.670044804687499891e+02,-1.037900568292738228e+02
4.670047734375000346e+02,-1.013967986605649685e+02
4.670050664062500232e+02,-8.789171058572259199e+01
4.670053593750000118e+02,-8.667925434952614694e+01
4.670056523437500005e+02,-8.829448875012069209e+01
4.670059453124999891e+02,-8.885929665650955656e+01
4.670062382812500346e+02,-8.438205864888546159e+01
4.670065312500000232e+02,-9.164296294903758167e+01
4.670068242187500118e+02,-9.016640523027280096e+01
4.670071171875000005e+02,-9.186061163994864387e+01
4.670074101562499891e+02,-9.902534121466771921e+01
4.670077031250000346e+02,-9.052615773905171181e+01
4.670079960937500232e+02,-9.372719022712546177e+01
4.670082890625000118e+02,-9.010264147508362953e+01
4.670085820312500005e+02,-8.853918449762164755e+01
4.670088749999999891e+02,-9.602172910306150300e+01
4.670091679687500346e+02,-1.017677267095053395e+02
4.670094609375000232e+02,-8.549480218357324190e+01
4.670097539062500118e+02,-8.821636173450592366e+01
4.670100468750000005e+02,-9.191992093664170227e+01
4.670103398437499891e+02,-1.013592884480638361e+02
4.670106328125000346e+02,-1.051915873413093436e+02
4.670109257812500232e+02,-9.726178830769164563e+01
4.670112187500000118e+02,-9.065382287789597626e+01
4.670115117187500005e+02,-8.952693973704980124e+01
4.670118046874999891e+02,-8.944479686229756510e+01
4.670120976562500346e+02,-9.632642889336094072e+01
4.670123906250000232e+02,-8.921776681708820433e+01
4.670126835937500118e+02,-1.026335684628139120e+02
4.670129765625000005e+02,-9.515497313027681514e+01
4.670132695312499891e+02,-8.874660201895294165e+01
4.670135625000000346e+02,-8.885144455955483522e+01
4.670138554687500232e+02,-9.819708596463181038e+01
4.670141484375000118e+02,-9.894537456982158119e+01
4.670144414062500005e+02,-8.868420034427711585e+01
4.670147343749999891e+02,-9.647791586815323228e+01
4.670150273437500346e+02,-9.101323438555738221e+01
4.670153203125000232e+02,-8.725606281874873105e+01
4.670156132812500118e+02,-8.931699751432020662e+01
4.670159062500000005e+02,-9.131195281824504661e+01
4.670161992187499891e+02,-9.185999636944025326e+01
4.670164921875000346e+02,-9.176916850001013870e+01
4.670167851562500232e+02,-8.820790263694038913e+01
4.670170781250000118e+02,-9.666157612553200806e+01
4.670173710937500005e+02,-1.047122913220659512e+02
4.670176640624999891e+02,-9.606920033634634137e+01
4.670179570312500346e+02,-9.266107378361574831e+01
4.670182500000000232e+02,-9.450185883915645491e+01
4.670185429687500118e+02,-9.885644845873687814e+01
4.670188359375000005e+02,-9.145381950997418130e+01
4.670191289062499891e+02,-8.716851643515468595e+01
4.670194218750000346e+02,-8.730064202976652155e+01
4.670197148437500232e+02,-9.053871976033001090e+01
4.670200078125000118e+02,-8.388005020913659848e+01
4.670203007812500005e+02,-9.052388494328347690e+01
4.670205937499999891e+02,-9.836599704184243365e+01
4.670208867187500346e+02,-8.855421206596930972e+01
4.670211796875000232e+02,-9.218591183253266763e+01
4.670214726562500118e+02,-8.724597118604279444e+01
4.670217656250000005e+02,-8.474036570748060626e+01
4.670220585937499891e+02,-9.002117919077599595e+01
4.670223515625000346e+02,-8.936615847375446720e+01
4.670226445312500232e+02,-9.873341481873688963e+01
4.670229375000000118e+02,-9.450192544422077390e+01
4.670232304687500005e+02,-9.704042491890936617e+01
4.670235234374999891e+02,-9.694143219204184447e+01
4.670238164062500346e+02,-9.667164420993742624e+01
4.670241093750000232e+02,-9.382508280548969992e+01
4.670244023437500118e+02,-8.902270824377553993e+01
4.670246953125000005e+02,-9.571327799697478156e+01
4.670249882812499891e+02,-8.795066330108370778e+01
4.670252812500000346e+02,-9.058314763013940762e+01
4.670255742187500232e+02,-9.012002848685716572e+01
4.670258671875000118e+02,-9.294028989286714193e+01
4.670261601562500005e+02,-9.791068057443942507e+01
4.670264531249999891e+02,-8.735066026906180525e+01
4.670267460937500346e+02,-8.853713693119686923e+01
4.670270390625000232e+02,-8.943277138247985647e+01
4.670273320312500118e+02,-8.697756740062659730e+01
4.670276250000000005e+02,-9.051799992611194057e+01
4.670279179687499891e+02,-9.729603148816826774e+01
4.670282109375000346e+02,-8.718817937981660293e+01
4.670285039062500232e+02,-9.774725349015429288e+01
4.670287968750000118e+02,-8.815431348266967859e+01
4.670290898437500005e+02,-8.575476841119332505e+01
4.670293828124999891e+02,-9.617966721557377241e+01
4.670296757812500346e+02,-9.459308217954762199e+01
4.670299687500000232e+02,-9.783944701066170069e+01
4.670302617187500118e+02,-8.945522860129685228e+01
4.670305546875000005e+02,-9.790228125431031003e+01
4.670308476562499891e+02,-1.064239134406865759e+02
4.670311406250000346e+02,-9.482900417796436443e+01
4.670314335937500232e+02,-8.910828187164229064e+01
4.670317265625000118e+02,-9.162890421894950066e+01
4.670320195312500005e+02,-9.239080243160360340e+01
4.670323124999999891e+02,-9.118349360040896556e+01
4.670326054687500346e+02,-9.459756874707336749e+01
4.670328984375000232e+02,-9.210205702258312499e+01
4.670331914062500118e+02,-1.004383472748801864e+02
4.670334843750000005e+02,-8.840244904758242228e+01
4.670337773437499891e+02,-9.328210496966933363e+01
4.670340703125000346e+02,-9.438833917316932798e+01
4.670343632812500232e+02,-8.878476011752441366e+01
4.670346562500000118e+02,-9.234538120999926036e+01
4.670349492187500005e+02,-9.959567784360643827e+01
4.670352421874999891e+02,-8.943194299123717883e+01
4.670355351562500346e+02,-8.830895845164953073e+01
4.670358281250000232e+02,-8.945759953451863566e+01
4.670361210937500118e+02,-8.538462603129508466e+01
4.670364140625000005e+02,-8.716686409524903922e+01
4.670367070312499891e+02,-9.353752761878547517e+01
4.670370000000000346e+02,-9.116261887028692001e+01
4.670372929687500232e+02,-9.597126781216935854e+01
4.670375859375000118e+02,-9.185273470179421906e+01
4.670378789062500005e+02,-8.634378512188958155e+01
4.670381718749999891e+02,-9.002730618829684772e+01
4.670384648437500346e+02,-9.642737190745793896e+01
4.670387578125000232e+02,-8.660800106726136960e+01
4.670390507812500118e+02,-8.741981347128415791e+01
4.670393437500000005e+02,-8.936076543817176798e+01
4.670396367187499891e+02,-1.026512241790876203e+02
4.670399296875000346e+02,-9.290404882388560281e+01
4.670402226562500232e+02,-1.032798146005874429e+02
4.670405156250000118e+02,-1.077043029097405906e+02
4.670408085937500005e+02,-9.282229515748366566e+01
4.670411015624999891e+02,-8.804713743585563179e+01
4.670413945312500346e+02,-8.808841190743449090e+01
4.670416875000000232e+02,-8.947035815713061879e+01
4.670419804687500118e+02,-9.455806621696618208e+01
4.670422734375000005e+02,-9.712566695742413003e+01
4.670425664062499891e+02,-9.597852677037563751e+01
4.670428593750000346e+02,-8.904677967394201232e+01
4.670431523437500232e+02,-8.781496517140176650e+01
4.670434453125000118e+02,-9.437828456650244391e+01
4.670437382812500005e+02,-8.891155463180467677e+01
4.670440312499999891e+02,-9.671109443687008422e+01
4.670443242187500346e+02,-9.142875957344925553e+01
4.670446171875000232e+02,-9.129860878607316010e+01
4.670449101562500118e+02,-8.995099376248894885e+01
4.670452031250000005e+02,-8.422742457101151103e+01
4.670454960937499891e+02,-8.883584096336113589e+01
4.670457890625000346e+02,-9.284435851033910581e+01
4.670460820312500232e+02,-8.955950434014687289e+01
4.670463750000000118e+02,-9.826796176126083537e+01
4.670466679687500005e+02,-8.896709265615022844e+01
4.670469609374999891e+02,-8.478017568403853943e+01
4.670472539062500346e+02,-8.471542381398899124e+01
4.670475468750000232e+02,-8.657863960962427541e+01
4.670478398437500118e+02,-9.757718312554618478e+01
4.670481328125000005e+02,-9.178675275372256692e+01
4.670484257812499891e+02,-8.770552244425840627e+01
4.670487187500000346e+02,-8.813975738882876954e+01
4.670490117187500232e+02,-8.693023168922067612e+01
4.670493046875000118e+02,-8.863483958471006474e+01
4.670495976562500005e+02,-8.631109860631295305e+01
4.670498906249999891e+02,-8.607493963677117677e+01
4.670501835937500346e+02,-8.618403515596565967e+01
4.670504765625000232e+02,-9.855108117536387624e+01
4.670507695312500118e+02,-1.061903031544145506e+02
4.670510625000000005e+02,-8.859977945780427433e+01
4.670513554687499891e+02,-9.104469795657159636e+01
4.670516484375000346e+02,-1.050469432299917258e+02
4.670519414062500232e+02,-9.206522130330930054e+01
4.670522343750000118e+02,-8.792416881383864791e+01
4.670525273437500005e+02,-8.986813240048769558e+01
4.670528203124999891e+02,-9.024555913201636770e+01
4.670531132812500346e+02,-9.386612293535606000e+01
4.670534062500000232e+02,-9.232765947458560163e+01
4.670536992187500118e+02,-9.989238221019132880e+01
4.670539921875000005e+02,-8.879893954299605241e+01
4.670542851562499891e+02,-8.646898067343335015e+01
4.670545781250000346e+02,-8.460505251952055517e+01
4.670548710937500232e+02,-8.602989543302444986e+01
4.670551640625000118e+02,-9.442259252517956725e+01
4.670554570312500005e+02,-9.929491119898293050e+01
4.670557499999999891e+02,-9.010780203794294607e+01
4.670560429687500346e+02,-8.467563245564855379e+01
4.670563359375000232e+02,-8.739060542608717697e+01
4.670566289062500118e+02,-9.534648832521696704e+01
4.670569218750000005e+02,-1.038755421765168876e+02
4.670572148437499891e+02,-9.195689217445860208e+01
4.670575078125000346e+02,-8.660000583151213505e+01
4.670578007812500232e+02,-8.643448126435551160e+01
4.670580937500000118e+02,-1.070728961862224793e+02
4.670583867187500005e+02,-9.241871331460859551e+01
4.670586796874999891e+02,-8.734903278817688488e+01
4.670589726562500346e+02,-9.248020714611323001e+01
4.670592656250000232e+02,-8.609032194343713229e+01
4.670595585937500118e+02,-8.240072685463155722e+01
4.670598515625000005e+02,-8.682194787793795854e+01
4.670601445312499891e+02,-9.468203435462056916e+01
4.670604375000000346e+02,-9.510757826802802128e+01
4.670607304687500232e+02,-9.226057172632975778e+01
4.670610234375000118e+02,-8.967435635564670804e+01
4.670613164062500005e+02,-9.629044962990178647e+01
4.670616093749999891e+02,-9.204596503714496691e+01
4.670619023437500346e+02,-9.816823873167854231e+01
4.670621953125000232e+02,-8.931313654938691116e+01
4.670624882812500118e+02,-8.584013341809608733e+01
4.670627812500000005e+02,-8.865643044998718381e+01
4.670630742187499891e+02,-8.681465472413293583e+01
4.670633671875000346e+02,-9.044471011132904437e+01
4.670636601562500232e+02,-9.171052878543372344e+01
4.670639531250000118e+02,-9.448449891688557045e+01
4.670642460937500005e+02,-1.017801823278027769e+02
4.670645390624999891e+02,-8.984511082534655202e+01
4.670648320312500346e+02,-1.007373474574301042e+02
4.670651250000000232e+02,-8.840438674190279755e+01
4.670654179687500118e+02,-9.106395422715513632e+01
4.670657109375000005e+02,-9.002148498343748884e+01
4.670660039062499891e+02,-9.848471633595406161e+01
4.670662968750000346e+02,-9.403381434354650992e+01
4.670665898437500232e+02,-8.579760283181066427e+01
4.670668828125000118e+02,-8.588908374892264419e+01
4.670671757812500005e+02,-1.009712308072403033e+02
4.670674687499999891e+02,-9.161767385166244537e+01
4.670677617187500346e+02,-8.900749900506484380e+01
4.670680546875000232e+02,-9.550230080536519495e+01
4.670683476562500118e+02,-9.850363232281735293e+01
4.670686406250000005e+02,-1.056270098230141627e+02
4.670689335937499891e+02,-1.077911726417841294e+02
4.670692265625000346e+02,-8.905960865953821326e+01
4.670695195312500232e+02,-1.049514200563934310e+02
4.670698125000000118e+02,-8.593995873218169379e+01
4.670701054687500005e+02,-8.473861538260869963e+01
4.670703984374999891e+02,-8.868765199120987575e+01
4.670706914062500346e+02,-8.694741094116963609e+01
4.670709843750000232e+02,-9.949590393353292939e+01
4.670712773437500118e+02,-8.293299736179110937e+01
4.670715703125000005e+02,-8.358347334784642158e+01
4.670718632812499891e+02,-9.182325596212292851e+01
4.670721562500000346e+02,-9.071817169600657849e+01
4.670724492187500232e+02,-9.916085045809202825e+01
4.670727421875000118e+02,-9.799219271722819258e+01
4.670730351562500005e+02,-9.200868136662228380e+01
4.670733281249999891e+02,-9.400346112634800022e+01
4.670736210937500346e+02,-8.862967227638631584e+01
4.670739140625000232e+02,-8.435469599457228185e+01
4.670742070312500118e+02,-9.090181605816405863e+01
4.670745000000000005e+02,-1.001335311970825472e+02
4.670747929687499891e+02,-9.864927549859693556e+01
4.670750859375000346e+02,-8.935092696919383570e+01
4.670753789062500232e+02,-9.693290919073848499e+01
4.670756718750000118e+02,-8.964053783787630891e+01
4.670759648437500005e+02,-9.367632895194505238e+01
4.670762578124999891e+02,-8.792541191954613566e+01
4.670765507812500346e+02,-8.702517051568848672e+01
4.670768437500000232e+02,-8.878230916873420142e+01
4.670771367187500118e+02,-9.017720170693452530e+01
4.670774296875000005e+02,-9.039183088638742447e+01
4.670777226562499891e+02,-9.491973183716125106e+01
4.670780156250000346e+02,-1.087426031977136347e+02
4.670783085937500232e+02,-9.112682418265015372e+01
4.670786015625000118e+02,-8.501934328705216615e+01
4.670788945312500005e+02,-9.017875131954482981e+01
4.670791874999999891e+02,-8.804938616591037714e+01
4.670794804687500346e+02,-8.456610624407917953e+01
4.670797734375000232e+02,-8.721987490918914432e+01
4.670800664062500118e+02,-9.277830267066664760e+01
4.670803593750000005e+02,-9.335560008515854236e+01
4.670806523437499891e+02,-9.435096424759908018e+01
4.670809453125000346e+02,-9.473093706541362735e+01
4.670812382812500232e+02,-9.231023826618744010e+01
4.670815312500000118e+02,-1.010562195914696133e+02
4.670818242187500005e+02,-8.809858836512805169e+01
4.670821171874999891e+02,-8.774503427407245226e+01
4.670824101562500346e+02,-8.698837957786128072e+01
4.670827031250000232e+02,-8.987258634171313076e+01
4.670829960937500118e+02,-8.792591800036241523e+01
4.670832890625000005e+02,-8.933556016196591543e+01
4.670835820312499891e+02,-9.623243345407153981e+01
4.670838750000000346e+02,-8.692096692857425921e+01
4.670841679687500232e+02,-8.038821046797207259e+01
4.670844609375000118e+02,-8.610526660606146265e+01
4.670847539062500005e+02,-8.916372013426256160e+01
4.670850468749999891e+02,-8.923564772058419692e+01
4.670853398437500346e+02,-1.009618223631346154e+02
4.670856328125000232e+02,-8.739619907006043320e+01
4.670859257812500118e+02,-8.933370582842057672e+01
4.670862187500000005e+02,-9.005982203731447555e+01
4.670865117187499891e+02,-8.909040214967780003e+01
4.670868046875000346e+02,-9.122455738135437286e+01
4.670870976562500232e+02,-9.122778845203669107e+01
4.670873906250000118e+02,-1.021240807425132999e+02
4.670876835937500005e+02,-1.030481255027381025e+02
4.670879765624999891e+02,-9.651719659522737516e+01
4.670882695312500346e+02,-9.713537303047019122e+01
4.670885625000000232e+02,-9.588941163382990851e+01
4.670888554687500118e+02,-9.028649538086229143e+01
4.670891484375000005e+02,-9.418901616898011753e+01
4.670894414062499891e+02,-1.039008251017100122e+02
4.670897343750000346e+02,-8.832267688812402184e+01
4.670900273437500232e+02,-8.791826336946813569e+01
4.670903203125000118e+02,-9.245628835887109176e+01
4.670906132812500005e+02,-9.403858978665910229e+01
4.670909062499999891e+02,-8.163757866833101673e+01
4.670911992187500346e+02,-7.584249120816912182e+01
4.670914921875000232e+02,-8.386192728136528274e+01
4.670917851562500118e+02,-8.775382275063245174e+01
4.670920781250000005e+02,-8.452354602557902297e+01
4.670923710937499891e+02,-9.205161298760978639e+01
4.670926640625000346e+02,-9.121032705200882162e+01
4.670929570312500232e+02,-9.597868742806463160e+01
4.670932500000000118e+02,-9.955857231978298216e+01
4.670935429687500005e+02,-9.657478732786111664e+01
4.670938359374999891e+02,-9.301442615551954418e+01
4.670941289062500346e+02,-9.210923471938491502e+01
4.670944218750000232e+02,-1.056418395279721949e+02
4.670947148437500118e+02,-8.460851501741220204e+01
4.670950078125000005e+02,-8.704280572133031058e+01
4.670953007812499891e+02,-8.937397906992876528e+01
4.670955937500000346e+02,-8.754177125517257707e+01
4.670958867187500232e+02,-9.055307533834751155e+01
4.670961796875000118e+02,-9.518101109915511415e+01
4.670964726562500005e+02,-9.093449960549807543e+01
4.670967656249999891e+02,-8.586963959174718752e+01
4.670970585937500346e+02,-8.951083868817734412e+01
4.670973515625000232e+02,-9.239624487790840135e+01
4.670976445312500118e+02,-8.739796038549141599e+01
4.670979375000000005e+02,-8.859384435318482076e+01
4.670982304687499891e+02,-8.750031998901479824e+01
4.670985234375000346e+02,-9.080066548295626205e+01
4.670988164062500232e+02,-9.640023756081876627e+01
4.670991093750000118e+02,-9.662563970491844145e+01
4.670994023437500005e+02,-8.824174399237983835e+01
4.670996953124999891e+02,-9.225801690744562222e+01
4.670999882812500346e+02,-8.902827398787586333e+01
4.671002812500000232e+02,-8.191839956071194706e+01
4.671005742187500118e+02,-8.223077439804883682e+01
4.671008671875000005e+02,-9.546432470270106307e+01
4.671011601562499891e+02,-9.448602176311615608e+01
4.671014531250000346e+02,-9.234164515448783561e+01
4.671017460937500232e+02,-8.557590977131579280e+01
4.671020390625000118e+02,-8.426981497259620824e+01
4.671023320312500005e+02,-9.299546626330700860e+01
4.671026249999999891e+02,-9.284474739894008621e+01
4.671029179687500346e+02,-9.968238324422128471e+01
4.671032109375000232e+02,-9.368686521283991908e+01
4.671035039062500118e+02,-9.298008994518960435e+01
4.671037968750000005e+02,-8.916916636859821210e+01
4.671040898437499891e+02,-9.124824033414247992e+01
4.671043828125000346e+02,-9.295498409904196535e+01
4.671046757812500232e+02,-9.044054345031494790e+01
4.671049687500000118e+02,-9.286429731796715714e+01
4.671052617187500005e+02,-9.541380719142344446e+01
4.671055546874999891e+02,-9.679766531777785588e+01
4.671058476562500346e+02,-8.644052398284929950e+01
4.671061406250000232e+02,-8.797935684221667429e+01
4.671064335937500118e+02,-9.273174592615147560e+01
4.671067265625000005e+02,-9.949416775813099889e+01
4.671070195312499891e+02,-9.199477744438365789e+01
4.671073125000000346e+02,-8.804662895734408323e+01
4.671076054687500232e+02,-9.153401664566462159e+01
4.671078984375000118e+02,-1.075940284913651510e+02
4.671081914062500005e+02,-9.906747288164750387e+01
4.671084843749999891e+02,-9.058730934740941620e+01
4.671087773437500346e+02,-8.936267953299255851e+01
4.671090703125000232e+02,-8.983010674638643422e+01
4.671093632812500118e+02,-9.185893212108473449e+01
4.671096562500000005e+02,-8.577234481643257880e+01
4.671099492187499891e+02,-9.393755407175655137e+01
4.671102421875000346e+02,-9.381528904613277575e+01
4.671105351562500232e+02,-8.371695429479652262e+01
4.671108281250000118e+02,-9.002235425307681282e+01
4.671111210937500005e+02,-1.038031793885763534e+02
4.671114140624999891e+02,-1.006246085430122434e+02
4.671117070312500346e+02,-8.884015057795359382e+01
4.671120000000000232e+02,-8.892420042602735464e+01
4.671122929687500118e+02,-9.650950815980553443e+01
4.671125859375000005e+02,-9.742805809698359099e+01
4.671128789062499891e+02,-1.012140674572184764e+02
4.671131718750000346e+02,-8.902252938908291924e+01
4.671134648437500232e+02,-8.948526231351905835e+01
4.671137578125000118e+02,-9.201935301054049887e+01
4.671140507812500005e+02,-1.130530695961953569e+02
4.671143437499999891e+02,-9.374935055400911210e+01
4.671146367187500346e+02,-9.252728564662490385e+01
4.671149296875000232e+02,-8.828390031003964111e+01
4.671152226562500118e+02,-9.702883018762946676e+01
4.671155156250000005e+02,-8.940699469002596800e+01
4.671158085937499891e+02,-8.727276670350786958e+01
4.671161015625000346e+02,-9.012671908719534031e+01
4.671163945312500232e+02,-9.104557220528181460e+01
4.671166875000000118e+02,-9.482757970188329466e+01
4.671169804687500005e+02,-8.773479502795738938e+01
4.671172734374999891e+02,-9.247827335740525712e+01
4.671175664062500346e+02,-9.190176159224580488e+01
4.671178593750000232e+02,-8.768378822861079414e+01
4.671181523437500118e+02,-8.374767850637289257e+01
4.671184453125000005e+02,-8.495107126488819915e+01
4.671187382812499891e+02,-9.158050107752822555e+01
4.671190312500000346e+02,-8.576692241937712424e+01
4.671193242187500232e+02,-9.142831793750259806e+01
4.671196171875000118e+02,-9.056767124710070505e+01
4.671199101562500005e+02,-8.502446815998536067e+01
4.671202031249999891e+02,-8.743626070094327929e+01
4.671204960937500346e+02,-8.866299974298672737e+01
4.671207890625000232e+02,-8.357176084139730676e+01
4.671210820312500118e+02,-9.136024249026561961e+01
4.671213750000000005e+02,-1.046560486468035549e+02
4.671216679687499891e+02,-8.276690544355960810e+01
4.671219609375000346e+02,-8.805035098788258097e+01
4.671222539062500232e+02,-9.795222862448295587e+01
4.671225468750000118e+02,-8.647993140695162140e+01
4.671228398437500005e+02,-8.241036584888752259e+01
4.671231328124999891e+02,-8.470995128971074450e+01
4.671234257812500346e+02,-8.773736109556708129e+01
4.671237187500000232e+02,-9.384104930013504031e+01
4.671240117187500118e+02,-8.647741745239142119e+01
4.671243046875000005e+02,-8.950044041593118038e+01
4.671245976562499891e+02,-9.633458393704822242e+01
4.671248906250000346e+02,-8.806973533843608948e+01
4.671251835937500232e+02,-8.879882496783028500e+01
4.671254765625000118e+02,-8.778300902627947266e+01
4.671257695312500005e+02,-9.270537168630210090e+01
4.671260624999999891e+02,-9.349527522597220752e+01
4.671263554687500346e+02,-9.327970403099749319e+01
4.671266484375000232e+02,-9.197680640747115888e+01
4.671269414062500118e+02,-9.476086503209475609e+01
4.671272343750000005e+02,-9.041118270717689143e+01
4.671275273437499891e+02,-9.453138889691111046e+01
4.671278203125000346e+02,-8.955333788952914631e+01
4.671281132812500232e+02,-9.192334542121024299e+01
4.671284062500000118e+02,-9.424847117912513283e+01
4.671286992187500005e+02,-9.264671044425041657e+01
4.671289921874999891e+02,-8.474114178668584429e+01
4.671292851562500346e+02,-8.832625391555835392e+01
4.671295781250000232e+02,-1.040798310398388367e+02
4.671298710937500118e+02,-1.027424976989856589e+02
4.671301640625000005e+02,-9.042200408699217462e+01
4.671304570312499891e+02,-8.523689603544811177e+01
4.671307500000000346e+02,-8.807850916702386712e+01
4.671310429687500232e+02,-9.649437607989386834e+01
4.671313359375000118e+02,-9.365385636380808876e+01
4.671316289062500005e+02,-1.008756426410398035e+02
4.671319218749999891e+02,-8.623402465245041526e+01
4.671322148437500346e+02,-8.296688955686414602e+01
4.671325078125000232e+02,-8.652361388279206267e+01
4.671328007812500118e+02,-8.729348140751127971e+01
4.671330937500000005e+02,-9.015648090250856228e+01
4.671333867187499891e+02,-9.576451146062767350e+01
4.671336796875000346e+02,-9.792183283755997536e+01
4.671339726562500232e+02,-9.808289774670521410e+01
4.671342656250000118e+02,-8.962800094606693335e+01
4.671345585937500005e+02,-8.351727627433716350e+01
4.671348515624999891e+02,-8.795627073709349020e+01
4.671351445312500346e+02,-8.812802941782703670e+01
4.671354375000000232e+02,-8.879360244319364881e+01
4.671357304687500118e+02,-9.138926641004235307e+01
4.671360234375000005e+02,-9.210591461653430656e+01
4.671363164062499891e+02,-9.526592898987907176e+01
4.671366093750000346e+02,-1.017322322722673391e+02
4.671369023437500232e+02,-9.631517858238748886e+01
4.671371953125000118e+02,-9.018602860143229805e+01
4.671374882812500005e+02,-9.439151377177849156e+01
4.671377812499999891e+02,-9.516916810518299030e+01
4.671380742187500346e+02,-8.929640737586413479e+01
4.671383671875000232e+02,-8.201701391310783151e+01
4.671386601562500118e+02,-8.149875675797136410e+01
4.671389531250000005e+02,-9.375957672125167619e+01
4.671392460937499891e+02,-8.672686913952119880e+01
4.671395390625000346e+02,-9.414830051249553833e+01
4.671398320312500232e+02,-8.531762214925683452e+01
4.671401250000000118e+02,-8.464223932140481566e+01
4.671404179687500005e+02,-8.589501490448348875e+01
4.671407109374999891e+02,-9.791281970327480622e+01
4.671410039062500346e+02,-8.596706046395601675e+01
4.671412968750000232e+02,-8.581520178104295837e+01
4.671415898437500118e+02,-9.193196635124499494e+01
4.671418828125000005e+02,-9.189600203464723904e+01
4.671421757812499891e+02,-9.420126077373957685e+01
4.671424687500000346e+02,-9.036985428069770876e+01
4.671427617187500232e+02,-8.977757912537462914e+01
4.671430546875000118e+02,-8.704331050770802847e+01
4.671433476562500005e+02,-8.774935958346951281e+01
4.671436406249999891e+02,-8.729370749648541050e+01
4.671439335937500346e+02,-8.523037303476996840e+01
4.671442265625000232e+02,-8.320310452042605220e+01
4.671445195312500118e+02,-8.361105042131529785e+01
4.671448125000000005e+02,-8.308559337003231349e+01
4.671451054687499891e+02,-1.038964394423640272e+02
4.671453984375000346e+02,-8.923774895425694353e+01
4.671456914062500232e+02,-9.250925046069220059e+01
4.671459843750000118e+02,-8.608911783480868962e+01
4.671462773437500005e+02,-9.140065327011043905e+01
4.671465703124999891e+02,-8.404929881473641728e+01
4.671468632812500346e+02,-8.090041588260947947e+01
4.671471562500000232e+02,-8.452524538313045355e+01
4.671474492187500118e+02,-9.195762656488447817e+01
4.671477421875000005e+02,-9.512835900859121807e+01
4.671480351562499891e+02,-8.541989711625819837e+01
4.671483281250000346e+02,-9.370904645135266264e+01
4.671486210937500232e+02,-8.560124232812569289e+01
4.671489140625000118e+02,-9.003823752495250687e+01
4.671492070312500005e+02,-9.074628306916778797e+01
4.671494999999999891e+02,-9.205969680617798190e+01
4.671497929687500346e+02,-9.015557105994439269e+01
4.671500859375000232e+02,-8.547459425268118594e+01
4.671503789062500118e+02,-8.400342373859155032e+01
4.671506718750000005e+02,-8.682650363345983635e+01
4.671509648437499891e+02,-8.691991709672194588e+01
4.671512578125000346e+02,-9.563820659476542119e+01
4.671515507812500232e+02,-9.436965492749061468e+01
4.671518437500000118e+02,-9.714842322214664705e+01
4.671521367187500005e+02,-9.397742751027078612e+01
4.671524296874999891e+02,-9.274811656872735455e+01
4.671527226562500346e+02,-9.216432120976712383e+01
4.671530156250000232e+02,-9.283553815420866329e+01
4.671533085937500118e+02,-9.114835940002694770e+01
4.671536015625000005e+02,-9.592294212769830608e+01
4.671538945312499891e+02,-8.585404544779849800e+01
4.671541875000000346e+02,-9.347783037954415875e+01
4.671544804687500232e+02,-8.981577184643064982e+01
4.671547734375000118e+02,-9.773987915929762949e+01
4.671550664062500005e+02,-8.508045642748334103e+01
4.671553593749999891e+02,-8.352141195085194170e+01
4.671556523437500346e+02,-8.421220539772170355e+01
4.671559453125000232e+02,-8.631827173611273452e+01
4.671562382812500118e+02,-9.208707843044862784e+01
4.671565312500000005e+02,-1.002718284396556072e+02
4.671568242187499891e+02,-9.192475142262136956e+01
4.671571171875000346e+02,-8.649717809640684152e+01
4.671574101562500232e+02,-9.004064497489213181e+01
4.671577031250000118e+02,-8.925290458294378482e+01
4.671579960937500005e+02,-8.208091655711797330e+01
4.671582890624999891e+02,-8.304700777696967862e+01
4.671585820312500346e+02,-1.002408298534464137e+02
4.671588750000000232e+02,-8.575250282267050750e+01
4.671591679687500118e+02,-8.868449538000706411e+01
4.671594609375000005e+02,-9.687563931372528714e+01
4.671597539062499891e+02,-8.660250438270998075e+01
4.671600468750000346e+02,-9.003790951050019942e+01
4.671603398437500232e+02,-9.010751355425665565e+01
4.671606328125000118e+02,-8.756132895252441983e+01
4.671609257812500005e+02,-8.877615356970380844e+01
4.671612187499999891e+02,-9.018876943362143095e+01
4.671615117187500346e+02,-9.309025990850180676e+01
4.671618046875000232e+02,-9.136625047753719286e+01
4.671620976562500118e+02,-9.571416263417305004e+01
4.671623906250000005e+02,-9.081875094697495854e+01
4.671626835937499891e+02,-9.703003293054618439e+01
4.671629765625000346e+02,-9.431388893501504356e+01
4.671632695312500232e+02,-8.901581146956650059e+01
4.671635625000000118e+02,-9.626391842133047305e+01
4.671638554687500005e+02,-9.093939206578022549e+01
4.671641484374999891e+02,-9.398804701410712426e+01
4.671644414062500346e+02,-9.304949985293183090e+01
4.671647343750000232e+02,-8.465686163233982597e+01
4.671650273437500118e+02,-8.548035562590293068e+01
4.671653203125000005e+02,-8.254406745088101616e+01
4.671656132812499891e+02,-8.549885490179818248e+01
4.671659062500000346e+02,-8.638376938279664330e+01
4.671661992187500232e+02,-8.363400984071969901e+01
4.671664921875000118e+02,-9.005149413110038381e+01
4.671667851562500005e+02,-9.284905849833357649e+01
4.671670781249999891e+02,-8.357303615883938619e+01
4.671673710937500346e+02,-1.135578042463707362e+02
4.671676640625000232e+02,-9.253611499565823806e+01
4.671679570312500118e+02,-9.800940366326284447e+01
4.671682500000000005e+02,-9.187119916548688536e+01
4.671685429687499891e+02,-8.777561247831336289e+01
4.671688359375000346e+02,-9.291827836153441922e+01
4.671691289062500232e+02,-9.359406257416887343e+01
4.671694218750000118e+02,-1.029634204796374206e+02
4.671697148437500005e+02,-9.376325192618152471e+01
4.671700078124999891e+02,-8.919662144738487086e+01
4.671703007812500346e+02,-8.594185067472535877e+01
4.671705937500000232e+02,-9.291909586100143770e+01
4.671708867187500118e+02,-8.329311536187699971e+01
4.671711796875000005e+02,-8.363562864250724260e+01
4.671714726562499891e+02,-8.654110236684304880e+01
4.671717656250000346e+02,-8.874992749454789021e+01
4.671720585937500232e+02,-9.101441461496983720e+01
4.671723515625000118e+02,-9.244827121922425306e+01
4.671726445312500005e+02,-9.702510689113098863e+01
4.671729374999999891e+02,-8.785534153387430933e+01
4.671732304687500346e+02,-8.726428576976489637e+01
4.671735234375000232e+02,-8.970936219822465318e+01
4.671738164062500118e+02,-8.559658999887369646e+01
4.671741093750000005e+02,-9.551972314969444255e+01
4.671744023437499891e+02,-9.245399349746759299e+01
4.671746953125000346e+02,-1.012089699656057604e+02
4.671749882812500232e+02,-9.932947722396873758e+01
4.671752812500000118e+02,-9.049893874854222986e+01
4.671755742187500005e+02,-9.160176952169321396e+01
4.671758671874999891e+02,-8.644329570638049631e+01
4.671761601562500346e+02,-9.262608471907162766e+01
4.671764531250000232e+02,-9.174360713148338675e+01
4.671767460937500118e+02,-8.417070446061801192e+01
4.671770390625000005e+02,-8.606854340425316252e+01
4.671773320312499891e+02,-1.008468520851842243e+02
4.671776250000000346e+02,-8.735975913281315286e+01
4.671779179687500232e+02,-8.123616305664253900e+01
4.671782109375000118e+02,-8.141728572401467545e+01
4.671785039062500005e+02,-8.959747197184901779e+01
4.671787968749999891e+02,-9.167134691264364221e+01
4.671790898437500346e+02,-9.070221733005070064e+01
4.671793828125000232e+02,-8.796048204100580392e+01
4.671796757812500118e+02,-8.326275106913621471e+01
4.671799687500000005e+02,-8.421637381125171373e+01
4.671802617187499891e+02,-8.207138260029752530e+01
4.671805546875000346e+02,-7.950588129998709519e+01
4.671808476562500232e+02,-8.740749822531491020e+01
4.671811406250000118e+02,-1.008504504184925565e+02
4.671814335937500005e+02,-8.494258152038642606e+01
4.671817265624999891e+02,-8.409516627036703085e+01
4.671820195312500346e+02,-8.151639318397856471e+01
4.671823125000000232e+02,-7.996773544595161809e+01
4.671826054687500118e+02,-8.082144066988735176e+01
4.671828984375000005e+02,-8.357397553942928425e+01
4.671831914062499891e+02,-8.827162945846930597e+01
4.671834843750000346e+02,-9.930168851740837965e+01
4.671837773437500232e+02,-9.645777995115307135e+01
4.671840703125000118e+02,-9.573450000273334126e+01
4.671843632812500005e+02,-8.514030558851754904e+01
4.671846562499999891e+02,-8.665801680881997981e+01
4.671849492187500346e+02,-9.141271147668123831e+01
4.671852421875000232e+02,-8.759711821960875966e+01
4.671855351562500118e+02,-8.976531045447302404e+01
4.671858281250000005e+02,-8.695346728251558943e+01
4.671861210937499891e+02,-8.803991925433419397e+01
4.671864140625000346e+02,-8.421562338099876399e+01
4.671867070312500232e+02,-8.015690767945935136e+01
4.671870000000000118e+02,-8.319764060131504380e+01
4.671872929687500005e+02,-8.767561237581256250e+01
4.671875859374999891e+02,-9.113858818214035296e+01
4.671878789062500346e+02,-8.955763013574481590e+01
4.671881718750000232e+02,-9.473152296664264327e+01
4.671884648437500118e+02,-8.552553536059875228e+01
4.671887578125000005e+02,-8.921616905777911199e+01
4.671890507812499891e+02,-8.753504372707281789e+01
4.671893437500000346e+02,-1.055576745877652058e+02
4.671896367187500232e+02,-8.356124859522137172e+01
4.671899296875000118e+02,-8.585696760159704866e+01
4.671902226562500005e+02,-8.659628194527658707e+01
4.671905156249999891e+02,-8.564345498511615062e+01
4.671908085937500346e+02,-8.712909363279591446e+01
4.671911015625000232e+02,-8.743954799690030200e+01
4.671913945312500118e+02,-8.899452883599551001e+01
4.671916875000000005e+02,-1.048918432752510626e+02
4.671919804687499891e+02,-8.750329189441757194e+01
4.671922734375000346e+02,-9.487394833489568668e+01
4.671925664062500232e+02,-1.037305298278962908e+02
4.671928593750000118e+02,-8.829010520285794428e+01
4.671931523437500005e+02,-8.848431723322588027e+01
4.671934453124999891e+02,-8.768338408504470749e+01
4.671937382812500346e+02,-8.439062688850627580e+01
4.671940312500000232e+02,-9.160223637148105524e+01
4.671943242187500118e+02,-9.123473839176679689e+01
4.671946171875000005e+02,-8.855557149070911294e+01
4.671949101562499891e+02,-8.285777778133883942e+01
4.671952031250000346e+02,-8.440957062592303828e+01
4.671954960937500232e+02,-8.573611230143890793e+01
4.671957890625000118e+02,-8.409455128517996059e+01
4.671960820312500005e+02,-8.093747190180449991e+01
4.671963749999999891e+02,-9.282442892534018597e+01
4.671966679687500346e+02,-8.848429531012143912e+01
4.671969609375000232e+02,-8.838314537897893786e+01
4.671972539062500118e+02,-8.518325308315701250e+01
4.671975468750000005e+02,-8.878455146906813411e+01
4.671978398437499891e+02,-8.938493411704799030e+01
4.671981328125000346e+02,-8.457518949500652639e+01
4.671984257812500232e+02,-8.352906339594318297e+01
4.671987187500000118e+02,-9.016544007122645610e+01
4.671990117187500005e+02,-8.848295395964586874e+01
4.671993046874999891e+02,-9.365437796923890801e+01
4.671995976562500346e+02,-8.789318448935281936e+01
4.671998906250000232e+02,-9.042964184096217650e+01
4.672001835937500118e+02,-8.589798772425447737e+01
4.672004765625000005e+02,-9.040068714552846529e+01
4.672007695312499891e+02,-9.601959865179081532e+01
4.672010625000000346e+02,-9.064455327701588772e+01
4.672013554687500232e+02,-9.891100821584970504e+01
4.672016484375000118e+02,-9.306499764410145303e+01
4.672019414062500005e+02,-8.166235493587478800e+01
4.672022343749999891e+02,-8.123515647569782061e+01
4.672025273437500346e+02,-8.430613008055286173e+01
4.672028203125000232e+02,-8.612140641951225462e+01
4.672031132812500118e+02,-8.821428158700832967e+01
4.672034062500000005e+02,-8.409916954647250975e+01
4.672036992187499891e+02,-8.592024899930254378e+01
4.672039921875000346e+02,-8.615048973294882728e+01
4.672042851562500232e+02,-8.848053496759857239e+01
4.672045781250000118e+02,-8.275035956668813242e+01
4.672048710937500005e+02,-8.683495177368189388e+01
4.672051640624999891e+02,-8.165487343935369324e+01
4.672054570312500346e+02,-8.262669087670589363e+01
4.672057500000000232e+02,-8.130423818357732557e+01
4.672060429687500118e+02,-8.184771368583989215e+01
4.672063359375000005e+02,-8.385394948417825844e+01
4.672066289062499891e+02,-8.690176011043077153e+01
4.672069218750000346e+02,-9.190041207177607419e+01
4.672072148437500232e+02,-8.609327413276707830e+01
4.672075078125000118e+02,-8.464923737159162442e+01
4.672078007812500005e+02,-8.503871963716287041e+01
4.672080937499999891e+02,-9.174902785419205031e+01
4.672083867187500346e+02,-8.541495678370384326e+01
4.672086796875000232e+02,-8.826868301304611464e+01
4.672089726562500118e+02,-8.306548081564228880e+01
4.672092656250000005e+02,-8.485373650639841969e+01
4.672095585937499891e+02,-8.797995529590507147e+01
4.672098515625000346e+02,-9.058341554409798846e+01
4.672101445312500232e+02,-8.887547927178468399e+01
4.672104375000000118e+02,-9.292842224264653339e+01
4.672107304687500005e+02,-9.396363489717327866e+01
4.672110234374999891e+02,-8.584718452365132180e+01
4.672113164062500346e+02,-8.711761994566148815e+01
4.672116093750000232e+02,-9.044364847417935493e+01
4.672119023437500118e+02,-8.696854516091873677e+01
4.672121953125000005e+02,-8.235117307502079598e+01
4.672124882812499891e+02,-7.772394964010457841e+01
4.672127812500000346e+02,-7.868745926630951715e+01
4.672130742187500232e+02,-8.681030189748540238e+01
4.672133671875000118e+02,-8.422941612040445136e+01
4.672136601562500005e+02,-9.258991690702453070e+01
4.672139531249999891e+02,-8.342883246802443864e+01
4.672142460937500346e+02,-8.856253486917148621e+01
4.672145390625000232e+02,-8.413022031589787275e+01
4.672148320312500118e+02,-8.282654952291937889e+01
4.672151250000000005e+02,-8.529239358241773061e+01
4.672154179687499891e+02,-8.284369331610712095e+01
4.672157109375000346e+02,-8.018875958176523966e+01
4.672160039062500232e+02,-8.968093212352417254e+01
4.672162968750000118e+02,-8.574475756296624240e+01
4.672165898437500005e+02,-8.695669693733248096e+01
4.672168828124999891e+02,-9.144602382702080945e+01
4.672171757812500346e+02,-8.626044179999991002e+01
4.672174687500000232e+02,-8.364106001544195124e+01
4.672177617187500118e+02,-8.146606328786255347e+01
4.672180546875000005e+02,-8.718236832015001880e+01
4.672183476562499891e+02,-9.371542714604132129e+01
4.672186406250000346e+02,-9.089886751407360066e+01
4.672189335937500232e+02,-9.271604768591083712e+01
4.672192265625000118e+02,-8.733782455168069703e+01
4.672195195312500005e+02,-8.984648613258080729e+01
4.672198124999999891e+02,-8.618560042697379231e+01
4.672201054687500346e+02,-8.267212666962940659e+01
4.672203984375000232e+02,-9.007759984798042296e+01
4.672206914062500118e+02,-8.617028865146005501e+01
4.672209843750000005e+02,-8.537225778424966904e+01
4.672212773437499891e+02,-8.067418765923517299e+01
4.672215703125000346e+02,-8.485094031687530958e+01
4.672218632812500232e+02,-8.576849255782819625e+01
4.672221562500000118e+02,-9.624216947498035779e+01
4.672224492187500005e+02,-9.605469148144447900e+01
4.672227421874999891e+02,-8.577923436472337926e+01
4.672230351562500346e+02,-8.600363361996710410e+01
4.672233281250000232e+02,-8.282258344417365947e+01
4.672236210937500118e+02,-9.253360497010388031e+01
4.672239140625000005e+02,-9.264728351288837871e+01
4.672242070312499891e+02,-9.041697340665551508e+01
4.672245000000000346e+02,-8.568352925432304801e+01
4.672247929687500232e+02,-8.587822235298881424e+01
4.672250859375000118e+02,-8.295665842709144044e+01
4.672253789062500005e+02,-8.269578028600056996e+01
4.672256718749999891e+02,-8.090063742786372813e+01
4.672259648437500346e+02,-8.099547064162888432e+01
4.672262578125000232e+02,-8.008853434139450655e+01
4.672265507812500118e+02,-8.758634414172195193e+01
4.672268437500000005e+02,-8.892842804358521391e+01
4.672271367187499891e+02,-8.621690891372850274e+01
4.672274296875000346e+02,-8.235121624668275331e+01
4.672277226562500232e+02,-8.686919363961523288e+01
4.672280156250000118e+02,-8.987158256261250244e+01
4.672283085937500005e+02,-8.437339701981878193e+01
4.672286015624999891e+02,-8.942366424096859134e+01
4.672288945312500346e+02,-9.010471007505442742e+01
4.672291875000000232e+02,-8.923869713445016316e+01
4.672294804687500118e+02,-1.024936426419662752e+02
4.672297734375000005e+02,-8.415261824022329051e+01
4.672300664062499891e+02,-8.349535036809547250e+01
4.672303593750000346e+02,-8.010918064219467283e+01
4.672306523437500232e+02,-8.193593086385195079e+01
4.672309453125000118e+02,-9.489044069994471897e+01
4.672312382812500005e+02,-8.901927746233332073e+01
4.672315312499999891e+02,-9.622384801465383930e+01
4.672318242187500346e+02,-8.424590574429475964e+01
4.672321171875000232e+02,-8.029574131819137506e+01
4.672324101562500118e+02,-8.426771680456801050e+01
4.672327031250000005e+02,-8.483355599168217509e+01
4.672329960937499891e+02,-8.436063741758516699e+01
4.672332890625000346e+02,-8.424914961601945151e+01
4.672335820312500232e+02,-8.982022769890903646e+01
4.672338750000000118e+02,-8.767180183373488944e+01
4.672341679687500005e+02,-8.800518896065082686e+01
4.672344609374999891e+02,-9.873869678892275203e+01
4.672347539062500346e+02,-8.695445170297880111e+01
4.672350468750000232e+02,-8.661650926435265774e+01
4.672353398437500118e+02,-8.580254535915314307e+01
4.672356328125000005e+02,-8.402212748147132970e+01
4.672359257812499891e+02,-8.120107577724255066e+01
4.672362187500000346e+02,-8.598449664846259566e+01
4.672365117187500232e+02,-8.559878648066082008e+01
4.672368046875000118e+02,-8.451380933086039704e+01
4.672370976562500005e+02,-8.541665899836361575e+01
4.672373906249999891e+02,-8.123491366651471424e+01
4.672376835937500346e+02,-8.243205893068322609e+01
4.672379765625000232e+02,-9.566521018921143593e+01
4.672382695312500118e+02,-9.150058736559024908e+01
4.672385625000000005e+02,-8.381573599745945558e+01
4.672388554687499891e+02,-8.521255218657196906e+01
4.672391484375000346e+02,-8.360366702717952592e+01
4.672394414062500232e+02,-8.907137884332257727e+01
4.672397343750000118e+02,-8.550883436642605773e+01
4.672400273437500005e+02,-9.294728943964099699e+01
4.672403203124999891e+02,-9.154896439227033511e+01
4.672406132812500346e+02,-8.478536524423515175e+01
4.672409062500000232e+02,-1.023017604809097634e+02
4.672411992187500118e+02,-9.012997741913623884e+01
4.672414921875000005e+02,-8.980157470306964740e+01
4.672417851562499891e+02,-8.521000797084541034e+01
4.672420781250000346e+02,-8.247770609575427159e+01
4.672423710937500232e+02,-9.318498324197966554e+01
4.672426640625000118e+02,-8.773077352378967930e+01
4.672429570312500005e+02,-8.744643938492799862e+01
4.672432499999999891e+02,-8.268110454536613929e+01
4.672435429687500346e+02,-8.114696889745030717e+01
4.672438359375000232e+02,-7.993235848371742236e+01
4.672441289062500118e+02,-8.060906363314659018e+01
4.672444218750000005e+02,-8.168035295286968278e+01
4.672447148437499891e+02,-1.070776949156464610e+02
4.672450078125000346e+02,-9.870588622856755023e+01
4.672453007812500232e+02,-9.225894849333820957e+01
4.672455937500000118e+02,-8.783888672066284187e+01
4.672458867187500005e+02,-9.061555001946182131e+01
4.672461796874999891e+02,-8.428854645633826692e+01
4.672464726562500346e+02,-8.463141792315609280e+01
4.672467656250000232e+02,-8.751598334822092795e+01
4.672470585937500118e+02,-8.605052181495670993e+01
4.672473515625000005e+02,-9.844831438374690435e+01
4.672476445312499891e+02,-9.538979183612744350e+01
4.672479375000000346e+02,-9.068224375298953532e+01
4.672482304687500232e+02,-8.194761266080617190e+01
4.672485234375000118e+02,-8.219346295240968914e+01
4.672488164062500005e+02,-8.249893158445210872e+01
4.672491093749999891e+02,-8.319763614201234248e+01
4.672494023437500346e+02,-8.646657608054702848e+01
4.672496953125000232e+02,-9.838479366831055017e+01
4.672499882812500118e+02,-8.487498763867931473e+01
4.672502812500000005e+02,-8.619663285536132946e+01
4.672505742187499891e+02,-9.002173835301810811e+01
4.672508671875000346e+02,-8.385282762135531698e+01
4.672511601562500232e+02,-8.471275987520544959e+01
4.672514531250000118e+02,-8.776926583136558691e+01
4.672517460937500005e+02,-8.525529401251417028e+01
4.672520390624999891e+02,-8.472331847186018194e+01
4.672523320312500346e+02,-9.419829444665496965e+01
4.672526250000000232e+02,-9.124490026201910098e+01
4.672529179687500118e+02,-8.733437109022059985e+01
4.672532109375000005e+02,-8.865117326078839710e+01
4.672535039062499891e+02,-8.719610576827631121e+01
4.672537968750000346e+02,-9.391943615494309938e+01
4.672540898437500232e+02,-8.533276771583223308e+01
4.672543828125000118e+02,-8.395935206844690413e+01
4.672546757812500005e+02,-8.580618333368261119e+01
4.672549687499999891e+02,-8.352375334873175916e+01
4.672552617187500346e+02,-9.122741035302738055e+01
4.672555546875000232e+02,-8.547619488481487338e+01
4.672558476562500118e+02,-8.902764417794156770e+01
4.672561406250000005e+02,-8.424093262221929024e+01
4.672564335937499891e+02,-1.077310067495670154e+02
4.672567265625000346e+02,-9.216349069171819508e+01
4.672570195312500232e+02,-9.185235461156084114e+01
4.672573125000000118e+02,-8.492892615638382381e+01
4.672576054687500005e+02,-8.240423646341255903e+01
4.672578984374999891e+02,-8.326780578795751353e+01
4.672581914062500346e+02,-8.419484759447392719e+01
4.672584843750000232e+02,-7.889314681535570628e+01
4.672587773437500118e+02,-8.179608138267141726e+01
4.672590703125000005e+02,-8.460807868585459346e+01
4.672593632812499891e+02,-1.079400668982261777e+02
4.672596562500000346e+02,-9.402048095612730094e+01
4.672599492187500232e+02,-9.319425415623834397e+01
4.672602421875000118e+02,-8.342450531375142475e+01
4.672605351562500005e+02,-8.640123663511401730e+01
4.672608281249999891e+02,-8.472013747585911858e+01
4.672611210937500346e+02,-8.131838090258013096e+01
4.672614140625000232e+02,-8.893675386102043490e+01
4.672617070312500118e+02,-8.460680377219887305e+01
4.672620000000000005e+02,-8.145975183786488572e+01
4.672622929687499891e+02,-9.998375773652185217e+01
4.672625859375000346e+02,-8.474641190728748086e+01
4.672628789062500232e+02,-8.398772169746580118e+01
4.672631718750000118e+02,-8.378557233127145309e+01
4.672634648437500005e+02,-8.457096040984161789e+01
4.672637578124999891e+02,-9.218450652631936748e+01
4.672640507812500346e+02,-8.272550127265952824e+01
4.672643437500000232e+02,-8.707952971522493613e+01
4.672646367187500118e+02,-8.707605282419984860e+01
4.672649296875000005e+02,-8.525610519246569652e+01
4.672652226562499891e+02,-8.902814877725391796e+01
4.672655156250000346e+02,-8.787554777566791131e+01
4.672658085937500232e+02,-8.325234380160696901e+01
4.672661015625000118e+02,-8.237294049995414014e+01
4.672663945312500005e+02,-7.871404478621884948e+01
4.672666874999999891e+02,-8.516479918766302148e+01
4.672669804687500346e+02,-8.455463969846394434e+01
4.672672734375000232e+02,-8.359865981735839569e+01
4.672675664062500118e+02,-9.126553554741812491e+01
4.672678593750000005e+02,-9.460663316765293018e+01
4.672681523437499891e+02,-9.068670219753643380e+01
4.672684453125000346e+02,-8.274570827600095413e+01
4.672687382812500232e+02,-7.667208809108502976e+01
4.672690312500000118e+02,-7.940808606713498818e+01
4.672693242187500005e+02,-9.097460027073269373e+01
4.672696171874999891e+02,-8.228556885531386911e+01
4.672699101562500346e+02,-7.980808145918535956e+01
4.672702031250000232e+02,-8.196557891204162161e+01
4.672704960937500118e+02,-8.521481137143558726e+01
4.672707890625000005e+02,-7.966152723654283818e+01
4.672710820312499891e+02,-8.014238180205146023e+01
4.672713750000000346e+02,-7.975058776129810667e+01
4.672716679687500232e+02,-7.694360937671919487e+01
4.672719609375000118e+02,-7.917819189392493229e+01
4.672722539062500005e+02,-8.884344739482733644e+01
4.672725468749999891e+02,-8.477383578790423257e+01
4.672728398437500346e+02,-8.356032913596774847e+01
4.672731328125000232e+02,-8.503083578782002405e+01
4.672734257812500118e+02,-8.911053049158745409e+01
4.672737187500000005e+02,-8.996041131750865816e+01
4.672740117187499891e+02,-8.136008676517613480e+01
4.672743046875000346e+02,-7.996598886902400238e+01
4.672745976562500232e+02,-8.659731038198337671e+01
4.672748906250000118e+02,-8.596912849491963016e+01
4.672751835937500005e+02,-8.948470700987243731e+01
4.672754765624999891e+02,-8.778088913642645252e+01
4.672757695312500346e+02,-8.943076221466301945e+01
4.672760625000000232e+02,-9.019889491151870686e+01
4.672763554687500118e+02,-8.593768933649010933e+01
4.672766484375000005e+02,-8.644404821942111994e+01
4.672769414062499891e+02,-1.102298204592264312e+02
4.672772343750000346e+02,-8.350143722889936271e+01
4.672775273437500232e+02,-8.147044105148169990e+01
4.672778203125000118e+02,-8.685494383903453297e+01
4.672781132812500005e+02,-8.747151432488136891e+01
4.672784062499999891e+02,-8.419009364505006943e+01
4.672786992187500346e+02,-9.019991666344682812e+01
4.672789921875000232e+02,-8.708039718839413013e+01
4.672792851562500118e+02,-7.937791710948224022e+01
4.672795781250000005e+02,-8.425889773055969556e+01
4.672798710937499891e+02,-9.012914852459331883e+01
4.672801640625000346e+02,-8.362906491859766334e+01
4.672804570312500232e+02,-9.430701778066294594e+01
4.672807500000000118e+02,-9.122859685322595169e+01
4.672810429687500005e+02,-8.280551805720168090e+01
4.672813359374999891e+02,-8.943141380983492184e+01
4.672816289062500346e+02,-9.498670399569904532e+01
4.672819218750000232e+02,-8.726152008518920411e+01
4.672822148437500118e+02,-8.211362886793411064e+01
4.672825078125000005e+02,-8.115470105363363018e+01
4.672828007812499891e+02,-8.755056118807021903e+01
4.672830937500000346e+02,-8.218834840947623377e+01
4.672833867187500232e+02,-8.076353116695705125e+01
4.672836796875000118e+02,-8.700925568836331081e+01
4.672839726562500005e+02,-9.105413547190673285e+01
4.672842656249999891e+02,-8.387960572412468707e+01
4.672845585937500346e+02,-8.728886330004979754e+01
4.672848515625000232e+02,-7.993482024356656268e+01
4.672851445312500118e+02,-7.693371137923132608e+01
4.672854375000000005e+02,-8.567169697883655033e+01
4.672857304687499891e+02,-8.789371648188858899e+01
4.672860234375000346e+02,-8.155681403700383214e+01
4.672863164062500232e+02,-8.336392738725430718e+01
4.672866093750000118e+02,-8.933286561411054549e+01
4.672869023437500005e+02,-8.557186247617237029e+01
4.672871953124999891e+02,-8.299652444531037077e+01
4.672874882812500346e+02,-8.224540476164349911e+01
4.672877812500000232e+02,-8.876783636235171571e+01
4.672880742187500118e+02,-8.031432865990849734e+01
4.672883671875000005e+02,-7.630760701709712635e+01
4.672886601562499891e+02,-7.708547984418135002e+01
4.672889531250000346e+02,-8.598341630998460516e+01
4.672892460937500232e+02,-8.726352684072881516e+01
4.672895390625000118e+02,-8.839921314134274155e+01
4.672898320312500005e+02,-8.445274372133519591e+01
4.672901249999999891e+02,-8.688937047149919124e+01
4.672904179687500346e+02,-8.666315160280896635e+01
4.672907109375000232e+02,-9.540199345364209194e+01
4.672910039062500118e+02,-9.067532392347095538e+01
4.672912968750000005e+02,-7.916031277181319581e+01
4.672915898437499891e+02,-8.028103678871566729e+01
4.672918828125000346e+02,-8.014601922664617462e+01
4.672921757812500232e+02,-7.802131123760975129e+01
4.672924687500000118e+02,-8.276957757321483200e+01
4.672927617187500005e+02,-8.628376655677315910e+01
4.672930546874999891e+02,-8.294979330868119405e+01
4.672933476562500346e+02,-8.028440786224435044e+01
4.672936406250000232e+02,-8.069404667450965007e+01
4.672939335937500118e+02,-8.879168458346141790e+01
4.672942265625000005e+02,-9.315236552601584208e+01
4.672945195312499891e+02,-8.320622860384114006e+01
4.672948125000000346e+02,-9.446971968958311550e+01
4.672951054687500232e+02,-8.160790725655807876e+01
4.672953984375000118e+02,-7.792505685369305013e+01
4.672956914062500005e+02,-8.567929685463266765e+01
4.672959843749999891e+02,-8.697268619793297262e+01
4.672962773437500346e+02,-9.085241243323073945e+01
4.672965703125000232e+02,-8.065822020949299542e+01
4.672968632812500118e+02,-7.799001568209942548e+01
4.672971562500000005e+02,-8.234793594989659482e+01
4.672974492187499891e+02,-8.896446064930508157e+01
4.672977421875000346e+02,-8.374135056777952002e+01
4.672980351562500232e+02,-8.042217944200288571e+01
4.672983281250000118e+02,-8.776635808840529762e+01
4.672986210937500005e+02,-8.241013359118083770e+01
4.672989140624999891e+02,-8.218328043085205081e+01
4.672992070312500346e+02,-9.036532148793838815e+01
4.672995000000000232e+02,-8.706780643086140969e+01
4.672997929687500118e+02,-8.803122014828440456e+01
4.673000859375000005e+02,-9.356087919618710202e+01
4.673003789062499891e+02,-8.507793654990109644e+01
4.673006718750000346e+02,-8.040735456723189145e+01
4.673009648437500232e+02,-8.249371044465917180e+01
4.673012578125000118e+02,-9.159401398305702457e+01
4.673015507812500005e+02,-8.379385637491252226e+01
4.673018437499999891e+02,-7.968043108626895332e+01
4.673021367187500346e+02,-8.593685866807730633e+01
4.673024296875000232e+02,-8.829175132591933561e+01
4.673027226562500118e+02,-8.755135221349826224e+01
4.673030156250000005e+02,-9.052377122986945324e+01
4.673033085937499891e+02,-9.269755372908242919e+01
4.673036015625000346e+02,-8.493081913198537336e+01
4.673038945312500232e+02,-7.960104353579164638e+01
4.673041875000000118e+02,-7.887153975377394488e+01
4.673044804687500005e+02,-8.394560497816169686e+01
4.673047734374999891e+02,-9.235178521696357734e+01
4.673050664062500346e+02,-9.344598523113283761e+01
4.673053593750000232e+02,-9.994011642943181073e+01
4.673056523437500118e+02,-7.847784111080042635e+01
4.673059453125000005e+02,-7.946113246967014732e+01
4.673062382812499891e+02,-9.591304388291811733e+01
4.673065312500000346e+02,-9.388012346032247990e+01
4.673068242187500232e+02,-8.824825889077386876e+01
4.673071171875000118e+02,-1.009170600830174465e+02
4.673074101562500005e+02,-8.438774483968742857e+01
4.673077031249999891e+02,-8.394149740169601159e+01
4.673079960937500346e+02,-8.355502604375348596e+01
4.673082890625000232e+02,-8.824716847936075226e+01
4.673085820312500118e+02,-8.349995397636473626e+01
4.673088750000000005e+02,-8.636001975508028750e+01
4.673091679687499891e+02,-8.663806083641701150e+01
4.673094609375000346e+02,-8.303504086055357902e+01
4.673097539062500232e+02,-8.518036058185975890e+01
4.673100468750000118e+02,-8.255275681144867406e+01
4.673103398437500005e+02,-8.610830869041845403e+01
4.673106328124999891e+02,-8.815624753579729145e+01
4.673109257812500346e+02,-9.213859239885388774e+01
4.673112187500000232e+02,-8.756431784319354961e+01
4.673115117187500118e+02,-8.126827727254917022e+01
4.673118046875000005e+02,-8.368633457009903509e+01
4.673120976562499891e+02,-8.408412864156980504e+01
4.673123906250000346e+02,-9.809228635362549653e+01
4.673126835937500232e+02,-8.406932560170960755e+01
4.673129765625000118e+02,-8.481896451122091207e+01
4.673132695312500005e+02,-8.660183881048010335e+01
4.673135624999999891e+02,-8.228670879609205713e+01
4.673138554687500346e+02,-8.258350637542504558e+01
4.673141484375000232e+02,-9.605614449950722644e+01
4.673144414062500118e+02,-8.072614938086744019e+01
4.673147343750000005e+02,-7.979660464130500941e+01
4.673150273437499891e+02,-8.861595256953863498e+01
4.673153203125000346e+02,-8.178191212589300108e+01
4.673156132812500232e+02,-8.630791872426235045e+01
4.673159062500000118e+02,-8.162504038124075123e+01
4.673161992187500005e+02,-8.948131331353619089e+01
4.673164921874999891e+02,-8.860260070195778326e+01
4.673167851562500346e+02,-9.773158641044317108e+01
4.673170781250000232e+02,-8.121313744076272201e+01
4.673173710937500118e+02,-8.031898913241059290e+01
4.673176640625000005e+02,-8.623161326070116672e+01
4.673179570312499891e+02,-9.051333108208240219e+01
4.673182500000000346e+02,-8.488634949240417882e+01
4.673185429687500232e+02,-7.716088054153003384e+01
4.673188359375000118e+02,-7.857308794098372573e+01
4.673191289062500005e+02,-9.208079843581271007e+01
4.673194218749999891e+02,-8.414818838585949834e+01
4.673197148437500346e+02,-8.277273610299103268e+01
4.673200078125000232e+02,-8.491161428680450740e+01
4.673203007812500118e+02,-7.788305356364637078e+01
4.673205937500000005e+02,-7.778442340109629072e+01
4.673208867187499891e+02,-7.878072981854997181e+01
4.673211796875000346e+02,-9.928506924027189484e+01
4.673214726562500232e+02,-8.425983139624115381e+01
4.673217656250000118e+02,-8.494348712009278302e+01
4.673220585937500005e+02,-9.150986151464393004e+01
4.673223515624999891e+02,-8.831152893178418140e+01
4.673226445312500346e+02,-8.242136649917368629e+01
4.673229375000000232e+02,-8.203649529174404620e+01
4.673232304687500118e+02,-8.176929849289666663e+01
4.673235234375000005e+02,-8.366895689958782611e+01
4.673238164062499891e+02,-8.735922766370183012e+01
4.673241093750000346e+02,-7.905911527947085915e+01
4.673244023437500232e+02,-7.968258057001980887e+01
4.673246953125000118e+02,-8.084723532961692172e+01
4.673249882812500005e+02,-7.883655068880352701e+01
4.673252812499999891e+02,-8.292188123790815268e+01
4.673255742187500346e+02,-8.258569653113610798e+01
4.673258671875000232e+02,-8.890002685389539749e+01
4.673261601562500118e+02,-8.236205963092305637e+01
4.673264531250000005e+02,-8.175222667752932182e+01
4.673267460937499891e+02,-7.740458617502841321e+01
4.673270390625000346e+02,-7.913345570604370494e+01
4.673273320312500232e+02,-9.095582269512321716e+01
4.673276250000000118e+02,-7.881474701469228705e+01
4.673279179687500005e+02,-7.722260508815644187e+01
4.673282109374999891e+02,-8.780318434284851037e+01
4.673285039062500346e+02,-8.132063235580154981e+01
4.673287968750000232e+02,-7.947689544861283650e+01
4.673290898437500118e+02,-8.541559753810622624e+01
4.673293828125000005e+02,-8.560514201148521352e+01
4.673296757812499891e+02,-9.581680867487483511e+01
4.673299687500000346e+02,-8.089019901382988564e+01
4.673302617187500232e+02,-8.485230341030646173e+01
4.673305546875000118e+02,-8.666297460022981625e+01
4.673308476562500005e+02,-7.690425684160987885e+01
4.673311406249999891e+02,-7.726972851150792110e+01
4.673314335937500346e+02,-9.849937494086563561e+01
4.673317265625000232e+02,-8.794287690195076834e+01
4.673320195312500118e+02,-7.688289384403687166e+01
4.673323125000000005e+02,-7.693337169090034422e+01
4.673326054687499891e+02,-8.252892203740074706e+01
4.673328984375000346e+02,-9.056410991173638081e+01
4.673331914062500232e+02,-8.090996466285567124e+01
4.673334843750000118e+02,-7.852059892113095430e+01
4.673337773437500005e+02,-8.239454297256914117e+01
4.673340703124999891e+02,-8.695985429968855840e+01
4.673343632812500346e+02,-8.135798705753836657e+01
4.673346562500000232e+02,-8.034043283272592362e+01
4.673349492187500118e+02,-8.669970929823205097e+01
4.673352421875000005e+02,-8.551619797244609344e+01
4.673355351562499891e+02,-9.026538245514642256e+01
4.673358281250000346e+02,-8.019214509126724977e+01
4.673361210937500232e+02,-8.747354509280221180e+01
4.673364140625000118e+02,-8.884553431445019100e+01
4.673367070312500005e+02,-8.196261942265495293e+01
4.673369999999999891e+02,-9.536474851611896497e+01
4.673372929687500346e+02,-7.869486957339572086e+01
4.673375859375000232e+02,-7.857460147596687250e+01
4.673378789062500118e+02,-8.025981708310432339e+01
4.673381718750000005e+02,-8.291169211523640570e+01
4.673384648437499891e+02,-8.486210923396089356e+01
4.673387578125000346e+02,-8.846043954193390846e+01
4.673390507812500232e+02,-8.358376047164153988e+01
4.673393437500000118e+02,-8.194840095050118123e+01
4.673396367187500005e+02,-7.899719042031908600e+01
4.673399296874999891e+02,-7.050741601036035888e+01
4.673402226562500346e+02,-7.487340260583010831e+01
4.673405156250000232e+02,-8.506650516983432908e+01
4.673408085937500118e+02,-8.096564450997654205e+01
4.673411015625000005e+02,-8.474412420164233595e+01
4.673413945312499891e+02,-8.795119556661975935e+01
4.673416875000000346e+02,-8.762205820677257861e+01
4.673419804687500232e+02,-8.891866872847295156e+01
4.673422734375000118e+02,-8.123067062254187931e+01
4.673425664062500005e+02,-8.317363365333980596e+01
4.673428593749999891e+02,-7.901097939021187244e+01
4.673431523437500346e+02,-9.268412153232964101e+01
4.673434453125000232e+02,-7.525840209360958966e+01
4.673437382812500118e+02,-8.561487677068363666e+01
4.673440312500000005e+02,-8.294196978710409951e+01
4.673443242187499891e+02,-8.162427118428885819e+01
4.673446171875000346e+02,-8.252240232765569772e+01
4.673449101562500232e+02,-8.299949881563081533e+01
4.673452031250000118e+02,-8.473800426303125732e+01
4.673454960937500005e+02,-8.395345810052846502e+01
4.673457890624999891e+02,-9.024715421291169548e+01
4.673460820312500346e+02,-8.286912571743084754e+01
4.673463750000000232e+02,-8.652890898273591347e+01
4.673466679687500118e+02,-7.972090775469868618e+01
4.673469609375000005e+02,-7.968379557616540865e+01
4.673472539062499891e+02,-8.129309161677261386e+01
4.673475468750000346e+02,-8.337119516673766384e+01
4.673478398437500232e+02,-8.353801425437389128e+01
4.673481328125000118e+02,-8.542839240037935156e+01
4.673484257812500005e+02,-8.929031085070457152e+01
4.673487187499999891e+02,-7.963469419772576430e+01
4.673490117187500346e+02,-7.983455319269918959e+01
4.673493046875000232e+02,-8.629118018900358322e+01
4.673495976562500118e+02,-8.695490446545159102e+01
4.673498906250000005e+02,-7.979221177547601940e+01
4.673501835937499891e+02,-7.750881115221430662e+01
4.673504765625000346e+02,-8.010509135932582581e+01
4.673507695312500232e+02,-8.203471868113180676e+01
4.673510625000000118e+02,-9.435822903707040155e+01
4.673513554687500005e+02,-9.081034409780846772e+01
4.673516484374999891e+02,-8.002271655407139406e+01
4.673519414062500346e+02,-7.551501344397765081e+01
4.673522343750000232e+02,-7.697592019310675937e+01
4.673525273437500118e+02,-7.839744509931632876e+01
4.673528203125000005e+02,-7.906100139753817757e+01
4.673531132812499891e+02,-8.381248732828076697e+01
4.673534062500000346e+02,-8.016825888318315663e+01
4.673536992187500232e+02,-7.781765265580884261e+01
4.673539921875000118e+02,-8.038363627307461456e+01
4.673542851562500005e+02,-7.664444817508739050e+01
4.673545781249999891e+02,-8.039739852831750966e+01
4.673548710937500346e+02,-9.660221824051716055e+01
4.673551640625000232e+02,-7.839518909142221048e+01
4.673554570312500118e+02,-8.317854258876090512e+01
4.673557500000000005e+02,-9.266217833739153775e+01
4.673560429687499891e+02,-9.461872986849618883e+01
4.673563359375000346e+02,-8.633674274119165659e+01
4.673566289062500232e+02,-9.268964319184991041e+01
4.673569218750000118e+02,-7.684621403017072794e+01
4.673572148437500005e+02,-7.977724194709726646e+01
4.673575078124999891e+02,-7.507338669055314995e+01
4.673578007812500346e+02,-7.811685561924205956e+01
4.673580937500000232e+02,-8.036990117825143898e+01
4.673583867187500118e+02,-8.374039724376120830e+01
4.673586796875000005e+02,-1.034310605625755954e+02
4.673589726562499891e+02,-9.510141992158237656e+01
4.673592656250000346e+02,-8.786780761694588193e+01
4.673595585937500232e+02,-9.120961173712679226e+01
4.673598515625000118e+02,-8.371525812967399816e+01
4.673601445312500005e+02,-8.556408462007843241e+01
4.673604374999999891e+02,-7.602592290447110202e+01
4.673607304687500346e+02,-8.185166441881293053e+01
4.673610234375000232e+02,-8.347732551951975211e+01
4.673613164062500118e+02,-8.359729641905717301e+01
4.673616093750000005e+02,-8.658212487431848103e+01
4.673619023437499891e+02,-8.844188764275014591e+01
4.673621953125000346e+02,-8.747504052707519406e+01
4.673624882812500232e+02,-8.350039076146592265e+01
4.673627812500000118e+02,-8.412710875850720527e+01
4.673630742187500005e+02,-8.673194847394172768e+01
4.673633671874999891e+02,-7.894705157691711861e+01
4.673636601562500346e+02,-8.131739277710542524e+01
4.673639531250000232e+02,-7.953000311063485128e+01
4.673642460937500118e+02,-7.853991037657289098e+01
4.673645390625000005e+02,-8.613542139319565649e+01
4.673648320312499891e+02,-8.325979393465614464e+01
4.673651250000000346e+02,-9.197557779171860659e+01
4.673654179687500232e+02,-8.445620255328094572e+01
4.673657109375000118e+02,-9.069188173778258033e+01
4.673660039062500005e+02,-8.212655692878246327e+01
4.673662968749999891e+02,-8.207377996542382448e+01
4.673665898437500346e+02,-8.562690764883808470e+01
4.673668828125000232e+02,-8.499481278166555853e+01
4.673671757812500118e+02,-7.708290527677515058e+01
4.673674687500000005e+02,-7.649321012883773108e+01
4.673677617187499891e+02,-1.034027722375009120e+02
4.673680546875000346e+02,-7.853549808738665661e+01
4.673683476562500232e+02,-8.078247408836315913e+01
4.673686406250000118e+02,-8.789334326473486669e+01
4.673689335937500005e+02,-8.025581242132463444e+01
4.673692265624999891e+02,-7.509675480282390936e+01
4.673695195312500346e+02,-7.622852796671624276e+01
4.673698125000000232e+02,-8.219428781090655889e+01
4.673701054687500118e+02,-8.869431886625280015e+01
4.673703984375000005e+02,-7.626073207435256052e+01
4.673706914062499891e+02,-7.704165056222397823e+01
4.673709843750000346e+02,-8.958892003402823434e+01
4.673712773437500232e+02,-7.807649595021538858e+01
4.673715703125000118e+02,-7.548494244820335553e+01
4.673718632812500005e+02,-7.641398988074109866e+01
4.673721562499999891e+02,-7.781642304407685629e+01
4.673724492187500346e+02,-7.930197599838078304e+01
4.673727421875000232e+02,-7.732229306947337477e+01
4.673730351562500118e+02,-7.901306077453676835e+01
4.673733281250000005e+02,-8.346576369110310623e+01
4.673736210937499891e+02,-8.353828460494973740e+01
4.673739140625000346e+02,-9.198982774595938849e+01
4.673742070312500232e+02,-7.818130197844708107e+01
4.673745000000000118e+02,-7.655383921747906584e+01
4.673747929687500005e+02,-8.068702226934162525e+01
4.673750859374999891e+02,-9.161631065386248451e+01
4.673753789062500346e+02,-9.263913279539116274e+01
4.673756718750000232e+02,-8.864333825368333919e+01
4.673759648437500118e+02,-7.724961097683839739e+01
4.673762578125000005e+02,-7.849860505839002656e+01
4.673765507812499891e+02,-9.273103012115420540e+01
4.673768437500000346e+02,-8.775785239134428650e+01
4.673771367187500232e+02,-8.226842288935492320e+01
4.673774296875000118e+02,-7.942272892059997957e+01
4.673777226562500005e+02,-8.532679489897728331e+01
4.673780156249999891e+02,-8.509587907579417276e+01
4.673783085937500346e+02,-8.131939668409020783e+01
4.673786015625000232e+02,-8.514253366324095396e+01
4.673788945312500118e+02,-8.894149222510465336e+01
4.673791875000000005e+02,-7.841390945342693897e+01
4.673794804687499891e+02,-8.196145619003181082e+01
4.673797734375000346e+02,-8.776447994629984350e+01
4.673800664062500232e+02,-8.173133671342154116e+01
4.673803593750000118e+02,-8.211382476916385542e+01
4.673806523437500005e+02,-7.976514501578792249e+01
4.673809453124999891e+02,-7.313590896818284648e+01
4.673812382812500346e+02,-7.527082717702357684e+01
4.673815312500000232e+02,-7.920071783429750667e+01
4.673818242187500118e+02,-8.340947063585304022e+01
4.673821171875000005e+02,-8.602671275683505314e+01
4.673824101562499891e+02,-8.773888896740679399e+01
4.673827031250000346e+02,-8.493506326526515693e+01
4.673829960937500232e+02,-8.319961202223566943e+01
4.673832890625000118e+02,-8.315716890380195991e+01
4.673835820312500005e+02,-7.716423946468839290e+01
4.673838749999999891e+02,-8.170153602809656945e+01
4.673841679687500346e+02,-8.330754670156993313e+01
4.673844609375000232e+02,-8.362044080450240813e+01
4.673847539062500118e+02,-8.162157630870993330e+01
4.673850468750000005e+02,-8.347223125252429554e+01
4.673853398437499891e+02,-8.300745475811631024e+01
4.673856328125000346e+02,-8.545960580763886583e+01
4.673859257812500232e+02,-8.666167442266760190e+01
4.673862187500000118e+02,-8.604226403238520504e+01
4.673865117187500005e+02,-8.935463076517514480e+01
4.673868046874999891e+02,-8.304180444574066655e+01
4.673870976562500346e+02,-8.471787423403114303e+01
4.673873906250000232e+02,-8.972711177029724183e+01
4.673876835937500118e+02,-8.135239364940352402e+01
4.673879765625000005e+02,-8.433858344895057257e+01
4.673882695312499891e+02,-7.829390561134482596e+01
4.673885625000000346e+02,-8.457796773241034316e+01
4.673888554687500232e+02,-8.867851292382347594e+01
4.673891484375000118e+02,-7.749886540292555992e+01
4.673894414062500005e+02,-7.365264134183435374e+01
4.673897343749999891e+02,-7.519921637451120944e+01
4.673900273437500346e+02,-7.846737526527769546e+01
4.673903203125000232e+02,-8.928922417833430814e+01
4.673906132812500118e+02,-7.788261692089251653e+01
4.673909062500000005e+02,-7.639522206029155882e+01
4.673911992187499891e+02,-8.481516713493385851e+01
4.673914921875000346e+02,-8.020218962297096255e+01
4.673917851562500232e+02,-7.955993673303574099e+01
4.673920781250000118e+02,-8.659794287175542138e+01
4.673923710937500005e+02,-8.068720932502289145e+01
4.673926640624999891e+02,-8.730938906559413226e+01
4.673929570312500346e+02,-7.751540564252169929e+01
4.673932500000000232e+02,-7.444525238152056090e+01
4.673935429687500118e+02,-8.125012044761848529e+01
4.673938359375000005e+02,-8.792525392094140102e+01
4.673941289062499891e+02,-8.150457924487204764e+01
4.673944218750000346e+02,-8.134990838879160435e+01
4.673947148437500232e+02,-7.583601906066061815e+01
4.673950078125000118e+02,-7.456736372705825033e+01
4.673953007812500005e+02,-8.214281306115231018e+01
4.673955937499999891e+02,-8.596546559496788120e+01
4.673958867187500346e+02,-7.743158047704991986e+01
4.673961796875000232e+02,-8.063301812773316612e+01
4.673964726562500118e+02,-9.098106604960308630e+01
4.673967656250000005e+02,-8.695767174123737675e+01
4.673970585937499891e+02,-8.320503937635990610e+01
4.673973515625000346e+02,-8.202606847257860068e+01
4.673976445312500232e+02,-8.511766784952808962e+01
4.673979375000000118e+02,-8.237564245741222635e+01
4.673982304687500005e+02,-8.209407700341742498e+01
4.673985234374999891e+02,-8.476757013589427459e+01
4.673988164062500346e+02,-9.296539208438395008e+01
4.673991093750000232e+02,-7.562036540071018464e+01
4.673994023437500118e+02,-7.898328542623970350e+01
4.673996953125000005e+02,-7.706225140126107931e+01
4.673999882812499891e+02,-7.297926638369857244e+01
4.674002812500000346e+02,-7.445916565654630404e+01
4.674005742187500232e+02,-8.899799065769801132e+01
4.674008671875000118e+02,-8.131989033619653640e+01
4.674011601562500005e+02,-9.191293767571397666e+01
4.674014531249999891e+02,-7.575771505297583985e+01
4.674017460937500346e+02,-7.365131289730521758e+01
4.674020390625000232e+02,-7.116568142337708025e+01
4.674023320312500118e+02,-7.240859901110886199e+01
4.674026250000000005e+02,-7.516545670597112405e+01
4.674029179687499891e+02,-8.092263314395961515e+01
4.674032109375000346e+02,-8.132631835450868607e+01
4.674035039062500232e+02,-7.760004373762113516e+01
4.674037968750000118e+02,-7.966768840031740240e+01
4.674040898437500005e+02,-7.594135930494236675e+01
4.674043828124999891e+02,-8.970030453687273564e+01
4.674046757812500346e+02,-9.184615056374047981e+01
4.674049687500000232e+02,-8.683046861270371153e+01
4.674052617187500118e+02,-7.948833283058026211e+01
4.674055546875000005e+02,-7.779552566006012171e+01
4.674058476562499891e+02,-7.599890736002893732e+01
4.674061406250000346e+02,-7.980538389318252257e+01
4.674064335937500232e+02,-8.129922159120290814e+01
4.674067265625000118e+02,-8.765651942775815542e+01
4.674070195312500005e+02,-8.604558656724631760e+01
4.674073124999999891e+02,-7.551990746207073357e+01
4.674076054687500346e+02,-7.625317219126151258e+01
4.674078984375000232e+02,-7.635050392478856907e+01
4.674081914062500118e+02,-7.810765639333895649e+01
4.674084843750000005e+02,-8.144619267734313439e+01
4.674087773437499891e+02,-7.458479521463127071e+01
4.674090703125000346e+02,-7.364915033309567605e+01
4.674093632812500232e+02,-7.857319322385316696e+01
4.674096562500000118e+02,-8.266169909877021382e+01
4.674099492187500005e+02,-8.603789409872761951e+01
4.674102421874999891e+02,-8.825271737238350056e+01
4.674105351562500346e+02,-7.864768379503411211e+01
4.674108281250000232e+02,-7.820170662350246005e+01
4.674111210937500118e+02,-7.915438532231890179e+01
4.674114140625000005e+02,-9.679896585385436936e+01
4.674117070312499891e+02,-8.241679460075940256e+01
4.674120000000000346e+02,-8.462015075030060984e+01
4.674122929687500232e+02,-7.542652494797624740e+01
4.674125859375000118e+02,-7.871118222668739861e+01
4.674128789062500005e+02,-7.940583459377292286e+01
4.674131718749999891e+02,-9.189714063008219114e+01
4.674134648437500346e+02,-8.440144859039301650e+01
4.674137578125000232e+02,-8.207278584089225149e+01
4.674140507812500118e+02,-7.410841396991692420e+01
4.674143437500000005e+02,-8.452005932595257320e+01
4.674146367187499891e+02,-7.791429805043109980e+01
4.674149296875000346e+02,-7.730186275325819167e+01
4.674152226562500232e+02,-8.200736620218745543e+01
4.674155156250000118e+02,-8.227631464640177228e+01
4.674158085937500005e+02,-6.961712923358325611e+01
4.674161015624999891e+02,-7.578168147022965684e+01
4.674163945312500346e+02,-8.739167865137150670e+01
4.674166875000000232e+02,-9.250482787600549273e+01
4.674169804687500118e+02,-8.365351942173681721e+01
4.674172734375000005e+02,-7.842471089884200808e+01
4.674175664062499891e+02,-7.453596485710816921e+01
4.674178593750000346e+02,-7.677800004921081722e+01
4.674181523437500232e+02,-7.933933300383773712e+01
4.674184453125000118e+02,-7.871323758394925107e+01
4.674187382812500005e+02,-7.830082776376609388e+01
4.674190312499999891e+02,-7.541637459348578432e+01
4.674193242187500346e+02,-7.057677375086879579e+01
4.674196171875000232e+02,-8.275020826445314981e+01
4.674199101562500118e+02,-8.444526980462434551e+01
4.674202031250000005e+02,-8.629013521519655683e+01
4.674204960937499891e+02,-8.845041054700251948e+01
4.674207890625000346e+02,-8.753319717302338177e+01
4.674210820312500232e+02,-7.911145969333739458e+01
4.674213750000000118e+02,-7.960309867695974617e+01
4.674216679687500005e+02,-8.300990141999939453e+01
4.674219609374999891e+02,-7.557690091128284848e+01
4.674222539062500346e+02,-7.626455454343228268e+01
4.674225468750000232e+02,-7.206375225548887897e+01
4.674228398437500118e+02,-7.445427953587628167e+01
4.674231328125000005e+02,-7.875246956561832690e+01
4.674234257812499891e+02,-8.105434905293513737e+01
4.674237187500000346e+02,-7.517191877409328526e+01
4.674240117187500232e+02,-7.734126880079864463e+01
4.674243046875000118e+02,-8.836953651895319695e+01
4.674245976562500005e+02,-7.937343043321861558e+01
4.674248906249999891e+02,-7.823558030238825722e+01
4.674251835937500346e+02,-8.076764485537754013e+01
4.674254765625000232e+02,-7.493711692479280373e+01
4.674257695312500118e+02,-7.209720369772861659e+01
4.674260625000000005e+02,-7.563332483147016205e+01
4.674263554687499891e+02,-8.763257370952105418e+01
4.674266484375000346e+02,-7.601678703163076989e+01
4.674269414062500232e+02,-7.316649600496941730e+01
4.674272343750000118e+02,-7.567780890008859274e+01
4.674275273437500005e+02,-7.748464289215303324e+01
4.674278203124999891e+02,-7.624135138865004535e+01
4.674281132812500346e+02,-7.280639641618331837e+01
4.674284062500000232e+02,-7.555530275911348781e+01
4.674286992187500118e+02,-8.888736004257678758e+01
4.674289921875000005e+02,-8.202740998752676660e+01
4.674292851562499891e+02,-7.594499176554548114e+01
4.674295781250000346e+02,-7.681366379848094539e+01
4.674298710937500232e+02,-7.979115280599556570e+01
4.674301640625000118e+02,-8.659026307855782534e+01
4.674304570312500005e+02,-8.965693348088875325e+01
4.674307499999999891e+02,-8.527547945441062893e+01
4.674310429687500346e+02,-7.593408199098340106e+01
4.674313359375000232e+02,-7.528932464763029486e+01
4.674316289062500118e+02,-7.915096970870098403e+01
4.674319218750000005e+02,-7.680605886933274462e+01
4.674322148437499891e+02,-7.665489795410329066e+01
4.674325078125000346e+02,-8.506973104060996604e+01
4.674328007812500232e+02,-8.405757169537503160e+01
4.674330937500000118e+02,-7.628111692561500945e+01
4.674333867187500005e+02,-7.665789270634627428e+01
4.674336796874999891e+02,-8.756081969549961741e+01
4.674339726562500346e+02,-7.630448644949895254e+01
4.674342656250000232e+02,-7.433178963596249389e+01
4.674345585937500118e+02,-8.129248909611007434e+01
4.674348515625000005e+02,-7.429482474373631362e+01
4.674351445312499891e+02,-7.311333362395393465e+01
4.674354375000000346e+02,-7.942733902608127039e+01
4.674357304687500232e+02,-8.021331210801044165e+01
4.674360234375000118e+02,-7.587533679780453610e+01
4.674363164062500005e+02,-7.696973750608194109e+01
4.674366093749999891e+02,-8.279534057879635611e+01
4.674369023437500346e+02,-8.683838340824331681e+01
4.674371953125000232e+02,-8.621732184600341498e+01
4.674374882812500118e+02,-7.873662423492666562e+01
4.674377812500000005e+02,-7.855274400577697236e+01
4.674380742187499891e+02,-7.774716918787430586e+01
4.674383671875000346e+02,-7.830535487312563703e+01
4.674386601562500232e+02,-7.764344045535013095e+01
4.674389531250000118e+02,-7.207883853418532283e+01
4.674392460937500005e+02,-8.300252452354671107e+01
4.674395390624999891e+02,-7.563563099358188424e+01
4.674398320312500346e+02,-7.795787035263938947e+01
4.674401250000000232e+02,-8.330467196968672283e+01
4.674404179687500118e+02,-9.707564396183676081e+01
4.674407109375000005e+02,-7.835481347931514051e+01
4.674410039062499891e+02,-7.931362009612993802e+01
4.674412968750000346e+02,-7.623373385532096336e+01
4.674415898437500232e+02,-8.918048598672640992e+01
4.674418828125000118e+02,-8.023562281552158026e+01
4.674421757812500005e+02,-8.029255521844113730e+01
4.674424687499999891e+02,-7.404960012136970704e+01
4.674427617187500346e+02,-7.902681797080751380e+01
4.674430546875000232e+02,-8.017956384696330474e+01
4.674433476562500118e+02,-7.918785684959458138e+01
4.674436406250000005e+02,-9.300689789862596513e+01
4.674439335937499891e+02,-8.589441090573498627e+01
4.674442265625000346e+02,-8.475851371183354388e+01
4.674445195312500232e+02,-8.805369490090002671e+01
4.674448125000000118e+02,-8.228830754712248563e+01
4.674451054687500005e+02,-8.705452051667808178e+01
4.674453984374999891e+02,-7.965319246692475019e+01
4.674456914062500346e+02,-7.600028975988698221e+01
4.674459843750000232e+02,-7.604111537350399885e+01
4.674462773437500118e+02,-7.501163813065670638e+01
4.674465703125000005e+02,-7.381884106557953373e+01
4.674468632812499891e+02,-7.390329000503383838e+01
4.674471562500000346e+02,-8.159553140366665502e+01
4.674474492187500232e+02,-7.298570682155231282e+01
4.674477421875000118e+02,-7.418258503472929988e+01
4.674480351562500005e+02,-7.993264193399681972e+01
4.674483281249999891e+02,-7.613595772870522183e+01
4.674486210937500346e+02,-7.233158606368047572e+01
4.674489140625000232e+02,-7.275215193064035191e+01
4.674492070312500118e+02,-7.666026464330109036e+01
4.674495000000000005e+02,-8.282516025814368277e+01
4.674497929687499891e+02,-9.108742750883311601e+01
4.674500859375000346e+02,-7.870501899632795073e+01
4.674503789062500232e+02,-7.963656803729850253e+01
4.674506718750000118e+02,-9.128560268933910038e+01
4.674509648437500005e+02,-8.137179307874217216e+01
4.674512578124999891e+02,-7.871296150827831184e+01
4.674515507812500346e+02,-9.310132634745150426e+01
4.674518437500000232e+02,-8.019878414300983138e+01
4.674521367187500118e+02,-7.844437755182455874e+01
4.674524296875000005e+02,-7.882923107726428213e+01
4.674527226562499891e+02,-7.999291609335658393e+01
4.674530156250000346e+02,-7.715966518616548342e+01
4.674533085937500232e+02,-7.575863464225528787e+01
4.674536015625000118e+02,-7.950829222150113651e+01
4.674538945312500005e+02,-8.133011976514117691e+01
4.674541874999999891e+02,-8.879983892947967661e+01
4.674544804687500346e+02,-7.997354491279631361e+01
4.674547734375000232e+02,-7.893298290982704657e+01
4.674550664062500118e+02,-8.026330012308955020e+01
4.674553593750000005e+02,-8.222347619324666823e+01
4.674556523437499891e+02,-7.939157779130928816e+01
4.674559453125000346e+02,-7.783684821491402772e+01
4.674562382812500232e+02,-7.592810437267672796e+01
4.674565312500000118e+02,-7.600445134033478212e+01
4.674568242187500005e+02,-7.849131972472495988e+01
4.674571171874999891e+02,-7.597371628541209532e+01
4.674574101562500346e+02,-7.276203850239967608e+01
4.674577031250000232e+02,-7.369642730091756277e+01
4.674579960937500118e+02,-8.105655064539064369e+01
4.674582890625000005e+02,-8.206803710819747266e+01
4.674585820312499891e+02,-8.143078114442218407e+01
4.674588750000000346e+02,-8.225393452105052461e+01
4.674591679687500232e+02,-7.947828845991479341e+01
4.674594609375000118e+02,-8.366048287779442205e+01
4.674597539062500005e+02,-8.006501212513215648e+01
4.674600468749999891e+02,-8.030082744291252084e+01
4.674603398437500346e+02,-8.344941576838860442e+01
4.674606328125000232e+02,-8.544747085203164261e+01
4.674609257812500118e+02,-8.318620876608805759e+01
4.674612187500000005e+02,-7.476839107974458898e+01
4.674615117187499891e+02,-7.527607556660937860e+01
4.674618046875000346e+02,-7.556510042120235937e+01
4.674620976562500232e+02,-7.336889931839782264e+01
4.674623906250000118e+02,-7.609604300337541360e+01
4.674626835937500005e+02,-7.500816438773904338e+01
4.674629765624999891e+02,-8.118193054765433203e+01
4.674632695312500346e+02,-8.396543953159671503e+01
4.674635625000000232e+02,-7.467922574575668193e+01
4.674638554687500118e+02,-9.500166135736429851e+01
4.674641484375000005e+02,-7.284511916372257190e+01
4.674644414062499891e+02,-6.841801882869614815e+01
4.674647343750000346e+02,-7.443995037630921274e+01
4.674650273437500232e+02,-8.431888906212363111e+01
4.674653203125000118e+02,-7.457719357451624376e+01
4.674656132812500005e+02,-7.109999128221345188e+01
4.674659062499999891e+02,-7.879191876598356714e+01
4.674661992187500346e+02,-7.847198666390873711e+01
4.674664921875000232e+02,-7.507947709899531219e+01
4.674667851562500118e+02,-8.038924987190600291e+01
4.674670781250000005e+02,-8.493124875554462960e+01
4.674673710937499891e+02,-7.466806360382986441e+01
4.674676640625000346e+02,-7.644607200387383728e+01
4.674679570312500232e+02,-8.016411802714640089e+01
4.674682500000000118e+02,-8.450162144480006532e+01
4.674685429687500005e+02,-8.254290181623258604e+01
4.674688359374999891e+02,-7.321485508774132711e+01
4.674691289062500346e+02,-7.368584670480092313e+01
4.674694218750000232e+02,-7.526931581628323897e+01
4.674697148437500118e+02,-7.316473674357713719e+01
4.674700078125000005e+02,-7.163541345260233584e+01
4.674703007812499891e+02,-7.803189619952955525e+01
4.674705937500000346e+02,-8.018438814420947836e+01
4.674708867187500232e+02,-6.997918273210638063e+01
4.674711796875000118e+02,-7.314203011406998201e+01
4.674714726562500005e+02,-8.204775911371000063e+01
4.674717656249999891e+02,-8.420957703116980042e+01
4.674720585937500346e+02,-8.269767716550066439e+01
4.674723515625000232e+02,-8.110748376957366190e+01
4.674726445312500118e+02,-7.646522029661045394e+01
4.674729375000000005e+02,-7.924779350097148267e+01
4.674732304687499891e+02,-9.149353829485252732e+01
4.674735234375000346e+02,-7.952681515430617765e+01
4.674738164062500232e+02,-7.044103779690377110e+01
4.674741093750000118e+02,-6.847013911244209794e+01
4.674744023437500005e+02,-7.224916876766269525e+01
4.674746953124999891e+02,-6.716138385536902433e+01
4.674749882812500346e+02,-7.707237753576936257e+01
4.674752812500000232e+02,-9.650116996770071864e+01
4.674755742187500118e+02,-7.829658034558354984e+01
4.674758671875000005e+02,-7.587027319460220554e+01
4.674761601562499891e+02,-7.996721143732476378e+01
4.674764531250000346e+02,-9.394265109085097265e+01
4.674767460937500232e+02,-7.632295835956148267e+01
4.674770390625000118e+02,-7.461701781656363153e+01
4.674773320312500005e+02,-7.175822866771909503e+01
4.674776249999999891e+02,-7.257662104485150678e+01
4.674779179687500346e+02,-6.239249562367626112e+01
4.674782109375000232e+02,-6.506429262884051923e+01
4.674785039062500118e+02,-8.436220061753944321e+01
4.674787968750000005e+02,-8.442712156244948574e+01
4.674790898437499891e+02,-7.682356968515387052e+01
4.674793828125000346e+02,-6.938610709293780587e+01
4.674796757812500232e+02,-7.208015655451846726e+01
4.674799687500000118e+02,-7.477058861960580316e+01
4.674802617187500005e+02,-7.990717643891726141e+01
4.674805546874999891e+02,-7.550821800401899964e+01
4.674808476562500346e+02,-7.521354597809404652e+01
4.674811406250000232e+02,-6.754936066167314834e+01
4.674814335937500118e+02,-5.785354909834939718e+01
4.674817265625000005e+02,-6.249649511469600327e+01
4.674820195312499891e+02,-6.887143590058762754e+01
4.674823125000000346e+02,-7.461560091645804960e+01
4.674826054687500232e+02,-8.263413428244052739e+01
4.674828984375000118e+02,-7.733358213572314810e+01
4.674831914062500005e+02,-9.465858391389005533e+01
4.674834843749999891e+02,-7.384247898623584661e+01
4.674837773437500346e+02,-7.541805677986369005e+01
4.674840703125000232e+02,-9.142127714367288149e+01
4.674843632812500118e+02,-8.146354564410701471e+01
4.674846562500000005e+02,-6.269454905826147240e+01
4.674849492187499891e+02,-5.700137987765603498e+01
4.674852421875000346e+02,-6.667021305116826113e+01
4.674855351562500232e+02,-8.719936206011772128e+01
4.674858281250000118e+02,-7.815099058707215818e+01
4.674861210937500005e+02,-7.854307719967462731e+01
4.674864140624999891e+02,-8.459804116858686029e+01
4.674867070312500346e+02,-7.836936778883102761e+01
4.674870000000000232e+02,-7.423568593683036454e+01
4.674872929687500118e+02,-6.901746210193772413e+01
4.674875859375000005e+02,-6.828161416835447994e+01
4.674878789062499891e+02,-7.176503773241918793e+01
4.674881718750000346e+02,-7.067244654105206791e+01
4.674884648437500232e+02,-7.382248278323297086e+01
4.674887578125000118e+02,-7.652441618176256100e+01
4.674890507812500005e+02,-7.260442912998277620e+01
4.674893437499999891e+02,-7.243721252638310659e+01
4.674896367187500346e+02,-8.577233185463340703e+01
4.674899296875000232e+02,-7.251388415835630497e+01
4.674902226562500118e+02,-6.938769101516329840e+01
4.674905156250000005e+02,-7.276876430834383314e+01
4.674908085937499891e+02,-8.891574644481792689e+01
4.674911015625000346e+02,-7.378857049705894156e+01
4.674913945312500232e+02,-7.105674573499668156e+01
4.674916875000000118e+02,-7.410053476061544586e+01
4.674919804687500005e+02,-8.324174994519368909e+01
4.674922734374999891e+02,-7.591837977222157008e+01
4.674925664062500346e+02,-7.161597785828692508e+01
4.674928593750000232e+02,-7.118474268689752193e+01
4.674931523437500118e+02,-6.709915771959168751e+01
4.674934453125000005e+02,-6.995165677043262065e+01
4.674937382812499891e+02,-6.690417250902822843e+01
4.674940312500000346e+02,-6.891533639689285451e+01
4.674943242187500232e+02,-7.423840430492367659e+01
4.674946171875000118e+02,-8.240454833159611781e+01
4.674949101562500005e+02,-7.537971094121152760e+01
4.674952031249999891e+02,-6.829154852227226513e+01
4.674954960937500346e+02,-6.885089252320847208e+01
4.674957890625000232e+02,-8.040377028838508977e+01
4.674960820312500118e+02,-7.654171772813847952e+01
4.674963750000000005e+02,-7.898069820829968535e+01
4.674966679687499891e+02,-7.618306695498867498e+01
4.674969609375000346e+02,-7.491720392996906241e+01
4.674972539062500232e+02,-7.766584852185738441e+01
4.674975468750000118e+02,-7.626270195406017649e+01
4.674978398437500005e+02,-8.183487325476892238e+01
4.674981328124999891e+02,-7.692901255651391068e+01
4.674984257812500346e+02,-7.252241457560954530e+01
4.674987187500000232e+02,-6.828312187115029985e+01
4.674990117187500118e+02,-7.056608016681408913e+01
4.674993046875000005e+02,-7.291087117681924212e+01
4.674995976562499891e+02,-7.163466380674384482e+01
4.674998906250000346e+02,-7.591068273793760568e+01
4.675001835937500232e+02,-7.365852299830736172e+01
4.675004765625000118e+02,-7.185720972628607228e+01
4.675007695312500005e+02,-7.472136006494014282e+01
4.675010624999999891e+02,-7.640576215960203399e+01
4.675013554687500346e+02,-7.965064103385907401e+01
4.675016484375000232e+02,-7.994016951960121276e+01
4.675019414062500118e+02,-8.075946585732111771e+01
4.675022343750000005e+02,-7.827998690616517763e+01
4.675025273437499891e+02,-7.335667000338158061e+01
4.675028203125000346e+02,-7.309703603940909034e+01
4.675031132812500232e+02,-7.695854923910411571e+01
4.675034062500000118e+02,-8.100033222153189172e+01
4.675036992187500005e+02,-7.219538127474713463e+01
4.675039921874999891e+02,-7.109498656748213818e+01
4.675042851562500346e+02,-7.338648277840738388e+01
4.675045781250000232e+02,-7.046010019973147109e+01
4.675048710937500118e+02,-7.338698458857898288e+01
4.675051640625000005e+02,-7.234933754019786534e+01
4.675054570312499891e+02,-7.663170745682337781e+01
4.675057500000000346e+02,-7.294936111955014724e+01
4.675060429687500232e+02,-7.645173619191204750e+01
4.675063359375000118e+02,-8.060268612323534398e+01
4.675066289062500005e+02,-6.822451807176179273e+01
4.675069218749999891e+02,-6.324763134600627268e+01
4.675072148437500346e+02,-6.555024112353646615e+01
4.675075078125000232e+02,-7.457647082054934629e+01
4.675078007812500118e+02,-7.771373970240908591e+01
4.675080937500000005e+02,-7.290886126517330013e+01
4.675083867187499891e+02,-7.532136847989087869e+01
4.675086796875000346e+02,-8.245855114690687060e+01
4.675089726562500232e+02,-7.592814401323556694e+01
4.675092656250000118e+02,-7.954665542733258121e+01
4.675095585937500005e+02,-8.080012421306845738e+01
4.675098515624999891e+02,-7.339920805561168038e+01
4.675101445312500346e+02,-7.595366412182390548e+01
4.675104375000000232e+02,-7.756516010957727758e+01
4.675107304687500118e+02,-7.391788025744779134e+01
4.675110234375000005e+02,-7.093946283196406455e+01
4.675113164062499891e+02,-7.757693528591548215e+01
4.675116093750000346e+02,-8.159750459270173906e+01
4.675119023437500232e+02,-7.443532722600566842e+01
4.675121953125000118e+02,-7.071158806145020037e+01
4.675124882812500005e+02,-7.167808697570055187e+01
4.675127812499999891e+02,-7.292440953491129108e+01
4.675130742187500346e+02,-7.714019984251029882e+01
4.675133671875000232e+02,-8.038728894495351085e+01
4.675136601562500118e+02,-7.612765187371287823e+01
4.675139531250000005e+02,-7.546756780504944118e+01
4.675142460937499891e+02,-6.593448919034656797e+01
4.675145390625000346e+02,-7.227299850744567777e+01
4.675148320312500232e+02,-7.780185873066034219e+01
4.675151250000000118e+02,-7.402792468107735147e+01
4.675154179687500005e+02,-7.612517339805266658e+01
4.675157109374999891e+02,-8.432100418200943182e+01
4.675160039062500346e+02,-7.331706672117735479e+01
4.675162968750000232e+02,-7.560226545548550803e+01
4.675165898437500118e+02,-7.466193158573004496e+01
4.675168828125000005e+02,-7.098080331570851342e+01
4.675171757812499891e+02,-9.477427446246240095e+01
4.675174687500000346e+02,-7.884896501161806270e+01
4.675177617187500232e+02,-7.520614847490664090e+01
4.675180546875000118e+02,-7.199928654159839425e+01
4.675183476562500005e+02,-7.475269242917009649e+01
4.675186406249999891e+02,-7.283875642868670752e+01
4.675189335937500346e+02,-7.430885772920214549e+01
4.675192265625000232e+02,-7.613003629486370016e+01
4.675195195312500118e+02,-7.838974024499545123e+01
4.675198125000000005e+02,-7.665075407696494381e+01
4.675201054687499891e+02,-8.441079597454057648e+01
4.675203984375000346e+02,-8.652066196151344002e+01
4.675206914062500232e+02,-7.198543460735085375e+01
4.675209843750000118e+02,-7.096689202071904390e+01
4.675212773437500005e+02,-7.465613703442129179e+01
4.675215703124999891e+02,-7.764782503756789822e+01
4.675218632812500346e+02,-8.844768274098483118e+01
4.675221562500000232e+02,-7.728126581504604076e+01
4.675224492187500118e+02,-8.476802431590809306e+01
4.675227421875000005e+02,-7.178558246888285055e+01
4.675230351562499891e+02,-7.226965150057394283e+01
4.675233281250000346e+02,-8.957647432924261466e+01
4.675236210937500232e+02,-8.717808735253804286e+01
4.675239140625000118e+02,-8.283425727772072378e+01
4.675242070312500005e+02,-8.816705814403029251e+01
4.675244999999999891e+02,-6.907239749298484810e+01
4.675247929687500346e+02,-7.160096508141442939e+01
4.675250859375000232e+02,-7.513242973008091496e+01
4.675253789062500118e+02,-7.885842449133571108e+01
4.675256718750000005e+02,-7.147847044989981669e+01
4.675259648437499891e+02,-7.290983083506104379e+01
4.675262578125000346e+02,-6.221399424537550260e+01
4.675265507812500232e+02,-4.911198368123767466e+01
4.675268437500000118e+02,-5.139207870933454103e+01
4.675271367187500005e+02,-7.790642538545742468e+01
4.675274296874999891e+02,-6.784224103241714943e+01
4.675277226562500346e+02,-7.063617022638781862e+01
4.675280156250000232e+02,-7.279535323450534179e+01
4.675283085937500118e+02,-7.503292643317379884e+01
4.675286015625000005e+02,-9.585764258707604313e+01
4.675288945312499891e+02,-7.978464863716857280e+01
4.675291875000000346e+02,-7.564401140497653842e+01
4.675294804687500232e+02,-7.021229484003984567e+01
4.675297734375000118e+02,-6.253291362396659281e+01
4.675300664062500005e+02,-5.778720985004531485e+01
4.675303593749999891e+02,-6.766800546119169724e+01
4.675306523437500346e+02,-7.087998380937024478e+01
4.675309453125000232e+02,-7.812640350268600287e+01
4.675312382812500118e+02,-7.717204217045640746e+01
4.675315312500000005e+02,-7.235977030745266347e+01
4.675318242187499891e+02,-7.420255767752807685e+01
4.675321171875000346e+02,-6.938418335149616212e+01
4.675324101562500232e+02,-7.505625740378707178e+01
4.675327031250000118e+02,-6.609172939687036319e+01
4.675329960937500005e+02,-6.761326410858180225e+01
4.675332890624999891e+02,-6.389977633308682670e+01
4.675335820312500346e+02,-6.269718010465708602e+01
4.675338750000000232e+02,-7.097102674755593910e+01
4.675341679687500118e+02,-7.531037966841137177e+01
4.675344609375000005e+02,-7.359444839958725026e+01
4.675347539062499891e+02,-6.834211653510075735e+01
4.675350468750000346e+02,-7.295454381433872015e+01
4.675353398437500232e+02,-8.110643575064295874e+01
4.675356328125000118e+02,-7.890874597929096979e+01
4.675359257812500005e+02,-7.136343803026881005e+01
4.675362187499999891e+02,-7.059166632643899675e+01
4.675365117187500346e+02,-7.215387516414457991e+01
4.675368046875000232e+02,-6.678018477111370999e+01
4.675370976562500118e+02,-8.143732036343547520e+01
4.675373906250000005e+02,-6.862812723471878940e+01
4.675376835937499891e+02,-7.120201764331207528e+01
4.675379765625000346e+02,-7.774980096279242048e+01
4.675382695312500232e+02,-7.365993503714982182e+01
4.675385625000000118e+02,-7.510722412289094052e+01
4.675388554687500005e+02,-7.154358127892125196e+01
4.675391484374999891e+02,-8.106461276922631498e+01
4.675394414062500346e+02,-7.936643260162945523e+01
4.675397343750000232e+02,-7.354737239571623775e+01
4.675400273437500118e+02,-7.159870792047092891e+01
4.675403203125000005e+02,-6.868635283126603497e+01
4.675406132812499891e+02,-7.682323800265687908e+01
4.675409062500000346e+02,-7.537797780169368878e+01
4.675411992187500232e+02,-7.732306275897401804e+01
4.675414921875000118e+02,-8.408377721555223161e+01
4.675417851562500005e+02,-7.681066025372038553e+01
4.675420781249999891e+02,-7.676977730301595670e+01
4.675423710937500346e+02,-7.174606198729298967e+01
4.675426640625000232e+02,-6.867757005131694825e+01
4.675429570312500118e+02,-7.864450759903351695e+01
4.675432500000000005e+02,-6.950858080183522247e+01
4.675435429687499891e+02,-6.792064721280101480e+01
4.675438359375000346e+02,-6.924105247857164613e+01
4.675441289062500232e+02,-6.420900132780803915e+01
4.675444218750000118e+02,-6.508549654164846743e+01
4.675447148437500005e+02,-7.734335489632363192e+01
4.675450078124999891e+02,-7.244967581914080768e+01
4.675453007812500346e+02,-6.464469568761693097e+01
4.675455937500000232e+02,-6.709926313905246786e+01
4.675458867187500118e+02,-7.198632685550128940e+01
4.675461796875000005e+02,-6.670325762500537792e+01
4.675464726562499891e+02,-7.683057998129851285e+01
4.675467656250000346e+02,-6.821540844737884868e+01
4.675470585937500232e+02,-6.455028450459732881e+01
4.675473515625000118e+02,-7.472431490276048294e+01
4.675476445312500005e+02,-6.933548137529864164e+01
4.675479374999999891e+02,-7.087720417554376695e+01
4.675482304687500346e+02,-6.923730482257153085e+01
4.675485234375000232e+02,-7.566854362729799277e+01
4.675488164062500118e+02,-7.245416388868558499e+01
4.675491093750000005e+02,-7.838732365626455589e+01
4.675494023437499891e+02,-7.011857844571461840e+01
4.675496953125000346e+02,-6.390205784778467546e+01
4.675499882812500232e+02,-6.788898683499972719e+01
4.675502812500000118e+02,-7.034570420685354009e+01
4.675505742187500005e+02,-6.948752716751589276e+01
4.675508671874999891e+02,-6.727847874243150272e+01
4.675511601562500346e+02,-8.241410564055385635e+01
4.675514531250000232e+02,-7.851943939338998746e+01
4.675517460937500118e+02,-7.206380944639775521e+01
4.675520390625000005e+02,-7.066556421902114948e+01
4.675523320312499891e+02,-6.437821325140372153e+01
4.675526250000000346e+02,-7.012770855524951230e+01
4.675529179687500232e+02,-6.208492265930318865e+01
4.675532109375000118e+02,-6.813858923767392639e+01
4.675535039062500005e+02,-6.757462575204073119e+01
4.675537968749999891e+02,-7.669738015742370862e+01
4.675540898437500346e+02,-7.496949826601024824e+01
4.675543828125000232e+02,-6.537294284347501616e+01
4.675546757812500118e+02,-6.687530842694044964e+01
4.675549687500000005e+02,-6.524112407377073453e+01
4.675552617187499891e+02,-7.720404030665369532e+01
4.675555546875000346e+02,-6.548812456899122481e+01
4.675558476562500232e+02,-7.473734889780031665e+01
4.675561406250000118e+02,-6.477366935111791690e+01
4.675564335937500005e+02,-6.647999882941529393e+01
4.675567265624999891e+02,-6.786310022816491028e+01
4.675570195312500346e+02,-6.750018028238699230e+01
4.675573125000000232e+02,-6.274367005493247973e+01
4.675576054687500118e+02,-5.825820972948667986e+01
4.675578984375000005e+02,-5.897959396906540519e+01
4.675581914062499891e+02,-6.024330765849461500e+01
4.675584843750000346e+02,-6.446710889956131041e+01
4.675587773437500232e+02,-7.062085354956515459e+01
4.675590703125000118e+02,-6.611676319847035188e+01
4.675593632812500005e+02,-6.164446845664352281e+01
4.675596562499999891e+02,-6.838866149942825245e+01
4.675599492187500346e+02,-8.112754432724806009e+01
4.675602421875000232e+02,-6.223509865711552180e+01
4.675605351562500118e+02,-6.813177228248075323e+01
4.675608281250000005e+02,-6.827526662798821633e+01
4.675611210937499891e+02,-6.340804478518093390e+01
4.675614140625000346e+02,-7.097536316575221349e+01
4.675617070312500232e+02,-7.490146306601138804e+01
4.675620000000000118e+02,-6.786639118000459803e+01
4.675622929687500005e+02,-6.880925511771108916e+01
4.675625859374999891e+02,-6.894778818002313869e+01
4.675628789062500346e+02,-5.696308847617761728e+01
4.675631718750000232e+02,-5.598484517051106479e+01
4.675634648437500118e+02,-5.909896726083217544e+01
4.675637578125000005e+02,-6.236187511202334122e+01
4.675640507812499891e+02,-7.555037189828085786e+01
4.675643437500000346e+02,-7.064660960896394215e+01
4.675646367187500232e+02,-6.245008617036574350e+01
4.675649296875000118e+02,-6.385995837463119784e+01
4.675652226562500005e+02,-5.966239346775534358e+01
4.675655156249999891e+02,-5.823557700533994819e+01
4.675658085937500346e+02,-5.733945957076293354e+01
4.675661015625000232e+02,-6.538856332771371171e+01
4.675663945312500118e+02,-6.635663228880912357e+01
4.675666875000000005e+02,-6.572509121641523677e+01
4.675669804687499891e+02,-7.042084034166492756e+01
4.675672734375000346e+02,-7.099026001446969758e+01
4.675675664062500232e+02,-7.966331046930760351e+01
4.675678593750000118e+02,-7.312072796723553836e+01
4.675681523437500005e+02,-6.773784857236806545e+01
4.675684453124999891e+02,-6.567964962120045413e+01
4.675687382812500346e+02,-6.995681116735063654e+01
4.675690312500000232e+02,-6.737656738924928845e+01
4.675693242187500118e+02,-6.378434688140521303e+01
4.675696171875000005e+02,-6.633564869958604504e+01
4.675699101562499891e+02,-6.581225413414360048e+01
4.675702031250000346e+02,-7.015228687817433695e+01
4.675704960937500232e+02,-6.512720242821029615e+01
4.675707890625000118e+02,-6.843913394224294677e+01
4.675710820312500005e+02,-6.000055732448437595e+01
4.675713749999999891e+02,-5.658983160766106124e+01
4.675716679687500346e+02,-5.618669972014603786e+01
4.675719609375000232e+02,-5.817612337818623303e+01
4.675722539062500118e+02,-6.134430115692510554e+01
4.675725468750000005e+02,-6.579159250113627877e+01
4.675728398437499891e+02,-6.325055936998935380e+01
4.675731328125000346e+02,-7.063406185957725825e+01
4.675734257812500232e+02,-8.680309927379006751e+01
4.675737187500000118e+02,-7.148405546671666855e+01
4.675740117187500005e+02,-7.446772075635878707e+01
4.675743046874999891e+02,-6.870489277513571835e+01
4.675745976562500346e+02,-7.149652840719242874e+01
4.675748906250000232e+02,-6.224700202004554228e+01
4.675751835937500118e+02,-6.751266478623152523e+01
4.675754765625000005e+02,-7.386321080784532001e+01
4.675757695312499891e+02,-6.988632051316469074e+01
4.675760625000000346e+02,-6.922946973924388203e+01
4.675763554687500232e+02,-6.460805063570103357e+01
4.675766484375000118e+02,-6.107789425592655164e+01
4.675769414062500005e+02,-5.705548306241994538e+01
4.675772343749999891e+02,-5.567184361978198126e+01
4.675775273437500346e+02,-5.861663936313451728e+01
4.675778203125000232e+02,-6.286571725623606000e+01
4.675781132812500118e+02,-6.642070442072262892e+01
4.675784062500000005e+02,-5.865321116097190668e+01
4.675786992187499891e+02,-7.155910682899926201e+01
4.675789921875000346e+02,-6.000324336653847013e+01
4.675792851562500232e+02,-6.850069904539240895e+01
4.675795781250000118e+02,-5.478601890121438345e+01
4.675798710937500005e+02,-5.563201775599316079e+01
4.675801640624999891e+02,-5.667330466051500082e+01
4.675804570312500346e+02,-6.350907232875822217e+01
4.675807500000000232e+02,-6.705789197752396547e+01
4.675810429687500118e+02,-6.666362803712995344e+01
4.675813359375000005e+02,-6.343778858057710579e+01
4.675816289062499891e+02,-5.911794859660744805e+01
4.675819218750000346e+02,-5.519552583356173869e+01
4.675822148437500232e+02,-6.353716172957641106e+01
4.675825078125000118e+02,-6.635943154726129478e+01
4.675828007812500005e+02,-6.083437837749591637e+01
4.675830937499999891e+02,-6.810779165421672587e+01
4.675833867187500346e+02,-6.637478561340950023e+01
4.675836796875000232e+02,-6.857047686387852536e+01
4.675839726562500118e+02,-6.582410494830895686e+01
4.675842656250000005e+02,-5.768277765960561965e+01
4.675845585937499891e+02,-6.649449604660549085e+01
4.675848515625000346e+02,-6.462758378736684506e+01
4.675851445312500232e+02,-5.128498071374052358e+01
4.675854375000000118e+02,-4.364180749830293138e+01
4.675857304687500005e+02,-5.265593523193891912e+01
4.675860234374999891e+02,-6.135284627965329918e+01
4.675863164062500346e+02,-7.484293616357228984e+01
4.675866093750000232e+02,-6.601988988824521698e+01
4.675869023437500118e+02,-6.576427663275914881e+01
4.675871953125000005e+02,-7.180262297614537204e+01
4.675874882812499891e+02,-6.252028450432423057e+01
4.675877812500000346e+02,-6.504938496281256732e+01
4.675880742187500232e+02,-6.045708883645801279e+01
4.675883671875000118e+02,-5.103883959083745481e+01
4.675886601562500005e+02,-3.270087754021667337e+01
4.675889531249999891e+02,-3.074239860821734638e+01
4.675892460937500346e+02,-4.529459999814221050e+01
4.675895390625000232e+02,-5.971914422874604611e+01
4.675898320312500118e+02,-6.037420378538352850e+01
4.675901250000000005e+02,-6.451352862552960232e+01
4.675904179687499891e+02,-6.942465247861515820e+01
4.675907109375000346e+02,-6.351147961728652547e+01
4.675910039062500232e+02,-6.374786055132795326e+01
4.675912968750000118e+02,-6.494581695487467243e+01
4.675915898437500005e+02,-6.278483413788677581e+01
4.675918828124999891e+02,-5.747949950097578409e+01
4.675921757812500346e+02,-4.633764491401785079e+01
4.675924687500000232e+02,-4.873126034678384144e+01
4.675927617187500118e+02,-6.664820842130683332e+01
4.675930546875000005e+02,-6.396659372049605707e+01
4.675933476562499891e+02,-5.779517978302529002e+01
4.675936406250000346e+02,-5.758434389258137287e+01
4.675939335937500232e+02,-7.968192437344308132e+01
4.675942265625000118e+02,-7.753578957412776163e+01
4.675945195312500005e+02,-6.833334354138840183e+01
4.675948124999999891e+02,-6.581512821353959453e+01
4.675951054687500346e+02,-6.744273833267507712e+01
4.675953984375000232e+02,-5.973820011402543173e+01
4.675956914062500118e+02,-5.292547035389197418e+01
4.675959843750000005e+02,-5.774186727546143771e+01
4.675962773437499891e+02,-6.760481470394896064e+01
4.675965703125000346e+02,-6.616539814037069789e+01
4.675968632812500232e+02,-7.845383544844347057e+01
4.675971562500000118e+02,-6.572235317120386355e+01
4.675974492187500005e+02,-5.749177000408774774e+01
4.675977421874999891e+02,-5.849806358744845625e+01
4.675980351562500346e+02,-5.608021820133090074e+01
4.675983281250000232e+02,-6.530403528221637544e+01
4.675986210937500118e+02,-6.120188075655814686e+01
4.675989140625000005e+02,-6.475251267942294930e+01
4.675992070312499891e+02,-5.859535605669948666e+01
4.675995000000000346e+02,-5.975500046433485579e+01
4.675997929687500232e+02,-6.311793142996707218e+01
4.676000859375000118e+02,-6.287706165831287564e+01
4.676003789062500005e+02,-5.632452743647978366e+01
4.676006718749999891e+02,-5.610776411261066698e+01
4.676009648437500346e+02,-6.107067798940954617e+01
4.676012578125000232e+02,-6.766790455866723164e+01
4.676015507812500118e+02,-6.675034271204671654e+01
4.676018437500000005e+02,-6.173846112545311371e+01
4.676021367187499891e+02,-6.587483665274615419e+01
4.676024296875000346e+02,-7.453143445505604348e+01
4.676027226562500232e+02,-6.388746061435696078e+01
4.676030156250000118e+02,-6.566664634638041775e+01
4.676033085937500005e+02,-7.362413142363477903e+01
4.676036015624999891e+02,-7.108295485558095095e+01
4.676038945312500346e+02,-6.574544456393623193e+01
4.676041875000000232e+02,-7.666564801459662704e+01
4.676044804687500118e+02,-6.471301690764218506e+01
4.676047734375000005e+02,-6.038505500093246781e+01
4.676050664062499891e+02,-5.956663026868249489e+01
4.676053593750000346e+02,-6.225006037237199763e+01
4.676056523437500232e+02,-5.807561108388850357e+01
4.676059453125000118e+02,-5.772705379992410002e+01
4.676062382812500005e+02,-5.864607783441718425e+01
4.676065312499999891e+02,-6.345821298471985017e+01
4.676068242187500346e+02,-6.372258258029653888e+01
4.676071171875000232e+02,-6.441565527149026593e+01
4.676074101562500118e+02,-6.066023358732937254e+01
4.676077031250000005e+02,-5.840264071448383731e+01
4.676079960937499891e+02,-6.099506637796928743e+01
4.676082890625000346e+02,-6.030723243451524951e+01
4.676085820312500232e+02,-6.450572082253323458e+01
4.676088750000000118e+02,-6.726720135960489699e+01
4.676091679687500005e+02,-7.026597299875589897e+01
4.676094609374999891e+02,-6.726402044234018263e+01
4.676097539062500346e+02,-7.121315269606051856e+01
4.676100468750000232e+02,-7.777873708214501391e+01
4.676103398437500118e+02,-8.206721202555479522e+01
4.676106328125000005e+02,-7.474924421142580400e+01
4.676109257812499891e+02,-6.812866395996424274e+01
4.676112187500000346e+02,-7.259783867731965756e+01
4.676115117187500232e+02,-7.802537909136081851e+01
4.676118046875000118e+02,-6.180889568965417880e+01
4.676120976562500005e+02,-5.871601605305181693e+01
4.676123906249999891e+02,-6.953918746348081470e+01
4.676126835937500346e+02,-6.765067514303781593e+01
4.676129765625000232e+02,-6.127548342796191605e+01
4.676132695312500118e+02,-6.488409515016135742e+01
4.676135625000000005e+02,-7.258630541765833755e+01
4.676138554687499891e+02,-6.289839773343010165e+01
4.676141484375000346e+02,-6.132792400246994191e+01
4.676144414062500232e+02,-6.057043285210320249e+01
4.676147343750000118e+02,-5.877097523910453702e+01
4.676150273437500005e+02,-6.450821044160076667e+01
4.676153203124999891e+02,-8.305672571040452112e+01
4.676156132812500346e+02,-7.044139186386573215e+01
4.676159062500000232e+02,-7.273978473609086848e+01
4.676161992187500118e+02,-6.939266176824813215e+01
4.676164921875000005e+02,-6.336634288923686853e+01
4.676167851562499891e+02,-6.426969695266262761e+01
4.676170781250000346e+02,-6.640241792221549133e+01
4.676173710937500232e+02,-6.930965993240724288e+01
4.676176640625000118e+02,-7.486857296405273132e+01
4.676179570312500005e+02,-8.455132352094679504e+01
4.676182499999999891e+02,-7.416574231128028316e+01
4.676185429687500346e+02,-7.043677073559612722e+01
4.676188359375000232e+02,-7.420450754307287866e+01
4.676191289062500118e+02,-6.703033637731974181e+01
4.676194218750000005e+02,-6.409019011163157131e+01
4.676197148437499891e+02,-6.288252194110728510e+01
4.676200078125000346e+02,-6.026392802853479935e+01
4.676203007812500232e+02,-6.203690579186302045e+01
4.676205937500000118e+02,-6.856112594785489023e+01
4.676208867187500005e+02,-6.533450171242552074e+01
4.676211796874999891e+02,-6.410270670173132146e+01
4.676214726562500346e+02,-5.975510216370581418e+01
4.676217656250000232e+02,-6.564439177532017311e+01
4.676220585937500118e+02,-6.991201864260312959e+01
4.676223515625000005e+02,-6.992732112028768654e+01
4.676226445312499891e+02,-6.850277204079881699e+01
4.676229375000000346e+02,-6.425229893004909343e+01
4.676232304687500232e+02,-6.805638965586457800e+01
4.676235234375000118e+02,-7.445459422828754725e+01
4.676238164062500005e+02,-7.426316674695422648e+01
4.676241093749999891e+02,-6.785950915176846365e+01
4.676244023437500346e+02,-6.511059583419773844e+01
4.676246953125000232e+02,-6.136440804702726126e+01
4.676249882812500118e+02,-6.928118097411956455e+01
4.676252812500000005e+02,-6.499798709790039197e+01
4.676255742187499891e+02,-6.785394557847357078e+01
4.676258671875000346e+02,-8.092818646940844474e+01
4.676261601562500232e+02,-7.727863412423353395e+01
4.676264531250000118e+02,-6.952887522761386663e+01
4.676267460937500005e+02,-6.900413415321263244e+01
4.676270390624999891e+02,-6.484251361938306957e+01
4.676273320312500346e+02,-7.160134247364068472e+01
4.676276250000000232e+02,-7.094725638735675943e+01
4.676279179687500118e+02,-6.892949843527135556e+01
4.676282109375000005e+02,-7.025424592497678589e+01
4.676285039062499891e+02,-7.493654817963896164e+01
4.676287968750000346e+02,-6.910095473807876942e+01
4.676290898437500232e+02,-7.041524950025399221e+01
4.676293828125000118e+02,-7.740909486202068024e+01
4.676296757812500005e+02,-7.469199732900452204e+01
4.676299687499999891e+02,-6.926403114255228388e+01
4.676302617187500346e+02,-7.140494123555259876e+01
4.676305546875000232e+02,-6.600642244187517349e+01
4.676308476562500118e+02,-6.761299404656654133e+01
4.676311406250000005e+02,-7.126478433781022659e+01
4.676314335937499891e+02,-6.754113514228939152e+01
4.676317265625000346e+02,-7.883515082565213561e+01
4.676320195312500232e+02,-7.078483760346239251e+01
4.676323125000000118e+02,-6.660997412646808868e+01
4.676326054687500005e+02,-7.200593185330320978e+01
4.676328984374999891e+02,-6.973707214004018340e+01
4.676331914062500346e+02,-7.379317214787820944e+01
4.676334843750000232e+02,-6.658617666420457226e+01
4.676337773437500118e+02,-7.063599421498169306e+01
4.676340703125000005e+02,-7.949769358261070806e+01
4.676343632812499891e+02,-6.962126405081636449e+01
4.676346562500000346e+02,-7.007424303515045949e+01
4.676349492187500232e+02,-7.272672857661176238e+01
4.676352421875000118e+02,-6.549942832698725681e+01
4.676355351562500005e+02,-6.806390996486510403e+01
4.676358281249999891e+02,-8.172776348546669567e+01
4.676361210937500346e+02,-9.251456903637108553e+01
4.676364140625000232e+02,-8.325943080036806521e+01
4.676367070312500118e+02,-7.841393951180742761e+01
4.676370000000000005e+02,-7.267334548389231941e+01
4.676372929687499891e+02,-7.081256694385527339e+01
4.676375859375000346e+02,-8.358217082560133804e+01
4.676378789062500232e+02,-6.852426572647827641e+01
4.676381718750000118e+02,-6.501926531314362023e+01
4.676384648437500005e+02,-7.659559830133008518e+01
4.676387578124999891e+02,-7.980093119247254663e+01
4.676390507812500346e+02,-7.512687118086455484e+01
4.676393437500000232e+02,-7.608561417752264333e+01
4.676396367187500118e+02,-7.378952408083412706e+01
4.676399296875000005e+02,-7.420619763129869284e+01
4.676402226562499891e+02,-7.738590131102671421e+01
4.676405156250000346e+02,-6.697064675991326510e+01
4.676408085937500232e+02,-7.119507750454511097e+01
4.676411015625000118e+02,-6.876094670461191072e+01
4.676413945312500005e+02,-7.206781346244048336e+01
4.676416874999999891e+02,-7.181353115178910684e+01
4.676419804687500346e+02,-6.579652233044740228e+01
4.676422734375000232e+02,-6.866033206490374141e+01
4.676425664062500118e+02,-6.935973420748831586e+01
4.676428593750000005e+02,-7.861063536867847290e+01
4.676431523437499891e+02,-6.607042245564730365e+01
4.676434453125000346e+02,-6.712958978149958966e+01
4.676437382812500232e+02,-6.770693479584757313e+01
4.676440312500000118e+02,-6.748307595776401513e+01
4.676443242187500005e+02,-7.195595091475547633e+01
4.676446171874999891e+02,-7.292617103030482895e+01
4.676449101562500346e+02,-6.686979479226783951e+01
4.676452031250000232e+02,-7.300874139359696358e+01
4.676454960937500118e+02,-7.380122809969697073e+01
4.676457890625000005e+02,-7.157064945873203499e+01
4.676460820312499891e+02,-7.246680194015593202e+01
4.676463750000000346e+02,-6.753514579778416760e+01
4.676466679687500232e+02,-6.934245016164591391e+01
4.676469609375000118e+02,-8.544551550981839227e+01
4.676472539062500005e+02,-7.258328910546003954e+01
4.676475468749999891e+02,-8.945163121257090211e+01
4.676478398437500346e+02,-7.274373792073620848e+01
4.676481328125000232e+02,-7.472784110325883944e+01
4.676484257812500118e+02,-7.924194546553603402e+01
4.676487187500000005e+02,-7.971982680092602891e+01
4.676490117187499891e+02,-8.249494948844466080e+01
4.676493046875000346e+02,-7.700971842783515342e+01
4.676495976562500232e+02,-8.327245297425946546e+01
4.676498906250000118e+02,-7.894403826190711015e+01
4.676501835937500005e+02,-7.595291642210656846e+01
4.676504765624999891e+02,-9.235729039244696992e+01
4.676507695312500346e+02,-5.672156882866740801e+01
4.676510625000000232e+02,-4.897146402314314173e+01
4.676513554687500118e+02,-5.745629087257782430e+01
4.676516484375000005e+02,-6.811593221850677082e+01
4.676519414062499891e+02,-6.554844448125986389e+01
4.676522343750000346e+02,-7.096765171244085479e+01
4.676525273437500232e+02,-7.861561946357920760e+01
4.676528203125000118e+02,-7.476611346755616694e+01
4.676531132812500005e+02,-7.597483523613743728e+01
4.676534062499999891e+02,-8.022530516366245479e+01
4.676536992187500346e+02,-7.333968219817685963e+01
4.676539921875000232e+02,-6.875771355513586514e+01
4.676542851562500118e+02,-6.087615673058945731e+01
4.676545781250000005e+02,-6.050402585439417891e+01
4.676548710937499891e+02,-7.302990386046235471e+01
4.676551640625000346e+02,-6.955414300316678577e+01
4.676554570312500232e+02,-7.940599823928751277e+01
4.676557500000000118e+02,-7.784005214188611887e+01
4.676560429687500005e+02,-7.411782651054021187e+01
4.676563359374999891e+02,-7.345266410309716321e+01
4.676566289062500346e+02,-7.095663569323822628e+01
4.676569218750000232e+02,-6.953779024476759218e+01
4.676572148437500118e+02,-7.266441778607874369e+01
4.676575078125000005e+02,-7.521739867735450957e+01
4.676578007812499891e+02,-6.576994048224607070e+01
4.676580937500000346e+02,-6.538849011168360903e+01
4.676583867187500232e+02,-7.700326777392417910e+01
4.676586796875000118e+02,-7.971871887663067469e+01
4.676589726562500005e+02,-8.121740671508250387e+01
4.676592656249999891e+02,-8.231102170928606654e+01
4.676595585937500346e+02,-7.630602100846186886e+01
4.676598515625000232e+02,-7.120713407141222717e+01
4.676601445312500118e+02,-6.918066507066150450e+01
4.676604375000000005e+02,-7.282151763390159260e+01
4.676607304687499891e+02,-7.918809228171242864e+01
4.676610234375000346e+02,-7.592629206008523113e+01
4.676613164062500232e+02,-6.910596212369173941e+01
4.676616093750000118e+02,-7.701601261948802346e+01
4.676619023437500005e+02,-7.227444386655066921e+01
4.676621953124999891e+02,-6.954031796205248384e+01
4.676624882812500346e+02,-6.887850061669114154e+01
4.676627812500000232e+02,-7.000312156828985621e+01
4.676630742187500118e+02,-7.335570577843708406e+01
4.676633671875000005e+02,-7.540038907943772983e+01
4.676636601562499891e+02,-7.578354516944240515e+01
4.676639531250000346e+02,-7.994623979092799004e+01
4.676642460937500232e+02,-8.082902669621090297e+01
4.676645390625000118e+02,-7.939965507244076548e+01
4.676648320312500005e+02,-7.394771754970568622e+01
4.676651249999999891e+02,-7.553049572851702465e+01
4.676654179687500346e+02,-7.832520460525140038e+01
4.676657109375000232e+02,-7.098737491332356342e+01
4.676660039062500118e+02,-7.656191762761852715e+01
4.676662968750000005e+02,-9.405933049734915130e+01
4.676665898437499891e+02,-7.393691049605595822e+01
4.676668828125000346e+02,-7.519769890118382705e+01
4.676671757812500232e+02,-8.060052170798756777e+01
4.676674687500000118e+02,-7.079763129424560475e+01
4.676677617187500005e+02,-6.730949949137912824e+01
4.676680546874999891e+02,-6.996545131951069152e+01
4.676683476562500346e+02,-6.851809267856056351e+01
4.676686406250000232e+02,-6.891725015137743071e+01
4.676689335937500118e+02,-6.997437843531027113e+01
4.676692265625000005e+02,-8.247607478601155151e+01
4.676695195312499891e+02,-7.858673266899381815e+01
4.676698125000000346e+02,-8.296588855698047382e+01
4.676701054687500232e+02,-7.989290435695674830e+01
4.676703984375000118e+02,-7.622400101602947586e+01
4.676706914062500005e+02,-7.003094748299717764e+01
4.676709843749999891e+02,-7.819656535495889216e+01
4.676712773437500346e+02,-8.224828307889981716e+01
4.676715703125000232e+02,-7.222110982193905215e+01
4.676718632812500118e+02,-7.455093220051625735e+01
4.676721562500000005e+02,-7.819034451502164984e+01
4.676724492187499891e+02,-7.666331608246002816e+01
4.676727421875000346e+02,-7.456867753319426129e+01
4.676730351562500232e+02,-8.521562259460006317e+01
4.676733281250000118e+02,-7.491422557490770373e+01
4.676736210937500005e+02,-7.672568715625919822e+01
4.676739140624999891e+02,-7.144656075790460648e+01
4.676742070312500346e+02,-6.833137189493251640e+01
4.676745000000000232e+02,-6.851294339550473467e+01
4.676747929687500118e+02,-6.930318203014324752e+01
4.676750859375000005e+02,-8.536548107487405446e+01
4.676753789062499891e+02,-7.091979926942957491e+01
4.676756718750000346e+02,-7.360450349794807323e+01
4.676759648437500232e+02,-7.764615215810384541e+01
4.676762578125000118e+02,-8.170840944631524394e+01
4.676765507812500005e+02,-7.915327339611556567e+01
4.676768437499999891e+02,-7.089909152110355706e+01
4.676771367187500346e+02,-6.879543264001240743e+01
4.676774296875000232e+02,-8.175448498839317324e+01
4.676777226562500118e+02,-6.761911535646014215e+01
4.676780156250000005e+02,-7.104413485840865405e+01
4.676783085937499891e+02,-7.776542100338454588e+01
4.676786015625000346e+02,-7.347275910679742594e+01
4.676788945312500232e+02,-8.220182245184201975e+01
4.676791875000000118e+02,-8.242279773634703588e+01
4.676794804687500005e+02,-7.464859057321652358e+01
4.676797734374999891e+02,-8.248191731005510974e+01
4.676800664062500346e+02,-7.471407314892016416e+01
4.676803593750000232e+02,-7.403151920454823198e+01
4.676806523437500118e+02,-7.599241242137632923e+01
4.676809453125000005e+02,-9.446385245707249112e+01
4.676812382812499891e+02,-7.515098632440685833e+01
4.676815312500000346e+02,-7.579860114969835649e+01
4.676818242187500232e+02,-7.895505930013504781e+01
4.676821171875000118e+02,-7.448928517492646506e+01
4.676824101562500005e+02,-8.840772186262184107e+01
4.676827031249999891e+02,-7.510080782277051981e+01
4.676829960937500346e+02,-8.213884784526479166e+01
4.676832890625000232e+02,-8.077262149186572060e+01
4.676835820312500118e+02,-7.193537351301962701e+01
4.676838750000000005e+02,-7.340947540094016688e+01
4.676841679687499891e+02,-7.548097681679089987e+01
4.676844609375000346e+02,-7.339335857135435504e+01
4.676847539062500232e+02,-8.120566773972532815e+01
4.676850468750000118e+02,-7.072608859303484508e+01
4.676853398437500005e+02,-7.840188065602309564e+01
4.676856328124999891e+02,-7.781617736635561755e+01
4.676859257812500346e+02,-7.982887332427991112e+01
4.676862187500000232e+02,-7.142107920864860660e+01
4.676865117187500118e+02,-6.917303024936501288e+01
4.676868046875000005e+02,-6.963653511006208419e+01
4.676870976562499891e+02,-7.820296918133111319e+01
4.676873906250000346e+02,-8.623148343165101437e+01
4.676876835937500232e+02,-8.368822765546900655e+01
4.676879765625000118e+02,-8.424602183553618318e+01
4.676882695312500005e+02,-7.769542647599598695e+01
4.676885624999999891e+02,-8.262232837637240834e+01
4.676888554687500346e+02,-7.814685249087369812e+01
4.676891484375000232e+02,-7.259951377327641353e+01
4.676894414062500118e+02,-6.634634300841706533e+01
4.676897343750000005e+02,-7.377325139414094224e+01
4.676900273437499891e+02,-7.525641468305168758e+01
4.676903203125000346e+02,-7.797834667624938731e+01
4.676906132812500232e+02,-7.707437737635419239e+01
4.676909062500000118e+02,-6.994968393949842778e+01
4.676911992187500005e+02,-7.348446953257334258e+01
4.676914921874999891e+02,-7.753450942974444615e+01
4.676917851562500346e+02,-7.180140682105590599e+01
4.676920781250000232e+02,-7.755778540837793855e+01
4.676923710937500118e+02,-8.323328608916268934e+01
4.676926640625000005e+02,-6.933067539533146828e+01
4.676929570312499891e+02,-6.696289783403176443e+01
4.676932500000000346e+02,-7.491305821897651640e+01
4.676935429687500232e+02,-7.643770488048720324e+01
4.676938359375000118e+02,-7.543429624295220037e+01
4.676941289062500005e+02,-7.915533436108259480e+01
4.676944218749999891e+02,-8.165365581560239150e+01
4.676947148437500346e+02,-7.773136129303901498e+01
4.676950078125000232e+02,-7.692652220345625835e+01
4.676953007812500118e+02,-7.461115824954055142e+01
4.676955937500000005e+02,-7.789000656612395801e+01
4.676958867187499891e+02,-7.750812287658214927e+01
4.676961796875000346e+02,-7.445131853734739025e+01
4.676964726562500232e+02,-7.515391465038618435e+01
4.676967656250000118e+02,-7.923470119553877566e+01
4.676970585937500005e+02,-8.688186609442141162e+01
4.676973515624999891e+02,-7.698021884979078777e+01
4.676976445312500346e+02,-7.617207923999758634e+01
4.676979375000000232e+02,-9.377549178108652939e+01
4.676982304687500118e+02,-7.916486651076274939e+01
4.676985234375000005e+02,-8.203447160189340082e+01
4.676988164062499891e+02,-7.412696855438140631e+01
4.676991093750000346e+02,-7.536067055381113278e+01
4.676994023437500232e+02,-7.719518513655003744e+01
4.676996953125000118e+02,-7.297051024361448412e+01
4.676999882812500005e+02,-8.988890766807351440e+01
4.677002812499999891e+02,-8.002700441745894011e+01
4.677005742187500346e+02,-7.481159895533343729e+01
4.677008671875000232e+02,-8.538667087873758987e+01
4.677011601562500118e+02,-8.474109788464789972e+01
4.677014531250000005e+02,-1.012956759539860343e+02
4.677017460937499891e+02,-7.831401425029821439e+01
4.677020390625000346e+02,-7.456565068216826830e+01
4.677023320312500232e+02,-7.884483069203541561e+01
4.677026250000000118e+02,-8.152691654180814851e+01
4.677029179687500005e+02,-9.001725296826006684e+01
4.677032109374999891e+02,-7.478946682782422783e+01
4.677035039062500346e+02,-7.254432207509586306e+01
4.677037968750000232e+02,-7.599370500257174399e+01
4.677040898437500118e+02,-8.197318323844127974e+01
4.677043828125000005e+02,-7.492454537237237844e+01
4.677046757812499891e+02,-7.796131817230238426e+01
4.677049687500000346e+02,-7.858103326443031733e+01
4.677052617187500232e+02,-8.072725967947886261e+01
4.677055546875000118e+02,-7.737278965225435456e+01
4.677058476562500005e+02,-7.648470165287844225e+01
4.677061406249999891e+02,-8.057362865616096315e+01
4.677064335937500346e+02,-8.965539638095548014e+01
4.677067265625000232e+02,-7.942557421915827831e+01
4.677070195312500118e+02,-7.638834197584455410e+01
4.677073125000000005e+02,-7.627712829985640042e+01
4.677076054687499891e+02,-8.168229011513771809e+01
4.677078984375000346e+02,-7.418971866193064102e+01
4.677081914062500232e+02,-7.839022054631084302e+01
4.677084843750000118e+02,-7.836221445178898648e+01
4.677087773437500005e+02,-7.479029876037647284e+01
4.677090703124999891e+02,-7.422061456624264508e+01
4.677093632812500346e+02,-7.309045721537626150e+01
4.677096562500000232e+02,-8.058787304947580310e+01
4.677099492187500118e+02,-8.377259956494762605e+01
4.677102421875000005e+02,-7.588443980814771805e+01
4.677105351562499891e+02,-7.584894224834974352e+01
4.677108281250000346e+02,-7.886278870548113673e+01
4.677111210937500232e+02,-8.433366481850055152e+01
4.677114140625000118e+02,-7.892980979834804600e+01
4.677117070312500005e+02,-8.063765973750446392e+01
4.677119999999999891e+02,-8.461657894630940291e+01
4.677122929687500346e+02,-8.369897365668731481e+01
4.677125859375000232e+02,-7.489097285824199446e+01
4.677128789062500118e+02,-7.003419146208142365e+01
4.677131718750000005e+02,-6.155799446137051234e+01
4.677134648437499891e+02,-6.505770710691025727e+01
4.677137578125000346e+02,-8.381901972230137687e+01
4.677140507812500232e+02,-7.902705889581001486e+01
4.677143437500000118e+02,-7.870558090141804541e+01
4.677146367187500005e+02,-7.917473958957201319e+01
4.677149296874999891e+02,-7.875147408987767506e+01
4.677152226562500346e+02,-7.543382827069346774e+01
4.677155156250000232e+02,-7.940859636982099801e+01
4.677158085937500118e+02,-8.417003905003481634e+01
4.677161015625000005e+02,-8.230110366397670418e+01
4.677163945312499891e+02,-8.231479773125673205e+01
4.677166875000000346e+02,-7.430682064607854898e+01
4.677169804687500232e+02,-8.026436725358685464e+01
4.677172734375000118e+02,-7.620280243242936535e+01
4.677175664062500005e+02,-8.275692636927470858e+01
4.677178593749999891e+02,-8.644132806948579173e+01
4.677181523437500346e+02,-7.485782196479787842e+01
4.677184453125000232e+02,-7.591913580561175934e+01
4.677187382812500118e+02,-7.985032320392284078e+01
4.677190312500000005e+02,-9.158457966836202502e+01
4.677193242187499891e+02,-7.825795619456398811e+01
4.677196171875000346e+02,-8.273191545702462690e+01
4.677199101562500232e+02,-7.018961535105739813e+01
4.677202031250000118e+02,-7.043945741439814867e+01
4.677204960937500005e+02,-8.722561763409167668e+01
4.677207890624999891e+02,-7.848190982306478247e+01
4.677210820312500346e+02,-7.625814519913524236e+01
4.677213750000000232e+02,-7.394669534358261842e+01
4.677216679687500118e+02,-7.773307133995145080e+01
4.677219609375000005e+02,-7.431499275662808657e+01
4.677222539062499891e+02,-7.138189340366878355e+01
4.677225468750000346e+02,-7.307502468652143079e+01
4.677228398437500232e+02,-7.903581600328188017e+01
4.677231328125000118e+02,-7.785994044522104218e+01
4.677234257812500005e+02,-8.230290780755350966e+01
4.677237187499999891e+02,-8.209108311468091301e+01
4.677240117187500346e+02,-7.596583562703457915e+01
4.677243046875000232e+02,-7.936452296083612623e+01
4.677245976562500118e+02,-7.815095492182837233e+01
4.677248906250000005e+02,-7.700237555521617594e+01
4.677251835937499891e+02,-8.329885226472279669e+01
4.677254765625000346e+02,-8.200840375494209411e+01
4.677257695312500232e+02,-7.826965663645496818e+01
4.677260625000000118e+02,-8.475703687326317493e+01
4.677263554687500005e+02,-8.028964478226939150e+01
4.677266484374999891e+02,-8.168319729930585993e+01
4.677269414062500346e+02,-7.567143799599986664e+01
4.677272343750000232e+02,-8.242586315706786593e+01
4.677275273437500118e+02,-7.995437354024481635e+01
4.677278203125000005e+02,-8.643568481886647703e+01
4.677281132812499891e+02,-8.237628435998587406e+01
4.677284062500000346e+02,-8.189594676725468503e+01
4.677286992187500232e+02,-7.923137623946685437e+01
4.677289921875000118e+02,-8.388495718214231545e+01
4.677292851562500005e+02,-8.195479587302743596e+01
4.677295781249999891e+02,-7.879595802222634404e+01
4.677298710937500346e+02,-8.129979112103274019e+01
4.677301640625000232e+02,-7.937943845904182183e+01
4.677304570312500118e+02,-8.437531071235801505e+01
4.677307500000000005e+02,-7.531587472237698933e+01
4.677310429687499891e+02,-8.052079625275408148e+01
4.677313359375000346e+02,-8.409391567654482458e+01
4.677316289062500232e+02,-9.822771301978923475e+01
4.677319218750000118e+02,-8.468184631535642382e+01
4.677322148437500005e+02,-8.647865066891826302e+01
4.677325078124999891e+02,-9.458855607004302612e+01
4.677328007812500346e+02,-7.687609626614248270e+01
4.677330937500000232e+02,-7.636257450692242799e+01
4.677333867187500118e+02,-8.578353981875278578e+01
4.677336796875000005e+02,-7.747932294663723951e+01
4.677339726562499891e+02,-7.901618495322981062e+01
4.677342656250000346e+02,-8.166079053813069777e+01
4.677345585937500232e+02,-8.673676680373722547e+01
4.677348515625000118e+02,-8.268755744286080756e+01
4.677351445312500005e+02,-7.527101022786635554e+01
4.677354374999999891e+02,-7.289083441934927521e+01
4.677357304687500346e+02,-8.104748748226103316e+01
4.677360234375000232e+02,-8.571030922719299383e+01
4.677363164062500118e+02,-8.395873120404851875e+01
4.677366093750000005e+02,-9.816677477830630494e+01
4.677369023437499891e+02,-8.556583090484814136e+01
4.677371953125000346e+02,-7.599215106916018669e+01
4.677374882812500232e+02,-8.691053257411837762e+01
4.677377812500000118e+02,-8.184018851760889390e+01
4.677380742187500005e+02,-7.561448016177976683e+01
4.677383671874999891e+02,-7.300287745922882721e+01
4.677386601562500346e+02,-7.929912605833931138e+01
4.677389531250000232e+02,-8.760172380041453266e+01
4.677392460937500118e+02,-8.260529203940333787e+01
4.677395390625000005e+02,-8.696127041886342113e+01
4.677398320312499891e+02,-8.073553567173760825e+01
4.677401250000000346e+02,-7.736875840064359977e+01
4.677404179687500232e+02,-7.984612342412275154e+01
4.677407109375000118e+02,-8.520787664896320734e+01
4.677410039062500005e+02,-8.715810910187778404e+01
4.677412968749999891e+02,-8.812947565539826655e+01
4.677415898437500346e+02,-7.881616991160726116e+01
4.677418828125000232e+02,-7.745729633192458152e+01
4.677421757812500118e+02,-8.422002322243939432e+01
4.677424687500000005e+02,-8.210331740576179982e+01
4.677427617187499891e+02,-8.266820582852274413e+01
4.677430546875000346e+02,-7.504014045107807362e+01
4.677433476562500232e+02,-7.245259347042711795e+01
4.677436406250000118e+02,-7.238018200235113397e+01
4.677439335937500005e+02,-8.148929545004509123e+01
4.677442265624999891e+02,-8.130078798671853235e+01
4.677445195312500346e+02,-7.961410534368394565e+01
4.677448125000000232e+02,-7.652139300089226026e+01
4.677451054687500118e+02,-8.088184307458274702e+01
4.677453984375000005e+02,-7.656406833767469777e+01
4.677456914062499891e+02,-7.525384678358727797e+01
4.677459843750000346e+02,-7.735733993193333902e+01
4.677462773437500232e+02,-7.885135636492680078e+01
4.677465703125000118e+02,-7.818568363622343043e+01
4.677468632812500005e+02,-7.775205468446230839e+01
4.677471562499999891e+02,-8.334333086766824295e+01
4.677474492187500346e+02,-7.828794255980125172e+01
4.677477421875000232e+02,-8.100869834436215911e+01
4.677480351562500118e+02,-8.627791965842925492e+01
4.677483281250000005e+02,-8.491352604798089487e+01
4.677486210937499891e+02,-8.207906046260157495e+01
4.677489140625000346e+02,-7.754702717965440684e+01
4.677492070312500232e+02,-8.057042231831728429e+01
4.677495000000000118e+02,-8.330871599235922531e+01
4.677497929687500005e+02,-9.567802643183489408e+01
4.677500859374999891e+02,-8.159196111257639927e+01
4.677503789062500346e+02,-9.029767220239449443e+01
4.677506718750000232e+02,-8.692520004448668658e+01
4.677509648437500118e+02,-8.605420036385133642e+01
4.677512578125000005e+02,-8.134730930959844386e+01
4.677515507812499891e+02,-8.792433783866667341e+01
4.677518437500000346e+02,-8.295680358930408715e+01
4.677521367187500232e+02,-8.026421057472815335e+01
4.677524296875000118e+02,-7.760439198933087823e+01
4.677527226562500005e+02,-8.100313309993019573e+01
4.677530156249999891e+02,-7.278180745083302838e+01
4.677533085937500346e+02,-7.457030551810584029e+01
4.677536015625000232e+02,-7.897318322824800418e+01
4.677538945312500118e+02,-7.937372885483259211e+01
4.677541875000000005e+02,-7.366806035769100447e+01
4.677544804687499891e+02,-7.551038527540343637e+01
4.677547734375000346e+02,-7.562048822180716456e+01
4.677550664062500232e+02,-7.234132771000857076e+01
4.677553593750000118e+02,-8.885134786435153842e+01
4.677556523437500005e+02,-7.923140034759781258e+01
4.677559453124999891e+02,-8.251884637029830571e+01
4.677562382812500346e+02,-8.990511585665908001e+01
4.677565312500000232e+02,-8.967639496015593181e+01
4.677568242187500118e+02,-9.472860748111949647e+01
4.677571171875000005e+02,-8.431771077096544786e+01
4.677574101562499891e+02,-7.462350420290383113e+01
4.677577031250000346e+02,-7.351174907096569200e+01
4.677579960937500232e+02,-7.587278487073619715e+01
4.677582890625000118e+02,-8.234965923657387066e+01
4.677585820312500005e+02,-8.607854956421672910e+01
4.677588749999999891e+02,-8.028216528203634539e+01
4.677591679687500346e+02,-8.469134572014154116e+01
4.677594609375000232e+02,-8.981083021176084458e+01
4.677597539062500118e+02,-8.063429161059070793e+01
4.677600468750000005e+02,-8.696532194557249795e+01
4.677603398437499891e+02,-7.839098263291388946e+01
4.677606328125000346e+02,-8.463756841273571752e+01
4.677609257812500232e+02,-9.088429015677590428e+01
4.677612187500000118e+02,-8.389808676489943196e+01
4.677615117187500005e+02,-7.620374904397041860e+01
4.677618046874999891e+02,-7.350007770819824771e+01
4.677620976562500346e+02,-8.163050656429439300e+01
4.677623906250000232e+02,-8.306841439945594630e+01
4.677626835937500118e+02,-7.772582435662070566e+01
4.677629765625000005e+02,-7.718988307781778246e+01
4.677632695312499891e+02,-7.656486308269668939e+01
4.677635625000000346e+02,-7.415069996823211795e+01
4.677638554687500232e+02,-8.253147564266578229e+01
4.677641484375000118e+02,-8.442042486860916028e+01
4.677644414062500005e+02,-7.889615698113526321e+01
4.677647343749999891e+02,-8.137472593025978540e+01
4.677650273437500346e+02,-8.016847872168784761e+01
4.677653203125000232e+02,-7.731057161290813440e+01
4.677656132812500118e+02,-7.905565963361189574e+01
4.677659062500000005e+02,-8.526940111061369976e+01
4.677661992187499891e+02,-8.348712010024851793e+01
4.677664921875000346e+02,-7.648631869689403118e+01
4.677667851562500232e+02,-7.633291279534846296e+01
4.677670781250000118e+02,-8.156148370418674176e+01
4.677673710937500005e+02,-8.406771182909221807e+01
4.677676640624999891e+02,-8.682626666982665142e+01
4.677679570312500346e+02,-9.187792896476400983e+01
4.677682500000000232e+02,-9.419966997938843178e+01
4.677685429687500118e+02,-8.634464512905579170e+01
4.677688359375000005e+02,-7.949881534482454981e+01
4.677691289062499891e+02,-8.110727279492137143e+01
4.677694218750000346e+02,-7.851579446815219399e+01
4.677697148437500232e+02,-7.576835954236842952e+01
4.677700078125000118e+02,-8.067736962728695005e+01
4.677703007812500005e+02,-8.162452332457375803e+01
4.677705937499999891e+02,-8.606075191251972001e+01
4.677708867187500346e+02,-8.430337967721399650e+01
4.677711796875000232e+02,-9.044667222756208957e+01
4.677714726562500118e+02,-8.306862263730931772e+01
4.677717656250000005e+02,-8.018577815828037103e+01
4.677720585937499891e+02,-8.134168755701711007e+01
4.677723515625000346e+02,-7.786537417692244389e+01
4.677726445312500232e+02,-7.638381888574033951e+01
4.677729375000000118e+02,-7.720568139522106321e+01
4.677732304687500005e+02,-7.730577764874206537e+01
4.677735234374999891e+02,-7.795427270375955686e+01
4.677738164062500346e+02,-8.107305609172031780e+01
4.677741093750000232e+02,-7.606489037213022186e+01
4.677744023437500118e+02,-7.596996592130767567e+01
4.677746953125000005e+02,-7.984954524150955990e+01
4.677749882812499891e+02,-8.726377619500462401e+01
4.677752812500000346e+02,-8.748354775530654592e+01
4.677755742187500232e+02,-8.280232683067237076e+01
4.677758671875000118e+02,-8.758333563437736302e+01
4.677761601562500005e+02,-8.211743429439239605e+01
4.677764531249999891e+02,-8.807366488258671211e+01
4.677767460937500346e+02,-8.522102858390148583e+01
4.677770390625000232e+02,-8.066784860718983907e+01
4.677773320312500118e+02,-9.506166030713225723e+01
4.677776250000000005e+02,-8.619272092855295853e+01
4.677779179687499891e+02,-7.839746010920585206e+01
4.677782109375000346e+02,-8.290982187992685226e+01
4.677785039062500232e+02,-8.124083465158179251e+01
4.677787968750000118e+02,-8.381696862296537631e+01
4.677790898437500005e+02,-8.476605679897886603e+01
4.677793828124999891e+02,-8.690542639892473176e+01
4.677796757812500346e+02,-9.578764590287451597e+01
4.677799687500000232e+02,-8.005873503242725064e+01
4.677802617187500118e+02,-8.191943078671478418e+01
4.677805546875000005e+02,-8.968453467115965339e+01
4.677808476562499891e+02,-9.966150094097586987e+01
4.677811406250000346e+02,-8.964272548332542101e+01
4.677814335937500232e+02,-8.202800929042908251e+01
4.677817265625000118e+02,-7.931389754406828274e+01
4.677820195312500005e+02,-8.130756997717892887e+01
4.677823124999999891e+02,-8.301159579351526929e+01
4.677826054687500346e+02,-8.129047737184470179e+01
4.677828984375000232e+02,-8.267267622973142238e+01
4.677831914062500118e+02,-8.761288947012948825e+01
4.677834843750000005e+02,-8.767869241172350314e+01
4.677837773437499891e+02,-8.114779218813650630e+01
4.677840703125000346e+02,-7.970587999579400673e+01
4.677843632812500232e+02,-8.714938122537304821e+01
4.677846562500000118e+02,-8.825211057475064536e+01
4.677849492187500005e+02,-8.555775569153296090e+01
4.677852421874999891e+02,-8.770183603371353342e+01
4.677855351562500346e+02,-7.842444716384561332e+01
4.677858281250000232e+02,-8.677175502161784948e+01
4.677861210937500118e+02,-8.651453485385415831e+01
4.677864140625000005e+02,-1.133695845917977181e+02
4.677867070312499891e+02,-8.982852298898563959e+01
4.677870000000000346e+02,-9.110114236398362664e+01
4.677872929687500232e+02,-8.481077438886470077e+01
4.677875859375000118e+02,-8.571101665087000754e+01
4.677878789062500005e+02,-7.951870349776618241e+01
4.677881718749999891e+02,-7.556756673790724221e+01
4.677884648437500346e+02,-7.701507423818296161e+01
4.677887578125000232e+02,-8.300915891145272951e+01
4.677890507812500118e+02,-9.088243307265672399e+01
4.677893437500000005e+02,-9.191662480343863706e+01
4.677896367187499891e+02,-8.426447099672030561e+01
4.677899296875000346e+02,-7.918699895540660805e+01
4.677902226562500232e+02,-8.339188147398238016e+01
4.677905156250000118e+02,-8.668304922986585836e+01
4.677908085937500005e+02,-7.889983098194949207e+01
4.677911015624999891e+02,-8.250466401553119056e+01
4.677913945312500346e+02,-8.107352808476514383e+01
4.677916875000000232e+02,-8.440424682325009087e+01
4.677919804687500118e+02,-8.945253099484054360e+01
4.677922734375000005e+02,-9.353941896379174636e+01
4.677925664062499891e+02,-8.999206807840805311e+01
4.677928593750000346e+02,-8.375981470360434855e+01
4.677931523437500232e+02,-8.029636358774772020e+01
4.677934453125000118e+02,-8.008400454009390046e+01
4.677937382812500005e+02,-8.469125643163978623e+01
4.677940312499999891e+02,-8.354990570930043248e+01
4.677943242187500346e+02,-8.432314682124733451e+01
4.677946171875000232e+02,-8.147211434673053532e+01
4.677949101562500118e+02,-8.528458501429733474e+01
4.677952031250000005e+02,-8.225745368908542332e+01
4.677954960937499891e+02,-8.311658882200535459e+01
4.677957890625000346e+02,-8.511601350973343472e+01
4.677960820312500232e+02,-8.000929609129542541e+01
4.677963750000000118e+02,-7.639029162682697915e+01
4.677966679687500005e+02,-7.925542044867961522e+01
4.677969609374999891e+02,-9.517408871435731044e+01
4.677972539062500346e+02,-8.639725446199850012e+01
4.677975468750000232e+02,-7.913224707194926566e+01
4.677978398437500118e+02,-8.239042318748558102e+01
4.677981328125000005e+02,-8.679463582074552619e+01
4.677984257812499891e+02,-7.973528846754341259e+01
4.677987187500000346e+02,-7.666014253896759101e+01
4.677990117187500232e+02,-7.890623719637247291e+01
4.677993046875000118e+02,-8.225796120988940174e+01
4.677995976562500005e+02,-8.635214621894471065e+01
4.677998906249999891e+02,-9.023538048238722808e+01
4.678001835937500346e+02,-7.909601511864130430e+01
4.678004765625000232e+02,-7.563671483483132363e+01
4.678007695312500118e+02,-7.651179000462227009e+01
4.678010625000000005e+02,-8.417498745603474219e+01
4.678013554687499891e+02,-8.088657233121179502e+01
4.678016484375000346e+02,-7.777164205498080207e+01
4.678019414062500232e+02,-9.042150558441854002e+01
4.678022343750000118e+02,-8.092735033142224665e+01
4.678025273437500005e+02,-8.917778242163068114e+01
4.678028203124999891e+02,-8.315469241730954764e+01
4.678031132812500346e+02,-8.112227880957151172e+01
4.678034062500000232e+02,-8.572945454822159661e+01
4.678036992187500118e+02,-8.471241392344884957e+01
4.678039921875000005e+02,-8.366921596588512955e+01
4.678042851562499891e+02,-8.326271282843768518e+01
4.678045781250000346e+02,-8.190801972407084008e+01
4.678048710937500232e+02,-9.042506959299279856e+01
4.678051640625000118e+02,-8.637526950479679044e+01
4.678054570312500005e+02,-7.873324566448471273e+01
4.678057499999999891e+02,-8.127730412622680944e+01
4.678060429687500346e+02,-8.722040799301169045e+01
4.678063359375000232e+02,-8.439839126797203051e+01
4.678066289062500118e+02,-7.936149397615281487e+01
4.678069218750000005e+02,-8.338436134957848367e+01
4.678072148437499891e+02,-8.614187698580819585e+01
4.678075078125000346e+02,-7.920931952374834850e+01
4.678078007812500232e+02,-7.828157644780972646e+01
4.678080937500000118e+02,-7.603400220596130055e+01
4.678083867187500005e+02,-7.450691170793700735e+01
4.678086796874999891e+02,-7.753534407975676856e+01
4.678089726562500346e+02,-8.869471519004454763e+01
4.678092656250000232e+02,-8.577948570976082010e+01
4.678095585937500118e+02,-7.982721502609147990e+01
4.678098515625000005e+02,-8.246490856062990815e+01
4.678101445312499891e+02,-8.859706613043096013e+01
4.678104375000000346e+02,-8.279415687185442607e+01
4.678107304687500232e+02,-8.944142974720783457e+01
4.678110234375000118e+02,-8.206011574014972609e+01
4.678113164062500005e+02,-8.557148309100330152e+01
4.678116093749999891e+02,-1.030746897802687414e+02
4.678119023437500346e+02,-8.880472640161825382e+01
4.678121953125000232e+02,-8.725368176407825160e+01
4.678124882812500118e+02,-8.361236653494199800e+01
4.678127812500000005e+02,-8.492437086104732202e+01
4.678130742187499891e+02,-8.597942350983385040e+01
4.678133671875000346e+02,-7.842083876235084006e+01
4.678136601562500232e+02,-7.929773480275379427e+01
4.678139531250000118e+02,-8.257720434144466992e+01
4.678142460937500005e+02,-8.375418828916693315e+01
4.678145390624999891e+02,-8.391087206469235582e+01
4.678148320312500346e+02,-8.001928662673734038e+01
4.678151250000000232e+02,-8.692053212867730849e+01
4.678154179687500118e+02,-8.279605577753869738e+01
4.678157109375000005e+02,-8.001810578681342179e+01
4.678160039062499891e+02,-8.925492688344670000e+01
4.678162968750000346e+02,-8.614795113937547910e+01
4.678165898437500232e+02,-8.528784677157037208e+01
4.678168828125000118e+02,-8.412906750576200920e+01
4.678171757812500005e+02,-7.913624240408506694e+01
4.678174687499999891e+02,-9.086593671177266174e+01
4.678177617187500346e+02,-8.633467987057119331e+01
4.678180546875000232e+02,-1.008018236090746029e+02
4.678183476562500118e+02,-8.287199553755355907e+01
4.678186406250000005e+02,-8.002067290381077669e+01
4.678189335937499891e+02,-8.614493115298616033e+01
4.678192265625000346e+02,-8.097462565274801705e+01
4.678195195312500232e+02,-8.362134408857698986e+01
4.678198125000000118e+02,-8.945884753623346342e+01
4.678201054687500005e+02,-8.005992479125409034e+01
4.678203984374999891e+02,-8.737133505369706654e+01
4.678206914062500346e+02,-9.239873719756968740e+01
4.678209843750000232e+02,-7.981532215858412371e+01
4.678212773437500118e+02,-8.700978027469187737e+01
4.678215703125000005e+02,-8.583660354316867824e+01
4.678218632812499891e+02,-7.784887399741022307e+01
4.678221562500000346e+02,-7.933543510682338251e+01
4.678224492187500232e+02,-7.809532737649423950e+01
4.678227421875000118e+02,-8.243195038245238493e+01
4.678230351562500005e+02,-8.354715739530560370e+01
4.678233281249999891e+02,-7.894448781541166227e+01
4.678236210937500346e+02,-7.925249025775521261e+01
4.678239140625000232e+02,-8.074198825575776084e+01
4.678242070312500118e+02,-8.649645203336874033e+01
4.678245000000000005e+02,-7.781270460718199899e+01
4.678247929687499891e+02,-7.609309833268000034e+01
4.678250859375000346e+02,-7.943141661264063202e+01
4.678253789062500232e+02,-8.223220551410662438e+01
4.678256718750000118e+02,-7.779155534404662831e+01
4.678259648437500005e+02,-8.001784279670664546e+01
4.678262578124999891e+02,-8.983864519510768787e+01
4.678265507812500346e+02,-9.974718805575109570e+01
4.678268437500000232e+02,-9.986099755682418788e+01
4.678271367187500118e+02,-8.987371146255198084e+01
4.678274296875000005e+02,-7.887078617825905269e+01
4.678277226562499891e+02,-8.041378479258655432e+01
4.678280156250000346e+02,-9.063049814940862348e+01
4.678283085937500232e+02,-9.252428359793424306e+01
4.678286015625000118e+02,-9.321336348711412256e+01
4.678288945312500005e+02,-8.304213917461623851e+01
4.678291874999999891e+02,-8.075523198128317404e+01
4.678294804687500346e+02,-8.966847468186330161e+01
4.678297734375000232e+02,-7.909277617298677399e+01
4.678300664062500118e+02,-8.674971933066105123e+01
4.678303593750000005e+02,-9.011463993158787389e+01
4.678306523437499891e+02,-8.244323115912472133e+01
4.678309453125000346e+02,-8.066181977329515007e+01
4.678312382812500232e+02,-8.129319082854713940e+01
4.678315312500000118e+02,-8.705027301435274012e+01
4.678318242187500005e+02,-9.184025453226213642e+01
4.678321171874999891e+02,-9.239041668998694945e+01
4.678324101562500346e+02,-7.995648571285292405e+01
4.678327031250000232e+02,-8.076744187055868451e+01
4.678329960937500118e+02,-8.087022731213131976e+01
4.678332890625000005e+02,-7.830369380924909706e+01
4.678335820312499891e+02,-8.107809778017447400e+01
4.678338750000000346e+02,-8.107582901402763298e+01
4.678341679687500232e+02,-8.973123967455642003e+01
4.678344609375000118e+02,-9.828407603114712288e+01
4.678347539062500005e+02,-8.352836308606946147e+01
4.678350468749999891e+02,-7.702335436492415965e+01
4.678353398437500346e+02,-7.741468603095617595e+01
4.678356328125000232e+02,-8.385546364238003036e+01
4.678359257812500118e+02,-8.579369007878513287e+01
4.678362187500000005e+02,-9.463355990748667068e+01
4.678365117187499891e+02,-8.759469276100942636e+01
4.678368046875000346e+02,-9.422884453711762376e+01
4.678370976562500232e+02,-9.137518937990094514e+01
4.678373906250000118e+02,-7.661693136926695047e+01
4.678376835937500005e+02,-6.938941689402584245e+01
4.678379765624999891e+02,-7.550530995095411413e+01
4.678382695312500346e+02,-8.935553856789276495e+01
4.678385625000000232e+02,-8.709137102560534061e+01
4.678388554687500118e+02,-8.236946840539884818e+01
4.678391484375000005e+02,-7.899442742155446240e+01
4.678394414062499891e+02,-8.452528362999066758e+01
4.678397343750000346e+02,-8.163667094379317746e+01
4.678400273437500232e+02,-8.141700108782166012e+01
4.678403203125000118e+02,-8.133682856373091852e+01
4.678406132812500005e+02,-8.472046642888101076e+01
4.678409062499999891e+02,-8.359884071654894910e+01
4.678411992187500346e+02,-7.878968143182152062e+01
4.678414921875000232e+02,-8.080006625017449551e+01
4.678417851562500118e+02,-8.230998200356866334e+01
4.678420781250000005e+02,-8.090953452479303110e+01
4.678423710937499891e+02,-8.966228328412610438e+01
4.678426640625000346e+02,-8.754285018097611726e+01
4.678429570312500232e+02,-8.242852589237838856e+01
4.678432500000000118e+02,-8.778716478274289159e+01
4.678435429687500005e+02,-9.843242439691655932e+01
4.678438359374999891e+02,-8.502882152576719932e+01
4.678441289062500346e+02,-8.956877112348527703e+01
4.678444218750000232e+02,-7.855305009799590721e+01
4.678447148437500118e+02,-8.217460142293737135e+01
4.678450078125000005e+02,-8.443426510138324659e+01
4.678453007812499891e+02,-8.485742252545415454e+01
4.678455937500000346e+02,-8.833952639557595887e+01
4.678458867187500232e+02,-9.408709328835080044e+01
4.678461796875000118e+02,-8.830524680945707416e+01
4.678464726562500005e+02,-8.146750753009065704e+01
4.678467656249999891e+02,-8.226352700788281425e+01
4.678470585937500346e+02,-8.632753180302162832e+01
4.678473515625000232e+02,-8.143082245253710028e+01
4.678476445312500118e+02,-8.623874426868147225e+01
4.678479375000000005e+02,-9.586823864074760593e+01
4.678482304687499891e+02,-9.186278819522971162e+01
4.678485234375000346e+02,-8.329270968972318201e+01
4.678488164062500232e+02,-8.358125170422944450e+01
4.678491093750000118e+02,-8.724786425268720791e+01
4.678494023437500005e+02,-8.981995738507248461e+01
4.678496953124999891e+02,-8.427151203169407268e+01
4.678499882812500346e+02,-7.794345725727504259e+01
4.678502812500000232e+02,-7.804502218748322662e+01
4.678505742187500118e+02,-8.282552741944962804e+01
4.678508671875000005e+02,-8.399777805982492396e+01
4.678511601562499891e+02,-8.202673880069698953e+01
4.678514531250000346e+02,-8.091117093503257252e+01
4.678517460937500232e+02,-9.651538541351044387e+01
4.678520390625000118e+02,-8.007690375670819094e+01
4.678523320312500005e+02,-8.431900306637261622e+01
4.678526249999999891e+02,-8.485606923711473826e+01
4.678529179687500346e+02,-7.967823455019302514e+01
4.678532109375000232e+02,-7.716559299819419948e+01
4.678535039062500118e+02,-7.921599059453356517e+01
4.678537968750000005e+02,-9.020487880478609100e+01
4.678540898437499891e+02,-8.082011613934497518e+01
4.678543828125000346e+02,-8.304995597926293271e+01
4.678546757812500232e+02,-8.427414520832131473e+01
4.678549687500000118e+02,-8.261841150227195385e+01
4.678552617187500005e+02,-8.245871492060901176e+01
4.678555546874999891e+02,-8.439538810297881355e+01
4.678558476562500346e+02,-8.521305363596997040e+01
4.678561406250000232e+02,-9.078856880253077577e+01
4.678564335937500118e+02,-8.555326652304741231e+01
4.678567265625000005e+02,-8.268985032596459916e+01
4.678570195312499891e+02,-8.093440692373498280e+01
4.678573125000000346e+02,-7.831356213750216000e+01
4.678576054687500232e+02,-8.310783997339234475e+01
4.678578984375000118e+02,-8.469239497536896977e+01
4.678581914062500005e+02,-8.561883008543505014e+01
4.678584843749999891e+02,-9.329819980960122905e+01
4.678587773437500346e+02,-7.978561989112297681e+01
4.678590703125000232e+02,-8.086897775303391711e+01
4.678593632812500118e+02,-8.345367706979899936e+01
4.678596562500000005e+02,-9.333862320322151618e+01
4.678599492187499891e+02,-9.196524032757818645e+01
4.678602421875000346e+02,-8.995823634861325502e+01
4.678605351562500232e+02,-8.610520731255240889e+01
4.678608281250000118e+02,-8.450893422042254599e+01
4.678611210937500005e+02,-8.418601505170630617e+01
4.678614140624999891e+02,-8.113616751860475063e+01
4.678617070312500346e+02,-1.034513530061088602e+02
4.678620000000000232e+02,-9.389997920057170688e+01
4.678622929687500118e+02,-8.598613874710237326e+01
4.678625859375000005e+02,-8.159603519072808808e+01
4.678628789062499891e+02,-8.508592142380697965e+01
4.678631718750000346e+02,-8.656479497476931328e+01
4.678634648437500232e+02,-8.214809835382261838e+01
4.678637578125000118e+02,-8.210344328717503970e+01
4.678640507812500005e+02,-8.136679127172018866e+01
4.678643437499999891e+02,-8.711110601025593780e+01
4.678646367187500346e+02,-8.665221826741436928e+01
4.678649296875000232e+02,-8.097401616910190114e+01
4.678652226562500118e+02,-8.353714226884436300e+01
4.678655156250000005e+02,-8.535199714330163090e+01
4.678658085937499891e+02,-8.083342586490111614e+01
4.678661015625000346e+02,-7.825346507764783155e+01
4.678663945312500232e+02,-8.057180230802029541e+01
4.678666875000000118e+02,-8.816042768118221318e+01
4.678669804687500005e+02,-8.435193351257240124e+01
4.678672734374999891e+02,-8.771285610174683711e+01
4.678675664062500346e+02,-9.974652214487768731e+01
4.678678593750000232e+02,-8.543707263848837385e+01
4.678681523437500118e+02,-9.040280135290191765e+01
4.678684453125000005e+02,-8.802227891164399409e+01
4.678687382812499891e+02,-9.324735274169140098e+01
4.678690312500000346e+02,-9.014014296403532001e+01
4.678693242187500232e+02,-8.256690554688211137e+01
4.678696171875000118e+02,-7.925171622121698078e+01
4.678699101562500005e+02,-8.692721280411817020e+01
4.678702031249999891e+02,-8.594240756054009012e+01
4.678704960937500346e+02,-8.528806013338270020e+01
4.678707890625000232e+02,-8.347222521044682253e+01
4.678710820312500118e+02,-9.232728809031691242e+01
4.678713750000000005e+02,-8.720717565345182720e+01
4.678716679687499891e+02,-8.589216097184851151e+01
4.678719609375000346e+02,-8.362034107248115333e+01
4.678722539062500232e+02,-8.426324705002119231e+01
4.678725468750000118e+02,-8.084272879900532871e+01
4.678728398437500005e+02,-8.498523168568206643e+01
4.678731328124999891e+02,-8.453404551652960208e+01
4.678734257812500346e+02,-8.422494175229107327e+01
4.678737187500000232e+02,-8.284478683087525042e+01
4.678740117187500118e+02,-9.760797382315415405e+01
4.678743046875000005e+02,-8.460263160758373147e+01
4.678745976562499891e+02,-9.123802515150788395e+01
4.678748906250000346e+02,-1.122884727601171164e+02
4.678751835937500232e+02,-8.006462389665341561e+01
4.678754765625000118e+02,-7.746317752001031920e+01
4.678757695312500005e+02,-7.834841368523852623e+01
4.678760624999999891e+02,-7.969798218764198339e+01
4.678763554687500346e+02,-8.126799545420601589e+01
4.678766484375000232e+02,-8.942486515984610662e+01
4.678769414062500118e+02,-9.172958643402307644e+01
4.678772343750000005e+02,-8.977659935381817036e+01
4.678775273437499891e+02,-9.493397503335583565e+01
4.678778203125000346e+02,-8.984992116562681019e+01
4.678781132812500232e+02,-8.106611798749599984e+01
4.678784062500000118e+02,-8.289704312400371577e+01
4.678786992187500005e+02,-8.618074644474017987e+01
4.678789921874999891e+02,-7.977776176116745432e+01
4.678792851562500346e+02,-8.849036802078821040e+01
4.678795781250000232e+02,-8.044383021804948442e+01
4.678798710937500118e+02,-8.022529299207418774e+01
4.678801640625000005e+02,-8.211917321693942995e+01
4.678804570312499891e+02,-9.570836123957033692e+01
4.678807500000000346e+02,-8.346090085077618426e+01
4.678810429687500232e+02,-8.816608329601869798e+01
4.678813359375000118e+02,-8.565029067695772369e+01
4.678816289062500005e+02,-8.082756911812759881e+01
4.678819218749999891e+02,-8.309877506597095476e+01
4.678822148437500346e+02,-8.775890632936949487e+01
4.678825078125000232e+02,-8.100558636398062617e+01
4.678828007812500118e+02,-9.010392687969898873e+01
4.678830937500000005e+02,-8.910515290093498209e+01
4.678833867187499891e+02,-9.388578389265751412e+01
4.678836796875000346e+02,-8.329410602719443091e+01
4.678839726562500232e+02,-7.876180012695142807e+01
4.678842656250000118e+02,-8.267829023194401827e+01
4.678845585937500005e+02,-8.503293519367471731e+01
4.678848515624999891e+02,-8.937523437711398344e+01
4.678851445312500346e+02,-8.310809549970829835e+01
4.678854375000000232e+02,-8.290573603782746659e+01
4.678857304687500118e+02,-8.424688960843559471e+01
4.678860234375000005e+02,-9.753433020977807644e+01
4.678863164062499891e+02,-8.327223736825280298e+01
4.678866093750000346e+02,-8.701300046377156150e+01
4.678869023437500232e+02,-8.970866509889071949e+01
4.678871953125000118e+02,-7.861101275823146750e+01
4.678874882812500005e+02,-7.775555989173346916e+01
4.678877812499999891e+02,-8.113691275480593390e+01
4.678880742187500346e+02,-8.461748585631465858e+01
4.678883671875000232e+02,-9.489701042149940236e+01
4.678886601562500118e+02,-9.126242496173065888e+01
4.678889531250000005e+02,-7.804776518168102939e+01
4.678892460937499891e+02,-7.583560080276306792e+01
4.678895390625000346e+02,-8.368941924751712236e+01
4.678898320312500232e+02,-8.656728918973689701e+01
4.678901250000000118e+02,-9.880859663179761299e+01
4.678904179687500005e+02,-8.447370078598645193e+01
4.678907109374999891e+02,-8.414336918066054238e+01
4.678910039062500346e+02,-1.002507391693365548e+02
4.678912968750000232e+02,-8.977693143580545154e+01
4.678915898437500118e+02,-8.583093107152443224e+01
4.678918828125000005e+02,-8.221137697032145297e+01
4.678921757812499891e+02,-8.097635204906197259e+01
4.678924687500000346e+02,-7.952549437492675111e+01
4.678927617187500232e+02,-8.222534663386593934e+01
4.678930546875000118e+02,-8.830047042574805971e+01
4.678933476562500005e+02,-8.139481276325415138e+01
4.678936406249999891e+02,-8.368134783889979644e+01
4.678939335937500346e+02,-8.490040206452212601e+01
4.678942265625000232e+02,-7.843233467232019507e+01
4.678945195312500118e+02,-8.222714372110107206e+01
4.678948125000000005e+02,-8.544372487787168780e+01
4.678951054687499891e+02,-8.378886623959466817e+01
4.678953984375000346e+02,-9.473088069565575609e+01
4.678956914062500232e+02,-8.787636872381553133e+01
4.678959843750000118e+02,-8.972753248075781585e+01
4.678962773437500005e+02,-9.182674115917319568e+01
4.678965703124999891e+02,-8.542360565693051910e+01
4.678968632812500346e+02,-9.186017344402308993e+01
4.678971562500000232e+02,-8.606894862187665751e+01
4.678974492187500118e+02,-8.294736024966057641e+01
4.678977421875000005e+02,-7.897921218008715982e+01
4.678980351562499891e+02,-8.404954119082681530e+01
4.678983281250000346e+02,-8.127852740306722978e+01
4.678986210937500232e+02,-8.190441738776499392e+01
4.678989140625000118e+02,-9.238492632605175459e+01
4.678992070312500005e+02,-8.754602260197844998e+01
4.678994999999999891e+02,-9.245939916862354835e+01
4.678997929687500346e+02,-8.069359907917495889e+01
4.679000859375000232e+02,-7.807335622687281784e+01
4.679003789062500118e+02,-8.394762136455817370e+01
4.679006718750000005e+02,-9.506231707151928845e+01
4.679009648437499891e+02,-8.555785707881173607e+01
4.679012578125000346e+02,-8.797577643872386943e+01
4.679015507812500232e+02,-9.407518542973500075e+01
4.679018437500000118e+02,-1.026282379275946397e+02
4.679021367187500005e+02,-9.560541004763899764e+01
4.679024296874999891e+02,-8.958799404794190480e+01
4.679027226562500346e+02,-9.310635779848917082e+01
4.679030156250000232e+02,-8.496784508258505753e+01
4.679033085937500118e+02,-8.019741959914357210e+01
4.679036015625000005e+02,-8.917296205223183847e+01
4.679038945312499891e+02,-8.618410002120586455e+01
4.679041875000000346e+02,-8.582470770617422318e+01
4.679044804687500232e+02,-8.348165683837865458e+01
4.679047734375000118e+02,-8.509911861572439307e+01
4.679050664062500005e+02,-8.079838672513733400e+01
4.679053593749999891e+02,-9.450968582153024045e+01
4.679056523437500346e+02,-8.759937181251854099e+01
4.679059453125000232e+02,-9.547690418728885220e+01
4.679062382812500118e+02,-9.047292610698215753e+01
4.679065312500000005e+02,-8.173762181880621824e+01
4.679068242187499891e+02,-8.013317530775283615e+01
4.679071171875000346e+02,-9.199048913004082806e+01
4.679074101562500232e+02,-9.098281103281931337e+01
4.679077031250000118e+02,-8.022227962241963439e+01
4.679079960937500005e+02,-7.975777639943623853e+01
4.679082890624999891e+02,-9.025362258366899937e+01
4.679085820312500346e+02,-9.129681226299877039e+01
4.679088750000000232e+02,-7.805264339110172500e+01
4.679091679687500118e+02,-8.450870952245892909e+01
4.679094609375000005e+02,-8.607455589264633034e+01
4.679097539062499891e+02,-8.618727126265588367e+01
4.679100468750000346e+02,-9.842721527013603122e+01
4.679103398437500232e+02,-8.796394340093043240e+01
4.679106328125000118e+02,-8.223242913687607825e+01
4.679109257812500005e+02,-8.551679594340775736e+01
4.679112187499999891e+02,-9.077695550194171403e+01
4.679115117187500346e+02,-8.680050438035216587e+01
4.679118046875000232e+02,-1.072960037072459443e+02
4.679120976562500118e+02,-8.184848917098983634e+01
4.679123906250000005e+02,-8.526693737616275826e+01
4.679126835937499891e+02,-9.255229231542701029e+01
4.679129765625000346e+02,-8.823924199922672074e+01
4.679132695312500232e+02,-8.478454476810681228e+01
4.679135625000000118e+02,-7.973815036875751616e+01
4.679138554687500005e+02,-8.358159195751007076e+01
4.679141484374999891e+02,-8.248410341149799763e+01
4.679144414062500346e+02,-7.965113632024687718e+01
4.679147343750000232e+02,-8.357486697953901000e+01
4.679150273437500118e+02,-8.737876247424628673e+01
4.679153203125000005e+02,-9.187056617160484961e+01
4.679156132812499891e+02,-8.862341909012801011e+01
4.679159062500000346e+02,-8.973779545725854234e+01
4.679161992187500232e+02,-8.450363442406710135e+01
4.679164921875000118e+02,-8.202531474302264769e+01
4.679167851562500005e+02,-8.565358630301530241e+01
4.679170781249999891e+02,-8.265786934322262880e+01
4.679173710937500346e+02,-7.901297132809705204e+01
4.679176640625000232e+02,-8.593904799596509747e+01
4.679179570312500118e+02,-8.697129002357942795e+01
4.679182500000000005e+02,-8.684952867508789609e+01
4.679185429687499891e+02,-8.759152660591587392e+01
4.679188359375000346e+02,-8.125093152984447897e+01
4.679191289062500232e+02,-8.034479700298136606e+01
4.679194218750000118e+02,-8.452576575452570751e+01
4.679197148437500005e+02,-8.654042223351328289e+01
4.679200078124999891e+02,-8.210863814027374019e+01
4.679203007812500346e+02,-8.055767974925630881e+01
4.679205937500000232e+02,-7.939251883268609333e+01
4.679208867187500118e+02,-7.975828783919371290e+01
4.679211796875000005e+02,-8.533012172041253507e+01
4.679214726562499891e+02,-9.032021502430407622e+01
4.679217656250000346e+02,-9.175756877975075554e+01
4.679220585937500232e+02,-8.397478098652896961e+01
4.679223515625000118e+02,-8.601218153642845721e+01
4.679226445312500005e+02,-9.868594557407257639e+01
4.679229374999999891e+02,-8.889969124712519033e+01
4.679232304687500346e+02,-8.763108707293751820e+01
4.679235234375000232e+02,-9.798933104827433738e+01
4.679238164062500118e+02,-9.056285792748968788e+01
4.679241093750000005e+02,-8.787288927263776372e+01
4.679244023437499891e+02,-8.830880271333958831e+01
4.679246953125000346e+02,-8.200648339106470530e+01
4.679249882812500232e+02,-8.995581058923099249e+01
4.679252812500000118e+02,-8.509119312120728296e+01
4.679255742187500005e+02,-8.147698114140872860e+01
4.679258671874999891e+02,-9.143537857842019889e+01
4.679261601562500346e+02,-8.931234638187655150e+01
4.679264531250000232e+02,-9.698869363116885722e+01
4.679267460937500118e+02,-1.056558546070031070e+02
4.679270390625000005e+02,-9.190786095521360721e+01
4.679273320312499891e+02,-9.205851336668047225e+01
4.679276250000000346e+02,-9.339136019484372753e+01
4.679279179687500232e+02,-8.489679084835142930e+01
4.679282109375000118e+02,-8.078318152978317812e+01
4.679285039062500005e+02,-8.286092269574086799e+01
4.679287968749999891e+02,-8.255145163740159830e+01
4.679290898437500346e+02,-8.844178865367267406e+01
4.679293828125000232e+02,-1.003746688498991944e+02
4.679296757812500118e+02,-8.535851063764270918e+01
4.679299687500000005e+02,-8.522592977786723623e+01
4.679302617187499891e+02,-9.309425644573833836e+01
4.679305546875000346e+02,-9.054040883107482784e+01
4.679308476562500232e+02,-9.936648216906831976e+01
4.679311406250000118e+02,-9.869453905353813639e+01
4.679314335937500005e+02,-8.490144623321634754e+01
4.679317265624999891e+02,-8.231328886941955147e+01
4.679320195312500346e+02,-9.197604666915742655e+01
4.679323125000000232e+02,-9.335955257749604641e+01
4.679326054687500118e+02,-8.934190633578083407e+01
4.679328984375000005e+02,-8.451736021366804152e+01
4.679331914062499891e+02,-9.199906354250798302e+01
4.679334843750000346e+02,-8.546436032987095643e+01
4.679337773437500232e+02,-8.366096338748133121e+01
4.679340703125000118e+02,-8.420857714569366692e+01
4.679343632812500005e+02,-8.563724817269188350e+01
4.679346562499999891e+02,-8.310847009206094071e+01
4.679349492187500346e+02,-8.422361806310867394e+01
4.679352421875000232e+02,-9.570498749820313833e+01
4.679355351562500118e+02,-9.040200721375917681e+01
4.679358281250000005e+02,-8.575146162326956301e+01
4.679361210937499891e+02,-9.018794093400916267e+01
4.679364140625000346e+02,-9.391413096042217035e+01
4.679367070312500232e+02,-1.003840687765216160e+02
4.679370000000000118e+02,-1.029846410618148553e+02
4.679372929687500005e+02,-9.647804428085579787e+01
4.679375859374999891e+02,-8.625283496014071716e+01
4.679378789062500346e+02,-8.418659252302931861e+01
4.679381718750000232e+02,-7.950838650451166245e+01
4.679384648437500118e+02,-8.200619581609723241e+01
4.679387578125000005e+02,-9.883423898943266295e+01
4.679390507812499891e+02,-8.912020110065012091e+01
4.679393437500000346e+02,-8.618402944330013327e+01
4.679396367187500232e+02,-9.685355719908417882e+01
4.679399296875000118e+02,-8.953215619088564381e+01
4.679402226562500005e+02,-8.357113802767744914e+01
4.679405156249999891e+02,-8.394074733245581399e+01
4.679408085937500346e+02,-9.965235967072925405e+01
4.679411015625000232e+02,-9.030371243745048560e+01
4.679413945312500118e+02,-8.375776148047853553e+01
4.679416875000000005e+02,-8.484244506587414492e+01
4.679419804687499891e+02,-8.706719985536827267e+01
4.679422734375000346e+02,-8.730508863284755705e+01
4.679425664062500232e+02,-8.515186198908715198e+01
4.679428593750000118e+02,-8.446271426730783105e+01
4.679431523437500005e+02,-9.158953831253343481e+01
4.679434453124999891e+02,-8.274837982995093455e+01
4.679437382812500346e+02,-8.225668626642929837e+01
4.679440312500000232e+02,-8.363745826570563224e+01
4.679443242187500118e+02,-8.817352206418875937e+01
4.679446171875000005e+02,-8.540822914822120993e+01
4.679449101562499891e+02,-8.502935216865259349e+01
4.679452031250000346e+02,-9.998361985630337756e+01
4.679454960937500232e+02,-8.410780842033906879e+01
4.679457890625000118e+02,-9.202937962433961161e+01
4.679460820312500005e+02,-8.199575475359010568e+01
4.679463749999999891e+02,-8.253688800036943007e+01
4.679466679687500346e+02,-8.923056337767809509e+01
4.679469609375000232e+02,-8.830124077554776818e+01
4.679472539062500118e+02,-8.347844249693176266e+01
4.679475468750000005e+02,-8.233062470695172408e+01
4.679478398437499891e+02,-8.484868169079278744e+01
4.679481328125000346e+02,-9.842751096327327787e+01
4.679484257812500232e+02,-8.593216613930756864e+01
4.679487187500000118e+02,-9.759495972383021467e+01
4.679490117187500005e+02,-9.037535572404362938e+01
4.679493046874999891e+02,-8.329068623177428776e+01
4.679495976562500346e+02,-8.241719259973714884e+01
4.679498906250000232e+02,-1.008266642498000749e+02
4.679501835937500118e+02,-8.400735057428536834e+01
4.679504765625000005e+02,-8.997255617541293304e+01
4.679507695312499891e+02,-8.606352329429532233e+01
4.679510625000000346e+02,-8.153586543007556031e+01
4.679513554687500232e+02,-7.913891636874987512e+01
4.679516484375000118e+02,-8.424365410944932364e+01
4.679519414062500005e+02,-8.931197831499856932e+01
4.679522343749999891e+02,-8.850576303588582050e+01
4.679525273437500346e+02,-8.496916679495980418e+01
4.679528203125000232e+02,-8.584650965322354921e+01
4.679531132812500118e+02,-8.461255603791057922e+01
4.679534062500000005e+02,-8.707305781970369196e+01
4.679536992187499891e+02,-8.504548135643003093e+01
4.679539921875000346e+02,-8.494644640505299549e+01
4.679542851562500232e+02,-8.750577955744277858e+01
4.679545781250000118e+02,-8.952150572920855609e+01
4.679548710937500005e+02,-8.688635889759711972e+01
4.679551640624999891e+02,-1.027029982329292750e+02
4.679554570312500346e+02,-9.716612680912669475e+01
4.679557500000000232e+02,-8.862770362362934407e+01
4.679560429687500118e+02,-9.379367320346577230e+01
4.679563359375000005e+02,-8.161939372035428164e+01
4.679566289062499891e+02,-8.122978874655453296e+01
4.679569218750000346e+02,-8.450517031802989720e+01
4.679572148437500232e+02,-8.454692978084548827e+01
4.679575078125000118e+02,-9.077174272228263874e+01
4.679578007812500005e+02,-9.360843713605234484e+01
4.679580937499999891e+02,-8.781170228563148328e+01
4.679583867187500346e+02,-8.216587874909419043e+01
4.679586796875000232e+02,-8.540122648009716499e+01
4.679589726562500118e+02,-1.023804586713728497e+02
4.679592656250000005e+02,-9.273950181286208760e+01
4.679595585937499891e+02,-8.562878028365085470e+01
4.679598515625000346e+02,-7.977533511572883640e+01
4.679601445312500232e+02,-8.466663499682410077e+01
4.679604375000000118e+02,-8.529719326285915315e+01
4.679607304687500005e+02,-8.707233277949647743e+01
4.679610234374999891e+02,-9.310836664174046007e+01
4.679613164062500346e+02,-8.648754084512169982e+01
4.679616093750000232e+02,-1.046847804144987180e+02
4.679619023437500118e+02,-7.879037799672406095e+01
4.679621953125000005e+02,-8.103272260493693580e+01
4.679624882812499891e+02,-9.418289930911220154e+01
4.679627812500000346e+02,-8.405163720537687766e+01
4.679630742187500232e+02,-8.098733002016447813e+01
4.679633671875000118e+02,-8.799063795169436730e+01
4.679636601562500005e+02,-8.890160374527111742e+01
4.679639531249999891e+02,-8.134081990025026698e+01
4.679642460937500346e+02,-8.061613251938942426e+01
4.679645390625000232e+02,-8.651516692824321808e+01
4.679648320312500118e+02,-9.224789316742999290e+01
4.679651250000000005e+02,-8.709555366204453719e+01
4.679654179687499891e+02,-8.854603685727882123e+01
4.679657109375000346e+02,-9.095471121339942044e+01
4.679660039062500232e+02,-8.339640180173668682e+01
4.679662968750000118e+02,-8.879023922062947349e+01
4.679665898437500005e+02,-8.906769081044772918e+01
4.679668828124999891e+02,-8.784586196474759845e+01
4.679671757812500346e+02,-8.662423594178602571e+01
4.679674687500000232e+02,-8.800556122147827409e+01
4.679677617187500118e+02,-9.336936453555074422e+01
4.679680546875000005e+02,-9.423771323534097633e+01
4.679683476562499891e+02,-9.158155625728355176e+01
4.679686406250000346e+02,-9.861869956210284727e+01
4.679689335937500232e+02,-8.487267767628526371e+01
4.679692265625000118e+02,-8.560736097479222906e+01
4.679695195312500005e+02,-9.005329415199432219e+01
4.679698124999999891e+02,-9.563134933332611354e+01
4.679701054687500346e+02,-8.631726379391275827e+01
4.679703984375000232e+02,-8.730795872890669784e+01
4.679706914062500118e+02,-8.737160972614709920e+01
4.679709843750000005e+02,-8.755587758736041337e+01
4.679712773437499891e+02,-8.436502913857606245e+01
4.679715703125000346e+02,-8.660383600022331052e+01
4.679718632812500232e+02,-8.449398070538087779e+01
4.679721562500000118e+02,-8.904890167863341333e+01
4.679724492187500005e+02,-9.384946210467151673e+01
4.679727421874999891e+02,-8.861870297792728479e+01
4.679730351562500346e+02,-8.796973496454369013e+01
4.679733281250000232e+02,-8.847962967368044929e+01
4.679736210937500118e+02,-8.449827088241465844e+01
4.679739140625000005e+02,-8.407980178300464047e+01
4.679742070312499891e+02,-8.931657386153368350e+01
4.679745000000000346e+02,-9.600850154716411566e+01
4.679747929687500232e+02,-9.587008788285098149e+01
4.679750859375000118e+02,-9.666656387182875676e+01
4.679753789062500005e+02,-8.344313785305632791e+01
4.679756718749999891e+02,-7.968548419846017339e+01
4.679759648437500346e+02,-8.288041939502136302e+01
4.679762578125000232e+02,-9.309137577141122222e+01
4.679765507812500118e+02,-8.934555053207917297e+01
4.679768437500000005e+02,-8.485451546991050975e+01
4.679771367187499891e+02,-8.950381691764499692e+01
4.679774296875000346e+02,-8.960789465370437767e+01
4.679777226562500232e+02,-8.963157211797749824e+01
4.679780156250000118e+02,-8.840027380238579724e+01
4.679783085937500005e+02,-8.778906648603921781e+01
4.679786015624999891e+02,-8.810186861769464883e+01
4.679788945312500346e+02,-9.380942510691880898e+01
4.679791875000000232e+02,-9.111366140951298576e+01
4.679794804687500118e+02,-8.817252039559778609e+01
4.679797734375000005e+02,-9.471344107591029626e+01
4.679800664062499891e+02,-8.737501428780988988e+01
4.679803593750000346e+02,-8.902387486035500785e+01
4.679806523437500232e+02,-8.699070470725499149e+01
4.679809453125000118e+02,-8.898523634621510325e+01
4.679812382812500005e+02,-9.308707142802805379e+01
4.679815312499999891e+02,-8.382168342849836051e+01
4.679818242187500346e+02,-8.410065297252040750e+01
4.679821171875000232e+02,-8.297826146212742060e+01
4.679824101562500118e+02,-8.317538867534042879e+01
4.679827031250000005e+02,-8.102127630766602806e+01
4.679829960937499891e+02,-8.706187118802967007e+01
4.679832890625000346e+02,-8.794622708506975073e+01
4.679835820312500232e+02,-8.429388328061493496e+01
4.679838750000000118e+02,-8.403729665520538106e+01
4.679841679687500005e+02,-9.264728105174469874e+01
4.679844609374999891e+02,-8.973674978252132917e+01
4.679847539062500346e+02,-9.454596913611146647e+01
4.679850468750000232e+02,-9.881499631868987876e+01
4.679853398437500118e+02,-9.009104823923931349e+01
4.679856328125000005e+02,-9.448921649696571023e+01
4.679859257812499891e+02,-9.231055157479922002e+01
4.679862187500000346e+02,-8.993904114874572997e+01
4.679865117187500232e+02,-9.034025754493563909e+01
4.679868046875000118e+02,-9.106710478983427492e+01
4.679870976562500005e+02,-8.347714254297669356e+01
4.679873906249999891e+02,-8.778656067632907423e+01
4.679876835937500346e+02,-9.476706254400681928e+01
4.679879765625000232e+02,-8.530674054393020356e+01
4.679882695312500118e+02,-9.890091981559875478e+01
4.679885625000000005e+02,-9.099912569548283159e+01
4.679888554687499891e+02,-9.072110662403392212e+01
4.679891484375000346e+02,-1.045250387046756657e+02
4.679894414062500232e+02,-8.790830812217519963e+01
4.679897343750000118e+02,-8.967434970678615969e+01
4.679900273437500005e+02,-8.503944988871394628e+01
4.679903203124999891e+02,-8.200671642881069090e+01
4.679906132812500346e+02,-8.350652894773361368e+01
4.679909062500000232e+02,-8.221245358641624534e+01
4.679911992187500118e+02,-8.630718243268310630e+01
4.679914921875000005e+02,-9.647867514926593913e+01
4.679917851562499891e+02,-1.037614296256997335e+02
4.679920781250000346e+02,-8.922196655804299326e+01
4.679923710937500232e+02,-9.220717564419257428e+01
4.679926640625000118e+02,-9.045519340470947611e+01
4.679929570312500005e+02,-9.046847973428796763e+01
4.679932499999999891e+02,-9.364257805998052220e+01
4.679935429687500346e+02,-9.332837052039297987e+01
4.679938359375000232e+02,-9.428184703356711793e+01
4.679941289062500118e+02,-1.006996950262595334e+02
4.679944218750000005e+02,-9.510094672777088931e+01
4.679947148437499891e+02,-9.069204549057022291e+01
4.679950078125000346e+02,-8.694192041069823063e+01
4.679953007812500232e+02,-8.322040590348191813e+01
4.679955937500000118e+02,-8.298352275864598937e+01
4.679958867187500005e+02,-9.084188176689947625e+01
4.679961796874999891e+02,-8.801909472312155458e+01
4.679964726562500346e+02,-8.674861813863304860e+01
4.679967656250000232e+02,-8.788158332765904390e+01
4.679970585937500118e+02,-8.544901790016338339e+01
4.679973515625000005e+02,-8.181128912719040613e+01
4.679976445312499891e+02,-8.940951998928584032e+01
4.679979375000000346e+02,-8.512831007477744549e+01
4.679982304687500232e+02,-8.929434295696692914e+01
4.679985234375000118e+02,-8.565102509605824821e+01
4.679988164062500005e+02,-8.135811421481818684e+01
4.679991093749999891e+02,-8.582652418946651096e+01
4.679994023437500346e+02,-9.095016007015308901e+01
4.679996953125000232e+02,-8.296228368134470088e+01
4.679999882812500118e+02,-9.089377433236059289e+01
4.680002812500000005e+02,-8.925352091558053758e+01
4.680005742187499891e+02,-8.890655103977252338e+01
4.680008671875000346e+02,-8.394872669010828758e+01
4.680011601562500232e+02,-8.681216514799868378e+01
4.680014531250000118e+02,-9.335380169760347258e+01
4.680017460937500005e+02,-8.318911950160158142e+01
4.680020390624999891e+02,-8.829659520947183182e+01
4.680023320312500346e+02,-9.263370694626404145e+01
4.680026250000000232e+02,-9.066583297131779773e+01
4.680029179687500118e+02,-9.293849934188001782e+01
4.680032109375000005e+02,-8.853965933288066026e+01
4.680035039062499891e+02,-9.042474848335638171e+01
4.680037968750000346e+02,-8.230793692311544874e+01
4.680040898437500232e+02,-8.987287978162871127e+01
4.680043828125000118e+02,-9.094821749772012254e+01
4.680046757812500005e+02,-8.743707317251156041e+01
4.680049687499999891e+02,-9.201903156047505661e+01
4.680052617187500346e+02,-9.502211852520599678e+01
4.680055546875000232e+02,-9.243855894284499186e+01
4.680058476562500118e+02,-9.130345376952712400e+01
4.680061406250000005e+02,-9.084668122033286863e+01
4.680064335937499891e+02,-8.648529286926418536e+01
4.680067265625000346e+02,-8.367948976509754289e+01
4.680070195312500232e+02,-8.591089580730958630e+01
4.680073125000000118e+02,-9.674042498381110988e+01
4.680076054687500005e+02,-9.263018177933440711e+01
4.680078984374999891e+02,-1.010018755194175810e+02
4.680081914062500346e+02,-9.135753226066020716e+01
4.680084843750000232e+02,-9.259684177663430660e+01
4.680087773437500118e+02,-9.265069827994298635e+01
4.680090703125000005e+02,-9.371327842206500236e+01
4.680093632812499891e+02,-9.005097479277280570e+01
4.680096562500000346e+02,-8.744082286455781627e+01
4.680099492187500232e+02,-8.582067787945595683e+01
4.680102421875000118e+02,-8.781623627406476373e+01
4.680105351562500005e+02,-8.393108758484130760e+01
4.680108281249999891e+02,-8.524438075884958721e+01
4.680111210937500346e+02,-9.369662373694934843e+01
4.680114140625000232e+02,-8.909570755461898273e+01
4.680117070312500118e+02,-8.563881885050967924e+01
4.680120000000000005e+02,-8.891989186634420150e+01
4.680122929687499891e+02,-8.387038042642936375e+01
4.680125859375000346e+02,-8.067439453675227412e+01
4.680128789062500232e+02,-8.786811597279233865e+01
4.680131718750000118e+02,-8.752090857322620820e+01
4.680134648437500005e+02,-9.284386330163899004e+01
4.680137578124999891e+02,-1.012436498040300989e+02
4.680140507812500346e+02,-8.949253730176266686e+01
4.680143437500000232e+02,-9.276557172878148094e+01
4.680146367187500118e+02,-9.913229161999527150e+01
4.680149296875000005e+02,-8.718670217111235843e+01
4.680152226562499891e+02,-8.890349734477224786e+01
4.680155156250000346e+02,-8.590196421673832106e+01
4.680158085937500232e+02,-9.027917223207190034e+01
4.680161015625000118e+02,-9.639303922054361351e+01
4.680163945312500005e+02,-9.319086546344325939e+01
4.680166874999999891e+02,-8.963947961123373886e+01
4.680169804687500346e+02,-8.959144714817561805e+01
4.680172734375000232e+02,-9.156819416188162108e+01
4.680175664062500118e+02,-8.774610850219102076e+01
4.680178593750000005e+02,-8.231165722399163087e+01
4.680181523437499891e+02,-8.572136711559562627e+01
4.680184453125000346e+02,-9.363134394001703242e+01
4.680187382812500232e+02,-9.160772933381430505e+01
4.680190312500000118e+02,-9.327391910213727044e+01
4.680193242187500005e+02,-8.220916787194437347e+01
4.680196171874999891e+02,-8.553345926616808015e+01
4.680199101562500346e+02,-8.447900757260009641e+01
4.680202031250000232e+02,-9.058452643940283622e+01
4.680204960937500118e+02,-8.860176467374840570e+01
4.680207890625000005e+02,-9.051396979182511870e+01
4.680210820312499891e+02,-8.568731323137144784e+01
4.680213750000000346e+02,-8.511961826197094183e+01
4.680216679687500232e+02,-8.468992867327972363e+01
4.680219609375000118e+02,-8.185579739379450359e+01
4.680222539062500005e+02,-8.320815761264918820e+01
4.680225468749999891e+02,-8.809373198014543505e+01
4.680228398437500346e+02,-8.994072357069653378e+01
4.680231328125000232e+02,-1.000811301724056648e+02
4.680234257812500118e+02,-9.080835138776863857e+01
4.680237187500000005e+02,-1.073452853095494817e+02
4.680240117187499891e+02,-9.213934268586932319e+01
4.680243046875000346e+02,-8.355597040360565586e+01
4.680245976562500232e+02,-8.920151946217336558e+01
4.680248906250000118e+02,-9.317445590033230474e+01
4.680251835937500005e+02,-8.593243698365613170e+01
4.680254765624999891e+02,-9.816745852850957021e+01
4.680257695312500346e+02,-8.925390017817291266e+01
4.680260625000000232e+02,-9.197140027131376883e+01
4.680263554687500118e+02,-8.793538209166615616e+01
4.680266484375000005e+02,-8.614734608706748986e+01
4.680269414062499891e+02,-9.316475103276815162e+01
4.680272343750000346e+02,-8.903241081803355428e+01
4.680275273437500232e+02,-9.306127521020414406e+01
4.680278203125000118e+02,-9.034621224948195106e+01
4.680281132812500005e+02,-8.995476473985861787e+01
4.680284062499999891e+02,-8.680119366617154242e+01
4.680286992187500346e+02,-1.005197544714717139e+02
4.680289921875000232e+02,-8.848100764279722341e+01
4.680292851562500118e+02,-9.264860988699369670e+01
4.680295781250000005e+02,-9.475605441477668478e+01
4.680298710937499891e+02,-1.165431355323894707e+02
4.680301640625000346e+02,-9.690263183786544232e+01
4.680304570312500232e+02,-8.945468511218768981e+01
4.680307500000000118e+02,-9.845835274678017868e+01
4.680310429687500005e+02,-9.039299440580917633e+01
4.680313359374999891e+02,-8.780335818355767685e+01
4.680316289062500346e+02,-8.334983269933670158e+01
4.680319218750000232e+02,-8.193878261267664698e+01
4.680322148437500118e+02,-8.631761775848234208e+01
4.680325078125000005e+02,-9.259567361058103074e+01
4.680328007812499891e+02,-8.942349104806109494e+01
4.680330937500000346e+02,-8.181020734789797189e+01
4.680333867187500232e+02,-8.459205814847287286e+01
4.680336796875000118e+02,-8.352653419141927316e+01
4.680339726562500005e+02,-8.024752248920711395e+01
4.680342656249999891e+02,-8.305573822606575618e+01
4.680345585937500346e+02,-8.403457197242960319e+01
4.680348515625000232e+02,-8.371400170818625952e+01
4.680351445312500118e+02,-8.680829819951310355e+01
4.680354375000000005e+02,-9.610138465115718986e+01
4.680357304687499891e+02,-8.848181579965233823e+01
4.680360234375000346e+02,-9.702394643023873755e+01
4.680363164062500232e+02,-8.678468172653492729e+01
4.680366093750000118e+02,-8.512887149334490289e+01
4.680369023437500005e+02,-9.088312006700476786e+01
4.680371953124999891e+02,-8.767437508336757901e+01
4.680374882812500346e+02,-8.419986683320480836e+01
4.680377812500000232e+02,-8.284361478602681927e+01
4.680380742187500118e+02,-8.693897767571925783e+01
4.680383671875000005e+02,-9.510063894531955953e+01
4.680386601562499891e+02,-8.585316058804673389e+01
4.680389531250000346e+02,-8.515885582661914555e+01
4.680392460937500232e+02,-8.640335703615534158e+01
4.680395390625000118e+02,-8.578210856848521360e+01
4.680398320312500005e+02,-8.685211144709569453e+01
4.680401249999999891e+02,-9.091360449806393262e+01
4.680404179687500346e+02,-8.705704278854628342e+01
4.680407109375000232e+02,-8.932569992128657077e+01
4.680410039062500118e+02,-9.178181969525064687e+01
4.680412968750000005e+02,-9.345161783546133449e+01
4.680415898437499891e+02,-1.110745124617945834e+02
4.680418828125000346e+02,-1.017072275910473138e+02
4.680421757812500232e+02,-9.349307512427813549e+01
4.680424687500000118e+02,-8.787862008209485509e+01
4.680427617187500005e+02,-8.512593696727010695e+01
4.680430546874999891e+02,-8.614726555679308717e+01
4.680433476562500346e+02,-9.342393551708497057e+01
4.680436406250000232e+02,-8.600647715567318130e+01
4.680439335937500118e+02,-8.919364117241758549e+01
4.680442265625000005e+02,-9.092393928686782090e+01
4.680445195312499891e+02,-9.849918986064047033e+01
4.680448125000000346e+02,-9.465849200429305199e+01
4.680451054687500232e+02,-8.948139084327453929e+01
4.680453984375000118e+02,-9.020537245424884532e+01
4.680456914062500005e+02,-8.951425679619235609e+01
4.680459843749999891e+02,-8.631815460343648283e+01
4.680462773437500346e+02,-8.873242333952774175e+01
4.680465703125000232e+02,-9.933382581741273043e+01
4.680468632812500118e+02,-8.662625405051031180e+01
4.680471562500000005e+02,-8.432840155673522986e+01
4.680474492187499891e+02,-9.751367514244944346e+01
4.680477421875000346e+02,-9.373066582112748790e+01
4.680480351562500232e+02,-8.767017582650355223e+01
4.680483281250000118e+02,-9.031496771124571410e+01
4.680486210937500005e+02,-9.254396343120275503e+01
4.680489140624999891e+02,-9.276955806361918633e+01
4.680492070312500346e+02,-9.058834800670211962e+01
4.680495000000000232e+02,-8.784622423461313190e+01
4.680497929687500118e+02,-9.365003531442968665e+01
4.680500859375000005e+02,-9.538097589926348974e+01
4.680503789062499891e+02,-9.917926368453191799e+01
4.680506718750000346e+02,-9.047137916406789770e+01
4.680509648437500232e+02,-9.044193551178369717e+01
4.680512578125000118e+02,-9.416550769424188161e+01
4.680515507812500005e+02,-9.052330810134256467e+01
4.680518437499999891e+02,-9.245879627911646992e+01
4.680521367187500346e+02,-8.621403027342879000e+01
4.680524296875000232e+02,-8.732067789644979428e+01
4.680527226562500118e+02,-8.408650151132565043e+01
4.680530156250000005e+02,-8.799939530053683256e+01
4.680533085937499891e+02,-9.703811554956087093e+01
4.680536015625000346e+02,-9.225671698550399924e+01
4.680538945312500232e+02,-1.022976573969680487e+02
4.680541875000000118e+02,-9.354662238420941378e+01
4.680544804687500005e+02,-8.821886311452166751e+01
4.680547734374999891e+02,-8.351467113347703730e+01
4.680550664062500346e+02,-8.422108650885704151e+01
4.680553593750000232e+02,-9.066269599933917789e+01
4.680556523437500118e+02,-1.122609573684648296e+02
4.680559453125000005e+02,-9.966433275172735762e+01
4.680562382812499891e+02,-9.823463439100045491e+01
4.680565312500000346e+02,-9.109822456729935425e+01
4.680568242187500232e+02,-9.288605386831417832e+01
4.680571171875000118e+02,-8.757971652033700138e+01
4.680574101562500005e+02,-9.148322977363797293e+01
4.680577031249999891e+02,-8.583002920962576354e+01
4.680579960937500346e+02,-8.946544943204435185e+01
4.680582890625000232e+02,-8.942932073047856534e+01
4.680585820312500118e+02,-1.088562216421609321e+02
4.680588750000000005e+02,-9.330581847758979563e+01
4.680591679687499891e+02,-9.728486287987892922e+01
4.680594609375000346e+02,-8.775512119686597146e+01
4.680597539062500232e+02,-9.364484966717080283e+01
4.680600468750000118e+02,-9.439736492219056174e+01
4.680603398437500005e+02,-9.694039669338229714e+01
4.680606328124999891e+02,-9.451855338047928967e+01
4.680609257812500346e+02,-9.930105591624824513e+01
4.680612187500000232e+02,-9.313432436324828245e+01
4.680615117187500118e+02,-9.651749374995682729e+01
4.680618046875000005e+02,-8.722818500955276022e+01
4.680620976562499891e+02,-8.629654937579202567e+01
4.680623906250000346e+02,-9.266832942544512264e+01
4.680626835937500232e+02,-9.300776751557684463e+01
4.680629765625000118e+02,-9.682163728049168583e+01
4.680632695312500005e+02,-9.614700951153666608e+01
4.680635624999999891e+02,-1.012057330012257808e+02
4.680638554687500346e+02,-9.251118757964064798e+01
4.680641484375000232e+02,-8.833685649551590302e+01
4.680644414062500118e+02,-8.937684166651894202e+01
4.680647343750000005e+02,-1.000092644667383865e+02
4.680650273437499891e+02,-1.006670422818643971e+02
4.680653203125000346e+02,-9.474839628511311673e+01
4.680656132812500232e+02,-9.521720318804818817e+01
4.680659062500000118e+02,-8.451833109436563518e+01
4.680661992187500005e+02,-8.982362537448418038e+01
4.680664921874999891e+02,-9.011759017369180924e+01
4.680667851562500346e+02,-8.808285360021429256e+01
4.680670781250000232e+02,-8.431891301789070781e+01
4.680673710937500118e+02,-8.920727299580147474e+01
4.680676640625000005e+02,-9.701933907278629476e+01
4.680679570312499891e+02,-9.883739081446293540e+01
4.680682500000000346e+02,-9.224137957344316874e+01
4.680685429687500232e+02,-9.137900734263511993e+01
4.680688359375000118e+02,-8.710425916433221971e+01
4.680691289062500005e+02,-8.426779738427396182e+01
4.680694218749999891e+02,-9.068253496324864216e+01
4.680697148437500346e+02,-9.495640633070146919e+01
4.680700078125000232e+02,-9.763487663867331889e+01
4.680703007812500118e+02,-9.195663822758970696e+01
4.680705937500000005e+02,-8.803368801153537504e+01
4.680708867187499891e+02,-8.671154266308165859e+01
4.680711796875000346e+02,-9.715671666822650820e+01
4.680714726562500232e+02,-9.184572715570794799e+01
4.680717656250000118e+02,-8.743467603176098635e+01
4.680720585937500005e+02,-9.099746030458334189e+01
4.680723515624999891e+02,-8.633965914819776799e+01
4.680726445312500346e+02,-8.494447315241197316e+01
4.680729375000000232e+02,-9.121153592700088097e+01
4.680732304687500118e+02,-8.787929040965339311e+01
4.680735234375000005e+02,-9.751386928598628856e+01
4.680738164062499891e+02,-1.036033222622261007e+02
4.680741093750000346e+02,-9.141068997031489118e+01
4.680744023437500232e+02,-8.876547672374013587e+01
4.680746953125000118e+02,-1.008072403727182405e+02
4.680749882812500005e+02,-9.206683314583418110e+01
4.680752812499999891e+02,-8.590773446066081931e+01
4.680755742187500346e+02,-8.375649318960807932e+01
4.680758671875000232e+02,-8.902885890207556940e+01
4.680761601562500118e+02,-9.710137879122092386e+01
4.680764531250000005e+02,-9.199856568360571885e+01
4.680767460937499891e+02,-9.481937773098594846e+01
4.680770390625000346e+02,-8.913951974233259534e+01
4.680773320312500232e+02,-9.402072242666901047e+01
4.680776250000000118e+02,-1.073168638324866038e+02
4.680779179687500005e+02,-9.550066483943156470e+01
4.680782109374999891e+02,-9.601995919613194985e+01
4.680785039062500346e+02,-1.102397997179419349e+02
4.680787968750000232e+02,-9.999084920054357895e+01
4.680790898437500118e+02,-1.057908734641484898e+02
4.680793828125000005e+02,-9.697164464758371594e+01
4.680796757812499891e+02,-1.007550973595372170e+02
4.680799687500000346e+02,-9.013157798843154467e+01
4.680802617187500232e+02,-8.785869523528425873e+01
4.680805546875000118e+02,-8.491227387161337958e+01
4.680808476562500005e+02,-8.317240075932994614e+01
4.680811406249999891e+02,-8.383413517938821258e+01
4.680814335937500346e+02,-9.799770613723097767e+01
4.680817265625000232e+02,-8.595842433563464624e+01
4.680820195312500118e+02,-1.007193640504057299e+02
4.680823125000000005e+02,-8.500585793993940342e+01
4.680826054687499891e+02,-8.249324978065592973e+01
4.680828984375000346e+02,-8.637212279052144481e+01
4.680831914062500232e+02,-1.096890320681785909e+02
4.680834843750000118e+02,-8.754598346305824919e+01
4.680837773437500005e+02,-8.780984908368151309e+01
4.680840703124999891e+02,-8.991588292510849101e+01
4.680843632812500346e+02,-8.780927232242601121e+01
4.680846562500000232e+02,-8.874962763534119858e+01
4.680849492187500118e+02,-8.993993406696904458e+01
4.680852421875000005e+02,-8.610952062351984182e+01
4.680855351562499891e+02,-8.987624531968924657e+01
4.680858281250000346e+02,-9.298965741070860247e+01
4.680861210937500232e+02,-8.622530838469074865e+01
4.680864140625000118e+02,-7.542078923486386088e+01
4.680867070312500005e+02,-7.886572680885643649e+01
4.680869999999999891e+02,-9.660998473857404178e+01
4.680872929687500346e+02,-9.724181539268984409e+01
4.680875859375000232e+02,-9.617269759573936483e+01
4.680878789062500118e+02,-9.779573044086653510e+01
4.680881718750000005e+02,-9.930392376368473606e+01
4.680884648437499891e+02,-9.742825559407995684e+01
4.680887578125000346e+02,-8.766696675715893150e+01
4.680890507812500232e+02,-8.333327183340885824e+01
4.680893437500000118e+02,-8.748809227797352150e+01
4.680896367187500005e+02,-9.170137942712905499e+01
4.680899296874999891e+02,-8.712420803258461888e+01
4.680902226562500346e+02,-9.135653912243371622e+01
4.680905156250000232e+02,-8.863267963276223327e+01
4.680908085937500118e+02,-9.007811438443665963e+01
4.680911015625000005e+02,-9.168639246195652959e+01
4.680913945312499891e+02,-9.370246087446204797e+01
4.680916875000000346e+02,-1.019330839655209076e+02
4.680919804687500232e+02,-8.902307842119890324e+01
4.680922734375000118e+02,-9.089969577889129937e+01
4.680925664062500005e+02,-8.730132299484999692e+01
4.680928593749999891e+02,-8.456886270987062915e+01
4.680931523437500346e+02,-1.049780946106999266e+02
4.680934453125000232e+02,-9.132816707604412443e+01
4.680937382812500118e+02,-9.099459721012101454e+01
4.680940312500000005e+02,-9.288954954730590430e+01
4.680943242187499891e+02,-8.564601517252222607e+01
4.680946171875000346e+02,-8.476591752301800398e+01
4.680949101562500232e+02,-8.836820171054458228e+01
4.680952031250000118e+02,-8.363329345793016500e+01
4.680954960937500005e+02,-7.940019541636173983e+01
4.680957890624999891e+02,-8.026788899021246948e+01
4.680960820312500346e+02,-8.373316347333862097e+01
4.680963750000000232e+02,-8.960309461983614199e+01
4.680966679687500118e+02,-9.287376867759996912e+01
4.680969609375000005e+02,-8.908853697487009526e+01
4.680972539062499891e+02,-1.090642562009876713e+02
4.680975468750000346e+02,-9.103070659269141629e+01
4.680978398437500232e+02,-9.014296538739748144e+01
4.680981328125000118e+02,-8.983787685416784541e+01
4.680984257812500005e+02,-9.228460332548529266e+01
4.680987187499999891e+02,-9.571858838382277668e+01
4.680990117187500346e+02,-9.477683289426599345e+01
4.680993046875000232e+02,-8.602858005089953508e+01
4.680995976562500118e+02,-9.982710007690683085e+01
4.680998906250000005e+02,-8.802192440684392238e+01
4.681001835937499891e+02,-8.853662065471654330e+01
4.681004765625000346e+02,-9.646791101078390795e+01
4.681007695312500232e+02,-8.968553601352283522e+01
4.681010625000000118e+02,-8.472230360865344778e+01
4.681013554687500005e+02,-8.726505562252334869e+01
4.681016484374999891e+02,-9.220463074396546688e+01
4.681019414062500346e+02,-9.846734786290903685e+01
4.681022343750000232e+02,-1.025510146548007242e+02
4.681025273437500118e+02,-9.579617021783285225e+01
4.681028203125000005e+02,-9.284128754249763915e+01
4.681031132812499891e+02,-9.373385664972244058e+01
4.681034062500000346e+02,-9.939694180880158569e+01
4.681036992187500232e+02,-9.166469309857460246e+01
4.681039921875000118e+02,-8.806684520083523182e+01
4.681042851562500005e+02,-9.451756631997423597e+01
4.681045781249999891e+02,-9.615311566639775265e+01
4.681048710937500346e+02,-1.014345455928033175e+02
4.681051640625000232e+02,-9.198413421974203175e+01
4.681054570312500118e+02,-9.153956816684313935e+01
4.681057500000000005e+02,-8.484121090145963251e+01
4.681060429687499891e+02,-8.447303635022461776e+01
4.681063359375000346e+02,-8.923329507257025739e+01
4.681066289062500232e+02,-9.428497596770789357e+01
4.681069218750000118e+02,-9.381456717070281570e+01
4.681072148437500005e+02,-1.062058913397864615e+02
4.681075078124999891e+02,-8.617533396153122283e+01
4.681078007812500346e+02,-8.237149756262584788e+01
4.681080937500000232e+02,-8.362837407741429274e+01
4.681083867187500118e+02,-1.180776489545963841e+02
4.681086796875000005e+02,-8.916792185776205315e+01
4.681089726562499891e+02,-1.078862274453550327e+02
4.681092656250000346e+02,-8.397135575261185636e+01
4.681095585937500232e+02,-8.288766539464793937e+01
4.681098515625000118e+02,-8.626453836341356407e+01
4.681101445312500005e+02,-8.673228190875776988e+01
4.681104374999999891e+02,-8.981057070950720345e+01
4.681107304687500346e+02,-1.009442269157858334e+02
4.681110234375000232e+02,-9.292642051231257483e+01
4.681113164062500118e+02,-1.072265333400186194e+02
4.681116093750000005e+02,-9.724423700136614457e+01
4.681119023437499891e+02,-9.646391918263360310e+01
4.681121953125000346e+02,-9.421391214052394503e+01
4.681124882812500232e+02,-8.911766490929258566e+01
4.681127812500000118e+02,-9.372099343626332768e+01
4.681130742187500005e+02,-8.999859608478415396e+01
4.681133671874999891e+02,-1.003613077415820101e+02
4.681136601562500346e+02,-9.530001625571692614e+01
4.681139531250000232e+02,-8.784006587372671504e+01
4.681142460937500118e+02,-8.479006547940164751e+01
4.681145390625000005e+02,-8.589489222967063142e+01
4.681148320312499891e+02,-8.826697420583184339e+01
4.681151250000000346e+02,-8.741586076625188184e+01
4.681154179687500232e+02,-8.854275242351260999e+01
4.681157109375000118e+02,-9.788162182400171218e+01
4.681160039062500005e+02,-1.020032649609551925e+02
4.681162968749999891e+02,-9.578838200412816661e+01
4.681165898437500346e+02,-8.497658053697256264e+01
4.681168828125000232e+02,-9.162001295201214646e+01
4.681171757812500118e+02,-9.441432248695242890e+01
4.681174687500000005e+02,-9.168921895002227984e+01
4.681177617187499891e+02,-8.833770049637391253e+01
4.681180546875000346e+02,-8.591509128562805131e+01
4.681183476562500232e+02,-8.700549761605236654e+01
4.681186406250000118e+02,-9.889553577837999399e+01
4.681189335937500005e+02,-8.925683614168207214e+01
4.681192265624999891e+02,-9.106505485414986367e+01
4.681195195312500346e+02,-9.504737665599186869e+01
4.681198125000000232e+02,-1.045072758732104035e+02
4.681201054687500118e+02,-8.893423812756884672e+01
4.681203984375000005e+02,-9.027375267321190222e+01
4.681206914062499891e+02,-9.900072113820705511e+01
4.681209843750000346e+02,-9.816130014677973747e+01
4.681212773437500232e+02,-9.105682330326371243e+01
4.681215703125000118e+02,-8.398845235315260993e+01
4.681218632812500005e+02,-8.448112796807494362e+01
4.681221562499999891e+02,-9.095768285197458169e+01
4.681224492187500346e+02,-9.322529079687427611e+01
4.681227421875000232e+02,-8.900871816076465848e+01
4.681230351562500118e+02,-8.861789586227745019e+01
4.681233281250000005e+02,-9.258638400465829932e+01
4.681236210937499891e+02,-9.012463310228136493e+01
4.681239140625000346e+02,-9.663742138721303832e+01
4.681242070312500232e+02,-9.553718415588386392e+01
4.681245000000000118e+02,-9.515569207144666564e+01
4.681247929687500005e+02,-9.289900012213330172e+01
4.681250859374999891e+02,-1.003219766288406163e+02
4.681253789062500346e+02,-9.369930832094907203e+01
4.681256718750000232e+02,-8.649884709292523155e+01
4.681259648437500118e+02,-9.266518900590381236e+01
4.681262578125000005e+02,-1.011075897168093007e+02
4.681265507812499891e+02,-9.515243596797979819e+01
4.681268437500000346e+02,-8.824686645011595942e+01
4.681271367187500232e+02,-9.566840002754867101e+01
4.681274296875000118e+02,-8.990098538546416762e+01
4.681277226562500005e+02,-8.571797266725400277e+01
4.681280156249999891e+02,-8.243339569536917111e+01
4.681283085937500346e+02,-8.416449381235850069e+01
4.681286015625000232e+02,-1.008083697820867712e+02
4.681288945312500118e+02,-9.080852596313945924e+01
4.681291875000000005e+02,-8.636987005732912337e+01
4.681294804687499891e+02,-9.100553760052115138e+01
4.681297734375000346e+02,-1.020295980480360498e+02
4.681300664062500232e+02,-8.630192811555942001e+01
4.681303593750000118e+02,-8.599171321374652166e+01
4.681306523437500005e+02,-8.769955132359817185e+01
4.681309453124999891e+02,-9.212335334848120283e+01
4.681312382812500346e+02,-9.052688841492278016e+01
4.681315312500000232e+02,-9.228386923778495543e+01
4.681318242187500118e+02,-8.681053112161296781e+01
4.681321171875000005e+02,-8.743580825284526270e+01
4.681324101562499891e+02,-8.511451206136936776e+01
4.681327031250000346e+02,-8.514434152301325298e+01
4.681329960937500232e+02,-9.596410929816704538e+01
4.681332890625000118e+02,-9.187583949496927005e+01
4.681335820312500005e+02,-9.105534772841977542e+01
4.681338749999999891e+02,-8.994632856209719307e+01
4.681341679687500346e+02,-8.829589006377561589e+01
4.681344609375000232e+02,-1.021899136361016645e+02
4.681347539062500118e+02,-9.461803883695928619e+01
4.681350468750000005e+02,-8.862542305257665021e+01
4.681353398437499891e+02,-8.779207322424447568e+01
4.681356328125000346e+02,-8.951137879651034268e+01
4.681359257812500232e+02,-8.948385254315248005e+01
4.681362187500000118e+02,-9.515463974875748931e+01
4.681365117187500005e+02,-8.892887055356837323e+01
4.681368046874999891e+02,-9.865275043800136245e+01
4.681370976562500346e+02,-8.857424419205356969e+01
4.681373906250000232e+02,-9.083909538344775569e+01
4.681376835937500118e+02,-8.893461961124040727e+01
4.681379765625000005e+02,-9.425181040145118061e+01
4.681382695312499891e+02,-9.435858070101639328e+01
4.681385625000000346e+02,-8.607320501474440277e+01
4.681388554687500232e+02,-8.625484336299224708e+01
4.681391484375000118e+02,-8.699199302869303096e+01
4.681394414062500005e+02,-8.993315589165541724e+01
4.681397343749999891e+02,-9.053051483630797236e+01
4.681400273437500346e+02,-9.474731575400683425e+01
4.681403203125000232e+02,-8.863830656633398064e+01
4.681406132812500118e+02,-9.735244849910256448e+01
4.681409062500000005e+02,-9.724105533700630133e+01
4.681411992187499891e+02,-9.502778758326483910e+01
4.681414921875000346e+02,-8.600179301683097322e+01
4.681417851562500232e+02,-8.395564535401716455e+01
4.681420781250000118e+02,-8.581926020395056298e+01
4.681423710937500005e+02,-8.768547304510987317e+01
4.681426640624999891e+02,-9.316373568116287629e+01
4.681429570312500346e+02,-9.221268115630570605e+01
4.681432500000000232e+02,-9.108595559829473132e+01
4.681435429687500118e+02,-9.029468122152650267e+01
4.681438359375000005e+02,-1.042451584025200617e+02
4.681441289062499891e+02,-8.939020046027557953e+01
4.681444218750000346e+02,-9.417517743963743726e+01
4.681447148437500232e+02,-1.089019653945299240e+02
4.681450078125000118e+02,-9.573864426438717601e+01
4.681453007812500005e+02,-8.654361973181111978e+01
4.681455937499999891e+02,-8.889229170915226064e+01
4.681458867187500346e+02,-9.007830969809262456e+01
4.681461796875000232e+02,-9.293256161083658640e+01
4.681464726562500118e+02,-9.827543488554569251e+01
4.681467656250000005e+02,-1.074988496927237520e+02
4.681470585937499891e+02,-9.901888536154069698e+01
4.681473515625000346e+02,-1.072881574214261775e+02
4.681476445312500232e+02,-8.984633350698791787e+01
4.681479375000000118e+02,-8.487750746417330561e+01
4.681482304687500005e+02,-8.725443041666494537e+01
4.681485234374999891e+02,-8.993828146436057125e+01
4.681488164062500346e+02,-8.639150183735563360e+01
4.681491093750000232e+02,-1.003459263260642444e+02
4.681494023437500118e+02,-8.931684582002164063e+01
4.681496953125000005e+02,-8.915017699523104966e+01
4.681499882812499891e+02,-9.193852916150351007e+01
4.681502812500000346e+02,-8.720029676258701556e+01
4.681505742187500232e+02,-8.966785554563558946e+01
4.681508671875000118e+02,-1.122381309162615395e+02
4.681511601562500005e+02,-9.206662040812122427e+01
4.681514531249999891e+02,-8.987749848753722404e+01
4.681517460937500346e+02,-8.834556640445637754e+01
4.681520390625000232e+02,-9.252727134575104628e+01
4.681523320312500118e+02,-9.298343772470666124e+01
4.681526250000000005e+02,-9.176854626668792037e+01
4.681529179687499891e+02,-8.970347648895281623e+01
4.681532109375000346e+02,-9.482344988196943802e+01
4.681535039062500232e+02,-9.218275595779266496e+01
4.681537968750000118e+02,-8.810425215198219462e+01
4.681540898437500005e+02,-9.065827000655494317e+01
4.681543828124999891e+02,-8.913719198758700202e+01
4.681546757812500346e+02,-9.722580467145617433e+01
4.681549687500000232e+02,-8.869661535324921431e+01
4.681552617187500118e+02,-1.079037277866419373e+02
4.681555546875000005e+02,-1.018561334644405463e+02
4.681558476562499891e+02,-8.619389003184937792e+01
4.681561406250000346e+02,-8.351108845143542680e+01
4.681564335937500232e+02,-8.746236803304641683e+01
4.681567265625000118e+02,-9.973662821576209581e+01
4.681570195312500005e+02,-9.893680711781259163e+01
4.681573124999999891e+02,-9.069731454411751770e+01
4.681576054687500346e+02,-8.122452674078786572e+01
4.681578984375000232e+02,-8.500276959183777592e+01
4.681581914062500118e+02,-9.672574754929627261e+01
4.681584843750000005e+02,-9.190868628645492322e+01
4.681587773437499891e+02,-9.723140122228835480e+01
4.681590703125000346e+02,-9.303649552314860216e+01
4.681593632812500232e+02,-8.720192874886845402e+01
4.681596562500000118e+02,-9.411023937975970455e+01
4.681599492187500005e+02,-9.505447415946547096e+01
4.681602421874999891e+02,-8.998446679614994537e+01
4.681605351562500346e+02,-9.342650531826735971e+01
4.681608281250000232e+02,-9.667573752146384436e+01
4.681611210937500118e+02,-9.871768545716054177e+01
4.681614140625000005e+02,-9.120460922408027216e+01
4.681617070312499891e+02,-9.009362754420348551e+01
4.681620000000000346e+02,-8.927709177431620446e+01
4.681622929687500232e+02,-8.662660287611117838e+01
4.681625859375000118e+02,-8.805669027958968798e+01
4.681628789062500005e+02,-9.766632628308259712e+01
4.681631718749999891e+02,-8.659528577530119264e+01
4.681634648437500346e+02,-9.399875835318863437e+01
4.681637578125000232e+02,-1.009838174806148601e+02
4.681640507812500118e+02,-9.276411241670211894e+01
4.681643437500000005e+02,-8.479297523978030426e+01
4.681646367187499891e+02,-8.453203441519541173e+01
4.681649296875000346e+02,-8.829729506490957647e+01
4.681652226562500232e+02,-8.972489632429586948e+01
4.681655156250000118e+02,-9.083095905908392353e+01
4.681658085937500005e+02,-9.217922520897920435e+01
4.681661015624999891e+02,-8.969021759125337212e+01
4.681663945312500346e+02,-9.254108101480845505e+01
4.681666875000000232e+02,-9.204708868395971422e+01
4.681669804687500118e+02,-8.782682462374026500e+01
4.681672734375000005e+02,-9.134142886915432769e+01
4.681675664062499891e+02,-1.008820934461716661e+02
4.681678593750000346e+02,-9.086841579984343298e+01
4.681681523437500232e+02,-9.047693349811432029e+01
4.681684453125000118e+02,-9.699704261171072517e+01
4.681687382812500005e+02,-9.399001259438462341e+01
4.681690312499999891e+02,-9.711933308884438532e+01
4.681693242187500346e+02,-9.174053729365753895e+01
4.681696171875000232e+02,-9.679487097244950178e+01
4.681699101562500118e+02,-1.004052373513374334e+02
4.681702031250000005e+02,-9.256420002933487012e+01
4.681704960937499891e+02,-9.565373744005206902e+01
4.681707890625000346e+02,-9.070188851323814561e+01
4.681710820312500232e+02,-1.075089801052552474e+02
4.681713750000000118e+02,-9.645272838739147403e+01
4.681716679687500005e+02,-8.981668139963861108e+01
4.681719609374999891e+02,-9.268520541945265734e+01
4.681722539062500346e+02,-9.543384352588429920e+01
4.681725468750000232e+02,-1.039452870410639491e+02
4.681728398437500118e+02,-9.449681925096763280e+01
4.681731328125000005e+02,-9.436924664421022158e+01
4.681734257812499891e+02,-8.613851116967764199e+01
4.681737187500000346e+02,-8.986456253274083394e+01
4.681740117187500232e+02,-9.742770154841051067e+01
4.681743046875000118e+02,-9.351817041569277933e+01
4.681745976562500005e+02,-8.882319571178837236e+01
4.681748906249999891e+02,-8.561929155088401444e+01
4.681751835937500346e+02,-9.662571567383636761e+01
4.681754765625000232e+02,-8.831637743711310407e+01
4.681757695312500118e+02,-8.796635189186973491e+01
4.681760625000000005e+02,-9.109016183752194706e+01
4.681763554687499891e+02,-8.899906773913899372e+01
4.681766484375000346e+02,-9.611055426046112871e+01
4.681769414062500232e+02,-8.517611302662407979e+01
4.681772343750000118e+02,-8.689979685801078801e+01
4.681775273437500005e+02,-9.101884761370953925e+01
4.681778203124999891e+02,-1.015266468864690950e+02
4.681781132812500346e+02,-1.016363790782759793e+02
4.681784062500000232e+02,-9.792475563696208951e+01
4.681786992187500118e+02,-9.153025024792142972e+01
4.681789921875000005e+02,-9.489127639697230165e+01
4.681792851562499891e+02,-9.080291589195849156e+01
4.681795781250000346e+02,-1.001114651078374322e+02
4.681798710937500232e+02,-9.707282994891748729e+01
4.681801640625000118e+02,-9.343059672829230067e+01
4.681804570312500005e+02,-8.999881632315623392e+01
4.681807499999999891e+02,-8.731223257413624594e+01
4.681810429687500346e+02,-8.362217109543770732e+01
4.681813359375000232e+02,-8.954936709609454226e+01
4.681816289062500118e+02,-9.203619775146812287e+01
4.681819218750000005e+02,-8.973962533505732608e+01
4.681822148437499891e+02,-8.507237878579870483e+01
4.681825078125000346e+02,-9.057331434924094538e+01
4.681828007812500232e+02,-9.419458128721858259e+01
4.681830937500000118e+02,-8.740173196185294557e+01
4.681833867187500005e+02,-8.612316797855564232e+01
4.681836796874999891e+02,-8.648577512484462204e+01
4.681839726562500346e+02,-8.985357934971392524e+01
4.681842656250000232e+02,-9.968599951342056897e+01
4.681845585937500118e+02,-9.162211582264615117e+01
4.681848515625000005e+02,-9.174360046202671981e+01
4.681851445312499891e+02,-8.667590752179854974e+01
4.681854375000000346e+02,-8.504776525834208201e+01
4.681857304687500232e+02,-8.837998922942477975e+01
4.681860234375000118e+02,-9.696513559469266852e+01
4.681863164062500005e+02,-9.069522134891570886e+01
4.681866093749999891e+02,-9.537447862507379170e+01
4.681869023437500346e+02,-9.445455284512235039e+01
4.681871953125000232e+02,-9.980200680760145815e+01
4.681874882812500118e+02,-9.875171481806646057e+01
4.681877812500000005e+02,-9.495278784723849697e+01
4.681880742187499891e+02,-9.677891947572007325e+01
4.681883671875000346e+02,-9.455978838984385959e+01
4.681886601562500232e+02,-9.568378364352746246e+01
4.681889531250000118e+02,-9.467434571525620868e+01
4.681892460937500005e+02,-9.577903665914521980e+01
4.681895390624999891e+02,-9.019618980226314875e+01
4.681898320312500346e+02,-8.850495096208994994e+01
4.681901250000000232e+02,-8.374822288344931565e+01
4.681904179687500118e+02,-8.417433284133252869e+01
4.681907109375000005e+02,-9.148837016177910186e+01
4.681910039062499891e+02,-9.291307959722486487e+01
4.681912968750000346e+02,-9.553025250640791910e+01
4.681915898437500232e+02,-9.008143629896193261e+01
4.681918828125000118e+02,-9.113710332205955922e+01
4.681921757812500005e+02,-9.646961221702234468e+01
4.681924687499999891e+02,-9.512085194824051371e+01
4.681927617187500346e+02,-8.596803624581228576e+01
4.681930546875000232e+02,-8.443880932284039886e+01
4.681933476562500118e+02,-8.577700005799421490e+01
4.681936406250000005e+02,-9.530056707480284217e+01
4.681939335937499891e+02,-9.181309212091343852e+01
4.681942265625000346e+02,-9.954909258736495303e+01
4.681945195312500232e+02,-1.012563590752424005e+02
4.681948125000000118e+02,-8.872966308631970378e+01
4.681951054687500005e+02,-8.997102715333289780e+01
4.681953984374999891e+02,-8.859518299901374405e+01
4.681956914062500346e+02,-9.061311445285659261e+01
4.681959843750000232e+02,-1.067503325625216632e+02
4.681962773437500118e+02,-9.893478111893001881e+01
4.681965703125000005e+02,-8.580365679661134948e+01
4.681968632812499891e+02,-8.481519779743553045e+01
4.681971562500000346e+02,-9.167359693068648596e+01
4.681974492187500232e+02,-9.766150687081329806e+01
4.681977421875000118e+02,-9.291575299125555887e+01
4.681980351562500005e+02,-9.109029460395350952e+01
4.681983281249999891e+02,-9.880109254731939927e+01
4.681986210937500346e+02,-8.878594776506429298e+01
4.681989140625000232e+02,-8.748233335924101084e+01
4.681992070312500118e+02,-8.901120311536274698e+01
4.681995000000000005e+02,-9.397704140144091411e+01
4.681997929687499891e+02,-9.044030597205698996e+01
4.682000859375000346e+02,-8.327683662812458465e+01
4.682003789062500232e+02,-8.688229903643272678e+01
4.682006718750000118e+02,-1.071570822304456954e+02
4.682009648437500005e+02,-8.941293076505419890e+01
4.682012578124999891e+02,-8.746656116075941156e+01
4.682015507812500346e+02,-8.963312489503783809e+01
4.682018437500000232e+02,-8.704313365493715082e+01
4.682021367187500118e+02,-8.712372665297436924e+01
4.682024296875000005e+02,-9.667615343762514613e+01
4.682027226562499891e+02,-9.940632849760339695e+01
4.682030156250000346e+02,-9.121761666128362833e+01
4.682033085937500232e+02,-9.110830935717429213e+01
4.682036015625000118e+02,-8.915003321756907440e+01
4.682038945312500005e+02,-9.152046800811362459e+01
4.682041874999999891e+02,-9.050863594060730577e+01
4.682044804687500346e+02,-9.701138487524579546e+01
4.682047734375000232e+02,-1.037401394822539373e+02
4.682050664062500118e+02,-1.040927045884637607e+02
4.682053593750000005e+02,-9.576847749331162163e+01
4.682056523437499891e+02,-9.221626286386799620e+01
4.682059453125000346e+02,-9.724133930403446868e+01
4.682062382812500232e+02,-9.331333029494048503e+01
4.682065312500000118e+02,-8.937295933032709172e+01
4.682068242187500005e+02,-9.471070691071969350e+01
4.682071171874999891e+02,-8.974258675473893732e+01
4.682074101562500346e+02,-8.820574284748857963e+01
4.682077031250000232e+02,-9.218766545490971964e+01
4.682079960937500118e+02,-1.010777155156684017e+02
4.682082890625000005e+02,-9.463257316504981986e+01
4.682085820312499891e+02,-9.155051058185797785e+01
4.682088750000000346e+02,-1.034258238510990395e+02
4.682091679687500232e+02,-9.481572416156379290e+01
4.682094609375000118e+02,-9.061188586480375307e+01
4.682097539062500005e+02,-8.951289973054207394e+01
4.682100468749999891e+02,-8.920246610241338203e+01
4.682103398437500346e+02,-9.056662220805182528e+01
4.682106328125000232e+02,-9.178402717051034188e+01
4.682109257812500118e+02,-8.568984226316543129e+01
4.682112187500000005e+02,-9.022742732038162217e+01
4.682115117187499891e+02,-1.028841978422347836e+02
4.682118046875000346e+02,-9.356399294507986042e+01
4.682120976562500232e+02,-8.791502388916683230e+01
4.682123906250000118e+02,-9.315456945758357676e+01
4.682126835937500005e+02,-1.012923638474789811e+02
4.682129765624999891e+02,-9.729808254297203973e+01
4.682132695312500346e+02,-9.208175103961812624e+01
4.682135625000000232e+02,-9.187297552847456927e+01
4.682138554687500118e+02,-8.948606970173852915e+01
4.682141484375000005e+02,-9.418866262188223004e+01
4.682144414062499891e+02,-9.191543219592821856e+01
4.682147343750000346e+02,-1.006464703400569505e+02
4.682150273437500232e+02,-8.422417542084306774e+01
4.682153203125000118e+02,-8.717223911979337458e+01
4.682156132812500005e+02,-9.492497061828743199e+01
4.682159062499999891e+02,-9.607328261847500528e+01
4.682161992187500346e+02,-1.004351174638392479e+02
4.682164921875000232e+02,-9.257862193601349077e+01
4.682167851562500118e+02,-9.578040114596785770e+01
4.682170781250000005e+02,-8.774473438004021375e+01
4.682173710937499891e+02,-9.089879337556581618e+01
4.682176640625000346e+02,-9.186686579934466579e+01
4.682179570312500232e+02,-9.537273475815470647e+01
4.682182500000000118e+02,-8.971492266484504796e+01
4.682185429687500005e+02,-8.905358490115904146e+01
4.682188359374999891e+02,-8.786551900704125728e+01
4.682191289062500346e+02,-8.933023945911072872e+01
4.682194218750000232e+02,-9.968826380637445084e+01
4.682197148437500118e+02,-8.773978571993592368e+01
4.682200078125000005e+02,-8.639455034943404144e+01
4.682203007812499891e+02,-9.539935026161256815e+01
4.682205937500000346e+02,-9.662655060223150372e+01
4.682208867187500232e+02,-8.968397848402447892e+01
4.682211796875000118e+02,-9.403836194684566863e+01
4.682214726562500005e+02,-9.559695102236675268e+01
4.682217656249999891e+02,-9.108613103943467593e+01
4.682220585937500346e+02,-1.000364722954571874e+02
4.682223515625000232e+02,-1.021642316641714672e+02
4.682226445312500118e+02,-9.977121829986722901e+01
4.682229375000000005e+02,-9.333521610913672362e+01
4.682232304687499891e+02,-9.072627695721784846e+01
4.682235234375000346e+02,-9.868984495501933907e+01
4.682238164062500232e+02,-9.499764705890765981e+01
4.682241093750000118e+02,-8.873455510443385208e+01
4.682244023437500005e+02,-8.920583699749131767e+01
4.682246953124999891e+02,-9.542172426003921260e+01
4.682249882812500346e+02,-9.267574918592964650e+01
4.682252812500000232e+02,-1.028289678842671293e+02
4.682255742187500118e+02,-8.875970350039767709e+01
4.682258671875000005e+02,-8.775550759914948173e+01
4.682261601562499891e+02,-8.753684008721604926e+01
4.682264531250000346e+02,-9.945939911720928706e+01
4.682267460937500232e+02,-9.689253159458399978e+01
4.682270390625000118e+02,-9.443125350600668355e+01
4.682273320312500005e+02,-9.281192877887622217e+01
4.682276249999999891e+02,-9.059342139615537803e+01
4.682279179687500346e+02,-8.794147159762678712e+01
4.682282109375000232e+02,-8.804660748487442845e+01
4.682285039062500118e+02,-9.014815536440197263e+01
4.682287968750000005e+02,-9.371367603751687625e+01
4.682290898437499891e+02,-9.253197812312981796e+01
4.682293828125000346e+02,-9.836281695643054945e+01
4.682296757812500232e+02,-9.669106494368385540e+01
4.682299687500000118e+02,-9.161918159358040725e+01
4.682302617187500005e+02,-9.172673358984455660e+01
4.682305546874999891e+02,-9.589833286356395092e+01
4.682308476562500346e+02,-9.110615832244326384e+01
4.682311406250000232e+02,-9.932749859284180616e+01
4.682314335937500118e+02,-9.772230299550739119e+01
4.682317265625000005e+02,-9.162174034019975011e+01
4.682320195312499891e+02,-9.056391366441889090e+01
4.682323125000000346e+02,-9.045293852643241905e+01
4.682326054687500232e+02,-9.436265531436235676e+01
4.682328984375000118e+02,-8.971370352118411517e+01
4.682331914062500005e+02,-1.125936285073085088e+02
4.682334843749999891e+02,-9.182772333244440688e+01
4.682337773437500346e+02,-9.200624387672199589e+01
4.682340703125000232e+02,-9.758309179229841845e+01
4.682343632812500118e+02,-8.492529353887695720e+01
4.682346562500000005e+02,-8.527478397431795543e+01
4.682349492187499891e+02,-9.173125970275879126e+01
4.682352421875000346e+02,-1.015870359337661313e+02
4.682355351562500232e+02,-9.391548757415222326e+01
4.682358281250000118e+02,-9.083140211624896665e+01
4.682361210937500005e+02,-8.807203709085463572e+01
4.682364140624999891e+02,-9.468414104564271838e+01
4.682367070312500346e+02,-9.779345302173730659e+01
4.682370000000000232e+02,-1.019228212904949942e+02
4.682372929687500118e+02,-9.165482037434466633e+01
4.682375859375000005e+02,-9.288443475386247883e+01
4.682378789062499891e+02,-9.131783195346920934e+01
4.682381718750000346e+02,-8.914787085964306357e+01
4.682384648437500232e+02,-9.617504658407492002e+01
4.682387578125000118e+02,-1.018303510806353529e+02
4.682390507812500005e+02,-8.744474350780313898e+01
4.682393437499999891e+02,-9.258615150655646175e+01
4.682396367187500346e+02,-9.110296578067369921e+01
4.682399296875000232e+02,-9.079417923532278678e+01
4.682402226562500118e+02,-9.209276055803607619e+01
4.682405156250000005e+02,-8.862397313400735754e+01
4.682408085937499891e+02,-9.511714445690736852e+01
4.682411015625000346e+02,-9.770069409210016431e+01
4.682413945312500232e+02,-9.490338416815619382e+01
4.682416875000000118e+02,-8.919140629300937917e+01
4.682419804687500005e+02,-9.707031220742345567e+01
4.682422734374999891e+02,-9.542003710831211549e+01
4.682425664062500346e+02,-9.747465413021636493e+01
4.682428593750000232e+02,-8.883297556575169551e+01
4.682431523437500118e+02,-8.502389216505376623e+01
4.682434453125000005e+02,-9.006017988204625624e+01
4.682437382812499891e+02,-9.319843270106454725e+01
4.682440312500000346e+02,-9.705378076842740143e+01
4.682443242187500232e+02,-9.916068152930093049e+01
4.682446171875000118e+02,-9.518014719566652104e+01
4.682449101562500005e+02,-9.281819874598284059e+01
4.682452031249999891e+02,-9.101895198832639267e+01
4.682454960937500346e+02,-9.427641549073499050e+01
4.682457890625000232e+02,-8.993070518819600068e+01
4.682460820312500118e+02,-9.508624456689985038e+01
4.682463750000000005e+02,-8.981135600390869911e+01
4.682466679687499891e+02,-8.925191155488744243e+01
4.682469609375000346e+02,-9.695194373204040517e+01
4.682472539062500232e+02,-9.563857821199901821e+01
4.682475468750000118e+02,-9.244484185906907214e+01
4.682478398437500005e+02,-9.213615288381009805e+01
4.682481328124999891e+02,-9.023745381559102441e+01
4.682484257812500346e+02,-9.376140965785559445e+01
4.682487187500000232e+02,-9.770426434520821601e+01
4.682490117187500118e+02,-9.922076394266561294e+01
4.682493046875000005e+02,-9.142539413130239723e+01
4.682495976562499891e+02,-9.254644155287438423e+01
4.682498906250000346e+02,-9.677000185862002013e+01
4.682501835937500232e+02,-9.119834288058719096e+01
4.682504765625000118e+02,-8.909414465203423106e+01
4.682507695312500005e+02,-8.875620705380684683e+01
4.682510624999999891e+02,-9.819096555954885730e+01
4.682513554687500346e+02,-8.704146989236333809e+01
4.682516484375000232e+02,-8.713868766842038838e+01
4.682519414062500118e+02,-9.103525033235321473e+01
4.682522343750000005e+02,-1.016463813977938457e+02
4.682525273437499891e+02,-9.420144031760619896e+01
4.682528203125000346e+02,-9.419540734729378073e+01
4.682531132812500232e+02,-9.233564918549346601e+01
4.682534062500000118e+02,-9.276592824787415736e+01
4.682536992187500005e+02,-9.246523166178729980e+01
4.682539921874999891e+02,-8.843917088740768406e+01
4.682542851562500346e+02,-9.164014338181699770e+01
4.682545781250000232e+02,-8.649209409993986242e+01
4.682548710937500118e+02,-8.478299933457665816e+01
4.682551640625000005e+02,-8.987252492126663128e+01
4.682554570312499891e+02,-9.043098650616174439e+01
4.682557500000000346e+02,-8.660660005171217790e+01
4.682560429687500232e+02,-8.715230402722662006e+01
4.682563359375000118e+02,-9.138755029775127525e+01
4.682566289062500005e+02,-1.039341826763355670e+02
4.682569218749999891e+02,-9.075206150331581512e+01
4.682572148437500346e+02,-9.031214276938798946e+01
4.682575078125000232e+02,-1.029640557438617634e+02
4.682578007812500118e+02,-9.828415971180606903e+01
4.682580937500000005e+02,-9.577970536708947691e+01
4.682583867187499891e+02,-9.689722893816235683e+01
4.682586796875000346e+02,-9.337149730524288316e+01
4.682589726562500232e+02,-8.862361078771336054e+01
4.682592656250000118e+02,-8.949311975878657677e+01
4.682595585937500005e+02,-9.259781780431214315e+01
4.682598515624999891e+02,-8.778795802682866167e+01
4.682601445312500346e+02,-9.284373355247640802e+01
4.682604375000000232e+02,-9.097601822122180693e+01
4.682607304687500118e+02,-1.019668054316975656e+02
4.682610234375000005e+02,-9.497185636206347681e+01
4.682613164062499891e+02,-9.045068813166524535e+01
4.682616093750000346e+02,-8.875495364912097784e+01
4.682619023437500232e+02,-1.026387039682899740e+02
4.682621953125000118e+02,-9.943212743450645519e+01
4.682624882812500005e+02,-9.872198814249043153e+01
4.682627812499999891e+02,-9.120548865457084275e+01
4.682630742187500346e+02,-8.787964799864593601e+01
4.682633671875000232e+02,-8.725339115590409733e+01
4.682636601562500118e+02,-9.127579332970263692e+01
4.682639531250000005e+02,-9.992404247476051182e+01
4.682642460937499891e+02,-9.283866688274763135e+01
4.682645390625000346e+02,-9.633520748498732189e+01
4.682648320312500232e+02,-1.011544021021650366e+02
4.682651250000000118e+02,-9.712925757981631136e+01
4.682654179687500005e+02,-9.037732059634248571e+01
4.682657109374999891e+02,-9.216321083432197270e+01
4.682660039062500346e+02,-8.994107565858067233e+01
4.682662968750000232e+02,-8.905395752226199590e+01
4.682665898437500118e+02,-9.066117592013272031e+01
4.682668828125000005e+02,-8.790012737489178107e+01
4.682671757812499891e+02,-9.252692491137312913e+01
4.682674687500000346e+02,-9.356493803776623963e+01
4.682677617187500232e+02,-8.819753409752129869e+01
4.682680546875000118e+02,-9.439717848388414723e+01
4.682683476562500005e+02,-9.695699901210377902e+01
4.682686406249999891e+02,-9.305038637283801961e+01
4.682689335937500346e+02,-9.384558882293109150e+01
4.682692265625000232e+02,-9.534188410075849163e+01
4.682695195312500118e+02,-9.351577150734894417e+01
4.682698125000000005e+02,-8.883569087095166594e+01
4.682701054687499891e+02,-8.920987382185987258e+01
4.682703984375000346e+02,-8.627079997536384326e+01
4.682706914062500232e+02,-8.632327414739044968e+01
4.682709843750000118e+02,-9.475282703354702107e+01
4.682712773437500005e+02,-9.336612496079538914e+01
4.682715703124999891e+02,-9.368197821490736033e+01
4.682718632812500346e+02,-9.921489436596145595e+01
4.682721562500000232e+02,-9.608575337308080577e+01
4.682724492187500118e+02,-9.570403429499442893e+01
4.682727421875000005e+02,-9.549197760555497894e+01
4.682730351562499891e+02,-9.924120913718925863e+01
4.682733281250000346e+02,-9.755226102249694975e+01
4.682736210937500232e+02,-8.917840153830798045e+01
4.682739140625000118e+02,-9.623418818385550821e+01
4.682742070312500005e+02,-9.789380660627642783e+01
4.682744999999999891e+02,-8.969752949476939818e+01
4.682747929687500346e+02,-9.259548836472099254e+01
4.682750859375000232e+02,-1.103466313507077246e+02
4.682753789062500118e+02,-1.014734987967427884e+02
4.682756718750000005e+02,-9.392685180776452114e+01
4.682759648437499891e+02,-8.895796006413264934e+01
4.682762578125000346e+02,-1.038231077767626971e+02
4.682765507812500232e+02,-9.845137579861986410e+01
4.682768437500000118e+02,-9.174871078407635139e+01
4.682771367187500005e+02,-8.736902566699129125e+01
4.682774296874999891e+02,-9.293319826583791610e+01
4.682777226562500346e+02,-1.008452483460977476e+02
4.682780156250000232e+02,-9.543613294901479094e+01
4.682783085937500118e+02,-9.331475314308276836e+01
4.682786015625000005e+02,-9.082087751320543134e+01
4.682788945312499891e+02,-9.421971892029318951e+01
4.682791875000000346e+02,-8.983943558534650720e+01
4.682794804687500232e+02,-8.794506827050841480e+01
4.682797734375000118e+02,-9.279430736086959541e+01
4.682800664062500005e+02,-1.045530233338726873e+02
4.682803593749999891e+02,-1.019618419952524278e+02
4.682806523437500346e+02,-9.597323816337335245e+01
4.682809453125000232e+02,-9.322558864928261357e+01
4.682812382812500118e+02,-9.995437333991874596e+01
4.682815312500000005e+02,-9.246544477080857405e+01
4.682818242187499891e+02,-1.024644637644662026e+02
4.682821171875000346e+02,-1.036830022651213312e+02
4.682824101562500232e+02,-9.431187769262317033e+01
4.682827031250000118e+02,-9.271994103974950008e+01
4.682829960937500005e+02,-9.637642381312738848e+01
4.682832890624999891e+02,-9.855020198426990419e+01
4.682835820312500346e+02,-1.006553153285425282e+02
4.682838750000000232e+02,-1.033514443670670460e+02
4.682841679687500118e+02,-9.538006870228834089e+01
4.682844609375000005e+02,-9.051088553590446395e+01
4.682847539062499891e+02,-9.259599447685394580e+01
4.682850468750000346e+02,-9.619434008063343811e+01
4.682853398437500232e+02,-9.289964164813696357e+01
4.682856328125000118e+02,-8.913003317574040807e+01
4.682859257812500005e+02,-8.833486097527858760e+01
4.682862187499999891e+02,-9.090041564898183424e+01
4.682865117187500346e+02,-9.302598587969782784e+01
4.682868046875000232e+02,-9.400581276374838069e+01
4.682870976562500118e+02,-9.365945358081728500e+01
4.682873906250000005e+02,-9.629911451521918764e+01
4.682876835937499891e+02,-9.500186310133442191e+01
4.682879765625000346e+02,-9.993372283074066331e+01
4.682882695312500232e+02,-9.427134510164890457e+01
4.682885625000000118e+02,-9.651205781632461367e+01
4.682888554687500005e+02,-9.276843218194153451e+01
4.682891484374999891e+02,-9.196801607608890095e+01
4.682894414062500346e+02,-1.067073878863600385e+02
4.682897343750000232e+02,-9.957692085732850273e+01
4.682900273437500118e+02,-1.066548119493272537e+02
4.682903203125000005e+02,-9.061840886557928343e+01
4.682906132812499891e+02,-8.872935493960275721e+01
4.682909062500000346e+02,-1.068378961449941187e+02
4.682911992187500232e+02,-8.984104306956170660e+01
4.682914921875000118e+02,-9.404484059651601058e+01
4.682917851562500005e+02,-9.868526031895369499e+01
4.682920781249999891e+02,-9.289586417713273647e+01
4.682923710937500346e+02,-9.940498773568270963e+01
4.682926640625000232e+02,-9.833395625114222582e+01
4.682929570312500118e+02,-9.727346558951046518e+01
4.682932500000000005e+02,-9.844057414803947381e+01
4.682935429687499891e+02,-9.630505319910766104e+01
4.682938359375000346e+02,-9.552549376453301022e+01
4.682941289062500232e+02,-8.859593542681000145e+01
4.682944218750000118e+02,-9.036545291225948517e+01
4.682947148437500005e+02,-9.744359271409643952e+01
4.682950078124999891e+02,-8.916996471021812454e+01
4.682953007812500346e+02,-9.424088351108392203e+01
4.682955937500000232e+02,-9.142011661878206041e+01
4.682958867187500118e+02,-9.680335775530652143e+01
4.682961796875000005e+02,-9.365232364254579522e+01
4.682964726562499891e+02,-9.016303564151775163e+01
4.682967656250000346e+02,-8.889699029534557440e+01
4.682970585937500232e+02,-9.217986336738226782e+01
4.682973515625000118e+02,-1.022770599183465947e+02
4.682976445312500005e+02,-9.985714458829218643e+01
4.682979374999999891e+02,-1.006403699983549274e+02
4.682982304687500346e+02,-9.167839866289295969e+01
4.682985234375000232e+02,-1.083535791563795669e+02
4.682988164062500118e+02,-8.763377962698424994e+01
4.682991093750000005e+02,-9.043645767030254490e+01
4.682994023437499891e+02,-9.530664256599598616e+01
4.682996953125000346e+02,-9.258350721808847084e+01
4.682999882812500232e+02,-8.692601195253394053e+01
4.683002812500000118e+02,-8.959408005191880875e+01
4.683005742187500005e+02,-1.121239330489223249e+02
4.683008671874999891e+02,-1.047655907460226388e+02
4.683011601562500346e+02,-9.346944587611433519e+01
4.683014531250000232e+02,-8.850629380152987835e+01
4.683017460937500118e+02,-9.856888763545596532e+01
4.683020390625000005e+02,-9.104343781828531235e+01
4.683023320312499891e+02,-9.032997628016386216e+01
4.683026250000000346e+02,-9.705911403503384349e+01
4.683029179687500232e+02,-8.979254648487342649e+01
4.683032109375000118e+02,-9.146554385617091043e+01
4.683035039062500005e+02,-9.114116901033477802e+01
4.683037968749999891e+02,-9.216351963736441633e+01
4.683040898437500346e+02,-9.834304543225653106e+01
4.683043828125000232e+02,-1.058781090922908561e+02
4.683046757812500118e+02,-9.569462743196469035e+01
4.683049687500000005e+02,-9.705258268237905384e+01
4.683052617187499891e+02,-9.481688623482965284e+01
4.683055546875000346e+02,-9.306210027272071272e+01
4.683058476562500232e+02,-1.011350235906192836e+02
4.683061406250000118e+02,-1.043357863726904213e+02
4.683064335937500005e+02,-9.237516323309441191e+01
4.683067265624999891e+02,-9.760671878535121948e+01
4.683070195312500346e+02,-1.064859596912000654e+02
4.683073125000000232e+02,-9.515078156424463884e+01
4.683076054687500118e+02,-9.956208639486209222e+01
4.683078984375000005e+02,-8.724214158442299549e+01
4.683081914062499891e+02,-8.690786375728718838e+01
4.683084843750000346e+02,-8.749760540514665763e+01
4.683087773437500232e+02,-8.737530702017862438e+01
4.683090703125000118e+02,-9.285717842153002266e+01
4.683093632812500005e+02,-9.737756733168906464e+01
4.683096562499999891e+02,-9.480332313998044924e+01
4.683099492187500346e+02,-9.414296393481471625e+01
4.683102421875000232e+02,-9.988124055672608392e+01
4.683105351562500118e+02,-9.399289694562702380e+01
4.683108281250000005e+02,-9.665799257868110317e+01
4.683111210937499891e+02,-9.164860146403356111e+01
4.683114140625000346e+02,-9.482948308902999202e+01
4.683117070312500232e+02,-1.009853498396529687e+02
4.683120000000000118e+02,-9.370711864000875835e+01
4.683122929687500005e+02,-9.313045613777019582e+01
4.683125859374999891e+02,-1.055831504810052337e+02
4.683128789062500346e+02,-1.037459838932657021e+02
4.683131718750000232e+02,-1.009030289998414673e+02
4.683134648437500118e+02,-9.276171095420841084e+01
4.683137578125000005e+02,-9.270009713868348911e+01
4.683140507812499891e+02,-9.970268631983658736e+01
4.683143437500000346e+02,-1.020573501930191895e+02
4.683146367187500232e+02,-9.179224623138571815e+01
4.683149296875000118e+02,-9.699758802695723148e+01
4.683152226562500005e+02,-1.020890037861452697e+02
4.683155156249999891e+02,-9.754189633986113961e+01
4.683158085937500346e+02,-9.158833715844694723e+01
4.683161015625000232e+02,-8.690092990641618087e+01
4.683163945312500118e+02,-8.867317668481493342e+01
4.683166875000000005e+02,-9.911748389005005322e+01
4.683169804687499891e+02,-1.020192827688808563e+02
4.683172734375000346e+02,-9.714641177981539499e+01
4.683175664062500232e+02,-9.023709169437375976e+01
4.683178593750000118e+02,-8.789143372459091097e+01
4.683181523437500005e+02,-8.948440708542366906e+01
4.683184453124999891e+02,-9.040995349341298493e+01
4.683187382812500346e+02,-9.389180133866665301e+01
4.683190312500000232e+02,-9.038257545873676690e+01
4.683193242187500118e+02,-1.018898207419196780e+02
4.683196171875000005e+02,-1.094261617236129922e+02
4.683199101562499891e+02,-9.914594519892808933e+01
4.683202031250000346e+02,-9.703882694793614405e+01
4.683204960937500232e+02,-9.633901624467279134e+01
4.683207890625000118e+02,-8.728261567351422912e+01
4.683210820312500005e+02,-9.073121885073445014e+01
4.683213749999999891e+02,-9.355045046838975509e+01
4.683216679687500346e+02,-1.010655890632234986e+02
4.683219609375000232e+02,-1.032637075414933605e+02
4.683222539062500118e+02,-1.012322274030191949e+02
4.683225468750000005e+02,-1.054245861893814862e+02
4.683228398437499891e+02,-9.504487447920068632e+01
4.683231328125000346e+02,-9.439906419372582036e+01
4.683234257812500232e+02,-9.911036901342698968e+01
4.683237187500000118e+02,-9.241796455969712554e+01
4.683240117187500005e+02,-1.000203165487034909e+02
4.683243046874999891e+02,-1.033467764597430687e+02
4.683245976562500346e+02,-1.019261323587759875e+02
4.683248906250000232e+02,-1.235599049823264579e+02
4.683251835937500118e+02,-1.109131054700114163e+02
4.683254765625000005e+02,-9.373629046307583224e+01
4.683257695312499891e+02,-9.255292910901627579e+01
4.683260625000000346e+02,-9.955525883968658718e+01
4.683263554687500232e+02,-9.193341326907815869e+01
4.683266484375000118e+02,-1.047489310514186087e+02
4.683269414062500005e+02,-1.021193384493909804e+02
4.683272343749999891e+02,-1.002935371273583769e+02
4.683275273437500346e+02,-9.901618767356298179e+01
4.683278203125000232e+02,-9.525964353059045209e+01
4.683281132812500118e+02,-9.589024347611386645e+01
4.683284062500000005e+02,-9.024487696241109802e+01
4.683286992187499891e+02,-9.215856568886799494e+01
4.683289921875000346e+02,-9.219662258329128690e+01
4.683292851562500232e+02,-1.110446584438013815e+02
4.683295781250000118e+02,-1.098383360972117941e+02
4.683298710937500005e+02,-9.850174490116071979e+01
4.683301640624999891e+02,-1.034210884805921893e+02
4.683304570312500346e+02,-9.949884225500476020e+01
4.683307500000000232e+02,-9.162894382062529530e+01
4.683310429687500118e+02,-9.548696940354051321e+01
4.683313359375000005e+02,-1.019690878805641603e+02
4.683316289062499891e+02,-8.952934556770932772e+01
4.683319218750000346e+02,-8.942688721469934876e+01
4.683322148437500232e+02,-9.618228776172755090e+01
4.683325078125000118e+02,-9.244106046458234971e+01
4.683328007812500005e+02,-8.958842851522572914e+01
4.683330937499999891e+02,-8.896383944608348315e+01
4.683333867187500346e+02,-8.756567663481195041e+01
4.683336796875000232e+02,-8.839181758827871249e+01
4.683339726562500118e+02,-9.519918456796298756e+01
4.683342656250000005e+02,-9.516899320806133744e+01
4.683345585937499891e+02,-9.238652990560186140e+01
4.683348515625000346e+02,-1.004445211112159342e+02
4.683351445312500232e+02,-9.474630092590982144e+01
4.683354375000000118e+02,-9.022261094207864573e+01
4.683357304687500005e+02,-9.347682909901928383e+01
4.683360234374999891e+02,-9.029442355170949952e+01
4.683363164062500346e+02,-9.183345836954129027e+01
4.683366093750000232e+02,-9.691396789794465860e+01
4.683369023437500118e+02,-9.351751123075166561e+01
4.683371953125000005e+02,-9.207116202670052019e+01
4.683374882812499891e+02,-9.592819283889087956e+01
4.683377812500000346e+02,-9.207490101336964017e+01
4.683380742187500232e+02,-9.053909156076721843e+01
4.683383671875000118e+02,-9.162896392503851928e+01
4.683386601562500005e+02,-9.024460341143539210e+01
4.683389531249999891e+02,-9.394676968139981454e+01
4.683392460937500346e+02,-9.821197794400524117e+01
4.683395390625000232e+02,-9.300770048081193409e+01
4.683398320312500118e+02,-9.040778345434581809e+01
4.683401250000000005e+02,-8.795073759196726826e+01
4.683404179687499891e+02,-9.603078174228210173e+01
4.683407109375000346e+02,-9.023004044144033742e+01
4.683410039062500232e+02,-9.417363196536344105e+01
4.683412968750000118e+02,-9.259542549584919868e+01
4.683415898437500005e+02,-9.043788993013642141e+01
4.683418828124999891e+02,-9.751296297308681460e+01
4.683421757812500346e+02,-9.668459782167761318e+01
4.683424687500000232e+02,-9.294231736709285485e+01
4.683427617187500118e+02,-9.488489817818378924e+01
4.683430546875000005e+02,-9.693468890954565609e+01
4.683433476562499891e+02,-9.186718661546385079e+01
4.683436406250000346e+02,-1.081246865697328161e+02
4.683439335937500232e+02,-1.000938758437128229e+02
4.683442265625000118e+02,-1.022871327591552983e+02
4.683445195312500005e+02,-9.964664746738760925e+01
4.683448124999999891e+02,-9.113304293262814326e+01
4.683451054687500346e+02,-9.315081149027541585e+01
4.683453984375000232e+02,-9.461661699996342634e+01
4.683456914062500118e+02,-1.080037398431292530e+02
4.683459843750000005e+02,-9.720208075534375780e+01
4.683462773437499891e+02,-1.057496176078146419e+02
4.683465703125000346e+02,-1.016608006943183113e+02
4.683468632812500232e+02,-9.049118567120791568e+01
4.683471562500000118e+02,-9.482203371821434246e+01
4.683474492187500005e+02,-9.652337201644981235e+01
4.683477421874999891e+02,-9.211078468358675764e+01
4.683480351562500346e+02,-9.577727853609306408e+01
4.683483281250000232e+02,-9.364021544783500417e+01
4.683486210937500118e+02,-1.024402113751585830e+02
4.683489140625000005e+02,-9.954140449742915564e+01
4.683492070312499891e+02,-1.090616004549772100e+02
4.683495000000000346e+02,-8.911558434530788020e+01
4.683497929687500232e+02,-9.055359908765831278e+01
4.683500859375000118e+02,-9.001069626261005396e+01
4.683503789062500005e+02,-8.910701059748383557e+01
4.683506718749999891e+02,-9.157743488523405517e+01
4.683509648437500346e+02,-9.707682091765113341e+01
4.683512578125000232e+02,-9.272383984997449602e+01
4.683515507812500118e+02,-9.257519011096930228e+01
4.683518437500000005e+02,-9.940864655983610021e+01
4.683521367187499891e+02,-9.827056616644816245e+01
4.683524296875000346e+02,-9.834198981417600294e+01
4.683527226562500232e+02,-1.055899582157147734e+02
4.683530156250000118e+02,-1.007074301011600710e+02
4.683533085937500005e+02,-9.283162911608343393e+01
4.683536015624999891e+02,-9.931767259534066739e+01
4.683538945312500346e+02,-9.258123522767041891e+01
4.683541875000000232e+02,-9.248142896125594348e+01
4.683544804687500118e+02,-9.316761447781166794e+01
4.683547734375000005e+02,-9.794690300197584065e+01
4.683550664062499891e+02,-1.000881752725690319e+02
4.683553593750000346e+02,-9.247143212187043559e+01
4.683556523437500232e+02,-9.385943597286656370e+01
4.683559453125000118e+02,-9.599160540401211961e+01
4.683562382812500005e+02,-9.060388721955084179e+01
4.683565312499999891e+02,-8.686379463951357138e+01
4.683568242187500346e+02,-1.042644787456727897e+02
4.683571171875000232e+02,-9.251631381135536003e+01
4.683574101562500118e+02,-8.907930965019235714e+01
4.683577031250000005e+02,-9.640974706911870840e+01
4.683579960937499891e+02,-9.732783567660729318e+01
4.683582890625000346e+02,-9.839673009137158033e+01
4.683585820312500232e+02,-9.395420607599416485e+01
4.683588750000000118e+02,-9.377614294687433016e+01
4.683591679687500005e+02,-1.204563292006274935e+02
4.683594609374999891e+02,-9.318656278661183023e+01
4.683597539062500346e+02,-9.483349433506860748e+01
4.683600468750000232e+02,-9.367013288868946574e+01
4.683603398437500118e+02,-9.010957059339604314e+01
4.683606328125000005e+02,-1.029692470013831098e+02
4.683609257812499891e+02,-9.332072505165515963e+01
4.683612187500000346e+02,-1.035554270455645280e+02
4.683615117187500232e+02,-1.038105955084188849e+02
4.683618046875000118e+02,-9.641576482991071373e+01
4.683620976562500005e+02,-9.850637356622998198e+01
4.683623906249999891e+02,-1.035575935079555734e+02
4.683626835937500346e+02,-1.007261702352582375e+02
4.683629765625000232e+02,-9.511896550613468548e+01
4.683632695312500118e+02,-9.083118577264494320e+01
4.683635625000000005e+02,-8.953786976899907302e+01
4.683638554687499891e+02,-9.705681835989435058e+01
4.683641484375000346e+02,-9.533730851320201793e+01
4.683644414062500232e+02,-9.077082097468129973e+01
4.683647343750000118e+02,-9.978737302312299562e+01
4.683650273437500005e+02,-9.256879414020121999e+01
4.683653203124999891e+02,-9.151354484429346314e+01
4.683656132812500346e+02,-9.653726140813819256e+01
4.683659062500000232e+02,-1.074719428542152571e+02
4.683661992187500118e+02,-9.667595792010247635e+01
4.683664921875000005e+02,-9.971662793356769328e+01
4.683667851562499891e+02,-9.470273563543166517e+01
4.683670781250000346e+02,-9.551995001487861714e+01
4.683673710937500232e+02,-9.023137258136698335e+01
4.683676640625000118e+02,-8.937076737090504253e+01
4.683679570312500005e+02,-9.121084056557810982e+01
4.683682499999999891e+02,-9.865276466094115904e+01
4.683685429687500346e+02,-9.353332725633467248e+01
4.683688359375000232e+02,-9.393843677917486445e+01
4.683691289062500118e+02,-1.004344510128776591e+02
4.683694218750000005e+02,-9.844736307558025601e+01
4.683697148437499891e+02,-9.641618918917771452e+01
4.683700078125000346e+02,-1.019846220483794070e+02
4.683703007812500232e+02,-9.556290972544589124e+01
4.683705937500000118e+02,-8.907300967175831374e+01
4.683708867187500005e+02,-1.096529041356009770e+02
4.683711796874999891e+02,-9.565962477694604615e+01
4.683714726562500346e+02,-9.728642261405738623e+01
4.683717656250000232e+02,-1.040568572213122138e+02
4.683720585937500118e+02,-9.554132854860631596e+01
4.683723515625000005e+02,-9.098783060101361286e+01
4.683726445312499891e+02,-9.288804475534098515e+01
4.683729375000000346e+02,-1.007071679897820786e+02
4.683732304687500232e+02,-9.343351063719033789e+01
4.683735234375000118e+02,-8.789177997881176907e+01
4.683738164062500005e+02,-9.448763703765862942e+01
4.683741093749999891e+02,-1.106230167129740494e+02
4.683744023437500346e+02,-1.014875522051695782e+02
4.683746953125000232e+02,-9.105731641879876292e+01
4.683749882812500118e+02,-8.849329227073837956e+01
4.683752812500000005e+02,-9.240953750833391211e+01
4.683755742187499891e+02,-9.546654952248124459e+01
4.683758671875000346e+02,-9.917820886782992318e+01
4.683761601562500232e+02,-1.023899708278122773e+02
4.683764531250000118e+02,-9.486673156389484518e+01
4.683767460937500005e+02,-9.432174205085243557e+01
4.683770390624999891e+02,-9.490506771511880402e+01
4.683773320312500346e+02,-9.849527944674500191e+01
4.683776250000000232e+02,-9.596541586609929197e+01
4.683779179687500118e+02,-9.123840338250687410e+01
4.683782109375000005e+02,-9.085943188253824587e+01
4.683785039062499891e+02,-9.153715934954925615e+01
4.683787968750000346e+02,-9.464717986545161921e+01
4.683790898437500232e+02,-9.648352568606476609e+01
4.683793828125000118e+02,-9.512830919890157588e+01
4.683796757812500005e+02,-9.123453204672014749e+01
4.683799687499999891e+02,-9.244139570223515534e+01
4.683802617187500346e+02,-9.790519192010349059e+01
4.683805546875000232e+02,-1.045644749811071108e+02
4.683808476562500118e+02,-9.711128691031902349e+01
4.683811406250000005e+02,-9.572414480136166048e+01
4.683814335937499891e+02,-1.013212951023410682e+02
4.683817265625000346e+02,-9.615488147472976266e+01
4.683820195312500232e+02,-9.323372333214464902e+01
4.683823125000000118e+02,-9.794385057458656263e+01
4.683826054687500005e+02,-9.569028793768180208e+01
4.683828984374999891e+02,-9.798524733426575040e+01
4.683831914062500346e+02,-1.003892193457127746e+02
4.683834843750000232e+02,-9.423108299596741233e+01
4.683837773437500118e+02,-1.025917440533046374e+02
4.683840703125000005e+02,-9.114644138310332266e+01
4.683843632812499891e+02,-9.555298688591844325e+01
4.683846562500000346e+02,-1.000309700176524927e+02
4.683849492187500232e+02,-9.735083356421570500e+01
4.683852421875000118e+02,-1.115509916856269399e+02
4.683855351562500005e+02,-9.320089033340633478e+01
4.683858281249999891e+02,-9.066833185581668886e+01
4.683861210937500346e+02,-8.938894667929888271e+01
4.683864140625000232e+02,-9.341976276387102018e+01
4.683867070312500118e+02,-9.321483179083668347e+01
4.683870000000000005e+02,-8.698537878343310581e+01
4.683872929687499891e+02,-8.768969534819733269e+01
4.683875859375000346e+02,-9.064086011114366670e+01
4.683878789062500232e+02,-1.056813466840886235e+02
4.683881718750000118e+02,-8.619094376528066448e+01
4.683884648437500005e+02,-8.966784069283862380e+01
4.683887578124999891e+02,-9.619523207288838762e+01
4.683890507812500346e+02,-9.501570518469708304e+01
4.683893437500000232e+02,-9.661816739345995586e+01
4.683896367187500118e+02,-9.210483473339726856e+01
4.683899296875000005e+02,-9.548982620310090397e+01
4.683902226562499891e+02,-9.799987190002011062e+01
4.683905156250000346e+02,-1.017428005263423358e+02
4.683908085937500232e+02,-9.224077679131593754e+01
4.683911015625000118e+02,-9.511132837058433154e+01
4.683913945312500005e+02,-9.938149042824805690e+01
4.683916874999999891e+02,-9.796758921788057251e+01
4.683919804687500346e+02,-1.018493701842930221e+02
4.683922734375000232e+02,-9.839186362295934885e+01
4.683925664062500118e+02,-9.685920411711933298e+01
4.683928593750000005e+02,-8.721544936945460336e+01
4.683931523437499891e+02,-9.202316534459056641e+01
4.683934453125000346e+02,-9.524424746120550367e+01
4.683937382812500232e+02,-1.007908852636841459e+02
4.683940312500000118e+02,-1.031491465487759456e+02
4.683943242187500005e+02,-9.679901290743904951e+01
4.683946171874999891e+02,-1.212259043869439950e+02
4.683949101562500346e+02,-1.038809201394462605e+02
4.683952031250000232e+02,-9.558625646496795980e+01
4.683954960937500118e+02,-9.157998088575129714e+01
4.683957890625000005e+02,-9.140037643768124553e+01
4.683960820312499891e+02,-9.097058790763163927e+01
4.683963750000000346e+02,-9.480731600048643770e+01
4.683966679687500232e+02,-9.556495477149405815e+01
4.683969609375000118e+02,-1.008702273247106973e+02
4.683972539062500005e+02,-9.305871243639460033e+01
4.683975468749999891e+02,-9.116011937014846467e+01
4.683978398437500346e+02,-9.097293613440285753e+01
4.683981328125000232e+02,-9.441343423503039389e+01
4.683984257812500118e+02,-9.864250553215075001e+01
4.683987187500000005e+02,-1.018123959900366913e+02
4.683990117187499891e+02,-9.337338395120238488e+01
4.683993046875000346e+02,-9.296250971940553143e+01
4.683995976562500232e+02,-1.000872050863461169e+02
4.683998906250000118e+02,-9.117074161037405133e+01
4.684001835937500005e+02,-9.132540892408626121e+01
4.684004765624999891e+02,-9.370314069333737450e+01
4.684007695312500346e+02,-9.728184027987660443e+01
4.684010625000000232e+02,-9.228398542223898460e+01
4.684013554687500118e+02,-9.301227420483245112e+01
4.684016484375000005e+02,-8.972096751712780360e+01
4.684019414062499891e+02,-9.258301119595674322e+01
4.684022343750000346e+02,-9.344453596758349079e+01
4.684025273437500232e+02,-1.014666783805151482e+02
4.684028203125000118e+02,-1.066863778258432802e+02
4.684031132812500005e+02,-9.402867568404390397e+01
4.684034062499999891e+02,-9.456357783835493080e+01
4.684036992187500346e+02,-9.796694807841399211e+01
4.684039921875000232e+02,-9.242578223858272679e+01
4.684042851562500118e+02,-9.682120107300471545e+01
4.684045781250000005e+02,-1.016428010428948312e+02
4.684048710937499891e+02,-9.507841477005902675e+01
4.684051640625000346e+02,-1.086677043113700023e+02
4.684054570312500232e+02,-9.521124228294399927e+01
4.684057500000000118e+02,-9.286013267403859572e+01
4.684060429687500005e+02,-1.059354053845473231e+02
4.684063359374999891e+02,-9.966066935749091726e+01
4.684066289062500346e+02,-9.099468079050637925e+01
4.684069218750000232e+02,-8.927314297599069448e+01
4.684072148437500118e+02,-9.959838670884343514e+01
4.684075078125000005e+02,-9.598794882730310007e+01
4.684078007812499891e+02,-9.223717111958140435e+01
4.684080937500000346e+02,-9.547522848012987140e+01
4.684083867187500232e+02,-9.083245263843488715e+01
4.684086796875000118e+02,-9.616929063432985458e+01
4.684089726562500005e+02,-9.729206548650569175e+01
4.684092656249999891e+02,-9.676663284316754243e+01
4.684095585937500346e+02,-1.061840479575113960e+02
4.684098515625000232e+02,-1.136335038219685458e+02
4.684101445312500118e+02,-9.402929210133636673e+01
4.684104375000000005e+02,-9.725622415272327714e+01
4.684107304687499891e+02,-9.205614868559287345e+01
4.684110234375000346e+02,-9.773469761750473594e+01
4.684113164062500232e+02,-9.630416673760930735e+01
4.684116093750000118e+02,-9.468023451040977534e+01
4.684119023437500005e+02,-9.292834860053955026e+01
4.684121953124999891e+02,-8.844307896846066797e+01
4.684124882812500346e+02,-9.494834645474770696e+01
4.684127812500000232e+02,-9.822790058834647198e+01
4.684130742187500118e+02,-1.070298040579417602e+02
4.684133671875000005e+02,-1.062603862695255685e+02
4.684136601562499891e+02,-9.306206566394959623e+01
4.684139531250000346e+02,-9.064647602608548027e+01
4.684142460937500232e+02,-9.468676194256462963e+01
4.684145390625000118e+02,-9.442097556536056402e+01
4.684148320312500005e+02,-1.118025840328761262e+02
4.684151249999999891e+02,-9.292221846825377440e+01
4.684154179687500346e+02,-8.958737867813488265e+01
4.684157109375000232e+02,-8.949744052066192523e+01
4.684160039062500118e+02,-9.847791701841485690e+01
4.684162968750000005e+02,-9.198394428532759548e+01
4.684165898437499891e+02,-9.151308923713347099e+01
4.684168828125000346e+02,-9.474774732673564870e+01
4.684171757812500232e+02,-9.312621690299992849e+01
4.684174687500000118e+02,-8.921511991393072094e+01
4.684177617187500005e+02,-8.773016877260091917e+01
4.684180546874999891e+02,-9.052441213958775279e+01
4.684183476562500346e+02,-9.928476480625405998e+01
4.684186406250000232e+02,-1.017539027776203966e+02
4.684189335937500118e+02,-9.450921963878614918e+01
4.684192265625000005e+02,-9.384285583815098164e+01
4.684195195312499891e+02,-9.075217136620027247e+01
4.684198125000000346e+02,-9.106798815129957347e+01
4.684201054687500232e+02,-9.624452670796436848e+01
4.684203984375000118e+02,-9.161850059153624670e+01
4.684206914062500005e+02,-8.979641652550107267e+01
4.684209843749999891e+02,-9.300807483556644684e+01
4.684212773437500346e+02,-9.925021433175518837e+01
4.684215703125000232e+02,-9.266889759550217320e+01
4.684218632812500118e+02,-9.037547682983016273e+01
4.684221562500000005e+02,-9.129952934467254977e+01
4.684224492187499891e+02,-9.323818340251777670e+01
4.684227421875000346e+02,-1.036093977605314223e+02
4.684230351562500232e+02,-9.160424110080164439e+01
4.684233281250000118e+02,-9.239792572301220730e+01
4.684236210937500005e+02,-9.720825731875466147e+01
4.684239140624999891e+02,-9.511501643283482110e+01
4.684242070312500346e+02,-8.933993404778070158e+01
4.684245000000000232e+02,-9.158505552761111801e+01
4.684247929687500118e+02,-9.677247714280977675e+01
4.684250859375000005e+02,-9.852716326652318912e+01
4.684253789062499891e+02,-9.855434871242016470e+01
4.684256718750000346e+02,-9.164099742684388161e+01
4.684259648437500232e+02,-9.476969783513511913e+01
4.684262578125000118e+02,-9.368565731538880925e+01
4.684265507812500005e+02,-9.184944330619522646e+01
4.684268437499999891e+02,-1.062032032942578752e+02
4.684271367187500346e+02,-1.219162093515058700e+02
4.684274296875000232e+02,-9.725313815195494271e+01
4.684277226562500118e+02,-1.082843950375988840e+02
4.684280156250000005e+02,-9.902247727493153207e+01
4.684283085937499891e+02,-9.877271358128554368e+01
4.684286015625000346e+02,-9.146837583548256134e+01
4.684288945312500232e+02,-9.067902069153957711e+01
4.684291875000000118e+02,-9.226531481283018366e+01
4.684294804687500005e+02,-1.031127879874028395e+02
4.684297734374999891e+02,-1.008786596176224748e+02
4.684300664062500346e+02,-9.981683717444033732e+01
4.684303593750000232e+02,-9.820989654883209141e+01
4.684306523437500118e+02,-1.016482291635100097e+02
4.684309453125000005e+02,-1.019484164975114311e+02
4.684312382812499891e+02,-9.586876068507494608e+01
4.684315312500000346e+02,-9.775898032775315016e+01
4.684318242187500232e+02,-9.504911916183922926e+01
4.684321171875000118e+02,-9.765784808560803754e+01
4.684324101562500005e+02,-9.207314826800079288e+01
4.684327031249999891e+02,-9.415420716384548427e+01
4.684329960937500346e+02,-1.026504422967800991e+02
4.684332890625000232e+02,-1.114373927322631914e+02
4.684335820312500118e+02,-9.165798759045321731e+01
4.684338750000000005e+02,-9.559271754668867516e+01
4.684341679687499891e+02,-9.523375556770659500e+01
4.684344609375000346e+02,-9.131436216654645932e+01
4.684347539062500232e+02,-9.436980692995319941e+01
4.684350468750000118e+02,-9.931085408052513230e+01
4.684353398437500005e+02,-1.086313877144898754e+02
4.684356328124999891e+02,-1.065464484526946194e+02
4.684359257812500346e+02,-9.633348839964102694e+01
4.684362187500000232e+02,-9.220963413085947025e+01
4.684365117187500118e+02,-9.419748439179728905e+01
4.684368046875000005e+02,-9.899992532250047361e+01
4.684370976562499891e+02,-9.252199672919728357e+01
4.684373906250000346e+02,-9.606397607126018556e+01
4.684376835937500232e+02,-9.822262361434157185e+01
4.684379765625000118e+02,-9.380386544689187645e+01
4.684382695312500005e+02,-1.019000426317440429e+02
4.684385624999999891e+02,-9.143140817404328402e+01
4.684388554687500346e+02,-9.400690034773829495e+01
4.684391484375000232e+02,-9.522792250670734404e+01
4.684394414062500118e+02,-9.359628484479806332e+01
4.684397343750000005e+02,-1.082900602499852738e+02
4.684400273437499891e+02,-9.711786924222472805e+01
4.684403203125000346e+02,-9.329830852765644522e+01
4.684406132812500232e+02,-9.215113125061628807e+01
4.684409062500000118e+02,-9.191520602095478409e+01
4.684411992187500005e+02,-9.546943436673518590e+01
4.684414921874999891e+02,-9.645650059745243254e+01
4.684417851562500346e+02,-9.662148841486121853e+01
4.684420781250000232e+02,-9.934992712375125734e+01
4.684423710937500118e+02,-9.040739260565486290e+01
4.684426640625000005e+02,-9.703340529163143913e+01
4.684429570312499891e+02,-1.005322470090508773e+02
4.684432500000000346e+02,-9.572727602324845009e+01
4.684435429687500232e+02,-9.198467576318159900e+01
4.684438359375000118e+02,-1.032951322406935049e+02
4.684441289062500005e+02,-9.423716867921086759e+01
4.684444218749999891e+02,-9.508576600710102866e+01
4.684447148437500346e+02,-9.253555140967552006e+01
4.684450078125000232e+02,-9.386785646598735866e+01
4.684453007812500118e+02,-9.184311701638483783e+01
4.684455937500000005e+02,-9.315202609527935351e+01
4.684458867187499891e+02,-9.153086346769131865e+01
4.684461796875000346e+02,-8.686233592383703694e+01
4.684464726562500232e+02,-9.107432134327751783e+01
4.684467656250000118e+02,-9.639104924857569756e+01
4.684470585937500005e+02,-9.979670335339304188e+01
4.684473515624999891e+02,-1.020097782427172604e+02
4.684476445312500346e+02,-9.725606096994562222e+01
4.684479375000000232e+02,-1.045540612108629688e+02
4.684482304687500118e+02,-9.879015578557212507e+01
4.684485234375000005e+02,-9.365740899421797394e+01
4.684488164062499891e+02,-9.463041463499561701e+01
4.684491093750000346e+02,-9.444409682781167703e+01
4.684494023437500232e+02,-9.517685479143223404e+01
4.684496953125000118e+02,-9.330577636122947638e+01
4.684499882812500005e+02,-9.114161942619418255e+01
4.684502812499999891e+02,-9.679425757867699076e+01
4.684505742187500346e+02,-9.946631573146572691e+01
4.684508671875000232e+02,-1.166457394932444629e+02
4.684511601562500118e+02,-1.005333004978626121e+02
4.684514531250000005e+02,-9.561277232252425051e+01
4.684517460937499891e+02,-1.006215698153258984e+02
4.684520390625000346e+02,-1.020557283558105297e+02
4.684523320312500232e+02,-1.026564790590178831e+02
4.684526250000000118e+02,-9.653514539436790187e+01
4.684529179687500005e+02,-9.833389927921716378e+01
4.684532109374999891e+02,-9.440526090387135127e+01
4.684535039062500346e+02,-9.784052393784500623e+01
4.684537968750000232e+02,-9.101903511283393300e+01
4.684540898437500118e+02,-8.968626676445447288e+01
4.684543828125000005e+02,-8.908759253841711256e+01
4.684546757812499891e+02,-9.175690800715415207e+01
4.684549687500000346e+02,-9.190115600718534949e+01
4.684552617187500232e+02,-1.008688039815683624e+02
4.684555546875000118e+02,-9.956742723633384173e+01
4.684558476562500005e+02,-1.000951372732296818e+02
4.684561406249999891e+02,-1.034686821989492387e+02
4.684564335937500346e+02,-1.113121517834650689e+02
4.684567265625000232e+02,-9.922053500755697542e+01
4.684570195312500118e+02,-9.534444836156507108e+01
4.684573125000000005e+02,-9.281362471485630294e+01
4.684576054687499891e+02,-9.070072218135689468e+01
4.684578984375000346e+02,-9.149691320198031974e+01
4.684581914062500232e+02,-9.335437047355983964e+01
4.684584843750000118e+02,-1.014179469968168519e+02
4.684587773437500005e+02,-9.146428097205843244e+01
4.684590703124999891e+02,-9.295792313486307989e+01
4.684593632812500346e+02,-9.539670683226771075e+01
4.684596562500000232e+02,-9.837845657069635763e+01
4.684599492187500118e+02,-1.000468219365747871e+02
4.684602421875000005e+02,-1.029737115160639718e+02
4.684605351562499891e+02,-1.122776957085157790e+02
4.684608281250000346e+02,-1.028684516801127984e+02
4.684611210937500232e+02,-9.238163851106915558e+01
4.684614140625000118e+02,-9.173432463819089833e+01
4.684617070312500005e+02,-9.367864111534002802e+01
4.684619999999999891e+02,-9.605959583679805291e+01
4.684622929687500346e+02,-1.007037176051130700e+02
4.684625859375000232e+02,-1.070305691289010781e+02
4.684628789062500118e+02,-9.420070585204952351e+01
4.684631718750000005e+02,-9.359893944619662420e+01
4.684634648437499891e+02,-9.673837088595809064e+01
4.684637578125000346e+02,-1.034918650360935857e+02
4.684640507812500232e+02,-9.321801114728293669e+01
4.684643437500000118e+02,-1.006167639313514570e+02
4.684646367187500005e+02,-1.014278735919607044e+02
4.684649296874999891e+02,-9.111373715786919547e+01
4.684652226562500346e+02,-9.134073100846339344e+01
4.684655156250000232e+02,-9.777393881805807041e+01
4.684658085937500118e+02,-9.240265488546455686e+01
4.684661015625000005e+02,-9.252744722606547612e+01
4.684663945312499891e+02,-9.239126933403056796e+01
4.684666875000000346e+02,-9.252041047851980693e+01
4.684669804687500232e+02,-9.582248937500173724e+01
4.684672734375000118e+02,-9.393180951662324674e+01
4.684675664062500005e+02,-9.405410819103062181e+01
4.684678593749999891e+02,-9.747257077846322204e+01
4.684681523437500346e+02,-1.004748397765093415e+02
4.684684453125000232e+02,-1.042877029883107696e+02
4.684687382812500118e+02,-9.696078766630158441e+01
4.684690312500000005e+02,-1.017134277935883659e+02
4.684693242187499891e+02,-9.405703416275676432e+01
4.684696171875000346e+02,-1.046975429661832209e+02
4.684699101562500232e+02,-9.673583384771256988e+01
4.684702031250000118e+02,-9.355682018240582920e+01
4.684704960937500005e+02,-9.457853661253615485e+01
4.684707890624999891e+02,-1.052282248401148337e+02
4.684710820312500346e+02,-1.041751755895684681e+02
4.684713750000000232e+02,-9.277075237287843379e+01
4.684716679687500118e+02,-8.832835572413449654e+01
4.684719609375000005e+02,-9.124793334632825292e+01
4.684722539062499891e+02,-9.712494989741129814e+01
4.684725468750000346e+02,-9.699950431925751104e+01
4.684728398437500232e+02,-1.100707168656170296e+02
4.684731328125000118e+02,-9.806581144886899892e+01
4.684734257812500005e+02,-9.557129413438147481e+01
4.684737187499999891e+02,-1.058233577610961618e+02
4.684740117187500346e+02,-9.014432067716823838e+01
4.684743046875000232e+02,-9.538343307300941376e+01
4.684745976562500118e+02,-9.258015639043306066e+01
4.684748906250000005e+02,-1.008080054565544685e+02
4.684751835937499891e+02,-1.114756426147060608e+02
4.684754765625000346e+02,-9.917453959854604761e+01
4.684757695312500232e+02,-1.045638549553151222e+02
4.684760625000000118e+02,-1.003735509258348770e+02
4.684763554687500005e+02,-1.116522749460724242e+02
4.684766484374999891e+02,-1.019468053133183361e+02
4.684769414062500346e+02,-1.096645724110352376e+02
4.684772343750000232e+02,-1.103189942168829560e+02
4.684775273437500118e+02,-1.017545206846479147e+02
4.684778203125000005e+02,-9.421878467871127327e+01
4.684781132812499891e+02,-9.283276294497329673e+01
4.684784062500000346e+02,-1.073840945603227794e+02
4.684786992187500232e+02,-9.509136077517568708e+01
4.684789921875000118e+02,-1.013734498138531421e+02
4.684792851562500005e+02,-1.068573182843500433e+02
4.684795781249999891e+02,-9.465129024488379628e+01
4.684798710937500346e+02,-9.079433060799064492e+01
4.684801640625000232e+02,-9.274070787450335729e+01
4.684804570312500118e+02,-9.295082786872697511e+01
4.684807500000000005e+02,-9.381202288429764735e+01
4.684810429687499891e+02,-9.457310708279445066e+01
4.684813359375000346e+02,-1.028659301953770751e+02
4.684816289062500232e+02,-1.070571320779842637e+02
4.684819218750000118e+02,-1.031588686678639988e+02
4.684822148437500005e+02,-9.960767072174223813e+01
4.684825078124999891e+02,-9.497215892746440602e+01
4.684828007812500346e+02,-9.769540234017013347e+01
4.684830937500000232e+02,-9.914273602341370406e+01
4.684833867187500118e+02,-1.042602974523924786e+02
4.684836796875000005e+02,-9.473707431251733624e+01
4.684839726562499891e+02,-9.969103298135030400e+01
4.684842656250000346e+02,-1.013435767884081571e+02
4.684845585937500232e+02,-9.778776095657667611e+01
4.684848515625000118e+02,-9.816978773495276300e+01
4.684851445312500005e+02,-9.552833729501577409e+01
4.684854374999999891e+02,-9.714638756365120287e+01
4.684857304687500346e+02,-9.667124497536603656e+01
4.684860234375000232e+02,-9.089805707706796056e+01
4.684863164062500118e+02,-9.522423096893905381e+01
4.684866093750000005e+02,-1.091060041556935687e+02
4.684869023437499891e+02,-1.060585546004648734e+02
4.684871953125000346e+02,-1.101952644582145808e+02
4.684874882812500232e+02,-1.008680857909147051e+02
4.684877812500000118e+02,-9.438225772705291661e+01
4.684880742187500005e+02,-9.639407305602605902e+01
4.684883671874999891e+02,-1.013791259317271312e+02
4.684886601562500346e+02,-9.965883291172183078e+01
4.684889531250000232e+02,-1.128500432803108708e+02
4.684892460937500118e+02,-1.033395675065515036e+02
4.684895390625000005e+02,-1.015975562638519420e+02
4.684898320312499891e+02,-1.028661115019579455e+02
4.684901250000000346e+02,-9.912187773872855701e+01
4.684904179687500232e+02,-9.483447377561491010e+01
4.684907109375000118e+02,-9.431027657347335946e+01
4.684910039062500005e+02,-9.484583287597521917e+01
4.684912968749999891e+02,-9.055981358789237845e+01
4.684915898437500346e+02,-9.241130530991003411e+01
4.684918828125000232e+02,-1.013489890018110771e+02
4.684921757812500118e+02,-9.404142031865691820e+01
4.684924687500000005e+02,-1.014145486947382153e+02
4.684927617187499891e+02,-9.507769372394866991e+01
4.684930546875000346e+02,-9.311629776687675530e+01
4.684933476562500232e+02,-9.701129630984105745e+01
4.684936406250000118e+02,-1.127908091219464097e+02
4.684939335937500005e+02,-9.044429544065678783e+01
4.684942265624999891e+02,-8.822245514687550383e+01
4.684945195312500346e+02,-9.778972404363994997e+01
4.684948125000000232e+02,-9.436799078196401069e+01
4.684951054687500118e+02,-9.258291363878694824e+01
4.684953984375000005e+02,-9.500701724208504118e+01
4.684956914062499891e+02,-1.013662690161581423e+02
4.684959843750000346e+02,-9.352739477370337795e+01
4.684962773437500232e+02,-9.222981702640913682e+01
4.684965703125000118e+02,-1.021479008991460233e+02
4.684968632812500005e+02,-9.680686917808162661e+01
4.684971562499999891e+02,-1.004889617558505108e+02
4.684974492187500346e+02,-1.098835871956525381e+02
4.684977421875000232e+02,-9.561323857478846833e+01
4.684980351562500118e+02,-9.489732413866911998e+01
4.684983281250000005e+02,-1.048760679535462259e+02
4.684986210937499891e+02,-9.371958651033038734e+01
4.684989140625000346e+02,-9.548191532781942215e+01
4.684992070312500232e+02,-9.613431518676904375e+01
4.684995000000000118e+02,-1.055444288033066300e+02
4.684997929687500005e+02,-1.005972123166205279e+02
4.685000859374999891e+02,-9.521894940885692904e+01
4.685003789062500346e+02,-9.442188734717706211e+01
4.685006718750000232e+02,-9.512646132790216313e+01
4.685009648437500118e+02,-1.003263100498860183e+02
4.685012578125000005e+02,-9.541717468194890728e+01
4.685015507812499891e+02,-1.015162401953338644e+02
4.685018437500000346e+02,-1.072889845443673664e+02
4.685021367187500232e+02,-1.114038442167410494e+02
4.685024296875000118e+02,-1.021237214915076663e+02
4.685027226562500005e+02,-9.590478318882004771e+01
4.685030156249999891e+02,-9.511175238394365294e+01
4.685033085937500346e+02,-9.887941205884187923e+01
4.685036015625000232e+02,-9.830081476003714158e+01
4.685038945312500118e+02,-1.011114658266779998e+02
4.685041875000000005e+02,-1.077874804831617723e+02
4.685044804687499891e+02,-1.023152900811299446e+02
4.685047734375000346e+02,-9.885644601371693341e+01
4.685050664062500232e+02,-9.415428981252013330e+01
4.685053593750000118e+02,-9.558229832611556276e+01
4.685056523437500005e+02,-9.842266574151038583e+01
4.685059453124999891e+02,-9.827804690313335811e+01
4.685062382812500346e+02,-9.893243160887776355e+01
4.685065312500000232e+02,-1.060332768781697723e+02
4.685068242187500118e+02,-9.541105750396910423e+01
4.685071171875000005e+02,-9.772814781273879703e+01
4.685074101562499891e+02,-9.995230246915390637e+01
4.685077031250000346e+02,-1.030126679162089545e+02
4.685079960937500232e+02,-9.698941441216574333e+01
4.685082890625000118e+02,-9.466668188740548828e+01
4.685085820312500005e+02,-9.429046110497958466e+01
4.685088749999999891e+02,-9.584809993676208251e+01
4.685091679687500346e+02,-9.008346686522038738e+01
4.685094609375000232e+02,-9.706506990102447219e+01
4.685097539062500118e+02,-1.067783406007899885e+02
4.685100468750000005e+02,-9.691981119208783468e+01
4.685103398437499891e+02,-1.050989160195752845e+02
4.685106328125000346e+02,-9.165200205666985767e+01
4.685109257812500232e+02,-9.112309533069893064e+01
4.685112187500000118e+02,-9.361572551178227286e+01
4.685115117187500005e+02,-9.506973119630451663e+01
4.685118046874999891e+02,-9.613714123619834595e+01
4.685120976562500346e+02,-9.496314937823250091e+01
4.685123906250000232e+02,-9.470572887722356370e+01
4.685126835937500118e+02,-9.855755135700790959e+01
4.685129765625000005e+02,-9.722250301392259075e+01
4.685132695312499891e+02,-9.691921034065275364e+01
4.685135625000000346e+02,-1.107611737515039607e+02
4.685138554687500232e+02,-9.843882621149306544e+01
4.685141484375000118e+02,-9.888921570641598180e+01
4.685144414062500005e+02,-9.429390423191210857e+01
4.685147343749999891e+02,-9.729300104721457387e+01
4.685150273437500346e+02,-9.553235875332426019e+01
4.685153203125000232e+02,-1.117472265756985621e+02
4.685156132812500118e+02,-9.985968812830878960e+01
4.685159062500000005e+02,-1.196006300998437837e+02
4.685161992187499891e+02,-1.046651206289614890e+02
4.685164921875000346e+02,-9.510397403076353839e+01
4.685167851562500232e+02,-1.036072416487765935e+02
4.685170781250000118e+02,-1.028346762580530651e+02
4.685173710937500005e+02,-9.695461460524211361e+01
4.685176640624999891e+02,-9.704371499961779080e+01
4.685179570312500346e+02,-9.276065372336239534e+01
4.685182500000000232e+02,-9.057871149702380364e+01
4.685185429687500118e+02,-9.106999401349884238e+01
4.685188359375000005e+02,-1.000744231835048339e+02
4.685191289062499891e+02,-1.004871389707315785e+02
4.685194218750000346e+02,-9.501295297487722280e+01
4.685197148437500232e+02,-9.627683579170280836e+01
4.685200078125000118e+02,-1.072834422729885517e+02
4.685203007812500005e+02,-1.070989876513669827e+02
4.685205937499999891e+02,-9.865965585331493060e+01
4.685208867187500346e+02,-9.473647187857160645e+01
4.685211796875000232e+02,-1.038493155528759218e+02
4.685214726562500118e+02,-9.245879937972922846e+01
4.685217656250000005e+02,-9.306300155940937202e+01
4.685220585937499891e+02,-1.007893551678746604e+02
4.685223515625000346e+02,-1.052870847675225718e+02
4.685226445312500232e+02,-9.898981779874858944e+01
4.685229375000000118e+02,-9.382401827592489951e+01
4.685232304687500005e+02,-8.732739539166925624e+01
4.685235234374999891e+02,-9.144752030043385105e+01
4.685238164062500346e+02,-9.724351466467247462e+01
4.685241093750000232e+02,-9.784270185447601875e+01
4.685244023437500118e+02,-9.712540385972168622e+01
4.685246953125000005e+02,-9.855461764259956681e+01
4.685249882812499891e+02,-9.381942390792117692e+01
4.685252812500000346e+02,-9.590977145202191423e+01
4.685255742187500232e+02,-1.022108793796111286e+02
4.685258671875000118e+02,-9.706214260262790106e+01
4.685261601562500005e+02,-9.556090253353183073e+01
4.685264531249999891e+02,-9.682227268931590913e+01
4.685267460937500346e+02,-9.940685825823925370e+01
4.685270390625000232e+02,-1.113291314442511037e+02
4.685273320312500118e+02,-1.016594192263876408e+02
4.685276250000000005e+02,-1.005581119627152162e+02
4.685279179687499891e+02,-9.658974378188359822e+01
4.685282109375000346e+02,-1.039063132186429357e+02
4.685285039062500232e+02,-1.026860463940092103e+02
4.685287968750000118e+02,-1.085859053562602838e+02
4.685290898437500005e+02,-1.028304948450004730e+02
4.685293828124999891e+02,-9.893462919627909002e+01
4.685296757812500346e+02,-9.758601184353872782e+01
4.685299687500000232e+02,-9.633147688337859904e+01
4.685302617187500118e+02,-9.280273644877460981e+01
4.685305546875000005e+02,-1.049158922833741769e+02
4.685308476562499891e+02,-1.003780793830125475e+02
4.685311406250000346e+02,-1.184391072030263388e+02
4.685314335937500232e+02,-9.912721833576684105e+01
4.685317265625000118e+02,-9.350253956084404194e+01
4.685320195312500005e+02,-9.563294918854090554e+01
4.685323124999999891e+02,-9.924061274583777958e+01
4.685326054687500346e+02,-9.529651259292288046e+01
4.685328984375000232e+02,-9.785379942914120477e+01
4.685331914062500118e+02,-9.406794332776790668e+01
4.685334843750000005e+02,-9.246544284775210087e+01
4.685337773437499891e+02,-9.269107682263829417e+01
4.685340703125000346e+02,-9.526560040087603909e+01
4.685343632812500232e+02,-1.149734908545738108e+02
4.685346562500000118e+02,-9.703463930517217761e+01
4.685349492187500005e+02,-1.089954253921733596e+02
4.685352421874999891e+02,-9.873180115770719567e+01
4.685355351562500346e+02,-9.636831006824590418e+01
4.685358281250000232e+02,-1.014913077756236390e+02
4.685361210937500118e+02,-9.790186180467252086e+01
4.685364140625000005e+02,-9.401115687892888673e+01
4.685367070312499891e+02,-1.024408927992791689e+02
4.685370000000000346e+02,-9.913397894405962063e+01
4.685372929687500232e+02,-9.632427604210492689e+01
4.685375859375000118e+02,-9.661243870988803906e+01
4.685378789062500005e+02,-1.007511340410830485e+02
4.685381718749999891e+02,-1.080936775776791308e+02
4.685384648437500346e+02,-9.450126481119227151e+01
4.685387578125000232e+02,-9.504253692057417879e+01
4.685390507812500118e+02,-9.456884673162730337e+01
4.685393437500000005e+02,-1.011131257452668137e+02
4.685396367187499891e+02,-1.047585932373263375e+02
4.685399296875000346e+02,-9.907975655847721441e+01
4.685402226562500232e+02,-9.267233821332011701e+01
4.685405156250000118e+02,-9.378510494820116605e+01
4.685408085937500005e+02,-9.561194437453440287e+01
4.685411015624999891e+02,-9.073509246768139747e+01
4.685413945312500346e+02,-9.106255998258811246e+01
4.685416875000000232e+02,-9.099634719575465169e+01
4.685419804687500118e+02,-9.478880515208204827e+01
4.685422734375000005e+02,-1.005741770042790506e+02
4.685425664062499891e+02,-9.766371207653361353e+01
4.685428593750000346e+02,-9.777111471624267836e+01
4.685431523437500232e+02,-9.870072473423319082e+01
4.685434453125000118e+02,-1.039764370272241791e+02
4.685437382812500005e+02,-1.082157542845858416e+02
4.685440312499999891e+02,-9.754582030193019193e+01
4.685443242187500346e+02,-9.650528584807908317e+01
4.685446171875000232e+02,-1.007128919578644570e+02
4.685449101562500118e+02,-9.647841710435230311e+01
4.685452031250000005e+02,-9.654965876097811872e+01
4.685454960937499891e+02,-9.600910825979759977e+01
4.685457890625000346e+02,-9.457685423638264410e+01
4.685460820312500232e+02,-9.564696925632519253e+01
4.685463750000000118e+02,-9.545300513162699474e+01
4.685466679687500005e+02,-9.541905097167227723e+01
4.685469609374999891e+02,-9.011500161712692147e+01
4.685472539062500346e+02,-9.003611873805942878e+01
4.685475468750000232e+02,-9.267964218457849768e+01
4.685478398437500118e+02,-1.020072600596729444e+02
4.685481328125000005e+02,-9.642122114546251055e+01
4.685484257812499891e+02,-9.837179223518312199e+01
4.685487187500000346e+02,-9.555022841051355442e+01
4.685490117187500232e+02,-9.959824091864962270e+01
4.685493046875000118e+02,-9.990518106967365952e+01
4.685495976562500005e+02,-9.885863082195413654e+01
4.685498906249999891e+02,-9.266645633156086603e+01
4.685501835937500346e+02,-9.035242651566650807e+01
4.685504765625000232e+02,-9.609441438783855460e+01
4.685507695312500118e+02,-9.712878452258070183e+01
4.685510625000000005e+02,-9.929007502109411121e+01
4.685513554687499891e+02,-9.657874337181999636e+01
4.685516484375000346e+02,-9.790824804742203469e+01
4.685519414062500232e+02,-1.019361884604616364e+02
4.685522343750000118e+02,-1.006290619329345475e+02
4.685525273437500005e+02,-9.831809937664252175e+01
4.685528203124999891e+02,-9.875545573893779761e+01
4.685531132812500346e+02,-9.670011003249237547e+01
4.685534062500000232e+02,-9.215667660934819594e+01
4.685536992187500118e+02,-9.311002272659766277e+01
4.685539921875000005e+02,-9.790968983572736306e+01
4.685542851562499891e+02,-9.378710264295391141e+01
4.685545781250000346e+02,-9.424548240062499360e+01
4.685548710937500232e+02,-1.006443353853932479e+02
4.685551640625000118e+02,-1.055515847286961844e+02
4.685554570312500005e+02,-9.905987294571875168e+01
4.685557499999999891e+02,-9.478511680701230091e+01
4.685560429687500346e+02,-1.006516041317900800e+02
4.685563359375000232e+02,-9.727911375243543546e+01
4.685566289062500118e+02,-9.627164247962234356e+01
4.685569218750000005e+02,-9.779351255118524477e+01
4.685572148437499891e+02,-9.422935057788522784e+01
4.685575078125000346e+02,-9.893313785477339195e+01
4.685578007812500232e+02,-9.737047535065511283e+01
4.685580937500000118e+02,-1.033679080159538444e+02
4.685583867187500005e+02,-1.035054873341992021e+02
4.685586796874999891e+02,-9.555629569896194653e+01
4.685589726562500346e+02,-1.036257888625234216e+02
4.685592656250000232e+02,-1.019593485465158409e+02
4.685595585937500118e+02,-9.696332906436124688e+01
4.685598515625000005e+02,-1.001929381942407815e+02
4.685601445312499891e+02,-9.612052660624414102e+01
4.685604375000000346e+02,-1.046366727694739893e+02
4.685607304687500232e+02,-1.118784033132231457e+02
4.685610234375000118e+02,-1.111292695809271152e+02
4.685613164062500005e+02,-1.019315535095597625e+02
4.685616093749999891e+02,-9.626418835473911884e+01
4.685619023437500346e+02,-1.141171988361851959e+02
4.685621953125000232e+02,-9.810664793231971714e+01
4.685624882812500118e+02,-9.492745883698592024e+01
4.685627812500000005e+02,-9.114803523857800371e+01
4.685630742187499891e+02,-9.733327126055218059e+01
4.685633671875000346e+02,-9.608976377073696540e+01
4.685636601562500232e+02,-1.080996230563032441e+02
4.685639531250000118e+02,-9.874067107569712221e+01
4.685642460937500005e+02,-9.526386239939165534e+01
4.685645390624999891e+02,-9.741660695759333066e+01
4.685648320312500346e+02,-9.860912420380481080e+01
4.685651250000000232e+02,-1.049940949373937968e+02
4.685654179687500118e+02,-9.743911681380808432e+01
4.685657109375000005e+02,-9.105715029128988647e+01
4.685660039062499891e+02,-8.979710152323866623e+01
4.685662968750000346e+02,-9.356843512402734575e+01
4.685665898437500232e+02,-9.482916290523830583e+01
4.685668828125000118e+02,-9.812045801230974007e+01
4.685671757812500005e+02,-1.179551723354697401e+02
4.685674687499999891e+02,-9.656384517779025600e+01
4.685677617187500346e+02,-9.491288374184404120e+01
4.685680546875000232e+02,-9.356123579565672799e+01
4.685683476562500118e+02,-1.001266938878633681e+02
4.685686406250000005e+02,-9.804824442283590713e+01
4.685689335937499891e+02,-1.013429857934467009e+02
4.685692265625000346e+02,-1.020078722091372754e+02
4.685695195312500232e+02,-9.311255429203855272e+01
4.685698125000000118e+02,-9.810798265291697362e+01
4.685701054687500005e+02,-1.008689440710606675e+02
4.685703984374999891e+02,-1.012433652591006137e+02
4.685706914062500346e+02,-9.780351417146459880e+01
4.685709843750000232e+02,-1.027907979418017987e+02
4.685712773437500118e+02,-1.098444683028101849e+02
4.685715703125000005e+02,-9.968093928631344625e+01
4.685718632812499891e+02,-9.452696246854534934e+01
4.685721562500000346e+02,-9.300292815079347974e+01
4.685724492187500232e+02,-1.045489958724177768e+02
4.685727421875000118e+02,-1.079512375306124596e+02
4.685730351562500005e+02,-9.975817567339706216e+01
4.685733281249999891e+02,-1.015613590463748892e+02
4.685736210937500346e+02,-1.048918908912209531e+02
4.685739140625000232e+02,-9.810773910669334441e+01
4.685742070312500118e+02,-1.010819919461268910e+02
4.685745000000000005e+02,-9.368532549390511122e+01
4.685747929687499891e+02,-1.100580769567802690e+02
4.685750859375000346e+02,-1.059253146719839691e+02
4.685753789062500232e+02,-1.175121750519666648e+02
4.685756718750000118e+02,-9.755234343230462457e+01
4.685759648437500005e+02,-9.989629123223537022e+01
4.685762578124999891e+02,-9.843094688132738668e+01
4.685765507812500346e+02,-9.733791249225544107e+01
4.685768437500000232e+02,-9.692787751014603259e+01
4.685771367187500118e+02,-9.879116125007980997e+01
4.685774296875000005e+02,-9.356152103039869417e+01
4.685777226562499891e+02,-9.502871871328599696e+01
4.685780156250000346e+02,-9.524461567284356533e+01
4.685783085937500232e+02,-1.020752563710753691e+02
4.685786015625000118e+02,-1.077902421723362636e+02
4.685788945312500005e+02,-1.049175600690283261e+02
4.685791874999999891e+02,-1.027760078623925466e+02
4.685794804687500346e+02,-9.615346038500916848e+01
4.685797734375000232e+02,-9.866891715569784083e+01
4.685800664062500118e+02,-9.984686111668354158e+01
4.685803593750000005e+02,-1.016579682997922021e+02
4.685806523437499891e+02,-9.860901977445946898e+01
4.685809453125000346e+02,-9.515065778986878797e+01
4.685812382812500232e+02,-9.542476956699830737e+01
4.685815312500000118e+02,-9.580573322418840121e+01
4.685818242187500005e+02,-9.966867664393824100e+01
4.685821171874999891e+02,-9.842433319215756171e+01
4.685824101562500346e+02,-9.808693382372459268e+01
4.685827031250000232e+02,-9.295757324161243673e+01
4.685829960937500118e+02,-9.346602836037982343e+01
4.685832890625000005e+02,-9.021255996622267048e+01
4.685835820312499891e+02,-9.205423966166824812e+01
4.685838750000000346e+02,-9.578139959691618799e+01
4.685841679687500232e+02,-9.555868847358537721e+01
4.685844609375000118e+02,-1.049478262489993767e+02
4.685847539062500005e+02,-9.754735082826955761e+01
4.685850468749999891e+02,-9.737695539995839056e+01
4.685853398437500346e+02,-9.876760312319019874e+01
4.685856328125000232e+02,-9.858977386816989963e+01
4.685859257812500118e+02,-9.730247371503767795e+01
4.685862187500000005e+02,-9.623383343392987399e+01
4.685865117187499891e+02,-9.401426387641114957e+01
4.685868046875000346e+02,-9.580989045091529022e+01
4.685870976562500232e+02,-9.314865706439094595e+01
4.685873906250000118e+02,-9.225097011778096601e+01
4.685876835937500005e+02,-9.463427075230842433e+01
4.685879765624999891e+02,-9.845590495526680286e+01
4.685882695312500346e+02,-9.423033267108372968e+01
4.685885625000000232e+02,-9.465707441626310015e+01
4.685888554687500118e+02,-9.458835910353819543e+01
4.685891484375000005e+02,-9.454687512763746327e+01
4.685894414062499891e+02,-9.479100348175560953e+01
4.685897343750000346e+02,-9.342292065428496528e+01
4.685900273437500232e+02,-1.070388407837637317e+02
4.685903203125000118e+02,-1.000089512796058813e+02
4.685906132812500005e+02,-9.671331667969356261e+01
4.685909062499999891e+02,-1.005676988080597027e+02
4.685911992187500346e+02,-1.022352596813997252e+02
4.685914921875000232e+02,-1.043678462667893996e+02
4.685917851562500118e+02,-1.020183205888090185e+02
4.685920781250000005e+02,-9.333679736042117270e+01
4.685923710937499891e+02,-9.281987232219746886e+01
4.685926640625000346e+02,-9.757316470239230455e+01
4.685929570312500232e+02,-1.148716126773083914e+02
4.685932500000000118e+02,-1.051588351442216549e+02
4.685935429687500005e+02,-1.068879769798340362e+02
4.685938359374999891e+02,-1.036630432574423111e+02
4.685941289062500346e+02,-9.918864885269246656e+01
4.685944218750000232e+02,-9.509681180379567422e+01
4.685947148437500118e+02,-9.382120438279523000e+01
4.685950078125000005e+02,-9.455553218937703264e+01
4.685953007812499891e+02,-9.480333515245150977e+01
4.685955937500000346e+02,-1.055129058962990740e+02
4.685958867187500232e+02,-1.010049081852493345e+02
4.685961796875000118e+02,-9.772734146482787310e+01
4.685964726562500005e+02,-9.370993889334626203e+01
4.685967656249999891e+02,-9.306652344681197064e+01
4.685970585937500346e+02,-9.123188259460333427e+01
4.685973515625000232e+02,-9.148577833813777715e+01
4.685976445312500118e+02,-9.919351823520209166e+01
4.685979375000000005e+02,-1.087713075752982519e+02
4.685982304687499891e+02,-1.009245565600161854e+02
4.685985234375000346e+02,-9.351426593159742140e+01
4.685988164062500232e+02,-9.313356344440683188e+01
4.685991093750000118e+02,-1.064264459335413306e+02
4.685994023437500005e+02,-9.968970307184798685e+01
4.685996953124999891e+02,-1.018701516163804968e+02
4.685999882812500346e+02,-9.907844080720317947e+01
4.686002812500000232e+02,-1.028082668552956704e+02
4.686005742187500118e+02,-1.093070475303030378e+02
4.686008671875000005e+02,-1.005531037226443800e+02
4.686011601562499891e+02,-9.623459984665507250e+01
4.686014531250000346e+02,-9.455234352954576593e+01
4.686017460937500232e+02,-9.935581576791437897e+01
4.686020390625000118e+02,-1.066203491097161447e+02
4.686023320312500005e+02,-1.027385599866364174e+02
4.686026249999999891e+02,-9.514992756947073360e+01
4.686029179687500346e+02,-1.077662764217366203e+02
4.686032109375000232e+02,-9.214296904782082720e+01
4.686035039062500118e+02,-9.323725032494472487e+01
4.686037968750000005e+02,-1.051711625514221140e+02
4.686040898437499891e+02,-1.009408869560933084e+02
4.686043828125000346e+02,-1.039173672681448295e+02
4.686046757812500232e+02,-1.062163104231198787e+02
4.686049687500000118e+02,-9.656605328981449077e+01
4.686052617187500005e+02,-9.861055227724691008e+01
4.686055546874999891e+02,-1.021169484548606619e+02
4.686058476562500346e+02,-9.713238271228347287e+01
4.686061406250000232e+02,-1.083330995392378640e+02
4.686064335937500118e+02,-1.168901729797862004e+02
4.686067265625000005e+02,-1.017132782552013026e+02
4.686070195312499891e+02,-9.468725222532511054e+01
4.686073125000000346e+02,-9.868611344411002051e+01
4.686076054687500232e+02,-1.075168469744966444e+02
4.686078984375000118e+02,-1.236929875826317584e+02
4.686081914062500005e+02,-1.082279215876547340e+02
4.686084843749999891e+02,-9.982506609307478129e+01
4.686087773437500346e+02,-9.403478057680082713e+01
4.686090703125000232e+02,-1.080629353301959696e+02
4.686093632812500118e+02,-9.464418391045634849e+01
4.686096562500000005e+02,-1.057044119568064531e+02
4.686099492187499891e+02,-1.155379881682777778e+02
4.686102421875000346e+02,-1.099762435188245604e+02
4.686105351562500232e+02,-1.187101697628103523e+02
4.686108281250000118e+02,-1.016285508770584443e+02
4.686111210937500005e+02,-9.559062129075591940e+01
4.686114140624999891e+02,-9.706211420729579231e+01
4.686117070312500346e+02,-1.052804417678652982e+02
4.686120000000000232e+02,-9.998905218329959155e+01
4.686122929687500118e+02,-9.585253902534338977e+01
4.686125859375000005e+02,-9.915373132658194777e+01
4.686128789062499891e+02,-9.673259221031395327e+01
4.686131718750000346e+02,-9.642458029529434782e+01
4.686134648437500232e+02,-1.107146990921991119e+02
4.686137578125000118e+02,-1.063762101836350666e+02
4.686140507812500005e+02,-1.032148135500472677e+02
4.686143437499999891e+02,-1.095804261987297110e+02
4.686146367187500346e+02,-1.055944950105685933e+02
4.686149296875000232e+02,-1.098959240353357814e+02
4.686152226562500118e+02,-1.061158872406984415e+02
4.686155156250000005e+02,-1.069475416535870096e+02
4.686158085937499891e+02,-1.075197396881764433e+02
4.686161015625000346e+02,-1.042708897055014319e+02
4.686163945312500232e+02,-1.131766691191575376e+02
4.686166875000000118e+02,-9.709130052149994583e+01
4.686169804687500005e+02,-9.915440842622763284e+01
4.686172734374999891e+02,-1.009947059612982798e+02
4.686175664062500346e+02,-1.047006868674930757e+02
4.686178593750000232e+02,-1.041961858890130941e+02
4.686181523437500118e+02,-1.041026056813140457e+02
4.686184453125000005e+02,-1.002545372748679000e+02
4.686187382812499891e+02,-1.021482516543183010e+02
4.686190312500000346e+02,-9.765077487441132575e+01
4.686193242187500232e+02,-9.256113725046027696e+01
4.686196171875000118e+02,-9.561035367685522601e+01
4.686199101562500005e+02,-1.216932917768124014e+02
4.686202031249999891e+02,-9.740110710929818083e+01
4.686204960937500346e+02,-1.043379944885333686e+02
4.686207890625000232e+02,-9.770982133114773660e+01
4.686210820312500118e+02,-1.037935652127422941e+02
4.686213750000000005e+02,-1.115570651643382121e+02
4.686216679687499891e+02,-1.018042039982722713e+02
4.686219609375000346e+02,-9.891116748708171258e+01
4.686222539062500232e+02,-1.015084504038878208e+02
4.686225468750000118e+02,-9.456065001436890327e+01
4.686228398437500005e+02,-9.390384660559540464e+01
4.686231328124999891e+02,-9.489633543541928873e+01
4.686234257812500346e+02,-9.459216716036394246e+01
4.686237187500000232e+02,-9.672240668779474504e+01
4.686240117187500118e+02,-1.052691045368177214e+02
4.686243046875000005e+02,-1.028834412810302865e+02
4.686245976562499891e+02,-1.109614458910650825e+02
4.686248906250000346e+02,-1.201204342304191783e+02
4.686251835937500232e+02,-1.105921343621893413e+02
4.686254765625000118e+02,-9.785185512003785391e+01
4.686257695312500005e+02,-9.526991971732117293e+01
4.686260624999999891e+02,-1.024614701355032196e+02
4.686263554687500346e+02,-1.243708432624724196e+02
4.686266484375000232e+02,-1.077654123003051723e+02
4.686269414062500118e+02,-1.006371945761659674e+02
4.686272343750000005e+02,-9.733669359127014786e+01
4.686275273437499891e+02,-9.662460571280625743e+01
4.686278203125000346e+02,-9.591413883653429195e+01
4.686281132812500232e+02,-9.727627340145637902e+01
4.686284062500000118e+02,-9.479790769894378855e+01
4.686286992187500005e+02,-1.073986126989091048e+02
4.686289921874999891e+02,-1.014241306860447196e+02
4.686292851562500346e+02,-1.138543480850311198e+02
4.686295781250000232e+02,-1.054104078684863737e+02
4.686298710937500118e+02,-1.176155659066610042e+02
4.686301640625000005e+02,-1.013606928464832890e+02
4.686304570312499891e+02,-9.875446291286719713e+01
4.686307500000000346e+02,-1.032516525315102740e+02
4.686310429687500232e+02,-1.002990540776723662e+02
4.686313359375000118e+02,-9.632172844670870404e+01
4.686316289062500005e+02,-9.722968291722102663e+01
4.686319218749999891e+02,-9.488272644032862502e+01
4.686322148437500346e+02,-1.006986376934979290e+02
4.686325078125000232e+02,-9.999270783722411693e+01
4.686328007812500118e+02,-1.033513762300053571e+02
4.686330937500000005e+02,-9.896497531018077609e+01
4.686333867187499891e+02,-9.928266459367918628e+01
4.686336796875000346e+02,-9.896769596036133976e+01
4.686339726562500232e+02,-9.458289482351398192e+01
4.686342656250000118e+02,-1.047731481733748495e+02
4.686345585937500005e+02,-9.761901376630611082e+01
4.686348515624999891e+02,-9.867534383496928285e+01
4.686351445312500346e+02,-1.005743508634677710e+02
4.686354375000000232e+02,-1.055805888977444198e+02
4.686357304687500118e+02,-9.670509719491863621e+01
4.686360234375000005e+02,-1.006526231757256369e+02
4.686363164062499891e+02,-1.032433505871503883e+02
4.686366093750000346e+02,-9.883999581977454341e+01
4.686369023437500232e+02,-9.687193965482315150e+01
4.686371953125000118e+02,-9.926244925078529491e+01
4.686374882812500005e+02,-9.986008062624064507e+01
4.686377812499999891e+02,-9.403385169863096849e+01
4.686380742187500346e+02,-9.297921368374980489e+01
4.686383671875000232e+02,-9.988722018360621746e+01
4.686386601562500118e+02,-1.067513659200421898e+02
4.686389531250000005e+02,-1.007627993473999339e+02
4.686392460937499891e+02,-1.030378117243342899e+02
4.686395390625000346e+02,-9.509445221299077389e+01
4.686398320312500232e+02,-9.606754800863211585e+01
4.686401250000000118e+02,-1.027000750237521629e+02
4.686404179687500005e+02,-1.018940408633831964e+02
4.686407109374999891e+02,-9.849034238352088266e+01
4.686410039062500346e+02,-1.026918795970278211e+02
4.686412968750000232e+02,-9.338019435253323763e+01
4.686415898437500118e+02,-9.356026074158708639e+01
4.686418828125000005e+02,-1.008214016417139192e+02
4.686421757812499891e+02,-9.491435265649344899e+01
4.686424687500000346e+02,-1.014382901982700247e+02
4.686427617187500232e+02,-1.064617917622150856e+02
4.686430546875000118e+02,-9.719972800136022784e+01
4.686433476562500005e+02,-9.827956465296600186e+01
4.686436406249999891e+02,-9.634715045555222446e+01
4.686439335937500346e+02,-9.757032040404894246e+01
4.686442265625000232e+02,-9.532014559202028181e+01
4.686445195312500118e+02,-9.713290875388148038e+01
4.686448125000000005e+02,-1.125108853399297857e+02
4.686451054687499891e+02,-9.839360909399977118e+01
4.686453984375000346e+02,-9.597807498177647290e+01
4.686456914062500232e+02,-9.486340182797189868e+01
4.686459843750000118e+02,-1.136857201064440517e+02
4.686462773437500005e+02,-1.026707100103760126e+02
4.686465703124999891e+02,-9.908502478084889731e+01
4.686468632812500346e+02,-1.110716023062599476e+02
4.686471562500000232e+02,-9.523545269280673153e+01
4.686474492187500118e+02,-1.004589571587894170e+02
4.686477421875000005e+02,-1.050203165981349400e+02
4.686480351562499891e+02,-9.862194187921872413e+01
4.686483281250000346e+02,-1.043880632523979841e+02
4.686486210937500232e+02,-1.000753842958828272e+02
4.686489140625000118e+02,-9.636764261475404680e+01
4.686492070312500005e+02,-1.022988040739021187e+02
4.686494999999999891e+02,-9.899394020611289591e+01
4.686497929687500346e+02,-9.967852209162585098e+01
4.686500859375000232e+02,-9.798963446080443873e+01
4.686503789062500118e+02,-9.574483460771809007e+01
4.686506718750000005e+02,-1.084474427530216474e+02
4.686509648437499891e+02,-9.710858232892408637e+01
4.686512578125000346e+02,-9.509431561220787898e+01
4.686515507812500232e+02,-9.766017792077823856e+01
4.686518437500000118e+02,-1.039719666514178584e+02
4.686521367187500005e+02,-1.023189024105388114e+02
4.686524296874999891e+02,-9.847738815912394728e+01
4.686527226562500346e+02,-1.018424679609554175e+02
4.686530156250000232e+02,-1.009858914039619719e+02
4.686533085937500118e+02,-1.013248530249815502e+02
4.686536015625000005e+02,-1.184909597037028561e+02
4.686538945312499891e+02,-1.031186296572093255e+02
4.686541875000000346e+02,-1.047604652919402355e+02
4.686544804687500232e+02,-1.076622522317248212e+02
4.686547734375000118e+02,-1.020377113237309743e+02
4.686550664062500005e+02,-9.608628964599486721e+01
4.686553593749999891e+02,-9.300765270339474000e+01
4.686556523437500346e+02,-9.519458511329918338e+01
4.686559453125000232e+02,-1.079351586167693995e+02
4.686562382812500118e+02,-1.022410938014707256e+02
4.686565312500000005e+02,-1.024408602214099346e+02
4.686568242187499891e+02,-1.005788403273522817e+02
4.686571171875000346e+02,-1.028553548538649522e+02
4.686574101562500232e+02,-1.024907185609014846e+02
4.686577031250000118e+02,-9.434014246300208129e+01
4.686579960937500005e+02,-1.022667355598299253e+02
4.686582890624999891e+02,-1.031426876806282280e+02
4.686585820312500346e+02,-1.023312361197580032e+02
4.686588750000000232e+02,-1.091022612686090696e+02
4.686591679687500118e+02,-1.148793864468624975e+02
4.686594609375000005e+02,-1.073066566321075186e+02
4.686597539062499891e+02,-1.033893388116682104e+02
4.686600468750000346e+02,-9.907130098834564080e+01
4.686603398437500232e+02,-1.039100458946302581e+02
4.686606328125000118e+02,-1.029580122074202819e+02
4.686609257812500005e+02,-9.913931358353501366e+01
4.686612187499999891e+02,-1.010375959234863217e+02
4.686615117187500346e+02,-9.993991116847907108e+01
4.686618046875000232e+02,-1.171035550439827944e+02
4.686620976562500118e+02,-1.030764833525915094e+02
4.686623906250000005e+02,-1.023381403201975388e+02
4.686626835937499891e+02,-1.061822367913680694e+02
4.686629765625000346e+02,-1.055547553384204065e+02
4.686632695312500232e+02,-1.011798319338305134e+02
4.686635625000000118e+02,-1.032162967446384414e+02
4.686638554687500005e+02,-1.034191788913126118e+02
4.686641484374999891e+02,-9.877243372719246395e+01
4.686644414062500346e+02,-9.856492830262442340e+01
4.686647343750000232e+02,-9.599345332058325653e+01
4.686650273437500118e+02,-1.057170869333737073e+02
4.686653203125000005e+02,-9.085741964555606387e+01
4.686656132812499891e+02,-8.839816861032217332e+01
4.686659062500000346e+02,-1.050641216051093210e+02
4.686661992187500232e+02,-9.680349711171258775e+01
4.686664921875000118e+02,-9.523802145946022790e+01
4.686667851562500005e+02,-9.876083579137520019e+01
4.686670781249999891e+02,-9.442473489879537851e+01
4.686673710937500346e+02,-1.023831830489278758e+02
4.686676640625000232e+02,-1.067822507444411144e+02
4.686679570312500118e+02,-9.900762712892696982e+01
4.686682500000000005e+02,-9.564866100289864903e+01
4.686685429687499891e+02,-9.935059871528315512e+01
4.686688359375000346e+02,-9.565126160146780876e+01
4.686691289062500232e+02,-9.936328593545849230e+01
4.686694218750000118e+02,-9.867029258947552250e+01
4.686697148437500005e+02,-1.010601179029996644e+02
4.686700078124999891e+02,-1.000735487496901897e+02
4.686703007812500346e+02,-9.247884560572023815e+01
4.686705937500000232e+02,-9.347385122885944497e+01
4.686708867187500118e+02,-9.989698994963566747e+01
4.686711796875000005e+02,-9.945331760832530676e+01
4.686714726562499891e+02,-9.695948855853583837e+01
4.686717656250000346e+02,-9.791869823102894088e+01
4.686720585937500232e+02,-9.889435493834979241e+01
4.686723515625000118e+02,-9.857769371424892313e+01
4.686726445312500005e+02,-1.098669910868876940e+02
4.686729374999999891e+02,-1.044083126451086230e+02
4.686732304687500346e+02,-9.994632864755539003e+01
4.686735234375000232e+02,-1.125133846507958282e+02
4.686738164062500118e+02,-1.007421065784191825e+02
4.686741093750000005e+02,-1.073710725229868643e+02
4.686744023437499891e+02,-1.074099485149016289e+02
4.686746953125000346e+02,-1.049318112794780546e+02
4.686749882812500232e+02,-9.875584108522700433e+01
4.686752812500000118e+02,-1.036555602823000299e+02
4.686755742187500005e+02,-9.898698541412828433e+01
4.686758671874999891e+02,-1.021087203527128224e+02
4.686761601562500346e+02,-9.530901660086675520e+01
4.686764531250000232e+02,-9.254260644215005982e+01
4.686767460937500118e+02,-9.334986168587413147e+01
4.686770390625000005e+02,-1.000311592016720397e+02
4.686773320312499891e+02,-9.890879974173194000e+01
4.686776250000000346e+02,-1.035830156075070079e+02
4.686779179687500232e+02,-1.126982147013146687e+02
4.686782109375000118e+02,-1.034865143873806232e+02
4.686785039062500005e+02,-9.424919055795274403e+01
4.686787968749999891e+02,-1.022663927040567273e+02
4.686790898437500346e+02,-1.097018150070387605e+02
4.686793828125000232e+02,-1.032187952139378098e+02
4.686796757812500118e+02,-1.031854420118357893e+02
4.686799687500000005e+02,-1.130866951251609294e+02
4.686802617187499891e+02,-9.914008805111785705e+01
4.686805546875000346e+02,-9.524390966690974381e+01
4.686808476562500232e+02,-9.534262125267204624e+01
4.686811406250000118e+02,-1.005362805143813034e+02
4.686814335937500005e+02,-1.027381167472027244e+02
4.686817265624999891e+02,-1.036793671104199035e+02
4.686820195312500346e+02,-1.125549742089829692e+02
4.686823125000000232e+02,-9.807821928953175927e+01
4.686826054687500118e+02,-9.516731081703520090e+01
4.686828984375000005e+02,-9.691101106161963230e+01
4.686831914062499891e+02,-9.702054737891148761e+01
4.686834843750000346e+02,-9.949576001532517466e+01
4.686837773437500232e+02,-1.087023262230726459e+02
4.686840703125000118e+02,-9.766349835412884772e+01
4.686843632812500005e+02,-9.365742808159806998e+01
4.686846562499999891e+02,-9.884913704506780618e+01
4.686849492187500346e+02,-9.753664841161567267e+01
4.686852421875000232e+02,-1.021872551959070421e+02
4.686855351562500118e+02,-9.687522474937702555e+01
4.686858281250000005e+02,-9.726386987416117336e+01
4.686861210937499891e+02,-1.009904067534368011e+02
4.686864140625000346e+02,-1.064408727641060750e+02
4.686867070312500232e+02,-1.046510989922946067e+02
4.686870000000000118e+02,-1.060044048914921575e+02
4.686872929687500005e+02,-1.049786513136027253e+02
4.686875859374999891e+02,-9.617779148384256871e+01
4.686878789062500346e+02,-9.567326925851800468e+01
4.686881718750000232e+02,-1.092663341376547521e+02
4.686884648437500118e+02,-9.548129787896003506e+01
4.686887578125000005e+02,-9.470792304212436363e+01
4.686890507812499891e+02,-9.955480815319360488e+01
4.686893437500000346e+02,-1.155078408226911222e+02
4.686896367187500232e+02,-9.508631673852119093e+01
4.686899296875000118e+02,-1.018727106165404166e+02
4.686902226562500005e+02,-9.855003676548606961e+01
4.686905156249999891e+02,-9.848566874868217269e+01
4.686908085937500346e+02,-1.002543099413967695e+02
4.686911015625000232e+02,-9.581330398830175454e+01
4.686913945312500118e+02,-9.423281487374998733e+01
4.686916875000000005e+02,-1.003481121917067469e+02
4.686919804687499891e+02,-1.020937187739725118e+02
4.686922734375000346e+02,-1.012948170768534624e+02
4.686925664062500232e+02,-9.883798054812922373e+01
4.686928593750000118e+02,-9.955628886596257132e+01
4.686931523437500005e+02,-9.871501409797907911e+01
4.686934453124999891e+02,-1.060414493920085874e+02
4.686937382812500346e+02,-1.014774449454504293e+02
4.686940312500000232e+02,-9.996542468774322288e+01
4.686943242187500118e+02,-9.891047321595297603e+01
4.686946171875000005e+02,-1.138082064240270768e+02
4.686949101562499891e+02,-9.628299977575663604e+01
4.686952031250000346e+02,-1.005776277055144732e+02
4.686954960937500232e+02,-1.150285528261129144e+02
4.686957890625000118e+02,-1.041199945107749159e+02
4.686960820312500005e+02,-1.179043100979022825e+02
4.686963749999999891e+02,-9.644955761844380504e+01
4.686966679687500346e+02,-9.309061872603068366e+01
4.686969609375000232e+02,-9.580347616951786449e+01
4.686972539062500118e+02,-9.848915141486223490e+01
4.686975468750000005e+02,-1.025054775389664741e+02
4.686978398437499891e+02,-9.513719203951819736e+01
4.686981328125000346e+02,-9.488059019238707492e+01
4.686984257812500232e+02,-9.385403412513065291e+01
4.686987187500000118e+02,-9.563920011642311181e+01
4.686990117187500005e+02,-1.044782906262507538e+02
4.686993046874999891e+02,-9.690045332245853160e+01
4.686995976562500346e+02,-9.937937547372808922e+01
4.686998906250000232e+02,-9.569103299482071634e+01
4.687001835937500118e+02,-8.995370620027428288e+01
4.687004765625000005e+02,-9.383989941821084813e+01
4.687007695312499891e+02,-9.843303216772517317e+01
4.687010625000000346e+02,-1.004486175080819663e+02
4.687013554687500232e+02,-1.068905483293700343e+02
4.687016484375000118e+02,-1.034288123365675602e+02
4.687019414062500005e+02,-1.048041219786010601e+02
4.687022343749999891e+02,-1.050894426404059487e+02
4.687025273437500346e+02,-1.058215154267543880e+02
4.687028203125000232e+02,-1.048338069436147748e+02
4.687031132812500118e+02,-9.982945280931471643e+01
4.687034062500000005e+02,-1.067001462698706717e+02
4.687036992187499891e+02,-9.434855671150489798e+01
4.687039921875000346e+02,-9.581219280631924562e+01
4.687042851562500232e+02,-9.714775086867453524e+01
4.687045781250000118e+02,-1.085094715865588739e+02
4.687048710937500005e+02,-1.063143620966406786e+02
4.687051640624999891e+02,-9.580022598594393912e+01
4.687054570312500346e+02,-9.600097251338567617e+01
4.687057500000000232e+02,-1.001002160037110258e+02
4.687060429687500118e+02,-1.015203029410850490e+02
4.687063359375000005e+02,-9.580171634757286370e+01
4.687066289062499891e+02,-1.078590032301894439e+02
4.687069218750000346e+02,-1.057422693181792113e+02
4.687072148437500232e+02,-9.697693384214178991e+01
4.687075078125000118e+02,-9.847745092808045797e+01
4.687078007812500005e+02,-9.518864411755993160e+01
4.687080937499999891e+02,-9.904676223602047003e+01
4.687083867187500346e+02,-1.060990181867353783e+02
4.687086796875000232e+02,-1.040436918023561219e+02
4.687089726562500118e+02,-1.059791436724793243e+02
4.687092656250000005e+02,-9.659813713394426316e+01
4.687095585937499891e+02,-9.975341396878049238e+01
4.687098515625000346e+02,-9.876788405731646492e+01
4.687101445312500232e+02,-1.024353075117602145e+02
4.687104375000000118e+02,-1.038106834778509011e+02
4.687107304687500005e+02,-1.048444796911539356e+02
4.687110234374999891e+02,-1.015594475602417646e+02
4.687113164062500346e+02,-9.749808306217673248e+01
4.687116093750000232e+02,-9.288300801868187762e+01
4.687119023437500118e+02,-9.334914611549912422e+01
4.687121953125000005e+02,-9.439363149283386178e+01
4.687124882812499891e+02,-9.640852090854176026e+01
4.687127812500000346e+02,-1.074234942371120667e+02
4.687130742187500232e+02,-1.005061760855706439e+02
4.687133671875000118e+02,-9.527680185717905204e+01
4.687136601562500005e+02,-1.016533663418737063e+02
4.687139531249999891e+02,-1.047571137959685643e+02
4.687142460937500346e+02,-1.170307302952753048e+02
4.687145390625000232e+02,-1.116875597174805534e+02
4.687148320312500118e+02,-1.075967592611269197e+02
4.687151250000000005e+02,-9.796637056264611942e+01
4.687154179687499891e+02,-9.348014332364823531e+01
4.687157109375000346e+02,-9.599648395252560817e+01
4.687160039062500232e+02,-1.005661243688263937e+02
4.687162968750000118e+02,-9.901910318055885796e+01
4.687165898437500005e+02,-9.942450540254455404e+01
4.687168828124999891e+02,-9.964791171952285254e+01
4.687171757812500346e+02,-9.797291968044966382e+01
4.687174687500000232e+02,-9.967328666719879493e+01
4.687177617187500118e+02,-1.101229755705572586e+02
4.687180546875000005e+02,-1.026624485331183223e+02
4.687183476562499891e+02,-1.059194845273049879e+02
4.687186406250000346e+02,-9.837731453465386267e+01
4.687189335937500232e+02,-9.609546641764055153e+01
4.687192265625000118e+02,-1.021641582132901931e+02
4.687195195312500005e+02,-1.025457257389916776e+02
4.687198124999999891e+02,-1.075540106257813306e+02
4.687201054687500346e+02,-1.013586381739626461e+02
4.687203984375000232e+02,-1.038978075773490559e+02
4.687206914062500118e+02,-9.784519834725364262e+01
4.687209843750000005e+02,-9.705797564555994938e+01
4.687212773437499891e+02,-9.980846628209441462e+01
4.687215703125000346e+02,-1.056576294312816913e+02
4.687218632812500232e+02,-9.926505624088395052e+01
4.687221562500000118e+02,-1.038821341668379858e+02
4.687224492187500005e+02,-9.894762860788482328e+01
4.687227421874999891e+02,-9.740138076918157140e+01
4.687230351562500346e+02,-9.848886201008262731e+01
4.687233281250000232e+02,-9.848552311080831601e+01
4.687236210937500118e+02,-1.052432493902502841e+02
4.687239140625000005e+02,-1.152913884392020663e+02
4.687242070312499891e+02,-1.097846369896794982e+02
4.687245000000000346e+02,-1.017662837001172562e+02
4.687247929687500232e+02,-1.089847337662709492e+02
4.687250859375000118e+02,-1.116227287448071763e+02
4.687253789062500005e+02,-1.047809642660572393e+02
4.687256718749999891e+02,-1.002460544739791715e+02
4.687259648437500346e+02,-1.051134318386050666e+02
4.687262578125000232e+02,-1.051096444150863078e+02
4.687265507812500118e+02,-1.036226030176691779e+02
4.687268437500000005e+02,-1.010132685858668253e+02
4.687271367187499891e+02,-9.890163418680116081e+01
4.687274296875000346e+02,-9.567536512862355380e+01
4.687277226562500232e+02,-9.439656707973125549e+01
4.687280156250000118e+02,-1.012520656414791915e+02
4.687283085937500005e+02,-9.845877213005451267e+01
4.687286015624999891e+02,-1.008941962702903226e+02
4.687288945312500346e+02,-9.758126900509219581e+01
4.687291875000000232e+02,-9.570466901496357082e+01
4.687294804687500118e+02,-9.669812864494581106e+01
4.687297734375000005e+02,-1.061458735357043111e+02
4.687300664062499891e+02,-1.096958284971580611e+02
4.687303593750000346e+02,-1.037947264071346751e+02
4.687306523437500232e+02,-1.015392518165711806e+02
4.687309453125000118e+02,-1.098240957679700784e+02
4.687312382812500005e+02,-1.011879612512688453e+02
4.687315312499999891e+02,-9.991355563130142059e+01
4.687318242187500346e+02,-1.057329258581130489e+02
4.687321171875000232e+02,-1.131352609829855282e+02
4.687324101562500118e+02,-1.141294603577595836e+02
4.687327031250000005e+02,-9.941526166048996060e+01
4.687329960937499891e+02,-9.582976973178581659e+01
4.687332890625000346e+02,-9.709220780418846175e+01
4.687335820312500232e+02,-1.015195280542831426e+02
4.687338750000000118e+02,-9.955808466277008506e+01
4.687341679687500005e+02,-9.792148298179087362e+01
4.687344609374999891e+02,-1.091333707442351226e+02
4.687347539062500346e+02,-1.017837420809678974e+02
4.687350468750000232e+02,-1.042372323736801434e+02
4.687353398437500118e+02,-9.725500049722106155e+01
4.687356328125000005e+02,-9.498760400061451037e+01
4.687359257812499891e+02,-9.436786836233581255e+01
4.687362187500000346e+02,-9.444895697460250972e+01
4.687365117187500232e+02,-9.906154885962365597e+01
4.687368046875000118e+02,-1.055937303882935083e+02
4.687370976562500005e+02,-1.105402696530242110e+02
4.687373906249999891e+02,-1.033367667648339392e+02
4.687376835937500346e+02,-1.034090835789711917e+02
4.687379765625000232e+02,-1.055246960545998860e+02
4.687382695312500118e+02,-1.066353569546963200e+02
4.687385625000000005e+02,-1.092133732398696395e+02
4.687388554687499891e+02,-1.007331895115023030e+02
4.687391484375000346e+02,-1.072023519276766024e+02
4.687394414062500232e+02,-9.690385981073235655e+01
4.687397343750000118e+02,-9.472076451067799496e+01
4.687400273437500005e+02,-9.733747495113794912e+01
4.687403203124999891e+02,-1.035467136174846559e+02
4.687406132812500346e+02,-9.302072181930410011e+01
4.687409062500000232e+02,-9.837139496722141985e+01
4.687411992187500118e+02,-1.022868380710900595e+02
4.687414921875000005e+02,-1.017140953810653343e+02
4.687417851562499891e+02,-1.110362377065051191e+02
4.687420781250000346e+02,-1.057847864012371275e+02
4.687423710937500232e+02,-9.959985850956655895e+01
4.687426640625000118e+02,-1.040836563582040100e+02
4.687429570312500005e+02,-1.026562058812443610e+02
4.687432499999999891e+02,-1.024780328221932137e+02
4.687435429687500346e+02,-9.911668600864702228e+01
4.687438359375000232e+02,-9.691812562133621611e+01
4.687441289062500118e+02,-9.563433001424635904e+01
4.687444218750000005e+02,-9.825400904044764161e+01
4.687447148437499891e+02,-1.271350602501969718e+02
4.687450078125000346e+02,-1.057422220450190480e+02
4.687453007812500232e+02,-1.028466898399014156e+02
4.687455937500000118e+02,-9.625033059313453521e+01
4.687458867187500005e+02,-1.043350871270212679e+02
4.687461796874999891e+02,-9.831570829714726756e+01
4.687464726562500346e+02,-1.017235659057468098e+02
4.687467656250000232e+02,-9.728577080379079689e+01
4.687470585937500118e+02,-1.006784660308705526e+02
4.687473515625000005e+02,-1.027412282806937469e+02
4.687476445312499891e+02,-1.154028025543396154e+02
4.687479375000000346e+02,-9.617618769935515388e+01
4.687482304687500232e+02,-1.010010409031863645e+02
4.687485234375000118e+02,-1.031507089346175974e+02
4.687488164062500005e+02,-9.808120286124645304e+01
4.687491093749999891e+02,-9.982534991221777432e+01
4.687494023437500346e+02,-1.056730187306861382e+02
4.687496953125000232e+02,-1.060728417267034160e+02
4.687499882812500118e+02,-1.137176285649818652e+02
4.687502812500000005e+02,-9.642470908452509093e+01
4.687505742187499891e+02,-9.487165978509663944e+01
4.687508671875000346e+02,-1.024562934176348392e+02
4.687511601562500232e+02,-9.583457909581380818e+01
4.687514531250000118e+02,-9.267385860138283249e+01
4.687517460937500005e+02,-9.442381025401786587e+01
4.687520390624999891e+02,-1.073116709060189748e+02
4.687523320312500346e+02,-1.059641344401124172e+02
4.687526250000000232e+02,-9.507093430825310065e+01
4.687529179687500118e+02,-1.023637321317359863e+02
4.687532109375000005e+02,-1.027165813842463535e+02
4.687535039062499891e+02,-9.691486358463114925e+01
4.687537968750000346e+02,-1.151518477517003447e+02
4.687540898437500232e+02,-1.001410902551662616e+02
4.687543828125000118e+02,-9.770655560025602426e+01
4.687546757812500005e+02,-9.807401363384553861e+01
4.687549687499999891e+02,-9.366645207711133025e+01
4.687552617187500346e+02,-9.525267746750705555e+01
4.687555546875000232e+02,-1.077024486405408368e+02
4.687558476562500118e+02,-1.052066307121318971e+02
4.687561406250000005e+02,-1.126429869441328151e+02
4.687564335937499891e+02,-1.051931165359543172e+02
4.687567265625000346e+02,-9.910165742384489818e+01
4.687570195312500232e+02,-9.866026027028622991e+01
4.687573125000000118e+02,-1.032573335880146317e+02
4.687576054687500005e+02,-1.203055231855340708e+02
4.687578984374999891e+02,-1.154200301680849634e+02
4.687581914062500346e+02,-1.110322831093021279e+02
4.687584843750000232e+02,-9.903616531318255056e+01
4.687587773437500118e+02,-9.912745454810549006e+01
4.687590703125000005e+02,-1.032818821506025841e+02
4.687593632812499891e+02,-9.930901932155592249e+01
4.687596562500000346e+02,-1.004500371191337820e+02
4.687599492187500232e+02,-1.031428049707710670e+02
4.687602421875000118e+02,-1.069556452781889107e+02
4.687605351562500005e+02,-1.047080051866935264e+02
4.687608281249999891e+02,-1.012857314920856027e+02
4.687611210937500346e+02,-1.073740609206159746e+02
4.687614140625000232e+02,-1.100651946624272028e+02
4.687617070312500118e+02,-9.783134592971138943e+01
