Frequency_MHz,Power_dBHz
4.663620000000000232e+02,-1.137409253246233618e+02
4.663622929687500118e+02,-1.027412254094284236e+02
4.663625859375000005e+02,-1.051833006930567507e+02
4.663628789062499891e+02,-1.100161228690260202e+02
4.663631718750000346e+02,-1.148591856351762601e+02
4.663634648437500232e+02,-1.000608704559387547e+02
4.663637578125000118e+02,-1.050011315094367745e+02
4.663640507812500005e+02,-1.057456359907735077e+02
4.663643437499999891e+02,-1.054366312373831107e+02
4.663646367187500346e+02,-1.050811036216347816e+02
4.663649296875000232e+02,-1.046487541529087650e+02
4.663652226562500118e+02,-1.045413534531308386e+02
4.663655156250000005e+02,-1.047670938991209368e+02
4.663658085937499891e+02,-1.029615539628024408e+02
4.663661015625000346e+02,-1.112394107659893336e+02
4.663663945312500232e+02,-9.984422757073774335e+01
4.663666875000000118e+02,-1.015964282711499607e+02
4.663669804687500005e+02,-1.041719874451082859e+02
4.663672734374999891e+02,-9.886796489253954690e+01
4.663675664062500346e+02,-9.975825372086434584e+01
4.663678593750000232e+02,-1.047514330946871155e+02
4.663681523437500118e+02,-1.026700480684706633e+02
4.663684453125000005e+02,-9.826161107491017788e+01
4.663687382812499891e+02,-1.032779797181623707e+02
4.663690312500000346e+02,-1.024591506159536749e+02
4.663693242187500232e+02,-1.011607715224580062e+02
4.663696171875000118e+02,-9.906621279392976476e+01
4.663699101562500005e+02,-1.020478234073131176e+02
4.663702031249999891e+02,-1.081886851281692259e+02
4.663704960937500346e+02,-1.003101735978464433e+02
4.663707890625000232e+02,-1.074796273971114289e+02
4.663710820312500118e+02,-1.125706026939820106e+02
4.663713750000000005e+02,-1.066326450440872264e+02
4.663716679687499891e+02,-1.113551903792883593e+02
4.663719609375000346e+02,-1.073041050562907799e+02
4.663722539062500232e+02,-1.035458108515107654e+02
4.663725468750000118e+02,-1.020187516989942509e+02
4.663728398437500005e+02,-1.017514949615072055e+02
4.663731328124999891e+02,-1.005544145994159067e+02
4.663734257812500346e+02,-1.094204191755789850e+02
4.663737187500000232e+02,-1.028430808267888494e+02
4.663740117187500118e+02,-1.101056611155159146e+02
4.663743046875000005e+02,-1.201073333314725602e+02
4.663745976562499891e+02,-1.052566012116793388e+02
4.663748906250000346e+02,-1.239158084053855049e+02
4.663751835937500232e+02,-1.131816148033001213e+02
4.663754765625000118e+02,-1.071579490323913433e+02
4.663757695312500005e+02,-9.890183710490774160e+01
4.663760624999999891e+02,-9.629299474348366061e+01
4.663763554687500346e+02,-1.016659993222653924e+02
4.663766484375000232e+02,-1.171595659702775549e+02
4.663769414062500118e+02,-1.112397291691660541e+02
4.663772343750000005e+02,-1.063637114909206218e+02
4.663775273437499891e+02,-1.029885046795686208e+02
4.663778203125000346e+02,-1.091614973551661478e+02
4.663781132812500232e+02,-1.014159239001697443e+02
4.663784062500000118e+02,-1.030027925537897318e+02
4.663786992187500005e+02,-1.071696903198027826e+02
4.663789921874999891e+02,-9.884328096338302316e+01
4.663792851562500346e+02,-1.059792189767926942e+02
4.663795781250000232e+02,-1.037969534010866965e+02
4.663798710937500118e+02,-9.824314035186762339e+01
4.663801640625000005e+02,-9.990133751857955247e+01
4.663804570312499891e+02,-1.041236790952476241e+02
4.663807500000000346e+02,-1.003625996774844964e+02
4.663810429687500232e+02,-1.052704152621532074e+02
4.663813359375000118e+02,-9.394681847292068255e+01
4.663816289062500005e+02,-9.552468115274848515e+01
4.663819218749999891e+02,-1.041286201854461240e+02
4.663822148437500346e+02,-1.002320623722131927e+02
4.663825078125000232e+02,-9.958918731448058281e+01
4.663828007812500118e+02,-9.771730531706752743e+01
4.663830937500000005e+02,-1.043853182572312903e+02
4.663833867187499891e+02,-9.753542389571470039e+01
4.663836796875000346e+02,-1.037906222388265434e+02
4.663839726562500232e+02,-1.100120888197361779e+02
4.663842656250000118e+02,-1.040573481483607878e+02
4.663845585937500005e+02,-1.031434092073770472e+02
4.663848515624999891e+02,-1.098306600359698564e+02
4.663851445312500346e+02,-1.064145981897706150e+02
4.663854375000000232e+02,-9.662890079947868571e+01
4.663857304687500118e+02,-1.055707257678280087e+02
4.663860234375000005e+02,-1.170354553691229995e+02
4.663863164062499891e+02,-1.022685962726806110e+02
4.663866093750000346e+02,-1.003788632908710099e+02
4.663869023437500232e+02,-1.080134739156669923e+02
4.663871953125000118e+02,-1.038356722938891039e+02
4.663874882812500005e+02,-9.700298607021002795e+01
4.663877812499999891e+02,-1.020890080755290086e+02
4.663880742187500346e+02,-1.189176690987075489e+02
4.663883671875000232e+02,-1.043024817898493382e+02
4.663886601562500118e+02,-1.085333842218521880e+02
4.663889531250000005e+02,-1.113479706561056304e+02
4.663892460937499891e+02,-9.890351649613847940e+01
4.663895390625000346e+02,-9.755135087206596722e+01
4.663898320312500232e+02,-9.917903809278028859e+01
4.663901250000000118e+02,-1.024404728635395401e+02
4.663904179687500005e+02,-1.032399656494309426e+02
4.663907109374999891e+02,-1.005680311177036543e+02
4.663910039062500346e+02,-1.038436253819815533e+02
4.663912968750000232e+02,-1.051075753768928109e+02
4.663915898437500118e+02,-9.963004962295894984e+01
4.663918828125000005e+02,-1.032213795167853050e+02
4.663921757812499891e+02,-1.064252268324588329e+02
4.663924687500000346e+02,-1.026592930614677499e+02
4.663927617187500232e+02,-9.698520399051389518e+01
4.663930546875000118e+02,-9.804002290499056471e+01
4.663933476562500005e+02,-1.022405518965680784e+02
4.663936406249999891e+02,-9.842716949803087800e+01
4.663939335937500346e+02,-1.072035887143654662e+02
4.663942265625000232e+02,-1.020852732933746552e+02
4.663945195312500118e+02,-1.016868028852378956e+02
4.663948125000000005e+02,-1.017589591863073224e+02
4.663951054687499891e+02,-1.136481318919699675e+02
4.663953984375000346e+02,-1.082775718646013985e+02
4.663956914062500232e+02,-1.170277586076072112e+02
4.663959843750000118e+02,-1.058276113707325123e+02
4.663962773437500005e+02,-1.012921399502304354e+02
4.663965703124999891e+02,-1.071936463017232484e+02
4.663968632812500346e+02,-1.030156215435749232e+02
4.663971562500000232e+02,-1.017196785062341604e+02
4.663974492187500118e+02,-1.020071005365472558e+02
4.663977421875000005e+02,-9.916246778845639653e+01
4.663980351562499891e+02,-9.577360302516146362e+01
4.663983281250000346e+02,-9.561194952795781887e+01
4.663986210937500232e+02,-9.589124241227150947e+01
4.663989140625000118e+02,-1.052881787989815763e+02
4.663992070312500005e+02,-1.017065711161404522e+02
4.663994999999999891e+02,-1.073575599426306439e+02
4.663997929687500346e+02,-1.010973682991195375e+02
4.664000859375000232e+02,-1.027136860654206032e+02
4.664003789062500118e+02,-1.112187840303404727e+02
4.664006718750000005e+02,-9.686152236455662035e+01
4.664009648437499891e+02,-9.568734740537163930e+01
4.664012578125000346e+02,-9.914038375842852702e+01
4.664015507812500232e+02,-1.216830680973427405e+02
4.664018437500000118e+02,-1.007806475862000326e+02
4.664021367187500005e+02,-9.537912560779390958e+01
4.664024296874999891e+02,-1.036482929201440868e+02
4.664027226562500346e+02,-1.092151752467129597e+02
4.664030156250000232e+02,-1.089448042893965294e+02
4.664033085937500118e+02,-1.027715889893453038e+02
4.664036015625000005e+02,-1.013313245850489608e+02
4.664038945312499891e+02,-1.133773711906063255e+02
4.664041875000000346e+02,-1.062097883077909728e+02
4.664044804687500232e+02,-1.059348059987847250e+02
4.664047734375000118e+02,-1.047242224377838369e+02
4.664050664062500005e+02,-1.067807409685603943e+02
4.664053593749999891e+02,-1.091446082357770564e+02
4.664056523437500346e+02,-1.079392318324118349e+02
4.664059453125000232e+02,-1.042791118948162534e+02
4.664062382812500118e+02,-1.017625595199291695e+02
4.664065312500000005e+02,-1.009950783718251159e+02
4.664068242187499891e+02,-1.005956847737772648e+02
4.664071171875000346e+02,-9.813487961628516132e+01
4.664074101562500232e+02,-1.092738868803878773e+02
4.664077031250000118e+02,-1.065035900234517072e+02
4.664079960937500005e+02,-9.801930737449161768e+01
4.664082890624999891e+02,-1.031301783728814172e+02
4.664085820312500346e+02,-1.006561404947710798e+02
4.664088750000000232e+02,-1.112509263353689448e+02
4.664091679687500118e+02,-1.042551387990803278e+02
4.664094609375000005e+02,-9.783224644392822711e+01
4.664097539062499891e+02,-1.044939535573350611e+02
4.664100468750000346e+02,-9.982715721375504359e+01
4.664103398437500232e+02,-1.006765783371742771e+02
4.664106328125000118e+02,-1.075897150679526106e+02
4.664109257812500005e+02,-1.073065725645641066e+02
4.664112187499999891e+02,-1.072701656188826860e+02
4.664115117187500346e+02,-9.802935276666400455e+01
4.664118046875000232e+02,-1.110238846035923501e+02
4.664120976562500118e+02,-9.789497800377145609e+01
4.664123906250000005e+02,-1.099769694489965985e+02
4.664126835937499891e+02,-1.029378183076365048e+02
4.664129765625000346e+02,-1.044290022941080451e+02
4.664132695312500232e+02,-1.167571415315686352e+02
4.664135625000000118e+02,-1.062538914096828222e+02
4.664138554687500005e+02,-1.138030919604551485e+02
4.664141484374999891e+02,-1.009828492112420548e+02
4.664144414062500346e+02,-9.990689369671318332e+01
4.664147343750000232e+02,-9.629028100409401247e+01
4.664150273437500118e+02,-9.447435337361145002e+01
4.664153203125000005e+02,-1.031935946347894912e+02
4.664156132812499891e+02,-1.031986811600380491e+02
4.664159062500000346e+02,-1.077222220464010007e+02
4.664161992187500232e+02,-1.002463397446581155e+02
4.664164921875000118e+02,-1.083290748427991446e+02
4.664167851562500005e+02,-9.866839961010884963e+01
4.664170781249999891e+02,-1.123631719951411014e+02
4.664173710937500346e+02,-1.070551894464390728e+02
4.664176640625000232e+02,-1.037682235445319918e+02
4.664179570312500118e+02,-1.027329727289128272e+02
4.664182500000000005e+02,-1.134624524101643175e+02
4.664185429687499891e+02,-1.083452079714712255e+02
4.664188359375000346e+02,-1.053849265538445081e+02
4.664191289062500232e+02,-1.012315619470136028e+02
4.664194218750000118e+02,-9.763401998503825041e+01
4.664197148437500005e+02,-1.039805522612594757e+02
4.664200078124999891e+02,-1.029057120575803452e+02
4.664203007812500346e+02,-1.016674206305324759e+02
4.664205937500000232e+02,-1.141793930306538698e+02
4.664208867187500118e+02,-1.055114424092851948e+02
4.664211796875000005e+02,-9.946522399012383175e+01
4.664214726562499891e+02,-1.027193282017459097e+02
4.664217656250000346e+02,-1.140588558531392209e+02
4.664220585937500232e+02,-1.047468751518899239e+02
4.664223515625000118e+02,-1.001150217266707330e+02
4.664226445312500005e+02,-9.833627705074647452e+01
4.664229374999999891e+02,-1.003236407873666565e+02
4.664232304687500346e+02,-1.089950874445152209e+02
4.664235234375000232e+02,-1.138452695937344714e+02
4.664238164062500118e+02,-1.258399946017191553e+02
4.664241093750000005e+02,-1.038056051532758914e+02
4.664244023437499891e+02,-1.058684820492135401e+02
4.664246953125000346e+02,-1.122468150545957428e+02
4.664249882812500232e+02,-1.084209789624918301e+02
4.664252812500000118e+02,-1.008449112586242080e+02
4.664255742187500005e+02,-9.474612744456311475e+01
4.664258671874999891e+02,-9.709877676693893989e+01
4.664261601562500346e+02,-1.009926499651704148e+02
4.664264531250000232e+02,-9.395677038598350350e+01
4.664267460937500118e+02,-9.660861083081748291e+01
4.664270390625000005e+02,-1.078552373274280285e+02
4.664273320312499891e+02,-1.020989711958968940e+02
4.664276250000000346e+02,-1.008187534710308739e+02
4.664279179687500232e+02,-1.086940884428823040e+02
4.664282109375000118e+02,-1.092281368239664374e+02
4.664285039062500005e+02,-1.094623418075800032e+02
4.664287968749999891e+02,-1.097591312570310720e+02
4.664290898437500346e+02,-1.060211109407425880e+02
4.664293828125000232e+02,-1.044930814981468927e+02
4.664296757812500118e+02,-1.021423934006239023e+02
4.664299687500000005e+02,-1.101249910337275537e+02
4.664302617187499891e+02,-1.068657739909713484e+02
4.664305546875000346e+02,-9.973994508203077203e+01
4.664308476562500232e+02,-9.858988355414142291e+01
4.664311406250000118e+02,-9.816450123433172337e+01
4.664314335937500005e+02,-1.060862200204070120e+02
4.664317265624999891e+02,-1.124959855354838396e+02
4.664320195312500346e+02,-9.745607889878013452e+01
4.664323125000000232e+02,-9.605247886964590975e+01
4.664326054687500118e+02,-1.024166613025617210e+02
4.664328984375000005e+02,-1.105476594285981093e+02
4.664331914062499891e+02,-1.045354149103779946e+02
4.664334843750000346e+02,-1.012417158250302265e+02
4.664337773437500232e+02,-1.111367843187506423e+02
4.664340703125000118e+02,-1.064368721604621015e+02
4.664343632812500005e+02,-9.915086959973584158e+01
4.664346562499999891e+02,-1.003438904124788422e+02
4.664349492187500346e+02,-9.831348082072193506e+01
4.664352421875000232e+02,-1.059228042584708618e+02
4.664355351562500118e+02,-1.076229487274824947e+02
4.664358281250000005e+02,-1.043743510375612402e+02
4.664361210937499891e+02,-1.003140344819964866e+02
4.664364140625000346e+02,-1.018789385023064966e+02
4.664367070312500232e+02,-9.881537500881086089e+01
4.664370000000000118e+02,-1.001777441857865369e+02
4.664372929687500005e+02,-9.809304777317316848e+01
4.664375859374999891e+02,-1.006130237350488414e+02
4.664378789062500346e+02,-1.087012079496194872e+02
4.664381718750000232e+02,-1.081279703297183090e+02
4.664384648437500118e+02,-1.004610015441693918e+02
4.664387578125000005e+02,-1.135676342075081209e+02
4.664390507812499891e+02,-1.042592997183628540e+02
4.664393437500000346e+02,-1.063998975138867422e+02
4.664396367187500232e+02,-1.083054857838545786e+02
4.664399296875000118e+02,-1.007976639349533627e+02
4.664402226562500005e+02,-1.011789277311975610e+02
4.664405156249999891e+02,-9.626705521072308613e+01
4.664408085937500346e+02,-9.645051684367808775e+01
4.664411015625000232e+02,-9.501028438643380980e+01
4.664413945312500118e+02,-9.619840235355286495e+01
4.664416875000000005e+02,-1.037842914114586108e+02
4.664419804687499891e+02,-1.037481908325954549e+02
4.664422734375000346e+02,-1.012553669227896904e+02
4.664425664062500232e+02,-1.057465666903725321e+02
4.664428593750000118e+02,-1.009962611411653768e+02
4.664431523437500005e+02,-1.055924674761181734e+02
4.664434453124999891e+02,-9.989680090121868261e+01
4.664437382812500346e+02,-1.009450807767502312e+02
4.664440312500000232e+02,-1.037211927690640465e+02
4.664443242187500118e+02,-1.192752836210496810e+02
4.664446171875000005e+02,-1.020704212458043116e+02
4.664449101562499891e+02,-1.041565520500369928e+02
4.664452031250000346e+02,-9.922633118777979178e+01
4.664454960937500232e+02,-9.889581628959193438e+01
4.664457890625000118e+02,-1.072260814552531656e+02
4.664460820312500005e+02,-1.004922415920589316e+02
4.664463749999999891e+02,-1.029337010494099331e+02
4.664466679687500346e+02,-9.925104050821472867e+01
4.664469609375000232e+02,-1.091381119588383513e+02
4.664472539062500118e+02,-1.035753128992518413e+02
4.664475468750000005e+02,-1.016247865878402621e+02
4.664478398437499891e+02,-9.884400247910208748e+01
4.664481328125000346e+02,-1.050274440070262472e+02
4.664484257812500232e+02,-1.046756330899372642e+02
4.664487187500000118e+02,-1.056513903814769435e+02
4.664490117187500005e+02,-1.059444611895212347e+02
4.664493046874999891e+02,-1.170478170177280788e+02
4.664495976562500346e+02,-1.078990732031232085e+02
4.664498906250000232e+02,-1.093082941747538825e+02
4.664501835937500118e+02,-9.618717607922754098e+01
4.664504765625000005e+02,-9.891562632994902060e+01
4.664507695312499891e+02,-1.039147514914805583e+02
4.664510625000000346e+02,-9.955905857368703948e+01
4.664513554687500232e+02,-1.042211624857183097e+02
4.664516484375000118e+02,-1.113404764908587907e+02
4.664519414062500005e+02,-1.087135736117022446e+02
4.664522343749999891e+02,-9.957255828349700266e+01
4.664525273437500346e+02,-9.897143854881670677e+01
4.664528203125000232e+02,-9.552088395858950776e+01
4.664531132812500118e+02,-9.982939014256331234e+01
4.664534062500000005e+02,-1.021410459516408196e+02
4.664536992187499891e+02,-9.792761965677979674e+01
4.664539921875000346e+02,-1.038890816037195606e+02
4.664542851562500232e+02,-1.004558670386503962e+02
4.664545781250000118e+02,-1.146457702199199673e+02
4.664548710937500005e+02,-9.793683198130636924e+01
4.664551640624999891e+02,-1.082667267198936969e+02
4.664554570312500346e+02,-1.090684041166760068e+02
4.664557500000000232e+02,-1.037827968450155112e+02
4.664560429687500118e+02,-1.025363081710898143e+02
4.664563359375000005e+02,-1.005760100957641612e+02
4.664566289062499891e+02,-9.621492369131802036e+01
4.664569218750000346e+02,-1.024600828419682159e+02
4.664572148437500232e+02,-1.036325923599258658e+02
4.664575078125000118e+02,-1.003194350676610895e+02
4.664578007812500005e+02,-9.833087368005405438e+01
4.664580937499999891e+02,-9.842605259455876876e+01
4.664583867187500346e+02,-1.026627638443887633e+02
4.664586796875000232e+02,-1.014243885737016626e+02
4.664589726562500118e+02,-1.187445559355040103e+02
4.664592656250000005e+02,-1.030819009560511148e+02
4.664595585937499891e+02,-9.764921730396415001e+01
4.664598515625000346e+02,-1.059905837383298604e+02
4.664601445312500232e+02,-1.086045077842843654e+02
4.664604375000000118e+02,-1.049698605493986889e+02
4.664607304687500005e+02,-1.024259720014144790e+02
4.664610234374999891e+02,-1.074879557087366635e+02
4.664613164062500346e+02,-1.010446970395005764e+02
4.664616093750000232e+02,-1.003854729057286477e+02
4.664619023437500118e+02,-1.105975114251813807e+02
4.664621953125000005e+02,-9.492250742312961620e+01
4.664624882812499891e+02,-9.580709142358445263e+01
4.664627812500000346e+02,-1.009772793453749671e+02
4.664630742187500232e+02,-1.003039487638816638e+02
4.664633671875000118e+02,-1.073443250887195859e+02
4.664636601562500005e+02,-1.011645857099871790e+02
4.664639531249999891e+02,-9.628497687407211458e+01
4.664642460937500346e+02,-9.514199221038347787e+01
4.664645390625000232e+02,-9.790277324136609138e+01
4.664648320312500118e+02,-9.684238333875234161e+01
4.664651250000000005e+02,-9.881023223045392001e+01
4.664654179687499891e+02,-9.814006171691090685e+01
4.664657109375000346e+02,-1.077925448011764331e+02
4.664660039062500232e+02,-1.071434392100277933e+02
4.664662968750000118e+02,-1.077903333415298448e+02
4.664665898437500005e+02,-1.026623695932231328e+02
4.664668828124999891e+02,-9.822599242520949758e+01
4.664671757812500346e+02,-9.612627016670310809e+01
4.664674687500000232e+02,-1.047505132645985668e+02
4.664677617187500118e+02,-1.076018203652260610e+02
4.664680546875000005e+02,-1.111784155579048274e+02
4.664683476562499891e+02,-9.746333164676752858e+01
4.664686406250000346e+02,-1.019471828608365627e+02
4.664689335937500232e+02,-9.899977936629888120e+01
4.664692265625000118e+02,-9.806834163532913351e+01
4.664695195312500005e+02,-1.062402018374946522e+02
4.664698124999999891e+02,-1.139686264221583798e+02
4.664701054687500346e+02,-1.060701014600893330e+02
4.664703984375000232e+02,-9.417651559599909206e+01
4.664706914062500118e+02,-1.082119882308561216e+02
4.664709843750000005e+02,-9.615552545136473839e+01
4.664712773437499891e+02,-9.917757436574675012e+01
4.664715703125000346e+02,-1.045750208476850673e+02
4.664718632812500232e+02,-1.019456725422458021e+02
4.664721562500000118e+02,-1.043113659550364645e+02
4.664724492187500005e+02,-1.084588911164402560e+02
4.664727421874999891e+02,-1.049489486854400724e+02
4.664730351562500346e+02,-1.069806825173314024e+02
4.664733281250000232e+02,-1.072944701054272514e+02
4.664736210937500118e+02,-1.039144194562180559e+02
4.664739140625000005e+02,-1.012900882465264374e+02
4.664742070312499891e+02,-1.009856774988968908e+02
4.664745000000000346e+02,-1.029680653167000628e+02
4.664747929687500232e+02,-9.531437235372068528e+01
4.664750859375000118e+02,-1.069071518556037148e+02
4.664753789062500005e+02,-1.087221469971346437e+02
4.664756718749999891e+02,-9.388251391396364909e+01
4.664759648437500346e+02,-9.696868549454205777e+01
4.664762578125000232e+02,-1.260141677154953754e+02
4.664765507812500118e+02,-9.927189161780739823e+01
4.664768437500000005e+02,-9.714459382492415784e+01
4.664771367187499891e+02,-1.126391560294136696e+02
4.664774296875000346e+02,-1.059019190520004088e+02
4.664777226562500232e+02,-9.988129096867858436e+01
4.664780156250000118e+02,-1.073541118854240182e+02
4.664783085937500005e+02,-1.012405716621226475e+02
4.664786015624999891e+02,-1.000054065406200010e+02
4.664788945312500346e+02,-9.973942887682969172e+01
4.664791875000000232e+02,-1.007978772747340344e+02
4.664794804687500118e+02,-1.022008919005686067e+02
4.664797734375000005e+02,-1.027700925147507149e+02
4.664800664062499891e+02,-1.054464239182273104e+02
4.664803593750000346e+02,-1.124711481877977235e+02
4.664806523437500232e+02,-1.184009669209408742e+02
4.664809453125000118e+02,-9.619902626326108930e+01
4.664812382812500005e+02,-9.652135170288772770e+01
4.664815312499999891e+02,-1.026277535198124156e+02
4.664818242187500346e+02,-1.053178931746202238e+02
4.664821171875000232e+02,-9.960504522965908336e+01
4.664824101562500118e+02,-1.038327120755530188e+02
4.664827031250000005e+02,-9.808847017456697870e+01
4.664829960937499891e+02,-9.672775207559440958e+01
4.664832890625000346e+02,-1.100862167713164581e+02
4.664835820312500232e+02,-1.051743326126742062e+02
4.664838750000000118e+02,-9.376515017762761772e+01
4.664841679687500005e+02,-9.389674441816177364e+01
4.664844609374999891e+02,-1.006825393077574091e+02
4.664847539062500346e+02,-9.655453819718944430e+01
4.664850468750000232e+02,-9.685941939612985152e+01
4.664853398437500118e+02,-1.066667813278767483e+02
4.664856328125000005e+02,-1.056301431023535429e+02
4.664859257812499891e+02,-1.118619308688966498e+02
4.664862187500000346e+02,-1.027931236798147694e+02
4.664865117187500232e+02,-9.813153697609308779e+01
4.664868046875000118e+02,-1.078452057500973780e+02
4.664870976562500005e+02,-1.027977449858334467e+02
4.664873906249999891e+02,-1.047070703493984922e+02
4.664876835937500346e+02,-9.425327001009931394e+01
4.664879765625000232e+02,-9.591874614183714698e+01
4.664882695312500118e+02,-1.013568326303726792e+02
4.664885625000000005e+02,-9.631646655542081703e+01
4.664888554687499891e+02,-1.051178965896724833e+02
4.664891484375000346e+02,-9.885517499401368013e+01
4.664894414062500232e+02,-9.923382906174227003e+01
4.664897343750000118e+02,-1.033172070731533552e+02
4.664900273437500005e+02,-1.017104800355397032e+02
4.664903203124999891e+02,-9.495794252975025529e+01
4.664906132812500346e+02,-1.015653378107627134e+02
4.664909062500000232e+02,-9.845708727137910898e+01
4.664911992187500118e+02,-9.453495451565746066e+01
4.664914921875000005e+02,-1.061218053847002665e+02
4.664917851562499891e+02,-9.720613082762369572e+01
4.664920781250000346e+02,-9.927240665461451385e+01
4.664923710937500232e+02,-1.111121487702649233e+02
4.664926640625000118e+02,-9.943251448507220402e+01
4.664929570312500005e+02,-1.001723253227726786e+02
4.664932499999999891e+02,-9.914209488300853934e+01
4.664935429687500346e+02,-1.065433886377174275e+02
4.664938359375000232e+02,-9.601373275936082052e+01
4.664941289062500118e+02,-1.136683078813358634e+02
4.664944218750000005e+02,-9.682370014425116267e+01
4.664947148437499891e+02,-9.564006512311785002e+01
4.664950078125000346e+02,-1.021320899844402987e+02
4.664953007812500232e+02,-1.029974884167126135e+02
4.664955937500000118e+02,-1.260583922463927422e+02
4.664958867187500005e+02,-1.019755396680729120e+02
4.664961796874999891e+02,-9.553221281375112994e+01
4.664964726562500346e+02,-9.531306635914275205e+01
4.664967656250000232e+02,-1.262817559519939294e+02
4.664970585937500118e+02,-9.726748638356815491e+01
4.664973515625000005e+02,-9.522383995525238731e+01
4.664976445312499891e+02,-9.879726533151509216e+01
4.664979375000000346e+02,-9.615929306158867007e+01
4.664982304687500232e+02,-1.020780563546215802e+02
4.664985234375000118e+02,-1.027342979305742858e+02
4.664988164062500005e+02,-9.745176829138068797e+01
4.664991093749999891e+02,-9.648351314424152747e+01
4.664994023437500346e+02,-9.659161705263861109e+01
4.664996953125000232e+02,-1.006132493922153230e+02
4.664999882812500118e+02,-1.015759140002271579e+02
4.665002812500000005e+02,-1.086602365967995354e+02
4.665005742187499891e+02,-1.115528418758924687e+02
4.665008671875000346e+02,-9.721091362329110552e+01
4.665011601562500232e+02,-9.469653796838790072e+01
4.665014531250000118e+02,-9.903193488995655969e+01
4.665017460937500005e+02,-9.626099441069490581e+01
4.665020390624999891e+02,-9.570226337772730574e+01
4.665023320312500346e+02,-9.824111345690658936e+01
4.665026250000000232e+02,-9.965439770547313003e+01
4.665029179687500118e+02,-1.133559793775184232e+02
4.665032109375000005e+02,-1.041390499467559181e+02
4.665035039062499891e+02,-1.011641785174188044e+02
4.665037968750000346e+02,-9.495834290327408667e+01
4.665040898437500232e+02,-9.830369577435968154e+01
4.665043828125000118e+02,-9.956300339010384448e+01
4.665046757812500005e+02,-1.019869724372160533e+02
4.665049687499999891e+02,-1.074948534429591973e+02
4.665052617187500346e+02,-1.003690076020713065e+02
4.665055546875000232e+02,-9.987583819983629496e+01
4.665058476562500118e+02,-1.060607176083376402e+02
4.665061406250000005e+02,-1.031644485500881103e+02
4.665064335937499891e+02,-9.628274087274098747e+01
4.665067265625000346e+02,-9.565045681905186825e+01
4.665070195312500232e+02,-9.605085312426081146e+01
4.665073125000000118e+02,-1.009430359238025972e+02
4.665076054687500005e+02,-9.602196170016036092e+01
4.665078984374999891e+02,-9.885188653550393667e+01
4.665081914062500346e+02,-9.725315329051187518e+01
4.665084843750000232e+02,-9.514929242665145637e+01
4.665087773437500118e+02,-9.617907823084462393e+01
4.665090703125000005e+02,-1.016752860622221419e+02
4.665093632812499891e+02,-9.785542201593329992e+01
4.665096562500000346e+02,-1.006109146950164046e+02
4.665099492187500232e+02,-9.834260928638991572e+01
4.665102421875000118e+02,-1.023175411986943573e+02
4.665105351562500005e+02,-1.050934337164792822e+02
4.665108281249999891e+02,-9.941476519191661509e+01
4.665111210937500346e+02,-9.574588433992472858e+01
4.665114140625000232e+02,-9.969309720852041323e+01
4.665117070312500118e+02,-1.009501193414006934e+02
4.665120000000000005e+02,-9.784797723417528914e+01
4.665122929687499891e+02,-9.749933339130814147e+01
4.665125859375000346e+02,-9.593780470382802150e+01
4.665128789062500232e+02,-1.017480070063798792e+02
4.665131718750000118e+02,-9.926316496780258092e+01
4.665134648437500005e+02,-1.115102192959322878e+02
4.665137578124999891e+02,-9.468781917737922527e+01
4.665140507812500346e+02,-9.602437711838435064e+01
4.665143437500000232e+02,-1.021199477704864336e+02
4.665146367187500118e+02,-9.868636178814172411e+01
4.665149296875000005e+02,-9.341973772772455220e+01
4.665152226562499891e+02,-9.774530323059970272e+01
4.665155156250000346e+02,-9.806573215120954501e+01
4.665158085937500232e+02,-9.920342636621747090e+01
4.665161015625000118e+02,-1.054966589421573389e+02
4.665163945312500005e+02,-1.043005079079148913e+02
4.665166874999999891e+02,-1.061892485621794435e+02
4.665169804687500346e+02,-1.148320602376705466e+02
4.665172734375000232e+02,-9.279797980853479089e+01
4.665175664062500118e+02,-9.198626190207896514e+01
4.665178593750000005e+02,-1.088144886721958216e+02
4.665181523437499891e+02,-9.877462991158475347e+01
4.665184453125000346e+02,-1.029074794658294252e+02
4.665187382812500232e+02,-1.000648499290667246e+02
4.665190312500000118e+02,-9.763138590343493206e+01
4.665193242187500005e+02,-1.008803914111109634e+02
4.665196171874999891e+02,-1.034549951158459180e+02
4.665199101562500346e+02,-1.015561829585132756e+02
4.665202031250000232e+02,-9.828840132776589655e+01
4.665204960937500118e+02,-1.004365581914112369e+02
4.665207890625000005e+02,-1.045734206877890813e+02
4.665210820312499891e+02,-9.677941632747881329e+01
4.665213750000000346e+02,-9.860178153113606925e+01
4.665216679687500232e+02,-9.738927816015930716e+01
4.665219609375000118e+02,-9.806978053251036442e+01
4.665222539062500005e+02,-9.771661721922156119e+01
4.665225468749999891e+02,-9.997110460676492494e+01
4.665228398437500346e+02,-9.554514226767024354e+01
4.665231328125000232e+02,-1.013737499965458539e+02
4.665234257812500118e+02,-1.008306247408538638e+02
4.665237187500000005e+02,-1.003939116370491860e+02
4.665240117187499891e+02,-9.748260596398964140e+01
4.665243046875000346e+02,-9.881401358158265680e+01
4.665245976562500232e+02,-1.002936243991450880e+02
4.665248906250000118e+02,-1.030556916660248419e+02
4.665251835937500005e+02,-1.071760456165147133e+02
4.665254765624999891e+02,-1.083949554943148428e+02
4.665257695312500346e+02,-1.000764335554262772e+02
4.665260625000000232e+02,-1.016765234420540196e+02
4.665263554687500118e+02,-1.012754371117216863e+02
4.665266484375000005e+02,-9.232755893231293953e+01
4.665269414062499891e+02,-9.101221150727816678e+01
4.665272343750000346e+02,-9.692413358950409474e+01
4.665275273437500232e+02,-1.074235218082308307e+02
4.665278203125000118e+02,-1.090050452047928218e+02
4.665281132812500005e+02,-9.748677106720995766e+01
4.665284062499999891e+02,-1.040363457007765504e+02
4.665286992187500346e+02,-1.043644871635201099e+02
4.665289921875000232e+02,-1.067306550829110563e+02
4.665292851562500118e+02,-1.141545354840255015e+02
4.665295781250000005e+02,-1.025747276416510232e+02
4.665298710937499891e+02,-1.038414785763244197e+02
4.665301640625000346e+02,-1.150889063384198607e+02
4.665304570312500232e+02,-1.027042989462469791e+02
4.665307500000000118e+02,-1.108908504412417244e+02
4.665310429687500005e+02,-1.003257532652237813e+02
4.665313359374999891e+02,-1.145663806009163181e+02
4.665316289062500346e+02,-9.724005923971557763e+01
4.665319218750000232e+02,-1.014297204373257131e+02
4.665322148437500118e+02,-1.115232519534011715e+02
4.665325078125000005e+02,-1.037914186439896724e+02
4.665328007812499891e+02,-1.055176557899697940e+02
4.665330937500000346e+02,-1.054685761433545963e+02
4.665333867187500232e+02,-1.063759982863298887e+02
4.665336796875000118e+02,-9.529127384226258357e+01
4.665339726562500005e+02,-9.709598502118123520e+01
4.665342656249999891e+02,-9.555191405553904360e+01
4.665345585937500346e+02,-9.503614719660846788e+01
4.665348515625000232e+02,-9.942010809704284213e+01
4.665351445312500118e+02,-9.934305655533148638e+01
4.665354375000000005e+02,-1.047069634430786493e+02
4.665357304687499891e+02,-1.003586894729252492e+02
4.665360234375000346e+02,-9.754592071589371471e+01
4.665363164062500232e+02,-9.933201917677541815e+01
4.665366093750000118e+02,-1.046132096085815135e+02
4.665369023437500005e+02,-9.819245705605882790e+01
4.665371953124999891e+02,-9.704440706427382679e+01
4.665374882812500346e+02,-1.070442434291824156e+02
4.665377812500000232e+02,-9.810497450792753682e+01
4.665380742187500118e+02,-1.099106624831848791e+02
4.665383671875000005e+02,-9.940557211128712822e+01
4.665386601562499891e+02,-9.531606283441155369e+01
4.665389531250000346e+02,-1.126039681618636621e+02
4.665392460937500232e+02,-9.823270287407267176e+01
4.665395390625000118e+02,-1.051425952753795059e+02
4.665398320312500005e+02,-1.057329499855924126e+02
4.665401249999999891e+02,-9.644225006621637419e+01
4.665404179687500346e+02,-9.448751219654438671e+01
4.665407109375000232e+02,-9.571502219941633882e+01
4.665410039062500118e+02,-1.189432146271358590e+02
4.665412968750000005e+02,-1.017340513044094052e+02
4.665415898437499891e+02,-9.654961433949165439e+01
4.665418828125000346e+02,-1.022741224396005748e+02
4.665421757812500232e+02,-9.866142234158394331e+01
4.665424687500000118e+02,-9.615402833670266602e+01
4.665427617187500005e+02,-1.107307927341405787e+02
4.665430546874999891e+02,-1.020447825950859340e+02
4.665433476562500346e+02,-1.035715225905037471e+02
4.665436406250000232e+02,-9.686181479765542690e+01
4.665439335937500118e+02,-1.049174619514289191e+02
4.665442265625000005e+02,-9.784271813814078200e+01
4.665445195312499891e+02,-1.013724421001877971e+02
4.665448125000000346e+02,-1.038836276376817835e+02
4.665451054687500232e+02,-9.948309272960182170e+01
4.665453984375000118e+02,-1.133341017738680989e+02
4.665456914062500005e+02,-1.003857826805604248e+02
4.665459843749999891e+02,-9.637688883536091566e+01
4.665462773437500346e+02,-9.582495552316188991e+01
4.665465703125000232e+02,-9.645321014730762954e+01
4.665468632812500118e+02,-9.747289573876729207e+01
4.665471562500000005e+02,-1.010851953059797381e+02
4.665474492187499891e+02,-1.245748494961405726e+02
4.665477421875000346e+02,-1.006497151799119649e+02
4.665480351562500232e+02,-1.003113474990090168e+02
4.665483281250000118e+02,-1.041197340066102868e+02
4.665486210937500005e+02,-1.036187984337715307e+02
4.665489140624999891e+02,-1.092079627976781637e+02
4.665492070312500346e+02,-9.863250862674973973e+01
4.665495000000000232e+02,-1.019967923574989186e+02
4.665497929687500118e+02,-9.728937415369503583e+01
4.665500859375000005e+02,-9.987630323026350254e+01
4.665503789062499891e+02,-1.069434265064492422e+02
4.665506718750000346e+02,-1.072420610294124543e+02
4.665509648437500232e+02,-1.144536987732753062e+02
4.665512578125000118e+02,-1.044058843374113223e+02
4.665515507812500005e+02,-9.867572936561856523e+01
4.665518437499999891e+02,-1.044059451488726467e+02
4.665521367187500346e+02,-9.723762920445435043e+01
4.665524296875000232e+02,-1.046552146020051453e+02
4.665527226562500118e+02,-9.835732724575711927e+01
4.665530156250000005e+02,-1.147974202489733102e+02
4.665533085937499891e+02,-9.608060816103531465e+01
4.665536015625000346e+02,-9.527272537741096414e+01
4.665538945312500232e+02,-1.044397180250439590e+02
4.665541875000000118e+02,-1.045226057879512638e+02
4.665544804687500005e+02,-9.772347494610308161e+01
4.665547734374999891e+02,-1.025814846979239690e+02
4.665550664062500346e+02,-1.092205942907605163e+02
4.665553593750000232e+02,-1.046011093489499046e+02
4.665556523437500118e+02,-1.035542417095094834e+02
4.665559453125000005e+02,-1.042034528228347625e+02
4.665562382812499891e+02,-9.873447097121177762e+01
4.665565312500000346e+02,-1.090740125366154416e+02
4.665568242187500232e+02,-9.915401370807229853e+01
4.665571171875000118e+02,-9.523946878902279423e+01
4.665574101562500005e+02,-9.669737613551384925e+01
4.665577031249999891e+02,-1.078449361852570263e+02
4.665579960937500346e+02,-9.876134726467098801e+01
4.665582890625000232e+02,-9.946942991288061364e+01
4.665585820312500118e+02,-9.909822080024652280e+01
4.665588750000000005e+02,-9.867553091212488425e+01
4.665591679687499891e+02,-9.863262768338783815e+01
4.665594609375000346e+02,-1.042528460810829216e+02
4.665597539062500232e+02,-1.050354609607498730e+02
4.665600468750000118e+02,-1.141418547541247221e+02
4.665603398437500005e+02,-1.038462633846167762e+02
4.665606328124999891e+02,-1.047798210177157188e+02
4.665609257812500346e+02,-1.022101164588191011e+02
4.665612187500000232e+02,-1.124063835708783046e+02
4.665615117187500118e+02,-1.099114731324281991e+02
4.665618046875000005e+02,-9.806466019592650696e+01
4.665620976562499891e+02,-9.626945778131386078e+01
4.665623906250000346e+02,-9.726670705875149281e+01
4.665626835937500232e+02,-9.255055257409330238e+01
4.665629765625000118e+02,-9.698136486818583535e+01
4.665632695312500005e+02,-1.040463540849827950e+02
4.665635624999999891e+02,-1.129119110638794723e+02
4.665638554687500346e+02,-9.543919781206236053e+01
4.665641484375000232e+02,-9.935759005795569010e+01
4.665644414062500118e+02,-1.157176235876441126e+02
4.665647343750000005e+02,-9.953612790661706811e+01
4.665650273437499891e+02,-9.917531029037544954e+01
4.665653203125000346e+02,-9.910113404644829416e+01
4.665656132812500232e+02,-1.002147713465895009e+02
4.665659062500000118e+02,-1.077466799118035254e+02
4.665661992187500005e+02,-1.099063068899239539e+02
4.665664921874999891e+02,-9.764505581864270312e+01
4.665667851562500346e+02,-9.191905779288470058e+01
4.665670781250000232e+02,-9.189058142611227709e+01
4.665673710937500118e+02,-9.794949904438063015e+01
4.665676640625000005e+02,-9.467847408041480151e+01
4.665679570312499891e+02,-9.396934244407275116e+01
4.665682500000000346e+02,-9.996098546997382073e+01
4.665685429687500232e+02,-1.050773440781823069e+02
4.665688359375000118e+02,-1.171936767576730176e+02
4.665691289062500005e+02,-9.609703570958276941e+01
4.665694218749999891e+02,-9.657357552783396670e+01
4.665697148437500346e+02,-9.970181428691824976e+01
4.665700078125000232e+02,-9.934866767262778353e+01
4.665703007812500118e+02,-1.108096137233959553e+02
4.665705937500000005e+02,-9.890532926019344018e+01
4.665708867187499891e+02,-1.014917903022833627e+02
4.665711796875000346e+02,-9.905638282716539322e+01
4.665714726562500232e+02,-1.012456447224151077e+02
4.665717656250000118e+02,-1.004701800347392151e+02
4.665720585937500005e+02,-1.000147018564419739e+02
4.665723515624999891e+02,-9.331529670938898846e+01
4.665726445312500346e+02,-9.369686865320537095e+01
4.665729375000000232e+02,-1.011220888961620545e+02
4.665732304687500118e+02,-9.665567609358164702e+01
4.665735234375000005e+02,-1.001523906097818326e+02
4.665738164062499891e+02,-1.058561458955627188e+02
4.665741093750000346e+02,-1.061112456100372299e+02
4.665744023437500232e+02,-9.942531665760904502e+01
4.665746953125000118e+02,-9.654794863707880381e+01
4.665749882812500005e+02,-1.004230925752276562e+02
4.665752812499999891e+02,-9.756153216606733736e+01
4.665755742187500346e+02,-1.046548226445328567e+02
4.665758671875000232e+02,-1.027091031334380631e+02
4.665761601562500118e+02,-9.817079567628738346e+01
4.665764531250000005e+02,-9.783335905522503140e+01
4.665767460937499891e+02,-1.031494582636780279e+02
4.665770390625000346e+02,-9.879414405510314623e+01
4.665773320312500232e+02,-9.907292846709337653e+01
4.665776250000000118e+02,-1.136834981688676436e+02
4.665779179687500005e+02,-1.009069033386679024e+02
4.665782109374999891e+02,-1.052067282094182730e+02
4.665785039062500346e+02,-9.724331075658467682e+01
4.665787968750000232e+02,-9.651142546779581721e+01
4.665790898437500118e+02,-9.894748222291138973e+01
4.665793828125000005e+02,-9.907438053175303594e+01
4.665796757812499891e+02,-1.043065532516203433e+02
4.665799687500000346e+02,-1.011112705340928244e+02
4.665802617187500232e+02,-9.833593923846777329e+01
4.665805546875000118e+02,-9.922101732086376558e+01
4.665808476562500005e+02,-1.108679814359692841e+02
4.665811406249999891e+02,-9.634829533470960428e+01
4.665814335937500346e+02,-9.332731896651517900e+01
4.665817265625000232e+02,-9.883455560677354867e+01
4.665820195312500118e+02,-1.052828132000798291e+02
4.665823125000000005e+02,-1.011374010885512007e+02
4.665826054687499891e+02,-9.899297953240674985e+01
4.665828984375000346e+02,-1.047876842021720023e+02
4.665831914062500232e+02,-1.169405688700820463e+02
4.665834843750000118e+02,-1.004739103093915134e+02
4.665837773437500005e+02,-1.013321282203324358e+02
4.665840703124999891e+02,-9.884576619249644125e+01
4.665843632812500346e+02,-1.082191090074175577e+02
4.665846562500000232e+02,-9.408336824837039103e+01
4.665849492187500118e+02,-9.227872183283960794e+01
4.665852421875000005e+02,-9.830653799720737140e+01
4.665855351562499891e+02,-1.034649016521053113e+02
4.665858281250000346e+02,-1.077038615807815205e+02
4.665861210937500232e+02,-1.062443299821618723e+02
4.665864140625000118e+02,-9.716866091036311559e+01
4.665867070312500005e+02,-9.793537210826019646e+01
4.665869999999999891e+02,-1.012367171899049225e+02
4.665872929687500346e+02,-1.004156649520231497e+02
4.665875859375000232e+02,-1.143272878705900837e+02
4.665878789062500118e+02,-9.719335954116930054e+01
4.665881718750000005e+02,-9.387323641846352018e+01
4.665884648437499891e+02,-9.785341930845305569e+01
4.665887578125000346e+02,-1.032801109567017761e+02
4.665890507812500232e+02,-9.878143740577607446e+01
4.665893437500000118e+02,-9.315280730519978647e+01
4.665896367187500005e+02,-1.017137814354132104e+02
4.665899296874999891e+02,-9.778202039385207911e+01
4.665902226562500346e+02,-9.586638864723788345e+01
4.665905156250000232e+02,-1.124896959360567337e+02
4.665908085937500118e+02,-1.018237207808776361e+02
4.665911015625000005e+02,-9.341984064347397521e+01
4.665913945312499891e+02,-9.611862401025602765e+01
4.665916875000000346e+02,-9.866599378776496110e+01
4.665919804687500232e+02,-8.807322916352342190e+01
4.665922734375000118e+02,-9.521585400575742142e+01
4.665925664062500005e+02,-1.019271348739121947e+02
4.665928593749999891e+02,-9.494476483062159389e+01
4.665931523437500346e+02,-9.610163998037207023e+01
4.665934453125000232e+02,-1.143618969537976682e+02
4.665937382812500118e+02,-1.064266366653128273e+02
4.665940312500000005e+02,-1.070860670967980468e+02
4.665943242187499891e+02,-9.924459268644751830e+01
4.665946171875000346e+02,-1.002263133190786277e+02
4.665949101562500232e+02,-1.054877283499141924e+02
4.665952031250000118e+02,-1.022661016433741423e+02
4.665954960937500005e+02,-1.236501733709800135e+02
4.665957890624999891e+02,-1.062575560922889650e+02
4.665960820312500346e+02,-9.757865440163747905e+01
4.665963750000000232e+02,-9.888835712940398537e+01
4.665966679687500118e+02,-9.225933906618224967e+01
4.665969609375000005e+02,-9.820215788343745089e+01
4.665972539062499891e+02,-1.110818171107867727e+02
4.665975468750000346e+02,-1.058481282899298606e+02
4.665978398437500232e+02,-9.767100825558884480e+01
4.665981328125000118e+02,-9.547952358170327614e+01
4.665984257812500005e+02,-9.479678167775462327e+01
4.665987187499999891e+02,-9.306363132607926048e+01
4.665990117187500346e+02,-9.554163602028160085e+01
4.665993046875000232e+02,-9.626335052963482042e+01
4.665995976562500118e+02,-1.015856238888184038e+02
4.665998906250000005e+02,-1.045095591649635764e+02
4.666001835937499891e+02,-9.624371680395628914e+01
4.666004765625000346e+02,-9.838716736413196884e+01
4.666007695312500232e+02,-1.113289519336824895e+02
4.666010625000000118e+02,-1.085086862138331867e+02
4.666013554687500005e+02,-9.508541822462204607e+01
4.666016484374999891e+02,-1.131422034283217783e+02
4.666019414062500346e+02,-9.356651352586689541e+01
4.666022343750000232e+02,-9.615499447617983719e+01
4.666025273437500118e+02,-9.925703748527048731e+01
4.666028203125000005e+02,-1.152826994720231539e+02
4.666031132812499891e+02,-1.027291642107988565e+02
4.666034062500000346e+02,-9.446595764854944832e+01
4.666036992187500232e+02,-9.232226383555396865e+01
4.666039921875000118e+02,-9.378532058666451121e+01
4.666042851562500005e+02,-9.761294183819111936e+01
4.666045781249999891e+02,-9.740395783191915768e+01
4.666048710937500346e+02,-9.536875046016103852e+01
4.666051640625000232e+02,-1.024183256583778530e+02
4.666054570312500118e+02,-1.007502757878426678e+02
4.666057500000000005e+02,-9.587272656755126832e+01
4.666060429687499891e+02,-1.018119871143656354e+02
4.666063359375000346e+02,-1.022988940916452805e+02
4.666066289062500232e+02,-1.132684910276656183e+02
4.666069218750000118e+02,-9.898356321529283264e+01
4.666072148437500005e+02,-9.869656956693060579e+01
4.666075078124999891e+02,-9.714933053344051928e+01
4.666078007812500346e+02,-9.450891953145971058e+01
4.666080937500000232e+02,-1.018164842969304118e+02
4.666083867187500118e+02,-9.399551121058269132e+01
4.666086796875000005e+02,-9.972593666708328897e+01
4.666089726562499891e+02,-9.439204660546322145e+01
4.666092656250000346e+02,-9.580478270689651765e+01
4.666095585937500232e+02,-9.938256260972519840e+01
4.666098515625000118e+02,-9.251122561319806437e+01
4.666101445312500005e+02,-9.703936931770113006e+01
4.666104374999999891e+02,-1.010006527348035945e+02
4.666107304687500346e+02,-1.006063876594716788e+02
4.666110234375000232e+02,-9.900599335750412422e+01
4.666113164062500118e+02,-9.410409440846532902e+01
4.666116093750000005e+02,-9.386953426088277297e+01
4.666119023437499891e+02,-9.158944202667697709e+01
4.666121953125000346e+02,-9.027649494695403121e+01
4.666124882812500232e+02,-9.568108845764028558e+01
4.666127812500000118e+02,-9.615233738190386248e+01
4.666130742187500005e+02,-9.436579443973491266e+01
4.666133671874999891e+02,-9.607834541484736235e+01
4.666136601562500346e+02,-1.013018385100997421e+02
4.666139531250000232e+02,-9.708968613629517108e+01
4.666142460937500118e+02,-9.892930702684176936e+01
4.666145390625000005e+02,-1.028681385765904821e+02
4.666148320312499891e+02,-1.005076338401533178e+02
4.666151250000000346e+02,-9.308037331403716053e+01
4.666154179687500232e+02,-8.962976035277222309e+01
4.666157109375000118e+02,-9.316254509715216159e+01
4.666160039062500005e+02,-9.354911151139630476e+01
4.666162968749999891e+02,-1.008448432770280334e+02
4.666165898437500346e+02,-1.033734920917104603e+02
4.666168828125000232e+02,-1.013108265832060937e+02
4.666171757812500118e+02,-9.677653411201436029e+01
4.666174687500000005e+02,-9.288877025711738611e+01
4.666177617187499891e+02,-9.653024282903821529e+01
4.666180546875000346e+02,-1.104066970402748638e+02
4.666183476562500232e+02,-9.277858704225050701e+01
4.666186406250000118e+02,-9.441723253452468612e+01
4.666189335937500005e+02,-1.024636892940663415e+02
4.666192265624999891e+02,-9.521823187066466687e+01
4.666195195312500346e+02,-9.601044236591023662e+01
4.666198125000000232e+02,-9.713974748477551202e+01
4.666201054687500118e+02,-9.783823765831947128e+01
4.666203984375000005e+02,-9.521639068613345103e+01
4.666206914062499891e+02,-9.585252145700174253e+01
4.666209843750000346e+02,-9.843833757173459276e+01
4.666212773437500232e+02,-9.699600955123588619e+01
4.666215703125000118e+02,-9.968415375107178988e+01
4.666218632812500005e+02,-1.032710549094377797e+02
4.666221562499999891e+02,-1.122067145378320561e+02
4.666224492187500346e+02,-1.021810297868066471e+02
4.666227421875000232e+02,-1.007949561148148376e+02
4.666230351562500118e+02,-9.577638139893133484e+01
4.666233281250000005e+02,-1.005175177491000227e+02
4.666236210937499891e+02,-9.450589814331642913e+01
4.666239140625000346e+02,-9.205329216155530503e+01
4.666242070312500232e+02,-9.337629131483843992e+01
4.666245000000000118e+02,-9.623701323642771399e+01
4.666247929687500005e+02,-9.365909228433601186e+01
4.666250859374999891e+02,-9.035768373029284817e+01
4.666253789062500346e+02,-9.734469410973750314e+01
4.666256718750000232e+02,-1.112423677301624707e+02
4.666259648437500118e+02,-9.960470337389949691e+01
4.666262578125000005e+02,-1.011427735037978550e+02
4.666265507812499891e+02,-1.139522099568828395e+02
4.666268437500000346e+02,-1.110639092317391174e+02
4.666271367187500232e+02,-9.615445254811075415e+01
4.666274296875000118e+02,-9.401131620428715507e+01
4.666277226562500005e+02,-9.198751236734656800e+01
4.666280156249999891e+02,-1.085040845953889601e+02
4.666283085937500346e+02,-9.924133130584596074e+01
4.666286015625000232e+02,-9.851864624453907027e+01
4.666288945312500118e+02,-9.866583954061894701e+01
4.666291875000000005e+02,-1.041774174643100253e+02
4.666294804687499891e+02,-1.090453539059653849e+02
4.666297734375000346e+02,-9.689887203440456176e+01
4.666300664062500232e+02,-9.181133767302736715e+01
4.666303593750000118e+02,-9.156241549457958229e+01
4.666306523437500005e+02,-9.038576196925524187e+01
4.666309453124999891e+02,-9.259168548568824519e+01
4.666312382812500346e+02,-1.010749105509314916e+02
4.666315312500000232e+02,-1.052688232116189795e+02
4.666318242187500118e+02,-9.778411418667016619e+01
4.666321171875000005e+02,-9.572843219596444442e+01
4.666324101562499891e+02,-1.013257518150733318e+02
4.666327031250000346e+02,-9.938259155397128097e+01
4.666329960937500232e+02,-9.426398539438042690e+01
4.666332890625000118e+02,-1.046659483793280288e+02
4.666335820312500005e+02,-1.047034821875015353e+02
4.666338749999999891e+02,-9.871426298551102718e+01
4.666341679687500346e+02,-9.388058126940737225e+01
4.666344609375000232e+02,-9.182732709547059358e+01
4.666347539062500118e+02,-1.062685001619370695e+02
4.666350468750000005e+02,-9.110016667896442755e+01
4.666353398437499891e+02,-8.953025872483679848e+01
4.666356328125000346e+02,-9.641129533242485650e+01
4.666359257812500232e+02,-9.724260657698026478e+01
4.666362187500000118e+02,-9.524300485384719650e+01
4.666365117187500005e+02,-1.032367170721090019e+02
4.666368046874999891e+02,-9.491805351872692142e+01
4.666370976562500346e+02,-9.603802940085053308e+01
4.666373906250000232e+02,-9.169339811962305475e+01
4.666376835937500118e+02,-1.008663023062629236e+02
4.666379765625000005e+02,-1.004579391289388184e+02
4.666382695312499891e+02,-9.691933443777804769e+01
4.666385625000000346e+02,-9.476816598746813725e+01
4.666388554687500232e+02,-9.830558043621941522e+01
4.666391484375000118e+02,-9.768366695609483941e+01
4.666394414062500005e+02,-9.701678697742515567e+01
4.666397343749999891e+02,-9.666609075754078617e+01
4.666400273437500346e+02,-9.865344908217525699e+01
4.666403203125000232e+02,-1.035306225914448675e+02
4.666406132812500118e+02,-9.620987136152338337e+01
4.666409062500000005e+02,-9.199128254652219994e+01
4.666411992187499891e+02,-9.684468760899304129e+01
4.666414921875000346e+02,-9.206231038243768694e+01
4.666417851562500232e+02,-9.343740434589830102e+01
4.666420781250000118e+02,-9.658111618683912525e+01
4.666423710937500005e+02,-9.535526833448237483e+01
4.666426640624999891e+02,-1.016808949778163651e+02
4.666429570312500346e+02,-9.519517772139984402e+01
4.666432500000000232e+02,-9.640824902888310532e+01
4.666435429687500118e+02,-9.988327476685853412e+01
4.666438359375000005e+02,-9.503725864844039961e+01
4.666441289062499891e+02,-9.353260020865378976e+01
4.666444218750000346e+02,-1.149365395338396922e+02
4.666447148437500232e+02,-1.024189273073060349e+02
4.666450078125000118e+02,-1.052968047903219713e+02
4.666453007812500005e+02,-9.805190350533857213e+01
4.666455937499999891e+02,-1.016345447223753524e+02
4.666458867187500346e+02,-1.014872973478921665e+02
4.666461796875000232e+02,-9.894844885708801030e+01
4.666464726562500118e+02,-9.811348144249519976e+01
4.666467656250000005e+02,-9.460970237639899949e+01
4.666470585937499891e+02,-9.434355592724392636e+01
4.666473515625000346e+02,-9.394193038429096987e+01
4.666476445312500232e+02,-9.399970762890114884e+01
4.666479375000000118e+02,-1.020475826848178258e+02
4.666482304687500005e+02,-1.020604484375046468e+02
4.666485234374999891e+02,-1.026772288132521567e+02
4.666488164062500346e+02,-1.043213803071369057e+02
4.666491093750000232e+02,-9.771840238898759878e+01
4.666494023437500118e+02,-9.514945608531513699e+01
4.666496953125000005e+02,-1.061288449842371762e+02
4.666499882812499891e+02,-1.030219405473809218e+02
4.666502812500000346e+02,-9.883076325289573560e+01
4.666505742187500232e+02,-9.401494258550633276e+01
4.666508671875000118e+02,-9.398364564635257068e+01
4.666511601562500005e+02,-1.031778658700917930e+02
4.666514531249999891e+02,-9.300708787557613277e+01
4.666517460937500346e+02,-1.006235967117931978e+02
4.666520390625000232e+02,-9.630066064926967329e+01
4.666523320312500118e+02,-9.668243865868868170e+01
4.666526250000000005e+02,-9.941648690362207219e+01
4.666529179687499891e+02,-9.178557834916540514e+01
4.666532109375000346e+02,-9.841183167938933707e+01
4.666535039062500232e+02,-9.275146830002944398e+01
4.666537968750000118e+02,-8.977025419085222779e+01
4.666540898437500005e+02,-8.905273500912541351e+01
4.666543828124999891e+02,-9.581183093631278780e+01
4.666546757812500346e+02,-9.223481271119925395e+01
4.666549687500000232e+02,-9.045169320105875954e+01
4.666552617187500118e+02,-9.732510454613525042e+01
4.666555546875000005e+02,-1.103900616933275245e+02
4.666558476562499891e+02,-9.979243049573724988e+01
4.666561406250000346e+02,-1.118487654864113381e+02
4.666564335937500232e+02,-1.051822513485182355e+02
4.666567265625000118e+02,-1.090633754231236026e+02
4.666570195312500005e+02,-1.042977629427445976e+02
4.666573124999999891e+02,-9.974482115861499665e+01
4.666576054687500346e+02,-1.005139301294084362e+02
4.666578984375000232e+02,-1.001308242255591949e+02
4.666581914062500118e+02,-9.681446589340460207e+01
4.666584843750000005e+02,-9.724285174390701059e+01
4.666587773437499891e+02,-9.261160862368492985e+01
4.666590703125000346e+02,-9.532218865014577602e+01
4.666593632812500232e+02,-9.589819145998839645e+01
4.666596562500000118e+02,-9.060881697279434377e+01
4.666599492187500005e+02,-9.610494292210472622e+01
4.666602421874999891e+02,-9.130904278928996121e+01
4.666605351562500346e+02,-9.443804143376949867e+01
4.666608281250000232e+02,-9.891696073626904706e+01
4.666611210937500118e+02,-9.473388733015242735e+01
4.666614140625000005e+02,-1.012324434576557621e+02
4.666617070312499891e+02,-9.972776690303412295e+01
4.666620000000000346e+02,-9.689826372090374207e+01
4.666622929687500232e+02,-9.355060734600832006e+01
4.666625859375000118e+02,-9.430382205120190520e+01
4.666628789062500005e+02,-8.947268531857439200e+01
4.666631718749999891e+02,-9.257025070526593424e+01
4.666634648437500346e+02,-9.847496321528298324e+01
4.666637578125000232e+02,-1.014227504073298860e+02
4.666640507812500118e+02,-1.055842549803751496e+02
4.666643437500000005e+02,-9.605971289228361343e+01
4.666646367187499891e+02,-9.155395211010971934e+01
4.666649296875000346e+02,-9.365579917528185661e+01
4.666652226562500232e+02,-1.018236346782722848e+02
4.666655156250000118e+02,-9.683937393405912530e+01
4.666658085937500005e+02,-9.036545674504543513e+01
4.666661015624999891e+02,-9.779071170230197652e+01
4.666663945312500346e+02,-9.660195854159320561e+01
4.666666875000000232e+02,-9.554861135370275349e+01
4.666669804687500118e+02,-1.006659586810454243e+02
4.666672734375000005e+02,-9.831406233838906417e+01
4.666675664062499891e+02,-9.178944647403362467e+01
4.666678593750000346e+02,-9.534711233722676127e+01
4.666681523437500232e+02,-9.207856625592089017e+01
4.666684453125000118e+02,-9.072518288214966731e+01
4.666687382812500005e+02,-9.421574267843952555e+01
4.666690312499999891e+02,-9.212452965468500565e+01
4.666693242187500346e+02,-9.404157086944866251e+01
4.666696171875000232e+02,-1.005780048228630790e+02
4.666699101562500118e+02,-9.624180780286947368e+01
4.666702031250000005e+02,-9.435662959169512476e+01
4.666704960937499891e+02,-9.229419753127091042e+01
4.666707890625000346e+02,-9.495710604741724126e+01
4.666710820312500232e+02,-9.775601805931891874e+01
4.666713750000000118e+02,-9.114193997097825672e+01
4.666716679687500005e+02,-9.711166587102735548e+01
4.666719609374999891e+02,-9.341011965141434814e+01
4.666722539062500346e+02,-9.810453692812981785e+01
4.666725468750000232e+02,-9.448132868145201257e+01
4.666728398437500118e+02,-1.052354387324456013e+02
4.666731328125000005e+02,-9.533993524662005825e+01
4.666734257812499891e+02,-9.699472595079500081e+01
4.666737187500000346e+02,-1.013419286009514195e+02
4.666740117187500232e+02,-9.675139796556321414e+01
4.666743046875000118e+02,-9.792054739069536140e+01
4.666745976562500005e+02,-9.596619684794592331e+01
4.666748906249999891e+02,-9.370834272066369408e+01
4.666751835937500346e+02,-9.544215925426723857e+01
4.666754765625000232e+02,-9.813998410956365603e+01
4.666757695312500118e+02,-9.569932295833298497e+01
4.666760625000000005e+02,-8.980340137877638540e+01
4.666763554687499891e+02,-9.110545699236551798e+01
4.666766484375000346e+02,-9.306109076747628706e+01
4.666769414062500232e+02,-9.402685560080735172e+01
4.666772343750000118e+02,-9.626938368267212809e+01
4.666775273437500005e+02,-9.420067918323069023e+01
4.666778203124999891e+02,-9.330267738828672464e+01
4.666781132812500346e+02,-9.969077319603208309e+01
4.666784062500000232e+02,-1.008548375664989862e+02
4.666786992187500118e+02,-9.663677101479024145e+01
4.666789921875000005e+02,-1.072861200961110910e+02
4.666792851562499891e+02,-1.166828308526344671e+02
4.666795781250000346e+02,-9.700870476363144235e+01
4.666798710937500232e+02,-9.721408317330151760e+01
4.666801640625000118e+02,-9.979883740598947384e+01
4.666804570312500005e+02,-9.814490665403820913e+01
4.666807499999999891e+02,-9.517666395416077307e+01
4.666810429687500346e+02,-1.019237750723763867e+02
4.666813359375000232e+02,-9.432917740878966129e+01
4.666816289062500118e+02,-9.318724912638975866e+01
4.666819218750000005e+02,-1.052018068868772502e+02
4.666822148437499891e+02,-9.506441482784947539e+01
4.666825078125000346e+02,-1.074161864968094733e+02
4.666828007812500232e+02,-9.903443935450944480e+01
4.666830937500000118e+02,-9.911002953550514860e+01
4.666833867187500005e+02,-9.566349735925307129e+01
4.666836796874999891e+02,-9.334029712339967944e+01
4.666839726562500346e+02,-9.152364450951920105e+01
4.666842656250000232e+02,-9.479028386008785390e+01
4.666845585937500118e+02,-9.647603923612884103e+01
4.666848515625000005e+02,-9.889384774737158068e+01
4.666851445312499891e+02,-1.018490689727052256e+02
4.666854375000000346e+02,-1.023131220604953597e+02
4.666857304687500232e+02,-1.095322210766697140e+02
4.666860234375000118e+02,-1.064983943718341663e+02
4.666863164062500005e+02,-9.871159901732356445e+01
4.666866093749999891e+02,-9.693786580551845589e+01
4.666869023437500346e+02,-9.670844345875664771e+01
4.666871953125000232e+02,-9.819577600392744898e+01
4.666874882812500118e+02,-1.050987015079347344e+02
4.666877812500000005e+02,-9.749176222163217176e+01
4.666880742187499891e+02,-1.025476833348274539e+02
4.666883671875000346e+02,-9.873556206363362264e+01
4.666886601562500232e+02,-1.071152856480393609e+02
4.666889531250000118e+02,-9.286131841028503686e+01
4.666892460937500005e+02,-9.547890532707094735e+01
4.666895390624999891e+02,-1.022528145803883035e+02
4.666898320312500346e+02,-9.875484309869139565e+01
4.666901250000000232e+02,-9.406820999510394188e+01
4.666904179687500118e+02,-9.254189712352597041e+01
4.666907109375000005e+02,-1.030505237034898727e+02
4.666910039062499891e+02,-9.847225623080939272e+01
4.666912968750000346e+02,-9.104617902332149981e+01
4.666915898437500232e+02,-9.000762108049715948e+01
4.666918828125000118e+02,-9.409424945708110499e+01
4.666921757812500005e+02,-9.922026712230334056e+01
4.666924687499999891e+02,-9.965852956953247599e+01
4.666927617187500346e+02,-9.734650003355596937e+01
4.666930546875000232e+02,-1.017676969558136193e+02
4.666933476562500118e+02,-9.622143444932908096e+01
4.666936406250000005e+02,-9.786349953424436876e+01
4.666939335937499891e+02,-1.035253983801678430e+02
4.666942265625000346e+02,-9.896994473625608180e+01
4.666945195312500232e+02,-1.006185826059390251e+02
4.666948125000000118e+02,-9.296060281079110155e+01
4.666951054687500005e+02,-9.239567260422413142e+01
4.666953984374999891e+02,-9.108407250199270777e+01
4.666956914062500346e+02,-1.038250834772381950e+02
4.666959843750000232e+02,-9.850663610601924347e+01
4.666962773437500118e+02,-9.940771611501639882e+01
4.666965703125000005e+02,-9.812453510527174672e+01
4.666968632812499891e+02,-9.138540951340419838e+01
4.666971562500000346e+02,-9.773034588778996579e+01
4.666974492187500232e+02,-9.592985991956375358e+01
4.666977421875000118e+02,-9.959685129907038004e+01
4.666980351562500005e+02,-9.680902464534034380e+01
4.666983281249999891e+02,-1.005930820910185872e+02
4.666986210937500346e+02,-1.029501205968924467e+02
4.666989140625000232e+02,-1.060778438787533844e+02
4.666992070312500118e+02,-1.141841121966282628e+02
4.666995000000000005e+02,-9.414393551329399656e+01
4.666997929687499891e+02,-9.927446296823825378e+01
4.667000859375000346e+02,-1.079915357311390522e+02
4.667003789062500232e+02,-9.764008238112536731e+01
4.667006718750000118e+02,-9.295555380999203976e+01
4.667009648437500005e+02,-9.229220341105103387e+01
4.667012578124999891e+02,-1.143237576406391867e+02
4.667015507812500346e+02,-1.019536473926922326e+02
4.667018437500000232e+02,-9.439428982976913574e+01
4.667021367187500118e+02,-9.559426187587853008e+01
4.667024296875000005e+02,-9.483709239471538410e+01
4.667027226562499891e+02,-9.811046203489999584e+01
4.667030156250000346e+02,-1.008468013950045190e+02
4.667033085937500232e+02,-1.014988870092231110e+02
4.667036015625000118e+02,-1.007567457459143299e+02
4.667038945312500005e+02,-9.975878844764338282e+01
4.667041874999999891e+02,-1.008699626463510555e+02
4.667044804687500346e+02,-1.050070986404749931e+02
4.667047734375000232e+02,-9.485209531402941252e+01
4.667050664062500118e+02,-1.013866561889123972e+02
4.667053593750000005e+02,-9.283774346329023786e+01
4.667056523437499891e+02,-1.098404646683623156e+02
4.667059453125000346e+02,-8.736406637694804544e+01
4.667062382812500232e+02,-8.958455834871728030e+01
4.667065312500000118e+02,-9.515255343137687305e+01
4.667068242187500005e+02,-9.282860854545239704e+01
4.667071171874999891e+02,-9.723093378023122568e+01
4.667074101562500346e+02,-9.387286208818920841e+01
4.667077031250000232e+02,-1.008017381207791630e+02
4.667079960937500118e+02,-1.044970382277758034e+02
4.667082890625000005e+02,-9.464364243451130676e+01
4.667085820312499891e+02,-9.167221979209783456e+01
4.667088750000000346e+02,-9.221656869572866810e+01
4.667091679687500232e+02,-1.089403574351376562e+02
4.667094609375000118e+02,-9.130373971229295194e+01
4.667097539062500005e+02,-9.192316599450514047e+01
4.667100468749999891e+02,-1.028281053070610369e+02
4.667103398437500346e+02,-9.931698540727961699e+01
4.667106328125000232e+02,-9.858793886836252796e+01
4.667109257812500118e+02,-1.010082610566666688e+02
4.667112187500000005e+02,-1.002099236952099091e+02
4.667115117187499891e+02,-9.508141762140532194e+01
4.667118046875000346e+02,-1.034799557667485459e+02
4.667120976562500232e+02,-1.014873020412551341e+02
4.667123906250000118e+02,-9.218957295420699438e+01
4.667126835937500005e+02,-9.295037438699483801e+01
4.667129765624999891e+02,-1.014736572903209435e+02
4.667132695312500346e+02,-9.497261613159201943e+01
4.667135625000000232e+02,-9.223836379306895594e+01
4.667138554687500118e+02,-9.934867423559177269e+01
4.667141484375000005e+02,-9.459289508092473397e+01
4.667144414062499891e+02,-9.308389756863297748e+01
4.667147343750000346e+02,-1.023934859531816954e+02
4.667150273437500232e+02,-1.009888398554775506e+02
4.667153203125000118e+02,-9.637571850530405015e+01
4.667156132812500005e+02,-9.519166592874449861e+01
4.667159062499999891e+02,-9.474164699413327639e+01
4.667161992187500346e+02,-9.197812857164007028e+01
4.667164921875000232e+02,-1.039656816933616597e+02
4.667167851562500118e+02,-9.506265849009614044e+01
4.667170781250000005e+02,-9.985806335774712750e+01
4.667173710937499891e+02,-9.280380559335051771e+01
4.667176640625000346e+02,-9.446889072779741525e+01
4.667179570312500232e+02,-1.126567738175534430e+02
4.667182500000000118e+02,-9.233984839718394255e+01
4.667185429687500005e+02,-9.452002652583465192e+01
4.667188359374999891e+02,-1.024241206432577087e+02
4.667191289062500346e+02,-9.416804807526762033e+01
4.667194218750000232e+02,-8.944648547091816226e+01
4.667197148437500118e+02,-9.119032550946569415e+01
4.667200078125000005e+02,-9.510147729317962728e+01
4.667203007812499891e+02,-9.549998484351928596e+01
4.667205937500000346e+02,-9.190326433133049022e+01
4.667208867187500232e+02,-8.995020473345911682e+01
4.667211796875000118e+02,-9.185508716955139619e+01
4.667214726562500005e+02,-9.822511622497484041e+01
4.667217656249999891e+02,-9.430514954355034263e+01
4.667220585937500346e+02,-1.067594613641779233e+02
4.667223515625000232e+02,-9.713614388694244894e+01
4.667226445312500118e+02,-9.284388224754707153e+01
4.667229375000000005e+02,-9.605638415120971274e+01
4.667232304687499891e+02,-9.463473328940318652e+01
4.667235234375000346e+02,-9.870763736522997078e+01
4.667238164062500232e+02,-9.660841463097013104e+01
4.667241093750000118e+02,-1.000059009670037113e+02
4.667244023437500005e+02,-9.618236361751668539e+01
4.667246953124999891e+02,-1.069990575561592152e+02
4.667249882812500346e+02,-9.183624152668019747e+01
4.667252812500000232e+02,-9.500966828106258788e+01
4.667255742187500118e+02,-1.140105664129553276e+02
4.667258671875000005e+02,-9.918434369992270661e+01
4.667261601562499891e+02,-1.058165574766432826e+02
4.667264531250000346e+02,-9.844414645473739256e+01
4.667267460937500232e+02,-1.022019707889479321e+02
4.667270390625000118e+02,-1.081730378518138735e+02
4.667273320312500005e+02,-1.029067240928545459e+02
4.667276249999999891e+02,-9.705261578094015817e+01
4.667279179687500346e+02,-9.584397259745864517e+01
4.667282109375000232e+02,-9.995065313771881677e+01
4.667285039062500118e+02,-9.788167277052410498e+01
4.667287968750000005e+02,-1.027181784865206851e+02
4.667290898437499891e+02,-9.986897939293575632e+01
4.667293828125000346e+02,-9.707202268029118386e+01
4.667296757812500232e+02,-9.885382020772544820e+01
4.667299687500000118e+02,-9.556595660635409217e+01
4.667302617187500005e+02,-1.044764041290983556e+02
4.667305546874999891e+02,-1.046613141486929379e+02
4.667308476562500346e+02,-1.063331872624124088e+02
4.667311406250000232e+02,-1.000496294767482937e+02
4.667314335937500118e+02,-9.902383568348153631e+01
4.667317265625000005e+02,-1.022208588540836729e+02
4.667320195312499891e+02,-1.030656300752820869e+02
4.667323125000000346e+02,-1.045016722114169170e+02
4.667326054687500232e+02,-9.767987676602756153e+01
4.667328984375000118e+02,-9.465157054752032195e+01
4.667331914062500005e+02,-9.964450050210459153e+01
4.667334843749999891e+02,-9.060943713074155426e+01
4.667337773437500346e+02,-8.899330138703838600e+01
4.667340703125000232e+02,-9.835434888943822784e+01
4.667343632812500118e+02,-1.020843415683695525e+02
4.667346562500000005e+02,-9.366238096977906480e+01
4.667349492187499891e+02,-9.399855023343933169e+01
4.667352421875000346e+02,-8.991862600869617950e+01
4.667355351562500232e+02,-9.145559927872372441e+01
4.667358281250000118e+02,-1.062190634402361127e+02
4.667361210937500005e+02,-1.190178505897702479e+02
4.667364140624999891e+02,-9.549403926789473473e+01
4.667367070312500346e+02,-9.818578836158312129e+01
4.667370000000000232e+02,-1.047950735746435953e+02
4.667372929687500118e+02,-9.291197519840501684e+01
4.667375859375000005e+02,-9.174233651988494387e+01
4.667378789062499891e+02,-9.541595764703714622e+01
4.667381718750000346e+02,-9.289636821750571016e+01
4.667384648437500232e+02,-9.076449965611610082e+01
4.667387578125000118e+02,-9.741950704111965820e+01
4.667390507812500005e+02,-1.007186092733314240e+02
4.667393437499999891e+02,-9.703641554809445324e+01
4.667396367187500346e+02,-9.246497551467314224e+01
4.667399296875000232e+02,-9.937720178330600618e+01
4.667402226562500118e+02,-9.871127905577280615e+01
4.667405156250000005e+02,-1.106971299621975788e+02
4.667408085937499891e+02,-1.104777547378584757e+02
4.667411015625000346e+02,-1.094950644663440471e+02
4.667413945312500232e+02,-9.654094916801399506e+01
4.667416875000000118e+02,-9.536713992897023218e+01
4.667419804687500005e+02,-1.011481767315832485e+02
4.667422734374999891e+02,-9.429731094459012297e+01
4.667425664062500346e+02,-9.314379175024861013e+01
4.667428593750000232e+02,-9.934884150289141758e+01
4.667431523437500118e+02,-9.294716536786621930e+01
4.667434453125000005e+02,-9.720183085565403758e+01
4.667437382812499891e+02,-9.530053831188325830e+01
4.667440312500000346e+02,-1.000549276536773959e+02
4.667443242187500232e+02,-9.728343306529598067e+01
4.667446171875000118e+02,-9.192962747569494297e+01
4.667449101562500005e+02,-9.017617028177951966e+01
4.667452031249999891e+02,-9.486332313254285964e+01
4.667454960937500346e+02,-9.763139143927425323e+01
4.667457890625000232e+02,-9.397555988773156344e+01
4.667460820312500118e+02,-1.013225488592110111e+02
4.667463750000000005e+02,-9.285436371912994957e+01
4.667466679687499891e+02,-9.522541503179536448e+01
4.667469609375000346e+02,-9.254852620149527809e+01
4.667472539062500232e+02,-9.213361385463497299e+01
4.667475468750000118e+02,-9.340341381513641750e+01
4.667478398437500005e+02,-9.185298761345279672e+01
4.667481328124999891e+02,-9.064732389317528316e+01
4.667484257812500346e+02,-1.012120887948884160e+02
4.667487187500000232e+02,-9.713311379686899727e+01
4.667490117187500118e+02,-1.046774243991204258e+02
4.667493046875000005e+02,-9.348334843046906428e+01
4.667495976562499891e+02,-9.503860151288981228e+01
4.667498906250000346e+02,-1.025348664408959394e+02
4.667501835937500232e+02,-9.803421945034222063e+01
4.667504765625000118e+02,-9.708898463529330058e+01
4.667507695312500005e+02,-9.819738437300017608e+01
4.667510624999999891e+02,-9.976885965569141490e+01
4.667513554687500346e+02,-9.089016788666866375e+01
4.667516484375000232e+02,-8.897946220936346151e+01
4.667519414062500118e+02,-9.458206173293875452e+01
4.667522343750000005e+02,-9.218476686659464292e+01
4.667525273437499891e+02,-9.000856190906935694e+01
4.667528203125000346e+02,-8.636370273713566803e+01
4.667531132812500232e+02,-9.578483905902956508e+01
4.667534062500000118e+02,-1.080364390019213943e+02
4.667536992187500005e+02,-9.083342140240439733e+01
4.667539921874999891e+02,-9.401344082379705469e+01
4.667542851562500346e+02,-9.503771044880240026e+01
4.667545781250000232e+02,-9.309148954855807290e+01
4.667548710937500118e+02,-1.023630664484976904e+02
4.667551640625000005e+02,-9.684110460877460014e+01
4.667554570312499891e+02,-9.204980829288604127e+01
4.667557500000000346e+02,-9.282790500276816203e+01
4.667560429687500232e+02,-9.657793811471486833e+01
4.667563359375000118e+02,-9.810690573001147641e+01
4.667566289062500005e+02,-9.073216866453813623e+01
4.667569218749999891e+02,-9.418627978299622328e+01
4.667572148437500346e+02,-1.019922635832026288e+02
4.667575078125000232e+02,-9.763434523648544427e+01
4.667578007812500118e+02,-9.781832727699415386e+01
4.667580937500000005e+02,-9.063853236446692563e+01
4.667583867187499891e+02,-1.059995522349452983e+02
4.667586796875000346e+02,-9.670626989539547935e+01
4.667589726562500232e+02,-9.159057001060691050e+01
4.667592656250000118e+02,-9.349983888528953457e+01
4.667595585937500005e+02,-9.071321934000670240e+01
4.667598515624999891e+02,-9.310894722666235168e+01
4.667601445312500346e+02,-9.021208277625242999e+01
4.667604375000000232e+02,-9.040422874951198651e+01
4.667607304687500118e+02,-8.972933367185174802e+01
4.667610234375000005e+02,-9.979468827170342138e+01
4.667613164062499891e+02,-1.007691353481275911e+02
4.667616093750000346e+02,-1.038718667549576367e+02
4.667619023437500232e+02,-9.927768315509990771e+01
4.667621953125000118e+02,-9.420896940076970338e+01
4.667624882812500005e+02,-9.605574811945359670e+01
4.667627812499999891e+02,-9.239885188153348849e+01
4.667630742187500346e+02,-9.233861638401052119e+01
4.667633671875000232e+02,-1.070826405745597043e+02
4.667636601562500118e+02,-1.054962408620846190e+02
4.667639531250000005e+02,-9.508371284849552296e+01
4.667642460937499891e+02,-8.943338315656902182e+01
4.667645390625000346e+02,-9.279406477050650892e+01
4.667648320312500232e+02,-9.996396641075438083e+01
4.667651250000000118e+02,-9.230006756119612987e+01
4.667654179687500005e+02,-1.001129756017544281e+02
4.667657109374999891e+02,-9.660837654030049748e+01
4.667660039062500346e+02,-9.399718784091605528e+01
4.667662968750000232e+02,-8.951117235632621316e+01
4.667665898437500118e+02,-9.341070624139739209e+01
4.667668828125000005e+02,-1.058234413161577834e+02
4.667671757812499891e+02,-1.180767186497140813e+02
4.667674687500000346e+02,-9.446236391728872661e+01
4.667677617187500232e+02,-9.479715530846199556e+01
4.667680546875000118e+02,-9.040019079202770058e+01
4.667683476562500005e+02,-8.988877931533880883e+01
4.667686406249999891e+02,-9.607607194275443874e+01
4.667689335937500346e+02,-9.696300718271082530e+01
4.667692265625000232e+02,-9.513807888974736215e+01
4.667695195312500118e+02,-9.732084376149126115e+01
4.667698125000000005e+02,-9.500711748708083348e+01
4.667701054687499891e+02,-9.055404255925546408e+01
4.667703984375000346e+02,-9.542124239415265663e+01
4.667706914062500232e+02,-9.267768344589305229e+01
4.667709843750000118e+02,-9.416163168038976039e+01
4.667712773437500005e+02,-9.475785264915110417e+01
4.667715703124999891e+02,-9.000611428372117473e+01
4.667718632812500346e+02,-9.810624963151836653e+01
4.667721562500000232e+02,-9.835875970669488311e+01
4.667724492187500118e+02,-9.553021081041981688e+01
4.667727421875000005e+02,-9.048326885046110135e+01
4.667730351562499891e+02,-1.022704328188210638e+02
4.667733281250000346e+02,-9.132798057659000790e+01
4.667736210937500232e+02,-9.420331709983436497e+01
4.667739140625000118e+02,-9.506700101088453891e+01
4.667742070312500005e+02,-1.059452151896577732e+02
4.667744999999999891e+02,-9.803505673592846392e+01
4.667747929687500346e+02,-9.521729193596479490e+01
4.667750859375000232e+02,-1.016555666476726429e+02
4.667753789062500118e+02,-9.113201188424538657e+01
4.667756718750000005e+02,-9.032276363047463974e+01
4.667759648437499891e+02,-1.098202353728016192e+02
4.667762578125000346e+02,-9.273834400409873524e+01
4.667765507812500232e+02,-9.223386931986968307e+01
4.667768437500000118e+02,-8.842983879364194877e+01
4.667771367187500005e+02,-8.890836292726747558e+01
4.667774296874999891e+02,-9.429169523724466728e+01
4.667777226562500346e+02,-9.124349063399668580e+01
4.667780156250000232e+02,-9.540263526756440626e+01
4.667783085937500118e+02,-1.182053502200614332e+02
4.667786015625000005e+02,-9.396569995400064101e+01
4.667788945312499891e+02,-9.261533305012740414e+01
4.667791875000000346e+02,-1.005044902181282112e+02
4.667794804687500232e+02,-9.863896028979603159e+01
4.667797734375000118e+02,-9.764075372085392246e+01
4.667800664062500005e+02,-1.024515644363618492e+02
4.667803593749999891e+02,-1.050353043930965526e+02
4.667806523437500346e+02,-9.217548999630901108e+01
4.667809453125000232e+02,-9.028796391028576807e+01
4.667812382812500118e+02,-1.033172988171808271e+02
4.667815312500000005e+02,-9.461688013235934136e+01
4.667818242187499891e+02,-1.122602200499538299e+02
4.667821171875000346e+02,-9.241681359915857286e+01
4.667824101562500232e+02,-9.469285565234356739e+01
4.667827031250000118e+02,-1.023030873772239318e+02
4.667829960937500005e+02,-9.366329422640829705e+01
4.667832890624999891e+02,-9.185984408550285707e+01
4.667835820312500346e+02,-9.257018371861725825e+01
4.667838750000000232e+02,-9.332611384116026443e+01
4.667841679687500118e+02,-9.333042188915035808e+01
4.667844609375000005e+02,-9.098382226447589005e+01
4.667847539062499891e+02,-9.862309036549048358e+01
4.667850468750000346e+02,-9.395303997437341081e+01
4.667853398437500232e+02,-9.707539249202341125e+01
4.667856328125000118e+02,-9.417527360618130672e+01
4.667859257812500005e+02,-9.675691873180112168e+01
4.667862187499999891e+02,-9.670412774725973293e+01
4.667865117187500346e+02,-1.040836237497036905e+02
4.667868046875000232e+02,-1.082706565712855991e+02
4.667870976562500118e+02,-1.101830248684331224e+02
4.667873906250000005e+02,-9.500200311353459881e+01
4.667876835937499891e+02,-9.288015575800024237e+01
4.667879765625000346e+02,-1.004861693077793205e+02
4.667882695312500232e+02,-9.499663036040182362e+01
4.667885625000000118e+02,-9.174130118472687911e+01
4.667888554687500005e+02,-9.047367813298788519e+01
4.667891484374999891e+02,-9.669890322062661880e+01
4.667894414062500346e+02,-9.239560765818811205e+01
4.667897343750000232e+02,-9.116017643478517130e+01
4.667900273437500118e+02,-1.025526882246327887e+02
4.667903203125000005e+02,-9.260153621794810874e+01
4.667906132812499891e+02,-1.027431552612692656e+02
4.667909062500000346e+02,-9.147494458544933593e+01
4.667911992187500232e+02,-9.645072450508013162e+01
4.667914921875000118e+02,-9.054435561767178342e+01
4.667917851562500005e+02,-9.214657725781569297e+01
4.667920781249999891e+02,-9.288510061226347148e+01
4.667923710937500346e+02,-9.357928044114110833e+01
4.667926640625000232e+02,-9.716322877273898939e+01
4.667929570312500118e+02,-1.065660857843280667e+02
4.667932500000000005e+02,-1.040450876845417127e+02
4.667935429687499891e+02,-9.763812121465137750e+01
4.667938359375000346e+02,-9.311985435539949663e+01
4.667941289062500232e+02,-8.941245968991722748e+01
4.667944218750000118e+02,-9.059495458755870345e+01
4.667947148437500005e+02,-9.760202809244496791e+01
4.667950078124999891e+02,-8.861449964595557560e+01
4.667953007812500346e+02,-9.499835100942735266e+01
4.667955937500000232e+02,-9.428589131507877141e+01
4.667958867187500118e+02,-8.951068404691594083e+01
4.667961796875000005e+02,-9.384209288955666750e+01
4.667964726562499891e+02,-8.914958863413204426e+01
4.667967656250000346e+02,-8.938519081677023337e+01
4.667970585937500232e+02,-8.719162590148114589e+01
4.667973515625000118e+02,-8.981293091121129635e+01
4.667976445312500005e+02,-9.102855035610303958e+01
4.667979374999999891e+02,-9.015221456733584660e+01
4.667982304687500346e+02,-8.904593669169885573e+01
4.667985234375000232e+02,-9.138611687111696824e+01
4.667988164062500118e+02,-9.159159246011641642e+01
4.667991093750000005e+02,-9.247020294432955723e+01
4.667994023437499891e+02,-9.261829414069163136e+01
4.667996953125000346e+02,-9.552638666375759158e+01
4.667999882812500232e+02,-1.028388928657258958e+02
4.668002812500000118e+02,-9.131805129253368136e+01
4.668005742187500005e+02,-1.006373053091100900e+02
4.668008671874999891e+02,-9.875184393766423341e+01
4.668011601562500346e+02,-9.467071242236259820e+01
4.668014531250000232e+02,-9.886448992964581350e+01
4.668017460937500118e+02,-1.265218122184411840e+02
4.668020390625000005e+02,-1.001768562417412767e+02
4.668023320312499891e+02,-1.028711466486851265e+02
4.668026250000000346e+02,-9.600632484381138454e+01
4.668029179687500232e+02,-1.068508495299999908e+02
4.668032109375000118e+02,-1.068574503673618068e+02
4.668035039062500005e+02,-9.223510775809573659e+01
4.668037968749999891e+02,-9.405765360163336197e+01
4.668040898437500346e+02,-1.140056717984333829e+02
4.668043828125000232e+02,-1.160997448643280450e+02
4.668046757812500118e+02,-9.646080677011190119e+01
4.668049687500000005e+02,-8.797759037438527230e+01
4.668052617187499891e+02,-8.662455401788947995e+01
4.668055546875000346e+02,-9.279793454632708460e+01
4.668058476562500232e+02,-9.149655482069077550e+01
4.668061406250000118e+02,-9.237291300949632955e+01
4.668064335937500005e+02,-9.347980781429036767e+01
4.668067265624999891e+02,-9.613184923101728430e+01
4.668070195312500346e+02,-9.674194143337177820e+01
4.668073125000000232e+02,-1.007972136757361028e+02
4.668076054687500118e+02,-9.828279620032132868e+01
4.668078984375000005e+02,-9.659453998612062264e+01
4.668081914062499891e+02,-1.028727044451763106e+02
4.668084843750000346e+02,-9.261536914012037869e+01
4.668087773437500232e+02,-9.560735039984011507e+01
4.668090703125000118e+02,-9.234597208611029373e+01
4.668093632812500005e+02,-9.134435022173298080e+01
4.668096562499999891e+02,-9.789462200297975869e+01
4.668099492187500346e+02,-1.097227546629276560e+02
4.668102421875000232e+02,-9.208979673247404207e+01
4.668105351562500118e+02,-9.420799801335364521e+01
4.668108281250000005e+02,-1.086025952339684721e+02
4.668111210937499891e+02,-9.774347372430504777e+01
4.668114140625000346e+02,-9.449255621822921114e+01
4.668117070312500232e+02,-9.028891259946360037e+01
4.668120000000000118e+02,-1.062714734623071990e+02
4.668122929687500005e+02,-9.803381085785966320e+01
4.668125859374999891e+02,-1.020594700496439771e+02
4.668128789062500346e+02,-1.085779252902229359e+02
4.668131718750000232e+02,-9.647681111388936870e+01
4.668134648437500118e+02,-1.071553145457003353e+02
4.668137578125000005e+02,-9.292781949763275406e+01
4.668140507812499891e+02,-1.145913401928052622e+02
4.668143437500000346e+02,-1.108446250103039006e+02
4.668146367187500232e+02,-9.924382478118637607e+01
4.668149296875000118e+02,-9.987174518435608661e+01
4.668152226562500005e+02,-9.322279309632077116e+01
4.668155156249999891e+02,-9.158687726797384698e+01
4.668158085937500346e+02,-9.342744429985575039e+01
4.668161015625000232e+02,-9.265871081468191051e+01
4.668163945312500118e+02,-9.229029695978672976e+01
4.668166875000000005e+02,-1.032422979439052710e+02
4.668169804687499891e+02,-9.083849065149102842e+01
4.668172734375000346e+02,-9.021071768751666298e+01
4.668175664062500232e+02,-9.274646797810339649e+01
4.668178593750000118e+02,-1.040022360130660388e+02
4.668181523437500005e+02,-9.404742504269286485e+01
4.668184453124999891e+02,-9.542868811715342758e+01
4.668187382812500346e+02,-9.293582080890482189e+01
4.668190312500000232e+02,-9.134839760136374309e+01
4.668193242187500118e+02,-9.230714064633501437e+01
4.668196171875000005e+02,-9.449860607921530686e+01
4.668199101562499891e+02,-1.011695692252050947e+02
4.668202031250000346e+02,-9.953112917180084196e+01
4.668204960937500232e+02,-9.493107689466457089e+01
4.668207890625000118e+02,-8.928614219824015663e+01
4.668210820312500005e+02,-8.880566267196776664e+01
4.668213749999999891e+02,-8.988411375479346077e+01
4.668216679687500346e+02,-9.179756360094521028e+01
4.668219609375000232e+02,-9.213873315800191222e+01
4.668222539062500118e+02,-9.271962697983902046e+01
4.668225468750000005e+02,-9.482791328645809870e+01
4.668228398437499891e+02,-9.658397210264715227e+01
4.668231328125000346e+02,-9.158348145217301806e+01
4.668234257812500232e+02,-9.497495992787492014e+01
4.668237187500000118e+02,-1.111139839896109294e+02
4.668240117187500005e+02,-9.636525886837972621e+01
4.668243046874999891e+02,-9.768283924916902095e+01
4.668245976562500346e+02,-9.536255378512669267e+01
4.668248906250000232e+02,-9.122907300367556616e+01
4.668251835937500118e+02,-9.143870232934543196e+01
4.668254765625000005e+02,-9.289037003078416888e+01
4.668257695312499891e+02,-9.332102622019114335e+01
4.668260625000000346e+02,-9.971958566921435363e+01
4.668263554687500232e+02,-9.955005165567810366e+01
4.668266484375000118e+02,-9.774983077691291555e+01
4.668269414062500005e+02,-9.991698295333230817e+01
4.668272343749999891e+02,-9.459955529183170597e+01
4.668275273437500346e+02,-9.170671069561728928e+01
4.668278203125000232e+02,-9.008369722328838236e+01
4.668281132812500118e+02,-9.437501298472309941e+01
4.668284062500000005e+02,-9.608619037130975471e+01
4.668286992187499891e+02,-1.069345668461580345e+02
4.668289921875000346e+02,-8.744012619712727030e+01
4.668292851562500232e+02,-8.708652205175413030e+01
4.668295781250000118e+02,-9.044191924690652229e+01
4.668298710937500005e+02,-9.748158092403605224e+01
4.668301640624999891e+02,-1.005036573799979038e+02
4.668304570312500346e+02,-1.020047483123426133e+02
4.668307500000000232e+02,-9.991863262470249651e+01
4.668310429687500118e+02,-1.004585052638645237e+02
4.668313359375000005e+02,-1.085753420089799874e+02
4.668316289062499891e+02,-9.664719354915661143e+01
4.668319218750000346e+02,-9.432801317549446196e+01
4.668322148437500232e+02,-9.231592485595433573e+01
4.668325078125000118e+02,-9.428947003690325346e+01
4.668328007812500005e+02,-9.750546027349335532e+01
4.668330937499999891e+02,-9.329326703364648665e+01
4.668333867187500346e+02,-9.691564474409995000e+01
4.668336796875000232e+02,-8.909197092013022257e+01
4.668339726562500118e+02,-8.846610106560135023e+01
4.668342656250000005e+02,-9.084603606865968572e+01
4.668345585937499891e+02,-9.290908200924418736e+01
4.668348515625000346e+02,-9.275162726862511420e+01
4.668351445312500232e+02,-8.594537377211506168e+01
4.668354375000000118e+02,-8.785350546472361088e+01
4.668357304687500005e+02,-9.506394838330892583e+01
4.668360234374999891e+02,-8.889616269461087938e+01
4.668363164062500346e+02,-9.564634586173357889e+01
4.668366093750000232e+02,-9.536212110963646182e+01
4.668369023437500118e+02,-9.195688008692563642e+01
4.668371953125000005e+02,-9.480017667522751879e+01
4.668374882812499891e+02,-1.076654388426781139e+02
4.668377812500000346e+02,-9.515504516784771738e+01
4.668380742187500232e+02,-9.188030769679123466e+01
4.668383671875000118e+02,-9.507427023147344869e+01
4.668386601562500005e+02,-9.517279752757141864e+01
4.668389531249999891e+02,-9.471875388111426730e+01
4.668392460937500346e+02,-9.555179130102841611e+01
4.668395390625000232e+02,-9.309996088025997096e+01
4.668398320312500118e+02,-8.972569830747102060e+01
4.668401250000000005e+02,-9.205975969203518616e+01
4.668404179687499891e+02,-9.282649642526374123e+01
4.668407109375000346e+02,-9.614909238832638039e+01
4.668410039062500232e+02,-1.060196142813020401e+02
4.668412968750000118e+02,-9.897025671102382205e+01
4.668415898437500005e+02,-9.371588798797776576e+01
4.668418828124999891e+02,-1.047649678457008804e+02
4.668421757812500346e+02,-9.954826764407485484e+01
4.668424687500000232e+02,-9.388535197125067100e+01
4.668427617187500118e+02,-9.613053295131167886e+01
4.668430546875000005e+02,-9.969966110734242193e+01
4.668433476562499891e+02,-1.044139021627984363e+02
4.668436406250000346e+02,-1.000386461634159332e+02
4.668439335937500232e+02,-9.732105836524281983e+01
4.668442265625000118e+02,-9.347791201221627944e+01
4.668445195312500005e+02,-8.806938801309051712e+01
4.668448124999999891e+02,-8.882172897176135962e+01
4.668451054687500346e+02,-9.151972806884742795e+01
4.668453984375000232e+02,-9.909952269195636632e+01
4.668456914062500118e+02,-8.844368944443064606e+01
4.668459843750000005e+02,-8.729361883142075840e+01
4.668462773437499891e+02,-9.128921907511687550e+01
4.668465703125000346e+02,-9.091784699936218317e+01
4.668468632812500232e+02,-9.952542453262273625e+01
4.668471562500000118e+02,-8.964356732436299069e+01
4.668474492187500005e+02,-9.365492701936264552e+01
4.668477421874999891e+02,-9.983348213052190090e+01
4.668480351562500346e+02,-9.996520382655972981e+01
4.668483281250000232e+02,-1.004526507816113536e+02
4.668486210937500118e+02,-9.766034415795500934e+01
4.668489140625000005e+02,-9.487790308205939027e+01
4.668492070312499891e+02,-1.066918661690689731e+02
4.668495000000000346e+02,-9.443313694316023543e+01
4.668497929687500232e+02,-1.046508458347159376e+02
4.668500859375000118e+02,-9.088677664457347305e+01
4.668503789062500005e+02,-9.289402763170761546e+01
4.668506718749999891e+02,-1.033433538585093459e+02
4.668509648437500346e+02,-9.596854785245258768e+01
4.668512578125000232e+02,-8.966260519440626808e+01
4.668515507812500118e+02,-8.731456995228798235e+01
4.668518437500000005e+02,-9.547872193529155993e+01
4.668521367187499891e+02,-8.838970301362806481e+01
4.668524296875000346e+02,-9.127949219181959961e+01
4.668527226562500232e+02,-1.121214122017757120e+02
4.668530156250000118e+02,-9.848755028694927205e+01
4.668533085937500005e+02,-9.551204152457266616e+01
4.668536015624999891e+02,-8.933852492135657997e+01
4.668538945312500346e+02,-9.155224350301175207e+01
4.668541875000000232e+02,-9.427000756688644856e+01
4.668544804687500118e+02,-9.824395255721783826e+01
4.668547734375000005e+02,-9.096324514751530899e+01
4.668550664062499891e+02,-1.010172807543994509e+02
4.668553593750000346e+02,-9.723600412432192286e+01
4.668556523437500232e+02,-1.004571025935955078e+02
4.668559453125000118e+02,-1.018006948435095893e+02
4.668562382812500005e+02,-9.227822033273287161e+01
4.668565312499999891e+02,-8.959902787109088251e+01
4.668568242187500346e+02,-9.290287635054498594e+01
4.668571171875000232e+02,-1.027363813310219740e+02
4.668574101562500118e+02,-9.355122207146433766e+01
4.668577031250000005e+02,-8.491073053830828599e+01
4.668579960937499891e+02,-9.034249366614089638e+01
4.668582890625000346e+02,-9.739534040566228157e+01
4.668585820312500232e+02,-9.322263626773748513e+01
4.668588750000000118e+02,-9.557793731303826235e+01
4.668591679687500005e+02,-9.237963253640540984e+01
4.668594609374999891e+02,-9.317450068694753895e+01
4.668597539062500346e+02,-9.193269205267127120e+01
4.668600468750000232e+02,-9.546969600789978472e+01
4.668603398437500118e+02,-1.004223720452804827e+02
4.668606328125000005e+02,-1.083556079356375790e+02
4.668609257812499891e+02,-9.717665731667602813e+01
4.668612187500000346e+02,-9.345845981040258721e+01
4.668615117187500232e+02,-1.099994248066803237e+02
4.668618046875000118e+02,-9.707712893499918039e+01
4.668620976562500005e+02,-9.008930388679235080e+01
4.668623906249999891e+02,-8.787632501431494347e+01
4.668626835937500346e+02,-9.345676277527931575e+01
4.668629765625000232e+02,-9.550727253363767488e+01
4.668632695312500118e+02,-9.734991030194888140e+01
4.668635625000000005e+02,-9.025989854925731493e+01
4.668638554687499891e+02,-8.977696365182110583e+01
4.668641484375000346e+02,-9.598024571264224392e+01
4.668644414062500232e+02,-9.897937604662011779e+01
4.668647343750000118e+02,-9.274168810205280522e+01
4.668650273437500005e+02,-9.293047792310250088e+01
4.668653203124999891e+02,-1.028976775091947786e+02
4.668656132812500346e+02,-9.451794046375185587e+01
4.668659062500000232e+02,-9.921145128754334053e+01
4.668661992187500118e+02,-9.899192015888301910e+01
4.668664921875000005e+02,-9.352642166515110489e+01
4.668667851562499891e+02,-9.409342540016015732e+01
4.668670781250000346e+02,-9.812355814466697268e+01
4.668673710937500232e+02,-1.036510974448541447e+02
4.668676640625000118e+02,-9.379220499850602266e+01
4.668679570312500005e+02,-9.291116619240315799e+01
4.668682499999999891e+02,-9.674173650342460462e+01
4.668685429687500346e+02,-9.242019153239542106e+01
4.668688359375000232e+02,-1.003928247201363604e+02
4.668691289062500118e+02,-9.218105027055416656e+01
4.668694218750000005e+02,-9.156116577293737180e+01
4.668697148437499891e+02,-9.193852975139256500e+01
4.668700078125000346e+02,-8.966823459163775567e+01
4.668703007812500232e+02,-8.981259527185706304e+01
4.668705937500000118e+02,-9.269764236783906597e+01
4.668708867187500005e+02,-9.499136124864035935e+01
4.668711796874999891e+02,-8.534657929412240662e+01
4.668714726562500346e+02,-9.101300234388305910e+01
4.668717656250000232e+02,-9.940527508937647383e+01
4.668720585937500118e+02,-9.656908794584738587e+01
4.668723515625000005e+02,-9.009671845160491443e+01
4.668726445312499891e+02,-9.003174544492492259e+01
4.668729375000000346e+02,-8.952210085388436767e+01
4.668732304687500232e+02,-9.954483055224301324e+01
4.668735234375000118e+02,-9.531090104781908678e+01
4.668738164062500005e+02,-9.395697321801152668e+01
4.668741093749999891e+02,-1.017211850125141552e+02
4.668744023437500346e+02,-9.316606971494408640e+01
4.668746953125000232e+02,-9.047395091964204994e+01
4.668749882812500118e+02,-8.854381695390217999e+01
4.668752812500000005e+02,-9.129107981366260560e+01
4.668755742187499891e+02,-9.541137074861228484e+01
4.668758671875000346e+02,-1.038102867454166613e+02
4.668761601562500232e+02,-8.885021163029320235e+01
4.668764531250000118e+02,-8.801259514579156473e+01
4.668767460937500005e+02,-9.865130922265197455e+01
4.668770390624999891e+02,-1.056823750984249841e+02
4.668773320312500346e+02,-9.230216867218140919e+01
4.668776250000000232e+02,-8.822894313878548189e+01
4.668779179687500118e+02,-9.011833699377609719e+01
4.668782109375000005e+02,-8.998160713371859742e+01
4.668785039062499891e+02,-8.900389362358977507e+01
4.668787968750000346e+02,-8.950759117062571590e+01
4.668790898437500232e+02,-8.882216786030795674e+01
4.668793828125000118e+02,-9.029301429813907021e+01
4.668796757812500005e+02,-9.377277210669350893e+01
4.668799687499999891e+02,-9.538442245869904923e+01
4.668802617187500346e+02,-9.396411081155243039e+01
4.668805546875000232e+02,-8.691820465377595895e+01
4.668808476562500118e+02,-8.369920785966206722e+01
4.668811406250000005e+02,-8.574365298858047879e+01
4.668814335937499891e+02,-9.129764485438059296e+01
4.668817265625000346e+02,-9.227883854929663698e+01
4.668820195312500232e+02,-9.189503823972020768e+01
4.668823125000000118e+02,-9.557799036342493082e+01
4.668826054687500005e+02,-9.113420297438308637e+01
4.668828984374999891e+02,-9.083073807872095529e+01
4.668831914062500346e+02,-8.974179230205473345e+01
4.668834843750000232e+02,-9.227531747261771500e+01
4.668837773437500118e+02,-9.202493706924431649e+01
4.668840703125000005e+02,-9.373354879741773971e+01
4.668843632812499891e+02,-9.353886773497583818e+01
4.668846562500000346e+02,-1.001498916652278268e+02
4.668849492187500232e+02,-1.022908573109268389e+02
4.668852421875000118e+02,-9.196872384102331921e+01
4.668855351562500005e+02,-9.518843067838162142e+01
4.668858281249999891e+02,-9.518563496413351288e+01
4.668861210937500346e+02,-9.794612421039019523e+01
4.668864140625000232e+02,-9.285722685049219649e+01
4.668867070312500118e+02,-8.876502942050230160e+01
4.668870000000000005e+02,-9.425954490768008043e+01
4.668872929687499891e+02,-9.486067720049105390e+01
4.668875859375000346e+02,-9.665534831861111797e+01
4.668878789062500232e+02,-9.924482310476381031e+01
4.668881718750000118e+02,-9.809770521814272115e+01
4.668884648437500005e+02,-1.055395108918982601e+02
4.668887578124999891e+02,-9.890176916671646268e+01
4.668890507812500346e+02,-9.141794062473664439e+01
4.668893437500000232e+02,-8.812850749922230875e+01
4.668896367187500118e+02,-9.009876666942250267e+01
4.668899296875000005e+02,-1.126610566382319547e+02
4.668902226562499891e+02,-9.599298110744818757e+01
4.668905156250000346e+02,-9.560254380302062316e+01
4.668908085937500232e+02,-8.765357241412041844e+01
4.668911015625000118e+02,-9.552569537181946657e+01
4.668913945312500005e+02,-9.468463566353557326e+01
4.668916874999999891e+02,-8.906261255417162204e+01
4.668919804687500346e+02,-8.760655367189711740e+01
4.668922734375000232e+02,-8.963293551409536519e+01
4.668925664062500118e+02,-9.564985946242464365e+01
4.668928593750000005e+02,-9.226268467229130010e+01
4.668931523437499891e+02,-8.732863499791014306e+01
4.668934453125000346e+02,-8.874298980347448662e+01
4.668937382812500232e+02,-8.872564125325355633e+01
4.668940312500000118e+02,-9.604771910499431442e+01
4.668943242187500005e+02,-9.396167653883654225e+01
4.668946171874999891e+02,-9.396070555389917445e+01
4.668949101562500346e+02,-9.245069854292520972e+01
4.668952031250000232e+02,-9.516408559278761459e+01
4.668954960937500118e+02,-8.836498627590152921e+01
4.668957890625000005e+02,-8.609712150685015786e+01
4.668960820312499891e+02,-1.046664052696555416e+02
4.668963750000000346e+02,-9.142513889971199603e+01
4.668966679687500232e+02,-1.014354978531216176e+02
4.668969609375000118e+02,-8.984309245533091826e+01
4.668972539062500005e+02,-8.873341160754164036e+01
4.668975468749999891e+02,-9.520427779130949375e+01
4.668978398437500346e+02,-9.569895494287054305e+01
4.668981328125000232e+02,-9.059751867933178460e+01
4.668984257812500118e+02,-9.481187175911060194e+01
4.668987187500000005e+02,-9.587207453526801260e+01
4.668990117187499891e+02,-9.523441105964533904e+01
4.668993046875000346e+02,-9.248092573994753707e+01
4.668995976562500232e+02,-9.529006083874082833e+01
4.668998906250000118e+02,-1.016113892955933693e+02
4.669001835937500005e+02,-9.524983956962400100e+01
4.669004765624999891e+02,-9.331591385475094569e+01
4.669007695312500346e+02,-9.483969418539716401e+01
4.669010625000000232e+02,-8.874838781353079753e+01
4.669013554687500118e+02,-9.479460850335975408e+01
4.669016484375000005e+02,-9.393759954713627280e+01
4.669019414062499891e+02,-9.406427482635069737e+01
4.669022343750000346e+02,-8.960517914753194191e+01
4.669025273437500232e+02,-9.822551618716944688e+01
4.669028203125000118e+02,-9.452196500976404536e+01
4.669031132812500005e+02,-9.181695920508309428e+01
4.669034062499999891e+02,-9.813990565446799508e+01
4.669036992187500346e+02,-9.899302719677638152e+01
4.669039921875000232e+02,-9.510974725098535032e+01
4.669042851562500118e+02,-9.825242645936978647e+01
4.669045781250000005e+02,-9.693189473954801372e+01
4.669048710937499891e+02,-9.553533234484781644e+01
4.669051640625000346e+02,-9.360675665247708821e+01
4.669054570312500232e+02,-8.841764382671341593e+01
4.669057500000000118e+02,-8.625713625780961991e+01
4.669060429687500005e+02,-9.028536415675773696e+01
4.669063359374999891e+02,-9.856033808614847658e+01
4.669066289062500346e+02,-9.563378348677639451e+01
4.669069218750000232e+02,-8.903584189268187288e+01
4.669072148437500118e+02,-9.861020058553287981e+01
4.669075078125000005e+02,-9.294276511648050132e+01
4.669078007812499891e+02,-1.020107396756280593e+02
4.669080937500000346e+02,-1.070717242687108239e+02
4.669083867187500232e+02,-9.080352855054924532e+01
4.669086796875000118e+02,-9.284140412474968684e+01
4.669089726562500005e+02,-9.732880233550346816e+01
4.669092656249999891e+02,-9.449693967644506643e+01
4.669095585937500346e+02,-9.132034819758158051e+01
4.669098515625000232e+02,-9.965016125754536347e+01
4.669101445312500118e+02,-9.063065104322056698e+01
4.669104375000000005e+02,-8.753777343206131434e+01
4.669107304687499891e+02,-8.736975391898361920e+01
4.669110234375000346e+02,-9.960460730012246700e+01
4.669113164062500232e+02,-8.941394740206975200e+01
4.669116093750000118e+02,-8.947199497989944916e+01
4.669119023437500005e+02,-1.024399412936368492e+02
4.669121953124999891e+02,-9.844590969210842957e+01
4.669124882812500346e+02,-8.846986372529373455e+01
4.669127812500000232e+02,-9.088622820734983065e+01
4.669130742187500118e+02,-8.906782676545083177e+01
4.669133671875000005e+02,-8.915051638741390150e+01
4.669136601562499891e+02,-8.843905542599109992e+01
4.669139531250000346e+02,-1.018819701056106908e+02
4.669142460937500232e+02,-9.790536123462509011e+01
4.669145390625000118e+02,-8.920745308847058652e+01
4.669148320312500005e+02,-8.933700757120902836e+01
4.669151249999999891e+02,-9.157871717158587899e+01
4.669154179687500346e+02,-9.369349455972169949e+01
4.669157109375000232e+02,-9.299812163587860425e+01
4.669160039062500118e+02,-9.312525902243891096e+01
4.669162968750000005e+02,-8.810337687724840805e+01
4.669165898437499891e+02,-8.852024300672186996e+01
4.669168828125000346e+02,-8.574699379854898496e+01
4.669171757812500232e+02,-8.777540666516300405e+01
4.669174687500000118e+02,-9.439758330310010592e+01
4.669177617187500005e+02,-9.435637577363078776e+01
4.669180546874999891e+02,-1.025369555394520802e+02
4.669183476562500346e+02,-9.460746941963195411e+01
4.669186406250000232e+02,-8.996884479237010623e+01
4.669189335937500118e+02,-9.255787379585009944e+01
4.669192265625000005e+02,-1.073022400249693931e+02
4.669195195312499891e+02,-1.025861975875717604e+02
4.669198125000000346e+02,-9.253279011810398913e+01
4.669201054687500232e+02,-9.121451300050367195e+01
4.669203984375000118e+02,-9.646597551939643722e+01
4.669206914062500005e+02,-9.426703585971905852e+01
4.669209843749999891e+02,-1.089652112606630254e+02
4.669212773437500346e+02,-9.597687721681083417e+01
4.669215703125000232e+02,-9.820099045858714248e+01
4.669218632812500118e+02,-9.333382073637233134e+01
4.669221562500000005e+02,-9.612952113100567431e+01
4.669224492187499891e+02,-9.633378688057567274e+01
4.669227421875000346e+02,-9.568868141839330121e+01
4.669230351562500232e+02,-9.877141720385571944e+01
4.669233281250000118e+02,-9.169824112523423310e+01
4.669236210937500005e+02,-9.674981335841320629e+01
4.669239140624999891e+02,-9.586624562390873905e+01
4.669242070312500346e+02,-8.698854771438897160e+01
4.669245000000000232e+02,-9.017295484246724868e+01
4.669247929687500118e+02,-1.044026753009931667e+02
4.669250859375000005e+02,-9.140652809059565698e+01
4.669253789062499891e+02,-9.539626895017696029e+01
4.669256718750000346e+02,-9.308896973663914309e+01
4.669259648437500232e+02,-9.252901465332541875e+01
4.669262578125000118e+02,-1.022228837809635422e+02
4.669265507812500005e+02,-1.014813779506103799e+02
4.669268437499999891e+02,-9.823485008370866467e+01
4.669271367187500346e+02,-8.956740630445057150e+01
4.669274296875000232e+02,-9.515530409149958757e+01
4.669277226562500118e+02,-1.085082378724386984e+02
4.669280156250000005e+02,-9.093789789744532470e+01
4.669283085937499891e+02,-8.945599651290626753e+01
4.669286015625000346e+02,-9.343873768967492310e+01
4.669288945312500232e+02,-8.807621946437548388e+01
4.669291875000000118e+02,-1.001142500279920000e+02
4.669294804687500005e+02,-1.009371812623040086e+02
4.669297734374999891e+02,-9.055761758486463009e+01
4.669300664062500346e+02,-8.893195751897155787e+01
4.669303593750000232e+02,-8.950086901956858298e+01
4.669306523437500118e+02,-9.603276591655840377e+01
4.669309453125000005e+02,-9.751299350762340623e+01
4.669312382812499891e+02,-9.486904843747362293e+01
4.669315312500000346e+02,-1.028054184708002907e+02
4.669318242187500232e+02,-9.783493394610528071e+01
4.669321171875000118e+02,-1.013301342592808396e+02
4.669324101562500005e+02,-9.560069315778257248e+01
4.669327031249999891e+02,-9.542159790108853201e+01
4.669329960937500346e+02,-9.553236305939179829e+01
4.669332890625000232e+02,-8.729135779377976689e+01
4.669335820312500118e+02,-8.999581891689247470e+01
4.669338750000000005e+02,-8.891761178964247847e+01
4.669341679687499891e+02,-9.638066250347476682e+01
4.669344609375000346e+02,-1.088750666161470804e+02
4.669347539062500232e+02,-1.074315899931683163e+02
4.669350468750000118e+02,-9.043833059752672909e+01
4.669353398437500005e+02,-9.365077458507681740e+01
4.669356328124999891e+02,-9.259779883732025496e+01
4.669359257812500346e+02,-9.396716775484982520e+01
4.669362187500000232e+02,-8.642968630652454465e+01
4.669365117187500118e+02,-8.870405847014185952e+01
4.669368046875000005e+02,-1.044140487952140575e+02
4.669370976562499891e+02,-9.442270648131534472e+01
4.669373906250000346e+02,-9.574791986110955122e+01
4.669376835937500232e+02,-1.019162175103432446e+02
4.669379765625000118e+02,-9.166047623903187969e+01
4.669382695312500005e+02,-9.027167457154016006e+01
4.669385624999999891e+02,-8.974376770681772086e+01
4.669388554687500346e+02,-8.866416652733747128e+01
4.669391484375000232e+02,-8.871784376426126073e+01
4.669394414062500118e+02,-9.427433911097486430e+01
4.669397343750000005e+02,-9.783701587580195280e+01
4.669400273437499891e+02,-8.733207580386660140e+01
4.669403203125000346e+02,-8.720944584893628360e+01
4.669406132812500232e+02,-9.052903439409945463e+01
4.669409062500000118e+02,-1.014430408323897126e+02
4.669411992187500005e+02,-9.861263118758742507e+01
4.669414921874999891e+02,-9.309609542126804627e+01
4.669417851562500346e+02,-9.965394037801779348e+01
4.669420781250000232e+02,-1.074350498173191824e+02
4.669423710937500118e+02,-9.778108365513634226e+01
4.669426640625000005e+02,-9.252287003733499660e+01
4.669429570312499891e+02,-9.387453096541455011e+01
4.669432500000000346e+02,-8.800882451250069494e+01
4.669435429687500232e+02,-8.536976803957614379e+01
4.669438359375000118e+02,-9.396295436454308003e+01
4.669441289062500005e+02,-9.721075124601694029e+01
4.669444218749999891e+02,-9.532224980865137809e+01
4.669447148437500346e+02,-9.624992432989799340e+01
4.669450078125000232e+02,-9.391655847061943518e+01
4.669453007812500118e+02,-9.265046232049634511e+01
4.669455937500000005e+02,-8.851599549482970986e+01
4.669458867187499891e+02,-9.150779374815436995e+01
4.669461796875000346e+02,-9.331026106673076015e+01
4.669464726562500232e+02,-9.694948182808246884e+01
4.669467656250000118e+02,-9.057351477915128157e+01
4.669470585937500005e+02,-9.007569770263266662e+01
4.669473515624999891e+02,-8.883658285887497641e+01
4.669476445312500346e+02,-9.266127521236775522e+01
4.669479375000000232e+02,-1.018648478976137994e+02
4.669482304687500118e+02,-9.051244986003963788e+01
4.669485234375000005e+02,-8.664904696169230647e+01
4.669488164062499891e+02,-8.532547267809361813e+01
4.669491093750000346e+02,-8.845518813308726180e+01
4.669494023437500232e+02,-9.225699522625097870e+01
4.669496953125000118e+02,-9.174876150761588178e+01
4.669499882812500005e+02,-9.475708216344960988e+01
4.669502812499999891e+02,-9.062084238619101484e+01
4.669505742187500346e+02,-8.724099024899622634e+01
4.669508671875000232e+02,-9.079739916180292880e+01
4.669511601562500118e+02,-9.383672664700013399e+01
4.669514531250000005e+02,-8.876376052747178846e+01
4.669517460937499891e+02,-8.745487201078961448e+01
4.669520390625000346e+02,-9.523944612303097301e+01
4.669523320312500232e+02,-8.740026008964431981e+01
4.669526250000000118e+02,-8.608069630840427067e+01
4.669529179687500005e+02,-9.260547035243996561e+01
4.669532109374999891e+02,-9.316191139447161618e+01
4.669535039062500346e+02,-9.514478319151153585e+01
4.669537968750000232e+02,-9.897562029009662865e+01
4.669540898437500118e+02,-8.690408867412143934e+01
4.669543828125000005e+02,-8.780639585861899832e+01
4.669546757812499891e+02,-9.081205329718849839e+01
4.669549687500000346e+02,-9.435072685064541531e+01
4.669552617187500232e+02,-8.656530111869265909e+01
4.669555546875000118e+02,-8.676778358509184841e+01
4.669558476562500005e+02,-9.171667438682123930e+01
4.669561406249999891e+02,-9.054522689593484586e+01
4.669564335937500346e+02,-1.046386962955368176e+02
4.669567265625000232e+02,-9.344430612168565631e+01
4.669570195312500118e+02,-9.234719656675201804e+01
4.669573125000000005e+02,-9.077657571411263859e+01
4.669576054687499891e+02,-9.332571824599300214e+01
4.669578984375000346e+02,-8.850046984067498101e+01
4.669581914062500232e+02,-9.502275530904978496e+01
4.669584843750000118e+02,-1.031880278039989349e+02
4.669587773437500005e+02,-9.942597059610747579e+01
4.669590703124999891e+02,-1.030983871474500404e+02
4.669593632812500346e+02,-9.710247294172708621e+01
4.669596562500000232e+02,-1.029783912240434347e+02
4.669599492187500118e+02,-8.834018071204602052e+01
4.669602421875000005e+02,-8.890788274939708913e+01
4.669605351562499891e+02,-8.498931432581784406e+01
4.669608281250000346e+02,-9.265905672210504918e+01
4.669611210937500232e+02,-1.013916791605006296e+02
4.669614140625000118e+02,-8.809309658063597226e+01
4.669617070312500005e+02,-8.795828191113838557e+01
4.669619999999999891e+02,-9.241823743467308816e+01
4.669622929687500346e+02,-9.619546194598429167e+01
4.669625859375000232e+02,-9.209391323964774756e+01
4.669628789062500118e+02,-9.083710449813402477e+01
4.669631718750000005e+02,-1.000351292598703168e+02
4.669634648437499891e+02,-1.004527473192597711e+02
4.669637578125000346e+02,-1.086479616854929162e+02
4.669640507812500232e+02,-9.769493736582501242e+01
4.669643437500000118e+02,-1.104327024806987083e+02
4.669646367187500005e+02,-9.702035156081902301e+01
4.669649296874999891e+02,-9.045656979151462451e+01
4.669652226562500346e+02,-9.170526617870052632e+01
4.669655156250000232e+02,-1.014747286320378237e+02
4.669658085937500118e+02,-9.718066279738539492e+01
4.669661015625000005e+02,-1.031165749168604862e+02
4.669663945312499891e+02,-9.269623625926440980e+01
4.669666875000000346e+02,-8.562061647291535849e+01
4.669669804687500232e+02,-8.537446016840461027e+01
4.669672734375000118e+02,-8.612259696977446310e+01
4.669675664062500005e+02,-8.847588095859222790e+01
4.669678593749999891e+02,-9.043251129539430622e+01
4.669681523437500346e+02,-8.697139000592416380e+01
4.669684453125000232e+02,-9.665395111104177772e+01
4.669687382812500118e+02,-9.105838671051702704e+01
4.669690312500000005e+02,-8.836482316519087021e+01
4.669693242187499891e+02,-9.800726252596221855e+01
4.669696171875000346e+02,-9.748585305849221072e+01
4.669699101562500232e+02,-9.010443219964489003e+01
4.669702031250000118e+02,-8.995270115040612779e+01
4.669704960937500005e+02,-9.986947728440414096e+01
4.669707890624999891e+02,-9.206107896809487556e+01
4.669710820312500346e+02,-1.066793888947311189e+02
4.669713750000000232e+02,-9.873476602846629646e+01
4.669716679687500118e+02,-9.319373761838792802e+01
4.669719609375000005e+02,-8.722882592545292368e+01
4.669722539062499891e+02,-9.108410336930397477e+01
4.669725468750000346e+02,-9.620595438565376867e+01
4.669728398437500232e+02,-9.954958293424621729e+01
4.669731328125000118e+02,-9.217525808111190599e+01
4.669734257812500005e+02,-8.884940417635286281e+01
4.669737187499999891e+02,-8.978272098453899730e+01
4.669740117187500346e+02,-8.684112383568857751e+01
4.669743046875000232e+02,-8.772683381613921938e+01
4.669745976562500118e+02,-8.630996732395884408e+01
4.669748906250000005e+02,-8.598834456358960665e+01
4.669751835937499891e+02,-8.870129172386761240e+01
4.669754765625000346e+02,-9.021577816362126612e+01
4.669757695312500232e+02,-9.267168039169331450e+01
4.669760625000000118e+02,-9.755507476038749815e+01
4.669763554687500005e+02,-1.025178250347318141e+02
4.669766484374999891e+02,-9.203581442379078226e+01
4.669769414062500346e+02,-9.336386416700875657e+01
4.669772343750000232e+02,-8.631447996541083967e+01
4.669775273437500118e+02,-8.519622310598892057e+01
4.669778203125000005e+02,-9.312378610750378982e+01
4.669781132812499891e+02,-8.730767088798387476e+01
4.669784062500000346e+02,-9.537509338267371106e+01
4.669786992187500232e+02,-9.606483430061338424e+01
4.669789921875000118e+02,-9.001256743048082853e+01
4.669792851562500005e+02,-9.569896366878866445e+01
4.669795781249999891e+02,-9.771340296079026189e+01
4.669798710937500346e+02,-9.164556356808800786e+01
4.669801640625000232e+02,-8.857759148594907117e+01
4.669804570312500118e+02,-8.748516267863529094e+01
4.669807500000000005e+02,-8.574249722437951959e+01
4.669810429687499891e+02,-9.103878397712097126e+01
4.669813359375000346e+02,-9.751565925658101719e+01
4.669816289062500232e+02,-9.199057534603136332e+01
4.669819218750000118e+02,-9.183996240285236468e+01
4.669822148437500005e+02,-9.104234363150166587e+01
4.669825078124999891e+02,-9.694785066029842824e+01
4.669828007812500346e+02,-8.873931890886373708e+01
4.669830937500000232e+02,-8.730782198993317422e+01
4.669833867187500118e+02,-9.452271412798987171e+01
4.669836796875000005e+02,-8.695935964525031636e+01
4.669839726562499891e+02,-9.204199589868895259e+01
4.669842656250000346e+02,-9.828283861193557414e+01
4.669845585937500232e+02,-1.097729637718894082e+02
4.669848515625000118e+02,-1.065004544742782855e+02
4.669851445312500005e+02,-8.987775247548759694e+01
4.669854374999999891e+02,-8.939286581325076497e+01
4.669857304687500346e+02,-9.982765045808974946e+01
4.669860234375000232e+02,-9.422382117109515320e+01
4.669863164062500118e+02,-8.746335134666368560e+01
4.669866093750000005e+02,-8.781554949810301025e+01
4.669869023437499891e+02,-8.867519229355146138e+01
4.669871953125000346e+02,-9.402583808140065003e+01
4.669874882812500232e+02,-9.040337830621928106e+01
4.669877812500000118e+02,-9.047769483824535541e+01
4.669880742187500005e+02,-9.310657188683856589e+01
4.669883671874999891e+02,-9.376288128979199143e+01
4.669886601562500346e+02,-9.264843997843094314e+01
4.669889531250000232e+02,-9.572608133398239261e+01
4.669892460937500118e+02,-9.452808156485704671e+01
4.669895390625000005e+02,-9.711630173751956363e+01
4.669898320312499891e+02,-9.412489047494810279e+01
4.669901250000000346e+02,-1.013178081506030139e+02
4.669904179687500232e+02,-9.584804031794203638e+01
4.669907109375000118e+02,-8.908948286340816480e+01
4.669910039062500005e+02,-8.823378831567151792e+01
4.669912968749999891e+02,-9.170409388582613985e+01
4.669915898437500346e+02,-8.726492685848540987e+01
4.669918828125000232e+02,-9.325001144462584080e+01
4.669921757812500118e+02,-9.231145741727821985e+01
4.669924687500000005e+02,-9.448111171288529420e+01
4.669927617187499891e+02,-9.510120244308899373e+01
4.669930546875000346e+02,-9.919381971477407944e+01
4.669933476562500232e+02,-9.031585627000370664e+01
4.669936406250000118e+02,-9.283946816153742532e+01
4.669939335937500005e+02,-9.471472058114792958e+01
4.669942265624999891e+02,-9.776706524319331493e+01
4.669945195312500346e+02,-1.045926465238684955e+02
4.669948125000000232e+02,-1.037126867319086330e+02
4.669951054687500118e+02,-8.956896028710744417e+01
4.669953984375000005e+02,-8.673424436545987248e+01
4.669956914062499891e+02,-8.954407820706165921e+01
4.669959843750000346e+02,-9.479455020889955108e+01
4.669962773437500232e+02,-1.049907290328916645e+02
4.669965703125000118e+02,-9.633527544456993041e+01
4.669968632812500005e+02,-9.260577577728085430e+01
4.669971562499999891e+02,-9.469466050682706282e+01
4.669974492187500346e+02,-1.079242808231904149e+02
4.669977421875000232e+02,-9.688169924864995153e+01
4.669980351562500118e+02,-8.664921043299742109e+01
4.669983281250000005e+02,-8.668711168494823482e+01
4.669986210937499891e+02,-9.294534004155183027e+01
4.669989140625000346e+02,-8.748207342787266327e+01
4.669992070312500232e+02,-8.674011556103886278e+01
4.669995000000000118e+02,-8.790529240435871827e+01
4.669997929687500005e+02,-9.349999500650760353e+01
4.670000859374999891e+02,-9.834122778914023399e+01
4.670003789062500346e+02,-8.993263873592925961e+01
4.670006718750000232e+02,-9.033763153133932633e+01
4.670009648437500118e+02,-9.377291259126297973e+01
4.670012578125000005e+02,-9.039397452073447425e+01
4.670015507812499891e+02,-8.559853822960550929e+01
4.670018437500000346e+02,-8.434037612211126600e+01
4.670021367187500232e+02,-8.751378876855528688e+01
4.670024296875000118e+02,-9.351606342339692901e+01
4.670027226562500005e+02,-9.499560730676783749e+01
4.670030156249999891e+02,-9.025780372294693166e+01
4.670033085937500346e+02,-9.511539798661452494e+01
4.670036015625000232e+02,-9.114612803282838627e+01
4.670038945312500118e+02,-9.369958072961708240e+01
4.670041875000000005e+02,-1.030713648222001808e+02
4.670044804687499891e+02,-9.999461065721021669e+01
4.670047734375000346e+02,-8.630780934700824503e+01
4.670050664062500232e+02,-8.518685403130032796e+01
4.670053593750000118e+02,-1.040386232021062654e+02
4.670056523437500005e+02,-8.939041533187774746e+01
4.670059453124999891e+02,-9.239996883037484565e+01
4.670062382812500346e+02,-9.389149569695263153e+01
4.670065312500000232e+02,-9.865425729436041991e+01
4.670068242187500118e+02,-1.079520369912966373e+02
4.670071171875000005e+02,-9.269401430446764323e+01
4.670074101562499891e+02,-1.070520786910398670e+02
4.670077031250000346e+02,-8.654279784598833203e+01
4.670079960937500232e+02,-8.711796881314222674e+01
4.670082890625000118e+02,-1.002679440200859204e+02
4.670085820312500005e+02,-9.964646733400221024e+01
4.670088749999999891e+02,-8.970321533869865505e+01
4.670091679687500346e+02,-8.958266734224469019e+01
4.670094609375000232e+02,-8.425287106081823651e+01
4.670097539062500118e+02,-8.380392868736002754e+01
4.670100468750000005e+02,-9.898183106393453556e+01
4.670103398437499891e+02,-9.685776173891710528e+01
4.670106328125000346e+02,-9.922193812131010304e+01
4.670109257812500232e+02,-9.056649520525274966e+01
4.670112187500000118e+02,-9.548526865322239132e+01
4.670115117187500005e+02,-8.758988515926446894e+01
4.670118046874999891e+02,-8.510992978346726545e+01
4.670120976562500346e+02,-8.940617994316400541e+01
4.670123906250000232e+02,-8.453032979256641966e+01
4.670126835937500118e+02,-8.708687331765443673e+01
4.670129765625000005e+02,-9.106492087539115232e+01
4.670132695312499891e+02,-9.093282453181464575e+01
4.670135625000000346e+02,-8.685945286454179382e+01
4.670138554687500232e+02,-9.195369134416282009e+01
4.670141484375000118e+02,-9.036279956143945924e+01
4.670144414062500005e+02,-9.531318649831251832e+01
4.670147343749999891e+02,-9.016765074356827370e+01
4.670150273437500346e+02,-9.083238801269573059e+01
4.670153203125000232e+02,-1.003420386699561817e+02
4.670156132812500118e+02,-9.705449511383064021e+01
4.670159062500000005e+02,-9.008588109349170736e+01
4.670161992187499891e+02,-9.375890494883299198e+01
4.670164921875000346e+02,-9.697239296811090981e+01
4.670167851562500232e+02,-8.538353548989199737e+01
4.670170781250000118e+02,-8.595942031801682504e+01
4.670173710937500005e+02,-8.583149053595377609e+01
4.670176640624999891e+02,-8.981566648971543998e+01
4.670179570312500346e+02,-1.015486350902819765e+02
4.670182500000000232e+02,-1.155979043331930143e+02
4.670185429687500118e+02,-9.106646004524954208e+01
4.670188359375000005e+02,-9.184086133861144674e+01
4.670191289062499891e+02,-9.229356757478421969e+01
4.670194218750000346e+02,-8.662582245176763251e+01
4.670197148437500232e+02,-8.632491593580866152e+01
4.670200078125000118e+02,-9.058903825004816213e+01
4.670203007812500005e+02,-9.106266511173922140e+01
4.670205937499999891e+02,-9.610184598371392894e+01
4.670208867187500346e+02,-9.110952683094848226e+01
4.670211796875000232e+02,-9.290226755046488449e+01
4.670214726562500118e+02,-8.906804818869510143e+01
4.670217656250000005e+02,-9.832622028156814054e+01
4.670220585937499891e+02,-8.950170306968259126e+01
4.670223515625000346e+02,-8.869076673464280702e+01
4.670226445312500232e+02,-9.323491014695559898e+01
4.670229375000000118e+02,-9.013523175932053277e+01
4.670232304687500005e+02,-8.793144733763099907e+01
4.670235234374999891e+02,-9.702227334972837980e+01
4.670238164062500346e+02,-9.251910364609649662e+01
4.670241093750000232e+02,-8.506490998911391443e+01
4.670244023437500118e+02,-8.819207756716886593e+01
4.670246953125000005e+02,-8.952698326358577674e+01
4.670249882812499891e+02,-8.723572546478287393e+01
4.670252812500000346e+02,-9.537907147895344906e+01
4.670255742187500232e+02,-9.280234499715442098e+01
4.670258671875000118e+02,-8.495350920725458366e+01
4.670261601562500005e+02,-8.721686227719362705e+01
4.670264531249999891e+02,-9.166762288645830381e+01
4.670267460937500346e+02,-8.906958894425739004e+01
4.670270390625000232e+02,-8.839369542467639462e+01
4.670273320312500118e+02,-9.064216933529945663e+01
4.670276250000000005e+02,-8.936797004315393167e+01
4.670279179687499891e+02,-8.901447100149687230e+01
4.670282109375000346e+02,-8.941196829529906154e+01
4.670285039062500232e+02,-1.001159119369947348e+02
4.670287968750000118e+02,-8.702813179628867601e+01
4.670290898437500005e+02,-8.875648679009847797e+01
4.670293828124999891e+02,-9.528144857021226244e+01
4.670296757812500346e+02,-9.088602568193880415e+01
4.670299687500000232e+02,-9.020775997840229365e+01
4.670302617187500118e+02,-8.639102888893580712e+01
4.670305546875000005e+02,-8.780146774966077317e+01
4.670308476562499891e+02,-9.090392166267176322e+01
4.670311406250000346e+02,-9.811728267692460292e+01
4.670314335937500232e+02,-1.017437757836921719e+02
4.670317265625000118e+02,-9.392170430909393986e+01
4.670320195312500005e+02,-8.646540497931214020e+01
4.670323124999999891e+02,-8.309698318642247727e+01
4.670326054687500346e+02,-8.844118986201367250e+01
4.670328984375000232e+02,-8.526433657023729040e+01
4.670331914062500118e+02,-8.780556527552090529e+01
4.670334843750000005e+02,-9.378110916796541119e+01
4.670337773437499891e+02,-8.886881791411157394e+01
4.670340703125000346e+02,-9.559970741383583004e+01
4.670343632812500232e+02,-8.666941671864121588e+01
4.670346562500000118e+02,-8.980463697780761834e+01
4.670349492187500005e+02,-9.110330136869430362e+01
4.670352421874999891e+02,-8.906502647062774258e+01
4.670355351562500346e+02,-8.957679214014228819e+01
4.670358281250000232e+02,-8.896961551653529909e+01
4.670361210937500118e+02,-9.086639682214379832e+01
4.670364140625000005e+02,-9.289651686337097658e+01
4.670367070312499891e+02,-9.560547589744943764e+01
4.670370000000000346e+02,-8.875576618756687708e+01
4.670372929687500232e+02,-9.217947603931952472e+01
4.670375859375000118e+02,-1.129111670806640859e+02
4.670378789062500005e+02,-9.854756904190946898e+01
4.670381718749999891e+02,-9.133086297226486749e+01
4.670384648437500346e+02,-9.126699902389734120e+01
4.670387578125000232e+02,-9.765001099097460724e+01
4.670390507812500118e+02,-9.313689766371194878e+01
4.670393437500000005e+02,-9.598254181768012927e+01
4.670396367187499891e+02,-8.898484962975361157e+01
4.670399296875000346e+02,-8.674559940865661645e+01
4.670402226562500232e+02,-8.461499786480231933e+01
4.670405156250000118e+02,-9.408184735161665913e+01
4.670408085937500005e+02,-1.013622017597562461e+02
4.670411015624999891e+02,-9.201419041143024913e+01
4.670413945312500346e+02,-9.819104068920124462e+01
4.670416875000000232e+02,-9.310275224853444342e+01
4.670419804687500118e+02,-9.319417229802942870e+01
4.670422734375000005e+02,-9.080152859771651208e+01
4.670425664062499891e+02,-9.150255648184898405e+01
4.670428593750000346e+02,-8.938024871266726734e+01
4.670431523437500232e+02,-8.863840225099212944e+01
4.670434453125000118e+02,-9.852845301936474698e+01
4.670437382812500005e+02,-9.442860759283976790e+01
4.670440312499999891e+02,-9.501041361731820700e+01
4.670443242187500346e+02,-8.642189137143999744e+01
4.670446171875000232e+02,-8.838553743156379028e+01
4.670449101562500118e+02,-9.083011104914959333e+01
4.670452031250000005e+02,-8.898713822075734470e+01
4.670454960937499891e+02,-8.790683489384313987e+01
4.670457890625000346e+02,-8.789997258350462062e+01
4.670460820312500232e+02,-9.368754237763261017e+01
4.670463750000000118e+02,-8.905758020174701528e+01
4.670466679687500005e+02,-8.371478972908852256e+01
4.670469609374999891e+02,-8.665078836927401085e+01
4.670472539062500346e+02,-8.860189307664300884e+01
4.670475468750000232e+02,-9.519677713741117486e+01
4.670478398437500118e+02,-1.035308073221087142e+02
4.670481328125000005e+02,-9.673332359085223686e+01
4.670484257812499891e+02,-9.778103775512433060e+01
4.670487187500000346e+02,-9.340193951405909445e+01
4.670490117187500232e+02,-8.965024048704043480e+01
4.670493046875000118e+02,-9.408768623465333292e+01
4.670495976562500005e+02,-9.086141918747330237e+01
4.670498906249999891e+02,-9.231963811452594371e+01
4.670501835937500346e+02,-8.903989077001405406e+01
4.670504765625000232e+02,-9.220584898077680691e+01
4.670507695312500118e+02,-9.201048796122181272e+01
4.670510625000000005e+02,-8.792910913780877991e+01
4.670513554687499891e+02,-9.125184716968306020e+01
4.670516484375000346e+02,-9.105679655494064662e+01
4.670519414062500232e+02,-9.887547671976122388e+01
4.670522343750000118e+02,-9.740661647579125315e+01
4.670525273437500005e+02,-9.183200618367996526e+01
4.670528203124999891e+02,-8.752103158485225265e+01
4.670531132812500346e+02,-9.010839220499461533e+01
4.670534062500000232e+02,-9.529234668592594915e+01
4.670536992187500118e+02,-9.120579321556130026e+01
4.670539921875000005e+02,-8.831131278045609179e+01
4.670542851562499891e+02,-9.816616500729074346e+01
4.670545781250000346e+02,-9.297757877394698767e+01
4.670548710937500232e+02,-8.939066367286997661e+01
4.670551640625000118e+02,-9.537391466259049366e+01
4.670554570312500005e+02,-9.037812387862271635e+01
4.670557499999999891e+02,-9.474550797993691731e+01
4.670560429687500346e+02,-8.848924529222115609e+01
4.670563359375000232e+02,-9.010796144556358911e+01
4.670566289062500118e+02,-9.449125719727575756e+01
4.670569218750000005e+02,-9.132945334889804201e+01
4.670572148437499891e+02,-1.102755114437690196e+02
4.670575078125000346e+02,-8.841094923989432175e+01
4.670578007812500232e+02,-8.826358844465920583e+01
4.670580937500000118e+02,-9.082227112151528559e+01
4.670583867187500005e+02,-8.723320059751716826e+01
4.670586796874999891e+02,-9.159911713016199997e+01
4.670589726562500346e+02,-9.681181654272987203e+01
4.670592656250000232e+02,-9.177499347711666644e+01
4.670595585937500118e+02,-8.975914189279571076e+01
4.670598515625000005e+02,-9.291118606839589233e+01
4.670601445312499891e+02,-9.243007139837295938e+01
4.670604375000000346e+02,-1.023813622532382936e+02
4.670607304687500232e+02,-8.853757489362979527e+01
4.670610234375000118e+02,-9.085180522461629948e+01
4.670613164062500005e+02,-9.039781635594474096e+01
4.670616093749999891e+02,-9.144376472513724252e+01
4.670619023437500346e+02,-9.609041621362518981e+01
4.670621953125000232e+02,-9.297738529889170422e+01
4.670624882812500118e+02,-8.767604135334917714e+01
4.670627812500000005e+02,-1.000699577784742900e+02
4.670630742187499891e+02,-1.001037654610118182e+02
4.670633671875000346e+02,-8.658407953244413591e+01
4.670636601562500232e+02,-8.618981439600253225e+01
4.670639531250000118e+02,-1.029305730249038788e+02
4.670642460937500005e+02,-9.208211335523243690e+01
4.670645390624999891e+02,-9.697444272834377443e+01
4.670648320312500346e+02,-1.013896291467304422e+02
4.670651250000000232e+02,-9.719810003593815395e+01
4.670654179687500118e+02,-9.575234279759924050e+01
4.670657109375000005e+02,-9.065676959348522246e+01
4.670660039062499891e+02,-9.295789025104410541e+01
4.670662968750000346e+02,-9.199718632369120996e+01
4.670665898437500232e+02,-9.294010775794417611e+01
4.670668828125000118e+02,-8.887374581611470603e+01
4.670671757812500005e+02,-8.792662806245456864e+01
4.670674687499999891e+02,-8.957805832390039313e+01
4.670677617187500346e+02,-8.586794360506115709e+01
4.670680546875000232e+02,-8.634352349394961834e+01
4.670683476562500118e+02,-8.435257250197066980e+01
4.670686406250000005e+02,-8.593896515329541330e+01
4.670689335937499891e+02,-9.928290832756745488e+01
4.670692265625000346e+02,-8.744455709029088553e+01
4.670695195312500232e+02,-8.320422338375551874e+01
4.670698125000000118e+02,-8.368950473305281434e+01
4.670701054687500005e+02,-9.271646090961972675e+01
4.670703984374999891e+02,-9.350278707839166259e+01
4.670706914062500346e+02,-8.819978128156316188e+01
4.670709843750000232e+02,-8.863139519152082357e+01
4.670712773437500118e+02,-9.470983526254710227e+01
4.670715703125000005e+02,-8.594116657545282578e+01
4.670718632812499891e+02,-8.390597953854583579e+01
4.670721562500000346e+02,-9.252378996817712675e+01
4.670724492187500232e+02,-8.223068335764288861e+01
4.670727421875000118e+02,-9.332317308279941415e+01
4.670730351562500005e+02,-1.022480504644795616e+02
4.670733281249999891e+02,-8.961625266230875297e+01
4.670736210937500346e+02,-8.742267445984936103e+01
4.670739140625000232e+02,-8.933689663429973393e+01
4.670742070312500118e+02,-9.907512222912737343e+01
4.670745000000000005e+02,-9.701979182312166472e+01
4.670747929687499891e+02,-8.981938462390614575e+01
4.670750859375000346e+02,-8.772182141257164290e+01
4.670753789062500232e+02,-9.541712184058157220e+01
4.670756718750000118e+02,-9.371737172545677197e+01
4.670759648437500005e+02,-8.907856741805619549e+01
4.670762578124999891e+02,-9.576996010600075238e+01
4.670765507812500346e+02,-1.023890218765822766e+02
4.670768437500000232e+02,-9.042370184353104889e+01
4.670771367187500118e+02,-8.772396176586815386e+01
4.670774296875000005e+02,-8.797690161020915411e+01
4.670777226562499891e+02,-9.181021030416309259e+01
4.670780156250000346e+02,-9.326269191612252030e+01
4.670783085937500232e+02,-9.004887930570316712e+01
4.670786015625000118e+02,-8.942998025824012132e+01
4.670788945312500005e+02,-9.348209299650875437e+01
4.670791874999999891e+02,-9.046739579808246390e+01
4.670794804687500346e+02,-8.664545072232159839e+01
4.670797734375000232e+02,-8.632621347036138104e+01
4.670800664062500118e+02,-8.976683206257690983e+01
4.670803593750000005e+02,-9.316250809127228649e+01
4.670806523437499891e+02,-9.548883837618606663e+01
4.670809453125000346e+02,-9.540887698114160287e+01
4.670812382812500232e+02,-9.699208468923842474e+01
4.670815312500000118e+02,-9.248734489840140327e+01
4.670818242187500005e+02,-1.053095313374208217e+02
4.670821171874999891e+02,-8.965811137912521644e+01
4.670824101562500346e+02,-9.550270608795653970e+01
4.670827031250000232e+02,-1.007324355578156769e+02
4.670829960937500118e+02,-9.005861280029954230e+01
4.670832890625000005e+02,-9.538596279471759942e+01
4.670835820312499891e+02,-9.947218337039313951e+01
4.670838750000000346e+02,-9.075987007533086626e+01
4.670841679687500232e+02,-8.909427443397862589e+01
4.670844609375000118e+02,-9.213624714341891320e+01
4.670847539062500005e+02,-9.390706964115226185e+01
4.670850468749999891e+02,-1.007581180721366110e+02
4.670853398437500346e+02,-1.029047913859625254e+02
4.670856328125000232e+02,-9.574849455462489800e+01
4.670859257812500118e+02,-8.780829347889196868e+01
4.670862187500000005e+02,-9.387424121091832774e+01
4.670865117187499891e+02,-9.495126028803271367e+01
4.670868046875000346e+02,-8.797248679423354645e+01
4.670870976562500232e+02,-8.495869894672617306e+01
4.670873906250000118e+02,-8.881219814745830377e+01
4.670876835937500005e+02,-8.976544239227003175e+01
4.670879765624999891e+02,-8.782135882339221666e+01
4.670882695312500346e+02,-8.337787672609667311e+01
4.670885625000000232e+02,-8.922791292239736549e+01
4.670888554687500118e+02,-8.694095750334575712e+01
4.670891484375000005e+02,-8.195189206522088909e+01
4.670894414062499891e+02,-8.316672559551663824e+01
4.670897343750000346e+02,-9.289948106113780568e+01
4.670900273437500232e+02,-9.499095387703484050e+01
4.670903203125000118e+02,-8.879484556226734071e+01
4.670906132812500005e+02,-9.412058317758666703e+01
4.670909062499999891e+02,-8.296002323858346017e+01
4.670911992187500346e+02,-7.744279318418537628e+01
4.670914921875000232e+02,-8.733226499041620627e+01
4.670917851562500118e+02,-9.550698237994384954e+01
4.670920781250000005e+02,-9.617837369856060548e+01
4.670923710937499891e+02,-8.583784360825379167e+01
4.670926640625000346e+02,-8.787383574736551850e+01
4.670929570312500232e+02,-8.843801457315126413e+01
4.670932500000000118e+02,-8.896840983144463166e+01
4.670935429687500005e+02,-8.561457756335505564e+01
4.670938359374999891e+02,-8.961218718004485595e+01
4.670941289062500346e+02,-1.062388734132096459e+02
4.670944218750000232e+02,-8.760113325715980181e+01
4.670947148437500118e+02,-8.816874251012394836e+01
4.670950078125000005e+02,-1.081634926374492807e+02
4.670953007812499891e+02,-8.999399407561399755e+01
4.670955937500000346e+02,-9.097020984924557752e+01
4.670958867187500232e+02,-9.551034353151305822e+01
4.670961796875000118e+02,-9.652087948208895796e+01
4.670964726562500005e+02,-9.299305270307711169e+01
4.670967656249999891e+02,-9.643179797455633206e+01
4.670970585937500346e+02,-8.469746056669413292e+01
4.670973515625000232e+02,-8.291409324625081467e+01
4.670976445312500118e+02,-8.869362410280911035e+01
4.670979375000000005e+02,-9.943071656022654281e+01
4.670982304687499891e+02,-8.886454450923199033e+01
4.670985234375000346e+02,-9.288368213151468922e+01
4.670988164062500232e+02,-9.440233125806824432e+01
4.670991093750000118e+02,-8.916353144697171729e+01
4.670994023437500005e+02,-9.448953343144536632e+01
4.670996953124999891e+02,-9.564874389138233823e+01
4.670999882812500346e+02,-9.047343392950847374e+01
4.671002812500000232e+02,-8.969692897825866851e+01
4.671005742187500118e+02,-9.203783179570528716e+01
4.671008671875000005e+02,-8.982406253128822016e+01
4.671011601562499891e+02,-9.941360441466554221e+01
4.671014531250000346e+02,-9.517886072099551598e+01
4.671017460937500232e+02,-8.767437859473392336e+01
4.671020390625000118e+02,-8.941759590875706465e+01
4.671023320312500005e+02,-8.949245996390797586e+01
4.671026249999999891e+02,-9.913728496832644055e+01
4.671029179687500346e+02,-9.207092048971645681e+01
4.671032109375000232e+02,-8.957847100439374799e+01
4.671035039062500118e+02,-9.022914137613439323e+01
4.671037968750000005e+02,-8.796158695533827654e+01
4.671040898437499891e+02,-9.478210102250537261e+01
4.671043828125000346e+02,-9.847516755933462207e+01
4.671046757812500232e+02,-9.006481992576995310e+01
4.671049687500000118e+02,-8.817975468731461319e+01
4.671052617187500005e+02,-9.389909406325271846e+01
4.671055546874999891e+02,-9.038502881478868289e+01
4.671058476562500346e+02,-9.319739016034699830e+01
4.671061406250000232e+02,-9.110044820632924711e+01
4.671064335937500118e+02,-9.342206569598059218e+01
4.671067265625000005e+02,-9.449673959661552658e+01
4.671070195312499891e+02,-9.765614978586945938e+01
4.671073125000000346e+02,-1.121533333713647238e+02
4.671076054687500232e+02,-8.566744236594409756e+01
4.671078984375000118e+02,-9.199881020718004265e+01
4.671081914062500005e+02,-9.429316296298210887e+01
4.671084843749999891e+02,-1.002780667911361263e+02
4.671087773437500346e+02,-8.817138251472201205e+01
4.671090703125000232e+02,-9.374087971334159874e+01
4.671093632812500118e+02,-8.984914289392798992e+01
4.671096562500000005e+02,-9.355651062720610867e+01
4.671099492187499891e+02,-9.281962288003400374e+01
4.671102421875000346e+02,-1.014698324387901920e+02
4.671105351562500232e+02,-8.904752983306671865e+01
4.671108281250000118e+02,-9.456646030289876137e+01
4.671111210937500005e+02,-8.897983082366957319e+01
4.671114140624999891e+02,-8.831722388813463454e+01
4.671117070312500346e+02,-8.651098495266425914e+01
4.671120000000000232e+02,-8.970536925782518267e+01
4.671122929687500118e+02,-8.193968282915867007e+01
4.671125859375000005e+02,-9.827027138782193560e+01
4.671128789062499891e+02,-8.811987917422781891e+01
4.671131718750000346e+02,-9.520431344632777382e+01
4.671134648437500232e+02,-8.648229095486013307e+01
4.671137578125000118e+02,-8.459905046431863695e+01
4.671140507812500005e+02,-9.247881884329996183e+01
4.671143437499999891e+02,-8.735760981463117503e+01
4.671146367187500346e+02,-8.808531925696587450e+01
4.671149296875000232e+02,-9.469981023673477694e+01
4.671152226562500118e+02,-9.009976980599516594e+01
4.671155156250000005e+02,-8.818287934684795459e+01
4.671158085937499891e+02,-9.531693111178087463e+01
4.671161015625000346e+02,-8.987294680843223205e+01
4.671163945312500232e+02,-1.040647063283534521e+02
4.671166875000000118e+02,-9.120895182353751807e+01
4.671169804687500005e+02,-1.029725607604956963e+02
4.671172734374999891e+02,-9.316231563579685826e+01
4.671175664062500346e+02,-9.838539053442552529e+01
4.671178593750000232e+02,-9.441073976615709284e+01
4.671181523437500118e+02,-9.025317459454235802e+01
4.671184453125000005e+02,-8.764018351414895847e+01
4.671187382812499891e+02,-9.882002381225868248e+01
4.671190312500000346e+02,-8.485278886541065901e+01
4.671193242187500232e+02,-8.773424951243677583e+01
4.671196171875000118e+02,-8.855706966540041947e+01
4.671199101562500005e+02,-8.409579789812144668e+01
4.671202031249999891e+02,-8.915381883656351647e+01
4.671204960937500346e+02,-9.139634002474551266e+01
4.671207890625000232e+02,-9.204689344406311591e+01
4.671210820312500118e+02,-9.467601366244279859e+01
4.671213750000000005e+02,-1.114466768794427480e+02
4.671216679687499891e+02,-1.006945227485665981e+02
4.671219609375000346e+02,-8.990364734620325748e+01
4.671222539062500232e+02,-9.109781844949046103e+01
4.671225468750000118e+02,-9.399105699675649817e+01
4.671228398437500005e+02,-9.045536409935996858e+01
4.671231328124999891e+02,-9.026858344458136685e+01
4.671234257812500346e+02,-8.527928863788140745e+01
4.671237187500000232e+02,-8.911729065281143392e+01
4.671240117187500118e+02,-9.954459286643967175e+01
4.671243046875000005e+02,-9.356706262081505088e+01
4.671245976562499891e+02,-9.971575346407018969e+01
4.671248906250000346e+02,-9.552564829955949222e+01
4.671251835937500232e+02,-8.710601042861873111e+01
4.671254765625000118e+02,-8.819592531261309887e+01
4.671257695312500005e+02,-9.117491123291132737e+01
4.671260624999999891e+02,-8.953335573582745610e+01
4.671263554687500346e+02,-9.645717698714503285e+01
4.671266484375000232e+02,-9.309464096428129665e+01
4.671269414062500118e+02,-8.696290310036560811e+01
4.671272343750000005e+02,-8.752786752973395323e+01
4.671275273437499891e+02,-9.160244742700558618e+01
4.671278203125000346e+02,-9.001050419142174519e+01
4.671281132812500232e+02,-9.704093109551804730e+01
4.671284062500000118e+02,-9.816856801904614827e+01
4.671286992187500005e+02,-9.241210049835356699e+01
4.671289921874999891e+02,-9.378803873051936080e+01
4.671292851562500346e+02,-9.893826347140580424e+01
4.671295781250000232e+02,-8.403613855260141463e+01
4.671298710937500118e+02,-8.443095290936307151e+01
4.671301640625000005e+02,-1.121427749994199132e+02
4.671304570312499891e+02,-1.080053640982526844e+02
4.671307500000000346e+02,-9.004461742932934953e+01
4.671310429687500232e+02,-9.514942941643201380e+01
4.671313359375000118e+02,-9.299311592127378390e+01
4.671316289062500005e+02,-9.024267388865389705e+01
4.671319218749999891e+02,-8.682619939475158333e+01
4.671322148437500346e+02,-8.665570654825890529e+01
4.671325078125000232e+02,-9.258339542623514262e+01
4.671328007812500118e+02,-9.455410953807356123e+01
4.671330937500000005e+02,-9.587075246658828576e+01
4.671333867187499891e+02,-9.716117202536402431e+01
4.671336796875000346e+02,-9.058260731049067260e+01
4.671339726562500232e+02,-9.653440508467642189e+01
4.671342656250000118e+02,-9.374603657973113968e+01
4.671345585937500005e+02,-8.901859678335753756e+01
4.671348515624999891e+02,-9.935433901721177108e+01
4.671351445312500346e+02,-8.686946861707509981e+01
4.671354375000000232e+02,-9.005869622467750446e+01
4.671357304687500118e+02,-9.860984141267982750e+01
4.671360234375000005e+02,-8.941575507394321676e+01
4.671363164062499891e+02,-8.440192873167765697e+01
4.671366093750000346e+02,-8.467811984164539751e+01
4.671369023437500232e+02,-8.561052048828925365e+01
4.671371953125000118e+02,-9.393881989550598632e+01
4.671374882812500005e+02,-8.826216425158683876e+01
4.671377812499999891e+02,-8.880266451223971558e+01
4.671380742187500346e+02,-9.398972774581162071e+01
4.671383671875000232e+02,-9.710792060353163890e+01
4.671386601562500118e+02,-1.038933670549982224e+02
4.671389531250000005e+02,-9.133076550011787731e+01
4.671392460937499891e+02,-8.852062158550944559e+01
4.671395390625000346e+02,-1.198046678032269199e+02
4.671398320312500232e+02,-9.995452031177484287e+01
4.671401250000000118e+02,-1.005392666165609228e+02
4.671404179687500005e+02,-9.453000683798826742e+01
4.671407109374999891e+02,-9.124536347603932995e+01
4.671410039062500346e+02,-8.562436456188352452e+01
4.671412968750000232e+02,-9.218167733094817606e+01
4.671415898437500118e+02,-8.732440098226037151e+01
4.671418828125000005e+02,-9.086379999315272471e+01
4.671421757812499891e+02,-9.613662474093609944e+01
4.671424687500000346e+02,-9.728463023024954737e+01
4.671427617187500232e+02,-9.278011759374210499e+01
4.671430546875000118e+02,-9.055730681173768915e+01
4.671433476562500005e+02,-9.219946537876181480e+01
4.671436406249999891e+02,-1.024887505460419277e+02
4.671439335937500346e+02,-8.685179847513056473e+01
4.671442265625000232e+02,-8.642545877591052772e+01
4.671445195312500118e+02,-9.689770815144240146e+01
4.671448125000000005e+02,-9.181070672014104161e+01
4.671451054687499891e+02,-8.516039553939633322e+01
4.671453984375000346e+02,-8.528676535898685529e+01
4.671456914062500232e+02,-8.895802383068270558e+01
4.671459843750000118e+02,-8.739770497819520756e+01
4.671462773437500005e+02,-8.343309562858607364e+01
4.671465703124999891e+02,-8.369464132815619450e+01
4.671468632812500346e+02,-9.727923547066149013e+01
4.671471562500000232e+02,-8.835683245954035669e+01
4.671474492187500118e+02,-9.149602432555491305e+01
4.671477421875000005e+02,-9.064537515036592197e+01
4.671480351562499891e+02,-1.012360577870357048e+02
4.671483281250000346e+02,-9.481633821098320425e+01
4.671486210937500232e+02,-1.028405526931689309e+02
4.671489140625000118e+02,-9.174788089599911700e+01
4.671492070312500005e+02,-8.987393494756368284e+01
4.671494999999999891e+02,-8.464016164966326983e+01
4.671497929687500346e+02,-9.369036246320604278e+01
4.671500859375000232e+02,-9.364542360218429451e+01
4.671503789062500118e+02,-8.390035760490432892e+01
4.671506718750000005e+02,-8.644418758713467810e+01
4.671509648437499891e+02,-9.311399828881812368e+01
4.671512578125000346e+02,-8.578985280654390522e+01
4.671515507812500232e+02,-8.000165888020916327e+01
4.671518437500000118e+02,-8.437406648556483901e+01
4.671521367187500005e+02,-1.004652968192966966e+02
4.671524296874999891e+02,-8.647574629795089152e+01
4.671527226562500346e+02,-9.616832978179601810e+01
4.671530156250000232e+02,-1.073376315181924383e+02
4.671533085937500118e+02,-8.123720495421272858e+01
4.671536015625000005e+02,-8.320217164270243870e+01
4.671538945312499891e+02,-8.752480775534216662e+01
4.671541875000000346e+02,-9.319240915055118535e+01
4.671544804687500232e+02,-8.976952206713890803e+01
4.671547734375000118e+02,-8.375691864433734679e+01
4.671550664062500005e+02,-8.052897213681515609e+01
4.671553593749999891e+02,-8.372425371820901319e+01
4.671556523437500346e+02,-8.267445033784886732e+01
4.671559453125000232e+02,-8.881258777094993206e+01
4.671562382812500118e+02,-9.211589905690770763e+01
4.671565312500000005e+02,-1.092051286300094404e+02
4.671568242187499891e+02,-9.256514783833146964e+01
4.671571171875000346e+02,-1.071204902381945772e+02
4.671574101562500232e+02,-9.699622335122796812e+01
4.671577031250000118e+02,-8.585705934770945191e+01
4.671579960937500005e+02,-8.515397181082636280e+01
4.671582890624999891e+02,-8.588639242962332787e+01
4.671585820312500346e+02,-8.225336174622334795e+01
4.671588750000000232e+02,-8.254207426478419052e+01
4.671591679687500118e+02,-8.067012202500063722e+01
4.671594609375000005e+02,-8.138803990179367531e+01
4.671597539062499891e+02,-8.220433618360044647e+01
4.671600468750000346e+02,-9.960423744562496040e+01
4.671603398437500232e+02,-8.978692652611056246e+01
4.671606328125000118e+02,-8.643784134074641656e+01
4.671609257812500005e+02,-9.015832352003062056e+01
4.671612187499999891e+02,-8.636265277776585947e+01
4.671615117187500346e+02,-9.130241588513138140e+01
4.671618046875000232e+02,-8.447788105967235595e+01
4.671620976562500118e+02,-8.588927507505252379e+01
4.671623906250000005e+02,-9.427518156906347713e+01
4.671626835937499891e+02,-8.826181615752496157e+01
4.671629765625000346e+02,-9.438183174010143262e+01
4.671632695312500232e+02,-9.688208548693836519e+01
4.671635625000000118e+02,-9.531687143843555532e+01
4.671638554687500005e+02,-8.659487736261199586e+01
4.671641484374999891e+02,-8.437218134727589813e+01
4.671644414062500346e+02,-8.556028012951094297e+01
4.671647343750000232e+02,-8.536222746283597473e+01
4.671650273437500118e+02,-8.859386010578332105e+01
4.671653203125000005e+02,-8.708213750194101976e+01
4.671656132812499891e+02,-8.384571161657027005e+01
4.671659062500000346e+02,-8.913875843271164001e+01
4.671661992187500232e+02,-8.450611143357181732e+01
4.671664921875000118e+02,-8.687831295076598792e+01
4.671667851562500005e+02,-9.685975659075938893e+01
4.671670781249999891e+02,-1.046761144589562775e+02
4.671673710937500346e+02,-9.001820898446234764e+01
4.671676640625000232e+02,-9.352279246364102505e+01
4.671679570312500118e+02,-8.711136162597117050e+01
4.671682500000000005e+02,-8.379546584319633951e+01
4.671685429687499891e+02,-8.930762316626581310e+01
4.671688359375000346e+02,-9.003426134126877400e+01
4.671691289062500232e+02,-8.869467547593401946e+01
4.671694218750000118e+02,-9.164865919604365274e+01
4.671697148437500005e+02,-8.748911873594229860e+01
4.671700078124999891e+02,-8.534298911740579285e+01
4.671703007812500346e+02,-8.660873521685206811e+01
4.671705937500000232e+02,-9.277249236254505149e+01
4.671708867187500118e+02,-9.154753534664911285e+01
4.671711796875000005e+02,-8.573822655943061477e+01
4.671714726562499891e+02,-8.654992295328243301e+01
4.671717656250000346e+02,-8.551458397504308095e+01
4.671720585937500232e+02,-8.689766373250249387e+01
4.671723515625000118e+02,-1.099012966086174288e+02
4.671726445312500005e+02,-9.463766115865956863e+01
4.671729374999999891e+02,-8.829323805164462158e+01
4.671732304687500346e+02,-8.288054290499971444e+01
4.671735234375000232e+02,-8.719814439595896260e+01
4.671738164062500118e+02,-8.266751798728023459e+01
4.671741093750000005e+02,-8.743084618242744455e+01
4.671744023437499891e+02,-8.444371492307409710e+01
4.671746953125000346e+02,-8.766951181276070315e+01
4.671749882812500232e+02,-8.623547424445314391e+01
4.671752812500000118e+02,-8.097359068198386467e+01
4.671755742187500005e+02,-8.068458511939489597e+01
4.671758671874999891e+02,-8.796731507446654064e+01
4.671761601562500346e+02,-9.408906890343898510e+01
4.671764531250000232e+02,-9.056648870335411061e+01
4.671767460937500118e+02,-8.882102707056785107e+01
4.671770390625000005e+02,-8.501468054225009041e+01
4.671773320312499891e+02,-8.790944775013511503e+01
4.671776250000000346e+02,-9.496099295081322111e+01
4.671779179687500232e+02,-8.984161705897361117e+01
4.671782109375000118e+02,-8.832931343574060179e+01
4.671785039062500005e+02,-8.214539125584335011e+01
4.671787968749999891e+02,-8.032559178452461879e+01
4.671790898437500346e+02,-8.309386131765054984e+01
4.671793828125000232e+02,-9.561715635269351310e+01
4.671796757812500118e+02,-9.411651222311650145e+01
4.671799687500000005e+02,-8.969391753580904947e+01
4.671802617187499891e+02,-8.428790420706774000e+01
4.671805546875000346e+02,-7.972794887201281711e+01
4.671808476562500232e+02,-8.097785156759641723e+01
4.671811406250000118e+02,-9.937073079683835886e+01
4.671814335937500005e+02,-8.763801820587451630e+01
4.671817265624999891e+02,-8.464281003199477027e+01
4.671820195312500346e+02,-8.856660887206793120e+01
4.671823125000000232e+02,-8.804888682951974488e+01
4.671826054687500118e+02,-9.847923686795759579e+01
4.671828984375000005e+02,-8.998213957664438567e+01
4.671831914062499891e+02,-8.612931440936142735e+01
4.671834843750000346e+02,-8.597586725587882484e+01
4.671837773437500232e+02,-9.564741031590232012e+01
4.671840703125000118e+02,-8.951909602658680853e+01
4.671843632812500005e+02,-9.515140805649629385e+01
4.671846562499999891e+02,-9.614425856750415278e+01
4.671849492187500346e+02,-9.488218359472165275e+01
4.671852421875000232e+02,-9.528372174447754617e+01
4.671855351562500118e+02,-9.339166486192388561e+01
4.671858281250000005e+02,-8.999059536873637910e+01
4.671861210937499891e+02,-9.849546475402304679e+01
4.671864140625000346e+02,-8.798968798418917459e+01
4.671867070312500232e+02,-8.637673785077807054e+01
4.671870000000000118e+02,-8.216721462025689959e+01
4.671872929687500005e+02,-8.283334297503196808e+01
4.671875859374999891e+02,-9.999086001488382180e+01
4.671878789062500346e+02,-8.254383737654225683e+01
4.671881718750000232e+02,-8.306307552883750134e+01
4.671884648437500118e+02,-8.614992882203398494e+01
4.671887578125000005e+02,-8.697116108698791948e+01
4.671890507812499891e+02,-8.650438868862124764e+01
4.671893437500000346e+02,-9.178804315043657880e+01
4.671896367187500232e+02,-8.694252709555279068e+01
4.671899296875000118e+02,-9.222067733762118280e+01
4.671902226562500005e+02,-8.699454522698736980e+01
4.671905156249999891e+02,-8.435990409075344587e+01
4.671908085937500346e+02,-8.282496762403665969e+01
4.671911015625000232e+02,-8.164340129473602303e+01
4.671913945312500118e+02,-8.325617720017726242e+01
4.671916875000000005e+02,-8.792485142152655442e+01
4.671919804687499891e+02,-8.841539914420923196e+01
4.671922734375000346e+02,-9.059057735376755716e+01
4.671925664062500232e+02,-9.631077666002579463e+01
4.671928593750000118e+02,-8.757549786250805823e+01
4.671931523437500005e+02,-8.312858224057788448e+01
4.671934453124999891e+02,-8.574364381662084611e+01
4.671937382812500346e+02,-8.384880767695663906e+01
4.671940312500000232e+02,-9.307408350406009845e+01
4.671943242187500118e+02,-8.130764581898907295e+01
4.671946171875000005e+02,-8.008842850298434257e+01
4.671949101562499891e+02,-8.311341264257774242e+01
4.671952031250000346e+02,-8.320224586226095198e+01
4.671954960937500232e+02,-7.909931846694458102e+01
4.671957890625000118e+02,-8.307351399625771649e+01
4.671960820312500005e+02,-8.891180475447121978e+01
4.671963749999999891e+02,-9.804810778109424518e+01
4.671966679687500346e+02,-8.623402427164057826e+01
4.671969609375000232e+02,-8.151674585894559755e+01
4.671972539062500118e+02,-9.221386125375946108e+01
4.671975468750000005e+02,-1.007802312118114116e+02
4.671978398437499891e+02,-9.502228778210408677e+01
4.671981328125000346e+02,-8.693671013780183898e+01
4.671984257812500232e+02,-8.633799863073789993e+01
4.671987187500000118e+02,-9.009521905304588074e+01
4.671990117187500005e+02,-8.899531787029584962e+01
4.671993046874999891e+02,-8.364350366216140742e+01
4.671995976562500346e+02,-8.590197662891097252e+01
4.671998906250000232e+02,-9.000063151002059669e+01
4.672001835937500118e+02,-8.208832560624171037e+01
4.672004765625000005e+02,-7.960790965789617246e+01
4.672007695312499891e+02,-9.137218210037126198e+01
4.672010625000000346e+02,-8.408858472083137769e+01
4.672013554687500232e+02,-8.407557282665651144e+01
4.672016484375000118e+02,-8.743184901381297891e+01
4.672019414062500005e+02,-8.532685250584229664e+01
4.672022343749999891e+02,-9.077240835545867981e+01
4.672025273437500346e+02,-9.968007231190840400e+01
4.672028203125000232e+02,-8.746538340000196854e+01
4.672031132812500118e+02,-8.606463890961371987e+01
4.672034062500000005e+02,-9.070474347205265531e+01
4.672036992187499891e+02,-8.229914275280975744e+01
4.672039921875000346e+02,-8.695957239687098195e+01
4.672042851562500232e+02,-8.921389658437902881e+01
4.672045781250000118e+02,-9.049298090820568063e+01
4.672048710937500005e+02,-8.822779430983254656e+01
4.672051640624999891e+02,-8.632431756998718697e+01
4.672054570312500346e+02,-8.542288311524798416e+01
4.672057500000000232e+02,-9.296985567995264432e+01
4.672060429687500118e+02,-9.378342191944099682e+01
4.672063359375000005e+02,-8.569331142906091259e+01
4.672066289062499891e+02,-8.569990897192566592e+01
4.672069218750000346e+02,-8.642884976102868677e+01
4.672072148437500232e+02,-7.843670452058702836e+01
4.672075078125000118e+02,-8.386970946069725130e+01
4.672078007812500005e+02,-8.922178911234655629e+01
4.672080937499999891e+02,-8.672603352270520816e+01
4.672083867187500346e+02,-1.072837759655303103e+02
4.672086796875000232e+02,-8.704101430250032934e+01
4.672089726562500118e+02,-9.851121680665067970e+01
4.672092656250000005e+02,-9.131199493040199400e+01
4.672095585937499891e+02,-9.357036968803816990e+01
4.672098515625000346e+02,-8.486159849050507376e+01
4.672101445312500232e+02,-9.219804357497098124e+01
4.672104375000000118e+02,-8.906675183999553269e+01
4.672107304687500005e+02,-8.492692627177098075e+01
4.672110234374999891e+02,-9.353790504718057264e+01
4.672113164062500346e+02,-8.690731493495512439e+01
4.672116093750000232e+02,-8.902729088359205889e+01
4.672119023437500118e+02,-9.015669268623742028e+01
4.672121953125000005e+02,-8.694366511455611146e+01
4.672124882812499891e+02,-8.594297680622673852e+01
4.672127812500000346e+02,-9.270246295554733251e+01
4.672130742187500232e+02,-8.425309166889734058e+01
4.672133671875000118e+02,-7.945902602236979817e+01
4.672136601562500005e+02,-7.832226080670284318e+01
4.672139531249999891e+02,-8.163239532656483277e+01
4.672142460937500346e+02,-9.520913033929363678e+01
4.672145390625000232e+02,-9.303930711807274179e+01
4.672148320312500118e+02,-9.003239091984285380e+01
4.672151250000000005e+02,-1.030320970331019481e+02
4.672154179687499891e+02,-8.810426444615262653e+01
4.672157109375000346e+02,-8.416201591823723049e+01
4.672160039062500232e+02,-8.142374003922969905e+01
4.672162968750000118e+02,-9.838344144761475718e+01
4.672165898437500005e+02,-9.595453993631562639e+01
4.672168828124999891e+02,-8.808032155675304864e+01
4.672171757812500346e+02,-8.190707595008493058e+01
4.672174687500000232e+02,-8.386586530528263950e+01
4.672177617187500118e+02,-8.742371570538722381e+01
4.672180546875000005e+02,-9.279358701516335373e+01
4.672183476562499891e+02,-8.471635957868372202e+01
4.672186406250000346e+02,-8.769694637769799783e+01
4.672189335937500232e+02,-8.818752124248231894e+01
4.672192265625000118e+02,-9.019037029197554034e+01
4.672195195312500005e+02,-9.802455417694744710e+01
4.672198124999999891e+02,-8.791685610301624365e+01
4.672201054687500346e+02,-9.847126678797211241e+01
4.672203984375000232e+02,-9.613933215665008447e+01
4.672206914062500118e+02,-8.482105250600713475e+01
4.672209843750000005e+02,-8.457279765364384616e+01
4.672212773437499891e+02,-1.054619220855609001e+02
4.672215703125000346e+02,-8.456304006957749664e+01
4.672218632812500232e+02,-8.308176739528678922e+01
4.672221562500000118e+02,-8.672074963471263231e+01
4.672224492187500005e+02,-8.436538336150213979e+01
4.672227421874999891e+02,-8.319716170840216307e+01
4.672230351562500346e+02,-8.359456137274719367e+01
4.672233281250000232e+02,-8.312352929063911233e+01
4.672236210937500118e+02,-8.199746955494367739e+01
4.672239140625000005e+02,-8.505206982405755411e+01
4.672242070312499891e+02,-8.967865250146599010e+01
4.672245000000000346e+02,-9.879828116439651353e+01
4.672247929687500232e+02,-9.368510741525680885e+01
4.672250859375000118e+02,-8.902000165028906054e+01
4.672253789062500005e+02,-9.064699962964341751e+01
4.672256718749999891e+02,-9.430468529308306813e+01
4.672259648437500346e+02,-8.476568141302662696e+01
4.672262578125000232e+02,-7.780911816764778166e+01
4.672265507812500118e+02,-8.265328708837702720e+01
4.672268437500000005e+02,-8.337919179312260098e+01
4.672271367187499891e+02,-9.067085020869558321e+01
4.672274296875000346e+02,-8.902460611144167046e+01
4.672277226562500232e+02,-8.902484162300689263e+01
4.672280156250000118e+02,-9.370902774814157965e+01
4.672283085937500005e+02,-9.503009795326087783e+01
4.672286015624999891e+02,-8.747560251644783591e+01
4.672288945312500346e+02,-9.394510555283619624e+01
4.672291875000000232e+02,-8.920836026171033950e+01
4.672294804687500118e+02,-9.168757785031742458e+01
4.672297734375000005e+02,-9.968698303076486411e+01
4.672300664062499891e+02,-8.878274853399554445e+01
4.672303593750000346e+02,-9.438995319282057039e+01
4.672306523437500232e+02,-9.531124957603930170e+01
4.672309453125000118e+02,-9.309865063594629930e+01
4.672312382812500005e+02,-8.821211204278114337e+01
4.672315312499999891e+02,-9.017265098802124612e+01
4.672318242187500346e+02,-8.609882269106299191e+01
4.672321171875000232e+02,-8.732242480661766137e+01
4.672324101562500118e+02,-8.233699115021670423e+01
4.672327031250000005e+02,-8.923112238984883504e+01
4.672329960937499891e+02,-9.632912065900089260e+01
4.672332890625000346e+02,-9.338954289830599009e+01
4.672335820312500232e+02,-9.382716206929910641e+01
4.672338750000000118e+02,-8.132414164560763936e+01
4.672341679687500005e+02,-8.143188718296242712e+01
4.672344609374999891e+02,-8.551719338035631779e+01
4.672347539062500346e+02,-9.248799492056441807e+01
4.672350468750000232e+02,-8.753875703053532220e+01
4.672353398437500118e+02,-8.237440403181909687e+01
4.672356328125000005e+02,-8.835287502386546521e+01
4.672359257812499891e+02,-8.350475653813319354e+01
4.672362187500000346e+02,-9.026121917345236056e+01
4.672365117187500232e+02,-8.514958152324334151e+01
4.672368046875000118e+02,-8.689297562595069735e+01
4.672370976562500005e+02,-8.327398252528533362e+01
4.672373906249999891e+02,-8.244705340890027401e+01
4.672376835937500346e+02,-8.097221345261431225e+01
4.672379765625000232e+02,-8.240318097197854286e+01
4.672382695312500118e+02,-8.545730733543733493e+01
4.672385625000000005e+02,-8.180393285461818209e+01
4.672388554687499891e+02,-8.061282294252544034e+01
4.672391484375000346e+02,-8.492095725308902843e+01
4.672394414062500232e+02,-8.446361533196591154e+01
4.672397343750000118e+02,-8.521800392596244933e+01
4.672400273437500005e+02,-9.486316960729125469e+01
4.672403203124999891e+02,-8.359210715201410835e+01
4.672406132812500346e+02,-8.411506183470166320e+01
4.672409062500000232e+02,-8.707019208381247211e+01
4.672411992187500118e+02,-8.442066824210898801e+01
4.672414921875000005e+02,-8.368497871024359824e+01
4.672417851562499891e+02,-8.795660473206194752e+01
4.672420781250000346e+02,-8.336022643835366353e+01
4.672423710937500232e+02,-8.004825352742133759e+01
4.672426640625000118e+02,-8.377485118909220319e+01
4.672429570312500005e+02,-8.414178178213120418e+01
4.672432499999999891e+02,-8.736535129302437497e+01
4.672435429687500346e+02,-8.081642762399866342e+01
4.672438359375000232e+02,-8.438936141150243486e+01
4.672441289062500118e+02,-8.285464645793902605e+01
4.672444218750000005e+02,-8.916449418601888510e+01
4.672447148437499891e+02,-8.195581230301543485e+01
4.672450078125000346e+02,-8.576533901610885380e+01
4.672453007812500232e+02,-8.577182538626115615e+01
4.672455937500000118e+02,-8.084779314646365833e+01
4.672458867187500005e+02,-9.289995053466510910e+01
4.672461796874999891e+02,-8.634661075843260392e+01
4.672464726562500346e+02,-8.695852901831275972e+01
4.672467656250000232e+02,-8.911012286671248717e+01
4.672470585937500118e+02,-8.530394211393114290e+01
4.672473515625000005e+02,-1.007055458711373888e+02
4.672476445312499891e+02,-8.561532085226920685e+01
4.672479375000000346e+02,-8.370242490264850233e+01
4.672482304687500232e+02,-9.864981489574248030e+01
4.672485234375000118e+02,-8.368437083236024421e+01
4.672488164062500005e+02,-8.638466111353395149e+01
4.672491093749999891e+02,-8.322337751236078418e+01
4.672494023437500346e+02,-8.228341947794564248e+01
4.672496953125000232e+02,-8.536754139404621355e+01
4.672499882812500118e+02,-8.601904839761505173e+01
4.672502812500000005e+02,-8.491293282391177399e+01
4.672505742187499891e+02,-8.144459044849503471e+01
4.672508671875000346e+02,-8.233989809737146004e+01
4.672511601562500232e+02,-8.751949843888795044e+01
4.672514531250000118e+02,-8.888677193495483664e+01
4.672517460937500005e+02,-8.497132850537886384e+01
4.672520390624999891e+02,-8.158158182799579095e+01
4.672523320312500346e+02,-8.318015659789088545e+01
4.672526250000000232e+02,-8.678539279125541839e+01
4.672529179687500118e+02,-9.001057271201447918e+01
4.672532109375000005e+02,-9.626341475743072351e+01
4.672535039062499891e+02,-8.355841120018396850e+01
4.672537968750000346e+02,-8.624531797656514698e+01
4.672540898437500232e+02,-8.847323379412097211e+01
4.672543828125000118e+02,-9.007328880874376864e+01
4.672546757812500005e+02,-8.850208018331179005e+01
4.672549687499999891e+02,-8.765565737537627911e+01
4.672552617187500346e+02,-9.231431565071582668e+01
4.672555546875000232e+02,-9.071342535337214485e+01
4.672558476562500118e+02,-8.944508910679354585e+01
4.672561406250000005e+02,-8.771012290907864895e+01
4.672564335937499891e+02,-8.718698771854050733e+01
4.672567265625000346e+02,-8.628243212211387458e+01
4.672570195312500232e+02,-8.298705912571762155e+01
4.672573125000000118e+02,-8.550182897270903482e+01
4.672576054687500005e+02,-8.030006952232372441e+01
4.672578984374999891e+02,-8.327756972834963278e+01
4.672581914062500346e+02,-8.435430701667472420e+01
4.672584843750000232e+02,-8.901287624859968162e+01
4.672587773437500118e+02,-8.177364057963293931e+01
4.672590703125000005e+02,-7.976756936354395577e+01
4.672593632812499891e+02,-8.992613957296107685e+01
4.672596562500000346e+02,-7.776179754064826000e+01
4.672599492187500232e+02,-8.323861604795126823e+01
4.672602421875000118e+02,-8.961891710893014817e+01
4.672605351562500005e+02,-8.744379626122946547e+01
4.672608281249999891e+02,-8.658633433723440476e+01
4.672611210937500346e+02,-8.993372498234323587e+01
4.672614140625000232e+02,-8.918875071322018755e+01
4.672617070312500118e+02,-8.886069308253908616e+01
4.672620000000000005e+02,-8.685067062531337001e+01
4.672622929687499891e+02,-8.922825381199226058e+01
4.672625859375000346e+02,-9.662503859391560468e+01
4.672628789062500232e+02,-9.028086059282374265e+01
4.672631718750000118e+02,-8.402150605978891917e+01
4.672634648437500005e+02,-8.156056803047489723e+01
4.672637578124999891e+02,-8.128694147572218753e+01
4.672640507812500346e+02,-8.450572817592409081e+01
4.672643437500000232e+02,-9.218152860425000483e+01
4.672646367187500118e+02,-8.166204531707498404e+01
4.672649296875000005e+02,-8.721109234500892171e+01
4.672652226562499891e+02,-8.092622875924303116e+01
4.672655156250000346e+02,-8.564651808718976156e+01
4.672658085937500232e+02,-7.998666035064661628e+01
4.672661015625000118e+02,-8.203325739694768970e+01
4.672663945312500005e+02,-8.532618401360457483e+01
4.672666874999999891e+02,-8.605162477171965918e+01
4.672669804687500346e+02,-9.394671030061486761e+01
4.672672734375000232e+02,-9.955235990402478308e+01
4.672675664062500118e+02,-1.013692045318838666e+02
4.672678593750000005e+02,-8.625373001933408545e+01
4.672681523437499891e+02,-8.506914462296853685e+01
4.672684453125000346e+02,-9.147759153957341027e+01
4.672687382812500232e+02,-9.369664659413190577e+01
4.672690312500000118e+02,-9.131736995312891736e+01
4.672693242187500005e+02,-8.511686823989708728e+01
4.672696171874999891e+02,-8.166006906895202633e+01
4.672699101562500346e+02,-9.489233647831959217e+01
4.672702031250000232e+02,-8.637750364185534124e+01
4.672704960937500118e+02,-8.176369444017029764e+01
4.672707890625000005e+02,-8.136983040035396186e+01
4.672710820312499891e+02,-9.403551513548470098e+01
4.672713750000000346e+02,-8.785914954581470226e+01
4.672716679687500232e+02,-9.190780498738990900e+01
4.672719609375000118e+02,-9.258826231440593801e+01
4.672722539062500005e+02,-9.669895069599314752e+01
4.672725468749999891e+02,-8.741083475483769405e+01
4.672728398437500346e+02,-9.460020024124617066e+01
4.672731328125000232e+02,-9.716902702438960659e+01
4.672734257812500118e+02,-8.573843888863419238e+01
4.672737187500000005e+02,-8.323802079234982898e+01
4.672740117187499891e+02,-8.954047758343200769e+01
4.672743046875000346e+02,-8.092451116091839936e+01
4.672745976562500232e+02,-7.962660548690716666e+01
4.672748906250000118e+02,-8.905019639839316881e+01
4.672751835937500005e+02,-1.055420320338258620e+02
4.672754765624999891e+02,-8.481270898965198057e+01
4.672757695312500346e+02,-7.946938306654814710e+01
4.672760625000000232e+02,-8.461423229550396741e+01
4.672763554687500118e+02,-7.951763982282201937e+01
4.672766484375000005e+02,-7.931507184825603929e+01
4.672769414062499891e+02,-8.523322655720846797e+01
4.672772343750000346e+02,-8.546194543399792565e+01
4.672775273437500232e+02,-8.306533800238406684e+01
4.672778203125000118e+02,-7.817235259764348143e+01
4.672781132812500005e+02,-7.610197385523180458e+01
4.672784062499999891e+02,-8.214839351200646433e+01
4.672786992187500346e+02,-9.100924906219219679e+01
4.672789921875000232e+02,-8.719062812790173211e+01
4.672792851562500118e+02,-9.337360508472242770e+01
4.672795781250000005e+02,-8.645018115178527296e+01
4.672798710937499891e+02,-8.388538762403781845e+01
4.672801640625000346e+02,-8.376862868809507745e+01
4.672804570312500232e+02,-8.975346406445032699e+01
4.672807500000000118e+02,-9.285953522061886645e+01
4.672810429687500005e+02,-9.778962203436505263e+01
4.672813359374999891e+02,-8.684006394918088745e+01
4.672816289062500346e+02,-8.239975350547283028e+01
4.672819218750000232e+02,-8.256042593333143031e+01
4.672822148437500118e+02,-8.435978259250131828e+01
4.672825078125000005e+02,-8.569817715921988110e+01
4.672828007812499891e+02,-8.641310909186378808e+01
4.672830937500000346e+02,-9.039730691806660445e+01
4.672833867187500232e+02,-8.328934493486852375e+01
4.672836796875000118e+02,-8.595757095499430989e+01
4.672839726562500005e+02,-9.709703964936365139e+01
4.672842656249999891e+02,-8.746953989006613028e+01
4.672845585937500346e+02,-8.174960304266312505e+01
4.672848515625000232e+02,-7.545574274503617573e+01
4.672851445312500118e+02,-7.459282416125870441e+01
4.672854375000000005e+02,-8.236834366355738268e+01
4.672857304687499891e+02,-8.629604644012704284e+01
4.672860234375000346e+02,-9.398607065691825824e+01
4.672863164062500232e+02,-8.001589936741929421e+01
4.672866093750000118e+02,-8.526571235057703291e+01
4.672869023437500005e+02,-8.649566220521963089e+01
4.672871953124999891e+02,-8.780511928021445556e+01
4.672874882812500346e+02,-8.353149428935600440e+01
4.672877812500000232e+02,-8.671912157641047258e+01
4.672880742187500118e+02,-8.568238098360006916e+01
4.672883671875000005e+02,-7.713976349403544930e+01
4.672886601562499891e+02,-7.805737046122236222e+01
4.672889531250000346e+02,-8.896626816201334975e+01
4.672892460937500232e+02,-9.376578882191189734e+01
4.672895390625000118e+02,-8.790306985756924973e+01
4.672898320312500005e+02,-8.442377919331539715e+01
4.672901249999999891e+02,-7.979598984894930425e+01
4.672904179687500346e+02,-9.083099761781134873e+01
4.672907109375000232e+02,-8.481382466677045784e+01
4.672910039062500118e+02,-8.604073868454987917e+01
4.672912968750000005e+02,-9.592272635485372234e+01
4.672915898437499891e+02,-8.245117690736216787e+01
4.672918828125000346e+02,-8.121884312848024479e+01
4.672921757812500232e+02,-8.720063673423530304e+01
4.672924687500000118e+02,-9.371399686878774560e+01
4.672927617187500005e+02,-9.067515812400588970e+01
4.672930546874999891e+02,-9.140997689845180219e+01
4.672933476562500346e+02,-8.269941647276544927e+01
4.672936406250000232e+02,-8.075109945880848272e+01
4.672939335937500118e+02,-8.944643323505907517e+01
4.672942265625000005e+02,-8.610109469703272111e+01
4.672945195312499891e+02,-9.716955521276153718e+01
4.672948125000000346e+02,-9.672209041812065777e+01
4.672951054687500232e+02,-8.565601334005280876e+01
4.672953984375000118e+02,-8.016837189523847940e+01
4.672956914062500005e+02,-8.278413344132927421e+01
4.672959843749999891e+02,-9.073995069199767727e+01
4.672962773437500346e+02,-9.426521737100721055e+01
4.672965703125000232e+02,-8.570389282940709563e+01
4.672968632812500118e+02,-8.445881009386290827e+01
4.672971562500000005e+02,-8.489695447805499384e+01
4.672974492187499891e+02,-8.437037859481390001e+01
4.672977421875000346e+02,-1.039344807606434671e+02
4.672980351562500232e+02,-8.607452844596828356e+01
4.672983281250000118e+02,-7.745940273414687738e+01
4.672986210937500005e+02,-8.556970512865288470e+01
4.672989140624999891e+02,-8.747859653244537981e+01
4.672992070312500346e+02,-9.665828796776625609e+01
4.672995000000000232e+02,-1.061478540192704969e+02
4.672997929687500118e+02,-9.343985345978758517e+01
4.673000859375000005e+02,-8.489881078202745357e+01
4.673003789062499891e+02,-8.970685596911226867e+01
4.673006718750000346e+02,-8.742315230033148055e+01
4.673009648437500232e+02,-9.434874892311486860e+01
4.673012578125000118e+02,-8.438474154642642588e+01
4.673015507812500005e+02,-8.396326941543392763e+01
4.673018437499999891e+02,-8.334689377463256221e+01
4.673021367187500346e+02,-8.136827565897380055e+01
4.673024296875000232e+02,-8.092760676321506708e+01
4.673027226562500118e+02,-7.896833086706060101e+01
4.673030156250000005e+02,-8.097608571223368301e+01
4.673033085937499891e+02,-9.148206421298732494e+01
4.673036015625000346e+02,-7.825699917289242080e+01
4.673038945312500232e+02,-8.159467216421545288e+01
4.673041875000000118e+02,-9.151709117442015895e+01
4.673044804687500005e+02,-9.406559285016282956e+01
4.673047734374999891e+02,-8.028777159702056565e+01
4.673050664062500346e+02,-7.640206844081561144e+01
4.673053593750000232e+02,-7.735401674110048020e+01
4.673056523437500118e+02,-7.733851730559013049e+01
4.673059453125000005e+02,-7.582729086843524158e+01
4.673062382812499891e+02,-8.103212192855011153e+01
4.673065312500000346e+02,-8.247149919566805920e+01
4.673068242187500232e+02,-7.974386075863401402e+01
4.673071171875000118e+02,-8.197258101046530498e+01
4.673074101562500005e+02,-8.547599363875519884e+01
4.673077031249999891e+02,-7.930143178660958370e+01
4.673079960937500346e+02,-7.709228706014266663e+01
4.673082890625000232e+02,-7.535628075563293748e+01
4.673085820312500118e+02,-7.835770601251495293e+01
4.673088750000000005e+02,-8.520574416153746711e+01
4.673091679687499891e+02,-8.088278401979160037e+01
4.673094609375000346e+02,-8.548957394450039260e+01
4.673097539062500232e+02,-8.099984146592808543e+01
4.673100468750000118e+02,-8.234097622283061924e+01
4.673103398437500005e+02,-8.066727026169560588e+01
4.673106328124999891e+02,-8.052223694906173534e+01
4.673109257812500346e+02,-8.046211639677422056e+01
4.673112187500000232e+02,-7.621236155703422810e+01
4.673115117187500118e+02,-8.505508298501298725e+01
4.673118046875000005e+02,-9.841213005068109965e+01
4.673120976562499891e+02,-8.761436688766396230e+01
4.673123906250000346e+02,-8.428149800799756974e+01
4.673126835937500232e+02,-8.308568841829642793e+01
4.673129765625000118e+02,-8.123860313412129130e+01
4.673132695312500005e+02,-7.906842802281255445e+01
4.673135624999999891e+02,-8.505639287355387523e+01
4.673138554687500346e+02,-8.861148874314842772e+01
4.673141484375000232e+02,-8.398588698249628237e+01
4.673144414062500118e+02,-8.241116496454138485e+01
4.673147343750000005e+02,-8.189592456073619076e+01
4.673150273437499891e+02,-8.769683541322717701e+01
4.673153203125000346e+02,-1.015472354601827192e+02
4.673156132812500232e+02,-9.697712445188787456e+01
4.673159062500000118e+02,-8.725377368631959030e+01
4.673161992187500005e+02,-7.679020890322954074e+01
4.673164921874999891e+02,-7.739629849519582194e+01
4.673167851562500346e+02,-8.428368308289427091e+01
4.673170781250000232e+02,-8.177306009905959172e+01
4.673173710937500118e+02,-8.182549338302646902e+01
4.673176640625000005e+02,-8.143273491752478321e+01
4.673179570312499891e+02,-8.201733155894217475e+01
4.673182500000000346e+02,-8.595165778427954706e+01
4.673185429687500232e+02,-7.882580811495482465e+01
4.673188359375000118e+02,-8.146693717966971349e+01
4.673191289062500005e+02,-1.036538038672616153e+02
4.673194218749999891e+02,-8.790115251702454202e+01
4.673197148437500346e+02,-8.176128256043904230e+01
4.673200078125000232e+02,-7.708182192343431893e+01
4.673203007812500118e+02,-7.666122916973624513e+01
4.673205937500000005e+02,-8.170666022782853588e+01
4.673208867187499891e+02,-8.029169539130191424e+01
4.673211796875000346e+02,-7.992456312697424892e+01
4.673214726562500232e+02,-8.671256973152776482e+01
4.673217656250000118e+02,-7.895589276731351447e+01
4.673220585937500005e+02,-8.967787106706930444e+01
4.673223515624999891e+02,-8.468273695536397838e+01
4.673226445312500346e+02,-8.213051964014698569e+01
4.673229375000000232e+02,-8.469686485784919228e+01
4.673232304687500118e+02,-9.838121837309617490e+01
4.673235234375000005e+02,-8.242189793392128649e+01
4.673238164062499891e+02,-8.156053786103127834e+01
4.673241093750000346e+02,-8.357774495674721038e+01
4.673244023437500232e+02,-7.696421734365566181e+01
4.673246953125000118e+02,-7.446296907745868054e+01
4.673249882812500005e+02,-7.983276559093832248e+01
4.673252812499999891e+02,-8.055069584405616467e+01
4.673255742187500346e+02,-7.862826307042884366e+01
4.673258671875000232e+02,-7.923372673415971690e+01
4.673261601562500118e+02,-7.977149848258109444e+01
4.673264531250000005e+02,-8.945635324784248610e+01
4.673267460937499891e+02,-8.664887533617846316e+01
4.673270390625000346e+02,-8.243418854695484299e+01
4.673273320312500232e+02,-7.786539774892312948e+01
4.673276250000000118e+02,-8.172811219034727515e+01
4.673279179687500005e+02,-8.093566404459041053e+01
4.673282109374999891e+02,-7.822942507701688442e+01
4.673285039062500346e+02,-8.743181632105734025e+01
4.673287968750000232e+02,-8.626997418009591456e+01
4.673290898437500118e+02,-9.013687763017706800e+01
4.673293828125000005e+02,-9.769713596481979323e+01
4.673296757812499891e+02,-8.193834874888565878e+01
4.673299687500000346e+02,-7.784030079896341192e+01
4.673302617187500232e+02,-7.858918515525714099e+01
4.673305546875000118e+02,-8.248654037906023007e+01
4.673308476562500005e+02,-9.363381564597773377e+01
4.673311406249999891e+02,-8.712579010440023808e+01
4.673314335937500346e+02,-8.466964871517866698e+01
4.673317265625000232e+02,-8.143156885206124684e+01
4.673320195312500118e+02,-7.832335411826225879e+01
4.673323125000000005e+02,-8.202480292160583986e+01
4.673326054687499891e+02,-8.500933493737852586e+01
4.673328984375000346e+02,-8.072747291106608714e+01
4.673331914062500232e+02,-8.120781994702764450e+01
4.673334843750000118e+02,-8.272967585882446429e+01
4.673337773437500005e+02,-8.495094565249159757e+01
4.673340703124999891e+02,-8.301139024083249751e+01
4.673343632812500346e+02,-7.974463771976319038e+01
4.673346562500000232e+02,-7.402286853746139172e+01
4.673349492187500118e+02,-7.765767775166425224e+01
4.673352421875000005e+02,-8.284523053893761357e+01
4.673355351562499891e+02,-9.178334237697916365e+01
4.673358281250000346e+02,-8.815637691358966777e+01
4.673361210937500232e+02,-7.870151536393773029e+01
4.673364140625000118e+02,-8.397182620002780595e+01
4.673367070312500005e+02,-7.871782747908697786e+01
4.673369999999999891e+02,-7.839667976730518717e+01
4.673372929687500346e+02,-7.939033141116564707e+01
4.673375859375000232e+02,-8.047559349773047188e+01
4.673378789062500118e+02,-7.860658487084893409e+01
4.673381718750000005e+02,-8.519677816608962928e+01
4.673384648437499891e+02,-8.368597123676809701e+01
4.673387578125000346e+02,-8.217870609004243931e+01
4.673390507812500232e+02,-8.291137855701600756e+01
4.673393437500000118e+02,-8.361857629015987925e+01
4.673396367187500005e+02,-7.748895345870289475e+01
4.673399296874999891e+02,-6.821769634695203877e+01
4.673402226562500346e+02,-7.006510504007684403e+01
4.673405156250000232e+02,-7.830425781658198048e+01
4.673408085937500118e+02,-7.699333500800098307e+01
4.673411015625000005e+02,-8.078021990148029374e+01
4.673413945312499891e+02,-8.307084589023908450e+01
4.673416875000000346e+02,-8.300485665236928412e+01
4.673419804687500232e+02,-8.995680855175177726e+01
4.673422734375000118e+02,-8.172207296328119241e+01
4.673425664062500005e+02,-7.931944580165641412e+01
4.673428593749999891e+02,-7.868955094080340018e+01
4.673431523437500346e+02,-7.755099745093752972e+01
4.673434453125000232e+02,-7.631325189494296524e+01
4.673437382812500118e+02,-8.408550174784538456e+01
4.673440312500000005e+02,-8.411006710751736648e+01
4.673443242187499891e+02,-8.736507761883778755e+01
4.673446171875000346e+02,-9.610838057197437934e+01
4.673449101562500232e+02,-8.401742017039549637e+01
4.673452031250000118e+02,-8.461083637028465887e+01
4.673454960937500005e+02,-8.006185796597108606e+01
4.673457890624999891e+02,-7.747562336450036469e+01
4.673460820312500346e+02,-8.392553939011348518e+01
4.673463750000000232e+02,-7.870198323227116077e+01
4.673466679687500118e+02,-7.887472550530246451e+01
4.673469609375000005e+02,-8.488693534778590788e+01
4.673472539062499891e+02,-7.848668394040285534e+01
4.673475468750000346e+02,-7.792040639076004993e+01
4.673478398437500232e+02,-8.368401237537642601e+01
4.673481328125000118e+02,-8.643793985926087942e+01
4.673484257812500005e+02,-7.742999845605631037e+01
4.673487187499999891e+02,-8.541807549551286627e+01
4.673490117187500346e+02,-7.712157355636597345e+01
4.673493046875000232e+02,-8.092725225661625643e+01
4.673495976562500118e+02,-8.360228240863293081e+01
4.673498906250000005e+02,-8.005805238988207861e+01
4.673501835937499891e+02,-7.879460758047446234e+01
4.673504765625000346e+02,-8.077615852866857438e+01
4.673507695312500232e+02,-8.767093337389778185e+01
4.673510625000000118e+02,-9.608830437700994764e+01
4.673513554687500005e+02,-8.502386649749891490e+01
4.673516484374999891e+02,-9.016493627800358013e+01
4.673519414062500346e+02,-9.239229675013265819e+01
4.673522343750000232e+02,-7.654413672511365974e+01
4.673525273437500118e+02,-7.648933519937423853e+01
4.673528203125000005e+02,-8.973127439772616754e+01
4.673531132812499891e+02,-8.599904529298287059e+01
4.673534062500000346e+02,-7.756479495520541434e+01
4.673536992187500232e+02,-7.909499783180940824e+01
4.673539921875000118e+02,-8.212222905462218137e+01
4.673542851562500005e+02,-7.782677174993278868e+01
4.673545781249999891e+02,-8.799656681236187694e+01
4.673548710937500346e+02,-8.315481249881352710e+01
4.673551640625000232e+02,-9.271408038711450672e+01
4.673554570312500118e+02,-8.557490143202383592e+01
4.673557500000000005e+02,-8.509271956587609509e+01
4.673560429687499891e+02,-8.031956071253429741e+01
4.673563359375000346e+02,-7.701313027165871006e+01
4.673566289062500232e+02,-8.285322980338483490e+01
4.673569218750000118e+02,-8.542575848535466321e+01
4.673572148437500005e+02,-8.373141817935541553e+01
4.673575078124999891e+02,-8.489099025032375323e+01
4.673578007812500346e+02,-1.013844037669273632e+02
4.673580937500000232e+02,-8.535296421272518330e+01
4.673583867187500118e+02,-8.291290395475260766e+01
4.673586796875000005e+02,-8.339127411631780262e+01
4.673589726562499891e+02,-8.226417879789701715e+01
4.673592656250000346e+02,-8.442220869151199736e+01
4.673595585937500232e+02,-9.405284077053090641e+01
4.673598515625000118e+02,-8.168013438270789095e+01
4.673601445312500005e+02,-8.327095279183058096e+01
4.673604374999999891e+02,-7.887971015465484470e+01
4.673607304687500346e+02,-7.579953853211418391e+01
4.673610234375000232e+02,-7.562445199487201819e+01
4.673613164062500118e+02,-8.118689765859591034e+01
4.673616093750000005e+02,-9.560590331687657795e+01
4.673619023437499891e+02,-8.405776151861842038e+01
4.673621953125000346e+02,-7.972190830103288306e+01
4.673624882812500232e+02,-9.285339678868677993e+01
4.673627812500000118e+02,-8.304624065581235470e+01
4.673630742187500005e+02,-8.196843548277274749e+01
4.673633671874999891e+02,-7.802308846166154410e+01
4.673636601562500346e+02,-7.883883858821400281e+01
4.673639531250000232e+02,-8.167777190240019536e+01
4.673642460937500118e+02,-8.019665331783299678e+01
4.673645390625000005e+02,-8.340528187686869899e+01
4.673648320312499891e+02,-7.685288567099863144e+01
4.673651250000000346e+02,-7.952596524240446740e+01
4.673654179687500232e+02,-9.378971244528635509e+01
4.673657109375000118e+02,-8.013949544541142700e+01
4.673660039062500005e+02,-7.921850791111322110e+01
4.673662968749999891e+02,-8.355564542407716999e+01
4.673665898437500346e+02,-8.528126385993093095e+01
4.673668828125000232e+02,-8.651852761308242634e+01
4.673671757812500118e+02,-7.940170925298771465e+01
4.673674687500000005e+02,-9.695210429932612328e+01
4.673677617187499891e+02,-8.673088740632923077e+01
4.673680546875000346e+02,-8.719831566553942537e+01
4.673683476562500232e+02,-8.617098739885361169e+01
4.673686406250000118e+02,-7.955748455661334617e+01
4.673689335937500005e+02,-8.544130877676573732e+01
4.673692265624999891e+02,-9.013146577665288817e+01
4.673695195312500346e+02,-9.331728537302470272e+01
4.673698125000000232e+02,-8.360146133392231604e+01
4.673701054687500118e+02,-7.969559484198428834e+01
4.673703984375000005e+02,-8.019764557402714900e+01
4.673706914062499891e+02,-8.568977859677040954e+01
4.673709843750000346e+02,-8.455065549201044917e+01
4.673712773437500232e+02,-8.139228867263602751e+01
4.673715703125000118e+02,-8.057051111103831431e+01
4.673718632812500005e+02,-8.131294418027246707e+01
4.673721562499999891e+02,-8.530691380209114527e+01
4.673724492187500346e+02,-7.906220422511825063e+01
4.673727421875000232e+02,-8.428130196443709110e+01
4.673730351562500118e+02,-8.233559897244876424e+01
4.673733281250000005e+02,-7.966537672016356453e+01
4.673736210937499891e+02,-9.165361210248758539e+01
4.673739140625000346e+02,-8.779305631302810298e+01
4.673742070312500232e+02,-7.936218980122009725e+01
4.673745000000000118e+02,-7.494537496082922701e+01
4.673747929687500005e+02,-7.778689971294910777e+01
4.673750859374999891e+02,-8.399086615853759952e+01
4.673753789062500346e+02,-9.069749574583043739e+01
4.673756718750000232e+02,-9.082696156693670275e+01
4.673759648437500118e+02,-9.220322871211621418e+01
4.673762578125000005e+02,-8.584034748648201685e+01
4.673765507812499891e+02,-7.852919136077038331e+01
4.673768437500000346e+02,-8.471279637042658806e+01
4.673771367187500232e+02,-7.967217594823419802e+01
4.673774296875000118e+02,-7.885811031938914084e+01
4.673777226562500005e+02,-8.410250842307249286e+01
4.673780156249999891e+02,-8.385316098141390739e+01
4.673783085937500346e+02,-7.773931690389920846e+01
4.673786015625000232e+02,-7.938734577455474550e+01
4.673788945312500118e+02,-8.425290001851308830e+01
4.673791875000000005e+02,-7.589945166545562927e+01
4.673794804687499891e+02,-8.070914095527649579e+01
4.673797734375000346e+02,-8.364972657953276780e+01
4.673800664062500232e+02,-8.316439120399893170e+01
4.673803593750000118e+02,-8.734398813818208396e+01
4.673806523437500005e+02,-9.588728249566757711e+01
4.673809453124999891e+02,-9.375784479656084613e+01
4.673812382812500346e+02,-8.605221400480752436e+01
4.673815312500000232e+02,-1.001372175007499123e+02
4.673818242187500118e+02,-7.855863829415888233e+01
4.673821171875000005e+02,-7.653231621362316162e+01
4.673824101562499891e+02,-7.675324418904325796e+01
4.673827031250000346e+02,-8.036005464425043954e+01
4.673829960937500232e+02,-7.815811872200357868e+01
4.673832890625000118e+02,-8.957985215894920827e+01
4.673835820312500005e+02,-8.116389234045861656e+01
4.673838749999999891e+02,-7.999370401873058256e+01
4.673841679687500346e+02,-8.996478390345973253e+01
4.673844609375000232e+02,-9.073268775535744624e+01
4.673847539062500118e+02,-9.186041453324413908e+01
4.673850468750000005e+02,-8.407490919326563983e+01
4.673853398437499891e+02,-7.761740587893913812e+01
4.673856328125000346e+02,-8.355790988416045195e+01
4.673859257812500232e+02,-7.748637331321749855e+01
4.673862187500000118e+02,-8.703000337917882234e+01
4.673865117187500005e+02,-8.296947083519457067e+01
4.673868046874999891e+02,-8.216016239395702314e+01
4.673870976562500346e+02,-7.910082344697963208e+01
4.673873906250000232e+02,-8.758062305455241869e+01
4.673876835937500118e+02,-9.357982037762599248e+01
4.673879765625000005e+02,-8.563552833895747085e+01
4.673882695312499891e+02,-7.856841053685010934e+01
4.673885625000000346e+02,-8.233309703716372496e+01
4.673888554687500232e+02,-8.201712772117360828e+01
4.673891484375000118e+02,-9.051192794771819194e+01
4.673894414062500005e+02,-8.251371105495510960e+01
4.673897343749999891e+02,-7.775637169806513782e+01
4.673900273437500346e+02,-8.401867210156866861e+01
4.673903203125000232e+02,-7.807340196708365454e+01
4.673906132812500118e+02,-8.544197344071167777e+01
4.673909062500000005e+02,-8.591738404130872198e+01
4.673911992187499891e+02,-9.064554187742902513e+01
4.673914921875000346e+02,-8.254626973015095359e+01
4.673917851562500232e+02,-1.020917182164416488e+02
4.673920781250000118e+02,-8.143596366466411496e+01
4.673923710937500005e+02,-7.833608552549836190e+01
4.673926640624999891e+02,-8.400729532437250668e+01
4.673929570312500346e+02,-8.069406640264540442e+01
4.673932500000000232e+02,-7.767523073329969918e+01
4.673935429687500118e+02,-7.982856963679439843e+01
4.673938359375000005e+02,-7.941185297090831341e+01
4.673941289062499891e+02,-8.596365558240491112e+01
4.673944218750000346e+02,-8.319489150742187178e+01
4.673947148437500232e+02,-8.009502955035537752e+01
4.673950078125000118e+02,-8.269914208500806296e+01
4.673953007812500005e+02,-8.006978048433809647e+01
4.673955937499999891e+02,-8.231466036100542283e+01
4.673958867187500346e+02,-7.960670066976311432e+01
4.673961796875000232e+02,-8.127674060422720004e+01
4.673964726562500118e+02,-7.621164131336726655e+01
4.673967656250000005e+02,-7.692189562432230332e+01
4.673970585937499891e+02,-7.787340310914386521e+01
4.673973515625000346e+02,-7.982008934862909655e+01
4.673976445312500232e+02,-8.027038273247561051e+01
4.673979375000000118e+02,-9.016537083074985048e+01
4.673982304687500005e+02,-8.898799295790246333e+01
4.673985234374999891e+02,-8.433578721922437182e+01
4.673988164062500346e+02,-8.226210300869522030e+01
4.673991093750000232e+02,-8.400130519076162727e+01
4.673994023437500118e+02,-8.260673795803219832e+01
4.673996953125000005e+02,-8.230242118668392948e+01
4.673999882812499891e+02,-7.975792836360712101e+01
4.674002812500000346e+02,-8.364710368149444264e+01
4.674005742187500232e+02,-7.966124698822058292e+01
4.674008671875000118e+02,-8.273663444316818527e+01
4.674011601562500005e+02,-8.720319466774779471e+01
4.674014531249999891e+02,-8.343733906029493141e+01
4.674017460937500346e+02,-8.414053276370415801e+01
4.674020390625000232e+02,-8.297553016026220973e+01
4.674023320312500118e+02,-7.996936620852818578e+01
4.674026250000000005e+02,-8.070592219914493626e+01
4.674029179687499891e+02,-7.707453250901311037e+01
4.674032109375000346e+02,-7.797272821396931874e+01
4.674035039062500232e+02,-7.935457196117066303e+01
4.674037968750000118e+02,-8.175022863415010477e+01
4.674040898437500005e+02,-8.102395423046601763e+01
4.674043828124999891e+02,-8.683373606136021294e+01
4.674046757812500346e+02,-8.930906641459270645e+01
4.674049687500000232e+02,-7.903146933257562523e+01
4.674052617187500118e+02,-7.570691573027410470e+01
4.674055546875000005e+02,-7.974398374306825588e+01
4.674058476562499891e+02,-9.775859302176142762e+01
4.674061406250000346e+02,-9.017442206010991868e+01
4.674064335937500232e+02,-8.463092504897240076e+01
4.674067265625000118e+02,-8.734831025655317660e+01
4.674070195312500005e+02,-7.948924254845591975e+01
4.674073124999999891e+02,-7.602005587013688626e+01
4.674076054687500346e+02,-8.519900829783757956e+01
4.674078984375000232e+02,-8.027427912338899318e+01
4.674081914062500118e+02,-7.876295560573696264e+01
4.674084843750000005e+02,-1.051475318564639991e+02
4.674087773437499891e+02,-7.614223136429127692e+01
4.674090703125000346e+02,-7.465530897725814441e+01
4.674093632812500232e+02,-7.855082782570949007e+01
4.674096562500000118e+02,-8.391782676918801087e+01
4.674099492187500005e+02,-9.096320313519670719e+01
4.674102421874999891e+02,-8.018660796923298051e+01
4.674105351562500346e+02,-7.582293088850731522e+01
4.674108281250000232e+02,-7.560882799758226724e+01
4.674111210937500118e+02,-8.106691012447933531e+01
4.674114140625000005e+02,-7.816094827505243359e+01
4.674117070312499891e+02,-8.801590892477318562e+01
4.674120000000000346e+02,-8.385794546216015988e+01
4.674122929687500232e+02,-7.348230867783385634e+01
4.674125859375000118e+02,-7.598065181585118921e+01
4.674128789062500005e+02,-8.788039950523334198e+01
4.674131718749999891e+02,-8.891983289311477279e+01
4.674134648437500346e+02,-8.514786976602687218e+01
4.674137578125000232e+02,-8.138419290928142402e+01
4.674140507812500118e+02,-8.154574754115559188e+01
4.674143437500000005e+02,-7.730260789227128271e+01
4.674146367187499891e+02,-8.183063993274338088e+01
4.674149296875000346e+02,-8.781877957544992341e+01
4.674152226562500232e+02,-8.477680546904706205e+01
4.674155156250000118e+02,-7.889319798637210113e+01
4.674158085937500005e+02,-7.220653632634574137e+01
4.674161015624999891e+02,-8.806952931727693112e+01
4.674163945312500346e+02,-7.849558952879787910e+01
4.674166875000000232e+02,-7.717733940459862652e+01
4.674169804687500118e+02,-9.455678998069907948e+01
4.674172734375000005e+02,-8.614823835228924054e+01
4.674175664062499891e+02,-8.376603795423143595e+01
4.674178593750000346e+02,-8.787049243300069179e+01
4.674181523437500232e+02,-8.133164582073601423e+01
4.674184453125000118e+02,-9.014044263837470794e+01
4.674187382812500005e+02,-8.587289474401254097e+01
4.674190312499999891e+02,-7.114536989804238942e+01
4.674193242187500346e+02,-7.116152986654574875e+01
4.674196171875000232e+02,-7.805846082550397114e+01
4.674199101562500118e+02,-7.671889985787663591e+01
4.674202031250000005e+02,-8.387131543867361927e+01
4.674204960937499891e+02,-8.366249805757914260e+01
4.674207890625000346e+02,-8.984354731776177516e+01
4.674210820312500232e+02,-8.353491195813931824e+01
4.674213750000000118e+02,-8.522275001793320826e+01
4.674216679687500005e+02,-8.247772435528618473e+01
4.674219609374999891e+02,-8.327620931929482140e+01
4.674222539062500346e+02,-8.122125015525023173e+01
4.674225468750000232e+02,-6.866393895796895208e+01
4.674228398437500118e+02,-6.944213259381892556e+01
4.674231328125000005e+02,-7.698794526247736769e+01
4.674234257812499891e+02,-8.710851790868065336e+01
4.674237187500000346e+02,-7.681999159877480565e+01
4.674240117187500232e+02,-8.021947987116887191e+01
4.674243046875000118e+02,-8.053162147191741838e+01
4.674245976562500005e+02,-8.960311616700245452e+01
4.674248906249999891e+02,-7.978088437231053831e+01
4.674251835937500346e+02,-8.636630132949005656e+01
4.674254765625000232e+02,-9.080378805927387020e+01
4.674257695312500118e+02,-9.071140408310557746e+01
4.674260625000000005e+02,-8.747213614529525216e+01
4.674263554687499891e+02,-8.878401092448575582e+01
4.674266484375000346e+02,-7.948995325510838938e+01
4.674269414062500232e+02,-7.752869227469214763e+01
4.674272343750000118e+02,-8.734562418314592946e+01
4.674275273437500005e+02,-8.508685780677565447e+01
4.674278203124999891e+02,-8.489332019531083517e+01
4.674281132812500346e+02,-7.879318574091841754e+01
4.674284062500000232e+02,-8.328437369575442517e+01
4.674286992187500118e+02,-7.542683173489129445e+01
4.674289921875000005e+02,-7.571723667330148544e+01
4.674292851562499891e+02,-8.243387666486775345e+01
4.674295781250000346e+02,-8.583068286405907088e+01
4.674298710937500232e+02,-7.921281123031944560e+01
4.674301640625000118e+02,-8.712368887050315891e+01
4.674304570312500005e+02,-7.954124147832578728e+01
4.674307499999999891e+02,-7.749455141026078309e+01
4.674310429687500346e+02,-7.937660393812572579e+01
4.674313359375000232e+02,-9.162049541439105838e+01
4.674316289062500118e+02,-8.016065692083201100e+01
4.674319218750000005e+02,-7.828834880678444108e+01
4.674322148437499891e+02,-8.225212655119810279e+01
4.674325078125000346e+02,-7.794546445995703721e+01
4.674328007812500232e+02,-9.295351394728642447e+01
4.674330937500000118e+02,-7.961623352972648604e+01
4.674333867187500005e+02,-7.579108295269396933e+01
4.674336796874999891e+02,-8.805011051726181392e+01
4.674339726562500346e+02,-9.236923402790810655e+01
4.674342656250000232e+02,-8.068498663175348895e+01
4.674345585937500118e+02,-7.949349705376664588e+01
4.674348515625000005e+02,-7.846219000746225447e+01
4.674351445312499891e+02,-7.455068217725410307e+01
4.674354375000000346e+02,-8.288205245078415828e+01
4.674357304687500232e+02,-8.400042094462470743e+01
4.674360234375000118e+02,-8.266664966686894900e+01
4.674363164062500005e+02,-7.905023585727610680e+01
4.674366093749999891e+02,-7.797535477868589737e+01
4.674369023437500346e+02,-7.804657841679259889e+01
4.674371953125000232e+02,-8.297981543514696057e+01
4.674374882812500118e+02,-8.006268735820582094e+01
4.674377812500000005e+02,-7.370517735481317345e+01
4.674380742187499891e+02,-7.889142132173218158e+01
4.674383671875000346e+02,-8.090164890148912491e+01
4.674386601562500232e+02,-7.598390015616158166e+01
4.674389531250000118e+02,-7.379321530985693300e+01
4.674392460937500005e+02,-7.211338576206634343e+01
4.674395390624999891e+02,-7.456877739770628466e+01
4.674398320312500346e+02,-7.789707367357743806e+01
4.674401250000000232e+02,-7.657167134963684418e+01
4.674404179687500118e+02,-7.610170012236491743e+01
4.674407109375000005e+02,-8.031276931235464644e+01
4.674410039062499891e+02,-7.954968376363544280e+01
4.674412968750000346e+02,-7.935532701180450488e+01
4.674415898437500232e+02,-8.346516545490817407e+01
4.674418828125000118e+02,-7.847682302941744581e+01
4.674421757812500005e+02,-7.602628485975340311e+01
4.674424687499999891e+02,-7.443240951703232611e+01
4.674427617187500346e+02,-8.041078308031902111e+01
4.674430546875000232e+02,-8.174727686788310166e+01
4.674433476562500118e+02,-7.707056617037655144e+01
4.674436406250000005e+02,-7.853432913013604377e+01
4.674439335937499891e+02,-7.618526337756922828e+01
4.674442265625000346e+02,-9.304002821768465026e+01
4.674445195312500232e+02,-8.695703772850220048e+01
4.674448125000000118e+02,-7.849159803781287792e+01
4.674451054687500005e+02,-8.023241018715270911e+01
4.674453984374999891e+02,-7.417172960913207191e+01
4.674456914062500346e+02,-7.095425623255248126e+01
4.674459843750000232e+02,-7.451941681075214774e+01
4.674462773437500118e+02,-7.811518124805408547e+01
4.674465703125000005e+02,-7.676618212299531763e+01
4.674468632812499891e+02,-7.928421078914496434e+01
4.674471562500000346e+02,-7.652598911451676145e+01
4.674474492187500232e+02,-8.667880185948946803e+01
4.674477421875000118e+02,-8.097327355028504314e+01
4.674480351562500005e+02,-7.395604047598192210e+01
4.674483281249999891e+02,-7.630882907752791766e+01
4.674486210937500346e+02,-8.753627374427119889e+01
4.674489140625000232e+02,-8.188692661757052349e+01
4.674492070312500118e+02,-8.016669186009167447e+01
4.674495000000000005e+02,-7.701524968711257202e+01
4.674497929687499891e+02,-7.995467526202696718e+01
4.674500859375000346e+02,-7.792796589513190497e+01
4.674503789062500232e+02,-7.190895369244822177e+01
4.674506718750000118e+02,-7.375180516417678689e+01
4.674509648437500005e+02,-7.439056859860818349e+01
4.674512578124999891e+02,-7.365936354282207787e+01
4.674515507812500346e+02,-7.289210741074222710e+01
4.674518437500000232e+02,-7.252575366911099763e+01
4.674521367187500118e+02,-7.444959822571914287e+01
4.674524296875000005e+02,-7.657803836353301108e+01
4.674527226562499891e+02,-7.236263122056980990e+01
4.674530156250000346e+02,-7.289280097918744161e+01
4.674533085937500232e+02,-7.176321315372723575e+01
4.674536015625000118e+02,-7.186025484957494314e+01
4.674538945312500005e+02,-8.505640298650357067e+01
4.674541874999999891e+02,-7.532249088588213226e+01
4.674544804687500346e+02,-7.827484442097050987e+01
4.674547734375000232e+02,-8.820969653533003907e+01
4.674550664062500118e+02,-8.318009653523262159e+01
4.674553593750000005e+02,-7.684823643669921012e+01
4.674556523437499891e+02,-8.560615637232680797e+01
4.674559453125000346e+02,-7.569284763706077968e+01
4.674562382812500232e+02,-7.253977204451570060e+01
4.674565312500000118e+02,-7.584321655969357323e+01
4.674568242187500005e+02,-7.555566729522554681e+01
4.674571171874999891e+02,-7.300249163810707387e+01
4.674574101562500346e+02,-7.649244887546981886e+01
4.674577031250000232e+02,-8.231916701078245069e+01
4.674579960937500118e+02,-7.886167271039776949e+01
4.674582890625000005e+02,-8.304585191489098861e+01
4.674585820312499891e+02,-9.186696744159513628e+01
4.674588750000000346e+02,-7.732355472512807637e+01
4.674591679687500232e+02,-7.852378204412360674e+01
4.674594609375000118e+02,-8.265894766757854484e+01
4.674597539062500005e+02,-8.974320735676485583e+01
4.674600468749999891e+02,-7.703735597177545458e+01
4.674603398437500346e+02,-8.116989968483650841e+01
4.674606328125000232e+02,-8.915967563896776937e+01
4.674609257812500118e+02,-7.825600779836585730e+01
4.674612187500000005e+02,-7.304448008395425518e+01
4.674615117187499891e+02,-7.339578333788323050e+01
4.674618046875000346e+02,-7.292301655157628204e+01
4.674620976562500232e+02,-7.370373438668121935e+01
4.674623906250000118e+02,-7.480885277334186867e+01
4.674626835937500005e+02,-8.329913842174948968e+01
4.674629765624999891e+02,-7.806880907041082196e+01
4.674632695312500346e+02,-7.602234551194558776e+01
4.674635625000000232e+02,-8.898042191686789693e+01
4.674638554687500118e+02,-7.268481000435885164e+01
4.674641484375000005e+02,-8.141701432208503775e+01
4.674644414062499891e+02,-8.048087740495290632e+01
4.674647343750000346e+02,-7.723913710306709390e+01
4.674650273437500232e+02,-6.867134547636540276e+01
4.674653203125000118e+02,-6.907012773420019869e+01
4.674656132812500005e+02,-7.450875106418945393e+01
4.674659062499999891e+02,-7.472733595949287633e+01
4.674661992187500346e+02,-7.434579694369696767e+01
4.674664921875000232e+02,-7.789461602828899345e+01
4.674667851562500118e+02,-7.588952880028830350e+01
4.674670781250000005e+02,-7.226945741149455671e+01
4.674673710937499891e+02,-7.461049236473220958e+01
4.674676640625000346e+02,-7.339461242029706511e+01
4.674679570312500232e+02,-6.837983212506594555e+01
4.674682500000000118e+02,-7.762746984288702379e+01
4.674685429687500005e+02,-8.173428522115493422e+01
4.674688359374999891e+02,-9.049059878298402282e+01
4.674691289062500346e+02,-7.843462860622916821e+01
4.674694218750000232e+02,-7.084675597767743227e+01
4.674697148437500118e+02,-7.811647957508480999e+01
4.674700078125000005e+02,-7.333206335149499466e+01
4.674703007812499891e+02,-7.981857159705150195e+01
4.674705937500000346e+02,-7.229864593456103705e+01
4.674708867187500232e+02,-7.362063708268968298e+01
4.674711796875000118e+02,-7.457962273593577152e+01
4.674714726562500005e+02,-7.610144056829014403e+01
4.674717656249999891e+02,-7.525994956316203854e+01
4.674720585937500346e+02,-7.841934612183214881e+01
4.674723515625000232e+02,-8.376899267529054782e+01
4.674726445312500118e+02,-7.268944717151703117e+01
4.674729375000000005e+02,-6.884423600094542905e+01
4.674732304687499891e+02,-7.137052682698676165e+01
4.674735234375000346e+02,-7.522897788960973742e+01
4.674738164062500232e+02,-7.946317027923305432e+01
4.674741093750000118e+02,-7.848495032848522612e+01
4.674744023437500005e+02,-7.637861080410702641e+01
4.674746953124999891e+02,-7.279539328385509123e+01
4.674749882812500346e+02,-7.516284968689559776e+01
4.674752812500000232e+02,-7.510186115345089775e+01
4.674755742187500118e+02,-8.233888431203469338e+01
4.674758671875000005e+02,-7.631661574262332692e+01
4.674761601562499891e+02,-7.177540401481050480e+01
4.674764531250000346e+02,-7.141765773073286994e+01
4.674767460937500232e+02,-7.109928951071614733e+01
4.674770390625000118e+02,-7.102836026290762561e+01
4.674773320312500005e+02,-6.780144127987456670e+01
4.674776249999999891e+02,-6.963819700913531108e+01
4.674779179687500346e+02,-6.362057255479535200e+01
4.674782109375000232e+02,-6.717829529038334613e+01
4.674785039062500118e+02,-7.904401876724665499e+01
4.674787968750000005e+02,-7.486407521305297053e+01
4.674790898437499891e+02,-6.997326978036144851e+01
4.674793828125000346e+02,-6.520594342893404871e+01
4.674796757812500232e+02,-7.085721773274511293e+01
4.674799687500000118e+02,-8.248098913850661518e+01
4.674802617187500005e+02,-8.154546784353220801e+01
4.674805546874999891e+02,-7.486741271715887081e+01
4.674808476562500346e+02,-7.210921533337261735e+01
4.674811406250000232e+02,-6.753302117158537499e+01
4.674814335937500118e+02,-5.874207258042680735e+01
4.674817265625000005e+02,-6.428753079292948769e+01
4.674820195312499891e+02,-8.003865208000806319e+01
4.674823125000000346e+02,-7.294879928372947120e+01
4.674826054687500232e+02,-7.250855720744374366e+01
4.674828984375000118e+02,-6.932446809942241828e+01
4.674831914062500005e+02,-7.440102831067170541e+01
4.674834843749999891e+02,-7.820516030708557764e+01
4.674837773437500346e+02,-7.268088587390165856e+01
4.674840703125000232e+02,-7.959122192445957467e+01
4.674843632812500118e+02,-7.973199365083716827e+01
4.674846562500000005e+02,-6.284530089220449867e+01
4.674849492187499891e+02,-5.666117332592068578e+01
4.674852421875000346e+02,-6.977945095684384569e+01
4.674855351562500232e+02,-8.005039466404124937e+01
4.674858281250000118e+02,-7.526477982623529783e+01
4.674861210937500005e+02,-7.143931031946225119e+01
4.674864140624999891e+02,-7.005671412023005473e+01
4.674867070312500346e+02,-8.265140180815807014e+01
4.674870000000000232e+02,-7.500681104563183510e+01
4.674872929687500118e+02,-8.387660517481810984e+01
4.674875859375000005e+02,-7.768958798873424598e+01
4.674878789062499891e+02,-7.167114310390240917e+01
4.674881718750000346e+02,-7.272475312295689776e+01
4.674884648437500232e+02,-8.287297974414606472e+01
4.674887578125000118e+02,-8.480519345685463861e+01
4.674890507812500005e+02,-7.804535916062332035e+01
4.674893437499999891e+02,-8.390846453558252449e+01
4.674896367187500346e+02,-7.925283347384770138e+01
4.674899296875000232e+02,-7.429672715490082169e+01
4.674902226562500118e+02,-7.002474448330997348e+01
4.674905156250000005e+02,-6.576447418770035824e+01
4.674908085937499891e+02,-6.886037316941202846e+01
4.674911015625000346e+02,-7.214153197281981988e+01
4.674913945312500232e+02,-7.127790226904258475e+01
4.674916875000000118e+02,-8.675374023082443387e+01
4.674919804687500005e+02,-7.156179062845313865e+01
4.674922734374999891e+02,-6.725133022549047723e+01
4.674925664062500346e+02,-6.892556739584422587e+01
4.674928593750000232e+02,-7.532647293274914091e+01
4.674931523437500118e+02,-7.855672680738487657e+01
4.674934453125000005e+02,-8.264449634240507692e+01
4.674937382812499891e+02,-8.136536277562757391e+01
4.674940312500000346e+02,-8.574103478240755294e+01
4.674943242187500232e+02,-7.822959376939502363e+01
4.674946171875000118e+02,-7.268474011244991573e+01
4.674949101562500005e+02,-7.275842646797279656e+01
4.674952031249999891e+02,-8.443667372875084709e+01
4.674954960937500346e+02,-7.397912824033825530e+01
4.674957890625000232e+02,-7.371625934224100263e+01
4.674960820312500118e+02,-7.183158320818093046e+01
4.674963750000000005e+02,-6.814918961688395882e+01
4.674966679687499891e+02,-7.229120146991847662e+01
4.674969609375000346e+02,-7.828441491578183786e+01
4.674972539062500232e+02,-6.934227494138677628e+01
4.674975468750000118e+02,-7.160569735764860866e+01
4.674978398437500005e+02,-7.305865925776654990e+01
4.674981328124999891e+02,-7.014882596409910320e+01
4.674984257812500346e+02,-7.029288353023864033e+01
4.674987187500000232e+02,-7.299969062698805544e+01
4.674990117187500118e+02,-7.357122171582054193e+01
4.674993046875000005e+02,-7.210776828671485816e+01
4.674995976562499891e+02,-7.539157606837669334e+01
4.674998906250000346e+02,-7.055115245000075674e+01
4.675001835937500232e+02,-7.161031340226473674e+01
4.675004765625000118e+02,-9.365520105664401740e+01
4.675007695312500005e+02,-7.525971066140257903e+01
4.675010624999999891e+02,-7.391683520106269611e+01
4.675013554687500346e+02,-7.369574089307694464e+01
4.675016484375000232e+02,-6.973912541991271041e+01
4.675019414062500118e+02,-7.135431434545500906e+01
4.675022343750000005e+02,-8.471533070289004286e+01
4.675025273437499891e+02,-8.357819622077222732e+01
4.675028203125000346e+02,-8.234630682912799671e+01
4.675031132812500232e+02,-8.268765291607789436e+01
4.675034062500000118e+02,-7.650360445268168519e+01
4.675036992187500005e+02,-7.186507444536881906e+01
4.675039921874999891e+02,-7.420776933472599524e+01
4.675042851562500346e+02,-8.053760110566332742e+01
4.675045781250000232e+02,-7.508042365992884015e+01
4.675048710937500118e+02,-7.720808692817226415e+01
4.675051640625000005e+02,-7.351661434825959418e+01
4.675054570312499891e+02,-7.580926821560721862e+01
4.675057500000000346e+02,-7.561096636798760073e+01
4.675060429687500232e+02,-7.622626610378405587e+01
4.675063359375000118e+02,-7.847713507059758342e+01
4.675066289062500005e+02,-8.228827239463487331e+01
4.675069218749999891e+02,-8.180166983749705878e+01
4.675072148437500346e+02,-8.008754065301191361e+01
4.675075078125000232e+02,-8.086520039569670359e+01
4.675078007812500118e+02,-7.520200248191203229e+01
4.675080937500000005e+02,-7.945546745502556973e+01
4.675083867187499891e+02,-7.347238001539871277e+01
4.675086796875000346e+02,-7.543772670317619600e+01
4.675089726562500232e+02,-7.339498993853672459e+01
4.675092656250000118e+02,-7.628017650905019309e+01
4.675095585937500005e+02,-7.151467293799555591e+01
4.675098515624999891e+02,-7.605276712165911590e+01
4.675101445312500346e+02,-7.526361280965178935e+01
4.675104375000000232e+02,-8.311310081444069908e+01
4.675107304687500118e+02,-9.433271714287288034e+01
4.675110234375000005e+02,-7.862450514709207994e+01
4.675113164062499891e+02,-7.429847553463176268e+01
4.675116093750000346e+02,-7.662640561029589037e+01
4.675119023437500232e+02,-7.403982564476744699e+01
4.675121953125000118e+02,-7.366687853492894078e+01
4.675124882812500005e+02,-6.756261151289680811e+01
4.675127812499999891e+02,-6.847772285055002328e+01
4.675130742187500346e+02,-7.955777602273276727e+01
4.675133671875000232e+02,-7.164550384555943197e+01
4.675136601562500118e+02,-7.024361532198859948e+01
4.675139531250000005e+02,-7.433526022720978688e+01
4.675142460937499891e+02,-8.019479260739232984e+01
4.675145390625000346e+02,-7.456380431808642584e+01
4.675148320312500232e+02,-7.937688981488034301e+01
4.675151250000000118e+02,-7.450110556917182691e+01
4.675154179687500005e+02,-7.074375385115230586e+01
4.675157109374999891e+02,-7.007213865266149355e+01
4.675160039062500346e+02,-7.170340865199401037e+01
4.675162968750000232e+02,-7.492186333243211038e+01
4.675165898437500118e+02,-6.874029751085294038e+01
4.675168828125000005e+02,-7.191522625675966651e+01
4.675171757812499891e+02,-7.516507670170193478e+01
4.675174687500000346e+02,-7.645788055427283325e+01
4.675177617187500232e+02,-7.456861510795265247e+01
4.675180546875000118e+02,-7.826512545375510399e+01
4.675183476562500005e+02,-7.067505292008280549e+01
4.675186406249999891e+02,-7.377865917592734490e+01
4.675189335937500346e+02,-8.177997421226088193e+01
4.675192265625000232e+02,-7.469661568952790276e+01
4.675195195312500118e+02,-6.986519554476085148e+01
4.675198125000000005e+02,-8.476087566263731787e+01
4.675201054687499891e+02,-7.111126853036169848e+01
4.675203984375000346e+02,-7.641842173622208634e+01
4.675206914062500232e+02,-8.600297505889733429e+01
4.675209843750000118e+02,-8.736691224552066615e+01
4.675212773437500005e+02,-8.199731340583198858e+01
4.675215703124999891e+02,-7.930531365798128718e+01
4.675218632812500346e+02,-7.230393763909438576e+01
4.675221562500000232e+02,-7.532189969167903598e+01
4.675224492187500118e+02,-7.238607215381203730e+01
4.675227421875000005e+02,-6.558707587582885878e+01
4.675230351562499891e+02,-7.007373732465454452e+01
4.675233281250000346e+02,-8.279177306566606376e+01
4.675236210937500232e+02,-7.357227538552399437e+01
4.675239140625000118e+02,-8.002987071288812615e+01
4.675242070312500005e+02,-8.111032569961109573e+01
4.675244999999999891e+02,-7.254938134356601154e+01
4.675247929687500346e+02,-7.907416351099675467e+01
4.675250859375000232e+02,-7.570579379184047752e+01
4.675253789062500118e+02,-7.500388599400399414e+01
4.675256718750000005e+02,-7.570217858970713110e+01
4.675259648437499891e+02,-7.255672583226997574e+01
4.675262578125000346e+02,-6.434782687884407437e+01
4.675265507812500232e+02,-4.988875727922020076e+01
4.675268437500000118e+02,-5.250086950113615103e+01
4.675271367187500005e+02,-6.838235072685792204e+01
4.675274296874999891e+02,-7.047310689333038169e+01
4.675277226562500346e+02,-7.639425064094099582e+01
4.675280156250000232e+02,-7.204257212901735841e+01
4.675283085937500118e+02,-6.896897375032554578e+01
4.675286015625000005e+02,-7.780879269551196842e+01
4.675288945312499891e+02,-7.839447137189223724e+01
4.675291875000000346e+02,-7.344893890672253178e+01
4.675294804687500232e+02,-6.899099131990689671e+01
4.675297734375000118e+02,-6.332400224045915849e+01
4.675300664062500005e+02,-5.883529290274023538e+01
4.675303593749999891e+02,-7.009026423432301556e+01
4.675306523437500346e+02,-7.935822975172584393e+01
4.675309453125000232e+02,-8.295642301383948336e+01
4.675312382812500118e+02,-7.686025762456560528e+01
4.675315312500000005e+02,-7.852739360118252421e+01
4.675318242187499891e+02,-7.100637648706597815e+01
4.675321171875000346e+02,-7.040940683553458257e+01
4.675324101562500232e+02,-8.872072257678797769e+01
4.675327031250000118e+02,-7.420617203278769125e+01
4.675329960937500005e+02,-7.876956286405552987e+01
4.675332890624999891e+02,-6.610376846752075153e+01
4.675335820312500346e+02,-6.245111476699993602e+01
4.675338750000000232e+02,-7.060330308667906252e+01
4.675341679687500118e+02,-7.572393667707788723e+01
4.675344609375000005e+02,-7.155222803197808901e+01
4.675347539062499891e+02,-7.463396707670372621e+01
4.675350468750000346e+02,-7.313625133032927295e+01
4.675353398437500232e+02,-7.520197373874323432e+01
4.675356328125000118e+02,-6.723011214492868248e+01
4.675359257812500005e+02,-6.794675302678935225e+01
4.675362187499999891e+02,-7.562823131847875402e+01
4.675365117187500346e+02,-7.032847609564511515e+01
4.675368046875000232e+02,-6.391877868790536610e+01
4.675370976562500118e+02,-7.147930904711463995e+01
4.675373906250000005e+02,-7.043339163615345910e+01
4.675376835937499891e+02,-6.727532576214882454e+01
4.675379765625000346e+02,-7.343517751324802134e+01
4.675382695312500232e+02,-8.448671779280240912e+01
4.675385625000000118e+02,-7.742205543286574709e+01
4.675388554687500005e+02,-7.156000750592899351e+01
4.675391484374999891e+02,-8.485833352855524936e+01
4.675394414062500346e+02,-7.458498091979329558e+01
4.675397343750000232e+02,-8.031210143367835030e+01
4.675400273437500118e+02,-6.629272560867704556e+01
4.675403203125000005e+02,-6.502783017771737661e+01
4.675406132812499891e+02,-7.260751489103600420e+01
4.675409062500000346e+02,-6.803850462795810472e+01
4.675411992187500232e+02,-7.701368961190721052e+01
4.675414921875000118e+02,-6.703513634755478279e+01
4.675417851562500005e+02,-6.374434084763294095e+01
4.675420781249999891e+02,-6.332252972257440149e+01
4.675423710937500346e+02,-7.007261899193937893e+01
4.675426640625000232e+02,-8.095364254939532600e+01
4.675429570312500118e+02,-7.880716922057602858e+01
4.675432500000000005e+02,-7.194545035953535717e+01
4.675435429687499891e+02,-6.845742734765008208e+01
4.675438359375000346e+02,-7.165324245587609653e+01
4.675441289062500232e+02,-7.317844720902593281e+01
4.675444218750000118e+02,-7.476553451090747160e+01
4.675447148437500005e+02,-8.265916595902204733e+01
4.675450078124999891e+02,-8.271121391759945141e+01
4.675453007812500346e+02,-7.945325984548686904e+01
4.675455937500000232e+02,-8.139379248137777267e+01
4.675458867187500118e+02,-7.040181472593931744e+01
4.675461796875000005e+02,-7.053085693579241422e+01
4.675464726562499891e+02,-6.270508354670614182e+01
4.675467656250000346e+02,-6.493405343847686595e+01
4.675470585937500232e+02,-6.991357537999947169e+01
4.675473515625000118e+02,-7.301383197119180579e+01
4.675476445312500005e+02,-7.325421959171852393e+01
4.675479374999999891e+02,-8.364216860213207383e+01
4.675482304687500346e+02,-7.171975135100265675e+01
4.675485234375000232e+02,-6.466609021531736801e+01
4.675488164062500118e+02,-7.080441405781286335e+01
4.675491093750000005e+02,-6.519298289109805467e+01
4.675494023437499891e+02,-6.436231008789600594e+01
4.675496953125000346e+02,-6.800386903080413958e+01
4.675499882812500232e+02,-6.161999315784246534e+01
4.675502812500000118e+02,-6.858027444128238415e+01
4.675505742187500005e+02,-7.982484790794100604e+01
4.675508671874999891e+02,-6.441641480284829413e+01
4.675511601562500346e+02,-6.806287554304334719e+01
4.675514531250000232e+02,-6.997170662703675248e+01
4.675517460937500118e+02,-6.965407715684391121e+01
4.675520390625000005e+02,-7.228623164894723629e+01
4.675523320312499891e+02,-7.006568178969483540e+01
4.675526250000000346e+02,-7.076509482611021440e+01
4.675529179687500232e+02,-7.003107641991530841e+01
4.675532109375000118e+02,-7.071977896260557372e+01
4.675535039062500005e+02,-6.389057695571182904e+01
4.675537968749999891e+02,-6.223913835772235359e+01
4.675540898437500346e+02,-6.546536165000551932e+01
4.675543828125000232e+02,-6.255670925225714285e+01
4.675546757812500118e+02,-6.087314653542313891e+01
4.675549687500000005e+02,-6.847841677606750466e+01
4.675552617187499891e+02,-7.482862868228127695e+01
4.675555546875000346e+02,-7.033374143595753480e+01
4.675558476562500232e+02,-7.117249953229148218e+01
4.675561406250000118e+02,-7.250655603422656270e+01
4.675564335937500005e+02,-6.386723937513210814e+01
4.675567265624999891e+02,-6.162363208235598222e+01
4.675570195312500346e+02,-6.502727954962358581e+01
4.675573125000000232e+02,-7.233722822510220851e+01
4.675576054687500118e+02,-6.556174609270728126e+01
4.675578984375000005e+02,-5.912907947687627086e+01
4.675581914062499891e+02,-6.195793672295532417e+01
4.675584843750000346e+02,-7.217909185916764159e+01
4.675587773437500232e+02,-6.544711976399631226e+01
4.675590703125000118e+02,-6.049864649409644812e+01
4.675593632812500005e+02,-6.615484375548757612e+01
4.675596562499999891e+02,-7.993776536488992690e+01
4.675599492187500346e+02,-8.143083690115447837e+01
4.675602421875000232e+02,-6.506480575559885438e+01
4.675605351562500118e+02,-6.495041508642052008e+01
4.675608281250000005e+02,-5.947000318403670605e+01
4.675611210937499891e+02,-6.314291665035010226e+01
4.675614140625000346e+02,-7.797969758773125193e+01
4.675617070312500232e+02,-6.554547714168566586e+01
4.675620000000000118e+02,-6.071302605786269169e+01
4.675622929687500005e+02,-6.561000218869594391e+01
4.675625859374999891e+02,-7.286258620125245500e+01
4.675628789062500346e+02,-7.855577215670921021e+01
4.675631718750000232e+02,-6.751889709599500122e+01
4.675634648437500118e+02,-6.327512913619913348e+01
4.675637578125000005e+02,-6.425154515960552715e+01
4.675640507812499891e+02,-6.375863636265036405e+01
4.675643437500000346e+02,-7.323721579273788507e+01
4.675646367187500232e+02,-6.922541426292021072e+01
4.675649296875000118e+02,-6.573677736500908964e+01
4.675652226562500005e+02,-6.742056434854654867e+01
4.675655156249999891e+02,-5.798824761404668493e+01
4.675658085937500346e+02,-5.936576266645609223e+01
4.675661015625000232e+02,-6.085409203764189812e+01
4.675663945312500118e+02,-5.760177935183272524e+01
4.675666875000000005e+02,-5.957384124310494400e+01
4.675669804687499891e+02,-6.013187825495683825e+01
4.675672734375000346e+02,-6.627459429981614392e+01
4.675675664062500232e+02,-7.780736845930432821e+01
4.675678593750000118e+02,-7.088527310228299427e+01
4.675681523437500005e+02,-6.277200411014159442e+01
4.675684453124999891e+02,-5.965162793193855606e+01
4.675687382812500346e+02,-7.107782255223993673e+01
4.675690312500000232e+02,-6.135980001475807200e+01
4.675693242187500118e+02,-6.084728570253084001e+01
4.675696171875000005e+02,-7.490001523615907786e+01
4.675699101562499891e+02,-6.773466929788500579e+01
4.675702031250000346e+02,-6.178528623310971568e+01
4.675704960937500232e+02,-6.303049810207865988e+01
4.675707890625000118e+02,-6.697251720576404921e+01
4.675710820312500005e+02,-6.152858330296326272e+01
4.675713749999999891e+02,-5.860461245897198523e+01
4.675716679687500346e+02,-5.939688501189525738e+01
4.675719609375000232e+02,-5.776905985144015432e+01
4.675722539062500118e+02,-5.898002951808151550e+01
4.675725468750000005e+02,-6.043590026249290048e+01
4.675728398437499891e+02,-5.747631380042206928e+01
4.675731328125000346e+02,-6.127203684352276980e+01
4.675734257812500232e+02,-6.218318761421535612e+01
4.675737187500000118e+02,-5.875464823033485118e+01
4.675740117187500005e+02,-6.212870844938156267e+01
4.675743046874999891e+02,-6.515921663766305016e+01
4.675745976562500346e+02,-6.418167621664349554e+01
4.675748906250000232e+02,-6.466149311519257026e+01
4.675751835937500118e+02,-7.581455185871610070e+01
4.675754765625000005e+02,-6.145849935362438998e+01
4.675757695312499891e+02,-6.287556640169123057e+01
4.675760625000000346e+02,-6.695312282615540767e+01
4.675763554687500232e+02,-6.709395319989505424e+01
4.675766484375000118e+02,-6.215480507145920086e+01
4.675769414062500005e+02,-6.122439847085183118e+01
4.675772343749999891e+02,-6.604287192304796861e+01
4.675775273437500346e+02,-6.973583478853146289e+01
4.675778203125000232e+02,-6.116937191811476282e+01
4.675781132812500118e+02,-5.923154474444568507e+01
4.675784062500000005e+02,-6.534965291701095680e+01
4.675786992187499891e+02,-7.019228874348790725e+01
4.675789921875000346e+02,-6.575579892202911481e+01
4.675792851562500232e+02,-6.543949007889767699e+01
4.675795781250000118e+02,-5.545683195941180799e+01
4.675798710937500005e+02,-5.604818780824806623e+01
4.675801640624999891e+02,-6.320243644764619262e+01
4.675804570312500346e+02,-7.252025368998943122e+01
4.675807500000000232e+02,-7.514520994237149409e+01
4.675810429687500118e+02,-6.541340572072438420e+01
4.675813359375000005e+02,-1.088870977903408459e+02
4.675816289062499891e+02,-6.051053698003437376e+01
4.675819218750000346e+02,-6.017554661990870102e+01
4.675822148437500232e+02,-7.586310003998983120e+01
4.675825078125000118e+02,-6.104998701853596543e+01
4.675828007812500005e+02,-7.651572260789450297e+01
4.675830937499999891e+02,-6.459334640157979379e+01
4.675833867187500346e+02,-6.494063504825410860e+01
4.675836796875000232e+02,-6.891148892021180927e+01
4.675839726562500118e+02,-6.295344641381178974e+01
4.675842656250000005e+02,-6.877241556139203738e+01
4.675845585937499891e+02,-6.825805097294973223e+01
4.675848515625000346e+02,-5.851695299815965257e+01
4.675851445312500232e+02,-4.832149933915697915e+01
4.675854375000000118e+02,-4.329278136834739144e+01
4.675857304687500005e+02,-5.265144436748706624e+01
4.675860234374999891e+02,-6.400446451680070936e+01
4.675863164062500346e+02,-7.511401132622923171e+01
4.675866093750000232e+02,-6.329418170363018703e+01
4.675869023437500118e+02,-6.649085617089757250e+01
4.675871953125000005e+02,-7.065855616041301346e+01
4.675874882812499891e+02,-6.144371000531155147e+01
4.675877812500000346e+02,-7.370672961317634986e+01
4.675880742187500232e+02,-7.423043709562361414e+01
4.675883671875000118e+02,-5.516940104627497021e+01
4.675886601562500005e+02,-3.288668720975163495e+01
4.675889531249999891e+02,-3.063343532252239854e+01
4.675892460937500346e+02,-4.378635404844158074e+01
4.675895390625000232e+02,-7.174071865444301466e+01
4.675898320312500118e+02,-6.861339889199436470e+01
4.675901250000000005e+02,-7.297352297189824810e+01
4.675904179687499891e+02,-6.368565982853003504e+01
4.675907109375000346e+02,-6.118174238324919401e+01
4.675910039062500232e+02,-6.325398655323932928e+01
4.675912968750000118e+02,-6.688702825219748149e+01
4.675915898437500005e+02,-6.783035892228197383e+01
4.675918828124999891e+02,-6.684739628436474845e+01
4.675921757812500346e+02,-4.648682730403105268e+01
4.675924687500000232e+02,-4.810690411428854674e+01
4.675927617187500118e+02,-5.577161453681106451e+01
4.675930546875000005e+02,-6.162871830628040470e+01
4.675933476562499891e+02,-7.299050953023910893e+01
4.675936406250000346e+02,-6.900399677118269892e+01
4.675939335937500232e+02,-6.324828609521622980e+01
4.675942265625000118e+02,-7.008192347984090986e+01
4.675945195312500005e+02,-6.839749006279554067e+01
4.675948124999999891e+02,-7.557014929079421961e+01
4.675951054687500346e+02,-6.038419550294186422e+01
4.675953984375000232e+02,-8.432061758160195097e+01
4.675956914062500118e+02,-5.605008804666329070e+01
4.675959843750000005e+02,-5.796293967219030208e+01
4.675962773437499891e+02,-7.202646690722288270e+01
4.675965703125000346e+02,-7.453456150965101301e+01
4.675968632812500232e+02,-6.728180016878792458e+01
4.675971562500000118e+02,-6.320213927596426373e+01
4.675974492187500005e+02,-5.888558839727873817e+01
4.675977421874999891e+02,-5.903080830951476798e+01
4.675980351562500346e+02,-5.741071210611963949e+01
4.675983281250000232e+02,-6.409967085412903032e+01
4.675986210937500118e+02,-6.618948241618613793e+01
4.675989140625000005e+02,-7.714564411114497489e+01
4.675992070312499891e+02,-6.408732647042681663e+01
4.675995000000000346e+02,-6.122196943140231440e+01
4.675997929687500232e+02,-6.563286068127014516e+01
4.676000859375000118e+02,-7.071973456010923087e+01
4.676003789062500005e+02,-7.479076485005307973e+01
4.676006718749999891e+02,-6.181190718104562620e+01
4.676009648437500346e+02,-5.967306660066746105e+01
4.676012578125000232e+02,-6.364082850575812245e+01
4.676015507812500118e+02,-6.493434056710006530e+01
4.676018437500000005e+02,-6.541999775906448633e+01
4.676021367187499891e+02,-7.586495680152712850e+01
4.676024296875000346e+02,-7.013068312002842219e+01
4.676027226562500232e+02,-7.365478104216124677e+01
4.676030156250000118e+02,-6.841922269786097388e+01
4.676033085937500005e+02,-6.043837801955747580e+01
4.676036015624999891e+02,-7.660181723345870353e+01
4.676038945312500346e+02,-6.134627018800297549e+01
4.676041875000000232e+02,-6.089816011622806968e+01
4.676044804687500118e+02,-6.418091341565661878e+01
4.676047734375000005e+02,-5.899041807206857158e+01
4.676050664062499891e+02,-5.754122415647266564e+01
4.676053593750000346e+02,-5.826627295784221872e+01
4.676056523437500232e+02,-5.856916919724220350e+01
4.676059453125000118e+02,-6.103186807914362078e+01
4.676062382812500005e+02,-5.935049148411381736e+01
4.676065312499999891e+02,-6.185858765544504934e+01
4.676068242187500346e+02,-6.280096999729155982e+01
4.676071171875000232e+02,-6.880803696279018311e+01
4.676074101562500118e+02,-6.492555472879799083e+01
4.676077031250000005e+02,-7.309159457724358333e+01
4.676079960937499891e+02,-6.490974406241403472e+01
4.676082890625000346e+02,-6.211208915398241004e+01
4.676085820312500232e+02,-5.893732574388187828e+01
4.676088750000000118e+02,-6.154861261338063372e+01
4.676091679687500005e+02,-6.299701523487995303e+01
4.676094609374999891e+02,-6.795323081463727988e+01
4.676097539062500346e+02,-7.443357355610075388e+01
4.676100468750000232e+02,-8.292733104964953839e+01
4.676103398437500118e+02,-7.162393385490234721e+01
4.676106328125000005e+02,-6.117699430973605956e+01
4.676109257812499891e+02,-6.039933812866979679e+01
4.676112187500000346e+02,-5.811939056675071669e+01
4.676115117187500232e+02,-6.008199448355901495e+01
4.676118046875000118e+02,-6.554819302496824207e+01
4.676120976562500005e+02,-6.025201087919776199e+01
4.676123906249999891e+02,-7.376283630211914044e+01
4.676126835937500346e+02,-6.237229636432326174e+01
4.676129765625000232e+02,-6.175231909346560144e+01
4.676132695312500118e+02,-6.134230883086701169e+01
4.676135625000000005e+02,-8.297881190876906032e+01
4.676138554687499891e+02,-6.319710813815657247e+01
4.676141484375000346e+02,-5.954018980496886826e+01
4.676144414062500232e+02,-6.261244346751290379e+01
4.676147343750000118e+02,-7.305486314610776333e+01
4.676150273437500005e+02,-7.771014154091605519e+01
4.676153203124999891e+02,-7.241406098381780509e+01
4.676156132812500346e+02,-6.187807162493322011e+01
4.676159062500000232e+02,-6.413642173710242389e+01
4.676161992187500118e+02,-7.419860911515446844e+01
4.676164921875000005e+02,-6.365267668602173501e+01
4.676167851562499891e+02,-5.925444659736954378e+01
4.676170781250000346e+02,-6.592537724006328403e+01
4.676173710937500232e+02,-6.192109248662278276e+01
4.676176640625000118e+02,-6.974130588547171783e+01
4.676179570312500005e+02,-8.057566862859778212e+01
4.676182499999999891e+02,-6.079409437838549479e+01
4.676185429687500346e+02,-5.840767769799090559e+01
4.676188359375000232e+02,-6.417150493079542173e+01
4.676191289062500118e+02,-6.742162504387563615e+01
4.676194218750000005e+02,-6.177648724783685452e+01
4.676197148437499891e+02,-5.932162965157361612e+01
4.676200078125000346e+02,-6.112843119534807101e+01
4.676203007812500232e+02,-7.663251298662474653e+01
4.676205937500000118e+02,-6.405025356341650422e+01
4.676208867187500005e+02,-6.292252815638331498e+01
4.676211796874999891e+02,-6.494874685049357765e+01
4.676214726562500346e+02,-8.224840884795519003e+01
4.676217656250000232e+02,-7.547854832178742868e+01
4.676220585937500118e+02,-7.623496599148674591e+01
4.676223515625000005e+02,-1.043394553725241281e+02
4.676226445312499891e+02,-6.928537982498804126e+01
4.676229375000000346e+02,-6.692071485219857152e+01
4.676232304687500232e+02,-8.147723136894212814e+01
4.676235234375000118e+02,-6.793634646287272005e+01
4.676238164062500005e+02,-6.707249659211343840e+01
4.676241093749999891e+02,-7.556235682595894332e+01
4.676244023437500346e+02,-6.933457161231208943e+01
4.676246953125000232e+02,-6.872609677295085362e+01
4.676249882812500118e+02,-7.125300129901378909e+01
4.676252812500000005e+02,-7.299903504337140703e+01
4.676255742187499891e+02,-7.810729267913995955e+01
4.676258671875000346e+02,-6.821541649249627426e+01
4.676261601562500232e+02,-6.752805083603634273e+01
4.676264531250000118e+02,-6.937733939649322679e+01
4.676267460937500005e+02,-7.439075430918832410e+01
4.676270390624999891e+02,-8.607630531642575988e+01
4.676273320312500346e+02,-7.505467680433544331e+01
4.676276250000000232e+02,-6.686430189834030102e+01
4.676279179687500118e+02,-6.461790836855544740e+01
4.676282109375000005e+02,-7.443016854911087421e+01
4.676285039062499891e+02,-6.910409456098324199e+01
4.676287968750000346e+02,-7.215892090880922183e+01
4.676290898437500232e+02,-6.289348037850138695e+01
4.676293828125000118e+02,-6.998993693803227245e+01
4.676296757812500005e+02,-7.762521200085571138e+01
4.676299687499999891e+02,-7.653412721784494011e+01
4.676302617187500346e+02,-6.818670439842044573e+01
4.676305546875000232e+02,-6.713091468926518246e+01
4.676308476562500118e+02,-7.738271132146634557e+01
4.676311406250000005e+02,-6.450993841621742320e+01
4.676314335937499891e+02,-6.414151377828179079e+01
4.676317265625000346e+02,-6.666649306414346654e+01
4.676320195312500232e+02,-7.262684777482303389e+01
4.676323125000000118e+02,-7.335207753428502997e+01
4.676326054687500005e+02,-7.281966797311692119e+01
4.676328984374999891e+02,-7.547809932273480626e+01
4.676331914062500346e+02,-8.236154256256443773e+01
4.676334843750000232e+02,-7.100999995491751804e+01
4.676337773437500118e+02,-6.776898587133814544e+01
4.676340703125000005e+02,-8.029748749504393857e+01
4.676343632812499891e+02,-7.231773874336303720e+01
4.676346562500000346e+02,-6.923283351067877334e+01
4.676349492187500232e+02,-6.889557163830959041e+01
4.676352421875000118e+02,-6.762855202023956736e+01
4.676355351562500005e+02,-8.209487526144252456e+01
4.676358281249999891e+02,-7.294204010299618801e+01
4.676361210937500346e+02,-8.495992201498863494e+01
4.676364140625000232e+02,-8.421055482509811441e+01
4.676367070312500118e+02,-7.590682974651937798e+01
4.676370000000000005e+02,-7.447111309317486416e+01
4.676372929687499891e+02,-7.288809874617801654e+01
4.676375859375000346e+02,-7.470698952528772452e+01
4.676378789062500232e+02,-7.642014834906868259e+01
4.676381718750000118e+02,-6.970318036838358466e+01
4.676384648437500005e+02,-7.556690251030546790e+01
4.676387578124999891e+02,-7.816394994025067433e+01
4.676390507812500346e+02,-7.586238683095879765e+01
4.676393437500000232e+02,-7.270613341526845375e+01
4.676396367187500118e+02,-9.171124970194397008e+01
4.676399296875000005e+02,-7.105140430693541020e+01
4.676402226562499891e+02,-7.013993789709756754e+01
4.676405156250000346e+02,-6.803990479489942800e+01
4.676408085937500232e+02,-7.212102383511401626e+01
4.676411015625000118e+02,-7.836225471534207543e+01
4.676413945312500005e+02,-7.174915052185201603e+01
4.676416874999999891e+02,-8.168870261089847418e+01
4.676419804687500346e+02,-7.462498800816975120e+01
4.676422734375000232e+02,-8.096801932895688481e+01
4.676425664062500118e+02,-7.300816714552522058e+01
4.676428593750000005e+02,-7.451224139598653551e+01
4.676431523437499891e+02,-6.666472693371784430e+01
4.676434453125000346e+02,-6.405218252387349764e+01
4.676437382812500232e+02,-7.023440863819786273e+01
4.676440312500000118e+02,-7.159210244252578548e+01
4.676443242187500005e+02,-7.012809924177062726e+01
4.676446171874999891e+02,-7.560327894389337189e+01
4.676449101562500346e+02,-7.670999708298894859e+01
4.676452031250000232e+02,-8.181181042204330822e+01
4.676454960937500118e+02,-7.683549140386945453e+01
4.676457890625000005e+02,-7.948626668402650353e+01
4.676460820312499891e+02,-8.329346433615225465e+01
4.676463750000000346e+02,-9.147427941581977962e+01
4.676466679687500232e+02,-7.722930453341562895e+01
4.676469609375000118e+02,-7.587410135715950332e+01
4.676472539062500005e+02,-6.703778213469890090e+01
4.676475468749999891e+02,-6.957979913295824304e+01
4.676478398437500346e+02,-7.135129284455626930e+01
4.676481328125000232e+02,-6.968348669375289717e+01
4.676484257812500118e+02,-7.313399236951228488e+01
4.676487187500000005e+02,-7.456406664471464296e+01
4.676490117187499891e+02,-7.646577228909472979e+01
4.676493046875000346e+02,-7.406341011961120557e+01
4.676495976562500232e+02,-8.134675938112508220e+01
4.676498906250000118e+02,-7.881456772534126287e+01
4.676501835937500005e+02,-8.137783966408072445e+01
4.676504765624999891e+02,-9.045061982111546683e+01
4.676507695312500346e+02,-5.692544040981290721e+01
4.676510625000000232e+02,-4.897392476504566616e+01
4.676513554687500118e+02,-5.668250126169820646e+01
4.676516484375000005e+02,-6.915829157558141560e+01
4.676519414062499891e+02,-7.302866773532318234e+01
4.676522343750000346e+02,-7.835429293898482683e+01
4.676525273437500232e+02,-9.039427564607342447e+01
4.676528203125000118e+02,-7.829666424766462285e+01
4.676531132812500005e+02,-7.657856244734341544e+01
4.676534062499999891e+02,-8.293055456573159745e+01
4.676536992187500346e+02,-8.266358069304254741e+01
4.676539921875000232e+02,-7.403725125148552877e+01
4.676542851562500118e+02,-6.171100333239267854e+01
4.676545781250000005e+02,-5.944208501762052066e+01
4.676548710937499891e+02,-7.836336764666054933e+01
4.676551640625000346e+02,-8.259096034987990720e+01
4.676554570312500232e+02,-8.124532514481342105e+01
4.676557500000000118e+02,-8.294151813635487258e+01
4.676560429687500005e+02,-8.903269836244518842e+01
4.676563359374999891e+02,-7.848660917694058980e+01
4.676566289062500346e+02,-7.563407246988099075e+01
4.676569218750000232e+02,-7.385010679659562527e+01
4.676572148437500118e+02,-7.554411540776885658e+01
4.676575078125000005e+02,-7.417756425274293974e+01
4.676578007812499891e+02,-6.438607008387633357e+01
4.676580937500000346e+02,-6.666537363120571058e+01
4.676583867187500232e+02,-8.251711274754146075e+01
4.676586796875000118e+02,-7.798593772224484155e+01
4.676589726562500005e+02,-7.465621783701263325e+01
4.676592656249999891e+02,-8.015456677534618279e+01
4.676595585937500346e+02,-7.437063693344212822e+01
4.676598515625000232e+02,-7.217602016465787074e+01
4.676601445312500118e+02,-7.410383688548199643e+01
4.676604375000000005e+02,-8.046761914917156844e+01
4.676607304687499891e+02,-7.046225268383483353e+01
4.676610234375000346e+02,-7.829193570228807175e+01
4.676613164062500232e+02,-6.969822473496056148e+01
4.676616093750000118e+02,-7.402535900364912891e+01
4.676619023437500005e+02,-7.114784134124006698e+01
4.676621953124999891e+02,-7.014232743553907312e+01
4.676624882812500346e+02,-7.162218785017589084e+01
4.676627812500000232e+02,-7.170805140088013729e+01
4.676630742187500118e+02,-6.857670269698151344e+01
4.676633671875000005e+02,-7.097884996331943341e+01
4.676636601562499891e+02,-7.272790719244218849e+01
4.676639531250000346e+02,-7.469873289064324240e+01
4.676642460937500232e+02,-7.865369515058804950e+01
4.676645390625000118e+02,-7.824322658329640490e+01
4.676648320312500005e+02,-7.323009381949295005e+01
4.676651249999999891e+02,-7.451050843797844436e+01
4.676654179687500346e+02,-8.106288815904106571e+01
4.676657109375000232e+02,-8.238377168607387091e+01
4.676660039062500118e+02,-7.141025982156718044e+01
4.676662968750000005e+02,-7.357636093470348726e+01
4.676665898437499891e+02,-8.116793451203849941e+01
4.676668828125000346e+02,-7.372208054412031686e+01
4.676671757812500232e+02,-7.422604096661683570e+01
4.676674687500000118e+02,-9.134951570545320010e+01
4.676677617187500005e+02,-7.368184581773047626e+01
4.676680546874999891e+02,-7.340278693389608122e+01
4.676683476562500346e+02,-8.268966896948050760e+01
4.676686406250000232e+02,-7.111443947678077393e+01
4.676689335937500118e+02,-7.650133289562289463e+01
4.676692265625000005e+02,-1.000599921343632559e+02
4.676695195312499891e+02,-8.074252405253159282e+01
4.676698125000000346e+02,-7.565424113296914754e+01
4.676701054687500232e+02,-7.388226007917674565e+01
4.676703984375000118e+02,-8.778482549644466815e+01
4.676706914062500005e+02,-7.843090561883444423e+01
4.676709843749999891e+02,-7.646842688523696552e+01
4.676712773437500346e+02,-7.849858494110119977e+01
4.676715703125000232e+02,-7.638688984913065383e+01
4.676718632812500118e+02,-7.256848010401510862e+01
4.676721562500000005e+02,-7.292867116179178311e+01
4.676724492187499891e+02,-7.439196861573314834e+01
4.676727421875000346e+02,-7.158747841074684004e+01
4.676730351562500232e+02,-7.616245150420711241e+01
4.676733281250000118e+02,-7.937014641651910551e+01
4.676736210937500005e+02,-7.571180425870852559e+01
4.676739140624999891e+02,-7.467173938535457012e+01
4.676742070312500346e+02,-7.099252322749363486e+01
4.676745000000000232e+02,-7.354791456453813225e+01
4.676747929687500118e+02,-7.780514140730379324e+01
4.676750859375000005e+02,-7.671974564943215569e+01
4.676753789062499891e+02,-8.054958012006962065e+01
4.676756718750000346e+02,-8.130099961224389915e+01
4.676759648437500232e+02,-8.230462790206864554e+01
4.676762578125000118e+02,-7.526712852176633817e+01
4.676765507812500005e+02,-7.731766744915462652e+01
4.676768437499999891e+02,-1.054551785519083040e+02
4.676771367187500346e+02,-8.349716413843887608e+01
4.676774296875000232e+02,-8.841532080528159554e+01
4.676777226562500118e+02,-7.445439461647576707e+01
4.676780156250000005e+02,-7.219696633944451492e+01
4.676783085937499891e+02,-7.325230968972009293e+01
4.676786015625000346e+02,-7.465133031525925844e+01
4.676788945312500232e+02,-7.987996270112330421e+01
4.676791875000000118e+02,-7.138169067209688023e+01
4.676794804687500005e+02,-7.585988716142527721e+01
4.676797734374999891e+02,-8.494147828774757158e+01
4.676800664062500346e+02,-7.930117848601059904e+01
4.676803593750000232e+02,-7.398176690725173898e+01
4.676806523437500118e+02,-8.352355495691087128e+01
4.676809453125000005e+02,-7.536559537630381556e+01
4.676812382812499891e+02,-7.277882988047034019e+01
4.676815312500000346e+02,-8.012488984078376575e+01
4.676818242187500232e+02,-7.431241468029139696e+01
4.676821171875000118e+02,-7.669322735019181891e+01
4.676824101562500005e+02,-8.667865346056984777e+01
4.676827031249999891e+02,-7.345481739819612699e+01
4.676829960937500346e+02,-7.440160974619318779e+01
4.676832890625000232e+02,-7.173942372010995427e+01
4.676835820312500118e+02,-8.463194597739263259e+01
4.676838750000000005e+02,-7.201354660821452569e+01
4.676841679687499891e+02,-8.391725575066195120e+01
4.676844609375000346e+02,-7.410291786322879659e+01
4.676847539062500232e+02,-8.059393695856917361e+01
4.676850468750000118e+02,-7.903560972271409923e+01
4.676853398437500005e+02,-7.647430135631327630e+01
4.676856328124999891e+02,-7.630201627953861987e+01
4.676859257812500346e+02,-7.772087062504722610e+01
4.676862187500000232e+02,-7.714047568646398645e+01
4.676865117187500118e+02,-8.289749358772759535e+01
4.676868046875000005e+02,-7.102687306532922662e+01
4.676870976562499891e+02,-7.337658664303302203e+01
4.676873906250000346e+02,-7.877604592182467513e+01
4.676876835937500232e+02,-7.549456756122584977e+01
4.676879765625000118e+02,-7.366052698296240919e+01
4.676882695312500005e+02,-8.345581876130367505e+01
4.676885624999999891e+02,-8.401386456188596696e+01
4.676888554687500346e+02,-8.049254785095557452e+01
4.676891484375000232e+02,-7.239820148848446024e+01
4.676894414062500118e+02,-6.795931419265858153e+01
4.676897343750000005e+02,-7.821624002011697030e+01
4.676900273437499891e+02,-7.849357560844455861e+01
4.676903203125000346e+02,-7.709400848701234565e+01
4.676906132812500232e+02,-7.442730349211450402e+01
4.676909062500000118e+02,-7.011022727322614401e+01
4.676911992187500005e+02,-6.858304097050216797e+01
4.676914921874999891e+02,-7.417816643220439232e+01
4.676917851562500346e+02,-8.430941339772472531e+01
4.676920781250000232e+02,-7.229334825156243483e+01
4.676923710937500118e+02,-7.063526905661872490e+01
4.676926640625000005e+02,-6.912738923270799773e+01
4.676929570312499891e+02,-6.697093923080642242e+01
4.676932500000000346e+02,-7.383753855875612260e+01
4.676935429687500232e+02,-7.338963991110196616e+01
4.676938359375000118e+02,-7.450977736961820597e+01
4.676941289062500005e+02,-8.619431179818687383e+01
4.676944218749999891e+02,-7.679476509262661921e+01
4.676947148437500346e+02,-7.388529760365416621e+01
4.676950078125000232e+02,-7.388098529629446887e+01
4.676953007812500118e+02,-8.980387176619943546e+01
4.676955937500000005e+02,-7.559452933376010719e+01
4.676958867187499891e+02,-7.243154260401945521e+01
4.676961796875000346e+02,-8.355402888971254072e+01
4.676964726562500232e+02,-7.066306408459639954e+01
4.676967656250000118e+02,-7.657425765137736562e+01
4.676970585937500005e+02,-7.334973842351735129e+01
4.676973515624999891e+02,-7.445301427477824063e+01
4.676976445312500346e+02,-8.051201952610304602e+01
4.676979375000000232e+02,-7.162629922730283738e+01
4.676982304687500118e+02,-7.507870407261118828e+01
4.676985234375000005e+02,-7.521776064751529134e+01
4.676988164062499891e+02,-8.168806728769801850e+01
4.676991093750000346e+02,-7.945585172467501422e+01
4.676994023437500232e+02,-8.533983951970789406e+01
4.676996953125000118e+02,-7.222819659539466386e+01
4.676999882812500005e+02,-8.017844345525217875e+01
4.677002812499999891e+02,-7.534889770303016121e+01
4.677005742187500346e+02,-8.070692977119603029e+01
4.677008671875000232e+02,-7.731480187233566426e+01
4.677011601562500118e+02,-7.205443091256546495e+01
4.677014531250000005e+02,-7.313237396920472122e+01
4.677017460937499891e+02,-7.689167908676992624e+01
4.677020390625000346e+02,-7.681474599574316642e+01
4.677023320312500232e+02,-7.337037644379995527e+01
4.677026250000000118e+02,-7.482779505595287617e+01
4.677029179687500005e+02,-7.604347628178430796e+01
4.677032109374999891e+02,-7.554400319659063712e+01
4.677035039062500346e+02,-7.290233132409295536e+01
4.677037968750000232e+02,-8.289382773823322736e+01
4.677040898437500118e+02,-7.495526805664397330e+01
4.677043828125000005e+02,-6.990746068571684191e+01
4.677046757812499891e+02,-7.500392129497113558e+01
4.677049687500000346e+02,-1.015639242625664735e+02
4.677052617187500232e+02,-9.454482909478986130e+01
4.677055546875000118e+02,-9.139845940657373546e+01
4.677058476562500005e+02,-7.668149185397143697e+01
4.677061406249999891e+02,-7.463761778575759820e+01
4.677064335937500346e+02,-7.882771311798977365e+01
4.677067265625000232e+02,-7.642589984528865443e+01
4.677070195312500118e+02,-7.365907616438758510e+01
4.677073125000000005e+02,-7.879785843860133809e+01
4.677076054687499891e+02,-7.266263037765679655e+01
4.677078984375000346e+02,-7.703497541997889186e+01
4.677081914062500232e+02,-8.615409764856437391e+01
4.677084843750000118e+02,-8.574843814954881793e+01
4.677087773437500005e+02,-8.916784272529392297e+01
4.677090703124999891e+02,-7.756822091055065016e+01
4.677093632812500346e+02,-7.091387882164640644e+01
4.677096562500000232e+02,-7.157295968802159791e+01
4.677099492187500118e+02,-7.158396802503435197e+01
4.677102421875000005e+02,-7.400544898393236792e+01
4.677105351562499891e+02,-7.908576613342926009e+01
4.677108281250000346e+02,-7.551888078576006080e+01
4.677111210937500232e+02,-8.835625578033554461e+01
4.677114140625000118e+02,-7.939687720791056336e+01
4.677117070312500005e+02,-8.287426637047133227e+01
4.677119999999999891e+02,-7.638074642720005158e+01
4.677122929687500346e+02,-7.557716039103067374e+01
4.677125859375000232e+02,-7.408316234613275242e+01
4.677128789062500118e+02,-8.467080901070076493e+01
4.677131718750000005e+02,-6.719971841232000997e+01
4.677134648437499891e+02,-6.908721935604008024e+01
4.677137578125000346e+02,-9.247123345894677016e+01
4.677140507812500232e+02,-7.850780350104133731e+01
4.677143437500000118e+02,-7.319981842682688011e+01
4.677146367187500005e+02,-7.250172065929780274e+01
4.677149296874999891e+02,-7.408793556751840015e+01
4.677152226562500346e+02,-7.811959601957757116e+01
4.677155156250000232e+02,-7.618059888725214535e+01
4.677158085937500118e+02,-8.052807594496100307e+01
4.677161015625000005e+02,-9.142911799590103783e+01
4.677163945312499891e+02,-7.518105429948781193e+01
4.677166875000000346e+02,-6.996918530997299968e+01
4.677169804687500232e+02,-7.826747300654140815e+01
4.677172734375000118e+02,-8.487240435500217473e+01
4.677175664062500005e+02,-8.849436759552609999e+01
4.677178593749999891e+02,-7.992850350892751976e+01
4.677181523437500346e+02,-8.329376346240491102e+01
4.677184453125000232e+02,-7.865070706367905018e+01
4.677187382812500118e+02,-7.881698458321724843e+01
4.677190312500000005e+02,-7.954933814363818101e+01
4.677193242187499891e+02,-7.589817015476145912e+01
4.677196171875000346e+02,-7.847856835781156803e+01
4.677199101562500232e+02,-8.088708800498109497e+01
4.677202031250000118e+02,-7.600033206296713217e+01
4.677204960937500005e+02,-8.427417173574296783e+01
4.677207890624999891e+02,-8.085240764324801432e+01
4.677210820312500346e+02,-7.875051935656527746e+01
4.677213750000000232e+02,-7.679225078588734732e+01
4.677216679687500118e+02,-7.502863967485596675e+01
4.677219609375000005e+02,-8.465223927610260546e+01
4.677222539062499891e+02,-1.063626148107094735e+02
4.677225468750000346e+02,-8.059511241887612698e+01
4.677228398437500232e+02,-7.386094560921792151e+01
4.677231328125000118e+02,-7.562200467064823783e+01
4.677234257812500005e+02,-8.496976375266699222e+01
4.677237187499999891e+02,-8.781630519825546344e+01
4.677240117187500346e+02,-7.596068263736979986e+01
4.677243046875000232e+02,-8.117512948590972144e+01
4.677245976562500118e+02,-8.548188421956527350e+01
4.677248906250000005e+02,-8.498711260137915247e+01
4.677251835937499891e+02,-8.378422269793907162e+01
4.677254765625000346e+02,-8.502471613230613912e+01
4.677257695312500232e+02,-8.291755748869914555e+01
4.677260625000000118e+02,-8.190158096915085650e+01
4.677263554687500005e+02,-8.389483282189495128e+01
4.677266484374999891e+02,-9.025508219739279525e+01
4.677269414062500346e+02,-8.448800436398821034e+01
4.677272343750000232e+02,-8.275070328592526891e+01
4.677275273437500118e+02,-7.833544467456280813e+01
4.677278203125000005e+02,-7.947772842011512751e+01
4.677281132812499891e+02,-8.241302083164369208e+01
4.677284062500000346e+02,-7.715416657981992898e+01
4.677286992187500232e+02,-7.909911945374361153e+01
4.677289921875000118e+02,-8.036926331213079777e+01
4.677292851562500005e+02,-7.847030828216591658e+01
4.677295781249999891e+02,-7.963631686078529981e+01
4.677298710937500346e+02,-7.475897076386716833e+01
4.677301640625000232e+02,-7.818571740693661809e+01
4.677304570312500118e+02,-7.741773681851535116e+01
4.677307500000000005e+02,-8.111538611680623490e+01
4.677310429687499891e+02,-8.367013042487415930e+01
4.677313359375000346e+02,-7.689873655080221226e+01
4.677316289062500232e+02,-8.530366106567612405e+01
4.677319218750000118e+02,-8.140270906056996125e+01
4.677322148437500005e+02,-8.200360203621242761e+01
4.677325078124999891e+02,-9.358480473123940158e+01
4.677328007812500346e+02,-8.710037913903056506e+01
4.677330937500000232e+02,-8.636017385358876197e+01
4.677333867187500118e+02,-7.626989325782828644e+01
4.677336796875000005e+02,-7.536619109088481139e+01
4.677339726562499891e+02,-7.917405231180681824e+01
4.677342656250000346e+02,-8.111202256130711419e+01
4.677345585937500232e+02,-7.729929405549067667e+01
4.677348515625000118e+02,-7.647075029896670628e+01
4.677351445312500005e+02,-7.987572641216115699e+01
4.677354374999999891e+02,-8.308204437708945989e+01
4.677357304687500346e+02,-8.114370333290615633e+01
4.677360234375000232e+02,-8.635378241627725515e+01
4.677363164062500118e+02,-8.492265810229827139e+01
4.677366093750000005e+02,-9.957391377428066903e+01
4.677369023437499891e+02,-1.060571054158896516e+02
4.677371953125000346e+02,-9.658268738057323333e+01
4.677374882812500232e+02,-8.419107562240172626e+01
4.677377812500000118e+02,-8.391703292293428262e+01
4.677380742187500005e+02,-7.623246772001722604e+01
4.677383671874999891e+02,-7.467495866287728745e+01
4.677386601562500346e+02,-7.685517114986555498e+01
4.677389531250000232e+02,-8.146323970903836198e+01
4.677392460937500118e+02,-8.585174426934830194e+01
4.677395390625000005e+02,-7.554578169510782004e+01
4.677398320312499891e+02,-7.077048920631690976e+01
4.677401250000000346e+02,-7.992926365595052118e+01
4.677404179687500232e+02,-8.032249428415437364e+01
4.677407109375000118e+02,-7.846442142285388854e+01
4.677410039062500005e+02,-8.081583970728490840e+01
4.677412968749999891e+02,-8.374853827535004314e+01
4.677415898437500346e+02,-8.134685203861350544e+01
4.677418828125000232e+02,-8.126423935989797087e+01
4.677421757812500118e+02,-8.062166498339776410e+01
4.677424687500000005e+02,-7.636271684598041531e+01
4.677427617187499891e+02,-7.939374033562998534e+01
4.677430546875000346e+02,-8.160941124631980870e+01
4.677433476562500232e+02,-8.023742827391423305e+01
4.677436406250000118e+02,-9.392295250326739620e+01
4.677439335937500005e+02,-8.244181111153588404e+01
4.677442265624999891e+02,-8.119620119776234901e+01
4.677445195312500346e+02,-7.840153907479398754e+01
4.677448125000000232e+02,-7.944138353197990909e+01
4.677451054687500118e+02,-8.372576078360279439e+01
4.677453984375000005e+02,-7.996637324513672240e+01
4.677456914062499891e+02,-9.085226821898262983e+01
4.677459843750000346e+02,-8.839301619637275564e+01
4.677462773437500232e+02,-8.212477316568522667e+01
4.677465703125000118e+02,-8.139089413478373558e+01
4.677468632812500005e+02,-8.806533162517064284e+01
4.677471562499999891e+02,-7.586621678511741607e+01
4.677474492187500346e+02,-8.063454701838891481e+01
4.677477421875000232e+02,-8.721370308372283375e+01
4.677480351562500118e+02,-8.654166620446105185e+01
4.677483281250000005e+02,-8.243077357856854803e+01
4.677486210937499891e+02,-8.458821787238002798e+01
4.677489140625000346e+02,-7.978206653652173941e+01
4.677492070312500232e+02,-7.701597217452322752e+01
4.677495000000000118e+02,-7.339228057382452164e+01
4.677497929687500005e+02,-7.378399513554481359e+01
4.677500859374999891e+02,-7.497404253683515662e+01
4.677503789062500346e+02,-8.071454117663870420e+01
4.677506718750000232e+02,-7.983230790153879752e+01
4.677509648437500118e+02,-8.261871390657486813e+01
4.677512578125000005e+02,-8.839332075869631922e+01
4.677515507812499891e+02,-8.074987310261658990e+01
4.677518437500000346e+02,-9.208424062200435856e+01
4.677521367187500232e+02,-8.188347901818883656e+01
4.677524296875000118e+02,-7.777834396815515561e+01
4.677527226562500005e+02,-7.782080312462736060e+01
4.677530156249999891e+02,-8.309187267739764593e+01
4.677533085937500346e+02,-8.826408142708133653e+01
4.677536015625000232e+02,-8.413439448923206498e+01
4.677538945312500118e+02,-7.429696804009729760e+01
4.677541875000000005e+02,-7.542487096769056620e+01
4.677544804687499891e+02,-8.320984987830405544e+01
4.677547734375000346e+02,-7.737909424241384215e+01
4.677550664062500232e+02,-7.289571440099959432e+01
4.677553593750000118e+02,-7.726351529927202932e+01
4.677556523437500005e+02,-8.219334116528678180e+01
4.677559453124999891e+02,-8.688317316659259859e+01
4.677562382812500346e+02,-8.336381692261323906e+01
4.677565312500000232e+02,-8.258926641068320862e+01
4.677568242187500118e+02,-8.319946801793517466e+01
4.677571171875000005e+02,-8.375790177716807250e+01
4.677574101562499891e+02,-8.799950160473626681e+01
4.677577031250000346e+02,-7.704007484538590234e+01
4.677579960937500232e+02,-7.568068851399840469e+01
4.677582890625000118e+02,-8.225632227248522099e+01
4.677585820312500005e+02,-8.052235289023975895e+01
4.677588749999999891e+02,-8.299932466756649774e+01
4.677591679687500346e+02,-7.942357007666117852e+01
4.677594609375000232e+02,-7.665290845532638286e+01
4.677597539062500118e+02,-7.962133179098296409e+01
4.677600468750000005e+02,-8.087510110528184271e+01
4.677603398437499891e+02,-8.490091127689174755e+01
4.677606328125000346e+02,-7.582743664824438667e+01
4.677609257812500232e+02,-7.551409608964215181e+01
4.677612187500000118e+02,-7.425169209266323378e+01
4.677615117187500005e+02,-8.373148848086532325e+01
4.677618046874999891e+02,-7.388693734888020970e+01
4.677620976562500346e+02,-7.734781183070970201e+01
4.677623906250000232e+02,-7.825729748143358222e+01
4.677626835937500118e+02,-7.379463698761993840e+01
4.677629765625000005e+02,-7.929832679469365075e+01
4.677632695312499891e+02,-9.418215196841872228e+01
4.677635625000000346e+02,-8.755412663572251120e+01
4.677638554687500232e+02,-9.454978711982815298e+01
4.677641484375000118e+02,-9.159015701513546048e+01
4.677644414062500005e+02,-8.802162606288811730e+01
4.677647343749999891e+02,-8.308152153799514394e+01
4.677650273437500346e+02,-7.844422310531237486e+01
4.677653203125000232e+02,-8.286795164595987728e+01
4.677656132812500118e+02,-9.733006873035387230e+01
4.677659062500000005e+02,-7.961307421984108146e+01
4.677661992187499891e+02,-8.513153013174948569e+01
4.677664921875000346e+02,-9.305925402613328856e+01
4.677667851562500232e+02,-8.138281365333880046e+01
4.677670781250000118e+02,-7.760176042530481766e+01
4.677673710937500005e+02,-8.447274713198564200e+01
4.677676640624999891e+02,-8.830502218900350897e+01
4.677679570312500346e+02,-8.468200912319201734e+01
4.677682500000000232e+02,-7.824067879429827599e+01
4.677685429687500118e+02,-8.308020401597204341e+01
4.677688359375000005e+02,-8.545703800701133446e+01
4.677691289062499891e+02,-8.052483161409433876e+01
4.677694218750000346e+02,-8.407961085074686025e+01
4.677697148437500232e+02,-8.075501134373351420e+01
4.677700078125000118e+02,-8.584944440415307554e+01
4.677703007812500005e+02,-8.201945412159832927e+01
4.677705937499999891e+02,-8.432725757350775098e+01
4.677708867187500346e+02,-8.553697544814575338e+01
4.677711796875000232e+02,-9.066056062018644468e+01
4.677714726562500118e+02,-9.550573171022138297e+01
4.677717656250000005e+02,-8.217315763416577568e+01
4.677720585937499891e+02,-8.373935967936276370e+01
4.677723515625000346e+02,-9.085620284501354149e+01
4.677726445312500232e+02,-8.632578054231476017e+01
4.677729375000000118e+02,-8.702172566912327056e+01
4.677732304687500005e+02,-9.330736697139138869e+01
4.677735234374999891e+02,-8.560792643753708830e+01
4.677738164062500346e+02,-8.367999586502730835e+01
4.677741093750000232e+02,-8.041259913208676835e+01
4.677744023437500118e+02,-8.761568757106105920e+01
4.677746953125000005e+02,-8.771121543265287812e+01
4.677749882812499891e+02,-8.857819096037997042e+01
4.677752812500000346e+02,-8.354383548663925296e+01
4.677755742187500232e+02,-7.539500322498939511e+01
4.677758671875000118e+02,-8.255200437222822529e+01
4.677761601562500005e+02,-9.209508352588935054e+01
4.677764531249999891e+02,-8.706575968764029483e+01
4.677767460937500346e+02,-8.059409690130168258e+01
4.677770390625000232e+02,-8.333612352816489022e+01
4.677773320312500118e+02,-8.234414030212442981e+01
4.677776250000000005e+02,-7.959013440998660371e+01
4.677779179687499891e+02,-9.311517956783907835e+01
4.677782109375000346e+02,-8.009429482268417644e+01
4.677785039062500232e+02,-8.472106794022360532e+01
4.677787968750000118e+02,-8.022821184866670308e+01
4.677790898437500005e+02,-8.518163504311239365e+01
4.677793828124999891e+02,-8.204807461227403564e+01
4.677796757812500346e+02,-8.398221576124136334e+01
4.677799687500000232e+02,-9.507323928819027969e+01
4.677802617187500118e+02,-9.501699627422249250e+01
4.677805546875000005e+02,-8.679456093393973504e+01
4.677808476562499891e+02,-7.919512004024446128e+01
4.677811406250000346e+02,-8.037329488063571148e+01
4.677814335937500232e+02,-8.367981550485673381e+01
4.677817265625000118e+02,-8.453271939079307629e+01
4.677820195312500005e+02,-8.165933827409018875e+01
4.677823124999999891e+02,-7.657790016797991939e+01
4.677826054687500346e+02,-7.632288998109257250e+01
4.677828984375000232e+02,-7.902189129681148927e+01
4.677831914062500118e+02,-8.847117410756716538e+01
4.677834843750000005e+02,-8.512282590343622246e+01
4.677837773437499891e+02,-8.322910158001791103e+01
4.677840703125000346e+02,-8.663268385737042365e+01
4.677843632812500232e+02,-8.104540496498762536e+01
4.677846562500000118e+02,-8.402116871272041010e+01
4.677849492187500005e+02,-8.327786639234608401e+01
4.677852421874999891e+02,-7.851482209891206310e+01
4.677855351562500346e+02,-7.878497247237606871e+01
4.677858281250000232e+02,-8.573826175004691663e+01
4.677861210937500118e+02,-8.768315372597056978e+01
4.677864140625000005e+02,-9.428607439107676669e+01
4.677867070312499891e+02,-8.390748587896395350e+01
4.677870000000000346e+02,-8.396476191140976653e+01
4.677872929687500232e+02,-8.326058815272055824e+01
4.677875859375000118e+02,-8.595659834621235973e+01
4.677878789062500005e+02,-9.049130175416860311e+01
4.677881718749999891e+02,-8.685031484664486356e+01
4.677884648437500346e+02,-7.906435227249485820e+01
4.677887578125000232e+02,-7.928577944854767168e+01
4.677890507812500118e+02,-8.323135727654361915e+01
4.677893437500000005e+02,-8.432861419658691204e+01
4.677896367187499891e+02,-8.296434600313487806e+01
4.677899296875000346e+02,-8.660113204834820522e+01
4.677902226562500232e+02,-7.882604122259854762e+01
4.677905156250000118e+02,-8.912738259698753041e+01
4.677908085937500005e+02,-8.306369115433915340e+01
4.677911015624999891e+02,-9.553187026455398723e+01
4.677913945312500346e+02,-8.815090267991963913e+01
4.677916875000000232e+02,-8.888972915209008363e+01
4.677919804687500118e+02,-8.762783577325834017e+01
4.677922734375000005e+02,-7.893929658737449984e+01
4.677925664062499891e+02,-8.491043781498541421e+01
4.677928593750000346e+02,-8.968853859165722042e+01
4.677931523437500232e+02,-1.078219484984814045e+02
4.677934453125000118e+02,-8.371221690280773942e+01
4.677937382812500005e+02,-8.248370754912200198e+01
4.677940312499999891e+02,-8.318151104603792589e+01
4.677943242187500346e+02,-8.742706802600915239e+01
4.677946171875000232e+02,-8.208046831952670175e+01
4.677949101562500118e+02,-7.869666953304408707e+01
4.677952031250000005e+02,-8.645548033517636100e+01
4.677954960937499891e+02,-8.444045708387386640e+01
4.677957890625000346e+02,-7.974339000740309302e+01
4.677960820312500232e+02,-7.914953213138024068e+01
4.677963750000000118e+02,-8.427386081782897520e+01
4.677966679687500005e+02,-9.094884170190078976e+01
4.677969609374999891e+02,-8.580558842086057325e+01
4.677972539062500346e+02,-7.838516671156953919e+01
4.677975468750000232e+02,-8.024833288402717812e+01
4.677978398437500118e+02,-7.907817550006045337e+01
4.677981328125000005e+02,-8.473064753338555022e+01
4.677984257812499891e+02,-1.108430965106006738e+02
4.677987187500000346e+02,-9.804521878047947325e+01
4.677990117187500232e+02,-9.223181303599311320e+01
4.677993046875000118e+02,-8.385621019075730942e+01
4.677995976562500005e+02,-8.286639800986930027e+01
4.677998906249999891e+02,-8.257674596197227856e+01
4.678001835937500346e+02,-8.439706097824419828e+01
4.678004765625000232e+02,-7.925302866966943327e+01
4.678007695312500118e+02,-8.594235880219690671e+01
4.678010625000000005e+02,-8.398550090763863807e+01
4.678013554687499891e+02,-8.061809400206387011e+01
4.678016484375000346e+02,-8.418035542923240655e+01
4.678019414062500232e+02,-8.634697078098419354e+01
4.678022343750000118e+02,-8.545556639322624903e+01
4.678025273437500005e+02,-8.270596874852337521e+01
4.678028203124999891e+02,-8.281144766474433538e+01
4.678031132812500346e+02,-8.281000054566455049e+01
4.678034062500000232e+02,-8.346814205433869915e+01
4.678036992187500118e+02,-8.818198093269768378e+01
4.678039921875000005e+02,-8.089399416579402669e+01
4.678042851562499891e+02,-7.776494141208726774e+01
4.678045781250000346e+02,-9.176920562880887644e+01
4.678048710937500232e+02,-7.990795550174732398e+01
4.678051640625000118e+02,-8.308938974014758116e+01
4.678054570312500005e+02,-8.600121080907248938e+01
4.678057499999999891e+02,-9.619942857305079542e+01
4.678060429687500346e+02,-9.014959125106287274e+01
4.678063359375000232e+02,-8.285489727492384304e+01
4.678066289062500118e+02,-8.186683702827073716e+01
4.678069218750000005e+02,-8.725173142684640482e+01
4.678072148437499891e+02,-7.789490409096232781e+01
4.678075078125000346e+02,-8.324843833070572430e+01
4.678078007812500232e+02,-8.235084480089122394e+01
4.678080937500000118e+02,-7.830717770562728219e+01
4.678083867187500005e+02,-8.346846454809758598e+01
4.678086796874999891e+02,-9.288992016254938733e+01
4.678089726562500346e+02,-1.061722306140528502e+02
4.678092656250000232e+02,-8.406558639239929676e+01
4.678095585937500118e+02,-8.038459743421020676e+01
4.678098515625000005e+02,-8.239404022376498915e+01
4.678101445312499891e+02,-7.780016710527102930e+01
4.678104375000000346e+02,-8.428487250561963151e+01
4.678107304687500232e+02,-8.167282128100649174e+01
4.678110234375000118e+02,-8.580010261912035219e+01
4.678113164062500005e+02,-7.879370705543277609e+01
4.678116093749999891e+02,-7.776235018062078552e+01
4.678119023437500346e+02,-8.420309891172414041e+01
4.678121953125000232e+02,-7.901514318317583729e+01
4.678124882812500118e+02,-8.320017039572790907e+01
4.678127812500000005e+02,-8.601115421741249634e+01
4.678130742187499891e+02,-8.519605295735674133e+01
4.678133671875000346e+02,-8.452344442031764515e+01
4.678136601562500232e+02,-9.563563028931343979e+01
4.678139531250000118e+02,-8.478017765846230702e+01
4.678142460937500005e+02,-8.496655871953589667e+01
4.678145390624999891e+02,-8.482897697973334061e+01
4.678148320312500346e+02,-7.872316673189993708e+01
4.678151250000000232e+02,-8.012371159193243386e+01
4.678154179687500118e+02,-8.379845189807284100e+01
4.678157109375000005e+02,-8.133614063847707598e+01
4.678160039062499891e+02,-7.754712568264893946e+01
4.678162968750000346e+02,-9.733838156846746870e+01
4.678165898437500232e+02,-7.634670703299546801e+01
4.678168828125000118e+02,-8.468850517266064060e+01
4.678171757812500005e+02,-7.713762242896764576e+01
4.678174687499999891e+02,-7.819286986713100873e+01
4.678177617187500346e+02,-8.506054837579449668e+01
4.678180546875000232e+02,-7.940369589168466291e+01
4.678183476562500118e+02,-7.950465948363016366e+01
4.678186406250000005e+02,-8.124332759007812399e+01
4.678189335937499891e+02,-8.859210880739917116e+01
4.678192265625000346e+02,-8.533977988474994447e+01
4.678195195312500232e+02,-8.463899233946550282e+01
4.678198125000000118e+02,-8.194828445279785001e+01
4.678201054687500005e+02,-7.669095155418180809e+01
4.678203984374999891e+02,-8.177367381678506320e+01
4.678206914062500346e+02,-8.818014451171487167e+01
4.678209843750000232e+02,-8.885571174641901848e+01
4.678212773437500118e+02,-7.752022726446892875e+01
4.678215703125000005e+02,-8.020756873213045424e+01
4.678218632812499891e+02,-8.144300420910312255e+01
4.678221562500000346e+02,-8.324759411346943239e+01
4.678224492187500232e+02,-8.666676292955625627e+01
4.678227421875000118e+02,-1.005924679639613544e+02
4.678230351562500005e+02,-9.279498885355593529e+01
4.678233281249999891e+02,-1.031629837203715994e+02
4.678236210937500346e+02,-8.901757964086945663e+01
4.678239140625000232e+02,-9.351522068350406869e+01
4.678242070312500118e+02,-8.371570691911776407e+01
4.678245000000000005e+02,-9.322688758943283460e+01
4.678247929687499891e+02,-8.199684371968757546e+01
4.678250859375000346e+02,-9.045818099493152431e+01
4.678253789062500232e+02,-7.774339419174194177e+01
4.678256718750000118e+02,-7.764780901374908240e+01
4.678259648437500005e+02,-7.782517870592813836e+01
4.678262578124999891e+02,-8.424476900810687141e+01
4.678265507812500346e+02,-9.296884874774576701e+01
4.678268437500000232e+02,-8.981911440025680804e+01
4.678271367187500118e+02,-9.430606660216234616e+01
4.678274296875000005e+02,-8.359823435405468217e+01
4.678277226562499891e+02,-8.654373279093564975e+01
4.678280156250000346e+02,-8.727739402554448134e+01
4.678283085937500232e+02,-8.325565721066993774e+01
4.678286015625000118e+02,-8.868569837830399649e+01
4.678288945312500005e+02,-8.252907135095185254e+01
4.678291874999999891e+02,-8.413913997035764680e+01
4.678294804687500346e+02,-8.010346735727205214e+01
4.678297734375000232e+02,-8.930750457258713482e+01
4.678300664062500118e+02,-9.090189688293014569e+01
4.678303593750000005e+02,-8.630224142594185821e+01
4.678306523437499891e+02,-8.769518040042146367e+01
4.678309453125000346e+02,-9.334452290528935237e+01
4.678312382812500232e+02,-8.544810723409270281e+01
4.678315312500000118e+02,-8.552455047180765746e+01
4.678318242187500005e+02,-9.294054066878001663e+01
4.678321171874999891e+02,-9.151637668913633661e+01
4.678324101562500346e+02,-8.840930523802795449e+01
4.678327031250000232e+02,-9.103472722021352581e+01
4.678329960937500118e+02,-8.704633190904351636e+01
4.678332890625000005e+02,-9.259761662819337857e+01
4.678335820312499891e+02,-8.133971511520729791e+01
4.678338750000000346e+02,-8.001731732653139773e+01
4.678341679687500232e+02,-8.420733365288793948e+01
4.678344609375000118e+02,-8.908751160376850464e+01
4.678347539062500005e+02,-8.385156132808761242e+01
4.678350468749999891e+02,-8.521510358425692289e+01
4.678353398437500346e+02,-8.292189873530234934e+01
4.678356328125000232e+02,-8.195723843564957178e+01
4.678359257812500118e+02,-7.707482101694557741e+01
4.678362187500000005e+02,-7.590188629294564748e+01
4.678365117187499891e+02,-8.157232907091433560e+01
4.678368046875000346e+02,-8.027958131382840179e+01
4.678370976562500232e+02,-7.919263493699892820e+01
4.678373906250000118e+02,-7.634063313967183717e+01
4.678376835937500005e+02,-7.012718926347615422e+01
4.678379765624999891e+02,-7.647082544379533431e+01
4.678382695312500346e+02,-8.475431971815518750e+01
4.678385625000000232e+02,-8.128723330721561524e+01
4.678388554687500118e+02,-9.152529328621469062e+01
4.678391484375000005e+02,-9.303672651636776436e+01
4.678394414062499891e+02,-8.951172716386867023e+01
4.678397343750000346e+02,-8.909699311512511599e+01
4.678400273437500232e+02,-8.170071045304688084e+01
4.678403203125000118e+02,-8.661651536802786211e+01
4.678406132812500005e+02,-7.881275418936760957e+01
4.678409062499999891e+02,-8.608525172062863362e+01
4.678411992187500346e+02,-7.580889405607096876e+01
4.678414921875000232e+02,-8.406776737842656644e+01
4.678417851562500118e+02,-8.316401330900639266e+01
4.678420781250000005e+02,-8.392384273655790139e+01
4.678423710937499891e+02,-9.875567020772500371e+01
4.678426640625000346e+02,-8.432500069906602391e+01
4.678429570312500232e+02,-7.609197842745854246e+01
4.678432500000000118e+02,-7.452970246118621844e+01
4.678435429687500005e+02,-7.871619117984464253e+01
4.678438359374999891e+02,-8.607052841938596544e+01
4.678441289062500346e+02,-8.508188062394070528e+01
4.678444218750000232e+02,-9.394754703443376798e+01
4.678447148437500118e+02,-8.266951589761302444e+01
4.678450078125000005e+02,-8.593005185447074723e+01
4.678453007812499891e+02,-8.511731812102404149e+01
4.678455937500000346e+02,-8.192508103280593446e+01
4.678458867187500232e+02,-9.575651983042540394e+01
4.678461796875000118e+02,-8.245340016496291469e+01
4.678464726562500005e+02,-8.231395413835313946e+01
4.678467656249999891e+02,-8.688559675303609708e+01
4.678470585937500346e+02,-8.956803206339023404e+01
4.678473515625000232e+02,-8.948312108704766388e+01
4.678476445312500118e+02,-8.228357914772712434e+01
4.678479375000000005e+02,-8.267381413236891774e+01
4.678482304687499891e+02,-8.536983351750960480e+01
4.678485234375000346e+02,-8.067749286104002238e+01
4.678488164062500232e+02,-8.179641768589826256e+01
4.678491093750000118e+02,-8.893074513203299603e+01
4.678494023437500005e+02,-8.010495375478879510e+01
4.678496953124999891e+02,-8.053416868365084724e+01
4.678499882812500346e+02,-8.430149438863024614e+01
4.678502812500000232e+02,-8.435070902103569779e+01
4.678505742187500118e+02,-8.729810315240706586e+01
4.678508671875000005e+02,-9.095606484302996364e+01
4.678511601562499891e+02,-8.436326272058094844e+01
4.678514531250000346e+02,-8.260343759763975413e+01
4.678517460937500232e+02,-8.138029010623107240e+01
4.678520390625000118e+02,-8.175204837330377927e+01
4.678523320312500005e+02,-8.162056595901000833e+01
4.678526249999999891e+02,-8.705280169470462681e+01
4.678529179687500346e+02,-8.084274740288677208e+01
4.678532109375000232e+02,-7.887686769438998624e+01
4.678535039062500118e+02,-8.946490531789919487e+01
4.678537968750000005e+02,-8.914548760523437920e+01
4.678540898437499891e+02,-8.229263140244526653e+01
4.678543828125000346e+02,-8.210351015537453634e+01
4.678546757812500232e+02,-9.885659958127274649e+01
4.678549687500000118e+02,-9.022762369562038032e+01
4.678552617187500005e+02,-8.845947652018497820e+01
4.678555546874999891e+02,-8.933124715693168127e+01
4.678558476562500346e+02,-8.077714126455676080e+01
4.678561406250000232e+02,-8.272715733384181647e+01
4.678564335937500118e+02,-1.018700549268165787e+02
4.678567265625000005e+02,-8.830389964530834845e+01
4.678570195312499891e+02,-8.558984940036089029e+01
4.678573125000000346e+02,-9.019582422151586343e+01
4.678576054687500232e+02,-7.939421464261198480e+01
4.678578984375000118e+02,-8.185837419632414935e+01
4.678581914062500005e+02,-8.760902409320524953e+01
4.678584843749999891e+02,-8.801521357228337195e+01
4.678587773437500346e+02,-8.524327449410968427e+01
4.678590703125000232e+02,-7.782964317928201581e+01
4.678593632812500118e+02,-9.088916431408286201e+01
4.678596562500000005e+02,-8.594164578842745073e+01
4.678599492187499891e+02,-8.034030078278483700e+01
4.678602421875000346e+02,-7.896627009256944518e+01
4.678605351562500232e+02,-7.952826377447583184e+01
4.678608281250000118e+02,-8.111387287477683117e+01
4.678611210937500005e+02,-8.069318960083805337e+01
4.678614140624999891e+02,-7.862830249007187433e+01
4.678617070312500346e+02,-8.915923760870273895e+01
4.678620000000000232e+02,-8.333225803911659568e+01
4.678622929687500118e+02,-8.512052740779668625e+01
4.678625859375000005e+02,-9.428542354857910368e+01
4.678628789062499891e+02,-8.045452910738562480e+01
4.678631718750000346e+02,-7.991542935143473869e+01
4.678634648437500232e+02,-8.079298889951685680e+01
4.678637578125000118e+02,-8.197623829819545449e+01
4.678640507812500005e+02,-8.260718128872875354e+01
4.678643437499999891e+02,-7.813410292198027207e+01
4.678646367187500346e+02,-8.337797343760186664e+01
4.678649296875000232e+02,-8.177456896218453153e+01
4.678652226562500118e+02,-8.174694901017630855e+01
4.678655156250000005e+02,-8.507758064039765600e+01
4.678658085937499891e+02,-9.563719272137008431e+01
4.678661015625000346e+02,-8.403973373468318186e+01
4.678663945312500232e+02,-7.507133266852109443e+01
4.678666875000000118e+02,-8.030916598584495603e+01
4.678669804687500005e+02,-7.664654391448169690e+01
4.678672734374999891e+02,-7.665506942367963461e+01
4.678675664062500346e+02,-8.384528357310148294e+01
4.678678593750000232e+02,-9.014513510195681079e+01
4.678681523437500118e+02,-8.646672084967028127e+01
4.678684453125000005e+02,-9.009839953414845581e+01
4.678687382812499891e+02,-8.411175686105158888e+01
4.678690312500000346e+02,-8.138537237223818011e+01
4.678693242187500232e+02,-8.516705090445873338e+01
4.678696171875000118e+02,-8.043865987277912666e+01
4.678699101562500005e+02,-8.129163984634311646e+01
4.678702031249999891e+02,-8.580404178378972802e+01
4.678704960937500346e+02,-9.806126683787204001e+01
4.678707890625000232e+02,-8.257582066348228977e+01
4.678710820312500118e+02,-1.095765757172038377e+02
4.678713750000000005e+02,-8.843994099605200176e+01
4.678716679687499891e+02,-7.925326758614261280e+01
4.678719609375000346e+02,-7.505869920539299756e+01
4.678722539062500232e+02,-7.648219763343074362e+01
4.678725468750000118e+02,-8.172561854299983963e+01
4.678728398437500005e+02,-8.405363026074019217e+01
4.678731328124999891e+02,-8.378082590450148359e+01
4.678734257812500346e+02,-8.722164729825222196e+01
4.678737187500000232e+02,-8.482431483171279751e+01
4.678740117187500118e+02,-7.975952198197121845e+01
4.678743046875000005e+02,-8.002323094837856843e+01
4.678745976562499891e+02,-7.965917756974616282e+01
4.678748906250000346e+02,-8.114766007692864491e+01
4.678751835937500232e+02,-8.642721949269729009e+01
4.678754765625000118e+02,-9.256971991552339318e+01
4.678757695312500005e+02,-8.074398636595560674e+01
4.678760624999999891e+02,-7.970861162319462778e+01
4.678763554687500346e+02,-9.822876381990325001e+01
4.678766484375000232e+02,-8.913081904708332104e+01
4.678769414062500118e+02,-9.062778422511735243e+01
4.678772343750000005e+02,-8.396082093347840214e+01
4.678775273437499891e+02,-8.453481599631076904e+01
4.678778203125000346e+02,-8.820568867458776197e+01
4.678781132812500232e+02,-8.985976576449701270e+01
4.678784062500000118e+02,-9.649563307957481584e+01
4.678786992187500005e+02,-8.135045651862307636e+01
4.678789921874999891e+02,-8.420128446008928336e+01
4.678792851562500346e+02,-8.736127945856921428e+01
4.678795781250000232e+02,-9.603361368068497939e+01
4.678798710937500118e+02,-8.613185382588636685e+01
4.678801640625000005e+02,-9.350356110651026142e+01
4.678804570312499891e+02,-8.795924260851225540e+01
4.678807500000000346e+02,-8.850032978581310772e+01
4.678810429687500232e+02,-8.608386954951359371e+01
4.678813359375000118e+02,-8.353541786810248482e+01
4.678816289062500005e+02,-8.144490017968595907e+01
4.678819218749999891e+02,-8.691271707107766531e+01
4.678822148437500346e+02,-7.695254625543434202e+01
4.678825078125000232e+02,-7.661857749873094292e+01
4.678828007812500118e+02,-9.009928938629714423e+01
4.678830937500000005e+02,-9.663181343364624354e+01
4.678833867187499891e+02,-8.314847109840727057e+01
4.678836796875000346e+02,-9.361125837194910559e+01
4.678839726562500232e+02,-8.039280727260734238e+01
4.678842656250000118e+02,-7.989156090390035558e+01
4.678845585937500005e+02,-8.343188380950194016e+01
4.678848515624999891e+02,-9.137201338633111902e+01
4.678851445312500346e+02,-9.658018689138879154e+01
4.678854375000000232e+02,-8.398644766197139688e+01
4.678857304687500118e+02,-8.035942037597671117e+01
4.678860234375000005e+02,-8.268845321868181486e+01
4.678863164062499891e+02,-8.650130349821610309e+01
4.678866093750000346e+02,-8.450331944893366654e+01
4.678869023437500232e+02,-8.735659427298568858e+01
4.678871953125000118e+02,-8.505052425858650622e+01
4.678874882812500005e+02,-8.251803517401853583e+01
4.678877812499999891e+02,-7.867144556372548436e+01
4.678880742187500346e+02,-8.233091506733877907e+01
4.678883671875000232e+02,-8.917156600838549707e+01
4.678886601562500118e+02,-9.880075252850062384e+01
4.678889531250000005e+02,-9.229600717541583776e+01
4.678892460937499891e+02,-8.112378176058854251e+01
4.678895390625000346e+02,-8.011516764634698973e+01
4.678898320312500232e+02,-7.974606704874918250e+01
4.678901250000000118e+02,-8.714332199333796325e+01
4.678904179687500005e+02,-8.601490257431049713e+01
4.678907109374999891e+02,-9.805856889721525249e+01
4.678910039062500346e+02,-8.503575297943136491e+01
4.678912968750000232e+02,-8.375469946051174475e+01
4.678915898437500118e+02,-9.113081376888196417e+01
4.678918828125000005e+02,-8.605564283088556010e+01
4.678921757812499891e+02,-8.226675517445872288e+01
4.678924687500000346e+02,-7.958515131131984788e+01
4.678927617187500232e+02,-7.748229171887541611e+01
4.678930546875000118e+02,-8.111299789790054149e+01
4.678933476562500005e+02,-8.407427682838061855e+01
4.678936406249999891e+02,-8.200638387440162091e+01
4.678939335937500346e+02,-8.639394877790022065e+01
4.678942265625000232e+02,-7.745786192174480789e+01
4.678945195312500118e+02,-8.078602783003330501e+01
4.678948125000000005e+02,-8.046260640423884070e+01
4.678951054687499891e+02,-8.225612204545852535e+01
4.678953984375000346e+02,-8.680075259062104465e+01
4.678956914062500232e+02,-8.315799681886163341e+01
4.678959843750000118e+02,-8.295612851051616587e+01
4.678962773437500005e+02,-8.208195759947543024e+01
4.678965703124999891e+02,-8.483789717735203340e+01
4.678968632812500346e+02,-1.081834823124125364e+02
4.678971562500000232e+02,-9.693940788013051701e+01
4.678974492187500118e+02,-8.511332772919786294e+01
4.678977421875000005e+02,-8.371987597301901474e+01
4.678980351562499891e+02,-8.177663166434925301e+01
4.678983281250000346e+02,-8.641473087028816735e+01
4.678986210937500232e+02,-8.212229208937841918e+01
4.678989140625000118e+02,-8.042765165465522159e+01
4.678992070312500005e+02,-9.220058694227418528e+01
4.678994999999999891e+02,-8.118419559997873591e+01
4.678997929687500346e+02,-7.738752422972224565e+01
4.679000859375000232e+02,-7.839084651260685632e+01
4.679003789062500118e+02,-8.592767594941562947e+01
4.679006718750000005e+02,-8.439113712408989443e+01
4.679009648437499891e+02,-9.434354781227582976e+01
4.679012578125000346e+02,-8.245421327479242279e+01
4.679015507812500232e+02,-8.821346133533815248e+01
4.679018437500000118e+02,-8.603008876561870011e+01
4.679021367187500005e+02,-8.161572487065217274e+01
4.679024296874999891e+02,-8.502170278332293663e+01
4.679027226562500346e+02,-8.508027310973810131e+01
4.679030156250000232e+02,-9.356996699164551501e+01
4.679033085937500118e+02,-7.802149950896927066e+01
4.679036015625000005e+02,-8.203155393634870052e+01
4.679038945312499891e+02,-1.032047681589614001e+02
4.679041875000000346e+02,-9.076913884854565140e+01
4.679044804687500232e+02,-8.912392879607062923e+01
4.679047734375000118e+02,-9.090971181955589486e+01
4.679050664062500005e+02,-8.683386175958388264e+01
4.679053593749999891e+02,-8.773206742946342729e+01
4.679056523437500346e+02,-9.376022194581881308e+01
4.679059453125000232e+02,-9.024355318882795984e+01
4.679062382812500118e+02,-8.314899438866436299e+01
4.679065312500000005e+02,-8.927174680666247752e+01
4.679068242187499891e+02,-8.370370919120057351e+01
4.679071171875000346e+02,-8.353643995159296765e+01
4.679074101562500232e+02,-8.952524958083203899e+01
4.679077031250000118e+02,-1.060563720375912453e+02
4.679079960937500005e+02,-8.373817123353231295e+01
4.679082890624999891e+02,-7.898366517146880028e+01
4.679085820312500346e+02,-8.215437197581891837e+01
4.679088750000000232e+02,-9.804538294362613726e+01
4.679091679687500118e+02,-8.419972003010190065e+01
4.679094609375000005e+02,-8.758926966644708045e+01
4.679097539062499891e+02,-8.578972959023710132e+01
4.679100468750000346e+02,-8.868768461632359390e+01
4.679103398437500232e+02,-8.709049827138009903e+01
4.679106328125000118e+02,-8.288424979148550165e+01
4.679109257812500005e+02,-8.008800174542271577e+01
4.679112187499999891e+02,-8.094402318259953688e+01
4.679115117187500346e+02,-8.778246971006004173e+01
4.679118046875000232e+02,-7.820287186414151392e+01
4.679120976562500118e+02,-7.921375383226292399e+01
4.679123906250000005e+02,-8.310284820408722339e+01
4.679126835937499891e+02,-8.737693622155461526e+01
4.679129765625000346e+02,-8.289884189470797082e+01
4.679132695312500232e+02,-8.934331142748715138e+01
4.679135625000000118e+02,-8.125820099666643159e+01
4.679138554687500005e+02,-8.058294065503054071e+01
4.679141484374999891e+02,-8.444669628589429067e+01
4.679144414062500346e+02,-9.268191152345468709e+01
4.679147343750000232e+02,-8.439949995937097071e+01
4.679150273437500118e+02,-8.500785153717750120e+01
4.679153203125000005e+02,-8.886741074068444846e+01
4.679156132812499891e+02,-8.997431669569468227e+01
4.679159062500000346e+02,-9.566416877968632093e+01
4.679161992187500232e+02,-9.021298655864519844e+01
4.679164921875000118e+02,-9.190705793368017851e+01
4.679167851562500005e+02,-9.531248492138239214e+01
4.679170781249999891e+02,-9.157909444399297172e+01
4.679173710937500346e+02,-8.881409169331959674e+01
4.679176640625000232e+02,-8.616188072222544747e+01
4.679179570312500118e+02,-7.972329040157038094e+01
4.679182500000000005e+02,-8.554526838874281225e+01
4.679185429687499891e+02,-8.700476360407178333e+01
4.679188359375000346e+02,-8.598372493800732741e+01
4.679191289062500232e+02,-9.098012122930882128e+01
4.679194218750000118e+02,-8.309401563552162884e+01
4.679197148437500005e+02,-8.137146068498987006e+01
4.679200078124999891e+02,-8.098990581786031839e+01
4.679203007812500346e+02,-8.584908667820619144e+01
4.679205937500000232e+02,-9.271398858413598987e+01
4.679208867187500118e+02,-8.500954859771438521e+01
4.679211796875000005e+02,-8.250708282641552671e+01
4.679214726562499891e+02,-9.091459612147164648e+01
4.679217656250000346e+02,-8.800653057789912737e+01
4.679220585937500232e+02,-9.502114464291989293e+01
4.679223515625000118e+02,-9.691264739045102772e+01
4.679226445312500005e+02,-8.981359846966790883e+01
4.679229374999999891e+02,-8.895227977724371726e+01
4.679232304687500346e+02,-9.356239934306613293e+01
4.679235234375000232e+02,-8.943669642872285408e+01
4.679238164062500118e+02,-1.002817918956139920e+02
4.679241093750000005e+02,-8.523445217556485431e+01
4.679244023437499891e+02,-9.138188286081727085e+01
4.679246953125000346e+02,-9.144823604333717526e+01
4.679249882812500232e+02,-8.612541419054150538e+01
4.679252812500000118e+02,-8.795629447186875893e+01
4.679255742187500005e+02,-8.757290566799153453e+01
4.679258671874999891e+02,-8.211247484283283882e+01
4.679261601562500346e+02,-8.549383822696084678e+01
4.679264531250000232e+02,-8.158870550445433878e+01
4.679267460937500118e+02,-8.490059591809652773e+01
4.679270390625000005e+02,-8.487451627287674683e+01
4.679273320312499891e+02,-8.500085012061936141e+01
4.679276250000000346e+02,-9.174510368999898446e+01
4.679279179687500232e+02,-8.611947357493619393e+01
4.679282109375000118e+02,-8.733654522126388997e+01
4.679285039062500005e+02,-8.073465669329623040e+01
4.679287968749999891e+02,-9.682919293121452142e+01
4.679290898437500346e+02,-8.063795037093797191e+01
4.679293828125000232e+02,-8.146713924754736524e+01
4.679296757812500118e+02,-8.184708664865240735e+01
4.679299687500000005e+02,-8.870114677001014059e+01
4.679302617187499891e+02,-9.215266440883823407e+01
4.679305546875000346e+02,-8.502637378304206095e+01
4.679308476562500232e+02,-8.464961054015793707e+01
4.679311406250000118e+02,-8.586539438869220930e+01
4.679314335937500005e+02,-8.657977580763139258e+01
4.679317265624999891e+02,-8.891134421609535821e+01
4.679320195312500346e+02,-8.400538169200467564e+01
4.679323125000000232e+02,-8.280012691675752023e+01
4.679326054687500118e+02,-8.373424370634026559e+01
4.679328984375000005e+02,-9.142177701596591533e+01
4.679331914062499891e+02,-9.295176049923527728e+01
4.679334843750000346e+02,-8.780110007573335906e+01
4.679337773437500232e+02,-8.929727812895487205e+01
4.679340703125000118e+02,-7.771273383991064065e+01
4.679343632812500005e+02,-7.951874642181653030e+01
4.679346562499999891e+02,-8.439832737853674871e+01
4.679349492187500346e+02,-9.594024591920123157e+01
4.679352421875000232e+02,-8.885479679621361981e+01
4.679355351562500118e+02,-8.761170898938598839e+01
4.679358281250000005e+02,-9.396126909535936989e+01
4.679361210937499891e+02,-9.046107142266352241e+01
4.679364140625000346e+02,-8.216523665592137604e+01
4.679367070312500232e+02,-9.308839624322041573e+01
4.679370000000000118e+02,-8.433238372983626618e+01
4.679372929687500005e+02,-8.265719953642843620e+01
4.679375859374999891e+02,-8.585255978871097682e+01
4.679378789062500346e+02,-8.724341856813170182e+01
4.679381718750000232e+02,-8.578405031440590278e+01
4.679384648437500118e+02,-8.279445494123964977e+01
4.679387578125000005e+02,-7.878527146596303510e+01
4.679390507812499891e+02,-8.033726936177301070e+01
4.679393437500000346e+02,-8.778567538228180922e+01
4.679396367187500232e+02,-9.373238045217129866e+01
4.679399296875000118e+02,-8.900861257659450132e+01
4.679402226562500005e+02,-8.757789653444595501e+01
4.679405156249999891e+02,-8.200498383184407203e+01
4.679408085937500346e+02,-8.422987786184668835e+01
4.679411015625000232e+02,-8.178825279584657437e+01
4.679413945312500118e+02,-7.755714566659531783e+01
4.679416875000000005e+02,-7.968115491735144928e+01
4.679419804687499891e+02,-9.358547701154097354e+01
4.679422734375000346e+02,-9.986472443903861063e+01
4.679425664062500232e+02,-8.977546232963675266e+01
4.679428593750000118e+02,-8.836333915012376394e+01
4.679431523437500005e+02,-8.363096028529707837e+01
4.679434453124999891e+02,-8.675672244390055710e+01
4.679437382812500346e+02,-8.331204391742576831e+01
4.679440312500000232e+02,-8.472974493491284420e+01
4.679443242187500118e+02,-8.658298236009736115e+01
4.679446171875000005e+02,-9.510135843063724792e+01
4.679449101562499891e+02,-8.516420541477535266e+01
4.679452031250000346e+02,-8.350769220981590024e+01
4.679454960937500232e+02,-8.392684527318567689e+01
4.679457890625000118e+02,-9.231211284549920038e+01
4.679460820312500005e+02,-8.312071688619946030e+01
4.679463749999999891e+02,-9.800982362497136080e+01
4.679466679687500346e+02,-9.116337123879686999e+01
4.679469609375000232e+02,-9.231062706020962594e+01
4.679472539062500118e+02,-9.059176942163580293e+01
4.679475468750000005e+02,-9.092994359859096676e+01
4.679478398437499891e+02,-9.053617843312814273e+01
4.679481328125000346e+02,-8.655933242976600184e+01
4.679484257812500232e+02,-9.215168076518318685e+01
4.679487187500000118e+02,-8.563036239578696041e+01
4.679490117187500005e+02,-8.411294323424530717e+01
4.679493046874999891e+02,-8.584562117545718252e+01
4.679495976562500346e+02,-9.660827408821492668e+01
4.679498906250000232e+02,-8.473917111308651329e+01
4.679501835937500118e+02,-8.813617769838680260e+01
4.679504765625000005e+02,-9.216559929839804965e+01
4.679507695312499891e+02,-8.844690452636882583e+01
4.679510625000000346e+02,-8.790710631762033245e+01
4.679513554687500232e+02,-8.486260150795794743e+01
4.679516484375000118e+02,-8.181742829277834517e+01
4.679519414062500005e+02,-9.538177500134396780e+01
4.679522343749999891e+02,-8.620138890147680399e+01
4.679525273437500346e+02,-8.489477521979780761e+01
4.679528203125000232e+02,-9.227165560501354946e+01
4.679531132812500118e+02,-8.667231624303897775e+01
4.679534062500000005e+02,-8.661173227688892950e+01
4.679536992187499891e+02,-8.491906941195531999e+01
4.679539921875000346e+02,-8.794154423602435600e+01
4.679542851562500232e+02,-8.793118055678837663e+01
4.679545781250000118e+02,-8.388490983947025370e+01
4.679548710937500005e+02,-8.172935857921527258e+01
4.679551640624999891e+02,-8.655270432211034404e+01
4.679554570312500346e+02,-8.268727477801711245e+01
4.679557500000000232e+02,-8.591430602100845704e+01
4.679560429687500118e+02,-9.746035321169806309e+01
4.679563359375000005e+02,-8.384720430892852505e+01
4.679566289062499891e+02,-7.908599963887169793e+01
4.679569218750000346e+02,-8.815535505144721640e+01
4.679572148437500232e+02,-8.834760274853508122e+01
4.679575078125000118e+02,-9.318804030672026784e+01
4.679578007812500005e+02,-8.244703267029163385e+01
4.679580937499999891e+02,-7.934306869944956020e+01
4.679583867187500346e+02,-8.475509331533842783e+01
4.679586796875000232e+02,-1.071405989667005940e+02
4.679589726562500118e+02,-9.050137241718802272e+01
4.679592656250000005e+02,-9.270609221924541998e+01
4.679595585937499891e+02,-9.902321626700290835e+01
4.679598515625000346e+02,-9.995837598765184850e+01
4.679601445312500232e+02,-8.760175360221680307e+01
4.679604375000000118e+02,-8.190203613371251379e+01
4.679607304687500005e+02,-8.272923590404764127e+01
4.679610234374999891e+02,-9.063638489039308865e+01
4.679613164062500346e+02,-8.816466183116590116e+01
4.679616093750000232e+02,-8.112756965213363003e+01
4.679619023437500118e+02,-9.768350928761215357e+01
4.679621953125000005e+02,-8.422576215616827255e+01
4.679624882812499891e+02,-9.785469620275173952e+01
4.679627812500000346e+02,-8.725915267416132792e+01
4.679630742187500232e+02,-8.958360665729684058e+01
4.679633671875000118e+02,-9.048320403533421086e+01
4.679636601562500005e+02,-8.615711694145178967e+01
4.679639531249999891e+02,-8.543161659306900901e+01
4.679642460937500346e+02,-8.398832476186686335e+01
4.679645390625000232e+02,-8.537657865506530186e+01
4.679648320312500118e+02,-9.621448420652231448e+01
4.679651250000000005e+02,-8.955874066075098483e+01
4.679654179687499891e+02,-8.352448861872417751e+01
4.679657109375000346e+02,-8.695546658287385355e+01
4.679660039062500232e+02,-9.315403021484905821e+01
4.679662968750000118e+02,-8.730991697615669977e+01
4.679665898437500005e+02,-9.441390025045579648e+01
4.679668828124999891e+02,-9.248496903372073064e+01
4.679671757812500346e+02,-8.207308896142897936e+01
4.679674687500000232e+02,-8.483440386011491796e+01
4.679677617187500118e+02,-9.831040575633684853e+01
4.679680546875000005e+02,-1.035840063562140472e+02
4.679683476562499891e+02,-8.831649499471068054e+01
4.679686406250000346e+02,-8.928900725273291528e+01
4.679689335937500232e+02,-9.387917030245827732e+01
4.679692265625000118e+02,-1.000243550425189909e+02
4.679695195312500005e+02,-9.209915501273842153e+01
4.679698124999999891e+02,-9.002943547432624882e+01
4.679701054687500346e+02,-1.031553613589276495e+02
4.679703984375000232e+02,-8.327170692969288268e+01
4.679706914062500118e+02,-8.392255991234836188e+01
4.679709843750000005e+02,-8.356940585213065731e+01
4.679712773437499891e+02,-8.757881717672233890e+01
4.679715703125000346e+02,-8.479025091748596310e+01
4.679718632812500232e+02,-8.263574346964027484e+01
4.679721562500000118e+02,-8.491931730854602733e+01
4.679724492187500005e+02,-8.808911073805435876e+01
4.679727421874999891e+02,-9.218600687349656653e+01
4.679730351562500346e+02,-8.337841795066012196e+01
4.679733281250000232e+02,-8.298856540126514858e+01
4.679736210937500118e+02,-9.393182122215267782e+01
4.679739140625000005e+02,-8.312620712338947726e+01
4.679742070312499891e+02,-8.697749380737043623e+01
4.679745000000000346e+02,-9.052131669542353620e+01
4.679747929687500232e+02,-9.231001533978945872e+01
4.679750859375000118e+02,-9.111633788671925060e+01
4.679753789062500005e+02,-8.506690458504408525e+01
4.679756718749999891e+02,-9.230000768995080307e+01
4.679759648437500346e+02,-9.740979771306732005e+01
4.679762578125000232e+02,-8.311680121924824505e+01
4.679765507812500118e+02,-8.618267421918046978e+01
4.679768437500000005e+02,-9.006149374008487030e+01
4.679771367187499891e+02,-8.331719414804166490e+01
4.679774296875000346e+02,-8.468640349795026623e+01
4.679777226562500232e+02,-9.055794659799167334e+01
4.679780156250000118e+02,-9.504900004265147118e+01
4.679783085937500005e+02,-8.518992032400132075e+01
4.679786015624999891e+02,-9.963413754195974548e+01
4.679788945312500346e+02,-8.321503876208326744e+01
4.679791875000000232e+02,-8.330104202509545530e+01
4.679794804687500118e+02,-9.126400686361833436e+01
4.679797734375000005e+02,-8.568512904203123526e+01
4.679800664062499891e+02,-8.328411261843749003e+01
4.679803593750000346e+02,-9.751626358820850271e+01
4.679806523437500232e+02,-8.280926892566898800e+01
4.679809453125000118e+02,-8.189200812301680799e+01
4.679812382812500005e+02,-8.943675393546510577e+01
4.679815312499999891e+02,-8.275870515927563531e+01
4.679818242187500346e+02,-7.982117869691231249e+01
4.679821171875000232e+02,-7.799709930501065003e+01
4.679824101562500118e+02,-8.030733288989337382e+01
4.679827031250000005e+02,-8.737986967740312139e+01
4.679829960937499891e+02,-8.016574697555734019e+01
4.679832890625000346e+02,-7.753726240055591745e+01
4.679835820312500232e+02,-8.482232052220896890e+01
4.679838750000000118e+02,-8.404436388417578030e+01
4.679841679687500005e+02,-8.612987465264014020e+01
4.679844609374999891e+02,-8.168311842241860177e+01
4.679847539062500346e+02,-8.503187360596297140e+01
4.679850468750000232e+02,-8.986748684914054763e+01
4.679853398437500118e+02,-8.884470435420533363e+01
4.679856328125000005e+02,-1.056072418643354354e+02
4.679859257812499891e+02,-9.588024864061895869e+01
4.679862187500000346e+02,-9.222136307904906971e+01
4.679865117187500232e+02,-8.915350225864541756e+01
4.679868046875000118e+02,-8.258515618473066411e+01
4.679870976562500005e+02,-8.059278887142755821e+01
4.679873906249999891e+02,-8.415171272035102845e+01
4.679876835937500346e+02,-9.558081337341124595e+01
4.679879765625000232e+02,-9.219388004790295099e+01
4.679882695312500118e+02,-9.423938523312691018e+01
4.679885625000000005e+02,-8.586808477174932364e+01
4.679888554687499891e+02,-8.593278200055445382e+01
4.679891484375000346e+02,-9.217258684451635986e+01
4.679894414062500232e+02,-8.855059743524486748e+01
4.679897343750000118e+02,-9.102091525151527662e+01
4.679900273437500005e+02,-8.419793159399846161e+01
4.679903203124999891e+02,-8.764893154968146405e+01
4.679906132812500346e+02,-7.928369929049111420e+01
4.679909062500000232e+02,-8.453836750031003078e+01
4.679911992187500118e+02,-9.311040618365174737e+01
4.679914921875000005e+02,-9.326041133051387533e+01
4.679917851562499891e+02,-1.029880587609428346e+02
4.679920781250000346e+02,-9.011882726770480190e+01
4.679923710937500232e+02,-9.303395727383643532e+01
4.679926640625000118e+02,-9.449874891419162282e+01
4.679929570312500005e+02,-8.910975648562208562e+01
4.679932499999999891e+02,-9.897099949347946790e+01
4.679935429687500346e+02,-9.031226876577200358e+01
4.679938359375000232e+02,-9.099588270519734579e+01
4.679941289062500118e+02,-8.737023457122768377e+01
4.679944218750000005e+02,-8.487528702955026461e+01
4.679947148437499891e+02,-8.425417536395303841e+01
4.679950078125000346e+02,-9.354377583102474603e+01
4.679953007812500232e+02,-8.103134278739958063e+01
4.679955937500000118e+02,-8.366918148855398840e+01
4.679958867187500005e+02,-8.501079088893503410e+01
4.679961796874999891e+02,-8.167227684021979428e+01
4.679964726562500346e+02,-9.026821290127503516e+01
4.679967656250000232e+02,-8.743993826732221919e+01
4.679970585937500118e+02,-8.651323574206543299e+01
4.679973515625000005e+02,-8.883891710193924496e+01
4.679976445312499891e+02,-9.207007304474940668e+01
4.679979375000000346e+02,-9.722871884975370449e+01
4.679982304687500232e+02,-8.743345826573998636e+01
4.679985234375000118e+02,-8.740386483047652177e+01
4.679988164062500005e+02,-8.933245466377945831e+01
4.679991093749999891e+02,-8.117208503087466909e+01
4.679994023437500346e+02,-8.447221181527140743e+01
4.679996953125000232e+02,-8.575703464831677536e+01
4.679999882812500118e+02,-8.790558670239428807e+01
4.680002812500000005e+02,-9.511575222151590481e+01
4.680005742187499891e+02,-8.601960314160652388e+01
4.680008671875000346e+02,-8.384148046822525657e+01
4.680011601562500232e+02,-8.635117894666132088e+01
4.680014531250000118e+02,-8.759923428180871952e+01
4.680017460937500005e+02,-8.505990937979298394e+01
4.680020390624999891e+02,-9.204345089548792203e+01
4.680023320312500346e+02,-8.187893595373034827e+01
4.680026250000000232e+02,-8.370634731007814366e+01
4.680029179687500118e+02,-8.543877749887110440e+01
4.680032109375000005e+02,-8.736466345314497062e+01
4.680035039062499891e+02,-8.639606382776109683e+01
4.680037968750000346e+02,-9.588972547197293750e+01
4.680040898437500232e+02,-9.051736962614322124e+01
4.680043828125000118e+02,-8.284512584869567320e+01
4.680046757812500005e+02,-8.185069164520724883e+01
4.680049687499999891e+02,-9.915078034322020528e+01
4.680052617187500346e+02,-9.846835118173402179e+01
4.680055546875000232e+02,-8.593839795834726658e+01
4.680058476562500118e+02,-8.687243866955589056e+01
4.680061406250000005e+02,-9.826940747863709191e+01
4.680064335937499891e+02,-8.693099369233186735e+01
4.680067265625000346e+02,-8.879277705174244772e+01
4.680070195312500232e+02,-9.480962302920515583e+01
4.680073125000000118e+02,-8.713842393978465850e+01
4.680076054687500005e+02,-8.408858769244694997e+01
4.680078984374999891e+02,-8.656960595720649110e+01
4.680081914062500346e+02,-9.842525820003930903e+01
4.680084843750000232e+02,-9.829791678868183169e+01
4.680087773437500118e+02,-8.776671024900591078e+01
4.680090703125000005e+02,-9.004924025905894780e+01
4.680093632812499891e+02,-9.517110741568174603e+01
4.680096562500000346e+02,-8.982570404516525286e+01
4.680099492187500232e+02,-9.430741691238000612e+01
4.680102421875000118e+02,-9.260285177215149588e+01
4.680105351562500005e+02,-9.305218189518997463e+01
4.680108281249999891e+02,-8.827991124854862903e+01
4.680111210937500346e+02,-9.059024720843100908e+01
4.680114140625000232e+02,-8.838496777902263091e+01
4.680117070312500118e+02,-9.725084034567103686e+01
4.680120000000000005e+02,-9.408781040119288264e+01
4.680122929687499891e+02,-9.329137788685527255e+01
4.680125859375000346e+02,-8.817311538244530311e+01
4.680128789062500232e+02,-8.222265597235977452e+01
4.680131718750000118e+02,-8.167676705622545796e+01
4.680134648437500005e+02,-8.272837160082625019e+01
4.680137578124999891e+02,-8.376846991828335831e+01
4.680140507812500346e+02,-8.407867417983366920e+01
4.680143437500000232e+02,-8.723226209898194838e+01
4.680146367187500118e+02,-8.986885715402713970e+01
4.680149296875000005e+02,-8.466560306703085814e+01
4.680152226562499891e+02,-8.230745685922401833e+01
4.680155156250000346e+02,-9.681312996231226009e+01
4.680158085937500232e+02,-9.328283890840901904e+01
4.680161015625000118e+02,-9.970907283389118447e+01
4.680163945312500005e+02,-9.469860220950596386e+01
4.680166874999999891e+02,-9.156583150103131175e+01
4.680169804687500346e+02,-8.441085886621836210e+01
4.680172734375000232e+02,-1.018706972925446195e+02
4.680175664062500118e+02,-8.876789510724162824e+01
4.680178593750000005e+02,-9.165877090210787514e+01
4.680181523437499891e+02,-8.615529614578612438e+01
4.680184453125000346e+02,-8.429257594200336712e+01
4.680187382812500232e+02,-8.716395725882287593e+01
4.680190312500000118e+02,-8.591768228472429314e+01
4.680193242187500005e+02,-9.122174211724357917e+01
4.680196171874999891e+02,-9.249108494574150541e+01
4.680199101562500346e+02,-8.717702401103034049e+01
4.680202031250000232e+02,-8.730389207025720566e+01
4.680204960937500118e+02,-8.490006248282932688e+01
4.680207890625000005e+02,-9.242800824057479758e+01
4.680210820312499891e+02,-8.935151777305465259e+01
4.680213750000000346e+02,-9.163319433849103746e+01
4.680216679687500232e+02,-9.176006812902673460e+01
4.680219609375000118e+02,-8.545529355553571804e+01
4.680222539062500005e+02,-8.728579305356211648e+01
4.680225468749999891e+02,-9.982751672121787578e+01
4.680228398437500346e+02,-9.307894478540842442e+01
4.680231328125000232e+02,-8.919278035537969629e+01
4.680234257812500118e+02,-9.460379461007266855e+01
4.680237187500000005e+02,-8.470651345367107865e+01
4.680240117187499891e+02,-8.237778556236763450e+01
4.680243046875000346e+02,-8.007604103114081795e+01
4.680245976562500232e+02,-8.922755957768714552e+01
4.680248906250000118e+02,-8.989653073388026883e+01
4.680251835937500005e+02,-8.305414736313099411e+01
4.680254765624999891e+02,-9.046066670347890692e+01
4.680257695312500346e+02,-8.740537797389870889e+01
4.680260625000000232e+02,-8.347343276267602619e+01
4.680263554687500118e+02,-8.767182335575040497e+01
4.680266484375000005e+02,-9.671222566346058613e+01
4.680269414062499891e+02,-9.354403414877822343e+01
4.680272343750000346e+02,-8.551740058303862213e+01
4.680275273437500232e+02,-8.852663952860220320e+01
4.680278203125000118e+02,-1.079953789095813619e+02
4.680281132812500005e+02,-8.466045160325974450e+01
4.680284062499999891e+02,-8.310858976888334837e+01
4.680286992187500346e+02,-8.594086471266379590e+01
4.680289921875000232e+02,-9.500501683337623149e+01
4.680292851562500118e+02,-9.031457238987488267e+01
4.680295781250000005e+02,-8.590283560333384116e+01
4.680298710937499891e+02,-8.525194373891568489e+01
4.680301640625000346e+02,-8.906100309536182635e+01
4.680304570312500232e+02,-8.631661999289322296e+01
4.680307500000000118e+02,-9.194514769126725184e+01
4.680310429687500005e+02,-8.901286577566715152e+01
4.680313359374999891e+02,-8.796907687675911802e+01
4.680316289062500346e+02,-8.509820754523192932e+01
4.680319218750000232e+02,-8.816215644835402543e+01
4.680322148437500118e+02,-9.052328949002128411e+01
4.680325078125000005e+02,-8.704088156271575372e+01
4.680328007812499891e+02,-8.717718683691924753e+01
4.680330937500000346e+02,-8.754068030721040827e+01
4.680333867187500232e+02,-9.173693828974845133e+01
4.680336796875000118e+02,-8.468771661427450681e+01
4.680339726562500005e+02,-9.452806256727643586e+01
4.680342656249999891e+02,-8.909106412303488298e+01
4.680345585937500346e+02,-8.645268220319144348e+01
4.680348515625000232e+02,-8.511421413069355424e+01
4.680351445312500118e+02,-9.279274975270909920e+01
4.680354375000000005e+02,-9.610574850658564117e+01
4.680357304687499891e+02,-8.994086955745081013e+01
4.680360234375000346e+02,-8.731716209879051860e+01
4.680363164062500232e+02,-8.702400865462699642e+01
4.680366093750000118e+02,-9.054968143193489993e+01
4.680369023437500005e+02,-9.103312502564369879e+01
4.680371953124999891e+02,-8.601321723939376795e+01
4.680374882812500346e+02,-1.109993378327806113e+02
4.680377812500000232e+02,-9.180159355131580412e+01
4.680380742187500118e+02,-8.870125792520993002e+01
4.680383671875000005e+02,-9.290202767603155110e+01
4.680386601562499891e+02,-8.999466998297398845e+01
4.680389531250000346e+02,-8.987301331797240778e+01
4.680392460937500232e+02,-8.947887252129763169e+01
4.680395390625000118e+02,-8.911940734065930769e+01
4.680398320312500005e+02,-8.813782115460884370e+01
4.680401249999999891e+02,-8.302322176588744185e+01
4.680404179687500346e+02,-8.478083324501390905e+01
4.680407109375000232e+02,-8.773911579313676157e+01
4.680410039062500118e+02,-9.200685597898268497e+01
4.680412968750000005e+02,-8.572459411104632920e+01
4.680415898437499891e+02,-9.190145654456712521e+01
4.680418828125000346e+02,-8.753088919954632274e+01
4.680421757812500232e+02,-8.960319900982698016e+01
4.680424687500000118e+02,-9.483830672330793732e+01
4.680427617187500005e+02,-8.595266300672577131e+01
4.680430546874999891e+02,-8.325453717369902051e+01
4.680433476562500346e+02,-8.805310269038608340e+01
4.680436406250000232e+02,-8.842311683798141075e+01
4.680439335937500118e+02,-8.392064557714677164e+01
4.680442265625000005e+02,-8.581051631097197685e+01
4.680445195312499891e+02,-9.104746894179749006e+01
4.680448125000000346e+02,-1.010981182783579300e+02
4.680451054687500232e+02,-8.938312569523557727e+01
4.680453984375000118e+02,-9.427780265644616975e+01
4.680456914062500005e+02,-9.193940082227089761e+01
4.680459843749999891e+02,-8.656930210613553811e+01
4.680462773437500346e+02,-8.700486656600227775e+01
4.680465703125000232e+02,-9.042428025451991402e+01
4.680468632812500118e+02,-8.982832728760241991e+01
4.680471562500000005e+02,-8.919909944700521010e+01
4.680474492187499891e+02,-9.304789286256226433e+01
4.680477421875000346e+02,-9.056449744238682342e+01
4.680480351562500232e+02,-8.588616730821242129e+01
4.680483281250000118e+02,-8.696234639863057225e+01
4.680486210937500005e+02,-9.477185459991997618e+01
4.680489140624999891e+02,-9.158809531637717782e+01
4.680492070312500346e+02,-8.840647557995507100e+01
4.680495000000000232e+02,-8.607405084489485603e+01
4.680497929687500118e+02,-9.464963845069507897e+01
4.680500859375000005e+02,-9.422466901023625496e+01
4.680503789062499891e+02,-9.882430047770694159e+01
4.680506718750000346e+02,-9.339491765239591814e+01
4.680509648437500232e+02,-9.136952418648908747e+01
4.680512578125000118e+02,-9.420631718642255237e+01
4.680515507812500005e+02,-9.266143878462608541e+01
4.680518437499999891e+02,-8.860782590526197566e+01
4.680521367187500346e+02,-9.057907479264899564e+01
4.680524296875000232e+02,-9.382582200109521864e+01
4.680527226562500118e+02,-8.896736749412114875e+01
4.680530156250000005e+02,-9.036871277941052938e+01
4.680533085937499891e+02,-9.427728897952863463e+01
4.680536015625000346e+02,-9.090045051195929204e+01
4.680538945312500232e+02,-8.991976403099005211e+01
4.680541875000000118e+02,-9.594158831284416067e+01
4.680544804687500005e+02,-9.913266753164057832e+01
4.680547734374999891e+02,-8.948584511309695699e+01
4.680550664062500346e+02,-9.225228499706362584e+01
4.680553593750000232e+02,-9.003791768472316903e+01
4.680556523437500118e+02,-8.600661448650134844e+01
4.680559453125000005e+02,-8.772333422218622445e+01
4.680562382812499891e+02,-9.194491507502824845e+01
4.680565312500000346e+02,-8.710345564576314814e+01
4.680568242187500232e+02,-8.514692800441977738e+01
4.680571171875000118e+02,-9.658069906072235256e+01
4.680574101562500005e+02,-8.796654437619473299e+01
4.680577031249999891e+02,-9.015528391831676913e+01
4.680579960937500346e+02,-9.123092525078394033e+01
4.680582890625000232e+02,-8.732385978082905353e+01
4.680585820312500118e+02,-8.684911304584929326e+01
4.680588750000000005e+02,-1.001897779650693678e+02
4.680591679687499891e+02,-1.117795451930419546e+02
4.680594609375000346e+02,-9.130471294038562746e+01
4.680597539062500232e+02,-9.234050717716957024e+01
4.680600468750000118e+02,-9.142050448027517007e+01
4.680603398437500005e+02,-9.938900342146769162e+01
4.680606328124999891e+02,-1.006301048909323015e+02
4.680609257812500346e+02,-8.998689449378863969e+01
4.680612187500000232e+02,-8.505174645852196136e+01
4.680615117187500118e+02,-9.006685917005177089e+01
4.680618046875000005e+02,-9.724369470146197614e+01
4.680620976562499891e+02,-9.468915415029415783e+01
4.680623906250000346e+02,-9.170532342384822755e+01
4.680626835937500232e+02,-9.783474756196636690e+01
4.680629765625000118e+02,-1.079777760665220399e+02
4.680632695312500005e+02,-9.712567366644277911e+01
4.680635624999999891e+02,-8.670123097509770105e+01
4.680638554687500346e+02,-9.232981975832947796e+01
4.680641484375000232e+02,-1.063153167721953309e+02
4.680644414062500118e+02,-9.107715631561809744e+01
4.680647343750000005e+02,-8.707784007721161856e+01
4.680650273437499891e+02,-9.752691468886763460e+01
4.680653203125000346e+02,-8.920331705743353723e+01
4.680656132812500232e+02,-9.523881281697809698e+01
4.680659062500000118e+02,-8.302701609100465419e+01
4.680661992187500005e+02,-8.494708192600703001e+01
4.680664921874999891e+02,-8.607589105431836174e+01
4.680667851562500346e+02,-9.141894660756696567e+01
4.680670781250000232e+02,-9.141078571853427093e+01
4.680673710937500118e+02,-8.820637269377024836e+01
4.680676640625000005e+02,-9.883181365033877341e+01
4.680679570312499891e+02,-9.641923799925257299e+01
4.680682500000000346e+02,-8.805158648669407739e+01
4.680685429687500232e+02,-9.593497328758795106e+01
4.680688359375000118e+02,-9.979362426648773976e+01
4.680691289062500005e+02,-9.507755236872283433e+01
4.680694218749999891e+02,-9.427716028588972108e+01
4.680697148437500346e+02,-1.116513038545968328e+02
4.680700078125000232e+02,-8.891332784757776153e+01
4.680703007812500118e+02,-8.782573914514513547e+01
4.680705937500000005e+02,-8.774996128258770511e+01
4.680708867187499891e+02,-1.317425027221215146e+02
4.680711796875000346e+02,-9.129264418451549545e+01
4.680714726562500232e+02,-9.076883557159487736e+01
4.680717656250000118e+02,-9.307929062532501518e+01
4.680720585937500005e+02,-8.536380065733509070e+01
4.680723515624999891e+02,-9.303468046227939681e+01
4.680726445312500346e+02,-8.527085178711145375e+01
4.680729375000000232e+02,-9.386807377395106755e+01
4.680732304687500118e+02,-9.467279545309378364e+01
4.680735234375000005e+02,-9.045594114618137382e+01
4.680738164062499891e+02,-8.856810062682865237e+01
4.680741093750000346e+02,-8.924463745599196329e+01
4.680744023437500232e+02,-9.827344636310098736e+01
4.680746953125000118e+02,-9.309605458441873793e+01
4.680749882812500005e+02,-9.128001248374707188e+01
4.680752812499999891e+02,-8.419068739365920351e+01
4.680755742187500346e+02,-8.917153434940480849e+01
4.680758671875000232e+02,-1.013446455388327081e+02
4.680761601562500118e+02,-1.010938005685653422e+02
4.680764531250000005e+02,-9.626213397768026425e+01
4.680767460937499891e+02,-9.188811937657631290e+01
4.680770390625000346e+02,-9.855427676420740113e+01
4.680773320312500232e+02,-8.857112575080873285e+01
4.680776250000000118e+02,-8.881321626216823972e+01
4.680779179687500005e+02,-1.140809781200059376e+02
4.680782109374999891e+02,-9.808544542150724510e+01
4.680785039062500346e+02,-1.000586257289636904e+02
4.680787968750000232e+02,-1.013453605398467232e+02
4.680790898437500118e+02,-8.760778198972424491e+01
4.680793828125000005e+02,-9.576584383064742667e+01
4.680796757812499891e+02,-8.573520623430903242e+01
4.680799687500000346e+02,-9.302818396144982671e+01
4.680802617187500232e+02,-8.657244632695832820e+01
4.680805546875000118e+02,-8.695987514495587334e+01
4.680808476562500005e+02,-8.391231243087770508e+01
4.680811406249999891e+02,-9.120438725845838235e+01
4.680814335937500346e+02,-8.814495492408077837e+01
4.680817265625000232e+02,-9.231827261033458853e+01
4.680820195312500118e+02,-9.598982633412013854e+01
4.680823125000000005e+02,-1.009699942662041963e+02
4.680826054687499891e+02,-9.487164041543520909e+01
4.680828984375000346e+02,-9.121066466798681915e+01
4.680831914062500232e+02,-9.358586385539389596e+01
4.680834843750000118e+02,-9.660853132998040849e+01
4.680837773437500005e+02,-9.243133887541874572e+01
4.680840703124999891e+02,-8.864816579130688012e+01
4.680843632812500346e+02,-9.038581961702162459e+01
4.680846562500000232e+02,-1.038489254381630076e+02
4.680849492187500118e+02,-8.964431303917007199e+01
4.680852421875000005e+02,-8.466327534263567145e+01
4.680855351562499891e+02,-9.182099302900743965e+01
4.680858281250000346e+02,-1.004169430800117624e+02
4.680861210937500232e+02,-8.566620198333049530e+01
4.680864140625000118e+02,-7.759489808354948082e+01
4.680867070312500005e+02,-7.722178581567102640e+01
4.680869999999999891e+02,-8.540217832524321295e+01
4.680872929687500346e+02,-8.733690123893525481e+01
4.680875859375000232e+02,-1.047011414566100882e+02
4.680878789062500118e+02,-8.755248595195399730e+01
4.680881718750000005e+02,-8.198253850928105635e+01
4.680884648437499891e+02,-8.276468520251448524e+01
4.680887578125000346e+02,-9.193388114803839528e+01
4.680890507812500232e+02,-1.099557054503803215e+02
4.680893437500000118e+02,-8.554569615074558442e+01
4.680896367187500005e+02,-8.915765025287700496e+01
4.680899296874999891e+02,-8.383469845618418503e+01
4.680902226562500346e+02,-8.433002880015143887e+01
4.680905156250000232e+02,-9.300272213703925672e+01
4.680908085937500118e+02,-1.015264712926824302e+02
4.680911015625000005e+02,-9.059405498075290097e+01
4.680913945312499891e+02,-8.551515157385452426e+01
4.680916875000000346e+02,-9.327548357505455101e+01
4.680919804687500232e+02,-9.625212180965365860e+01
4.680922734375000118e+02,-8.844444461257381818e+01
4.680925664062500005e+02,-9.398295452005888251e+01
4.680928593749999891e+02,-9.280502098352420148e+01
4.680931523437500346e+02,-9.303295345530071359e+01
4.680934453125000232e+02,-9.893847826518673116e+01
4.680937382812500118e+02,-8.953162437924488870e+01
4.680940312500000005e+02,-9.157831688369165590e+01
4.680943242187499891e+02,-1.002015818956832192e+02
4.680946171875000346e+02,-9.284497353204514525e+01
4.680949101562500232e+02,-8.721639336247206131e+01
4.680952031250000118e+02,-8.639575480867259216e+01
4.680954960937500005e+02,-8.690607706307757496e+01
4.680957890624999891e+02,-9.955466088640875455e+01
4.680960820312500346e+02,-9.374532989114671011e+01
4.680963750000000232e+02,-1.038219088229074032e+02
4.680966679687500118e+02,-1.016908617336744101e+02
4.680969609375000005e+02,-9.133553414333542264e+01
4.680972539062499891e+02,-1.002770513350537698e+02
4.680975468750000346e+02,-9.691213809348658970e+01
4.680978398437500232e+02,-1.013555849336600261e+02
4.680981328125000118e+02,-8.625495442242566924e+01
4.680984257812500005e+02,-8.586802957085814114e+01
4.680987187499999891e+02,-9.511748116800789887e+01
4.680990117187500346e+02,-9.522408882773260075e+01
4.680993046875000232e+02,-1.116641890324567612e+02
4.680995976562500118e+02,-9.877019681603663059e+01
4.680998906250000005e+02,-1.046508018706194321e+02
4.681001835937499891e+02,-9.222299052918815221e+01
4.681004765625000346e+02,-8.556610442821423135e+01
4.681007695312500232e+02,-9.354904897808799547e+01
4.681010625000000118e+02,-9.447928051775900826e+01
4.681013554687500005e+02,-8.577661784181580629e+01
4.681016484374999891e+02,-8.948323595132343655e+01
4.681019414062500346e+02,-9.099934683186653217e+01
4.681022343750000232e+02,-9.354724464550579910e+01
4.681025273437500118e+02,-9.189446055328249940e+01
4.681028203125000005e+02,-8.735086141179624519e+01
4.681031132812499891e+02,-8.617749512220470365e+01
4.681034062500000346e+02,-8.807766047123202213e+01
4.681036992187500232e+02,-9.386069475099867532e+01
4.681039921875000118e+02,-9.234816140136419449e+01
4.681042851562500005e+02,-8.743524492720509045e+01
4.681045781249999891e+02,-9.139878894623997496e+01
4.681048710937500346e+02,-9.650199782298480500e+01
4.681051640625000232e+02,-8.353452470417818176e+01
4.681054570312500118e+02,-8.411398837375030269e+01
4.681057500000000005e+02,-9.539773636485982422e+01
4.681060429687499891e+02,-8.890249763463806687e+01
4.681063359375000346e+02,-8.903940834784002334e+01
4.681066289062500232e+02,-9.807618254051010354e+01
4.681069218750000118e+02,-9.685317737804241744e+01
4.681072148437500005e+02,-9.118090713295933369e+01
4.681075078124999891e+02,-9.224934539777386533e+01
4.681078007812500346e+02,-8.873327199378424268e+01
4.681080937500000232e+02,-8.252939949939178632e+01
4.681083867187500118e+02,-8.637641212940727087e+01
4.681086796875000005e+02,-9.491288788993082903e+01
4.681089726562499891e+02,-8.994263555924037234e+01
4.681092656250000346e+02,-8.869302168275750375e+01
4.681095585937500232e+02,-8.759089117867817720e+01
4.681098515625000118e+02,-8.257299800254077127e+01
4.681101445312500005e+02,-8.930206054493270074e+01
4.681104374999999891e+02,-9.267311929674707471e+01
4.681107304687500346e+02,-9.410485942443639829e+01
4.681110234375000232e+02,-9.074991676309633704e+01
4.681113164062500118e+02,-8.754686507249806482e+01
4.681116093750000005e+02,-8.616989189830427165e+01
4.681119023437499891e+02,-9.171091557955675455e+01
4.681121953125000346e+02,-9.684092075933408239e+01
4.681124882812500232e+02,-9.879553603810018103e+01
4.681127812500000118e+02,-9.362504205844021499e+01
4.681130742187500005e+02,-9.919830233464108460e+01
4.681133671874999891e+02,-8.943788334538439244e+01
4.681136601562500346e+02,-8.680856424121594728e+01
4.681139531250000232e+02,-9.549828749044149845e+01
4.681142460937500118e+02,-8.536407466939834876e+01
4.681145390625000005e+02,-9.408501092319689008e+01
4.681148320312499891e+02,-8.680625779549532695e+01
4.681151250000000346e+02,-9.923854545952112005e+01
4.681154179687500232e+02,-9.726048341243088657e+01
4.681157109375000118e+02,-9.493555129844867224e+01
4.681160039062500005e+02,-8.821959137883767710e+01
4.681162968749999891e+02,-8.711748745005584738e+01
4.681165898437500346e+02,-1.008081355285477514e+02
4.681168828125000232e+02,-8.990126878508721120e+01
4.681171757812500118e+02,-9.109639525272811511e+01
4.681174687500000005e+02,-9.039470180571014168e+01
4.681177617187499891e+02,-8.809913825846854252e+01
4.681180546875000346e+02,-8.622688110709289333e+01
4.681183476562500232e+02,-8.616000990929128989e+01
4.681186406250000118e+02,-8.547579266614661719e+01
4.681189335937500005e+02,-9.189266566240033285e+01
4.681192265624999891e+02,-9.737557806437479258e+01
4.681195195312500346e+02,-9.178088131110533254e+01
4.681198125000000232e+02,-1.002159591470048241e+02
4.681201054687500118e+02,-9.454363802102280090e+01
4.681203984375000005e+02,-9.317596949525203343e+01
4.681206914062499891e+02,-8.967796568666150847e+01
4.681209843750000346e+02,-9.057176866574884855e+01
4.681212773437500232e+02,-8.769783496829543878e+01
4.681215703125000118e+02,-8.528051906924471837e+01
4.681218632812500005e+02,-8.866969611324202560e+01
4.681221562499999891e+02,-8.657442756153683661e+01
4.681224492187500346e+02,-1.056395152492253260e+02
4.681227421875000232e+02,-8.453044780879957898e+01
4.681230351562500118e+02,-9.088852562993024264e+01
4.681233281250000005e+02,-1.013307732489352730e+02
4.681236210937499891e+02,-9.925241074680269548e+01
4.681239140625000346e+02,-8.750789521269085469e+01
4.681242070312500232e+02,-9.224372244717923763e+01
4.681245000000000118e+02,-1.116872265810824842e+02
4.681247929687500005e+02,-9.071773332795238787e+01
4.681250859374999891e+02,-8.965636676963501372e+01
4.681253789062500346e+02,-9.027588682410535625e+01
4.681256718750000232e+02,-1.035840714147355470e+02
4.681259648437500118e+02,-9.552209351127500270e+01
4.681262578125000005e+02,-9.524978439539512465e+01
4.681265507812499891e+02,-1.021322064177277156e+02
4.681268437500000346e+02,-9.573307386471481095e+01
4.681271367187500232e+02,-1.028841702481872034e+02
4.681274296875000118e+02,-9.787601142188756853e+01
4.681277226562500005e+02,-9.100341204500463732e+01
4.681280156249999891e+02,-8.614679373273907004e+01
4.681283085937500346e+02,-8.690116703022229672e+01
4.681286015625000232e+02,-9.861704275815054643e+01
4.681288945312500118e+02,-9.204621649836030883e+01
4.681291875000000005e+02,-9.549861652301353843e+01
4.681294804687499891e+02,-9.676092376414447926e+01
4.681297734375000346e+02,-9.898624791222835029e+01
4.681300664062500232e+02,-9.359756331173238664e+01
4.681303593750000118e+02,-9.491003442721164163e+01
4.681306523437500005e+02,-9.192826477280686959e+01
4.681309453124999891e+02,-8.559562068323162976e+01
4.681312382812500346e+02,-8.728076781637456349e+01
4.681315312500000232e+02,-9.701020881480835101e+01
4.681318242187500118e+02,-9.789406650233077301e+01
4.681321171875000005e+02,-8.693279456120500015e+01
4.681324101562499891e+02,-8.772489026019351854e+01
4.681327031250000346e+02,-8.859132365203979020e+01
4.681329960937500232e+02,-1.013736285248706110e+02
4.681332890625000118e+02,-8.433743913348763499e+01
4.681335820312500005e+02,-8.408885237559617565e+01
4.681338749999999891e+02,-8.714378592244975152e+01
4.681341679687500346e+02,-9.308178850765744983e+01
4.681344609375000232e+02,-9.117014602630838738e+01
4.681347539062500118e+02,-8.895462649509205733e+01
4.681350468750000005e+02,-9.479517653560407098e+01
4.681353398437499891e+02,-9.714275810918607590e+01
4.681356328125000346e+02,-1.133752226963118801e+02
4.681359257812500232e+02,-9.726342754524240775e+01
4.681362187500000118e+02,-9.680179604132092663e+01
4.681365117187500005e+02,-9.053521673768629796e+01
4.681368046874999891e+02,-9.530946846519312032e+01
4.681370976562500346e+02,-9.659327420830821609e+01
4.681373906250000232e+02,-8.928624822733974042e+01
4.681376835937500118e+02,-8.662901911053691606e+01
4.681379765625000005e+02,-9.392027839597146510e+01
4.681382695312499891e+02,-9.577951215885626368e+01
4.681385625000000346e+02,-1.105411994704145116e+02
4.681388554687500232e+02,-9.935240735544523716e+01
4.681391484375000118e+02,-9.384734165953395291e+01
4.681394414062500005e+02,-1.032429295658432267e+02
4.681397343749999891e+02,-9.114219374504968130e+01
4.681400273437500346e+02,-1.008560504500688637e+02
4.681403203125000232e+02,-8.857069406431774894e+01
4.681406132812500118e+02,-9.033924463816194361e+01
4.681409062500000005e+02,-9.058957053575664986e+01
4.681411992187499891e+02,-9.272282285868365648e+01
4.681414921875000346e+02,-9.190815144665126013e+01
4.681417851562500232e+02,-8.774067219554494557e+01
4.681420781250000118e+02,-8.636151608682196468e+01
4.681423710937500005e+02,-8.392214032597729556e+01
4.681426640624999891e+02,-8.469585990958003663e+01
4.681429570312500346e+02,-8.635789563631389854e+01
4.681432500000000232e+02,-8.952892871342520209e+01
4.681435429687500118e+02,-1.077867399004517921e+02
4.681438359375000005e+02,-8.846244696919512762e+01
4.681441289062499891e+02,-8.566451139377477375e+01
4.681444218750000346e+02,-8.711811965421973980e+01
4.681447148437500232e+02,-8.440432109084197521e+01
4.681450078125000118e+02,-9.667657896848081123e+01
4.681453007812500005e+02,-8.397820173171048452e+01
4.681455937499999891e+02,-8.689350133950462407e+01
4.681458867187500346e+02,-9.397107912189434842e+01
4.681461796875000232e+02,-9.184752553057855096e+01
4.681464726562500118e+02,-9.067099432070072851e+01
4.681467656250000005e+02,-9.692357040920869338e+01
4.681470585937499891e+02,-9.363601803607753027e+01
4.681473515625000346e+02,-8.673435053518193172e+01
4.681476445312500232e+02,-9.197627745677253586e+01
4.681479375000000118e+02,-9.348134464046573555e+01
4.681482304687500005e+02,-9.066013616326682723e+01
4.681485234374999891e+02,-9.327211817396221250e+01
4.681488164062500346e+02,-9.602453566123182327e+01
4.681491093750000232e+02,-9.375904084755046597e+01
4.681494023437500118e+02,-9.199249358399274001e+01
4.681496953125000005e+02,-8.562293582197438013e+01
4.681499882812499891e+02,-9.342767892702907773e+01
4.681502812500000346e+02,-8.987486892589338083e+01
4.681505742187500232e+02,-9.049767866580194209e+01
4.681508671875000118e+02,-8.787902745668232285e+01
4.681511601562500005e+02,-8.603918498199958265e+01
4.681514531249999891e+02,-9.080059860900909996e+01
4.681517460937500346e+02,-8.986214377520431640e+01
4.681520390625000232e+02,-9.438839678312193371e+01
4.681523320312500118e+02,-9.246664567383947997e+01
4.681526250000000005e+02,-8.706049334539260087e+01
4.681529179687499891e+02,-8.718236022234363247e+01
4.681532109375000346e+02,-8.733165578053535683e+01
4.681535039062500232e+02,-8.547309732485007316e+01
4.681537968750000118e+02,-8.548228929634363737e+01
4.681540898437500005e+02,-9.138516640250371381e+01
4.681543828124999891e+02,-8.978697942290099832e+01
4.681546757812500346e+02,-9.932711338291170478e+01
4.681549687500000232e+02,-9.337402182744212098e+01
4.681552617187500118e+02,-8.404634155152984931e+01
4.681555546875000005e+02,-8.706368543685384509e+01
4.681558476562499891e+02,-9.469769819166295122e+01
4.681561406250000346e+02,-8.516678105603540416e+01
4.681564335937500232e+02,-9.191382887517734446e+01
4.681567265625000118e+02,-9.438761656792442523e+01
4.681570195312500005e+02,-8.656451810323054019e+01
4.681573124999999891e+02,-9.135013550925643244e+01
4.681576054687500346e+02,-8.560085512507369288e+01
4.681578984375000232e+02,-8.664744110184754788e+01
4.681581914062500118e+02,-8.658032744173468132e+01
4.681584843750000005e+02,-9.126679986643991072e+01
4.681587773437499891e+02,-9.911864361138557911e+01
4.681590703125000346e+02,-9.094343408262319883e+01
4.681593632812500232e+02,-9.258457966871874589e+01
4.681596562500000118e+02,-8.440682061482692689e+01
4.681599492187500005e+02,-8.619388071494856263e+01
4.681602421874999891e+02,-8.956145496745651258e+01
4.681605351562500346e+02,-8.253764845421720509e+01
4.681608281250000232e+02,-8.137731677454061696e+01
4.681611210937500118e+02,-9.414304619572604338e+01
4.681614140625000005e+02,-1.027282688546281975e+02
4.681617070312499891e+02,-9.554362714620053509e+01
4.681620000000000346e+02,-1.057962777587936642e+02
4.681622929687500232e+02,-9.225470138978580792e+01
4.681625859375000118e+02,-8.531697292814682498e+01
4.681628789062500005e+02,-8.586787060413587369e+01
4.681631718749999891e+02,-8.635716003966905419e+01
4.681634648437500346e+02,-8.445569213179395263e+01
4.681637578125000232e+02,-8.732556107103805232e+01
4.681640507812500118e+02,-9.619732071029065423e+01
4.681643437500000005e+02,-9.134873763145763803e+01
4.681646367187499891e+02,-8.959751996991400347e+01
4.681649296875000346e+02,-1.027629642519788291e+02
4.681652226562500232e+02,-8.853124463829600188e+01
4.681655156250000118e+02,-8.899969454283842651e+01
4.681658085937500005e+02,-9.578482119598547229e+01
4.681661015624999891e+02,-8.506055552295975986e+01
4.681663945312500346e+02,-8.870677411131458712e+01
4.681666875000000232e+02,-8.700642263996121528e+01
4.681669804687500118e+02,-9.099007383126001969e+01
4.681672734375000005e+02,-9.732701309810990153e+01
4.681675664062499891e+02,-9.928992853342009539e+01
4.681678593750000346e+02,-8.743782060416239688e+01
4.681681523437500232e+02,-8.210988215876321306e+01
4.681684453125000118e+02,-8.454830015037133251e+01
4.681687382812500005e+02,-9.740234213195907387e+01
4.681690312499999891e+02,-9.532723509195733413e+01
4.681693242187500346e+02,-1.067213151280070065e+02
4.681696171875000232e+02,-1.031385290514003259e+02
4.681699101562500118e+02,-9.529098171884101021e+01
4.681702031250000005e+02,-9.218881343173224252e+01
4.681704960937499891e+02,-9.544842468893094178e+01
4.681707890625000346e+02,-9.161312012976694064e+01
4.681710820312500232e+02,-8.471757107964988620e+01
4.681713750000000118e+02,-8.740312777628045637e+01
4.681716679687500005e+02,-9.636290355328915780e+01
4.681719609374999891e+02,-9.578630965021150701e+01
4.681722539062500346e+02,-1.011906541353247491e+02
4.681725468750000232e+02,-9.112643695147633593e+01
4.681728398437500118e+02,-8.869511561580267767e+01
4.681731328125000005e+02,-9.010910288794165979e+01
4.681734257812499891e+02,-8.760596867077774164e+01
4.681737187500000346e+02,-9.218159298822885717e+01
4.681740117187500232e+02,-8.654695157226113622e+01
4.681743046875000118e+02,-9.679868143709965977e+01
4.681745976562500005e+02,-9.997906325918015114e+01
4.681748906249999891e+02,-9.197458620927427830e+01
4.681751835937500346e+02,-9.370234131380763642e+01
4.681754765625000232e+02,-9.793392697875587771e+01
4.681757695312500118e+02,-9.432386916099912355e+01
4.681760625000000005e+02,-8.549912239207928621e+01
4.681763554687499891e+02,-8.321179041439641821e+01
4.681766484375000346e+02,-8.824895343273446713e+01
4.681769414062500232e+02,-9.119009210276354338e+01
4.681772343750000118e+02,-8.889552341599406304e+01
4.681775273437500005e+02,-9.296045426335872719e+01
4.681778203124999891e+02,-9.327237084578213455e+01
4.681781132812500346e+02,-9.025618373143731787e+01
4.681784062500000232e+02,-8.762038618671824963e+01
4.681786992187500118e+02,-8.607789404161364644e+01
4.681789921875000005e+02,-8.622360272162916317e+01
4.681792851562499891e+02,-8.341700961430531436e+01
4.681795781250000346e+02,-8.195023445868505974e+01
4.681798710937500232e+02,-8.746239040936009701e+01
4.681801640625000118e+02,-9.149169083566887650e+01
4.681804570312500005e+02,-1.026588339204086964e+02
4.681807499999999891e+02,-9.417339059573309612e+01
4.681810429687500346e+02,-9.527573870835936987e+01
4.681813359375000232e+02,-9.476477155377124006e+01
4.681816289062500118e+02,-9.638690873464460651e+01
4.681819218750000005e+02,-9.860948804685541802e+01
4.681822148437499891e+02,-9.088541458903462456e+01
4.681825078125000346e+02,-9.173180213439334807e+01
4.681828007812500232e+02,-9.198599440075440725e+01
4.681830937500000118e+02,-9.227542602001584271e+01
4.681833867187500005e+02,-8.920532465005538825e+01
4.681836796874999891e+02,-9.495684516830841915e+01
4.681839726562500346e+02,-8.961225691515629421e+01
4.681842656250000232e+02,-8.698663646296193974e+01
4.681845585937500118e+02,-9.105196020384268252e+01
4.681848515625000005e+02,-9.084489927717680757e+01
4.681851445312499891e+02,-9.059335306914508124e+01
4.681854375000000346e+02,-9.033869206563672094e+01
4.681857304687500232e+02,-8.936904526941177096e+01
4.681860234375000118e+02,-9.042783264594729076e+01
4.681863164062500005e+02,-8.677370401812153489e+01
4.681866093749999891e+02,-9.110098366709240736e+01
4.681869023437500346e+02,-8.669010699773538420e+01
4.681871953125000232e+02,-9.358695243152715193e+01
4.681874882812500118e+02,-9.473529889736489906e+01
4.681877812500000005e+02,-1.033795661761571552e+02
4.681880742187499891e+02,-9.826865816194420233e+01
4.681883671875000346e+02,-8.795965361812805838e+01
4.681886601562500232e+02,-8.759239973621362196e+01
4.681889531250000118e+02,-9.053348476677990675e+01
4.681892460937500005e+02,-9.483447517763273993e+01
4.681895390624999891e+02,-8.841013838760316901e+01
4.681898320312500346e+02,-9.085644260402182226e+01
4.681901250000000232e+02,-9.301438509645066688e+01
4.681904179687500118e+02,-9.330144810801775179e+01
4.681907109375000005e+02,-9.559292462001151591e+01
4.681910039062499891e+02,-9.450011858085744620e+01
4.681912968750000346e+02,-9.941633300027957887e+01
4.681915898437500232e+02,-9.917627056567575039e+01
4.681918828125000118e+02,-1.074728101264411038e+02
4.681921757812500005e+02,-9.251806569108867961e+01
4.681924687499999891e+02,-8.686512327290962787e+01
4.681927617187500346e+02,-9.812754873305473780e+01
4.681930546875000232e+02,-9.767721128056875557e+01
4.681933476562500118e+02,-9.441002586193562252e+01
4.681936406250000005e+02,-9.061718788579605643e+01
4.681939335937499891e+02,-9.062704260339005202e+01
4.681942265625000346e+02,-9.826990278334291418e+01
4.681945195312500232e+02,-1.019016574417659342e+02
4.681948125000000118e+02,-8.896360982415565388e+01
4.681951054687500005e+02,-9.161248103216317418e+01
4.681953984374999891e+02,-8.639984894388886971e+01
4.681956914062500346e+02,-9.396769097789709235e+01
4.681959843750000232e+02,-8.785427478859931227e+01
4.681962773437500118e+02,-9.218074581297464931e+01
4.681965703125000005e+02,-9.048924657541112992e+01
4.681968632812499891e+02,-8.470562796247907045e+01
4.681971562500000346e+02,-9.246072182040751386e+01
4.681974492187500232e+02,-1.038025524863547702e+02
4.681977421875000118e+02,-9.656924076720798666e+01
4.681980351562500005e+02,-8.752470710830108658e+01
4.681983281249999891e+02,-8.515628946616878636e+01
4.681986210937500346e+02,-8.950579033112168759e+01
4.681989140625000232e+02,-9.186409212477104802e+01
4.681992070312500118e+02,-9.452945688872974017e+01
4.681995000000000005e+02,-9.930837207958951751e+01
4.681997929687499891e+02,-9.227014140274732767e+01
4.682000859375000346e+02,-8.859432109193443239e+01
4.682003789062500232e+02,-8.679419098902853591e+01
4.682006718750000118e+02,-9.525415996808658292e+01
4.682009648437500005e+02,-8.610737805055575222e+01
4.682012578124999891e+02,-9.509131791363626007e+01
4.682015507812500346e+02,-9.549392100375035852e+01
4.682018437500000232e+02,-9.443211503421696307e+01
4.682021367187500118e+02,-9.864725968791984201e+01
4.682024296875000005e+02,-9.804052313178429756e+01
4.682027226562499891e+02,-9.349730481119510728e+01
4.682030156250000346e+02,-8.773562872258366951e+01
4.682033085937500232e+02,-9.421598600556585268e+01
4.682036015625000118e+02,-9.045710129784092146e+01
4.682038945312500005e+02,-9.263292769816757755e+01
4.682041874999999891e+02,-8.935594949247303020e+01
4.682044804687500346e+02,-8.594403773553412407e+01
4.682047734375000232e+02,-8.784527510413312257e+01
4.682050664062500118e+02,-9.176868242948508225e+01
4.682053593750000005e+02,-9.196003624907370977e+01
4.682056523437499891e+02,-9.630304642429862838e+01
4.682059453125000346e+02,-9.290926731219474277e+01
4.682062382812500232e+02,-1.056990693016170155e+02
4.682065312500000118e+02,-9.599596473001335539e+01
4.682068242187500005e+02,-9.655005132622628139e+01
4.682071171874999891e+02,-9.502710867624030300e+01
4.682074101562500346e+02,-8.850997836926460138e+01
4.682077031250000232e+02,-9.130592174394809035e+01
4.682079960937500118e+02,-9.459285696322251624e+01
4.682082890625000005e+02,-1.012321759002689561e+02
4.682085820312499891e+02,-8.950243159803727622e+01
4.682088750000000346e+02,-1.005206504717091605e+02
4.682091679687500232e+02,-8.900136860670875194e+01
4.682094609375000118e+02,-8.434304135070323127e+01
4.682097539062500005e+02,-8.747611484497268464e+01
4.682100468749999891e+02,-9.246467384046687243e+01
4.682103398437500346e+02,-8.546450364202240735e+01
4.682106328125000232e+02,-8.861197110337309368e+01
4.682109257812500118e+02,-9.031323890523023579e+01
4.682112187500000005e+02,-9.046146749084454086e+01
4.682115117187499891e+02,-9.552263598911858367e+01
4.682118046875000346e+02,-8.979013792186135845e+01
4.682120976562500232e+02,-9.192814345227429840e+01
4.682123906250000118e+02,-1.043077532930448825e+02
4.682126835937500005e+02,-1.055065842516498975e+02
4.682129765624999891e+02,-1.055600229153069733e+02
4.682132695312500346e+02,-9.901728793488204872e+01
4.682135625000000232e+02,-9.300023843624119024e+01
4.682138554687500118e+02,-9.040126303504317207e+01
4.682141484375000005e+02,-9.472570043117094940e+01
4.682144414062499891e+02,-1.048578377518291234e+02
4.682147343750000346e+02,-9.582532984936389653e+01
4.682150273437500232e+02,-8.823275923905936224e+01
4.682153203125000118e+02,-9.040332763080786549e+01
4.682156132812500005e+02,-1.020264235575009906e+02
4.682159062499999891e+02,-9.002838270320752656e+01
4.682161992187500346e+02,-8.781832462985904897e+01
4.682164921875000232e+02,-9.280599405224606357e+01
4.682167851562500118e+02,-9.325661542546180272e+01
4.682170781250000005e+02,-8.947507523479251290e+01
4.682173710937499891e+02,-9.972670939459773365e+01
4.682176640625000346e+02,-9.281175597302652136e+01
4.682179570312500232e+02,-1.006189775928228016e+02
4.682182500000000118e+02,-9.571172449662392978e+01
4.682185429687500005e+02,-9.175963525761609674e+01
4.682188359374999891e+02,-8.963178284017145359e+01
4.682191289062500346e+02,-8.883138565434975931e+01
4.682194218750000232e+02,-8.745360117391908261e+01
4.682197148437500118e+02,-8.888712468306982828e+01
4.682200078125000005e+02,-9.310136067424743089e+01
4.682203007812499891e+02,-9.160896463549441648e+01
4.682205937500000346e+02,-9.368436500943940359e+01
4.682208867187500232e+02,-1.074516098623263076e+02
4.682211796875000118e+02,-9.588890437895420860e+01
4.682214726562500005e+02,-9.419370003929554969e+01
4.682217656249999891e+02,-1.031081673956587679e+02
4.682220585937500346e+02,-9.265925777026902210e+01
4.682223515625000232e+02,-8.587141318941688439e+01
4.682226445312500118e+02,-8.662572006282729831e+01
4.682229375000000005e+02,-8.597209033509359699e+01
4.682232304687499891e+02,-8.735689330904720862e+01
4.682235234375000346e+02,-8.382153594787426698e+01
4.682238164062500232e+02,-9.169975278587526191e+01
4.682241093750000118e+02,-1.020790312076809130e+02
4.682244023437500005e+02,-9.680621377700786923e+01
4.682246953124999891e+02,-9.173932370060498442e+01
4.682249882812500346e+02,-8.857494596517739183e+01
4.682252812500000232e+02,-9.007997858095592392e+01
4.682255742187500118e+02,-9.911731976104894670e+01
4.682258671875000005e+02,-9.251595927170504297e+01
4.682261601562499891e+02,-9.239898349489172347e+01
4.682264531250000346e+02,-9.071993869440136393e+01
4.682267460937500232e+02,-9.411038568359421674e+01
4.682270390625000118e+02,-9.417023671054016631e+01
4.682273320312500005e+02,-8.969674495172367301e+01
4.682276249999999891e+02,-9.092130703014041160e+01
4.682279179687500346e+02,-9.679437060274354110e+01
4.682282109375000232e+02,-9.734556905402641291e+01
4.682285039062500118e+02,-9.525797130091397946e+01
4.682287968750000005e+02,-9.741833283077367867e+01
4.682290898437499891e+02,-9.301073166288050231e+01
4.682293828125000346e+02,-8.584198303010967379e+01
4.682296757812500232e+02,-8.858639391015174169e+01
4.682299687500000118e+02,-1.029335470189595299e+02
4.682302617187500005e+02,-9.176457135033402324e+01
4.682305546874999891e+02,-8.704175869161298351e+01
4.682308476562500346e+02,-8.964512611832363120e+01
4.682311406250000232e+02,-9.269971701717085466e+01
4.682314335937500118e+02,-1.030768655402785328e+02
4.682317265625000005e+02,-9.749632551000777880e+01
4.682320195312499891e+02,-9.183674319054766499e+01
4.682323125000000346e+02,-9.010219517365912623e+01
4.682326054687500232e+02,-9.844232459464987528e+01
4.682328984375000118e+02,-9.108489405546258411e+01
4.682331914062500005e+02,-9.203717009777817282e+01
4.682334843749999891e+02,-8.871779955415910024e+01
4.682337773437500346e+02,-9.112274531564308688e+01
4.682340703125000232e+02,-9.525727726903124903e+01
4.682343632812500118e+02,-9.429464103752894744e+01
4.682346562500000005e+02,-9.279837169677367115e+01
4.682349492187499891e+02,-9.523061861003878903e+01
4.682352421875000346e+02,-9.121207048941798234e+01
4.682355351562500232e+02,-8.988102260547339029e+01
4.682358281250000118e+02,-8.815984678549452269e+01
4.682361210937500005e+02,-8.952852612927424047e+01
4.682364140624999891e+02,-9.573801372451355007e+01
4.682367070312500346e+02,-1.014363261685198978e+02
4.682370000000000232e+02,-9.151488555223771471e+01
4.682372929687500118e+02,-9.852909407190581703e+01
4.682375859375000005e+02,-9.627830206110584754e+01
4.682378789062499891e+02,-9.199742720126302231e+01
4.682381718750000346e+02,-8.948209018191734287e+01
4.682384648437500232e+02,-1.029660113604859646e+02
4.682387578125000118e+02,-9.692079631085701408e+01
4.682390507812500005e+02,-9.036103774788132625e+01
4.682393437499999891e+02,-9.525878036831146289e+01
4.682396367187500346e+02,-8.897821966792457715e+01
4.682399296875000232e+02,-9.235088356869803761e+01
4.682402226562500118e+02,-1.001067860199282507e+02
4.682405156250000005e+02,-8.721440042364179135e+01
4.682408085937499891e+02,-8.851938313156928473e+01
4.682411015625000346e+02,-9.752625514642696203e+01
4.682413945312500232e+02,-9.099500631684237817e+01
4.682416875000000118e+02,-8.687336076317917843e+01
4.682419804687500005e+02,-8.999192266532597273e+01
4.682422734374999891e+02,-8.913758967004744704e+01
4.682425664062500346e+02,-9.525101777822894178e+01
4.682428593750000232e+02,-9.707613459755083340e+01
4.682431523437500118e+02,-9.593006149117337600e+01
4.682434453125000005e+02,-9.456350882381313738e+01
4.682437382812499891e+02,-9.293207677163130143e+01
4.682440312500000346e+02,-9.428297253591242111e+01
4.682443242187500232e+02,-9.648526199362194689e+01
4.682446171875000118e+02,-9.640490741468724423e+01
4.682449101562500005e+02,-9.070670749082458428e+01
4.682452031249999891e+02,-9.232806284547960729e+01
4.682454960937500346e+02,-9.700661378095176701e+01
4.682457890625000232e+02,-9.969954863709079973e+01
4.682460820312500118e+02,-9.623878528930349319e+01
4.682463750000000005e+02,-9.091084812245723867e+01
4.682466679687499891e+02,-9.148901104571612564e+01
4.682469609375000346e+02,-9.008667964940615036e+01
4.682472539062500232e+02,-9.109146001251217228e+01
4.682475468750000118e+02,-9.322510684286092442e+01
4.682478398437500005e+02,-8.997581752938370414e+01
4.682481328124999891e+02,-9.526875492396067102e+01
4.682484257812500346e+02,-9.612288548528525212e+01
4.682487187500000232e+02,-9.235788560315191376e+01
4.682490117187500118e+02,-9.008087824379327913e+01
4.682493046875000005e+02,-9.498991377935043090e+01
4.682495976562499891e+02,-8.648078899824955101e+01
4.682498906250000346e+02,-9.404805268475848834e+01
4.682501835937500232e+02,-9.604391089696243000e+01
4.682504765625000118e+02,-9.110986936322854035e+01
4.682507695312500005e+02,-9.319110842666381700e+01
4.682510624999999891e+02,-1.117095945601030138e+02
4.682513554687500346e+02,-9.025106407181633017e+01
4.682516484375000232e+02,-8.778022055236743881e+01
4.682519414062500118e+02,-8.999895722048691482e+01
4.682522343750000005e+02,-9.049224340409853085e+01
4.682525273437499891e+02,-1.096807530046089028e+02
4.682528203125000346e+02,-9.695276411441082587e+01
4.682531132812500232e+02,-9.950837752828553562e+01
4.682534062500000118e+02,-9.151451241240629031e+01
4.682536992187500005e+02,-8.829161640153512280e+01
4.682539921874999891e+02,-9.553956074256714714e+01
4.682542851562500346e+02,-9.852609836664628062e+01
4.682545781250000232e+02,-9.243097833297517241e+01
4.682548710937500118e+02,-9.735708753002023741e+01
4.682551640625000005e+02,-9.302126253571962877e+01
4.682554570312499891e+02,-9.593405803379522467e+01
4.682557500000000346e+02,-9.298190961714497860e+01
4.682560429687500232e+02,-9.453528299847057781e+01
4.682563359375000118e+02,-9.472846824755698947e+01
4.682566289062500005e+02,-9.253875189860795558e+01
4.682569218749999891e+02,-9.755115139508586708e+01
4.682572148437500346e+02,-9.428839298775180566e+01
4.682575078125000232e+02,-8.708833317758512749e+01
4.682578007812500118e+02,-8.720926883117961381e+01
4.682580937500000005e+02,-9.257509334558079672e+01
4.682583867187499891e+02,-9.421611478836686615e+01
4.682586796875000346e+02,-9.194034749692947628e+01
4.682589726562500232e+02,-8.759704956060480185e+01
4.682592656250000118e+02,-8.612909739894256234e+01
4.682595585937500005e+02,-9.328005627114528409e+01
4.682598515624999891e+02,-9.565426519312170228e+01
4.682601445312500346e+02,-9.014897123847813987e+01
4.682604375000000232e+02,-8.690507950246455948e+01
4.682607304687500118e+02,-8.641403387495213906e+01
4.682610234375000005e+02,-8.781287089026861281e+01
4.682613164062499891e+02,-9.153433565508977665e+01
4.682616093750000346e+02,-9.713523234733403910e+01
4.682619023437500232e+02,-9.576591916287030415e+01
4.682621953125000118e+02,-9.408067357777198936e+01
4.682624882812500005e+02,-1.106381313128409118e+02
4.682627812499999891e+02,-9.784431281997903795e+01
4.682630742187500346e+02,-1.246856888286723688e+02
4.682633671875000232e+02,-1.031843403790909406e+02
4.682636601562500118e+02,-9.829329783554926792e+01
4.682639531250000005e+02,-9.573714533506823443e+01
4.682642460937499891e+02,-9.261837112169665431e+01
4.682645390625000346e+02,-9.377212165189972382e+01
4.682648320312500232e+02,-8.658251999736486937e+01
4.682651250000000118e+02,-8.454479176394094964e+01
4.682654179687500005e+02,-9.071731758816289926e+01
4.682657109374999891e+02,-9.746175205668779995e+01
4.682660039062500346e+02,-9.072594388718185598e+01
4.682662968750000232e+02,-8.785467879089070209e+01
4.682665898437500118e+02,-8.622965366743935078e+01
4.682668828125000005e+02,-9.485679638882010067e+01
4.682671757812499891e+02,-9.165014553917629314e+01
4.682674687500000346e+02,-8.947424901880275172e+01
4.682677617187500232e+02,-1.033396186408448756e+02
4.682680546875000118e+02,-9.455651936699247528e+01
4.682683476562500005e+02,-9.357328555661085545e+01
4.682686406249999891e+02,-1.000601507440113096e+02
4.682689335937500346e+02,-9.890574714373346410e+01
4.682692265625000232e+02,-9.132684167221937344e+01
4.682695195312500118e+02,-9.021830388817016910e+01
4.682698125000000005e+02,-9.470103266121419949e+01
4.682701054687499891e+02,-8.763044659399608349e+01
4.682703984375000346e+02,-8.913931220772086306e+01
4.682706914062500232e+02,-9.622060167898526117e+01
4.682709843750000118e+02,-9.933768213320746554e+01
4.682712773437500005e+02,-9.209479121776510624e+01
4.682715703124999891e+02,-9.236263660950642418e+01
4.682718632812500346e+02,-9.176044661268764457e+01
4.682721562500000232e+02,-9.125367925836827965e+01
4.682724492187500118e+02,-8.981687113615252827e+01
4.682727421875000005e+02,-8.897906399374343778e+01
4.682730351562499891e+02,-9.164303050551801277e+01
4.682733281250000346e+02,-8.811999666502899231e+01
4.682736210937500232e+02,-8.753733186442703129e+01
4.682739140625000118e+02,-8.638475088893875409e+01
4.682742070312500005e+02,-8.448777145100410735e+01
4.682744999999999891e+02,-8.627098940735950805e+01
4.682747929687500346e+02,-1.047528255415519993e+02
4.682750859375000232e+02,-9.138325226940457924e+01
4.682753789062500118e+02,-9.230302993754750673e+01
4.682756718750000005e+02,-9.811309003506988802e+01
4.682759648437499891e+02,-9.056032157166319507e+01
4.682762578125000346e+02,-8.899195378089115138e+01
4.682765507812500232e+02,-8.751837203540630128e+01
4.682768437500000118e+02,-1.020145204986720557e+02
4.682771367187500005e+02,-9.288805552772527108e+01
4.682774296874999891e+02,-9.700742058908680576e+01
4.682777226562500346e+02,-9.249595775118102381e+01
4.682780156250000232e+02,-8.806818592967287884e+01
4.682783085937500118e+02,-8.525361266224726364e+01
4.682786015625000005e+02,-8.533225772573828749e+01
4.682788945312499891e+02,-9.067859653241286821e+01
4.682791875000000346e+02,-9.655326417674206141e+01
4.682794804687500232e+02,-9.226187589790954746e+01
4.682797734375000118e+02,-8.994780059999888522e+01
4.682800664062500005e+02,-9.388745413929751749e+01
4.682803593749999891e+02,-9.434275097728428250e+01
4.682806523437500346e+02,-9.115343062269212737e+01
4.682809453125000232e+02,-9.883663337682925487e+01
4.682812382812500118e+02,-9.123016234257283941e+01
4.682815312500000005e+02,-9.265067025384040278e+01
4.682818242187499891e+02,-9.328474885615750622e+01
4.682821171875000346e+02,-8.960062131571056909e+01
4.682824101562500232e+02,-8.921911687810282388e+01
4.682827031250000118e+02,-9.241592565637981238e+01
4.682829960937500005e+02,-8.933945487059102675e+01
4.682832890624999891e+02,-9.745717740739618762e+01
4.682835820312500346e+02,-1.141716744506014152e+02
4.682838750000000232e+02,-8.932238916883945024e+01
4.682841679687500118e+02,-8.589692701554295695e+01
4.682844609375000005e+02,-8.652612119117166856e+01
4.682847539062499891e+02,-8.857255803658743787e+01
4.682850468750000346e+02,-9.740832118723582767e+01
4.682853398437500232e+02,-9.410564907587983896e+01
4.682856328125000118e+02,-9.005576383788545058e+01
4.682859257812500005e+02,-8.847330604011992250e+01
4.682862187499999891e+02,-9.195055391017875479e+01
4.682865117187500346e+02,-9.690627495867903463e+01
4.682868046875000232e+02,-9.656323565691920408e+01
4.682870976562500118e+02,-9.394982403189870013e+01
4.682873906250000005e+02,-9.884004784370938523e+01
4.682876835937499891e+02,-9.650960301531439711e+01
4.682879765625000346e+02,-1.076903886538841846e+02
4.682882695312500232e+02,-9.130721931057563268e+01
4.682885625000000118e+02,-9.244496144208076771e+01
4.682888554687500005e+02,-9.490356268364377001e+01
4.682891484374999891e+02,-9.840940763774756306e+01
4.682894414062500346e+02,-9.532738850716373236e+01
4.682897343750000232e+02,-9.161879952759346679e+01
4.682900273437500118e+02,-1.019891461825496322e+02
4.682903203125000005e+02,-9.131875491579671689e+01
4.682906132812499891e+02,-9.148278365722988781e+01
4.682909062500000346e+02,-9.401261651755008586e+01
4.682911992187500232e+02,-9.632329906790377549e+01
4.682914921875000118e+02,-9.797891290134654696e+01
4.682917851562500005e+02,-9.100478374910332491e+01
4.682920781249999891e+02,-8.864510840160843941e+01
4.682923710937500346e+02,-9.220314503472647516e+01
4.682926640625000232e+02,-9.694617148803473583e+01
4.682929570312500118e+02,-9.918056979950650032e+01
4.682932500000000005e+02,-9.696083534171791030e+01
4.682935429687499891e+02,-9.658266118842547598e+01
4.682938359375000346e+02,-9.971121404049847570e+01
4.682941289062500232e+02,-1.014628765114134836e+02
4.682944218750000118e+02,-8.983464260978705340e+01
4.682947148437500005e+02,-9.146191407578284327e+01
4.682950078124999891e+02,-9.421224602037153772e+01
4.682953007812500346e+02,-9.310011340569026572e+01
4.682955937500000232e+02,-8.921973616438847898e+01
4.682958867187500118e+02,-8.989494049948703491e+01
4.682961796875000005e+02,-8.979617444089100786e+01
4.682964726562499891e+02,-8.723230600219724806e+01
4.682967656250000346e+02,-8.581754107986046165e+01
4.682970585937500232e+02,-8.603498861577348578e+01
4.682973515625000118e+02,-8.979825468923009169e+01
4.682976445312500005e+02,-9.175052798457585368e+01
4.682979374999999891e+02,-1.053306837743924831e+02
4.682982304687500346e+02,-1.004914432667667370e+02
4.682985234375000232e+02,-9.239117046551729118e+01
4.682988164062500118e+02,-9.339700418971401064e+01
4.682991093750000005e+02,-9.632420143086137898e+01
4.682994023437499891e+02,-9.270795731756165026e+01
4.682996953125000346e+02,-9.179486311359133310e+01
4.682999882812500232e+02,-9.382013074335131364e+01
4.683002812500000118e+02,-9.007653829881485308e+01
4.683005742187500005e+02,-1.005679516461972725e+02
4.683008671874999891e+02,-9.479262895362907670e+01
4.683011601562500346e+02,-1.026426570633830124e+02
4.683014531250000232e+02,-1.021079025873635544e+02
4.683017460937500118e+02,-1.003461051743737329e+02
4.683020390625000005e+02,-9.698964594536076333e+01
4.683023320312499891e+02,-8.877176931873249544e+01
4.683026250000000346e+02,-8.961524073460776663e+01
4.683029179687500232e+02,-8.797652626416159194e+01
4.683032109375000118e+02,-8.970511642556809306e+01
4.683035039062500005e+02,-9.288433834610914630e+01
4.683037968749999891e+02,-9.612035079644194013e+01
4.683040898437500346e+02,-9.681448253991706565e+01
4.683043828125000232e+02,-9.483391100644269045e+01
4.683046757812500118e+02,-9.599601846792293713e+01
4.683049687500000005e+02,-9.236022066290740895e+01
4.683052617187499891e+02,-9.202346290317505861e+01
4.683055546875000346e+02,-9.452074154420996877e+01
4.683058476562500232e+02,-9.797694299833835885e+01
4.683061406250000118e+02,-9.151419972883718401e+01
4.683064335937500005e+02,-9.671280338120041620e+01
4.683067265624999891e+02,-1.046660417722274161e+02
4.683070195312500346e+02,-9.134524579928290677e+01
4.683073125000000232e+02,-8.966153118750693807e+01
4.683076054687500118e+02,-8.722255873462967202e+01
4.683078984375000005e+02,-8.698749278913291505e+01
4.683081914062499891e+02,-9.035839419459414046e+01
4.683084843750000346e+02,-9.486619263972855265e+01
4.683087773437500232e+02,-9.486732508819861209e+01
4.683090703125000118e+02,-9.145288109255007214e+01
4.683093632812500005e+02,-9.602773667166971450e+01
4.683096562499999891e+02,-1.091510748754131868e+02
4.683099492187500346e+02,-1.107989874043060752e+02
4.683102421875000232e+02,-9.558193535440706512e+01
4.683105351562500118e+02,-9.375238852454253902e+01
4.683108281250000005e+02,-9.993145596650776952e+01
4.683111210937499891e+02,-9.660042422067030543e+01
4.683114140625000346e+02,-1.010175060367599684e+02
4.683117070312500232e+02,-9.920590816306464887e+01
4.683120000000000118e+02,-1.161085214088183193e+02
4.683122929687500005e+02,-9.227118950861839153e+01
4.683125859374999891e+02,-9.568536176153375550e+01
4.683128789062500346e+02,-9.009808338541340333e+01
4.683131718750000232e+02,-8.839966390069015745e+01
4.683134648437500118e+02,-8.502692553202294334e+01
4.683137578125000005e+02,-8.669696466070321605e+01
4.683140507812499891e+02,-8.792425979428335836e+01
4.683143437500000346e+02,-9.370234508667017792e+01
4.683146367187500232e+02,-9.684923996356840803e+01
4.683149296875000118e+02,-9.496220546760754644e+01
4.683152226562500005e+02,-9.328144887102109806e+01
4.683155156249999891e+02,-9.654154936568453138e+01
4.683158085937500346e+02,-9.334339781085269294e+01
4.683161015625000232e+02,-9.141586581090669483e+01
4.683163945312500118e+02,-8.918756030453742767e+01
4.683166875000000005e+02,-9.398449859022052522e+01
4.683169804687499891e+02,-9.278757971715974406e+01
4.683172734375000346e+02,-8.456588289977084116e+01
4.683175664062500232e+02,-8.688727898846468634e+01
4.683178593750000118e+02,-9.856268707406357521e+01
4.683181523437500005e+02,-9.209755848633926689e+01
4.683184453124999891e+02,-9.463669735028955188e+01
4.683187382812500346e+02,-9.075223736158895349e+01
4.683190312500000232e+02,-9.220531289749524717e+01
4.683193242187500118e+02,-9.014064302402660189e+01
4.683196171875000005e+02,-9.230576482979357422e+01
4.683199101562499891e+02,-1.050314060789799271e+02
4.683202031250000346e+02,-9.397298774271369837e+01
4.683204960937500232e+02,-9.801006328009776780e+01
4.683207890625000118e+02,-9.798895366501142234e+01
4.683210820312500005e+02,-9.105697000563749555e+01
4.683213749999999891e+02,-9.244165046001506880e+01
4.683216679687500346e+02,-1.137709722971641355e+02
4.683219609375000232e+02,-8.938797264912341234e+01
4.683222539062500118e+02,-8.506253386790363891e+01
4.683225468750000005e+02,-9.072987363166461705e+01
4.683228398437499891e+02,-9.048887870021110302e+01
4.683231328125000346e+02,-9.245244038436945289e+01
4.683234257812500232e+02,-9.725310840632913312e+01
4.683237187500000118e+02,-9.097230888330970799e+01
4.683240117187500005e+02,-9.301043648208556647e+01
4.683243046874999891e+02,-9.480163177401898622e+01
4.683245976562500346e+02,-1.034815165820521088e+02
4.683248906250000232e+02,-9.240299410323332552e+01
4.683251835937500118e+02,-9.203495502836281617e+01
4.683254765625000005e+02,-9.329129154277896419e+01
4.683257695312499891e+02,-1.038564340301760751e+02
4.683260625000000346e+02,-9.362667158506187093e+01
4.683263554687500232e+02,-9.429989438440591698e+01
4.683266484375000118e+02,-9.055093265934337410e+01
4.683269414062500005e+02,-8.827564310558145166e+01
4.683272343749999891e+02,-1.032957243649346992e+02
4.683275273437500346e+02,-1.068936618887228178e+02
4.683278203125000232e+02,-9.305917932891563282e+01
4.683281132812500118e+02,-9.271391585689001147e+01
4.683284062500000005e+02,-9.331458633104574574e+01
4.683286992187499891e+02,-9.007048992731655801e+01
4.683289921875000346e+02,-9.165035959097751572e+01
4.683292851562500232e+02,-9.568454083136300881e+01
4.683295781250000118e+02,-9.140452837963050570e+01
4.683298710937500005e+02,-9.835690153971879113e+01
4.683301640624999891e+02,-9.131839183179430108e+01
4.683304570312500346e+02,-9.396424493723039006e+01
4.683307500000000232e+02,-9.459170574035843515e+01
4.683310429687500118e+02,-9.260173984803762437e+01
4.683313359375000005e+02,-9.659249955308334279e+01
4.683316289062499891e+02,-9.030081715465293257e+01
4.683319218750000346e+02,-8.924251383397728432e+01
4.683322148437500232e+02,-9.014951881322394911e+01
4.683325078125000118e+02,-1.140937092919774898e+02
4.683328007812500005e+02,-8.722936717751125002e+01
4.683330937499999891e+02,-8.474337879316857425e+01
4.683333867187500346e+02,-8.972166548544694820e+01
4.683336796875000232e+02,-9.248696173998644099e+01
4.683339726562500118e+02,-9.424440327442056287e+01
4.683342656250000005e+02,-9.541619784671473781e+01
4.683345585937499891e+02,-9.036827775545106078e+01
4.683348515625000346e+02,-8.947139535470326166e+01
4.683351445312500232e+02,-9.753501725387906163e+01
4.683354375000000118e+02,-9.924156728640669201e+01
4.683357304687500005e+02,-1.013344079129182518e+02
4.683360234374999891e+02,-9.105405906217107770e+01
4.683363164062500346e+02,-9.462571250944456835e+01
4.683366093750000232e+02,-9.681648973122042889e+01
4.683369023437500118e+02,-9.041394629720365117e+01
4.683371953125000005e+02,-9.942902873328476687e+01
4.683374882812499891e+02,-9.328630512898782001e+01
4.683377812500000346e+02,-9.268080782970160669e+01
4.683380742187500232e+02,-9.405925446503850651e+01
4.683383671875000118e+02,-9.994627408373874289e+01
4.683386601562500005e+02,-1.007249247512110060e+02
4.683389531249999891e+02,-9.210623550193054143e+01
4.683392460937500346e+02,-8.757567751217059993e+01
4.683395390625000232e+02,-9.100117810980992772e+01
4.683398320312500118e+02,-1.005244220061365326e+02
4.683401250000000005e+02,-9.639480216312328764e+01
4.683404179687499891e+02,-1.187532297235649139e+02
4.683407109375000346e+02,-9.392051940721488279e+01
4.683410039062500232e+02,-9.280531342798778383e+01
4.683412968750000118e+02,-9.294079789578846373e+01
4.683415898437500005e+02,-9.370288798504633121e+01
4.683418828124999891e+02,-9.917039575386715455e+01
4.683421757812500346e+02,-9.640443270754960281e+01
4.683424687500000232e+02,-8.880686942891840374e+01
4.683427617187500118e+02,-9.003229649831700954e+01
4.683430546875000005e+02,-8.990785983382755830e+01
4.683433476562499891e+02,-9.317185887187940807e+01
4.683436406250000346e+02,-9.768661941535656013e+01
4.683439335937500232e+02,-8.726736639621590541e+01
4.683442265625000118e+02,-9.161777874796727872e+01
4.683445195312500005e+02,-1.002159460988587938e+02
4.683448124999999891e+02,-9.890291681745361529e+01
4.683451054687500346e+02,-9.150138941186634156e+01
4.683453984375000232e+02,-9.132337592605557575e+01
4.683456914062500118e+02,-9.439259130676066434e+01
4.683459843750000005e+02,-9.029014294986438927e+01
4.683462773437499891e+02,-8.850922141243066221e+01
4.683465703125000346e+02,-9.060173643803909727e+01
4.683468632812500232e+02,-9.344376786761759490e+01
4.683471562500000118e+02,-9.446625443657657684e+01
4.683474492187500005e+02,-9.369942415298919514e+01
4.683477421874999891e+02,-9.899216577911296611e+01
4.683480351562500346e+02,-1.008797079595747306e+02
4.683483281250000232e+02,-1.049841757761220862e+02
4.683486210937500118e+02,-9.569559840960255315e+01
4.683489140625000005e+02,-8.994597972641840045e+01
4.683492070312499891e+02,-9.168852826824364399e+01
4.683495000000000346e+02,-9.471017252238412709e+01
4.683497929687500232e+02,-1.033773015791010721e+02
4.683500859375000118e+02,-1.012489908487908394e+02
4.683503789062500005e+02,-9.447537510146587181e+01
4.683506718749999891e+02,-9.245886220530354649e+01
4.683509648437500346e+02,-1.037137607521857774e+02
4.683512578125000232e+02,-1.041541762682532379e+02
4.683515507812500118e+02,-9.860577394930626838e+01
4.683518437500000005e+02,-1.014628268367519297e+02
4.683521367187499891e+02,-9.906134991802244372e+01
4.683524296875000346e+02,-9.496223479973862425e+01
4.683527226562500232e+02,-9.137739888933282373e+01
4.683530156250000118e+02,-9.710291541185290498e+01
4.683533085937500005e+02,-9.938104267487004506e+01
4.683536015624999891e+02,-9.728296800215503026e+01
4.683538945312500346e+02,-9.569816618375897121e+01
4.683541875000000232e+02,-9.288045319220223917e+01
4.683544804687500118e+02,-9.214003524879885276e+01
4.683547734375000005e+02,-1.045307535409050246e+02
4.683550664062499891e+02,-9.864092928904752000e+01
4.683553593750000346e+02,-9.351438179331806566e+01
4.683556523437500232e+02,-9.074156368030544684e+01
4.683559453125000118e+02,-1.034644797236351508e+02
4.683562382812500005e+02,-1.028721307879384170e+02
4.683565312499999891e+02,-9.054685086396929705e+01
4.683568242187500346e+02,-8.984015486463260913e+01
4.683571171875000232e+02,-9.262639513344043962e+01
4.683574101562500118e+02,-1.044601812797046421e+02
4.683577031250000005e+02,-9.361676506797812181e+01
4.683579960937499891e+02,-8.644752318244454159e+01
4.683582890625000346e+02,-8.745036204392262391e+01
4.683585820312500232e+02,-8.769316972310724623e+01
4.683588750000000118e+02,-8.865612852259397414e+01
4.683591679687500005e+02,-9.240649134223149019e+01
4.683594609374999891e+02,-1.049781617882983937e+02
4.683597539062500346e+02,-1.065122565420445966e+02
4.683600468750000232e+02,-1.009824081434034184e+02
4.683603398437500118e+02,-9.091856238740204788e+01
4.683606328125000005e+02,-9.227305881182314806e+01
4.683609257812499891e+02,-9.772067362776044774e+01
4.683612187500000346e+02,-9.258949105605114482e+01
4.683615117187500232e+02,-9.700199528941860194e+01
4.683618046875000118e+02,-9.885915911917237509e+01
4.683620976562500005e+02,-9.092563466305422537e+01
4.683623906249999891e+02,-8.979484296220138617e+01
4.683626835937500346e+02,-1.016160161606369314e+02
4.683629765625000232e+02,-9.335526135960711258e+01
4.683632695312500118e+02,-9.568275817385230653e+01
4.683635625000000005e+02,-9.862996162527102229e+01
4.683638554687499891e+02,-9.486208421038702454e+01
4.683641484375000346e+02,-9.625795515153387782e+01
4.683644414062500232e+02,-9.651356949668868879e+01
4.683647343750000118e+02,-9.208377528127110168e+01
4.683650273437500005e+02,-9.479325838319991249e+01
4.683653203124999891e+02,-1.024266088880815317e+02
4.683656132812500346e+02,-1.054503685525914278e+02
4.683659062500000232e+02,-9.429800867080669491e+01
4.683661992187500118e+02,-9.712144240364250436e+01
4.683664921875000005e+02,-9.600544795001022180e+01
4.683667851562499891e+02,-9.633825846916963087e+01
4.683670781250000346e+02,-9.352808361110056978e+01
4.683673710937500232e+02,-9.503921754406425748e+01
4.683676640625000118e+02,-9.477993657759716939e+01
4.683679570312500005e+02,-9.248506037448989048e+01
4.683682499999999891e+02,-9.708420988249909556e+01
4.683685429687500346e+02,-9.984246932077438430e+01
4.683688359375000232e+02,-9.327241795960401305e+01
4.683691289062500118e+02,-9.548139433071666815e+01
4.683694218750000005e+02,-9.031308816480893142e+01
4.683697148437499891e+02,-9.285267584046793843e+01
4.683700078125000346e+02,-9.958412919325452606e+01
4.683703007812500232e+02,-1.091662634253496691e+02
4.683705937500000118e+02,-1.038151532548075551e+02
4.683708867187500005e+02,-1.064380586456526032e+02
4.683711796874999891e+02,-9.571680790746462719e+01
4.683714726562500346e+02,-9.319855940187369470e+01
4.683717656250000232e+02,-9.607470446956079968e+01
4.683720585937500118e+02,-9.920510974095309109e+01
4.683723515625000005e+02,-1.034617104102865426e+02
4.683726445312499891e+02,-9.703902889109249941e+01
4.683729375000000346e+02,-1.038103490972532086e+02
4.683732304687500232e+02,-1.074829967771336356e+02
4.683735234375000118e+02,-9.973941361460630617e+01
4.683738164062500005e+02,-9.583470926101618659e+01
4.683741093749999891e+02,-9.952147403289816907e+01
4.683744023437500346e+02,-1.068992771228811733e+02
4.683746953125000232e+02,-9.335911895498253443e+01
4.683749882812500118e+02,-9.738936591844058910e+01
4.683752812500000005e+02,-1.020321174716062558e+02
4.683755742187499891e+02,-1.010646467608986541e+02
4.683758671875000346e+02,-9.790063863575659298e+01
4.683761601562500232e+02,-9.656440027527808923e+01
4.683764531250000118e+02,-1.040600820164708580e+02
4.683767460937500005e+02,-9.766600778196576016e+01
4.683770390624999891e+02,-1.019455804056021151e+02
4.683773320312500346e+02,-1.099903380555082606e+02
4.683776250000000232e+02,-9.330599580222595080e+01
4.683779179687500118e+02,-9.758358757847477705e+01
4.683782109375000005e+02,-1.071353467645996034e+02
4.683785039062499891e+02,-9.914242936620570390e+01
4.683787968750000346e+02,-9.659028920715695676e+01
4.683790898437500232e+02,-9.585876492705648388e+01
4.683793828125000118e+02,-9.344114929956407423e+01
4.683796757812500005e+02,-9.580181612552665626e+01
4.683799687499999891e+02,-9.802583942912734472e+01
4.683802617187500346e+02,-9.681080195055938020e+01
4.683805546875000232e+02,-9.716277083454880881e+01
4.683808476562500118e+02,-9.805706115589242700e+01
4.683811406250000005e+02,-9.058814773893929839e+01
4.683814335937499891e+02,-9.303991943810314069e+01
4.683817265625000346e+02,-9.478773123262942590e+01
4.683820195312500232e+02,-8.934577310946016837e+01
4.683823125000000118e+02,-1.098189169064578294e+02
4.683826054687500005e+02,-9.822123776910902393e+01
4.683828984374999891e+02,-1.037677587472126248e+02
4.683831914062500346e+02,-9.519794643523715649e+01
4.683834843750000232e+02,-9.068647897384661860e+01
4.683837773437500118e+02,-9.260265416994316467e+01
4.683840703125000005e+02,-9.967363602561485436e+01
4.683843632812499891e+02,-9.845728843713347089e+01
4.683846562500000346e+02,-9.663441148042539908e+01
4.683849492187500232e+02,-1.065324204864896984e+02
4.683852421875000118e+02,-8.929303413857070382e+01
4.683855351562500005e+02,-9.272971501973985653e+01
4.683858281249999891e+02,-1.097020876793370689e+02
4.683861210937500346e+02,-1.008022109491288916e+02
4.683864140625000232e+02,-1.013657556442957599e+02
4.683867070312500118e+02,-9.246139480971719138e+01
4.683870000000000005e+02,-1.039071180887466141e+02
4.683872929687499891e+02,-9.540544999038645813e+01
4.683875859375000346e+02,-9.726519882636695513e+01
4.683878789062500232e+02,-1.117189104789299563e+02
4.683881718750000118e+02,-9.298891192665851690e+01
4.683884648437500005e+02,-9.571471949263754198e+01
4.683887578124999891e+02,-9.199688124080080343e+01
4.683890507812500346e+02,-9.204499729736795643e+01
4.683893437500000232e+02,-8.993051211562709568e+01
4.683896367187500118e+02,-9.361938791803061122e+01
4.683899296875000005e+02,-9.985018495149736850e+01
4.683902226562499891e+02,-9.560416948214628974e+01
4.683905156250000346e+02,-1.035535530670777291e+02
4.683908085937500232e+02,-9.456073127529680278e+01
4.683911015625000118e+02,-1.008644031845091860e+02
4.683913945312500005e+02,-1.002191687440477210e+02
4.683916874999999891e+02,-1.128208669488798819e+02
4.683919804687500346e+02,-9.494382409931715472e+01
4.683922734375000232e+02,-9.250078510662567055e+01
4.683925664062500118e+02,-9.073778839666418605e+01
4.683928593750000005e+02,-1.013131954855804793e+02
4.683931523437499891e+02,-9.863100223571737502e+01
4.683934453125000346e+02,-9.948122761143879700e+01
4.683937382812500232e+02,-9.704003734870758535e+01
4.683940312500000118e+02,-9.866579270540401581e+01
4.683943242187500005e+02,-9.557250034876167888e+01
4.683946171874999891e+02,-9.662641847183260779e+01
4.683949101562500346e+02,-9.717480384803364757e+01
4.683952031250000232e+02,-9.354648443683115033e+01
4.683954960937500118e+02,-9.313993901986623314e+01
4.683957890625000005e+02,-9.052637652647085531e+01
4.683960820312499891e+02,-9.330379129302960450e+01
4.683963750000000346e+02,-1.083025663858386025e+02
4.683966679687500232e+02,-9.841746999344499613e+01
4.683969609375000118e+02,-1.006965440552278324e+02
4.683972539062500005e+02,-1.034918217900936099e+02
4.683975468749999891e+02,-1.001370849992810150e+02
4.683978398437500346e+02,-9.826458429514511295e+01
4.683981328125000232e+02,-9.155058877177057752e+01
4.683984257812500118e+02,-9.211839926997657813e+01
4.683987187500000005e+02,-8.983793533754561622e+01
4.683990117187499891e+02,-8.822654753307122633e+01
4.683993046875000346e+02,-9.481225340296424520e+01
4.683995976562500232e+02,-9.771550218198777316e+01
4.683998906250000118e+02,-8.861086273019131454e+01
4.684001835937500005e+02,-9.026470811909433678e+01
4.684004765624999891e+02,-9.848004451216020527e+01
4.684007695312500346e+02,-8.903874031971467673e+01
4.684010625000000232e+02,-8.719075717284633242e+01
4.684013554687500118e+02,-8.960107899361874217e+01
4.684016484375000005e+02,-9.332947468676366043e+01
4.684019414062499891e+02,-9.048420763267181144e+01
4.684022343750000346e+02,-8.872856286833156503e+01
4.684025273437500232e+02,-8.755890549358531416e+01
4.684028203125000118e+02,-9.221738029943867332e+01
4.684031132812500005e+02,-9.346428955897937385e+01
4.684034062499999891e+02,-8.980053919365595050e+01
4.684036992187500346e+02,-9.007345923945587174e+01
4.684039921875000232e+02,-1.008668844654915233e+02
4.684042851562500118e+02,-9.456303293212428684e+01
4.684045781250000005e+02,-9.486825658127406768e+01
4.684048710937499891e+02,-8.878279270937595413e+01
4.684051640625000346e+02,-9.034742596724441910e+01
4.684054570312500232e+02,-1.035515292525517594e+02
4.684057500000000118e+02,-1.024426600525089270e+02
4.684060429687500005e+02,-9.429324562549058442e+01
4.684063359374999891e+02,-9.343071624045258261e+01
4.684066289062500346e+02,-9.062269941999764455e+01
4.684069218750000232e+02,-9.271021554054388503e+01
4.684072148437500118e+02,-9.841418767090344488e+01
4.684075078125000005e+02,-8.992196934721432910e+01
4.684078007812499891e+02,-8.922333609242330965e+01
4.684080937500000346e+02,-9.966606450405510031e+01
4.684083867187500232e+02,-8.953331274298844278e+01
4.684086796875000118e+02,-9.200035382455979516e+01
4.684089726562500005e+02,-9.702948172607224819e+01
4.684092656249999891e+02,-9.635072668204314539e+01
4.684095585937500346e+02,-9.178105280878526173e+01
4.684098515625000232e+02,-9.185647060501449346e+01
4.684101445312500118e+02,-1.079609892050235942e+02
4.684104375000000005e+02,-1.024389975545223308e+02
4.684107304687499891e+02,-1.061484653681430927e+02
4.684110234375000346e+02,-9.391735944515130541e+01
4.684113164062500232e+02,-1.001240890786012869e+02
4.684116093750000118e+02,-9.264071650609552933e+01
4.684119023437500005e+02,-9.109578064606569114e+01
4.684121953124999891e+02,-9.431741810122842651e+01
4.684124882812500346e+02,-9.666529988016576169e+01
4.684127812500000232e+02,-1.190855343193629068e+02
4.684130742187500118e+02,-9.988291390384767965e+01
4.684133671875000005e+02,-9.229320893195122721e+01
4.684136601562499891e+02,-8.919173252379329142e+01
4.684139531250000346e+02,-9.460584235385556440e+01
4.684142460937500232e+02,-9.682072387818442394e+01
4.684145390625000118e+02,-9.408799620696937893e+01
4.684148320312500005e+02,-9.509590020215745199e+01
4.684151249999999891e+02,-9.981939341783409247e+01
4.684154179687500346e+02,-9.160124449564499116e+01
4.684157109375000232e+02,-9.938015213172906215e+01
4.684160039062500118e+02,-9.427978016868847533e+01
4.684162968750000005e+02,-1.001264564332675064e+02
4.684165898437499891e+02,-9.713021363459553470e+01
4.684168828125000346e+02,-9.950305844879522965e+01
4.684171757812500232e+02,-9.805471323295270736e+01
4.684174687500000118e+02,-8.868139398331641132e+01
4.684177617187500005e+02,-9.249150223206208921e+01
4.684180546874999891e+02,-9.356073824327157240e+01
4.684183476562500346e+02,-9.692447564412907468e+01
4.684186406250000232e+02,-9.637061210504236897e+01
4.684189335937500118e+02,-9.388760376102845839e+01
4.684192265625000005e+02,-9.217082444675300223e+01
4.684195195312499891e+02,-9.301153391355435929e+01
4.684198125000000346e+02,-1.046420833194287070e+02
4.684201054687500232e+02,-9.585095917293966750e+01
4.684203984375000118e+02,-1.049712388323099646e+02
4.684206914062500005e+02,-1.057975121773215221e+02
4.684209843749999891e+02,-1.058559489597004557e+02
4.684212773437500346e+02,-1.056061319699028900e+02
4.684215703125000232e+02,-9.075489440046612799e+01
4.684218632812500118e+02,-8.816037396239440227e+01
4.684221562500000005e+02,-9.495126492675350960e+01
4.684224492187499891e+02,-9.653729459589561657e+01
4.684227421875000346e+02,-9.956902284149656168e+01
4.684230351562500232e+02,-8.974885221777094557e+01
4.684233281250000118e+02,-8.745151268502132780e+01
4.684236210937500005e+02,-8.897833347992344954e+01
4.684239140624999891e+02,-9.040271965938785570e+01
4.684242070312500346e+02,-1.000926868503609199e+02
4.684245000000000232e+02,-9.630732625646727740e+01
4.684247929687500118e+02,-9.666639059131281897e+01
4.684250859375000005e+02,-9.189430687425249289e+01
4.684253789062499891e+02,-9.058719309723345248e+01
4.684256718750000346e+02,-9.110426308657004313e+01
4.684259648437500232e+02,-8.856024432420149139e+01
4.684262578125000118e+02,-8.735906656083119515e+01
4.684265507812500005e+02,-9.729200225940958546e+01
4.684268437499999891e+02,-9.714374886259233222e+01
4.684271367187500346e+02,-1.001351043761032003e+02
4.684274296875000232e+02,-9.503826479436708041e+01
4.684277226562500118e+02,-9.380807386842460005e+01
4.684280156250000005e+02,-9.564463507628235561e+01
4.684283085937499891e+02,-1.022696528611916165e+02
4.684286015625000346e+02,-1.063259946159498952e+02
4.684288945312500232e+02,-9.547152520628186778e+01
4.684291875000000118e+02,-1.001362442087985585e+02
4.684294804687500005e+02,-9.725592001437846079e+01
4.684297734374999891e+02,-9.054360212726129475e+01
4.684300664062500346e+02,-9.025131486834105488e+01
4.684303593750000232e+02,-9.527154827931693148e+01
4.684306523437500118e+02,-9.689825800621380836e+01
4.684309453125000005e+02,-9.960324176475381819e+01
4.684312382812499891e+02,-9.093422890984132323e+01
4.684315312500000346e+02,-8.637106915171948174e+01
4.684318242187500232e+02,-9.416101810501442060e+01
4.684321171875000118e+02,-9.539854942419324857e+01
4.684324101562500005e+02,-9.103101244502639133e+01
4.684327031249999891e+02,-9.998695753667431063e+01
4.684329960937500346e+02,-9.155150005026401061e+01
4.684332890625000232e+02,-9.514661456426217967e+01
4.684335820312500118e+02,-9.577606965998442945e+01
4.684338750000000005e+02,-9.447858417555087840e+01
4.684341679687499891e+02,-9.399810083690783813e+01
4.684344609375000346e+02,-9.792251372080640692e+01
4.684347539062500232e+02,-9.304494113593426619e+01
4.684350468750000118e+02,-9.356765100638639865e+01
4.684353398437500005e+02,-1.014416461413007795e+02
4.684356328124999891e+02,-9.634392172890009931e+01
4.684359257812500346e+02,-1.031470458413934352e+02
4.684362187500000232e+02,-9.558482614760256979e+01
4.684365117187500118e+02,-9.844088674733264099e+01
4.684368046875000005e+02,-9.462162239848248646e+01
4.684370976562499891e+02,-1.003753112907063070e+02
4.684373906250000346e+02,-1.062242695969267174e+02
4.684376835937500232e+02,-9.592923746618679104e+01
4.684379765625000118e+02,-9.630626647760789183e+01
4.684382695312500005e+02,-9.739308969202335220e+01
4.684385624999999891e+02,-9.539860865242688703e+01
4.684388554687500346e+02,-9.345434722754062307e+01
4.684391484375000232e+02,-9.316218478881621934e+01
4.684394414062500118e+02,-9.536729709022461066e+01
4.684397343750000005e+02,-1.020554035715501016e+02
4.684400273437499891e+02,-1.037171678281792566e+02
4.684403203125000346e+02,-1.013399247283772553e+02
4.684406132812500232e+02,-1.010641787275612415e+02
4.684409062500000118e+02,-9.970752131082659275e+01
4.684411992187500005e+02,-9.267732108336035424e+01
4.684414921874999891e+02,-1.002763429396375727e+02
4.684417851562500346e+02,-9.988814393783725620e+01
4.684420781250000232e+02,-9.695854104651736804e+01
4.684423710937500118e+02,-9.255868278125302595e+01
4.684426640625000005e+02,-9.786432040931916276e+01
4.684429570312499891e+02,-9.569631791099313034e+01
4.684432500000000346e+02,-9.901155528690711094e+01
4.684435429687500232e+02,-9.878646791378166370e+01
4.684438359375000118e+02,-8.887255038501902504e+01
4.684441289062500005e+02,-8.895621931114703784e+01
4.684444218749999891e+02,-9.886884172290095307e+01
4.684447148437500346e+02,-9.875768654107965006e+01
4.684450078125000232e+02,-1.015487100425632434e+02
4.684453007812500118e+02,-9.328694477212985703e+01
4.684455937500000005e+02,-1.000406396018883157e+02
4.684458867187499891e+02,-9.795931098518408930e+01
4.684461796875000346e+02,-9.410725475490048098e+01
4.684464726562500232e+02,-9.306158057691018826e+01
4.684467656250000118e+02,-1.103146926744570635e+02
4.684470585937500005e+02,-9.406102533865556836e+01
4.684473515624999891e+02,-9.515196022070101378e+01
4.684476445312500346e+02,-1.046765208931950326e+02
4.684479375000000232e+02,-1.034270732923917393e+02
4.684482304687500118e+02,-9.888189300783130875e+01
4.684485234375000005e+02,-1.011977938294669599e+02
4.684488164062499891e+02,-1.008694292829928258e+02
4.684491093750000346e+02,-9.219281119649197365e+01
4.684494023437500232e+02,-9.003028456282747527e+01
4.684496953125000118e+02,-9.582562806717199066e+01
4.684499882812500005e+02,-9.492649813005937176e+01
4.684502812499999891e+02,-9.704941614816384288e+01
4.684505742187500346e+02,-9.907134483053491181e+01
4.684508671875000232e+02,-1.032967148381161735e+02
4.684511601562500118e+02,-9.171901297962678257e+01
4.684514531250000005e+02,-9.236935116900630760e+01
4.684517460937499891e+02,-9.129282348262935898e+01
4.684520390625000346e+02,-9.868150230755588836e+01
4.684523320312500232e+02,-1.018744370653039937e+02
4.684526250000000118e+02,-8.982067593180273946e+01
4.684529179687500005e+02,-9.517701692238011901e+01
4.684532109374999891e+02,-9.551863192997399210e+01
4.684535039062500346e+02,-9.528287258219721423e+01
4.684537968750000232e+02,-1.041730588467885354e+02
4.684540898437500118e+02,-9.717778942110510343e+01
4.684543828125000005e+02,-9.227702512490715492e+01
4.684546757812499891e+02,-8.928723404444640721e+01
4.684549687500000346e+02,-9.082671726254108080e+01
4.684552617187500232e+02,-9.290992679928534415e+01
4.684555546875000118e+02,-9.423029015581337831e+01
4.684558476562500005e+02,-1.009302065556833981e+02
4.684561406249999891e+02,-9.421512092326560150e+01
4.684564335937500346e+02,-1.014742324835812468e+02
4.684567265625000232e+02,-1.023723807713984826e+02
4.684570195312500118e+02,-1.186067338514229448e+02
4.684573125000000005e+02,-9.727008399977259501e+01
4.684576054687499891e+02,-9.470627521450944641e+01
4.684578984375000346e+02,-1.043400896626630328e+02
4.684581914062500232e+02,-9.427651586212094514e+01
4.684584843750000118e+02,-1.015880546996956753e+02
4.684587773437500005e+02,-9.184760665962740234e+01
4.684590703124999891e+02,-1.038051221985726045e+02
4.684593632812500346e+02,-9.316973930072977339e+01
4.684596562500000232e+02,-1.047743728704322450e+02
4.684599492187500118e+02,-1.060210212534424414e+02
4.684602421875000005e+02,-1.017539111362759598e+02
4.684605351562499891e+02,-1.075206362343821098e+02
4.684608281250000346e+02,-9.498297826118987075e+01
4.684611210937500232e+02,-9.258101440351218514e+01
4.684614140625000118e+02,-1.006420661332806930e+02
4.684617070312500005e+02,-9.288579358761955973e+01
4.684619999999999891e+02,-9.381512811630514648e+01
4.684622929687500346e+02,-9.168740119799861077e+01
4.684625859375000232e+02,-1.026526639103209959e+02
4.684628789062500118e+02,-1.008879840711127116e+02
4.684631718750000005e+02,-9.589205146576226468e+01
4.684634648437499891e+02,-9.113170642222814877e+01
4.684637578125000346e+02,-1.025350880126840138e+02
4.684640507812500232e+02,-9.645159713813795577e+01
4.684643437500000118e+02,-1.007369091319521885e+02
4.684646367187500005e+02,-1.029589168995869386e+02
4.684649296874999891e+02,-9.621188903074786936e+01
4.684652226562500346e+02,-9.947530430639861265e+01
4.684655156250000232e+02,-1.024791672180018622e+02
4.684658085937500118e+02,-9.807559256230065614e+01
4.684661015625000005e+02,-9.386056433008209865e+01
4.684663945312499891e+02,-9.120426493679644864e+01
4.684666875000000346e+02,-9.044845722097588236e+01
4.684669804687500232e+02,-1.043303517745135593e+02
4.684672734375000118e+02,-9.722495203281427223e+01
4.684675664062500005e+02,-9.622850494779098085e+01
4.684678593749999891e+02,-9.160843644668788954e+01
4.684681523437500346e+02,-9.408897194647595086e+01
4.684684453125000232e+02,-1.034410719094709350e+02
4.684687382812500118e+02,-9.711854506275891197e+01
4.684690312500000005e+02,-9.577448433744896761e+01
4.684693242187499891e+02,-9.216411174772429149e+01
4.684696171875000346e+02,-9.144984418303245377e+01
4.684699101562500232e+02,-1.071056389300212999e+02
4.684702031250000118e+02,-1.132668864490003244e+02
4.684704960937500005e+02,-9.927533588168498113e+01
4.684707890624999891e+02,-9.745562769534220138e+01
4.684710820312500346e+02,-1.020158380025588372e+02
4.684713750000000232e+02,-9.410410969819417915e+01
4.684716679687500118e+02,-9.115070304572485327e+01
4.684719609375000005e+02,-9.711144080852304228e+01
4.684722539062499891e+02,-8.978047605421090793e+01
4.684725468750000346e+02,-9.147381487194184047e+01
4.684728398437500232e+02,-1.055295713166820661e+02
4.684731328125000118e+02,-9.832187325477478623e+01
4.684734257812500005e+02,-1.048991435927073326e+02
4.684737187499999891e+02,-9.711798845692695181e+01
4.684740117187500346e+02,-9.393321605739707536e+01
4.684743046875000232e+02,-9.601273465233114734e+01
4.684745976562500118e+02,-9.074862473305763899e+01
4.684748906250000005e+02,-9.209088100495702633e+01
4.684751835937499891e+02,-9.309633330723796973e+01
4.684754765625000346e+02,-9.761404076547036368e+01
4.684757695312500232e+02,-9.807008531795798945e+01
4.684760625000000118e+02,-1.020973706793201785e+02
4.684763554687500005e+02,-1.068125525520581931e+02
4.684766484374999891e+02,-1.115728875847941168e+02
4.684769414062500346e+02,-1.003982084024634673e+02
4.684772343750000232e+02,-9.235684957625321090e+01
4.684775273437500118e+02,-9.620333344844613066e+01
4.684778203125000005e+02,-9.372871509021179293e+01
4.684781132812499891e+02,-9.886448443646109752e+01
4.684784062500000346e+02,-9.269119611995451180e+01
4.684786992187500232e+02,-1.027420601022220268e+02
4.684789921875000118e+02,-1.070314489972718945e+02
4.684792851562500005e+02,-1.016032947788560250e+02
4.684795781249999891e+02,-9.810029196512499539e+01
4.684798710937500346e+02,-8.907237202621715255e+01
4.684801640625000232e+02,-9.358879995922080752e+01
4.684804570312500118e+02,-9.758214665819050992e+01
4.684807500000000005e+02,-9.429549136371404927e+01
4.684810429687499891e+02,-9.324500187643235449e+01
4.684813359375000346e+02,-9.719656847836378688e+01
4.684816289062500232e+02,-1.051936388517943612e+02
4.684819218750000118e+02,-8.970977246092245139e+01
4.684822148437500005e+02,-9.005708845178077127e+01
4.684825078124999891e+02,-9.792084283931203004e+01
4.684828007812500346e+02,-8.912063204669107108e+01
4.684830937500000232e+02,-9.023751549362062008e+01
4.684833867187500118e+02,-9.805468773604968646e+01
4.684836796875000005e+02,-9.698848175287744766e+01
4.684839726562499891e+02,-9.083984141060412298e+01
4.684842656250000346e+02,-9.383622595666378174e+01
4.684845585937500232e+02,-9.941562742500744321e+01
4.684848515625000118e+02,-1.007414352873029486e+02
4.684851445312500005e+02,-9.586991106082111003e+01
4.684854374999999891e+02,-1.066381298249589094e+02
4.684857304687500346e+02,-1.002263702308629263e+02
4.684860234375000232e+02,-9.722129182874925846e+01
4.684863164062500118e+02,-9.150180452030861034e+01
4.684866093750000005e+02,-9.316267747139286826e+01
4.684869023437499891e+02,-9.300052242941333702e+01
4.684871953125000346e+02,-9.402706167639790635e+01
4.684874882812500232e+02,-9.280000747823224572e+01
4.684877812500000118e+02,-1.032211723658120377e+02
4.684880742187500005e+02,-1.009840610751845702e+02
4.684883671874999891e+02,-9.909284717822842481e+01
4.684886601562500346e+02,-9.276194696669679729e+01
4.684889531250000232e+02,-9.429176471007974669e+01
4.684892460937500118e+02,-9.886859778260132714e+01
4.684895390625000005e+02,-1.015642304713368418e+02
4.684898320312499891e+02,-8.950387224849194467e+01
4.684901250000000346e+02,-9.671923592428024108e+01
4.684904179687500232e+02,-1.006491383108688922e+02
4.684907109375000118e+02,-9.841263942857956692e+01
4.684910039062500005e+02,-9.620158747587612424e+01
4.684912968749999891e+02,-1.174474198837604888e+02
4.684915898437500346e+02,-9.874397454323215584e+01
4.684918828125000232e+02,-9.934938134693547340e+01
4.684921757812500118e+02,-1.068632985054442770e+02
4.684924687500000005e+02,-9.728277105240161404e+01
4.684927617187499891e+02,-1.017976962229899840e+02
4.684930546875000346e+02,-1.024093313798452840e+02
4.684933476562500232e+02,-9.897331949924827654e+01
4.684936406250000118e+02,-9.185336469752235189e+01
4.684939335937500005e+02,-9.261940387394263041e+01
4.684942265624999891e+02,-1.188013042468250262e+02
4.684945195312500346e+02,-9.345597833700323065e+01
4.684948125000000232e+02,-9.392227593868358326e+01
4.684951054687500118e+02,-1.035408025423822806e+02
4.684953984375000005e+02,-9.594988319254107978e+01
4.684956914062499891e+02,-9.805865038480368412e+01
4.684959843750000346e+02,-9.831244976514324208e+01
4.684962773437500232e+02,-9.933188848041143615e+01
4.684965703125000118e+02,-9.984838112669096688e+01
4.684968632812500005e+02,-9.377835934937841955e+01
4.684971562499999891e+02,-9.739207155769713609e+01
4.684974492187500346e+02,-9.327299761972219017e+01
4.684977421875000232e+02,-9.103947850510742512e+01
4.684980351562500118e+02,-9.384644260459842258e+01
4.684983281250000005e+02,-1.016744763930545332e+02
4.684986210937499891e+02,-1.102546319808861881e+02
4.684989140625000346e+02,-1.004513661481259135e+02
4.684992070312500232e+02,-9.629259115500219934e+01
4.684995000000000118e+02,-9.383239504411299947e+01
4.684997929687500005e+02,-9.437897488673627322e+01
4.685000859374999891e+02,-9.374412943593415548e+01
4.685003789062500346e+02,-9.431075870704688668e+01
4.685006718750000232e+02,-9.479160930138860408e+01
4.685009648437500118e+02,-9.256342086188735152e+01
4.685012578125000005e+02,-9.289364738324766790e+01
4.685015507812499891e+02,-9.829696973943433136e+01
4.685018437500000346e+02,-9.011160595044317745e+01
4.685021367187500232e+02,-9.692293860981487796e+01
4.685024296875000118e+02,-9.693859935336763556e+01
4.685027226562500005e+02,-9.789650911971864389e+01
4.685030156249999891e+02,-9.703490095343008193e+01
4.685033085937500346e+02,-9.290703886949465584e+01
4.685036015625000232e+02,-9.799165279863512978e+01
4.685038945312500118e+02,-9.744073229663717939e+01
4.685041875000000005e+02,-1.065257738509137653e+02
4.685044804687499891e+02,-1.061036803958799908e+02
4.685047734375000346e+02,-9.776019733031347414e+01
4.685050664062500232e+02,-9.406212207718752438e+01
4.685053593750000118e+02,-9.385119027635636257e+01
4.685056523437500005e+02,-9.827699737312714490e+01
4.685059453124999891e+02,-1.053097415697302210e+02
4.685062382812500346e+02,-9.454134759202865723e+01
4.685065312500000232e+02,-9.247079914608241324e+01
4.685068242187500118e+02,-9.181931803297418071e+01
4.685071171875000005e+02,-9.559911737884490890e+01
4.685074101562499891e+02,-9.897310775315659725e+01
4.685077031250000346e+02,-9.615517391539628989e+01
4.685079960937500232e+02,-1.008640733127751048e+02
4.685082890625000118e+02,-9.608087575272215020e+01
4.685085820312500005e+02,-9.410549797032342667e+01
4.685088749999999891e+02,-9.574140435539172245e+01
4.685091679687500346e+02,-9.761958812764888194e+01
4.685094609375000232e+02,-9.815504722779165547e+01
4.685097539062500118e+02,-1.044511585149608095e+02
4.685100468750000005e+02,-9.615104724450091567e+01
4.685103398437499891e+02,-9.968724420678454123e+01
4.685106328125000346e+02,-9.955479000392958255e+01
4.685109257812500232e+02,-9.981095484901429415e+01
4.685112187500000118e+02,-1.045980367856540596e+02
4.685115117187500005e+02,-9.771790197253375254e+01
4.685118046874999891e+02,-1.004393841797965905e+02
4.685120976562500346e+02,-9.522740690245898065e+01
4.685123906250000232e+02,-9.710533955561200514e+01
4.685126835937500118e+02,-9.741502287136079019e+01
4.685129765625000005e+02,-9.258759291511181289e+01
4.685132695312499891e+02,-9.459558966004918545e+01
4.685135625000000346e+02,-9.682128932844952374e+01
4.685138554687500232e+02,-1.018141549871709231e+02
4.685141484375000118e+02,-1.118573349603819054e+02
4.685144414062500005e+02,-9.894563711066678025e+01
4.685147343749999891e+02,-9.654834047191110358e+01
4.685150273437500346e+02,-9.606830096792025131e+01
4.685153203125000232e+02,-9.522357276279329596e+01
4.685156132812500118e+02,-9.379069835587218051e+01
4.685159062500000005e+02,-1.024432387861476315e+02
4.685161992187499891e+02,-1.083829415019683893e+02
4.685164921875000346e+02,-1.123946623671394889e+02
4.685167851562500232e+02,-9.333621044758261576e+01
4.685170781250000118e+02,-1.000190882251998659e+02
4.685173710937500005e+02,-9.442609554892680990e+01
4.685176640624999891e+02,-9.321920926925118067e+01
4.685179570312500346e+02,-9.561355482143980566e+01
4.685182500000000232e+02,-9.620891008579994264e+01
4.685185429687500118e+02,-9.497965361671242590e+01
4.685188359375000005e+02,-9.941762005794765855e+01
4.685191289062499891e+02,-1.007267038627006173e+02
4.685194218750000346e+02,-9.614920082177705751e+01
4.685197148437500232e+02,-9.325610247018101973e+01
4.685200078125000118e+02,-9.776727550432647718e+01
4.685203007812500005e+02,-9.389648035013496497e+01
4.685205937499999891e+02,-9.093618144091799138e+01
4.685208867187500346e+02,-9.366245392976695427e+01
4.685211796875000232e+02,-9.979137202279764551e+01
4.685214726562500118e+02,-1.000482071913591398e+02
4.685217656250000005e+02,-1.013880066293673110e+02
4.685220585937499891e+02,-1.127663670070432715e+02
4.685223515625000346e+02,-1.137629750672899149e+02
4.685226445312500232e+02,-9.604062575446759809e+01
4.685229375000000118e+02,-9.411277269430806314e+01
4.685232304687500005e+02,-1.230775463620793317e+02
4.685235234374999891e+02,-1.019349099805633614e+02
4.685238164062500346e+02,-9.154370002269575934e+01
4.685241093750000232e+02,-9.230631166444948121e+01
4.685244023437500118e+02,-9.717784792620679468e+01
4.685246953125000005e+02,-9.447799203473785212e+01
4.685249882812499891e+02,-9.384673637158985571e+01
4.685252812500000346e+02,-9.785182435685121050e+01
4.685255742187500232e+02,-9.672087066303191705e+01
4.685258671875000118e+02,-9.151637400624665020e+01
4.685261601562500005e+02,-9.681519947276976268e+01
4.685264531249999891e+02,-9.701045769441134325e+01
4.685267460937500346e+02,-1.035977036729028669e+02
4.685270390625000232e+02,-9.382425926595243482e+01
4.685273320312500118e+02,-9.972685876020892692e+01
4.685276250000000005e+02,-9.512929375901910589e+01
4.685279179687499891e+02,-8.877290611429189937e+01
4.685282109375000346e+02,-9.448680111217845479e+01
4.685285039062500232e+02,-1.013189380045760686e+02
4.685287968750000118e+02,-1.073269669701818287e+02
4.685290898437500005e+02,-1.060311753108431532e+02
4.685293828124999891e+02,-9.840884840325642813e+01
4.685296757812500346e+02,-9.326112112860741377e+01
4.685299687500000232e+02,-1.009066822219480599e+02
4.685302617187500118e+02,-1.031423271851200809e+02
4.685305546875000005e+02,-9.410740175403630303e+01
4.685308476562499891e+02,-9.137304932727352025e+01
4.685311406250000346e+02,-9.233437341657024433e+01
4.685314335937500232e+02,-1.036751883425475853e+02
4.685317265625000118e+02,-1.135043584558805350e+02
4.685320195312500005e+02,-1.029665365081035304e+02
4.685323124999999891e+02,-1.004769085367316563e+02
4.685326054687500346e+02,-1.016982989634130661e+02
4.685328984375000232e+02,-9.302629450796675314e+01
4.685331914062500118e+02,-9.358514083350569024e+01
4.685334843750000005e+02,-1.086325201538667926e+02
4.685337773437499891e+02,-9.850355134165907600e+01
4.685340703125000346e+02,-9.874451423296137875e+01
4.685343632812500232e+02,-1.098522188650977682e+02
4.685346562500000118e+02,-9.714938278654997816e+01
4.685349492187500005e+02,-9.510351776588555595e+01
4.685352421874999891e+02,-9.633378179518913953e+01
4.685355351562500346e+02,-1.041315335212766513e+02
4.685358281250000232e+02,-9.370668397637709290e+01
4.685361210937500118e+02,-9.444135930653339983e+01
4.685364140625000005e+02,-9.298463316549982949e+01
4.685367070312499891e+02,-9.531956273870348184e+01
4.685370000000000346e+02,-9.581763775938186711e+01
4.685372929687500232e+02,-9.455137099891834396e+01
4.685375859375000118e+02,-1.035247234325895533e+02
4.685378789062500005e+02,-9.822843755727592452e+01
4.685381718749999891e+02,-1.061715271908263958e+02
4.685384648437500346e+02,-9.456259783044444589e+01
4.685387578125000232e+02,-9.717462904794929557e+01
4.685390507812500118e+02,-9.774899427492970005e+01
4.685393437500000005e+02,-9.332052091691038243e+01
4.685396367187499891e+02,-9.563850740048178523e+01
4.685399296875000346e+02,-1.073966941021015487e+02
4.685402226562500232e+02,-9.312332709159781530e+01
4.685405156250000118e+02,-9.173079116117300202e+01
4.685408085937500005e+02,-9.374873353885375593e+01
4.685411015624999891e+02,-9.921353999370550980e+01
4.685413945312500346e+02,-9.588292417813971724e+01
4.685416875000000232e+02,-9.292393835389297863e+01
4.685419804687500118e+02,-1.003176364069838513e+02
4.685422734375000005e+02,-9.695143349517650222e+01
4.685425664062499891e+02,-1.045868360481501895e+02
4.685428593750000346e+02,-1.002268733489658814e+02
4.685431523437500232e+02,-8.925523121603502830e+01
4.685434453125000118e+02,-8.618436440403004895e+01
4.685437382812500005e+02,-9.025092876463730818e+01
4.685440312499999891e+02,-9.864180882348222212e+01
4.685443242187500346e+02,-9.426597210949941541e+01
4.685446171875000232e+02,-9.723890928292811964e+01
4.685449101562500118e+02,-9.373127234001970010e+01
4.685452031250000005e+02,-9.950799166768861426e+01
4.685454960937499891e+02,-9.254232994378226351e+01
4.685457890625000346e+02,-9.153572708992074070e+01
4.685460820312500232e+02,-9.306721577593107497e+01
4.685463750000000118e+02,-9.833956965243598347e+01
4.685466679687500005e+02,-9.948464056506742281e+01
4.685469609374999891e+02,-1.015647355584686977e+02
4.685472539062500346e+02,-9.960502599596563300e+01
4.685475468750000232e+02,-9.236072037478339780e+01
4.685478398437500118e+02,-9.011786584574439019e+01
4.685481328125000005e+02,-9.742131454819593728e+01
4.685484257812499891e+02,-1.023557648319458337e+02
4.685487187500000346e+02,-1.004681081244755205e+02
4.685490117187500232e+02,-9.414642220560126873e+01
4.685493046875000118e+02,-9.976768878713448885e+01
4.685495976562500005e+02,-9.992753661255753173e+01
4.685498906249999891e+02,-9.755512160092706608e+01
4.685501835937500346e+02,-9.582371922777211637e+01
4.685504765625000232e+02,-9.805004266711740968e+01
4.685507695312500118e+02,-1.202846607715136997e+02
4.685510625000000005e+02,-1.148816720309796153e+02
4.685513554687499891e+02,-9.392744589115812914e+01
4.685516484375000346e+02,-9.050725677889130338e+01
4.685519414062500232e+02,-9.976111711175650498e+01
4.685522343750000118e+02,-1.064000123717810595e+02
4.685525273437500005e+02,-9.672621400600954189e+01
4.685528203124999891e+02,-9.353602362984210572e+01
4.685531132812500346e+02,-9.373472481502057008e+01
4.685534062500000232e+02,-1.039794856812184491e+02
4.685536992187500118e+02,-9.523632603549563669e+01
4.685539921875000005e+02,-9.809521585565677526e+01
4.685542851562499891e+02,-9.849420741702972748e+01
4.685545781250000346e+02,-9.981482408067046208e+01
4.685548710937500232e+02,-1.001364199392741483e+02
4.685551640625000118e+02,-1.014670226330096909e+02
4.685554570312500005e+02,-9.652114550451251773e+01
4.685557499999999891e+02,-9.463541932372032761e+01
4.685560429687500346e+02,-9.758448988636300214e+01
4.685563359375000232e+02,-9.191239017937073186e+01
4.685566289062500118e+02,-9.589454116849394438e+01
4.685569218750000005e+02,-9.937712954273636967e+01
4.685572148437499891e+02,-1.023329983164502721e+02
4.685575078125000346e+02,-9.558730680351759190e+01
4.685578007812500232e+02,-1.105515971111903042e+02
4.685580937500000118e+02,-9.952647254683078870e+01
4.685583867187500005e+02,-1.100874221513471696e+02
4.685586796874999891e+02,-9.746319604897496447e+01
4.685589726562500346e+02,-9.656639925847009920e+01
4.685592656250000232e+02,-1.040240263817013187e+02
4.685595585937500118e+02,-9.969614976255785166e+01
4.685598515625000005e+02,-1.008892366058585708e+02
4.685601445312499891e+02,-1.039345975754022220e+02
4.685604375000000346e+02,-9.982048673082216794e+01
4.685607304687500232e+02,-9.790951692673800721e+01
4.685610234375000118e+02,-9.903915663500150401e+01
4.685613164062500005e+02,-1.056210649638263845e+02
4.685616093749999891e+02,-9.412835971447927363e+01
4.685619023437500346e+02,-9.138501584464039240e+01
4.685621953125000232e+02,-9.273276014813644963e+01
4.685624882812500118e+02,-9.376468068825842295e+01
4.685627812500000005e+02,-1.054940493002263082e+02
4.685630742187499891e+02,-1.079770628058576847e+02
4.685633671875000346e+02,-1.002180591766552027e+02
4.685636601562500232e+02,-9.760416547642400076e+01
4.685639531250000118e+02,-1.047825590254020938e+02
4.685642460937500005e+02,-1.035891771976570510e+02
4.685645390624999891e+02,-9.580884274278565726e+01
4.685648320312500346e+02,-9.605925782391787493e+01
4.685651250000000232e+02,-1.043746255963471299e+02
4.685654179687500118e+02,-9.668370761276875669e+01
4.685657109375000005e+02,-9.155281441105272222e+01
4.685660039062499891e+02,-9.524945313535823743e+01
4.685662968750000346e+02,-9.489560749193745437e+01
4.685665898437500232e+02,-9.668752914475321347e+01
4.685668828125000118e+02,-1.022011322228811707e+02
4.685671757812500005e+02,-9.955714606459193305e+01
4.685674687499999891e+02,-9.503683188922003922e+01
4.685677617187500346e+02,-9.308041073585762604e+01
4.685680546875000232e+02,-1.011290486976786696e+02
4.685683476562500118e+02,-1.060051808461937526e+02
4.685686406250000005e+02,-9.791040354881673125e+01
4.685689335937499891e+02,-9.924562547943122581e+01
4.685692265625000346e+02,-1.022887920036644260e+02
4.685695195312500232e+02,-1.023980602853945356e+02
4.685698125000000118e+02,-1.008533530596476453e+02
4.685701054687500005e+02,-9.756715286807030907e+01
4.685703984374999891e+02,-9.572758879320234371e+01
4.685706914062500346e+02,-1.003276451673106919e+02
4.685709843750000232e+02,-9.735562172419911064e+01
4.685712773437500118e+02,-1.026722005687483232e+02
4.685715703125000005e+02,-1.025054995434058327e+02
4.685718632812499891e+02,-9.726987693184162254e+01
4.685721562500000346e+02,-9.466947319674487460e+01
4.685724492187500232e+02,-9.476362303258321163e+01
4.685727421875000118e+02,-9.346843491064133502e+01
4.685730351562500005e+02,-9.393382489915609312e+01
4.685733281249999891e+02,-9.734162179125674186e+01
4.685736210937500346e+02,-1.007779355876737384e+02
4.685739140625000232e+02,-9.366635762519679531e+01
4.685742070312500118e+02,-9.643987958173666186e+01
4.685745000000000005e+02,-1.142527935117547031e+02
4.685747929687499891e+02,-1.024773606635808676e+02
4.685750859375000346e+02,-9.761851117573851866e+01
4.685753789062500232e+02,-1.051690744822413279e+02
4.685756718750000118e+02,-9.433848496553723351e+01
4.685759648437500005e+02,-9.517105632629152012e+01
4.685762578124999891e+02,-1.119613558520549930e+02
4.685765507812500346e+02,-9.989483205178119363e+01
4.685768437500000232e+02,-1.118430658459961222e+02
4.685771367187500118e+02,-1.070532615858761574e+02
4.685774296875000005e+02,-9.904004711372165559e+01
4.685777226562499891e+02,-1.021523763587912299e+02
4.685780156250000346e+02,-9.698447447351135509e+01
4.685783085937500232e+02,-9.788826598741059115e+01
4.685786015625000118e+02,-9.789298670310421357e+01
4.685788945312500005e+02,-9.517601952264486442e+01
4.685791874999999891e+02,-9.423900717345668454e+01
4.685794804687500346e+02,-9.879451049056416423e+01
4.685797734375000232e+02,-1.031412696132640718e+02
4.685800664062500118e+02,-9.552493392114384108e+01
4.685803593750000005e+02,-1.006134847971192414e+02
4.685806523437499891e+02,-9.896376957021936960e+01
4.685809453125000346e+02,-1.017630841348177029e+02
4.685812382812500232e+02,-1.048437999783418775e+02
4.685815312500000118e+02,-9.808026705622900465e+01
4.685818242187500005e+02,-1.007493396716532885e+02
4.685821171874999891e+02,-9.955805607395419088e+01
4.685824101562500346e+02,-9.897514438763386124e+01
4.685827031250000232e+02,-9.466254189207872116e+01
4.685829960937500118e+02,-9.201212132120291187e+01
4.685832890625000005e+02,-9.646105381968155257e+01
4.685835820312499891e+02,-1.012694793377557403e+02
4.685838750000000346e+02,-9.641901298495405115e+01
4.685841679687500232e+02,-9.805890968836321520e+01
4.685844609375000118e+02,-9.591224556937696377e+01
4.685847539062500005e+02,-1.034358098876463572e+02
4.685850468749999891e+02,-9.737434725419937820e+01
4.685853398437500346e+02,-9.337025018560288459e+01
4.685856328125000232e+02,-9.520336221724009818e+01
4.685859257812500118e+02,-9.980164405872237410e+01
4.685862187500000005e+02,-1.046657293115393372e+02
4.685865117187499891e+02,-1.040177488416293414e+02
4.685868046875000346e+02,-9.443608516970000721e+01
4.685870976562500232e+02,-1.096441007331613235e+02
4.685873906250000118e+02,-9.854088737226439321e+01
4.685876835937500005e+02,-1.081469197870558787e+02
4.685879765624999891e+02,-9.480483939732310716e+01
4.685882695312500346e+02,-1.009835148969715704e+02
4.685885625000000232e+02,-1.028505394490625520e+02
4.685888554687500118e+02,-9.964535173880845775e+01
4.685891484375000005e+02,-9.477156986914670256e+01
4.685894414062499891e+02,-9.897340240896346586e+01
4.685897343750000346e+02,-9.426177434603395966e+01
4.685900273437500232e+02,-9.785113877010269334e+01
4.685903203125000118e+02,-9.837344233096720814e+01
4.685906132812500005e+02,-9.345809264243473535e+01
4.685909062499999891e+02,-9.528655447658216815e+01
4.685911992187500346e+02,-1.107057520484729878e+02
4.685914921875000232e+02,-1.010448131216194412e+02
4.685917851562500118e+02,-1.015406374614739349e+02
4.685920781250000005e+02,-1.034719016353296581e+02
4.685923710937499891e+02,-1.011168148090540910e+02
4.685926640625000346e+02,-9.680660304006593719e+01
4.685929570312500232e+02,-1.023408044414658207e+02
4.685932500000000118e+02,-9.696650868962906600e+01
4.685935429687500005e+02,-9.997762151245379414e+01
4.685938359374999891e+02,-9.844672497229872477e+01
4.685941289062500346e+02,-9.258316807008226590e+01
4.685944218750000232e+02,-9.162577494674926015e+01
4.685947148437500118e+02,-1.060679182730186909e+02
4.685950078125000005e+02,-1.016355505585817411e+02
4.685953007812499891e+02,-1.017842985452442548e+02
4.685955937500000346e+02,-9.733842381913903807e+01
4.685958867187500232e+02,-9.720561025621600493e+01
4.685961796875000118e+02,-9.207698251125414401e+01
4.685964726562500005e+02,-1.016220634705965153e+02
4.685967656249999891e+02,-1.025873588078888758e+02
4.685970585937500346e+02,-1.018670313026368888e+02
4.685973515625000232e+02,-1.044973074852252779e+02
4.685976445312500118e+02,-1.123434745884693200e+02
4.685979375000000005e+02,-1.094729349454644591e+02
4.685982304687499891e+02,-9.930064047465351962e+01
4.685985234375000346e+02,-1.016233091143148073e+02
4.685988164062500232e+02,-9.535507493355751762e+01
4.685991093750000118e+02,-9.507135067984248167e+01
4.685994023437500005e+02,-1.031757091379219560e+02
4.685996953124999891e+02,-1.028850675210541112e+02
4.685999882812500346e+02,-9.934254297764233854e+01
4.686002812500000232e+02,-1.061258157254487458e+02
4.686005742187500118e+02,-9.898105883785633807e+01
4.686008671875000005e+02,-9.467953736362211714e+01
4.686011601562499891e+02,-1.016689429212864439e+02
4.686014531250000346e+02,-9.671546967120761451e+01
4.686017460937500232e+02,-9.400966498763608570e+01
4.686020390625000118e+02,-9.826789788092339961e+01
4.686023320312500005e+02,-9.295268464608427905e+01
4.686026249999999891e+02,-9.680473212436473318e+01
4.686029179687500346e+02,-1.011813877369552017e+02
4.686032109375000232e+02,-9.520909919537523081e+01
4.686035039062500118e+02,-1.070556486017837869e+02
4.686037968750000005e+02,-9.955315197885745704e+01
4.686040898437499891e+02,-9.607552517404195669e+01
4.686043828125000346e+02,-1.018636614768303161e+02
4.686046757812500232e+02,-9.677813839543658503e+01
4.686049687500000118e+02,-9.218569551183887256e+01
4.686052617187500005e+02,-9.400429957501336276e+01
4.686055546874999891e+02,-9.641027795941485579e+01
4.686058476562500346e+02,-9.724419420166988459e+01
4.686061406250000232e+02,-9.763530935206036077e+01
4.686064335937500118e+02,-9.825869297512015521e+01
4.686067265625000005e+02,-1.007486856164499898e+02
4.686070195312499891e+02,-9.586848198338564941e+01
4.686073125000000346e+02,-1.032742645539933051e+02
4.686076054687500232e+02,-9.746057144577883946e+01
4.686078984375000118e+02,-9.552819651133958700e+01
4.686081914062500005e+02,-1.120453532688138125e+02
4.686084843749999891e+02,-9.889612925701516133e+01
4.686087773437500346e+02,-9.710534157121415433e+01
4.686090703125000232e+02,-1.019918985796084598e+02
4.686093632812500118e+02,-9.963386534935852978e+01
4.686096562500000005e+02,-9.073839274169563396e+01
4.686099492187499891e+02,-8.991151288032503430e+01
4.686102421875000346e+02,-9.226769130476809266e+01
4.686105351562500232e+02,-9.624029251748369518e+01
4.686108281250000118e+02,-1.020215254143145813e+02
4.686111210937500005e+02,-9.702360382059224264e+01
4.686114140624999891e+02,-9.948052040861185219e+01
4.686117070312500346e+02,-9.546090336563372603e+01
4.686120000000000232e+02,-9.302456851650862291e+01
4.686122929687500118e+02,-9.679550029250319199e+01
4.686125859375000005e+02,-1.012205512895992854e+02
4.686128789062499891e+02,-9.873356100525299439e+01
4.686131718750000346e+02,-9.765363025241001083e+01
4.686134648437500232e+02,-1.097162910091965102e+02
4.686137578125000118e+02,-1.163795474960514866e+02
4.686140507812500005e+02,-9.607030315553350874e+01
4.686143437499999891e+02,-9.399508114307113260e+01
4.686146367187500346e+02,-9.574613684679195558e+01
4.686149296875000232e+02,-9.899521286970309575e+01
4.686152226562500118e+02,-1.017203247468040814e+02
4.686155156250000005e+02,-1.001942802014158076e+02
4.686158085937499891e+02,-1.037498088992714145e+02
4.686161015625000346e+02,-1.055841496500301560e+02
4.686163945312500232e+02,-9.789260034464430760e+01
4.686166875000000118e+02,-9.789078630476672060e+01
4.686169804687500005e+02,-9.920900810392419089e+01
4.686172734374999891e+02,-9.430534241322493472e+01
4.686175664062500346e+02,-9.303761900460848722e+01
4.686178593750000232e+02,-9.403695191942261999e+01
4.686181523437500118e+02,-9.558849650339237769e+01
4.686184453125000005e+02,-9.846775037950948217e+01
4.686187382812499891e+02,-1.001809412324410289e+02
4.686190312500000346e+02,-9.512188871907264343e+01
4.686193242187500232e+02,-9.595598736141674578e+01
4.686196171875000118e+02,-9.667810738955118666e+01
4.686199101562500005e+02,-9.505801207658606700e+01
4.686202031249999891e+02,-1.060054704732768585e+02
4.686204960937500346e+02,-9.776350659600055337e+01
4.686207890625000232e+02,-9.640928858615328068e+01
4.686210820312500118e+02,-9.963435340814059771e+01
4.686213750000000005e+02,-9.901922457223886909e+01
4.686216679687499891e+02,-1.062864473449618430e+02
4.686219609375000346e+02,-1.072925228336676184e+02
4.686222539062500232e+02,-1.032926554213344161e+02
4.686225468750000118e+02,-1.015400992290679483e+02
4.686228398437500005e+02,-1.068423427803441257e+02
4.686231328124999891e+02,-1.051322917792098224e+02
4.686234257812500346e+02,-1.022180622385509992e+02
4.686237187500000232e+02,-1.031594886003400973e+02
4.686240117187500118e+02,-9.981820317938966980e+01
4.686243046875000005e+02,-1.014200154035562491e+02
4.686245976562499891e+02,-1.043105871543164511e+02
4.686248906250000346e+02,-1.026496637809455734e+02
4.686251835937500232e+02,-1.004031917261298048e+02
4.686254765625000118e+02,-9.287883224351027422e+01
4.686257695312500005e+02,-9.055178661402941032e+01
4.686260624999999891e+02,-1.009500683025843415e+02
4.686263554687500346e+02,-1.107381250882407073e+02
4.686266484375000232e+02,-1.007473154580665380e+02
4.686269414062500118e+02,-1.071432336531150753e+02
4.686272343750000005e+02,-1.034726003848477802e+02
4.686275273437499891e+02,-1.035162977957945145e+02
4.686278203125000346e+02,-9.765410379937479490e+01
4.686281132812500232e+02,-1.032647815848092705e+02
4.686284062500000118e+02,-1.043764810894144546e+02
4.686286992187500005e+02,-1.007112347468127354e+02
4.686289921874999891e+02,-9.350806591908543908e+01
4.686292851562500346e+02,-9.613487325674370254e+01
4.686295781250000232e+02,-1.012493490960209783e+02
4.686298710937500118e+02,-1.004991691832109382e+02
4.686301640625000005e+02,-9.898874855945982176e+01
4.686304570312499891e+02,-1.035981693833095392e+02
4.686307500000000346e+02,-9.829131159015713592e+01
4.686310429687500232e+02,-9.354745186306786309e+01
4.686313359375000118e+02,-9.910903879479153034e+01
4.686316289062500005e+02,-9.674570717229420325e+01
4.686319218749999891e+02,-9.193833533096847077e+01
4.686322148437500346e+02,-9.970706630331329734e+01
4.686325078125000232e+02,-1.001326726381628873e+02
4.686328007812500118e+02,-9.872793095538517605e+01
4.686330937500000005e+02,-1.010873271266366515e+02
4.686333867187499891e+02,-1.004394415014312187e+02
4.686336796875000346e+02,-1.197782725519125080e+02
4.686339726562500232e+02,-1.038001622027416460e+02
4.686342656250000118e+02,-1.040021062075083904e+02
4.686345585937500005e+02,-1.044176585020075123e+02
4.686348515624999891e+02,-1.045172625938554489e+02
4.686351445312500346e+02,-9.778886179706083226e+01
4.686354375000000232e+02,-9.556917748823090619e+01
4.686357304687500118e+02,-9.721719404981975288e+01
4.686360234375000005e+02,-1.010973072852469414e+02
4.686363164062499891e+02,-9.846905352994114935e+01
4.686366093750000346e+02,-1.037483180465777082e+02
4.686369023437500232e+02,-1.103995044234275866e+02
4.686371953125000118e+02,-9.995007053901140637e+01
4.686374882812500005e+02,-9.911150746354439889e+01
4.686377812499999891e+02,-1.096874785299561381e+02
4.686380742187500346e+02,-1.024852310600634837e+02
4.686383671875000232e+02,-9.638799603917333059e+01
4.686386601562500118e+02,-9.896608220466481498e+01
4.686389531250000005e+02,-1.078902348607904429e+02
4.686392460937499891e+02,-1.029867376544118258e+02
4.686395390625000346e+02,-1.011257610212817184e+02
4.686398320312500232e+02,-1.031328442430147732e+02
4.686401250000000118e+02,-1.014733354357235982e+02
4.686404179687500005e+02,-1.075899656662508335e+02
4.686407109374999891e+02,-1.094112357124063948e+02
4.686410039062500346e+02,-1.060055834248536257e+02
4.686412968750000232e+02,-1.003344266892819121e+02
4.686415898437500118e+02,-9.783083823943114510e+01
4.686418828125000005e+02,-9.853289846097034399e+01
4.686421757812499891e+02,-9.807910456110019481e+01
4.686424687500000346e+02,-1.008832103859876952e+02
4.686427617187500232e+02,-9.525846677889208536e+01
4.686430546875000118e+02,-1.042159301696546834e+02
4.686433476562500005e+02,-9.443583289004374137e+01
4.686436406249999891e+02,-9.281946339743095109e+01
4.686439335937500346e+02,-9.305952257539988182e+01
4.686442265625000232e+02,-1.008316836606374522e+02
4.686445195312500118e+02,-9.891102002513233060e+01
4.686448125000000005e+02,-1.098199005165319022e+02
4.686451054687499891e+02,-1.069847727870156291e+02
4.686453984375000346e+02,-1.033678846649375060e+02
4.686456914062500232e+02,-1.014532732433132622e+02
4.686459843750000118e+02,-1.028790339858028204e+02
4.686462773437500005e+02,-1.052853404391895964e+02
4.686465703124999891e+02,-1.012268036154193709e+02
4.686468632812500346e+02,-1.058333406730852602e+02
4.686471562500000232e+02,-1.177817817445432240e+02
4.686474492187500118e+02,-1.020933087649341644e+02
4.686477421875000005e+02,-1.006339479931123293e+02
4.686480351562499891e+02,-1.050129973570034991e+02
4.686483281250000346e+02,-9.591934639206132829e+01
4.686486210937500232e+02,-1.027878377045673801e+02
4.686489140625000118e+02,-1.011856830979896245e+02
4.686492070312500005e+02,-9.803459499388159770e+01
4.686494999999999891e+02,-1.051447448074678590e+02
4.686497929687500346e+02,-9.619876641066632317e+01
4.686500859375000232e+02,-9.881717086078290890e+01
4.686503789062500118e+02,-1.040847831844166080e+02
4.686506718750000005e+02,-9.848265972296510995e+01
4.686509648437499891e+02,-1.075573851065815347e+02
4.686512578125000346e+02,-1.006590486112846179e+02
4.686515507812500232e+02,-1.102830710071805953e+02
4.686518437500000118e+02,-1.019619227541504642e+02
4.686521367187500005e+02,-1.054251391727306668e+02
4.686524296874999891e+02,-9.489396287102950112e+01
4.686527226562500346e+02,-9.580740053152047153e+01
4.686530156250000232e+02,-9.609132519187839705e+01
4.686533085937500118e+02,-1.010246947560579542e+02
4.686536015625000005e+02,-1.110058411145774215e+02
4.686538945312499891e+02,-1.033530026699380926e+02
4.686541875000000346e+02,-9.759825771465270350e+01
4.686544804687500232e+02,-9.585540134477584218e+01
4.686547734375000118e+02,-1.001975946513900908e+02
4.686550664062500005e+02,-1.036042923532434514e+02
4.686553593749999891e+02,-1.000455155228229671e+02
4.686556523437500346e+02,-1.090178354962957741e+02
4.686559453125000232e+02,-1.052576658348238539e+02
4.686562382812500118e+02,-1.078055126551469414e+02
4.686565312500000005e+02,-1.145448211720075165e+02
4.686568242187499891e+02,-1.033651123003326546e+02
4.686571171875000346e+02,-1.009765622927104971e+02
4.686574101562500232e+02,-9.712929841359191130e+01
4.686577031250000118e+02,-1.034721523130143055e+02
4.686579960937500005e+02,-1.014057951062354590e+02
4.686582890624999891e+02,-1.054785417019601539e+02
4.686585820312500346e+02,-1.039235270478971671e+02
4.686588750000000232e+02,-9.448018452979944470e+01
4.686591679687500118e+02,-9.267567631541979267e+01
4.686594609375000005e+02,-9.447750126440101326e+01
4.686597539062499891e+02,-9.776293202276244187e+01
4.686600468750000346e+02,-1.044128419840511413e+02
4.686603398437500232e+02,-1.033226497345247310e+02
4.686606328125000118e+02,-1.073321846797649783e+02
4.686609257812500005e+02,-9.823929232651444465e+01
4.686612187499999891e+02,-1.048267927952059466e+02
4.686615117187500346e+02,-1.001924230566311422e+02
4.686618046875000232e+02,-1.047741770647804316e+02
4.686620976562500118e+02,-1.018530137349188465e+02
4.686623906250000005e+02,-9.748598659738135552e+01
4.686626835937499891e+02,-9.752385342155957915e+01
4.686629765625000346e+02,-1.011188021903031000e+02
4.686632695312500232e+02,-1.056889604640191465e+02
4.686635625000000118e+02,-1.091504012554697169e+02
4.686638554687500005e+02,-1.030058206133604557e+02
4.686641484374999891e+02,-1.077652537393393004e+02
4.686644414062500346e+02,-9.931582842208649708e+01
4.686647343750000232e+02,-1.112299041498800420e+02
4.686650273437500118e+02,-9.835868737879472690e+01
4.686653203125000005e+02,-9.379894532525776185e+01
4.686656132812499891e+02,-9.573720724316481778e+01
4.686659062500000346e+02,-9.787578574416757249e+01
4.686661992187500232e+02,-1.037501975812166535e+02
4.686664921875000118e+02,-9.818496568716349771e+01
4.686667851562500005e+02,-9.215660377281189142e+01
4.686670781249999891e+02,-9.742633963819869791e+01
4.686673710937500346e+02,-9.880755093783596976e+01
4.686676640625000232e+02,-9.784575606168986894e+01
4.686679570312500118e+02,-1.001753245196431124e+02
4.686682500000000005e+02,-1.083127854124061571e+02
4.686685429687499891e+02,-1.017713770752398972e+02
4.686688359375000346e+02,-1.115033883732628510e+02
4.686691289062500232e+02,-1.006327098378608866e+02
4.686694218750000118e+02,-1.066937436834210189e+02
4.686697148437500005e+02,-9.947235809396144646e+01
4.686700078124999891e+02,-9.622570472507314321e+01
4.686703007812500346e+02,-9.821116715203652348e+01
4.686705937500000232e+02,-1.039063318292098757e+02
4.686708867187500118e+02,-1.116320272338885076e+02
4.686711796875000005e+02,-1.077062920591176720e+02
4.686714726562499891e+02,-1.010980933256066407e+02
4.686717656250000346e+02,-1.005133812035620764e+02
4.686720585937500232e+02,-1.014537718715814663e+02
4.686723515625000118e+02,-9.934144556361822254e+01
4.686726445312500005e+02,-9.848352484673354468e+01
4.686729374999999891e+02,-9.648376084957092758e+01
4.686732304687500346e+02,-1.049566602450163799e+02
4.686735234375000232e+02,-9.417514367108587692e+01
4.686738164062500118e+02,-9.766563347474259160e+01
4.686741093750000005e+02,-9.770572197879232590e+01
4.686744023437499891e+02,-1.053035935672309762e+02
4.686746953125000346e+02,-9.978886776486339727e+01
4.686749882812500232e+02,-1.003486051040567730e+02
4.686752812500000118e+02,-1.027173056787245145e+02
4.686755742187500005e+02,-1.105930494597294711e+02
4.686758671874999891e+02,-1.024703929201328663e+02
4.686761601562500346e+02,-1.051965548475398435e+02
4.686764531250000232e+02,-1.125659966338863853e+02
4.686767460937500118e+02,-1.031156562258673830e+02
4.686770390625000005e+02,-9.662316412196113902e+01
4.686773320312499891e+02,-9.652078578724582769e+01
4.686776250000000346e+02,-9.515153277456087721e+01
4.686779179687500232e+02,-9.542174705080736885e+01
4.686782109375000118e+02,-9.674209714657891368e+01
4.686785039062500005e+02,-1.012916408204253571e+02
4.686787968749999891e+02,-9.460645025625636606e+01
4.686790898437500346e+02,-9.718930811127398783e+01
4.686793828125000232e+02,-1.004390231389921553e+02
4.686796757812500118e+02,-1.004357832586676125e+02
4.686799687500000005e+02,-9.872731620597498647e+01
4.686802617187499891e+02,-9.789362199948044463e+01
4.686805546875000346e+02,-9.494636306826919281e+01
4.686808476562500232e+02,-9.402566984617338619e+01
4.686811406250000118e+02,-9.525826363253250406e+01
4.686814335937500005e+02,-9.829979867676568972e+01
4.686817265624999891e+02,-9.776679995398181688e+01
4.686820195312500346e+02,-1.038356921999889835e+02
4.686823125000000232e+02,-1.091297244651964604e+02
4.686826054687500118e+02,-1.020640514310164662e+02
4.686828984375000005e+02,-1.027962450283080216e+02
4.686831914062499891e+02,-1.033243363683952367e+02
4.686834843750000346e+02,-1.044633474584335033e+02
4.686837773437500232e+02,-1.117629934390255499e+02
4.686840703125000118e+02,-1.069402943315726020e+02
4.686843632812500005e+02,-1.058355084251773661e+02
4.686846562499999891e+02,-1.013203027039081121e+02
4.686849492187500346e+02,-1.040333754971624671e+02
4.686852421875000232e+02,-1.072581777119982007e+02
4.686855351562500118e+02,-1.036440007724770993e+02
4.686858281250000005e+02,-1.164095432137220740e+02
4.686861210937499891e+02,-9.953020348690736796e+01
4.686864140625000346e+02,-1.149487173956676145e+02
4.686867070312500232e+02,-1.005714346618500912e+02
4.686870000000000118e+02,-9.814285785852483457e+01
4.686872929687500005e+02,-9.737536208758419320e+01
4.686875859374999891e+02,-9.755829664041826277e+01
4.686878789062500346e+02,-1.109313126823290077e+02
4.686881718750000232e+02,-1.059674483175590183e+02
4.686884648437500118e+02,-9.890856764039611448e+01
4.686887578125000005e+02,-9.803183366904139007e+01
4.686890507812499891e+02,-9.702839913893660651e+01
4.686893437500000346e+02,-9.704571333106423481e+01
4.686896367187500232e+02,-1.070791289747917858e+02
4.686899296875000118e+02,-9.710736889985356868e+01
4.686902226562500005e+02,-1.188578892939964362e+02
4.686905156249999891e+02,-9.800444197348694786e+01
4.686908085937500346e+02,-1.077238136917123512e+02
4.686911015625000232e+02,-1.068272903537588263e+02
4.686913945312500118e+02,-1.058015817193492722e+02
4.686916875000000005e+02,-1.016811672839598657e+02
4.686919804687499891e+02,-9.660138497843696825e+01
4.686922734375000346e+02,-1.005216570769107989e+02
4.686925664062500232e+02,-9.829543155613779959e+01
4.686928593750000118e+02,-1.050509413663872635e+02
4.686931523437500005e+02,-1.043225404256792785e+02
4.686934453124999891e+02,-9.698488709160224630e+01
4.686937382812500346e+02,-9.352615675732023703e+01
4.686940312500000232e+02,-9.751500100994164200e+01
4.686943242187500118e+02,-1.054427652000078979e+02
4.686946171875000005e+02,-9.812649156748557289e+01
4.686949101562499891e+02,-9.794907743175392056e+01
4.686952031250000346e+02,-1.016598751697974876e+02
4.686954960937500232e+02,-1.158909301542587400e+02
4.686957890625000118e+02,-1.029658188185353396e+02
4.686960820312500005e+02,-1.003312692555995653e+02
4.686963749999999891e+02,-9.784075931254008651e+01
4.686966679687500346e+02,-1.097654180270232303e+02
4.686969609375000232e+02,-1.048166477248079644e+02
4.686972539062500118e+02,-9.324262749023866093e+01
4.686975468750000005e+02,-9.655186018444413776e+01
4.686978398437499891e+02,-1.120897965808564152e+02
4.686981328125000346e+02,-9.849129200362276038e+01
4.686984257812500232e+02,-9.761972877864479869e+01
4.686987187500000118e+02,-1.110272186842536115e+02
4.686990117187500005e+02,-9.786988065108917567e+01
4.686993046874999891e+02,-9.992510143611934836e+01
4.686995976562500346e+02,-9.924370139329134588e+01
4.686998906250000232e+02,-1.204441576381442474e+02
4.687001835937500118e+02,-1.007645388159328377e+02
4.687004765625000005e+02,-9.948557610777572791e+01
4.687007695312499891e+02,-1.010818236184689738e+02
4.687010625000000346e+02,-9.947443737211038695e+01
4.687013554687500232e+02,-1.007650265234797757e+02
4.687016484375000118e+02,-9.792238556802045935e+01
4.687019414062500005e+02,-9.902699916608523267e+01
4.687022343749999891e+02,-1.033007242187971713e+02
4.687025273437500346e+02,-1.069925787373533552e+02
4.687028203125000232e+02,-9.721407771888075899e+01
4.687031132812500118e+02,-1.110927758752273320e+02
4.687034062500000005e+02,-1.141019360850310989e+02
4.687036992187499891e+02,-1.054220233499770387e+02
4.687039921875000346e+02,-9.912141877899523479e+01
4.687042851562500232e+02,-9.904514595531017562e+01
4.687045781250000118e+02,-9.552774941918443119e+01
4.687048710937500005e+02,-9.768151400249807637e+01
4.687051640624999891e+02,-1.063551893958943424e+02
4.687054570312500346e+02,-1.071334679755581760e+02
4.687057500000000232e+02,-9.983831048217865600e+01
4.687060429687500118e+02,-9.989699424453171162e+01
4.687063359375000005e+02,-1.080898760652434731e+02
4.687066289062499891e+02,-1.046011232409483966e+02
4.687069218750000346e+02,-1.018877514892567291e+02
4.687072148437500232e+02,-1.021422085989789821e+02
4.687075078125000118e+02,-9.749308030833711314e+01
4.687078007812500005e+02,-1.019775117437048664e+02
4.687080937499999891e+02,-1.014834730672803431e+02
4.687083867187500346e+02,-9.481835066543972346e+01
4.687086796875000232e+02,-9.977745863733217391e+01
4.687089726562500118e+02,-1.071361834535535706e+02
4.687092656250000005e+02,-9.871008437680563929e+01
4.687095585937499891e+02,-9.921388956905148859e+01
4.687098515625000346e+02,-1.080637018880552205e+02
4.687101445312500232e+02,-1.063703255358758923e+02
4.687104375000000118e+02,-9.578280266744364724e+01
4.687107304687500005e+02,-9.352168589006701893e+01
4.687110234374999891e+02,-9.623739402873843574e+01
4.687113164062500346e+02,-1.019198104361180697e+02
4.687116093750000232e+02,-1.038591448808531652e+02
4.687119023437500118e+02,-1.063646275568249848e+02
4.687121953125000005e+02,-1.068640713811323906e+02
4.687124882812499891e+02,-1.105463784312445057e+02
4.687127812500000346e+02,-1.016692119246798143e+02
4.687130742187500232e+02,-1.056450329460800788e+02
4.687133671875000118e+02,-1.111436116747856460e+02
4.687136601562500005e+02,-1.057893468932497996e+02
4.687139531249999891e+02,-9.865244586283166939e+01
4.687142460937500346e+02,-9.736534365580391182e+01
4.687145390625000232e+02,-9.606353109566313719e+01
4.687148320312500118e+02,-1.046900666007457090e+02
4.687151250000000005e+02,-1.056521211696640847e+02
4.687154179687499891e+02,-1.043035983511428242e+02
4.687157109375000346e+02,-1.092093330863925758e+02
4.687160039062500232e+02,-1.062041543854859782e+02
4.687162968750000118e+02,-9.907855291867342373e+01
4.687165898437500005e+02,-1.022355351564777237e+02
4.687168828124999891e+02,-1.198617738255332483e+02
4.687171757812500346e+02,-1.005242008420482307e+02
4.687174687500000232e+02,-9.763456951876023027e+01
4.687177617187500118e+02,-1.055375884310657568e+02
4.687180546875000005e+02,-1.040268713431632079e+02
4.687183476562499891e+02,-9.694090063104701471e+01
4.687186406250000346e+02,-9.931942982300058986e+01
4.687189335937500232e+02,-1.030300721758902824e+02
4.687192265625000118e+02,-1.063319612724956471e+02
4.687195195312500005e+02,-1.029553129824207929e+02
4.687198124999999891e+02,-9.612910740071968974e+01
4.687201054687500346e+02,-9.952393922226492862e+01
4.687203984375000232e+02,-1.034318078706758683e+02
4.687206914062500118e+02,-1.175424128157937105e+02
4.687209843750000005e+02,-9.740941261241840721e+01
4.687212773437499891e+02,-1.034575654947759773e+02
4.687215703125000346e+02,-1.011561746610721286e+02
4.687218632812500232e+02,-9.841186065503059410e+01
4.687221562500000118e+02,-9.815106396781084186e+01
4.687224492187500005e+02,-9.854760648435272685e+01
4.687227421874999891e+02,-1.015859120456946840e+02
4.687230351562500346e+02,-9.834360539424838521e+01
4.687233281250000232e+02,-1.038306574078205813e+02
4.687236210937500118e+02,-1.112458202899557591e+02
4.687239140625000005e+02,-1.038578476948612916e+02
4.687242070312499891e+02,-9.474136888746990337e+01
4.687245000000000346e+02,-9.284225920954405353e+01
4.687247929687500232e+02,-9.543574304836258193e+01
4.687250859375000118e+02,-1.000643635161668783e+02
4.687253789062500005e+02,-1.024992351279736056e+02
4.687256718749999891e+02,-1.078578501492438733e+02
4.687259648437500346e+02,-9.747944708065666930e+01
4.687262578125000232e+02,-9.953270109065613269e+01
4.687265507812500118e+02,-9.880852719398964723e+01
4.687268437500000005e+02,-1.058939556944287119e+02
4.687271367187499891e+02,-1.074928696248512665e+02
4.687274296875000346e+02,-1.006282030692209730e+02
4.687277226562500232e+02,-1.002583530002088708e+02
4.687280156250000118e+02,-9.956132183995443086e+01
4.687283085937500005e+02,-1.043931779571538101e+02
4.687286015624999891e+02,-1.097050356497949508e+02
4.687288945312500346e+02,-1.066498247726182456e+02
4.687291875000000232e+02,-1.178917848542151319e+02
4.687294804687500118e+02,-1.054844458073998084e+02
4.687297734375000005e+02,-1.067378292859713582e+02
4.687300664062499891e+02,-1.028305016809043906e+02
4.687303593750000346e+02,-1.017890134220588862e+02
4.687306523437500232e+02,-9.648685657274826610e+01
4.687309453125000118e+02,-9.549465236006932400e+01
4.687312382812500005e+02,-9.818370738812345166e+01
4.687315312499999891e+02,-1.027837830252272369e+02
4.687318242187500346e+02,-1.066971087642720164e+02
4.687321171875000232e+02,-1.041646270365926910e+02
4.687324101562500118e+02,-1.029106811899321201e+02
4.687327031250000005e+02,-1.072200633250408686e+02
4.687329960937499891e+02,-1.060812684322770991e+02
4.687332890625000346e+02,-9.970325354579905763e+01
4.687335820312500232e+02,-9.783320028290971493e+01
4.687338750000000118e+02,-9.759500883252839287e+01
4.687341679687500005e+02,-9.762511440738185797e+01
4.687344609374999891e+02,-1.090128267224331893e+02
4.687347539062500346e+02,-9.896978077185202949e+01
4.687350468750000232e+02,-1.162469943800005723e+02
4.687353398437500118e+02,-9.718213110958222956e+01
4.687356328125000005e+02,-1.031884210076460562e+02
4.687359257812499891e+02,-1.003594553968312653e+02
4.687362187500000346e+02,-1.018348872277919384e+02
4.687365117187500232e+02,-1.030598862358958314e+02
4.687368046875000118e+02,-1.206775309659525988e+02
4.687370976562500005e+02,-9.813270268726812162e+01
4.687373906249999891e+02,-1.024626450098117090e+02
4.687376835937500346e+02,-1.040912929951381329e+02
4.687379765625000232e+02,-1.019724773905489315e+02
4.687382695312500118e+02,-1.045999188399561888e+02
4.687385625000000005e+02,-1.038367436798103824e+02
4.687388554687499891e+02,-9.977393020410713120e+01
4.687391484375000346e+02,-9.817453287013483987e+01
4.687394414062500232e+02,-1.262303975319952940e+02
4.687397343750000118e+02,-9.984828523041856840e+01
4.687400273437500005e+02,-9.765672089896798980e+01
4.687403203124999891e+02,-9.917598987768556640e+01
4.687406132812500346e+02,-9.958424253466137088e+01
4.687409062500000232e+02,-1.046406674454588739e+02
4.687411992187500118e+02,-9.741619014023626733e+01
4.687414921875000005e+02,-1.089857574923618557e+02
4.687417851562499891e+02,-1.115495902936854122e+02
4.687420781250000346e+02,-1.144424139437724932e+02
4.687423710937500232e+02,-9.877279368920218872e+01
4.687426640625000118e+02,-9.785664372461718585e+01
4.687429570312500005e+02,-1.100913256375440881e+02
4.687432499999999891e+02,-1.215480066191117885e+02
4.687435429687500346e+02,-1.100544341780366153e+02
4.687438359375000232e+02,-1.046638489775777572e+02
4.687441289062500118e+02,-1.014601748765269065e+02
4.687444218750000005e+02,-1.060907241345003627e+02
4.687447148437499891e+02,-1.111918326273099780e+02
4.687450078125000346e+02,-1.039267931937424549e+02
4.687453007812500232e+02,-1.026909251615530820e+02
4.687455937500000118e+02,-1.040912605310938375e+02
4.687458867187500005e+02,-1.029230604959012965e+02
4.687461796874999891e+02,-1.106665921743719281e+02
4.687464726562500346e+02,-1.106071424853478646e+02
4.687467656250000232e+02,-1.148823390264901150e+02
4.687470585937500118e+02,-1.014660112784851833e+02
4.687473515625000005e+02,-9.722134954361351333e+01
4.687476445312499891e+02,-1.029557329852044916e+02
4.687479375000000346e+02,-1.105424871888961036e+02
4.687482304687500232e+02,-1.067805581935904371e+02
4.687485234375000118e+02,-1.041307141262249161e+02
4.687488164062500005e+02,-1.076366595711353398e+02
4.687491093749999891e+02,-1.019468765057474968e+02
4.687494023437500346e+02,-1.026764564250396745e+02
4.687496953125000232e+02,-1.013222808502060843e+02
4.687499882812500118e+02,-1.053717853224700320e+02
4.687502812500000005e+02,-1.085721893791916983e+02
4.687505742187499891e+02,-1.061093952756028216e+02
4.687508671875000346e+02,-1.138087714644922954e+02
4.687511601562500232e+02,-1.011194838165770307e+02
4.687514531250000118e+02,-9.964184190808396124e+01
4.687517460937500005e+02,-9.993154893149792883e+01
4.687520390624999891e+02,-9.505093110776957133e+01
4.687523320312500346e+02,-1.079928433477014238e+02
4.687526250000000232e+02,-9.937876958767725455e+01
4.687529179687500118e+02,-1.052586049416859169e+02
4.687532109375000005e+02,-1.014776996211083571e+02
4.687535039062499891e+02,-1.051021523152832913e+02
4.687537968750000346e+02,-9.953505220228016981e+01
4.687540898437500232e+02,-1.018046362611214448e+02
4.687543828125000118e+02,-1.085716692796374616e+02
4.687546757812500005e+02,-9.896699330127657390e+01
4.687549687499999891e+02,-1.016273563855028783e+02
4.687552617187500346e+02,-1.075102900970033488e+02
4.687555546875000232e+02,-9.599216873399682015e+01
4.687558476562500118e+02,-9.417238926905950791e+01
4.687561406250000005e+02,-9.880301689311022528e+01
4.687564335937499891e+02,-1.054061015653525288e+02
4.687567265625000346e+02,-1.066704087905498000e+02
4.687570195312500232e+02,-1.025873174585896521e+02
4.687573125000000118e+02,-1.002512728454687050e+02
4.687576054687500005e+02,-1.018528860757397467e+02
4.687578984374999891e+02,-1.119711754068953127e+02
4.687581914062500346e+02,-1.062781318202156342e+02
4.687584843750000232e+02,-1.052745840758015561e+02
4.687587773437500118e+02,-1.051906835972818186e+02
4.687590703125000005e+02,-9.959756295142183546e+01
4.687593632812499891e+02,-9.920979186262867699e+01
4.687596562500000346e+02,-1.032202218840976258e+02
4.687599492187500232e+02,-9.698094851100267988e+01
4.687602421875000118e+02,-9.741485006959942439e+01
4.687605351562500005e+02,-9.820540787738462996e+01
4.687608281249999891e+02,-1.058025379821443579e+02
4.687611210937500346e+02,-1.045126281455772954e+02
4.687614140625000232e+02,-1.121449275981776452e+02
4.687617070312500118e+02,-1.168950894114440757e+02
