Frequency_MHz,Power_dBHz
4.663620000000000232e+02,-1.019079691553884146e+02
4.663622929687500118e+02,-1.034188539649158827e+02
4.663625859375000005e+02,-1.026050546667489414e+02
4.663628789062499891e+02,-1.087639428303243960e+02
4.663631718750000346e+02,-1.038048573857485906e+02
4.663634648437500232e+02,-1.212195865724250012e+02
4.663637578125000118e+02,-9.900675425263008833e+01
4.663640507812500005e+02,-9.739050336198695845e+01
4.663643437499999891e+02,-1.046691092932294822e+02
4.663646367187500346e+02,-1.112853900019034938e+02
4.663649296875000232e+02,-1.125717663300659410e+02
4.663652226562500118e+02,-1.222155339409990091e+02
4.663655156250000005e+02,-1.145079244680189561e+02
4.663658085937499891e+02,-1.143391210460082874e+02
4.663661015625000346e+02,-1.103929048099287655e+02
4.663663945312500232e+02,-1.105435607605221406e+02
4.663666875000000118e+02,-1.024325815548353802e+02
4.663669804687500005e+02,-1.040781179997245687e+02
4.663672734374999891e+02,-1.046091448718974135e+02
4.663675664062500346e+02,-1.040757679081082756e+02
4.663678593750000232e+02,-1.011231814825404030e+02
4.663681523437500118e+02,-1.159984590299941232e+02
4.663684453125000005e+02,-1.059305217423478211e+02
4.663687382812499891e+02,-9.827163154383428889e+01
4.663690312500000346e+02,-1.037711951412406961e+02
4.663693242187500232e+02,-1.061396822205548318e+02
4.663696171875000118e+02,-1.162811685236553103e+02
4.663699101562500005e+02,-1.102019865533887355e+02
4.663702031249999891e+02,-1.078974241846745201e+02
4.663704960937500346e+02,-1.106765406349798155e+02
4.663707890625000232e+02,-1.185358757427225385e+02
4.663710820312500118e+02,-1.056613694803311887e+02
4.663713750000000005e+02,-1.098063460461593479e+02
4.663716679687499891e+02,-1.043288525053135771e+02
4.663719609375000346e+02,-1.064269247538296952e+02
4.663722539062500232e+02,-1.126371854785857067e+02
4.663725468750000118e+02,-1.025588568429425749e+02
4.663728398437500005e+02,-1.051040652828630755e+02
4.663731328124999891e+02,-1.048662420845600849e+02
4.663734257812500346e+02,-1.020988717661089709e+02
4.663737187500000232e+02,-1.029759872683361976e+02
4.663740117187500118e+02,-1.058960888771415654e+02
4.663743046875000005e+02,-1.196542713276358256e+02
4.663745976562499891e+02,-1.075738419440076967e+02
4.663748906250000346e+02,-1.041685679212402533e+02
4.663751835937500232e+02,-1.064406977479013818e+02
4.663754765625000118e+02,-1.158628970304641257e+02
4.663757695312500005e+02,-1.217020320361498733e+02
4.663760624999999891e+02,-1.154373434893743138e+02
4.663763554687500346e+02,-1.083817428594521317e+02
4.663766484375000232e+02,-1.108561939652248896e+02
4.663769414062500118e+02,-1.035013071697631233e+02
4.663772343750000005e+02,-1.028498559843353632e+02
4.663775273437499891e+02,-1.021562972102992006e+02
4.663778203125000346e+02,-1.044162920459999810e+02
4.663781132812500232e+02,-1.091915333913717916e+02
4.663784062500000118e+02,-1.055167252994708349e+02
4.663786992187500005e+02,-1.034556695281937380e+02
4.663789921874999891e+02,-1.087115930898935972e+02
4.663792851562500346e+02,-1.035241778064837206e+02
4.663795781250000232e+02,-1.026786386958443416e+02
4.663798710937500118e+02,-1.070221843720784847e+02
4.663801640625000005e+02,-1.067191679087344482e+02
4.663804570312499891e+02,-1.140294358526863618e+02
4.663807500000000346e+02,-1.045208992786704982e+02
4.663810429687500232e+02,-1.160911802073177199e+02
4.663813359375000118e+02,-1.116552334088238752e+02
4.663816289062500005e+02,-1.055592005990893085e+02
4.663819218749999891e+02,-1.043032531408686054e+02
4.663822148437500346e+02,-1.022479369706281886e+02
4.663825078125000232e+02,-1.004617322219481110e+02
4.663828007812500118e+02,-1.031980528310375433e+02
4.663830937500000005e+02,-1.050035627334216457e+02
4.663833867187499891e+02,-1.114863718491957059e+02
4.663836796875000346e+02,-1.047952861843587158e+02
4.663839726562500232e+02,-1.019987530032439480e+02
4.663842656250000118e+02,-1.037751311949090649e+02
4.663845585937500005e+02,-1.081049986014235031e+02
4.663848515624999891e+02,-1.101401460621373474e+02
4.663851445312500346e+02,-1.156137815340793651e+02
4.663854375000000232e+02,-1.044242050236629495e+02
4.663857304687500118e+02,-1.109814233911966284e+02
4.663860234375000005e+02,-1.056964798736513274e+02
4.663863164062499891e+02,-1.025756109113636114e+02
4.663866093750000346e+02,-1.031518134549025092e+02
4.663869023437500232e+02,-1.049299217713832491e+02
4.663871953125000118e+02,-1.103760174327163384e+02
4.663874882812500005e+02,-1.024203100686877264e+02
4.663877812499999891e+02,-1.113118467258418036e+02
4.663880742187500346e+02,-1.103204316622576187e+02
4.663883671875000232e+02,-1.048373045389812006e+02
4.663886601562500118e+02,-1.088707364686088539e+02
4.663889531250000005e+02,-1.103635945998582315e+02
4.663892460937499891e+02,-1.048710353731878655e+02
4.663895390625000346e+02,-1.024416812433607333e+02
4.663898320312500232e+02,-1.062524203287171360e+02
4.663901250000000118e+02,-1.189090361162638345e+02
4.663904179687500005e+02,-1.078994343658988555e+02
4.663907109374999891e+02,-1.051380927804253531e+02
4.663910039062500346e+02,-1.025211695010495561e+02
4.663912968750000232e+02,-1.023623689980445022e+02
4.663915898437500118e+02,-1.137516958250732699e+02
4.663918828125000005e+02,-1.035342708499162967e+02
4.663921757812499891e+02,-9.924054531991512818e+01
4.663924687500000346e+02,-1.061772064346651234e+02
4.663927617187500232e+02,-1.064514149258565254e+02
4.663930546875000118e+02,-1.098150698616890395e+02
4.663933476562500005e+02,-1.152309696186261192e+02
4.663936406249999891e+02,-1.107772865393271644e+02
4.663939335937500346e+02,-1.064859810519171788e+02
4.663942265625000232e+02,-1.040462631779791707e+02
4.663945195312500118e+02,-1.082344539565853268e+02
4.663948125000000005e+02,-1.159056360280083453e+02
4.663951054687499891e+02,-1.087756344665145747e+02
4.663953984375000346e+02,-1.035078690687298320e+02
4.663956914062500232e+02,-1.026777975504381146e+02
4.663959843750000118e+02,-1.067457120134452850e+02
4.663962773437500005e+02,-1.121208262686749606e+02
4.663965703124999891e+02,-1.045131073373194397e+02
4.663968632812500346e+02,-1.044810476276990840e+02
4.663971562500000232e+02,-1.073482912798644549e+02
4.663974492187500118e+02,-1.082372723058801256e+02
4.663977421875000005e+02,-1.027014008489376096e+02
4.663980351562499891e+02,-1.011944280306055930e+02
4.663983281250000346e+02,-1.016326334031001295e+02
4.663986210937500232e+02,-1.152364178668508714e+02
4.663989140625000118e+02,-1.055451389034474516e+02
4.663992070312500005e+02,-1.110037964470561747e+02
4.663994999999999891e+02,-1.052320985131506745e+02
4.663997929687500346e+02,-1.022542303279831515e+02
4.664000859375000232e+02,-1.017283595134300924e+02
4.664003789062500118e+02,-1.043595785827618556e+02
4.664006718750000005e+02,-1.030913650962492056e+02
4.664009648437499891e+02,-1.019013970397102895e+02
4.664012578125000346e+02,-1.083395691162900505e+02
4.664015507812500232e+02,-1.054274515454341241e+02
4.664018437500000118e+02,-1.102494021364336447e+02
4.664021367187500005e+02,-1.032582209132074524e+02
4.664024296874999891e+02,-1.116689008855633745e+02
4.664027226562500346e+02,-1.113680302152314283e+02
4.664030156250000232e+02,-1.040849986696970859e+02
4.664033085937500118e+02,-1.073841964037426919e+02
4.664036015625000005e+02,-1.037317540442441839e+02
4.664038945312499891e+02,-1.033446639257324620e+02
4.664041875000000346e+02,-1.055120331739877457e+02
4.664044804687500232e+02,-1.045646430542479379e+02
4.664047734375000118e+02,-1.078155363185804276e+02
4.664050664062500005e+02,-1.099721924014196190e+02
4.664053593749999891e+02,-1.104280836317577439e+02
4.664056523437500346e+02,-1.125483249238251346e+02
4.664059453125000232e+02,-1.042789576856737028e+02
4.664062382812500118e+02,-1.061628870954789079e+02
4.664065312500000005e+02,-1.035550273053507198e+02
4.664068242187499891e+02,-1.042604623374720205e+02
4.664071171875000346e+02,-1.034117967428917382e+02
4.664074101562500232e+02,-1.000800015461762058e+02
4.664077031250000118e+02,-1.080178013524246836e+02
4.664079960937500005e+02,-1.054687661937704490e+02
4.664082890624999891e+02,-9.662164565443909225e+01
4.664085820312500346e+02,-1.004990527795184505e+02
4.664088750000000232e+02,-1.263723395951310948e+02
4.664091679687500118e+02,-1.077498018133108673e+02
4.664094609375000005e+02,-1.018615178898245830e+02
4.664097539062499891e+02,-1.024737458297882711e+02
4.664100468750000346e+02,-1.127248313820200423e+02
4.664103398437500232e+02,-1.082839485596953182e+02
4.664106328125000118e+02,-1.026290697430437291e+02
4.664109257812500005e+02,-1.027599758279382911e+02
4.664112187499999891e+02,-1.133532679010335187e+02
4.664115117187500346e+02,-1.132298596902533774e+02
4.664118046875000232e+02,-1.153174924151894061e+02
4.664120976562500118e+02,-1.205229696106185031e+02
4.664123906250000005e+02,-1.076406400881928818e+02
4.664126835937499891e+02,-1.197829984818152127e+02
4.664129765625000346e+02,-1.032293245697224791e+02
4.664132695312500232e+02,-1.009028594944444848e+02
4.664135625000000118e+02,-1.057585764960319352e+02
4.664138554687500005e+02,-1.049514476224995008e+02
4.664141484374999891e+02,-1.157059832386900808e+02
4.664144414062500346e+02,-1.029311035911051562e+02
4.664147343750000232e+02,-9.920429366151969930e+01
4.664150273437500118e+02,-9.619248495728643888e+01
4.664153203125000005e+02,-9.729514933674869326e+01
4.664156132812499891e+02,-1.023963280194669778e+02
4.664159062500000346e+02,-1.136258629530004924e+02
4.664161992187500232e+02,-1.073215862524688049e+02
4.664164921875000118e+02,-1.281720822014303565e+02
4.664167851562500005e+02,-1.095652723321723272e+02
4.664170781249999891e+02,-1.092735331825804934e+02
4.664173710937500346e+02,-1.041582955970562949e+02
4.664176640625000232e+02,-1.131339560424128052e+02
4.664179570312500118e+02,-1.073706263731480135e+02
4.664182500000000005e+02,-1.065013440600340999e+02
4.664185429687499891e+02,-1.132836374050907580e+02
4.664188359375000346e+02,-1.064878944344739296e+02
4.664191289062500232e+02,-9.999611820304379251e+01
4.664194218750000118e+02,-9.914974195367025800e+01
4.664197148437500005e+02,-1.045874007294982135e+02
4.664200078124999891e+02,-1.069901269108763842e+02
4.664203007812500346e+02,-1.127424012576631469e+02
4.664205937500000232e+02,-1.048247472246297320e+02
4.664208867187500118e+02,-1.063709524033772738e+02
4.664211796875000005e+02,-1.114223549493370768e+02
4.664214726562499891e+02,-1.078594873205543223e+02
4.664217656250000346e+02,-9.956332674265654248e+01
4.664220585937500232e+02,-1.007655286540039299e+02
4.664223515625000118e+02,-1.171120317885509792e+02
4.664226445312500005e+02,-1.067952265238959342e+02
4.664229374999999891e+02,-1.111489189202550989e+02
4.664232304687500346e+02,-1.112572866378962857e+02
4.664235234375000232e+02,-1.058091119707464287e+02
4.664238164062500118e+02,-1.159502524344521390e+02
4.664241093750000005e+02,-1.061869864038956450e+02
4.664244023437499891e+02,-1.062892282938563113e+02
4.664246953125000346e+02,-1.171429579701026000e+02
4.664249882812500232e+02,-1.180296511540114466e+02
4.664252812500000118e+02,-1.024505937216706144e+02
4.664255742187500005e+02,-1.017476538363561360e+02
4.664258671874999891e+02,-1.074519182144925935e+02
4.664261601562500346e+02,-1.040675174952436208e+02
4.664264531250000232e+02,-1.068888343557508023e+02
4.664267460937500118e+02,-1.083262769708140638e+02
4.664270390625000005e+02,-9.905966484406084760e+01
4.664273320312499891e+02,-1.024459491619734024e+02
4.664276250000000346e+02,-1.040447228934520041e+02
4.664279179687500232e+02,-1.132241212532857446e+02
4.664282109375000118e+02,-1.171220552398557402e+02
4.664285039062500005e+02,-1.082644347601626009e+02
4.664287968749999891e+02,-1.112386802046940488e+02
4.664290898437500346e+02,-1.097560719329407419e+02
4.664293828125000232e+02,-1.089090578698743741e+02
4.664296757812500118e+02,-1.016239607622069343e+02
4.664299687500000005e+02,-9.850285892366601104e+01
4.664302617187499891e+02,-1.012053669304001460e+02
4.664305546875000346e+02,-1.099299001341416613e+02
4.664308476562500232e+02,-1.034534768771249702e+02
4.664311406250000118e+02,-1.102869922857771314e+02
4.664314335937500005e+02,-1.060274604919035966e+02
4.664317265624999891e+02,-1.008530023451751987e+02
4.664320195312500346e+02,-1.036654020728363577e+02
4.664323125000000232e+02,-1.080540155462425957e+02
4.664326054687500118e+02,-1.200592139736711914e+02
4.664328984375000005e+02,-1.092570531038308843e+02
4.664331914062499891e+02,-1.162962252577344344e+02
4.664334843750000346e+02,-1.039983746766492629e+02
4.664337773437500232e+02,-1.015366063846633153e+02
4.664340703125000118e+02,-1.111621121433051798e+02
4.664343632812500005e+02,-1.171068996528045858e+02
4.664346562499999891e+02,-1.050514210317744102e+02
4.664349492187500346e+02,-1.082081909391633587e+02
4.664352421875000232e+02,-1.098353088996103253e+02
4.664355351562500118e+02,-1.029915480256884166e+02
4.664358281250000005e+02,-1.093238313368357382e+02
4.664361210937499891e+02,-1.107875081019516159e+02
4.664364140625000346e+02,-1.099353289362717874e+02
4.664367070312500232e+02,-1.132200630182269663e+02
4.664370000000000118e+02,-1.089468604940283853e+02
4.664372929687500005e+02,-1.052476262768279014e+02
4.664375859374999891e+02,-1.080030492850661687e+02
4.664378789062500346e+02,-1.046420832596412254e+02
4.664381718750000232e+02,-1.150030377986512207e+02
4.664384648437500118e+02,-1.058559474105356060e+02
4.664387578125000005e+02,-1.152046186545703392e+02
4.664390507812499891e+02,-1.114571043271895547e+02
4.664393437500000346e+02,-1.127233027012939033e+02
4.664396367187500232e+02,-1.052678494322163090e+02
4.664399296875000118e+02,-1.068808793017181529e+02
4.664402226562500005e+02,-1.107075401423771837e+02
4.664405156249999891e+02,-1.072592334808900603e+02
4.664408085937500346e+02,-1.155864411685453632e+02
4.664411015625000232e+02,-1.065243371220354618e+02
4.664413945312500118e+02,-1.110296151054128870e+02
4.664416875000000005e+02,-1.058310354909593087e+02
4.664419804687499891e+02,-1.131138314562083877e+02
4.664422734375000346e+02,-1.229589751263597606e+02
4.664425664062500232e+02,-1.143674896118278923e+02
4.664428593750000118e+02,-1.123435619275796000e+02
4.664431523437500005e+02,-1.095520330331704315e+02
4.664434453124999891e+02,-1.080283411188489424e+02
4.664437382812500346e+02,-1.031874922478704946e+02
4.664440312500000232e+02,-1.103372679707142936e+02
4.664443242187500118e+02,-1.102157549221912092e+02
4.664446171875000005e+02,-1.121543188467024947e+02
4.664449101562499891e+02,-1.081045801491806344e+02
4.664452031250000346e+02,-1.318279215090842911e+02
4.664454960937500232e+02,-1.091885279711854650e+02
4.664457890625000118e+02,-1.093662203750399726e+02
4.664460820312500005e+02,-1.060799360823999535e+02
4.664463749999999891e+02,-1.049122256902051902e+02
4.664466679687500346e+02,-1.036862204920749093e+02
4.664469609375000232e+02,-1.151355935003759754e+02
4.664472539062500118e+02,-1.063562931134442806e+02
4.664475468750000005e+02,-1.079869659340326535e+02
4.664478398437499891e+02,-1.091064049668515992e+02
4.664481328125000346e+02,-1.008527147834127788e+02
4.664484257812500232e+02,-1.120715654284875171e+02
4.664487187500000118e+02,-1.010433965511578123e+02
4.664490117187500005e+02,-1.005458620325509997e+02
4.664493046874999891e+02,-9.995480797580498233e+01
4.664495976562500346e+02,-1.002425959101738044e+02
4.664498906250000232e+02,-9.910026207618034277e+01
4.664501835937500118e+02,-1.011624584349411151e+02
4.664504765625000005e+02,-9.742850380407094235e+01
4.664507695312499891e+02,-1.003351053059491278e+02
4.664510625000000346e+02,-1.032211556952125164e+02
4.664513554687500232e+02,-1.136938569731108117e+02
4.664516484375000118e+02,-1.056570574402221041e+02
4.664519414062500005e+02,-1.052320283498397799e+02
4.664522343749999891e+02,-1.040842765679530402e+02
4.664525273437500346e+02,-1.118248644998628549e+02
4.664528203125000232e+02,-1.085715070825081909e+02
4.664531132812500118e+02,-1.122791217361607750e+02
4.664534062500000005e+02,-1.133387390446805085e+02
4.664536992187499891e+02,-1.045144568051482850e+02
4.664539921875000346e+02,-1.025830751112967363e+02
4.664542851562500232e+02,-1.007286880859643787e+02
4.664545781250000118e+02,-1.001266618319848760e+02
4.664548710937500005e+02,-1.094197358354776526e+02
4.664551640624999891e+02,-1.101862322038683430e+02
4.664554570312500346e+02,-1.068099195777026154e+02
4.664557500000000232e+02,-1.036433123736817947e+02
4.664560429687500118e+02,-1.099667718964067262e+02
4.664563359375000005e+02,-1.012199056111505655e+02
4.664566289062499891e+02,-1.036004313623949002e+02
4.664569218750000346e+02,-1.119830592467818633e+02
4.664572148437500232e+02,-1.129865671477236475e+02
4.664575078125000118e+02,-1.204002485049266227e+02
4.664578007812500005e+02,-1.088745277859951130e+02
4.664580937499999891e+02,-1.071198457344495836e+02
4.664583867187500346e+02,-1.084813768323434147e+02
4.664586796875000232e+02,-1.062849547758996209e+02
4.664589726562500118e+02,-1.017238561612306427e+02
4.664592656250000005e+02,-1.005933287844596435e+02
4.664595585937499891e+02,-1.005792543876630560e+02
4.664598515625000346e+02,-1.045275881796291486e+02
4.664601445312500232e+02,-1.036431692563635352e+02
4.664604375000000118e+02,-1.081003832900308055e+02
4.664607304687500005e+02,-1.088222542640734645e+02
4.664610234374999891e+02,-1.186948970208712382e+02
4.664613164062500346e+02,-1.053636011641972772e+02
4.664616093750000232e+02,-1.223555024454371676e+02
4.664619023437500118e+02,-1.101315762642873040e+02
4.664621953125000005e+02,-1.129717513919937488e+02
4.664624882812499891e+02,-1.039312748445978940e+02
4.664627812500000346e+02,-1.059085113586256313e+02
4.664630742187500232e+02,-9.943841061885041199e+01
4.664633671875000118e+02,-1.033816275393227784e+02
4.664636601562500005e+02,-1.197041324047973205e+02
4.664639531249999891e+02,-9.960318944913375105e+01
4.664642460937500346e+02,-1.012436750894493684e+02
4.664645390625000232e+02,-1.074231264764860896e+02
4.664648320312500118e+02,-1.063853122182342048e+02
4.664651250000000005e+02,-1.151972647222883097e+02
4.664654179687499891e+02,-1.045876680443765281e+02
4.664657109375000346e+02,-1.029682757299182327e+02
4.664660039062500232e+02,-1.072928735449035429e+02
4.664662968750000118e+02,-1.114833769324674790e+02
4.664665898437500005e+02,-1.097405320028126141e+02
4.664668828124999891e+02,-1.136342045366199898e+02
4.664671757812500346e+02,-1.054865697069710251e+02
4.664674687500000232e+02,-1.021637164949245573e+02
4.664677617187500118e+02,-1.104904844578244365e+02
4.664680546875000005e+02,-1.082459778281669855e+02
4.664683476562499891e+02,-9.895404633929261706e+01
4.664686406250000346e+02,-9.920100346472986530e+01
4.664689335937500232e+02,-1.047444976212027115e+02
4.664692265625000118e+02,-1.251692012807690162e+02
4.664695195312500005e+02,-1.023493765732943928e+02
4.664698124999999891e+02,-1.057968799004105307e+02
4.664701054687500346e+02,-1.091123621988432291e+02
4.664703984375000232e+02,-1.024189091251424912e+02
4.664706914062500118e+02,-1.065698795862854240e+02
4.664709843750000005e+02,-1.169251411914446948e+02
4.664712773437499891e+02,-1.113914086855041603e+02
4.664715703125000346e+02,-1.169364455615621239e+02
4.664718632812500232e+02,-1.074747059680643559e+02
4.664721562500000118e+02,-1.068309844182660271e+02
4.664724492187500005e+02,-1.015445486231978265e+02
4.664727421874999891e+02,-1.079637715686752415e+02
4.664730351562500346e+02,-1.136064805825321287e+02
4.664733281250000232e+02,-1.107995529573657478e+02
4.664736210937500118e+02,-1.081305731274228918e+02
4.664739140625000005e+02,-1.069341844268148378e+02
4.664742070312499891e+02,-1.039232699479853181e+02
4.664745000000000346e+02,-1.083296779579320628e+02
4.664747929687500232e+02,-1.051978345597888449e+02
4.664750859375000118e+02,-1.032437594305183239e+02
4.664753789062500005e+02,-9.990903674478343532e+01
4.664756718749999891e+02,-1.053394119431372360e+02
4.664759648437500346e+02,-1.158035577308811810e+02
4.664762578125000232e+02,-1.032253936660544156e+02
4.664765507812500118e+02,-1.067888185528522627e+02
4.664768437500000005e+02,-1.067041525955261108e+02
4.664771367187499891e+02,-1.073196850759394465e+02
4.664774296875000346e+02,-1.081366985532516765e+02
4.664777226562500232e+02,-1.046967320357825315e+02
4.664780156250000118e+02,-1.053562549689191883e+02
4.664783085937500005e+02,-1.070487705028092478e+02
4.664786015624999891e+02,-1.009043033417420219e+02
4.664788945312500346e+02,-1.022058477978006863e+02
4.664791875000000232e+02,-1.065712658816523373e+02
4.664794804687500118e+02,-1.047591087969387615e+02
4.664797734375000005e+02,-1.048158475993518834e+02
4.664800664062499891e+02,-1.048756983883904894e+02
4.664803593750000346e+02,-1.005219585872498698e+02
4.664806523437500232e+02,-9.998636639230912238e+01
4.664809453125000118e+02,-1.072019631587960191e+02
4.664812382812500005e+02,-1.106001180708759790e+02
4.664815312499999891e+02,-1.112833921350561752e+02
4.664818242187500346e+02,-1.029436925196027914e+02
4.664821171875000232e+02,-9.984237076375046627e+01
4.664824101562500118e+02,-1.026504551999226749e+02
4.664827031250000005e+02,-9.906804668846251616e+01
4.664829960937499891e+02,-9.907036755037076148e+01
4.664832890625000346e+02,-1.181820827011411978e+02
4.664835820312500232e+02,-1.028758979765636354e+02
4.664838750000000118e+02,-1.019186215536777809e+02
4.664841679687500005e+02,-1.127213776736411575e+02
4.664844609374999891e+02,-1.093803266941652907e+02
4.664847539062500346e+02,-1.312942936250047410e+02
4.664850468750000232e+02,-1.139494393321275538e+02
4.664853398437500118e+02,-9.834485641940719347e+01
4.664856328125000005e+02,-9.925359844433296530e+01
4.664859257812499891e+02,-1.002707336842644565e+02
4.664862187500000346e+02,-1.035117287788409755e+02
4.664865117187500232e+02,-1.030945809502843815e+02
4.664868046875000118e+02,-1.046953453572624824e+02
4.664870976562500005e+02,-1.032231019532787570e+02
4.664873906249999891e+02,-1.077707411181837074e+02
4.664876835937500346e+02,-1.080339026387682964e+02
4.664879765625000232e+02,-1.025282283233953535e+02
4.664882695312500118e+02,-1.008240231236997886e+02
4.664885625000000005e+02,-1.053374053942771695e+02
4.664888554687499891e+02,-1.037223654356570535e+02
4.664891484375000346e+02,-1.030019019349340681e+02
4.664894414062500232e+02,-1.071192103490964200e+02
4.664897343750000118e+02,-1.088102646278156413e+02
4.664900273437500005e+02,-1.011028517911380931e+02
4.664903203124999891e+02,-1.080784453576566904e+02
4.664906132812500346e+02,-1.106966265402184888e+02
4.664909062500000232e+02,-1.042300039838445116e+02
4.664911992187500118e+02,-1.195698463645108802e+02
4.664914921875000005e+02,-1.052679889080990137e+02
4.664917851562499891e+02,-1.127420377107983427e+02
4.664920781250000346e+02,-1.080954174589313510e+02
4.664923710937500232e+02,-1.091049168421472046e+02
4.664926640625000118e+02,-9.950710120835265116e+01
4.664929570312500005e+02,-1.030362344391444793e+02
4.664932499999999891e+02,-1.204445851212128105e+02
4.664935429687500346e+02,-1.215853371348318177e+02
4.664938359375000232e+02,-1.144846531130450842e+02
4.664941289062500118e+02,-1.071770387859509697e+02
4.664944218750000005e+02,-1.079617932808089336e+02
4.664947148437499891e+02,-1.082997088481152872e+02
4.664950078125000346e+02,-1.102140705266185563e+02
4.664953007812500232e+02,-1.026842275056453246e+02
4.664955937500000118e+02,-1.026211880632060911e+02
4.664958867187500005e+02,-1.132979484529397780e+02
4.664961796874999891e+02,-1.151130409750503105e+02
4.664964726562500346e+02,-1.096537432746926584e+02
4.664967656250000232e+02,-1.121767632883514096e+02
4.664970585937500118e+02,-1.055445927027434294e+02
4.664973515625000005e+02,-1.012361084464147041e+02
4.664976445312499891e+02,-9.852350779660825708e+01
4.664979375000000346e+02,-9.914513436954351278e+01
4.664982304687500232e+02,-1.018066330650261477e+02
4.664985234375000118e+02,-1.006080463556243672e+02
4.664988164062500005e+02,-1.031748559433673762e+02
4.664991093749999891e+02,-1.014565466696044780e+02
4.664994023437500346e+02,-1.026154209162846342e+02
4.664996953125000232e+02,-1.022984906638082805e+02
4.664999882812500118e+02,-9.783035799079860340e+01
4.665002812500000005e+02,-1.048225378532153940e+02
4.665005742187499891e+02,-1.111964267242832989e+02
4.665008671875000346e+02,-1.082334285599890364e+02
4.665011601562500232e+02,-1.094624550625665336e+02
4.665014531250000118e+02,-1.039793514510325423e+02
4.665017460937500005e+02,-1.031197692533666412e+02
4.665020390624999891e+02,-1.042569886763977962e+02
4.665023320312500346e+02,-1.106892164124100191e+02
4.665026250000000232e+02,-1.009795863782680954e+02
4.665029179687500118e+02,-9.845170510259832497e+01
4.665032109375000005e+02,-9.905359388309470603e+01
4.665035039062499891e+02,-1.001949854771760613e+02
4.665037968750000346e+02,-9.930933715568512810e+01
4.665040898437500232e+02,-1.047586269344160428e+02
4.665043828125000118e+02,-1.154299338693063248e+02
4.665046757812500005e+02,-1.115224245375741674e+02
4.665049687499999891e+02,-1.033904482569756880e+02
4.665052617187500346e+02,-1.087449885784570824e+02
4.665055546875000232e+02,-1.077927775089820841e+02
4.665058476562500118e+02,-1.158853488603417361e+02
4.665061406250000005e+02,-1.029709725030183449e+02
4.665064335937499891e+02,-1.008473180976309749e+02
4.665067265625000346e+02,-1.060743453343661145e+02
4.665070195312500232e+02,-1.047801110933432085e+02
4.665073125000000118e+02,-1.312236919531670480e+02
4.665076054687500005e+02,-1.038292902032489309e+02
4.665078984374999891e+02,-1.016697820913029915e+02
4.665081914062500346e+02,-9.925322699300785700e+01
4.665084843750000232e+02,-9.764138232602304868e+01
4.665087773437500118e+02,-9.770839790655270463e+01
4.665090703125000005e+02,-1.031046483908916400e+02
4.665093632812499891e+02,-1.031359312875472085e+02
4.665096562500000346e+02,-1.027678643134137104e+02
4.665099492187500232e+02,-1.046205641756782398e+02
4.665102421875000118e+02,-1.068907551307918311e+02
4.665105351562500005e+02,-1.085516477145346244e+02
4.665108281249999891e+02,-1.064325789829621272e+02
4.665111210937500346e+02,-1.056744160549207550e+02
4.665114140625000232e+02,-1.033387938643575126e+02
4.665117070312500118e+02,-1.017438476154969749e+02
4.665120000000000005e+02,-1.001239514545902978e+02
4.665122929687499891e+02,-1.028741211574580205e+02
4.665125859375000346e+02,-1.084509979622095699e+02
4.665128789062500232e+02,-1.082962291310097669e+02
4.665131718750000118e+02,-1.008076883919354998e+02
4.665134648437500005e+02,-9.883385795448360511e+01
4.665137578124999891e+02,-9.767629782152752682e+01
4.665140507812500346e+02,-9.823829965008823706e+01
4.665143437500000232e+02,-1.032576126775728937e+02
4.665146367187500118e+02,-1.040317458524476422e+02
4.665149296875000005e+02,-1.023112698473370585e+02
4.665152226562499891e+02,-1.079312150914665978e+02
4.665155156250000346e+02,-1.071757989034724403e+02
4.665158085937500232e+02,-1.097335725543173481e+02
4.665161015625000118e+02,-1.137726122509972697e+02
4.665163945312500005e+02,-1.081443533979412877e+02
4.665166874999999891e+02,-1.112587236260332588e+02
4.665169804687500346e+02,-1.009203147722128193e+02
4.665172734375000232e+02,-1.046730094097946164e+02
4.665175664062500118e+02,-1.070503237032428387e+02
4.665178593750000005e+02,-1.017505875224122605e+02
4.665181523437499891e+02,-1.003847855591250777e+02
4.665184453125000346e+02,-1.049005821650782764e+02
4.665187382812500232e+02,-1.146716939677351945e+02
4.665190312500000118e+02,-1.070799254963980616e+02
4.665193242187500005e+02,-9.959280744426074250e+01
4.665196171874999891e+02,-9.980566168889039602e+01
4.665199101562500346e+02,-1.120126914740508823e+02
4.665202031250000232e+02,-1.031248074217292441e+02
4.665204960937500118e+02,-1.054139889357118136e+02
4.665207890625000005e+02,-1.099453060260761248e+02
4.665210820312499891e+02,-1.080900886884845136e+02
4.665213750000000346e+02,-1.028800434504405530e+02
4.665216679687500232e+02,-1.082453390968578333e+02
4.665219609375000118e+02,-1.074160903457909626e+02
4.665222539062500005e+02,-9.859827650635497776e+01
4.665225468749999891e+02,-9.773097686454107702e+01
4.665228398437500346e+02,-1.045397518839321407e+02
4.665231328125000232e+02,-1.030693671454098705e+02
4.665234257812500118e+02,-1.074236961442947518e+02
4.665237187500000005e+02,-9.999962283036084898e+01
4.665240117187499891e+02,-9.987824471016111261e+01
4.665243046875000346e+02,-9.927298030914398907e+01
4.665245976562500232e+02,-9.666952713801494212e+01
4.665248906250000118e+02,-1.077814952835139763e+02
4.665251835937500005e+02,-9.792774341665111137e+01
4.665254765624999891e+02,-1.009415903757491435e+02
4.665257695312500346e+02,-1.051573330884117610e+02
4.665260625000000232e+02,-1.099542508707128405e+02
4.665263554687500118e+02,-1.022472702935096009e+02
4.665266484375000005e+02,-9.931769150632251808e+01
4.665269414062499891e+02,-1.087274405548392195e+02
4.665272343750000346e+02,-9.906126704822236206e+01
4.665275273437500232e+02,-9.498602731911809371e+01
4.665278203125000118e+02,-1.022242985364857049e+02
4.665281132812500005e+02,-1.070397749270220515e+02
4.665284062499999891e+02,-1.050105475735917793e+02
4.665286992187500346e+02,-1.086820600578811167e+02
4.665289921875000232e+02,-1.057865037141194193e+02
4.665292851562500118e+02,-1.025451557618961971e+02
4.665295781250000005e+02,-1.031163306827439783e+02
4.665298710937499891e+02,-1.036932309396783580e+02
4.665301640625000346e+02,-1.024418229589431775e+02
4.665304570312500232e+02,-9.751850659663253396e+01
4.665307500000000118e+02,-1.004829763146721007e+02
4.665310429687500005e+02,-1.024479358314953856e+02
4.665313359374999891e+02,-1.073427552523652793e+02
4.665316289062500346e+02,-1.169288751268324518e+02
4.665319218750000232e+02,-1.041411806276460368e+02
4.665322148437500118e+02,-1.137345875450766499e+02
4.665325078125000005e+02,-1.029083316252462055e+02
4.665328007812499891e+02,-1.027708057357480413e+02
4.665330937500000346e+02,-1.026135791917202766e+02
4.665333867187500232e+02,-1.051707791957410478e+02
4.665336796875000118e+02,-1.139890436160145981e+02
4.665339726562500005e+02,-1.030529575164551090e+02
4.665342656249999891e+02,-9.839436807977543253e+01
4.665345585937500346e+02,-1.112864835538903918e+02
4.665348515625000232e+02,-1.063741269742414488e+02
4.665351445312500118e+02,-1.073016282501339731e+02
4.665354375000000005e+02,-1.075917144247796244e+02
4.665357304687499891e+02,-1.046881500622929053e+02
4.665360234375000346e+02,-1.125904087677992322e+02
4.665363164062500232e+02,-1.046246758017183112e+02
4.665366093750000118e+02,-1.060762686945966209e+02
4.665369023437500005e+02,-1.101424695275853765e+02
4.665371953124999891e+02,-1.003161683498557721e+02
4.665374882812500346e+02,-1.063002564351039041e+02
4.665377812500000232e+02,-1.029712630755295777e+02
4.665380742187500118e+02,-9.904381741202644207e+01
4.665383671875000005e+02,-1.054465632023305801e+02
4.665386601562499891e+02,-1.059337086267884729e+02
4.665389531250000346e+02,-1.104535510513599945e+02
4.665392460937500232e+02,-1.089642236551484586e+02
4.665395390625000118e+02,-1.132192849786753186e+02
4.665398320312500005e+02,-1.068322582907465090e+02
4.665401249999999891e+02,-9.787460960331060278e+01
4.665404179687500346e+02,-1.024697803040167088e+02
4.665407109375000232e+02,-1.014533224273549195e+02
4.665410039062500118e+02,-1.090686037759066096e+02
4.665412968750000005e+02,-1.249984458577564226e+02
4.665415898437499891e+02,-1.183836411288272643e+02
4.665418828125000346e+02,-1.042538815326537502e+02
4.665421757812500232e+02,-1.047867993211786484e+02
4.665424687500000118e+02,-1.006017359946184797e+02
4.665427617187500005e+02,-1.060499908185081779e+02
4.665430546874999891e+02,-1.022265095688497496e+02
4.665433476562500346e+02,-9.622338390367582406e+01
4.665436406250000232e+02,-9.490503403944502736e+01
4.665439335937500118e+02,-1.007171495100551084e+02
4.665442265625000005e+02,-1.023108433275701543e+02
4.665445195312499891e+02,-1.012326271721371711e+02
4.665448125000000346e+02,-1.019286390221337228e+02
4.665451054687500232e+02,-1.051652973651480920e+02
4.665453984375000118e+02,-1.119629606179090047e+02
4.665456914062500005e+02,-1.186081438506223407e+02
4.665459843749999891e+02,-1.090094331088089916e+02
4.665462773437500346e+02,-1.067352127288220345e+02
4.665465703125000232e+02,-1.098721162513820815e+02
4.665468632812500118e+02,-1.093003858175686247e+02
4.665471562500000005e+02,-1.067903946674756952e+02
4.665474492187499891e+02,-1.032128300105748195e+02
4.665477421875000346e+02,-1.119309599409545228e+02
4.665480351562500232e+02,-1.212026867177045801e+02
4.665483281250000118e+02,-1.104652454034528120e+02
4.665486210937500005e+02,-1.088186623932982116e+02
4.665489140624999891e+02,-1.078868704019306080e+02
4.665492070312500346e+02,-1.100402104882951733e+02
4.665495000000000232e+02,-9.966426553735695393e+01
4.665497929687500118e+02,-1.033529689083654688e+02
4.665500859375000005e+02,-1.011681153414795631e+02
4.665503789062499891e+02,-1.016499339887162847e+02
4.665506718750000346e+02,-1.038951000690836821e+02
4.665509648437500232e+02,-9.946413723905698134e+01
4.665512578125000118e+02,-9.971751171833402339e+01
4.665515507812500005e+02,-1.082661420590346495e+02
4.665518437499999891e+02,-1.029455948007153410e+02
4.665521367187500346e+02,-1.007183676617414108e+02
4.665524296875000232e+02,-1.160539644335322720e+02
4.665527226562500118e+02,-1.045444575284577411e+02
4.665530156250000005e+02,-1.059256993996939684e+02
4.665533085937499891e+02,-9.919155738048013404e+01
4.665536015625000346e+02,-1.022853667220155529e+02
4.665538945312500232e+02,-1.019066688815393462e+02
4.665541875000000118e+02,-9.958968039768981839e+01
4.665544804687500005e+02,-9.647484973437130407e+01
4.665547734374999891e+02,-1.056644311524828908e+02
4.665550664062500346e+02,-1.004737645620169104e+02
4.665553593750000232e+02,-9.995850054465549306e+01
4.665556523437500118e+02,-1.057665697646970671e+02
4.665559453125000005e+02,-1.133844616112100567e+02
4.665562382812499891e+02,-1.095718981825901039e+02
4.665565312500000346e+02,-1.132637354575655024e+02
4.665568242187500232e+02,-1.027798185167871452e+02
4.665571171875000118e+02,-1.064731166082389677e+02
4.665574101562500005e+02,-1.020722449879048099e+02
4.665577031249999891e+02,-9.873524021315046184e+01
4.665579960937500346e+02,-1.036717429081938491e+02
4.665582890625000232e+02,-1.095567275024492773e+02
4.665585820312500118e+02,-1.077864971945950003e+02
4.665588750000000005e+02,-1.060865760990465390e+02
4.665591679687499891e+02,-1.043952696386356394e+02
4.665594609375000346e+02,-1.152374862150875572e+02
4.665597539062500232e+02,-1.075265888044447706e+02
4.665600468750000118e+02,-1.063040373186942702e+02
4.665603398437500005e+02,-1.021699382978258086e+02
4.665606328124999891e+02,-9.877934908389754298e+01
4.665609257812500346e+02,-9.841929939261947879e+01
4.665612187500000232e+02,-9.797217906884655747e+01
4.665615117187500118e+02,-1.050553300979390627e+02
4.665618046875000005e+02,-1.038990432933952093e+02
4.665620976562499891e+02,-9.761850748322689242e+01
4.665623906250000346e+02,-9.918475381318256723e+01
4.665626835937500232e+02,-1.075347156140616534e+02
4.665629765625000118e+02,-1.038930527760054900e+02
4.665632695312500005e+02,-1.153295300314407115e+02
4.665635624999999891e+02,-1.008481612335212958e+02
4.665638554687500346e+02,-1.066318523869609010e+02
4.665641484375000232e+02,-1.034167763339147825e+02
4.665644414062500118e+02,-1.062110395933255518e+02
4.665647343750000005e+02,-1.005951960724175080e+02
4.665650273437499891e+02,-1.030648600338598584e+02
4.665653203125000346e+02,-1.069002799180353520e+02
4.665656132812500232e+02,-1.074634057875151427e+02
4.665659062500000118e+02,-1.039468653212501863e+02
4.665661992187500005e+02,-9.885803885272052582e+01
4.665664921874999891e+02,-1.035135721756713849e+02
4.665667851562500346e+02,-1.008946419644715320e+02
4.665670781250000232e+02,-1.103277053300710691e+02
4.665673710937500118e+02,-1.074090361218166692e+02
4.665676640625000005e+02,-1.102745801859062880e+02
4.665679570312499891e+02,-9.885999750108139494e+01
4.665682500000000346e+02,-9.649811040728151568e+01
4.665685429687500232e+02,-1.001919550568711657e+02
4.665688359375000118e+02,-1.032576155117033636e+02
4.665691289062500005e+02,-1.095612139288001430e+02
4.665694218749999891e+02,-1.038516255582665053e+02
4.665697148437500346e+02,-1.015339066825710574e+02
4.665700078125000232e+02,-9.698609234468392515e+01
4.665703007812500118e+02,-1.054328442362641027e+02
4.665705937500000005e+02,-1.136278910732237932e+02
4.665708867187499891e+02,-1.044016733988431298e+02
4.665711796875000346e+02,-9.929243176166401952e+01
4.665714726562500232e+02,-9.900962640404418380e+01
4.665717656250000118e+02,-1.013870582881244644e+02
4.665720585937500005e+02,-1.216745326881199531e+02
4.665723515624999891e+02,-1.107896336126538870e+02
4.665726445312500346e+02,-1.058084205924880052e+02
4.665729375000000232e+02,-1.019399906520669674e+02
4.665732304687500118e+02,-1.017140835390239459e+02
4.665735234375000005e+02,-1.007706494386954716e+02
4.665738164062499891e+02,-1.062796002426726574e+02
4.665741093750000346e+02,-1.270926669275881693e+02
4.665744023437500232e+02,-1.111074090905909202e+02
4.665746953125000118e+02,-1.063196057752998627e+02
4.665749882812500005e+02,-1.042139034468888070e+02
4.665752812499999891e+02,-1.051005692791885906e+02
4.665755742187500346e+02,-1.071029235699554363e+02
4.665758671875000232e+02,-1.053347952388523652e+02
4.665761601562500118e+02,-1.081176275818703800e+02
4.665764531250000005e+02,-1.152999305565141128e+02
4.665767460937499891e+02,-1.145953912815930806e+02
4.665770390625000346e+02,-1.004165727410090199e+02
4.665773320312500232e+02,-9.891107632248284176e+01
4.665776250000000118e+02,-1.032340694524864659e+02
4.665779179687500005e+02,-1.056227620541225889e+02
4.665782109374999891e+02,-1.028826211640496808e+02
4.665785039062500346e+02,-1.192614004000036090e+02
4.665787968750000232e+02,-1.063800369452151386e+02
4.665790898437500118e+02,-9.822172129914541472e+01
4.665793828125000005e+02,-1.013073957607036277e+02
4.665796757812499891e+02,-1.182561994748649283e+02
4.665799687500000346e+02,-1.152358569823547612e+02
4.665802617187500232e+02,-1.034637379598237317e+02
4.665805546875000118e+02,-1.025247433142427838e+02
4.665808476562500005e+02,-1.172073315114799072e+02
4.665811406249999891e+02,-1.018118979754359685e+02
4.665814335937500346e+02,-9.507719940450428453e+01
4.665817265625000232e+02,-9.771331550867114402e+01
4.665820195312500118e+02,-1.027779880322115247e+02
4.665823125000000005e+02,-1.024993708140952577e+02
4.665826054687499891e+02,-1.012664527069151887e+02
4.665828984375000346e+02,-9.858321513039527417e+01
4.665831914062500232e+02,-1.015509969410287141e+02
4.665834843750000118e+02,-9.753189447615213226e+01
4.665837773437500005e+02,-9.791731785968151769e+01
4.665840703124999891e+02,-1.036743038720536276e+02
4.665843632812500346e+02,-1.314779699764745260e+02
4.665846562500000232e+02,-1.150768530482953054e+02
4.665849492187500118e+02,-1.059489077877725265e+02
4.665852421875000005e+02,-9.856782927097421521e+01
4.665855351562499891e+02,-9.706506657188226939e+01
4.665858281250000346e+02,-1.010730976303399018e+02
4.665861210937500232e+02,-1.046232975666599430e+02
4.665864140625000118e+02,-1.026896457612323559e+02
4.665867070312500005e+02,-9.633488886860517653e+01
4.665869999999999891e+02,-9.707954840693133747e+01
4.665872929687500346e+02,-9.780761243048630149e+01
4.665875859375000232e+02,-1.017317886287557371e+02
4.665878789062500118e+02,-1.054736906982365667e+02
4.665881718750000005e+02,-1.150098683833103337e+02
4.665884648437499891e+02,-1.186410536741674377e+02
4.665887578125000346e+02,-1.038053674176476875e+02
4.665890507812500232e+02,-1.060226249617492300e+02
4.665893437500000118e+02,-1.049685540115557671e+02
4.665896367187500005e+02,-1.026594696750010627e+02
4.665899296874999891e+02,-1.020172162907032600e+02
4.665902226562500346e+02,-9.746070078153516647e+01
4.665905156250000232e+02,-1.081526935763199049e+02
4.665908085937500118e+02,-1.236939514034692564e+02
4.665911015625000005e+02,-1.068785487430294410e+02
4.665913945312499891e+02,-1.342887571969968121e+02
4.665916875000000346e+02,-1.046550396586396232e+02
4.665919804687500232e+02,-1.059163584880263187e+02
4.665922734375000118e+02,-1.034621164448299737e+02
4.665925664062500005e+02,-1.131780978207520718e+02
4.665928593749999891e+02,-1.083309911716498988e+02
4.665931523437500346e+02,-1.067114167280235506e+02
4.665934453125000232e+02,-1.051207238464339184e+02
4.665937382812500118e+02,-1.073877505953543903e+02
4.665940312500000005e+02,-1.056510919551247554e+02
4.665943242187499891e+02,-9.818197215541636069e+01
4.665946171875000346e+02,-9.936753028726562320e+01
4.665949101562500232e+02,-1.010959549932819073e+02
4.665952031250000118e+02,-1.123565538209695660e+02
4.665954960937500005e+02,-1.004009472490347576e+02
4.665957890624999891e+02,-9.806548424966146627e+01
4.665960820312500346e+02,-9.847222516772978906e+01
4.665963750000000232e+02,-9.713866073163464421e+01
4.665966679687500118e+02,-1.047846272536829986e+02
4.665969609375000005e+02,-1.239021552823502077e+02
4.665972539062499891e+02,-1.112259211878182441e+02
4.665975468750000346e+02,-1.040485066620269237e+02
4.665978398437500232e+02,-9.793480586142624134e+01
4.665981328125000118e+02,-9.542868464133587736e+01
4.665984257812500005e+02,-1.012886625656954465e+02
4.665987187499999891e+02,-1.025913244979816739e+02
4.665990117187500346e+02,-1.029366286402199080e+02
4.665993046875000232e+02,-9.994671498995403169e+01
4.665995976562500118e+02,-1.197976827464134146e+02
4.665998906250000005e+02,-1.107979028225219196e+02
4.666001835937499891e+02,-1.044834927841970114e+02
4.666004765625000346e+02,-1.003713987906145348e+02
4.666007695312500232e+02,-1.007202558286475522e+02
4.666010625000000118e+02,-9.229739309388811819e+01
4.666013554687500005e+02,-9.176184010550124981e+01
4.666016484374999891e+02,-9.799143847132980056e+01
4.666019414062500346e+02,-1.039331018108013609e+02
4.666022343750000232e+02,-9.508012704065636456e+01
4.666025273437500118e+02,-9.533767530484821862e+01
4.666028203125000005e+02,-9.576586025132627356e+01
4.666031132812499891e+02,-1.014102227801610212e+02
4.666034062500000346e+02,-9.894816004444237478e+01
4.666036992187500232e+02,-9.928889925804348593e+01
4.666039921875000118e+02,-1.107019747652249464e+02
4.666042851562500005e+02,-9.910929516729210320e+01
4.666045781249999891e+02,-9.920711521900379637e+01
4.666048710937500346e+02,-1.001134774386136144e+02
4.666051640625000232e+02,-9.421656293818222139e+01
4.666054570312500118e+02,-9.964938519643160930e+01
4.666057500000000005e+02,-1.059110618658164356e+02
4.666060429687499891e+02,-1.020257329432913593e+02
4.666063359375000346e+02,-1.067305287770647055e+02
4.666066289062500232e+02,-9.690118385017345304e+01
4.666069218750000118e+02,-1.002555023171103841e+02
4.666072148437500005e+02,-1.077968981781414186e+02
4.666075078124999891e+02,-1.052531573500283173e+02
4.666078007812500346e+02,-1.053089378850642959e+02
4.666080937500000232e+02,-1.088299177100616930e+02
4.666083867187500118e+02,-9.660835949124896160e+01
4.666086796875000005e+02,-9.389143296713010045e+01
4.666089726562499891e+02,-9.610471654703246713e+01
4.666092656250000346e+02,-1.013399154946495315e+02
4.666095585937500232e+02,-9.914742839121657880e+01
4.666098515625000118e+02,-1.036056532245905402e+02
4.666101445312500005e+02,-9.873125768621791565e+01
4.666104374999999891e+02,-1.002146227329684649e+02
4.666107304687500346e+02,-1.174373148885471494e+02
4.666110234375000232e+02,-1.074189065980007030e+02
4.666113164062500118e+02,-9.904586961655064670e+01
4.666116093750000005e+02,-9.668103256937118317e+01
4.666119023437499891e+02,-1.038370456188252291e+02
4.666121953125000346e+02,-1.034902118888004594e+02
4.666124882812500232e+02,-1.033454420248340284e+02
4.666127812500000118e+02,-1.069972165762931127e+02
4.666130742187500005e+02,-1.076341799513831887e+02
4.666133671874999891e+02,-1.020441814864693413e+02
4.666136601562500346e+02,-1.047534043110139237e+02
4.666139531250000232e+02,-1.058128517084190321e+02
4.666142460937500118e+02,-1.089531022208408899e+02
4.666145390625000005e+02,-1.028296145893442457e+02
4.666148320312499891e+02,-1.045610837640038540e+02
4.666151250000000346e+02,-1.005420686664025709e+02
4.666154179687500232e+02,-9.862684001079891516e+01
4.666157109375000118e+02,-1.019378809850759069e+02
4.666160039062500005e+02,-1.033501737728954595e+02
4.666162968749999891e+02,-1.009153609473892033e+02
4.666165898437500346e+02,-1.179974192982891736e+02
4.666168828125000232e+02,-1.022818119239915546e+02
4.666171757812500118e+02,-1.062839987641812769e+02
4.666174687500000005e+02,-1.037001349018947280e+02
4.666177617187499891e+02,-1.037956364393461826e+02
4.666180546875000346e+02,-1.108934605965168316e+02
4.666183476562500232e+02,-1.171425764025678120e+02
4.666186406250000118e+02,-1.040491465130503315e+02
4.666189335937500005e+02,-9.560163950376092146e+01
4.666192265624999891e+02,-9.608547890358619270e+01
4.666195195312500346e+02,-9.447604793339642981e+01
4.666198125000000232e+02,-9.602244947075161008e+01
4.666201054687500118e+02,-1.001118709623364111e+02
4.666203984375000005e+02,-9.339884568053196290e+01
4.666206914062499891e+02,-9.399771976240388938e+01
4.666209843750000346e+02,-9.714275324194963446e+01
4.666212773437500232e+02,-9.923817321629817911e+01
4.666215703125000118e+02,-1.028149474167351229e+02
4.666218632812500005e+02,-1.018660384299371202e+02
4.666221562499999891e+02,-1.053942245075351281e+02
4.666224492187500346e+02,-1.103243047029593384e+02
4.666227421875000232e+02,-1.096363072131995580e+02
4.666230351562500118e+02,-1.003478373438783819e+02
4.666233281250000005e+02,-1.001678547273708659e+02
4.666236210937499891e+02,-1.012553337862343028e+02
4.666239140625000346e+02,-1.038456439732394756e+02
4.666242070312500232e+02,-1.010029277561421850e+02
4.666245000000000118e+02,-1.000957718958000839e+02
4.666247929687500005e+02,-9.835844822954234701e+01
4.666250859374999891e+02,-1.033796662536120579e+02
4.666253789062500346e+02,-1.033963504897634209e+02
4.666256718750000232e+02,-1.054871272401898494e+02
4.666259648437500118e+02,-1.104362476051001209e+02
4.666262578125000005e+02,-1.012579020004239396e+02
4.666265507812499891e+02,-1.056322723024027965e+02
4.666268437500000346e+02,-1.012308353690027616e+02
4.666271367187500232e+02,-9.464935939739723381e+01
4.666274296875000118e+02,-1.055026773224343799e+02
4.666277226562500005e+02,-1.102933682837530966e+02
4.666280156249999891e+02,-1.144590105708005012e+02
4.666283085937500346e+02,-1.098660953255064641e+02
4.666286015625000232e+02,-1.131812797592841235e+02
4.666288945312500118e+02,-1.023295294956173223e+02
4.666291875000000005e+02,-1.011031857885205909e+02
4.666294804687499891e+02,-1.059255066520977664e+02
4.666297734375000346e+02,-1.076650889447898010e+02
4.666300664062500232e+02,-1.025732239877604854e+02
4.666303593750000118e+02,-1.037973982607583565e+02
4.666306523437500005e+02,-1.004730852211046255e+02
4.666309453124999891e+02,-1.025568552967886546e+02
4.666312382812500346e+02,-1.006629409507368393e+02
4.666315312500000232e+02,-9.692617262525467936e+01
4.666318242187500118e+02,-1.020670561503738156e+02
4.666321171875000005e+02,-9.232615494730985972e+01
4.666324101562499891e+02,-9.328595737779929209e+01
4.666327031250000346e+02,-9.903624570205067812e+01
4.666329960937500232e+02,-9.960515890375836534e+01
4.666332890625000118e+02,-9.964682126626644276e+01
4.666335820312500005e+02,-1.031382442082341413e+02
4.666338749999999891e+02,-1.070112785182411983e+02
4.666341679687500346e+02,-1.065139200791849987e+02
4.666344609375000232e+02,-1.132185948616424298e+02
4.666347539062500118e+02,-9.929132616568337255e+01
4.666350468750000005e+02,-1.040430230231623767e+02
4.666353398437499891e+02,-1.073603108098441794e+02
4.666356328125000346e+02,-1.001481519183203943e+02
4.666359257812500232e+02,-1.016099845165115312e+02
4.666362187500000118e+02,-1.020850794282811762e+02
4.666365117187500005e+02,-1.076697019264489370e+02
4.666368046874999891e+02,-1.010950228846018035e+02
4.666370976562500346e+02,-1.003686512496056480e+02
4.666373906250000232e+02,-1.011200470463872705e+02
4.666376835937500118e+02,-1.155905885361363516e+02
4.666379765625000005e+02,-1.031760641985243154e+02
4.666382695312499891e+02,-9.803139911015973951e+01
4.666385625000000346e+02,-9.444074321013528106e+01
4.666388554687500232e+02,-9.461649515520750242e+01
4.666391484375000118e+02,-9.895437323508966188e+01
4.666394414062500005e+02,-1.019778902434954801e+02
4.666397343749999891e+02,-1.008542161325719064e+02
4.666400273437500346e+02,-1.064874782937994411e+02
4.666403203125000232e+02,-9.990871589717981749e+01
4.666406132812500118e+02,-9.509166325543822040e+01
4.666409062500000005e+02,-9.988629748170086486e+01
4.666411992187499891e+02,-9.930692561964703202e+01
4.666414921875000346e+02,-9.895438491155788086e+01
4.666417851562500232e+02,-1.155226084248459273e+02
4.666420781250000118e+02,-1.079250167157090061e+02
4.666423710937500005e+02,-9.549858696781927847e+01
4.666426640624999891e+02,-9.690727447991554300e+01
4.666429570312500346e+02,-1.225781873005618650e+02
4.666432500000000232e+02,-9.953892110786426883e+01
4.666435429687500118e+02,-9.961753099075805551e+01
4.666438359375000005e+02,-9.717285639636554606e+01
4.666441289062499891e+02,-9.571087197750568976e+01
4.666444218750000346e+02,-9.487888097408088584e+01
4.666447148437500232e+02,-9.684951046129070562e+01
4.666450078125000118e+02,-1.087098120975057611e+02
4.666453007812500005e+02,-1.072168692511277044e+02
4.666455937499999891e+02,-9.406551958083205989e+01
4.666458867187500346e+02,-9.498713741174113068e+01
4.666461796875000232e+02,-9.692387768581383511e+01
4.666464726562500118e+02,-9.955411400814206502e+01
4.666467656250000005e+02,-1.055607423404049712e+02
4.666470585937499891e+02,-1.083327981430125817e+02
4.666473515625000346e+02,-1.007400912932893533e+02
4.666476445312500232e+02,-9.911743635269098718e+01
4.666479375000000118e+02,-9.915411684527668967e+01
4.666482304687500005e+02,-9.965583478487758384e+01
4.666485234374999891e+02,-9.597379773830414251e+01
4.666488164062500346e+02,-9.776595734864267229e+01
4.666491093750000232e+02,-9.974263019269062625e+01
4.666494023437500118e+02,-1.007382540065410126e+02
4.666496953125000005e+02,-1.037656641456777038e+02
4.666499882812499891e+02,-1.115249022933234926e+02
4.666502812500000346e+02,-1.060526537453151406e+02
4.666505742187500232e+02,-1.142129416937468847e+02
4.666508671875000118e+02,-1.019649306323125586e+02
4.666511601562500005e+02,-9.307930527185425262e+01
4.666514531249999891e+02,-9.711245343968670340e+01
4.666517460937500346e+02,-1.032531542033216283e+02
4.666520390625000232e+02,-1.088139708472821496e+02
4.666523320312500118e+02,-1.006275623693724555e+02
4.666526250000000005e+02,-9.466099769294356747e+01
4.666529179687499891e+02,-9.367882438419144364e+01
4.666532109375000346e+02,-9.848834182710264429e+01
4.666535039062500232e+02,-1.029947953902940299e+02
4.666537968750000118e+02,-1.064647004445085798e+02
4.666540898437500005e+02,-1.082122512531965413e+02
4.666543828124999891e+02,-1.024672478857112736e+02
4.666546757812500346e+02,-1.042861601986160593e+02
4.666549687500000232e+02,-1.084958817020562947e+02
4.666552617187500118e+02,-1.054162580560012259e+02
4.666555546875000005e+02,-9.968904366285713081e+01
4.666558476562499891e+02,-1.075878613484751156e+02
4.666561406250000346e+02,-1.128072856545204559e+02
4.666564335937500232e+02,-1.076887310425413204e+02
4.666567265625000118e+02,-9.953941831889105174e+01
4.666570195312500005e+02,-1.027395405658242424e+02
4.666573124999999891e+02,-1.018634819497765989e+02
4.666576054687500346e+02,-1.052681988844762060e+02
4.666578984375000232e+02,-1.032561550042431264e+02
4.666581914062500118e+02,-1.004985514957799921e+02
4.666584843750000005e+02,-9.859695648341673291e+01
4.666587773437499891e+02,-9.247502638664843744e+01
4.666590703125000346e+02,-9.553374914024873021e+01
4.666593632812500232e+02,-9.724991884342016135e+01
4.666596562500000118e+02,-1.055182403613072637e+02
4.666599492187500005e+02,-9.796166221033558941e+01
4.666602421874999891e+02,-9.554214269817438776e+01
4.666605351562500346e+02,-1.110463894052571590e+02
4.666608281250000232e+02,-1.023720104449468806e+02
4.666611210937500118e+02,-9.795558828966795772e+01
4.666614140625000005e+02,-1.103629273941774613e+02
4.666617070312499891e+02,-1.037508182048496508e+02
4.666620000000000346e+02,-1.067602813665330785e+02
4.666622929687500232e+02,-1.128855916074090118e+02
4.666625859375000118e+02,-1.037041721624702291e+02
4.666628789062500005e+02,-1.061473206290240654e+02
4.666631718749999891e+02,-9.986003855142813279e+01
4.666634648437500346e+02,-1.010517220010016928e+02
4.666637578125000232e+02,-1.055234979249644027e+02
4.666640507812500118e+02,-1.079721371331593218e+02
4.666643437500000005e+02,-9.691037332267221416e+01
4.666646367187499891e+02,-9.469568472446596274e+01
4.666649296875000346e+02,-1.023140926200545948e+02
4.666652226562500232e+02,-9.760535358595248567e+01
4.666655156250000118e+02,-9.493125479920621501e+01
4.666658085937500005e+02,-9.951739237752489942e+01
4.666661015624999891e+02,-1.093972233539775374e+02
4.666663945312500346e+02,-1.008867185466191785e+02
4.666666875000000232e+02,-9.901967106299852617e+01
4.666669804687500118e+02,-1.214862354906645692e+02
4.666672734375000005e+02,-1.051806382676501812e+02
4.666675664062499891e+02,-1.013783076679942212e+02
4.666678593750000346e+02,-1.001449937923242572e+02
4.666681523437500232e+02,-9.566842056290950325e+01
4.666684453125000118e+02,-9.937693264866341281e+01
4.666687382812500005e+02,-1.018623573031390919e+02
4.666690312499999891e+02,-9.925157764573049235e+01
4.666693242187500346e+02,-1.017180312978192092e+02
4.666696171875000232e+02,-9.886714073583246432e+01
4.666699101562500118e+02,-1.142320117732756870e+02
4.666702031250000005e+02,-1.006710708628333748e+02
4.666704960937499891e+02,-1.073606798087028125e+02
4.666707890625000346e+02,-1.052691158983789990e+02
4.666710820312500232e+02,-9.755357065615021384e+01
4.666713750000000118e+02,-9.769686930286725612e+01
4.666716679687500005e+02,-9.805678723708604139e+01
4.666719609374999891e+02,-9.858746243976179358e+01
4.666722539062500346e+02,-1.162532314130568523e+02
4.666725468750000232e+02,-1.068349230916814321e+02
4.666728398437500118e+02,-9.728143056240882913e+01
4.666731328125000005e+02,-9.881924649520215098e+01
4.666734257812499891e+02,-1.109636515624544728e+02
4.666737187500000346e+02,-9.512864827358376374e+01
4.666740117187500232e+02,-9.499907998729604230e+01
4.666743046875000118e+02,-1.019210960340664656e+02
4.666745976562500005e+02,-9.560481306952382852e+01
4.666748906249999891e+02,-9.382640576896179141e+01
4.666751835937500346e+02,-9.923925359616690400e+01
4.666754765625000232e+02,-9.733676385619786231e+01
4.666757695312500118e+02,-1.010902563351610581e+02
4.666760625000000005e+02,-9.817911786768782179e+01
4.666763554687499891e+02,-9.331874639678017047e+01
4.666766484375000346e+02,-1.105100215651088433e+02
4.666769414062500232e+02,-9.889298950061544247e+01
4.666772343750000118e+02,-9.390633286902283317e+01
4.666775273437500005e+02,-1.042392912577048349e+02
4.666778203124999891e+02,-1.005284606849309483e+02
4.666781132812500346e+02,-9.791667910317214307e+01
4.666784062500000232e+02,-1.144761681160797906e+02
4.666786992187500118e+02,-9.969738537933926636e+01
4.666789921875000005e+02,-9.770820335368060228e+01
4.666792851562499891e+02,-1.017589393233585042e+02
4.666795781250000346e+02,-1.016546289479256302e+02
4.666798710937500232e+02,-9.954738120879946450e+01
4.666801640625000118e+02,-9.661866357972384378e+01
4.666804570312500005e+02,-9.811204996392761757e+01
4.666807499999999891e+02,-1.026349574394237720e+02
4.666810429687500346e+02,-1.109483153480801008e+02
4.666813359375000232e+02,-9.956999998895798853e+01
4.666816289062500118e+02,-9.529497574823000150e+01
4.666819218750000005e+02,-9.942653720309168364e+01
4.666822148437499891e+02,-1.004461838966304583e+02
4.666825078125000346e+02,-9.680093565530461319e+01
4.666828007812500232e+02,-1.004781580803122978e+02
4.666830937500000118e+02,-9.895997735064797496e+01
4.666833867187500005e+02,-9.877184273528301617e+01
4.666836796874999891e+02,-1.054512647394222711e+02
4.666839726562500346e+02,-1.004788508462307846e+02
4.666842656250000232e+02,-9.943042284066378045e+01
4.666845585937500118e+02,-1.030312847428515397e+02
4.666848515625000005e+02,-1.009753731697371109e+02
4.666851445312499891e+02,-1.034212572701412682e+02
4.666854375000000346e+02,-1.056959431232976385e+02
4.666857304687500232e+02,-9.870594191544108753e+01
4.666860234375000118e+02,-1.001130884857984142e+02
4.666863164062500005e+02,-9.944044428248965062e+01
4.666866093749999891e+02,-9.672040530144776938e+01
4.666869023437500346e+02,-1.009845379038832647e+02
4.666871953125000232e+02,-1.077755481998169103e+02
4.666874882812500118e+02,-1.045089869784022909e+02
4.666877812500000005e+02,-9.956644813403663363e+01
4.666880742187499891e+02,-9.197934483134874029e+01
4.666883671875000346e+02,-9.120392407432174764e+01
4.666886601562500232e+02,-9.763882178109847132e+01
4.666889531250000118e+02,-1.028345065033605152e+02
4.666892460937500005e+02,-1.060982728057430222e+02
4.666895390624999891e+02,-1.049555315215957592e+02
4.666898320312500346e+02,-1.051739202241389535e+02
4.666901250000000232e+02,-1.065255256774557893e+02
4.666904179687500118e+02,-1.021060428028718263e+02
4.666907109375000005e+02,-1.086297497969748207e+02
4.666910039062499891e+02,-1.083476590159021100e+02
4.666912968750000346e+02,-1.029898763395590038e+02
4.666915898437500232e+02,-1.001036178002372026e+02
4.666918828125000118e+02,-9.582508968758432388e+01
4.666921757812500005e+02,-1.107214775592426577e+02
4.666924687499999891e+02,-9.956535224546469465e+01
4.666927617187500346e+02,-1.004017424673473755e+02
4.666930546875000232e+02,-1.103328472291754565e+02
4.666933476562500118e+02,-1.024304163567359325e+02
4.666936406250000005e+02,-1.052081684510517476e+02
4.666939335937499891e+02,-1.108449604542466460e+02
4.666942265625000346e+02,-9.927958723190312185e+01
4.666945195312500232e+02,-9.524324619254906565e+01
4.666948125000000118e+02,-9.995415396332033708e+01
4.666951054687500005e+02,-1.001150879604200128e+02
4.666953984374999891e+02,-9.584584256015988046e+01
4.666956914062500346e+02,-9.779684808288945419e+01
4.666959843750000232e+02,-1.018615766662181699e+02
4.666962773437500118e+02,-9.951031355110617937e+01
4.666965703125000005e+02,-9.681806507881236712e+01
4.666968632812499891e+02,-9.930127304899468754e+01
4.666971562500000346e+02,-1.033442168438362074e+02
4.666974492187500232e+02,-1.037945700554699613e+02
4.666977421875000118e+02,-1.011507628133430217e+02
4.666980351562500005e+02,-1.041204157328132567e+02
4.666983281249999891e+02,-1.024292555859367440e+02
4.666986210937500346e+02,-1.066462448642931093e+02
4.666989140625000232e+02,-1.073271008115303147e+02
4.666992070312500118e+02,-1.031962229789147614e+02
4.666995000000000005e+02,-1.071637538528955957e+02
4.666997929687499891e+02,-1.066790397833968314e+02
4.667000859375000346e+02,-1.015955759419959605e+02
4.667003789062500232e+02,-1.037071236991487524e+02
4.667006718750000118e+02,-9.722871331264641981e+01
4.667009648437500005e+02,-1.016256259384943519e+02
4.667012578124999891e+02,-1.037956289457445536e+02
4.667015507812500346e+02,-1.053573023077430690e+02
4.667018437500000232e+02,-1.097506600066537317e+02
4.667021367187500118e+02,-9.809724825423765537e+01
4.667024296875000005e+02,-9.736180816751500799e+01
4.667027226562499891e+02,-1.064642142180762221e+02
4.667030156250000346e+02,-1.028979179634783065e+02
4.667033085937500232e+02,-9.418248335927641790e+01
4.667036015625000118e+02,-1.015045234610348075e+02
4.667038945312500005e+02,-9.605157816820747030e+01
4.667041874999999891e+02,-9.412383316215311879e+01
4.667044804687500346e+02,-9.197434633020962735e+01
4.667047734375000232e+02,-9.606509877109306217e+01
4.667050664062500118e+02,-1.003524925371000478e+02
4.667053593750000005e+02,-9.575562041949409320e+01
4.667056523437499891e+02,-9.514981750196390919e+01
4.667059453125000346e+02,-1.214032850993835524e+02
4.667062382812500232e+02,-9.988968309335524509e+01
4.667065312500000118e+02,-9.720865141158623146e+01
4.667068242187500005e+02,-1.020578512120226549e+02
4.667071171874999891e+02,-1.164454278790105661e+02
4.667074101562500346e+02,-1.107406900118434976e+02
4.667077031250000232e+02,-1.050131835427403502e+02
4.667079960937500118e+02,-1.050853498703422275e+02
4.667082890625000005e+02,-1.060636278258415928e+02
4.667085820312499891e+02,-1.032030283323383060e+02
4.667088750000000346e+02,-9.710830929251309840e+01
4.667091679687500232e+02,-9.422425898939187050e+01
4.667094609375000118e+02,-9.414108670590735528e+01
4.667097539062500005e+02,-9.246184904633496160e+01
4.667100468749999891e+02,-9.488493110100657191e+01
4.667103398437500346e+02,-9.882124896887705745e+01
4.667106328125000232e+02,-9.666633299990812134e+01
4.667109257812500118e+02,-1.008685858447959305e+02
4.667112187500000005e+02,-1.015183690042723441e+02
4.667115117187499891e+02,-1.006962841327756877e+02
4.667118046875000346e+02,-1.045728425741583578e+02
4.667120976562500232e+02,-9.945091235608025215e+01
4.667123906250000118e+02,-9.873533963167807315e+01
4.667126835937500005e+02,-9.934977286123741180e+01
4.667129765624999891e+02,-1.035731919800162188e+02
4.667132695312500346e+02,-1.118781901185886483e+02
4.667135625000000232e+02,-1.011444317937281170e+02
4.667138554687500118e+02,-9.826347933747192087e+01
4.667141484375000005e+02,-9.637122920018263983e+01
4.667144414062499891e+02,-1.004208127326194102e+02
4.667147343750000346e+02,-1.059658027294635758e+02
4.667150273437500232e+02,-1.109769642118782684e+02
4.667153203125000118e+02,-1.104251434820490232e+02
4.667156132812500005e+02,-1.086513762525258926e+02
4.667159062499999891e+02,-1.017459188119214133e+02
4.667161992187500346e+02,-1.027755362641506451e+02
4.667164921875000232e+02,-9.331561584793587372e+01
4.667167851562500118e+02,-9.293123025380177182e+01
4.667170781250000005e+02,-9.390414784067201026e+01
4.667173710937499891e+02,-9.679547621345949437e+01
4.667176640625000346e+02,-9.519134115856496692e+01
4.667179570312500232e+02,-9.572124042889413431e+01
4.667182500000000118e+02,-9.773899666659048080e+01
4.667185429687500005e+02,-9.560496770039799230e+01
4.667188359374999891e+02,-9.493074205560907330e+01
4.667191289062500346e+02,-1.009891122406366861e+02
4.667194218750000232e+02,-1.014095405971013264e+02
4.667197148437500118e+02,-1.044443254202298164e+02
4.667200078125000005e+02,-9.728095625682585990e+01
4.667203007812499891e+02,-1.012925291490160760e+02
4.667205937500000346e+02,-1.063040993685449678e+02
4.667208867187500232e+02,-1.015812643351080879e+02
4.667211796875000118e+02,-1.020830801219438086e+02
4.667214726562500005e+02,-1.067297981230507276e+02
4.667217656249999891e+02,-9.466349839321048876e+01
4.667220585937500346e+02,-9.857022913936273767e+01
4.667223515625000232e+02,-1.061416403634355561e+02
4.667226445312500118e+02,-1.049800577440007601e+02
4.667229375000000005e+02,-1.032021239086074615e+02
4.667232304687499891e+02,-9.971561863297259265e+01
4.667235234375000346e+02,-1.012126195659384678e+02
4.667238164062500232e+02,-1.073953241061256705e+02
4.667241093750000118e+02,-1.184154879601928485e+02
4.667244023437500005e+02,-1.099008123415917169e+02
4.667246953124999891e+02,-9.670851915200385918e+01
4.667249882812500346e+02,-9.561835808762842248e+01
4.667252812500000232e+02,-9.680349749136436799e+01
4.667255742187500118e+02,-1.000448195210407931e+02
4.667258671875000005e+02,-1.041310131858810593e+02
4.667261601562499891e+02,-1.022373926344475450e+02
4.667264531250000346e+02,-9.926020265035917589e+01
4.667267460937500232e+02,-9.370693808895228472e+01
4.667270390625000118e+02,-9.076922663446200090e+01
4.667273320312500005e+02,-9.712647201870979075e+01
4.667276249999999891e+02,-1.109383944599885297e+02
4.667279179687500346e+02,-1.012569658824253480e+02
4.667282109375000232e+02,-1.014624517949096116e+02
4.667285039062500118e+02,-1.020250324378512801e+02
4.667287968750000005e+02,-1.016012763497700746e+02
4.667290898437499891e+02,-1.012242201225573979e+02
4.667293828125000346e+02,-1.012763299515366100e+02
4.667296757812500232e+02,-9.962760819176978089e+01
4.667299687500000118e+02,-1.123112415327970979e+02
4.667302617187500005e+02,-1.010980953175568402e+02
4.667305546874999891e+02,-9.700820014465620034e+01
4.667308476562500346e+02,-1.005367822907556388e+02
4.667311406250000232e+02,-9.644901411085250231e+01
4.667314335937500118e+02,-1.014324441166185693e+02
4.667317265625000005e+02,-9.927472435971152720e+01
4.667320195312499891e+02,-1.014310119072805776e+02
4.667323125000000346e+02,-9.598100341762042831e+01
4.667326054687500232e+02,-9.864631369212661127e+01
4.667328984375000118e+02,-1.006433718282953294e+02
4.667331914062500005e+02,-9.918115586637719616e+01
4.667334843749999891e+02,-1.014252628854342788e+02
4.667337773437500346e+02,-1.002495259335451436e+02
4.667340703125000232e+02,-1.046817413666142471e+02
4.667343632812500118e+02,-1.015275484063839997e+02
4.667346562500000005e+02,-1.002114171749858542e+02
4.667349492187499891e+02,-9.454941831867310498e+01
4.667352421875000346e+02,-9.913449910205585525e+01
4.667355351562500232e+02,-1.063634408066978096e+02
4.667358281250000118e+02,-1.023153204653091422e+02
4.667361210937500005e+02,-1.103678472025282389e+02
4.667364140624999891e+02,-9.937717516195570511e+01
4.667367070312500346e+02,-9.500681147292796425e+01
4.667370000000000232e+02,-9.724083950860459424e+01
4.667372929687500118e+02,-1.070161676252011773e+02
4.667375859375000005e+02,-9.974367124776441074e+01
4.667378789062499891e+02,-9.297047732145412624e+01
4.667381718750000346e+02,-9.904378292691805541e+01
4.667384648437500232e+02,-9.911491441214886322e+01
4.667387578125000118e+02,-1.038840610238080444e+02
4.667390507812500005e+02,-9.536442782312948907e+01
4.667393437499999891e+02,-9.442502602942006718e+01
4.667396367187500346e+02,-9.974747286989156692e+01
4.667399296875000232e+02,-9.987833920165199686e+01
4.667402226562500118e+02,-9.942603169500327454e+01
4.667405156250000005e+02,-1.022325104827058198e+02
4.667408085937499891e+02,-1.050649191583609223e+02
4.667411015625000346e+02,-9.886186440469657555e+01
4.667413945312500232e+02,-9.344906775244440666e+01
4.667416875000000118e+02,-9.460334885953727735e+01
4.667419804687500005e+02,-9.626984921270224049e+01
4.667422734374999891e+02,-9.632257839393858490e+01
4.667425664062500346e+02,-1.003281831470187910e+02
4.667428593750000232e+02,-1.149669827089080627e+02
4.667431523437500118e+02,-9.790931895492582271e+01
4.667434453125000005e+02,-9.440341182803894071e+01
4.667437382812499891e+02,-9.563277435319542974e+01
4.667440312500000346e+02,-9.781749786605266195e+01
4.667443242187500232e+02,-1.083434471846261431e+02
4.667446171875000118e+02,-9.675640360793261152e+01
4.667449101562500005e+02,-9.066833769251287833e+01
4.667452031249999891e+02,-9.208721559044155924e+01
4.667454960937500346e+02,-9.569188337867247185e+01
4.667457890625000232e+02,-1.002644684565714499e+02
4.667460820312500118e+02,-1.005942930450148083e+02
4.667463750000000005e+02,-9.658755615566383312e+01
4.667466679687499891e+02,-1.005214612288257285e+02
4.667469609375000346e+02,-9.201221066180978880e+01
4.667472539062500232e+02,-9.274239706724810617e+01
4.667475468750000118e+02,-9.567958613470355544e+01
4.667478398437500005e+02,-1.028943740568169289e+02
4.667481328124999891e+02,-9.943580512851789877e+01
4.667484257812500346e+02,-1.066394258185558783e+02
4.667487187500000232e+02,-1.042773588139469609e+02
4.667490117187500118e+02,-1.058299897636404694e+02
4.667493046875000005e+02,-1.009835257956805208e+02
4.667495976562499891e+02,-1.026329287869185123e+02
4.667498906250000346e+02,-1.048215311540151475e+02
4.667501835937500232e+02,-9.542076388010963228e+01
4.667504765625000118e+02,-9.440647998407800401e+01
4.667507695312500005e+02,-1.013028375713887215e+02
4.667510624999999891e+02,-1.025456218233247796e+02
4.667513554687500346e+02,-9.594257183872133510e+01
4.667516484375000232e+02,-9.200512606661280302e+01
4.667519414062500118e+02,-9.706939926340822922e+01
4.667522343750000005e+02,-9.601412386980776148e+01
4.667525273437499891e+02,-9.213124929051245715e+01
4.667528203125000346e+02,-1.053153408294276119e+02
4.667531132812500232e+02,-9.657178823037364168e+01
4.667534062500000118e+02,-1.031403915590107090e+02
4.667536992187500005e+02,-1.062167716756245284e+02
4.667539921874999891e+02,-9.977966926590033836e+01
4.667542851562500346e+02,-1.008314871144224725e+02
4.667545781250000232e+02,-9.779056775620193775e+01
4.667548710937500118e+02,-9.267485094620793973e+01
4.667551640625000005e+02,-9.076169938406634685e+01
4.667554570312499891e+02,-9.916797052225733466e+01
4.667557500000000346e+02,-1.085203207219736043e+02
4.667560429687500232e+02,-1.111820289884797006e+02
4.667563359375000118e+02,-9.838739087980387410e+01
4.667566289062500005e+02,-9.377675031616766432e+01
4.667569218749999891e+02,-1.030086266924569571e+02
4.667572148437500346e+02,-1.029251818582007729e+02
4.667575078125000232e+02,-1.013852638502334571e+02
4.667578007812500118e+02,-1.144119352263565901e+02
4.667580937500000005e+02,-9.932985190430414946e+01
4.667583867187499891e+02,-1.068941502030411357e+02
4.667586796875000346e+02,-1.027919032796231704e+02
4.667589726562500232e+02,-1.054749259515271120e+02
4.667592656250000118e+02,-9.999765035322353413e+01
4.667595585937500005e+02,-9.623438132634035469e+01
4.667598515624999891e+02,-1.005286094248183986e+02
4.667601445312500346e+02,-1.038093146993326457e+02
4.667604375000000232e+02,-1.089714625751434767e+02
4.667607304687500118e+02,-1.000505242571934872e+02
4.667610234375000005e+02,-9.468573991933450884e+01
4.667613164062499891e+02,-9.704668981767328262e+01
4.667616093750000346e+02,-1.144219749958286201e+02
4.667619023437500232e+02,-9.818479109626676404e+01
4.667621953125000118e+02,-1.024888236564460584e+02
4.667624882812500005e+02,-1.056318029629213839e+02
4.667627812499999891e+02,-1.098579131524031993e+02
4.667630742187500346e+02,-1.055920077609768839e+02
4.667633671875000232e+02,-1.010008527951167565e+02
4.667636601562500118e+02,-9.696241600251212844e+01
4.667639531250000005e+02,-9.701428124735323877e+01
4.667642460937499891e+02,-1.064791307835550072e+02
4.667645390625000346e+02,-9.613585692292504348e+01
4.667648320312500232e+02,-9.441333560562129890e+01
4.667651250000000118e+02,-9.646144357255984403e+01
4.667654179687500005e+02,-1.077052300529248043e+02
4.667657109374999891e+02,-9.624528962000889010e+01
4.667660039062500346e+02,-9.476380218175003733e+01
4.667662968750000232e+02,-9.344004445291344041e+01
4.667665898437500118e+02,-9.728198993884241474e+01
4.667668828125000005e+02,-9.069323887883528812e+01
4.667671757812499891e+02,-9.338758937047147413e+01
4.667674687500000346e+02,-9.659234177782042252e+01
4.667677617187500232e+02,-9.606226877601729086e+01
4.667680546875000118e+02,-9.342405517498914946e+01
4.667683476562500005e+02,-9.005398348411772247e+01
4.667686406249999891e+02,-9.274954653099997870e+01
4.667689335937500346e+02,-1.040113111324441633e+02
4.667692265625000232e+02,-1.010328782620730834e+02
4.667695195312500118e+02,-1.036115607152216569e+02
4.667698125000000005e+02,-1.074981229326906487e+02
4.667701054687499891e+02,-1.032022579012300696e+02
4.667703984375000346e+02,-1.059768296396927809e+02
4.667706914062500232e+02,-1.011899427240512921e+02
4.667709843750000118e+02,-1.031343248076804286e+02
4.667712773437500005e+02,-1.056369090630297194e+02
4.667715703124999891e+02,-9.536548203714247052e+01
4.667718632812500346e+02,-9.455617767597115630e+01
4.667721562500000232e+02,-9.464719019937049893e+01
4.667724492187500118e+02,-9.581613343452814036e+01
4.667727421875000005e+02,-9.770821662568472732e+01
4.667730351562499891e+02,-9.545055132234180917e+01
4.667733281250000346e+02,-9.841021814882239482e+01
4.667736210937500232e+02,-1.024999147949809100e+02
4.667739140625000118e+02,-9.188659047271531222e+01
4.667742070312500005e+02,-9.705042162831799146e+01
4.667744999999999891e+02,-1.023045972473993572e+02
4.667747929687500346e+02,-9.729501852566825448e+01
4.667750859375000232e+02,-1.041338596495340454e+02
4.667753789062500118e+02,-1.019863518067575967e+02
4.667756718750000005e+02,-9.667293901071181494e+01
4.667759648437499891e+02,-1.012744944411435455e+02
4.667762578125000346e+02,-1.046253491964778135e+02
4.667765507812500232e+02,-1.007454921446409202e+02
4.667768437500000118e+02,-9.508008232732700549e+01
4.667771367187500005e+02,-9.360992835265790291e+01
4.667774296874999891e+02,-9.458096936500228935e+01
4.667777226562500346e+02,-1.132119572396417908e+02
4.667780156250000232e+02,-1.001371683424622745e+02
4.667783085937500118e+02,-9.330710064932624448e+01
4.667786015625000005e+02,-9.448998481488291645e+01
4.667788945312499891e+02,-9.179691216061024761e+01
4.667791875000000346e+02,-9.520513397586491067e+01
4.667794804687500232e+02,-9.839458662109055354e+01
4.667797734375000118e+02,-9.642602516032528115e+01
4.667800664062500005e+02,-9.203989840568431191e+01
4.667803593749999891e+02,-9.370240099528962219e+01
4.667806523437500346e+02,-9.400129519433556879e+01
4.667809453125000232e+02,-9.287385675784149441e+01
4.667812382812500118e+02,-9.815155393902132630e+01
4.667815312500000005e+02,-1.035975536101531418e+02
4.667818242187499891e+02,-1.013541621078860544e+02
4.667821171875000346e+02,-9.586868554161469547e+01
4.667824101562500232e+02,-9.022433170326841889e+01
4.667827031250000118e+02,-9.508317571116911893e+01
4.667829960937500005e+02,-9.144164539786272883e+01
4.667832890624999891e+02,-9.289405174567527013e+01
4.667835820312500346e+02,-1.052203300772956140e+02
4.667838750000000232e+02,-9.233503629108069788e+01
4.667841679687500118e+02,-9.503781631466819135e+01
4.667844609375000005e+02,-1.160377112139363618e+02
4.667847539062499891e+02,-1.013508681451561131e+02
4.667850468750000346e+02,-9.521645628339723544e+01
4.667853398437500232e+02,-9.616000020728192510e+01
4.667856328125000118e+02,-9.456806790282441000e+01
4.667859257812500005e+02,-1.023814908321988781e+02
4.667862187499999891e+02,-1.146741577976346491e+02
4.667865117187500346e+02,-9.801405028256071716e+01
4.667868046875000232e+02,-1.044476819690155054e+02
4.667870976562500118e+02,-9.487304399165572022e+01
4.667873906250000005e+02,-9.316987908454136402e+01
4.667876835937499891e+02,-9.922779022734599152e+01
4.667879765625000346e+02,-9.667190733142706449e+01
4.667882695312500232e+02,-1.027972322855983265e+02
4.667885625000000118e+02,-9.766326015579664954e+01
4.667888554687500005e+02,-1.008054419940262960e+02
4.667891484374999891e+02,-9.893829622553745651e+01
4.667894414062500346e+02,-1.193901587086140950e+02
4.667897343750000232e+02,-1.007294228259903548e+02
4.667900273437500118e+02,-1.002099522039574708e+02
4.667903203125000005e+02,-9.793587614483384129e+01
4.667906132812499891e+02,-9.490486113677881974e+01
4.667909062500000346e+02,-9.532189097336411976e+01
4.667911992187500232e+02,-9.466577881907525693e+01
4.667914921875000118e+02,-9.372899181786273459e+01
4.667917851562500005e+02,-1.039306197696480183e+02
4.667920781249999891e+02,-1.113510098070635763e+02
4.667923710937500346e+02,-9.743629264060280093e+01
4.667926640625000232e+02,-9.884750481160577351e+01
4.667929570312500118e+02,-1.060864083393032473e+02
4.667932500000000005e+02,-1.034472564774428918e+02
4.667935429687499891e+02,-1.052358213769330746e+02
4.667938359375000346e+02,-9.572267426618347486e+01
4.667941289062500232e+02,-9.864391582830145921e+01
4.667944218750000118e+02,-1.128149510692732065e+02
4.667947148437500005e+02,-9.812619217092066037e+01
4.667950078124999891e+02,-9.711702470532399900e+01
4.667953007812500346e+02,-9.958155193467193556e+01
4.667955937500000232e+02,-1.054029130506170588e+02
4.667958867187500118e+02,-9.852850783204063134e+01
4.667961796875000005e+02,-9.724869607981469244e+01
4.667964726562499891e+02,-9.481798626846176603e+01
4.667967656250000346e+02,-1.005842999998647400e+02
4.667970585937500232e+02,-9.701215662936107265e+01
4.667973515625000118e+02,-9.635899939730038000e+01
4.667976445312500005e+02,-9.877527017022417510e+01
4.667979374999999891e+02,-1.041354367290128096e+02
4.667982304687500346e+02,-9.791245780232125639e+01
4.667985234375000232e+02,-1.011138686594125318e+02
4.667988164062500118e+02,-9.484020719245140185e+01
4.667991093750000005e+02,-9.162989060503414862e+01
4.667994023437499891e+02,-9.183856142617962348e+01
4.667996953125000346e+02,-9.350615464917184738e+01
4.667999882812500232e+02,-9.866222127252407859e+01
4.668002812500000118e+02,-1.017097942473742336e+02
4.668005742187500005e+02,-9.372091865299222491e+01
4.668008671874999891e+02,-9.882696341529879192e+01
4.668011601562500346e+02,-9.343259657064848511e+01
4.668014531250000232e+02,-9.387479920835291125e+01
4.668017460937500118e+02,-9.253978594320649620e+01
4.668020390625000005e+02,-9.505207793593157817e+01
4.668023320312499891e+02,-9.615537517961811886e+01
4.668026250000000346e+02,-1.027391971174842524e+02
4.668029179687500232e+02,-9.832805281954057364e+01
4.668032109375000118e+02,-1.014412208559484583e+02
4.668035039062500005e+02,-1.120132723693948549e+02
4.668037968749999891e+02,-9.676287699749062199e+01
4.668040898437500346e+02,-9.817693595312461241e+01
4.668043828125000232e+02,-9.838379750973297178e+01
4.668046757812500118e+02,-9.370841636562340682e+01
4.668049687500000005e+02,-9.704940692499010879e+01
4.668052617187499891e+02,-1.007232203886989765e+02
4.668055546875000346e+02,-9.430687487454667917e+01
4.668058476562500232e+02,-1.021158959845741094e+02
4.668061406250000118e+02,-1.192544490754811761e+02
4.668064335937500005e+02,-9.981433350145263717e+01
4.668067265624999891e+02,-9.482817115043755507e+01
4.668070195312500346e+02,-9.689265492653370870e+01
4.668073125000000232e+02,-1.014985457576238161e+02
4.668076054687500118e+02,-9.653337645808250045e+01
4.668078984375000005e+02,-1.022710410161260342e+02
4.668081914062499891e+02,-1.060616311149471045e+02
4.668084843750000346e+02,-1.008675946394467928e+02
4.668087773437500232e+02,-9.352418026381548088e+01
4.668090703125000118e+02,-1.010896790487239514e+02
4.668093632812500005e+02,-9.911281841158418615e+01
4.668096562499999891e+02,-1.042335710361062979e+02
4.668099492187500346e+02,-9.969626432650763093e+01
4.668102421875000232e+02,-1.006875481714674834e+02
4.668105351562500118e+02,-1.025450121468421401e+02
4.668108281250000005e+02,-1.042442687224600775e+02
4.668111210937499891e+02,-1.070050920099805438e+02
4.668114140625000346e+02,-1.059057048934094496e+02
4.668117070312500232e+02,-9.378484194785494310e+01
4.668120000000000118e+02,-9.004792102161349021e+01
4.668122929687500005e+02,-1.037506881178744607e+02
4.668125859374999891e+02,-1.027935998191837541e+02
4.668128789062500346e+02,-1.049392545529883023e+02
4.668131718750000232e+02,-9.777977150089681402e+01
4.668134648437500118e+02,-9.761934064690692026e+01
4.668137578125000005e+02,-9.539160575560806876e+01
4.668140507812499891e+02,-9.398236681105439061e+01
4.668143437500000346e+02,-9.597001731677951852e+01
4.668146367187500232e+02,-9.762218171761549002e+01
4.668149296875000118e+02,-1.139648545004005200e+02
4.668152226562500005e+02,-9.404470924255491582e+01
4.668155156249999891e+02,-9.248642427133296451e+01
4.668158085937500346e+02,-9.797921800298028927e+01
4.668161015625000232e+02,-1.006810468869261967e+02
4.668163945312500118e+02,-1.014463563689398597e+02
4.668166875000000005e+02,-9.967725655371734206e+01
4.668169804687499891e+02,-9.105272772035343110e+01
4.668172734375000346e+02,-9.480270440624325090e+01
4.668175664062500232e+02,-9.659015017465912933e+01
4.668178593750000118e+02,-1.039577242156717460e+02
4.668181523437500005e+02,-1.113632959814921577e+02
4.668184453124999891e+02,-9.983734006814559336e+01
4.668187382812500346e+02,-9.332621611607518730e+01
4.668190312500000232e+02,-9.379866022689860472e+01
4.668193242187500118e+02,-9.900146001153117936e+01
4.668196171875000005e+02,-1.007325817832741564e+02
4.668199101562499891e+02,-9.959280647122427865e+01
4.668202031250000346e+02,-1.076465989507690182e+02
4.668204960937500232e+02,-9.838456437163047497e+01
4.668207890625000118e+02,-9.827501651111748515e+01
4.668210820312500005e+02,-1.057767197880111922e+02
4.668213749999999891e+02,-9.608495983850860966e+01
4.668216679687500346e+02,-9.861292757634763007e+01
4.668219609375000232e+02,-1.067189654747647296e+02
4.668222539062500118e+02,-1.108175137626230935e+02
4.668225468750000005e+02,-9.745313287511498856e+01
4.668228398437499891e+02,-9.634252557033853748e+01
4.668231328125000346e+02,-9.556040355064590130e+01
4.668234257812500232e+02,-9.944753124209580619e+01
4.668237187500000118e+02,-1.042253302004750850e+02
4.668240117187500005e+02,-1.120439283942183550e+02
4.668243046874999891e+02,-1.038484300985062987e+02
4.668245976562500346e+02,-9.994222921588432484e+01
4.668248906250000232e+02,-9.921467318147405479e+01
4.668251835937500118e+02,-1.053168175948634797e+02
4.668254765625000005e+02,-9.446268170230135297e+01
4.668257695312499891e+02,-1.080428231696953247e+02
4.668260625000000346e+02,-1.034627964536051650e+02
4.668263554687500232e+02,-1.042955348125844068e+02
4.668266484375000118e+02,-9.935812937398441136e+01
4.668269414062500005e+02,-9.415435861267152973e+01
4.668272343749999891e+02,-9.679715015647595067e+01
4.668275273437500346e+02,-9.806730615975391174e+01
4.668278203125000232e+02,-9.259515532189564624e+01
4.668281132812500118e+02,-1.004709599735670054e+02
4.668284062500000005e+02,-1.063491969495456431e+02
4.668286992187499891e+02,-9.960749636710716004e+01
4.668289921875000346e+02,-9.259422155218533135e+01
4.668292851562500232e+02,-9.582538533079937793e+01
4.668295781250000118e+02,-1.049218266271716686e+02
4.668298710937500005e+02,-1.017903344187844397e+02
4.668301640624999891e+02,-1.044579945947552631e+02
4.668304570312500346e+02,-9.620948094179667009e+01
4.668307500000000232e+02,-9.450204205925452072e+01
4.668310429687500118e+02,-9.293236832861040853e+01
4.668313359375000005e+02,-9.404491168814413982e+01
4.668316289062499891e+02,-9.934039077241979498e+01
4.668319218750000346e+02,-9.726035445575149652e+01
4.668322148437500232e+02,-9.230048558946188564e+01
4.668325078125000118e+02,-9.389607962611819403e+01
4.668328007812500005e+02,-9.986390991877543399e+01
4.668330937499999891e+02,-9.475140625005850836e+01
4.668333867187500346e+02,-1.054319068414491198e+02
4.668336796875000232e+02,-9.993449876810649357e+01
4.668339726562500118e+02,-9.159353568508012700e+01
4.668342656250000005e+02,-9.626843379403743484e+01
4.668345585937499891e+02,-9.273313626550356048e+01
4.668348515625000346e+02,-9.609344643421732712e+01
4.668351445312500232e+02,-9.581960199076426932e+01
4.668354375000000118e+02,-1.016478389048649689e+02
4.668357304687500005e+02,-1.025649558745000718e+02
4.668360234374999891e+02,-9.788330907331479125e+01
4.668363164062500346e+02,-9.660014420777757493e+01
4.668366093750000232e+02,-9.843569493872152520e+01
4.668369023437500118e+02,-9.241258357421243375e+01
4.668371953125000005e+02,-9.143732176319139171e+01
4.668374882812499891e+02,-9.286352949158901993e+01
4.668377812500000346e+02,-9.614149293189120726e+01
4.668380742187500232e+02,-9.923616096999445801e+01
4.668383671875000118e+02,-1.041690130567477865e+02
4.668386601562500005e+02,-9.885180802678875978e+01
4.668389531249999891e+02,-1.034495748614130264e+02
4.668392460937500346e+02,-9.525986905445773800e+01
4.668395390625000232e+02,-9.774580236697812552e+01
4.668398320312500118e+02,-9.737627600841599929e+01
4.668401250000000005e+02,-9.547223449477188240e+01
4.668404179687499891e+02,-1.016543971649439868e+02
4.668407109375000346e+02,-9.932593044482445066e+01
4.668410039062500232e+02,-9.653221391556829190e+01
4.668412968750000118e+02,-9.742706588691763159e+01
4.668415898437500005e+02,-1.019764094965838552e+02
4.668418828124999891e+02,-9.515322932974098080e+01
4.668421757812500346e+02,-1.106965376542912196e+02
4.668424687500000232e+02,-9.631557534143381361e+01
4.668427617187500118e+02,-1.007290886196246760e+02
4.668430546875000005e+02,-9.840339261004803006e+01
4.668433476562499891e+02,-9.813966651982389067e+01
4.668436406250000346e+02,-9.581635653294787858e+01
4.668439335937500232e+02,-9.555095575226658866e+01
4.668442265625000118e+02,-8.797003010970766468e+01
4.668445195312500005e+02,-8.911138603344349463e+01
4.668448124999999891e+02,-9.506256102242871009e+01
4.668451054687500346e+02,-1.015410149357537932e+02
4.668453984375000232e+02,-9.762533837386946800e+01
4.668456914062500118e+02,-9.254086941204806749e+01
4.668459843750000005e+02,-9.378396326436684660e+01
4.668462773437499891e+02,-9.532484614897822439e+01
4.668465703125000346e+02,-9.125056261993228190e+01
4.668468632812500232e+02,-9.861780630503639600e+01
4.668471562500000118e+02,-9.377183547357661553e+01
4.668474492187500005e+02,-9.455199629219310964e+01
4.668477421874999891e+02,-1.095725805530443608e+02
4.668480351562500346e+02,-1.030618452809451924e+02
4.668483281250000232e+02,-9.386829018008795344e+01
4.668486210937500118e+02,-9.246643179870031304e+01
4.668489140625000005e+02,-9.775102690777251269e+01
4.668492070312499891e+02,-1.010244810295929767e+02
4.668495000000000346e+02,-9.787160448175444571e+01
4.668497929687500232e+02,-9.031732734282530828e+01
4.668500859375000118e+02,-9.150970134009685353e+01
4.668503789062500005e+02,-9.459415520408059308e+01
4.668506718749999891e+02,-9.325981052104756941e+01
4.668509648437500346e+02,-9.647366180109484901e+01
4.668512578125000232e+02,-9.362838436593020219e+01
4.668515507812500118e+02,-9.416960665673941833e+01
4.668518437500000005e+02,-1.049816130718730562e+02
4.668521367187499891e+02,-9.946504308319143206e+01
4.668524296875000346e+02,-1.040471457086722609e+02
4.668527226562500232e+02,-9.279993822643797330e+01
4.668530156250000118e+02,-9.898727951448225326e+01
4.668533085937500005e+02,-9.171801627248909483e+01
4.668536015624999891e+02,-9.131138253902497581e+01
4.668538945312500346e+02,-9.794366277911883856e+01
4.668541875000000232e+02,-9.914688543361285156e+01
4.668544804687500118e+02,-1.005973198160858146e+02
4.668547734375000005e+02,-9.746025666393821041e+01
4.668550664062499891e+02,-9.448438020914750268e+01
4.668553593750000346e+02,-9.594809079873819258e+01
4.668556523437500232e+02,-1.050275124824158581e+02
4.668559453125000118e+02,-9.474821046342870545e+01
4.668562382812500005e+02,-9.648164015346574729e+01
4.668565312499999891e+02,-1.052238304108037426e+02
4.668568242187500346e+02,-9.991431402697187991e+01
4.668571171875000232e+02,-1.034656897351353990e+02
4.668574101562500118e+02,-9.925039609749811120e+01
4.668577031250000005e+02,-1.130288280352748274e+02
4.668579960937499891e+02,-1.001787985236413334e+02
4.668582890625000346e+02,-1.003696128243712735e+02
4.668585820312500232e+02,-9.913272401530676348e+01
4.668588750000000118e+02,-1.003659401857142797e+02
4.668591679687500005e+02,-9.736021005778390247e+01
4.668594609374999891e+02,-9.252854162729205711e+01
4.668597539062500346e+02,-9.292164988443779805e+01
4.668600468750000232e+02,-9.365618715838300545e+01
4.668603398437500118e+02,-9.062945972514519610e+01
4.668606328125000005e+02,-9.293729028951554483e+01
4.668609257812499891e+02,-9.969031127880651866e+01
4.668612187500000346e+02,-9.723380943633753759e+01
4.668615117187500232e+02,-9.644347229629757123e+01
4.668618046875000118e+02,-9.945183768418571901e+01
4.668620976562500005e+02,-1.028493183900281593e+02
4.668623906249999891e+02,-9.845832327221640412e+01
4.668626835937500346e+02,-9.827871458744670008e+01
4.668629765625000232e+02,-9.288679436569010761e+01
4.668632695312500118e+02,-9.111200323766129827e+01
4.668635625000000005e+02,-9.460734696217683393e+01
4.668638554687499891e+02,-9.779055493807304345e+01
4.668641484375000346e+02,-9.934175075842497904e+01
4.668644414062500232e+02,-9.413722952018807177e+01
4.668647343750000118e+02,-1.039003107405008706e+02
4.668650273437500005e+02,-9.634375265957868351e+01
4.668653203124999891e+02,-1.073122769433547461e+02
4.668656132812500346e+02,-9.775631728735677939e+01
4.668659062500000232e+02,-9.860711131644428917e+01
4.668661992187500118e+02,-9.579449808717619419e+01
4.668664921875000005e+02,-9.499988606152250270e+01
4.668667851562499891e+02,-9.279615301462311550e+01
4.668670781250000346e+02,-9.741676637894283886e+01
4.668673710937500232e+02,-1.006000088602404503e+02
4.668676640625000118e+02,-9.695190042784750517e+01
4.668679570312500005e+02,-9.404871665831713301e+01
4.668682499999999891e+02,-9.622349283075131154e+01
4.668685429687500346e+02,-9.989723421227024858e+01
4.668688359375000232e+02,-8.708311641718995588e+01
4.668691289062500118e+02,-8.637421586558264153e+01
4.668694218750000005e+02,-9.158125573772639427e+01
4.668697148437499891e+02,-9.705322941400217474e+01
4.668700078125000346e+02,-9.945714451569621417e+01
4.668703007812500232e+02,-9.536218981460889665e+01
4.668705937500000118e+02,-1.006647928730514110e+02
4.668708867187500005e+02,-9.269496747577690599e+01
4.668711796874999891e+02,-9.969922587077418541e+01
4.668714726562500346e+02,-9.439635582249511003e+01
4.668717656250000232e+02,-9.606459067523532269e+01
4.668720585937500118e+02,-9.508058650217549257e+01
4.668723515625000005e+02,-1.107620624627864174e+02
4.668726445312499891e+02,-1.054503671800026012e+02
4.668729375000000346e+02,-9.283453329301369195e+01
4.668732304687500232e+02,-1.029759976141160536e+02
4.668735234375000118e+02,-9.784350885612730053e+01
4.668738164062500005e+02,-9.165818593249744595e+01
4.668741093749999891e+02,-8.754709552279723539e+01
4.668744023437500346e+02,-9.189448388492125730e+01
4.668746953125000232e+02,-9.329694341920389888e+01
4.668749882812500118e+02,-9.436326994156337378e+01
4.668752812500000005e+02,-9.495462470350879869e+01
4.668755742187499891e+02,-1.031138650853677916e+02
4.668758671875000346e+02,-9.661222304759945700e+01
4.668761601562500232e+02,-9.315227044988324678e+01
4.668764531250000118e+02,-9.561904788002310340e+01
4.668767460937500005e+02,-9.712706787040589518e+01
4.668770390624999891e+02,-9.612432903934502804e+01
4.668773320312500346e+02,-9.771820752785133379e+01
4.668776250000000232e+02,-9.875672733334957343e+01
4.668779179687500118e+02,-9.927245341964059833e+01
4.668782109375000005e+02,-1.068931835531975310e+02
4.668785039062499891e+02,-1.095735299173013004e+02
4.668787968750000346e+02,-9.345339686159940129e+01
4.668790898437500232e+02,-8.725428714592797519e+01
4.668793828125000118e+02,-9.422104025244715331e+01
4.668796757812500005e+02,-9.427418137032871925e+01
4.668799687499999891e+02,-9.629763113451163292e+01
4.668802617187500346e+02,-9.047572598009473666e+01
4.668805546875000232e+02,-9.110835990202559742e+01
4.668808476562500118e+02,-9.091117184808430807e+01
4.668811406250000005e+02,-9.795633573395599569e+01
4.668814335937499891e+02,-9.774504596654577426e+01
4.668817265625000346e+02,-1.079985731462516583e+02
4.668820195312500232e+02,-9.713424680506561515e+01
4.668823125000000118e+02,-9.445326848206462955e+01
4.668826054687500005e+02,-1.089293932585208324e+02
4.668828984374999891e+02,-9.886010451743679539e+01
4.668831914062500346e+02,-1.091678305699935549e+02
4.668834843750000232e+02,-1.109189464248299686e+02
4.668837773437500118e+02,-9.821169791220704326e+01
4.668840703125000005e+02,-9.788040286244522292e+01
4.668843632812499891e+02,-9.607837848583417895e+01
4.668846562500000346e+02,-9.121495005055678007e+01
4.668849492187500232e+02,-9.207870552186086854e+01
4.668852421875000118e+02,-9.528782445016236125e+01
4.668855351562500005e+02,-8.699402775269868471e+01
4.668858281249999891e+02,-8.841799377906869495e+01
4.668861210937500346e+02,-9.266207333928763035e+01
4.668864140625000232e+02,-1.027381098621138733e+02
4.668867070312500118e+02,-9.233849823285464709e+01
4.668870000000000005e+02,-9.615572095989661250e+01
4.668872929687499891e+02,-9.958667247214239637e+01
4.668875859375000346e+02,-9.405710832971458046e+01
4.668878789062500232e+02,-9.654214099416249439e+01
4.668881718750000118e+02,-1.078428118768479749e+02
4.668884648437500005e+02,-1.046796812677348640e+02
4.668887578124999891e+02,-9.851295100655198667e+01
4.668890507812500346e+02,-1.040338173823902679e+02
4.668893437500000232e+02,-9.524876433764724482e+01
4.668896367187500118e+02,-9.505008464782847000e+01
4.668899296875000005e+02,-9.478826682377297175e+01
4.668902226562499891e+02,-1.130793557287831419e+02
4.668905156250000346e+02,-1.093044579228269981e+02
4.668908085937500232e+02,-9.708537301496630789e+01
4.668911015625000118e+02,-8.829617537539454020e+01
4.668913945312500005e+02,-8.800088972814666022e+01
4.668916874999999891e+02,-9.897867706378468711e+01
4.668919804687500346e+02,-9.678340801379161462e+01
4.668922734375000232e+02,-9.945106395091417539e+01
4.668925664062500118e+02,-1.019021282404462028e+02
4.668928593750000005e+02,-1.082844246906379624e+02
4.668931523437499891e+02,-9.408661313303483098e+01
4.668934453125000346e+02,-9.295725178432581970e+01
4.668937382812500232e+02,-1.027844150164029458e+02
4.668940312500000118e+02,-9.785977123651257159e+01
4.668943242187500005e+02,-9.885673826291237276e+01
4.668946171874999891e+02,-8.890293432670482332e+01
4.668949101562500346e+02,-9.005460804371426775e+01
4.668952031250000232e+02,-9.504296658566978806e+01
4.668954960937500118e+02,-1.034847831369563522e+02
4.668957890625000005e+02,-9.951019506781770474e+01
4.668960820312499891e+02,-1.023974272564397126e+02
4.668963750000000346e+02,-1.002564543994461417e+02
4.668966679687500232e+02,-9.329805780930784920e+01
4.668969609375000118e+02,-9.171141028915565130e+01
4.668972539062500005e+02,-9.437570084267876780e+01
4.668975468749999891e+02,-9.421599905141532361e+01
4.668978398437500346e+02,-9.339562439537337468e+01
4.668981328125000232e+02,-9.124022956496472148e+01
4.668984257812500118e+02,-9.973353894874091452e+01
4.668987187500000005e+02,-9.218270534216327405e+01
4.668990117187499891e+02,-9.489062271220775813e+01
4.668993046875000346e+02,-9.588070082714602904e+01
4.668995976562500232e+02,-9.616756131738813451e+01
4.668998906250000118e+02,-9.379245860055847572e+01
4.669001835937500005e+02,-9.118343724194404842e+01
4.669004765624999891e+02,-1.003890900697282689e+02
4.669007695312500346e+02,-9.093137302565587277e+01
4.669010625000000232e+02,-9.163673990007725934e+01
4.669013554687500118e+02,-9.003495158797818476e+01
4.669016484375000005e+02,-1.017182624151912194e+02
4.669019414062499891e+02,-9.212885923362129859e+01
4.669022343750000346e+02,-9.491673368232483199e+01
4.669025273437500232e+02,-9.825999386194312990e+01
4.669028203125000118e+02,-9.797173449906213705e+01
4.669031132812500005e+02,-1.076893378699769954e+02
4.669034062499999891e+02,-9.486880395735471438e+01
4.669036992187500346e+02,-9.212248184546962193e+01
4.669039921875000232e+02,-8.970946886061817338e+01
4.669042851562500118e+02,-9.032704123249169470e+01
4.669045781250000005e+02,-9.194997606515894972e+01
4.669048710937499891e+02,-8.826470490309098693e+01
4.669051640625000346e+02,-9.243945873028073379e+01
4.669054570312500232e+02,-9.786738899863392760e+01
4.669057500000000118e+02,-9.972633895666199066e+01
4.669060429687500005e+02,-9.629907065236707808e+01
4.669063359374999891e+02,-9.648460547303498913e+01
4.669066289062500346e+02,-1.045359246954385668e+02
4.669069218750000232e+02,-1.028306319123419286e+02
4.669072148437500118e+02,-9.922678104530157839e+01
4.669075078125000005e+02,-1.012053884412169538e+02
4.669078007812499891e+02,-9.950723708598471262e+01
4.669080937500000346e+02,-9.284669751834050544e+01
4.669083867187500232e+02,-8.892711419492135860e+01
4.669086796875000118e+02,-9.577982030151689230e+01
4.669089726562500005e+02,-9.903733858038788185e+01
4.669092656249999891e+02,-1.003618162002283611e+02
4.669095585937500346e+02,-9.689771540900218838e+01
4.669098515625000232e+02,-9.974815224026228577e+01
4.669101445312500118e+02,-9.802599026282808836e+01
4.669104375000000005e+02,-9.376154503950263575e+01
4.669107304687499891e+02,-9.264262257425997404e+01
4.669110234375000346e+02,-9.208414058944624969e+01
4.669113164062500232e+02,-9.690134073925028702e+01
4.669116093750000118e+02,-9.764278253487529469e+01
4.669119023437500005e+02,-9.080554431325211340e+01
4.669121953124999891e+02,-9.714244402184274918e+01
4.669124882812500346e+02,-9.836247612010379271e+01
4.669127812500000232e+02,-9.694336015093084313e+01
4.669130742187500118e+02,-1.022104283337141055e+02
4.669133671875000005e+02,-9.430938015356737480e+01
4.669136601562499891e+02,-9.113817964600470134e+01
4.669139531250000346e+02,-8.994922374040699253e+01
4.669142460937500232e+02,-9.485331552686446344e+01
4.669145390625000118e+02,-9.244622112133440339e+01
4.669148320312500005e+02,-9.000503648438115079e+01
4.669151249999999891e+02,-9.452837108611046801e+01
4.669154179687500346e+02,-9.327898362560242163e+01
4.669157109375000232e+02,-8.919777206998190877e+01
4.669160039062500118e+02,-1.038365834173576445e+02
4.669162968750000005e+02,-9.112248067694567055e+01
4.669165898437499891e+02,-8.977025336275499967e+01
4.669168828125000346e+02,-1.036772427277099098e+02
4.669171757812500232e+02,-1.000439197063846564e+02
4.669174687500000118e+02,-1.033330558363185219e+02
4.669177617187500005e+02,-9.780319446881691192e+01
4.669180546874999891e+02,-9.805657355817169218e+01
4.669183476562500346e+02,-1.020425724491350792e+02
4.669186406250000232e+02,-1.015592195323616806e+02
4.669189335937500118e+02,-9.768538369305125002e+01
4.669192265625000005e+02,-9.679176852059555358e+01
4.669195195312499891e+02,-9.516467345898476538e+01
4.669198125000000346e+02,-8.946802540563155048e+01
4.669201054687500232e+02,-9.118860227705091859e+01
4.669203984375000118e+02,-1.002752476788127467e+02
4.669206914062500005e+02,-1.032443768849557841e+02
4.669209843749999891e+02,-1.008722493359373260e+02
4.669212773437500346e+02,-9.724047488164853803e+01
4.669215703125000232e+02,-9.646234129253312517e+01
4.669218632812500118e+02,-9.721759415470016563e+01
4.669221562500000005e+02,-9.749450156231155518e+01
4.669224492187499891e+02,-8.951899646211855099e+01
4.669227421875000346e+02,-8.737734447423270012e+01
4.669230351562500232e+02,-9.522424982564155016e+01
4.669233281250000118e+02,-1.007928856606794596e+02
4.669236210937500005e+02,-9.406242887446366296e+01
4.669239140624999891e+02,-9.398991927426874327e+01
4.669242070312500346e+02,-1.007407627047186480e+02
4.669245000000000232e+02,-9.526589126548961417e+01
4.669247929687500118e+02,-9.154033273348291289e+01
4.669250859375000005e+02,-9.154813220587266187e+01
4.669253789062499891e+02,-9.180067061117375715e+01
4.669256718750000346e+02,-9.202018930196251745e+01
4.669259648437500232e+02,-8.914781662884074365e+01
4.669262578125000118e+02,-8.863878006507776774e+01
4.669265507812500005e+02,-9.370499706911617466e+01
4.669268437499999891e+02,-9.898880165093902406e+01
4.669271367187500346e+02,-9.503193100358244294e+01
4.669274296875000232e+02,-9.792383126347064604e+01
4.669277226562500118e+02,-9.320787686898395918e+01
4.669280156250000005e+02,-9.474722869467672126e+01
4.669283085937499891e+02,-1.001788726463370836e+02
4.669286015625000346e+02,-9.692244042101721391e+01
4.669288945312500232e+02,-9.403586779761835146e+01
4.669291875000000118e+02,-9.093156044220194190e+01
4.669294804687500005e+02,-9.252295858928241046e+01
4.669297734374999891e+02,-1.006652265336282710e+02
4.669300664062500346e+02,-8.876601457376303017e+01
4.669303593750000232e+02,-9.085479134496884512e+01
4.669306523437500118e+02,-9.595923644850236656e+01
4.669309453125000005e+02,-9.694404373733405578e+01
4.669312382812499891e+02,-9.864571440105447664e+01
4.669315312500000346e+02,-9.887040818334170922e+01
4.669318242187500232e+02,-1.095043100187556320e+02
4.669321171875000118e+02,-1.024987127328470393e+02
4.669324101562500005e+02,-9.388187516540831723e+01
4.669327031249999891e+02,-8.843983591790659204e+01
4.669329960937500346e+02,-9.025909251407719580e+01
4.669332890625000232e+02,-9.723386403765979935e+01
4.669335820312500118e+02,-8.937402868935990341e+01
4.669338750000000005e+02,-9.223135873637252757e+01
4.669341679687499891e+02,-9.715094810846240136e+01
4.669344609375000346e+02,-9.802502236490055054e+01
4.669347539062500232e+02,-9.768124010188964235e+01
4.669350468750000118e+02,-1.079549236000833901e+02
4.669353398437500005e+02,-9.743967250286078752e+01
4.669356328124999891e+02,-9.567727002041741002e+01
4.669359257812500346e+02,-9.443322813283371886e+01
4.669362187500000232e+02,-9.295081285603723131e+01
4.669365117187500118e+02,-9.724956690726288855e+01
4.669368046875000005e+02,-9.305140460707514194e+01
4.669370976562499891e+02,-9.080506019771947024e+01
4.669373906250000346e+02,-9.746045792159021914e+01
4.669376835937500232e+02,-9.801590420702348183e+01
4.669379765625000118e+02,-9.707543505139993556e+01
4.669382695312500005e+02,-1.022813520286493087e+02
4.669385624999999891e+02,-9.730958863826433003e+01
4.669388554687500346e+02,-9.993312530045301401e+01
4.669391484375000232e+02,-9.868736336489965311e+01
4.669394414062500118e+02,-9.348558726915356942e+01
4.669397343750000005e+02,-9.498645686720647063e+01
4.669400273437499891e+02,-9.850565511069929414e+01
4.669403203125000346e+02,-9.872602402438295144e+01
4.669406132812500232e+02,-1.092325176293245335e+02
4.669409062500000118e+02,-8.994569091498252078e+01
4.669411992187500005e+02,-8.741361013012769376e+01
4.669414921874999891e+02,-8.926128360757064684e+01
4.669417851562500346e+02,-1.051755628669836398e+02
4.669420781250000232e+02,-9.277416157608777780e+01
4.669423710937500118e+02,-1.060635935008088211e+02
4.669426640625000005e+02,-1.000098620955194093e+02
4.669429570312499891e+02,-9.256448390639985746e+01
4.669432500000000346e+02,-9.102668882923202887e+01
4.669435429687500232e+02,-9.274457729874578149e+01
4.669438359375000118e+02,-9.360985527842800025e+01
4.669441289062500005e+02,-9.416905229372063957e+01
4.669444218749999891e+02,-1.036409278889350958e+02
4.669447148437500346e+02,-9.149791060429930667e+01
4.669450078125000232e+02,-9.037272384152100813e+01
4.669453007812500118e+02,-9.525548638511051536e+01
4.669455937500000005e+02,-9.645226692871416674e+01
4.669458867187499891e+02,-1.058612977088728115e+02
4.669461796875000346e+02,-1.075234423906967010e+02
4.669464726562500232e+02,-9.642207407198660007e+01
4.669467656250000118e+02,-9.371816103444189139e+01
4.669470585937500005e+02,-9.479277523613541234e+01
4.669473515624999891e+02,-9.342677127093558909e+01
4.669476445312500346e+02,-9.457756181931142692e+01
4.669479375000000232e+02,-1.001899709207785634e+02
4.669482304687500118e+02,-9.857179880109487158e+01
4.669485234375000005e+02,-9.781533364993130419e+01
4.669488164062499891e+02,-9.437827531442027862e+01
4.669491093750000346e+02,-9.434895422905552209e+01
4.669494023437500232e+02,-9.871928236444345828e+01
4.669496953125000118e+02,-1.033775433156499588e+02
4.669499882812500005e+02,-9.718123995430718765e+01
4.669502812499999891e+02,-1.005262129347634925e+02
4.669505742187500346e+02,-9.437423395323517639e+01
4.669508671875000232e+02,-9.101946337729148695e+01
4.669511601562500118e+02,-9.105002661413067244e+01
4.669514531250000005e+02,-9.458413802404623993e+01
4.669517460937499891e+02,-9.284261252527599595e+01
4.669520390625000346e+02,-9.114004937774470250e+01
4.669523320312500232e+02,-1.018981603399139857e+02
4.669526250000000118e+02,-9.237472667161760853e+01
4.669529179687500005e+02,-8.673707253511526005e+01
4.669532109374999891e+02,-8.809905096654284762e+01
4.669535039062500346e+02,-9.174381736320702885e+01
4.669537968750000232e+02,-9.438448777680081037e+01
4.669540898437500118e+02,-9.364544856370147841e+01
4.669543828125000005e+02,-8.924091970870478008e+01
4.669546757812499891e+02,-8.708593732391170761e+01
4.669549687500000346e+02,-9.198218666110541619e+01
4.669552617187500232e+02,-9.198032696107239303e+01
4.669555546875000118e+02,-9.107228187791497476e+01
4.669558476562500005e+02,-9.337763667947557167e+01
4.669561406249999891e+02,-1.031759315915863908e+02
4.669564335937500346e+02,-9.750057860856173875e+01
4.669567265625000232e+02,-9.067899451751286222e+01
4.669570195312500118e+02,-9.103718569254860427e+01
4.669573125000000005e+02,-1.108801327370658640e+02
4.669576054687499891e+02,-9.385543486423850368e+01
4.669578984375000346e+02,-9.655592320558456265e+01
4.669581914062500232e+02,-9.993104954997883738e+01
4.669584843750000118e+02,-1.035543907747282333e+02
4.669587773437500005e+02,-9.387353869900040593e+01
4.669590703124999891e+02,-8.878259874010296926e+01
4.669593632812500346e+02,-9.494150548774334197e+01
4.669596562500000232e+02,-9.610222682551653861e+01
4.669599492187500118e+02,-8.877380238440041182e+01
4.669602421875000005e+02,-9.584745399883830430e+01
4.669605351562499891e+02,-9.448564668949367729e+01
4.669608281250000346e+02,-9.513239914759438420e+01
4.669611210937500232e+02,-1.152621762778302354e+02
4.669614140625000118e+02,-9.611319934666661879e+01
4.669617070312500005e+02,-9.743025258284006895e+01
4.669619999999999891e+02,-1.096209260886634809e+02
4.669622929687500346e+02,-9.646474731445735529e+01
4.669625859375000232e+02,-8.958378608667956655e+01
4.669628789062500118e+02,-9.374356647643966767e+01
4.669631718750000005e+02,-9.652388794531803740e+01
4.669634648437499891e+02,-9.308119920454990392e+01
4.669637578125000346e+02,-8.674239970074248163e+01
4.669640507812500232e+02,-9.331835798078455468e+01
4.669643437500000118e+02,-9.639545247495406954e+01
4.669646367187500005e+02,-9.215889050147308126e+01
4.669649296874999891e+02,-8.868326042821567512e+01
4.669652226562500346e+02,-9.246812811915577868e+01
4.669655156250000232e+02,-9.438729646808172902e+01
4.669658085937500118e+02,-9.048750144466487200e+01
4.669661015625000005e+02,-9.614719328403417364e+01
4.669663945312499891e+02,-9.498919481996075831e+01
4.669666875000000346e+02,-9.134692657321639331e+01
4.669669804687500232e+02,-9.642629386613302245e+01
4.669672734375000118e+02,-9.089014142197198964e+01
4.669675664062500005e+02,-9.167815288115058081e+01
4.669678593749999891e+02,-9.566959615139788298e+01
4.669681523437500346e+02,-1.026509986146330959e+02
4.669684453125000232e+02,-9.991335108352865291e+01
4.669687382812500118e+02,-9.803059481527819230e+01
4.669690312500000005e+02,-9.747153002040766978e+01
4.669693242187499891e+02,-9.594111333922330687e+01
4.669696171875000346e+02,-1.015843523384352238e+02
4.669699101562500232e+02,-9.402311735908131141e+01
4.669702031250000118e+02,-8.574874471153115962e+01
4.669704960937500005e+02,-8.378044056983584653e+01
4.669707890624999891e+02,-8.966428192531516572e+01
4.669710820312500346e+02,-8.944764921992324958e+01
4.669713750000000232e+02,-8.558495392451442285e+01
4.669716679687500118e+02,-8.570451868292080633e+01
4.669719609375000005e+02,-9.602493110340174098e+01
4.669722539062499891e+02,-9.218839703514392170e+01
4.669725468750000346e+02,-8.923935612243349169e+01
4.669728398437500232e+02,-1.080845450693093710e+02
4.669731328125000118e+02,-9.360283729350371118e+01
4.669734257812500005e+02,-8.952080476370524309e+01
4.669737187499999891e+02,-8.995802441380412517e+01
4.669740117187500346e+02,-9.590134344036331981e+01
4.669743046875000232e+02,-9.709752156015312607e+01
4.669745976562500118e+02,-9.487088983327845426e+01
4.669748906250000005e+02,-1.019684610228381700e+02
4.669751835937499891e+02,-1.043187221969423888e+02
4.669754765625000346e+02,-9.957766023848718362e+01
4.669757695312500232e+02,-9.285558026289592704e+01
4.669760625000000118e+02,-1.074549820219757379e+02
4.669763554687500005e+02,-9.201831173994001745e+01
4.669766484374999891e+02,-9.100013695177104012e+01
4.669769414062500346e+02,-9.301074272383993957e+01
4.669772343750000232e+02,-9.901428283307878075e+01
4.669775273437500118e+02,-8.991356445095274807e+01
4.669778203125000005e+02,-8.956415525083785667e+01
4.669781132812499891e+02,-9.101158743659736672e+01
4.669784062500000346e+02,-9.285659144252647934e+01
4.669786992187500232e+02,-9.448835956613717713e+01
4.669789921875000118e+02,-9.450141649645674136e+01
4.669792851562500005e+02,-8.832078475763097458e+01
4.669795781249999891e+02,-9.290483927767907346e+01
4.669798710937500346e+02,-9.885686351043437980e+01
4.669801640625000232e+02,-9.514604258370034984e+01
4.669804570312500118e+02,-9.126392486611813126e+01
4.669807500000000005e+02,-8.806542200089324979e+01
4.669810429687499891e+02,-9.220371106790166493e+01
4.669813359375000346e+02,-9.163866029480109887e+01
4.669816289062500232e+02,-9.096776143267854309e+01
4.669819218750000118e+02,-9.861794323810784135e+01
4.669822148437500005e+02,-9.032302360371883765e+01
4.669825078124999891e+02,-9.099273005085235866e+01
4.669828007812500346e+02,-9.497817371707385803e+01
4.669830937500000232e+02,-9.797086719716412517e+01
4.669833867187500118e+02,-1.147975036570829843e+02
4.669836796875000005e+02,-9.198857142509882578e+01
4.669839726562499891e+02,-9.782333385518498403e+01
4.669842656250000346e+02,-9.308128770089460602e+01
4.669845585937500232e+02,-9.269083341755839456e+01
4.669848515625000118e+02,-8.933517127472013897e+01
4.669851445312500005e+02,-9.744626251228459068e+01
4.669854374999999891e+02,-9.428336249805660430e+01
4.669857304687500346e+02,-9.861614507493860060e+01
4.669860234375000232e+02,-9.510168488891507366e+01
4.669863164062500118e+02,-8.994904719720871356e+01
4.669866093750000005e+02,-9.192975648477975881e+01
4.669869023437499891e+02,-9.928434637142176200e+01
4.669871953125000346e+02,-9.284730827440888845e+01
4.669874882812500232e+02,-9.510188136486333121e+01
4.669877812500000118e+02,-9.473972651831964242e+01
4.669880742187500005e+02,-9.460343792188334078e+01
4.669883671874999891e+02,-8.757896421999944891e+01
4.669886601562500346e+02,-9.082206889658580451e+01
4.669889531250000232e+02,-1.015099629710237963e+02
4.669892460937500118e+02,-1.000020794943819169e+02
4.669895390625000005e+02,-1.118174540478548806e+02
4.669898320312499891e+02,-9.621502690657285939e+01
4.669901250000000346e+02,-9.287559919029695266e+01
4.669904179687500232e+02,-9.861519081948483745e+01
4.669907109375000118e+02,-9.027879870479907254e+01
4.669910039062500005e+02,-8.682734656993764588e+01
4.669912968749999891e+02,-8.749688981664549203e+01
4.669915898437500346e+02,-1.079764542839715489e+02
4.669918828125000232e+02,-9.391980966731418334e+01
4.669921757812500118e+02,-9.347825091382274820e+01
4.669924687500000005e+02,-9.513924105183397728e+01
4.669927617187499891e+02,-1.043008035619157994e+02
4.669930546875000346e+02,-1.005698332720554049e+02
4.669933476562500232e+02,-1.045758378829836346e+02
4.669936406250000118e+02,-9.561184945890182973e+01
4.669939335937500005e+02,-9.337404011573498508e+01
4.669942265624999891e+02,-9.380575935324485215e+01
4.669945195312500346e+02,-1.011494049965551199e+02
4.669948125000000232e+02,-1.006191881856967996e+02
4.669951054687500118e+02,-9.427719604191899805e+01
4.669953984375000005e+02,-9.262466239117941313e+01
4.669956914062499891e+02,-8.789900352967828212e+01
4.669959843750000346e+02,-9.131505436640298967e+01
4.669962773437500232e+02,-9.204851908878056577e+01
4.669965703125000118e+02,-9.815295530626386267e+01
4.669968632812500005e+02,-9.709462157490142431e+01
4.669971562499999891e+02,-9.566384788098008585e+01
4.669974492187500346e+02,-9.598801511735992165e+01
4.669977421875000232e+02,-9.878726936100829903e+01
4.669980351562500118e+02,-9.757218157935810154e+01
4.669983281250000005e+02,-1.045650609329492795e+02
4.669986210937499891e+02,-9.219041747563235845e+01
4.669989140625000346e+02,-9.283455391831303416e+01
4.669992070312500232e+02,-9.894410896874299510e+01
4.669995000000000118e+02,-1.002663071506039500e+02
4.669997929687500005e+02,-9.914212827768477609e+01
4.670000859374999891e+02,-9.554413442691989644e+01
4.670003789062500346e+02,-9.302814730298391055e+01
4.670006718750000232e+02,-9.715852755118490336e+01
4.670009648437500118e+02,-1.047760876293748709e+02
4.670012578125000005e+02,-9.880906873785122002e+01
4.670015507812499891e+02,-1.069933611116787944e+02
4.670018437500000346e+02,-8.979451387838734888e+01
4.670021367187500232e+02,-8.998269260612467235e+01
4.670024296875000118e+02,-9.951448066671946435e+01
4.670027226562500005e+02,-9.707886301634373183e+01
4.670030156249999891e+02,-9.072045440644716052e+01
4.670033085937500346e+02,-9.066738648443359239e+01
4.670036015625000232e+02,-9.204214300473708477e+01
4.670038945312500118e+02,-9.055494736604346429e+01
4.670041875000000005e+02,-8.902763433606412491e+01
4.670044804687499891e+02,-9.390791490454118673e+01
4.670047734375000346e+02,-9.969241575086213913e+01
4.670050664062500232e+02,-9.150914403985123613e+01
4.670053593750000118e+02,-8.900975719762030280e+01
4.670056523437500005e+02,-1.005572743222187313e+02
4.670059453124999891e+02,-9.124042618101192659e+01
4.670062382812500346e+02,-1.043011698636496192e+02
4.670065312500000232e+02,-8.870236109101296051e+01
4.670068242187500118e+02,-9.787838541417279714e+01
4.670071171875000005e+02,-9.193878632675347262e+01
4.670074101562499891e+02,-9.028425654168628967e+01
4.670077031250000346e+02,-9.447784818405867213e+01
4.670079960937500232e+02,-9.749861216977699030e+01
4.670082890625000118e+02,-9.467412903539242564e+01
4.670085820312500005e+02,-9.454839061980366921e+01
4.670088749999999891e+02,-1.045376910580090168e+02
4.670091679687500346e+02,-9.519623061887259041e+01
4.670094609375000232e+02,-9.133976247733900777e+01
4.670097539062500118e+02,-8.785404184208984191e+01
4.670100468750000005e+02,-9.426226956656310563e+01
4.670103398437499891e+02,-1.022143066473574606e+02
4.670106328125000346e+02,-9.488417538843890497e+01
4.670109257812500232e+02,-1.018743916122660806e+02
4.670112187500000118e+02,-9.219278752177078218e+01
4.670115117187500005e+02,-9.858655896742288860e+01
4.670118046874999891e+02,-9.493644032167345870e+01
4.670120976562500346e+02,-1.038295681710525287e+02
4.670123906250000232e+02,-9.587382820924831606e+01
4.670126835937500118e+02,-9.072050507415627862e+01
4.670129765625000005e+02,-9.817180142078831295e+01
4.670132695312499891e+02,-9.501257436027449899e+01
4.670135625000000346e+02,-9.852109207940857516e+01
4.670138554687500232e+02,-1.075658793642418800e+02
4.670141484375000118e+02,-1.107347225145640692e+02
4.670144414062500005e+02,-9.689545389066739745e+01
4.670147343749999891e+02,-1.043014426793878044e+02
4.670150273437500346e+02,-9.878973748974985369e+01
4.670153203125000232e+02,-9.322777694858092445e+01
4.670156132812500118e+02,-8.983497168590051274e+01
4.670159062500000005e+02,-9.055381195577817266e+01
4.670161992187499891e+02,-9.008754491910821116e+01
4.670164921875000346e+02,-9.071111189840580380e+01
4.670167851562500232e+02,-1.010549275975744621e+02
4.670170781250000118e+02,-9.293184977125329738e+01
4.670173710937500005e+02,-9.734899177283855920e+01
4.670176640624999891e+02,-9.242943344570318231e+01
4.670179570312500346e+02,-9.138723524436882428e+01
4.670182500000000232e+02,-9.140189609129537018e+01
4.670185429687500118e+02,-9.571893699951125711e+01
4.670188359375000005e+02,-9.480895626162981671e+01
4.670191289062499891e+02,-9.337473595522359915e+01
4.670194218750000346e+02,-9.281721021894367141e+01
4.670197148437500232e+02,-9.461746864337328589e+01
4.670200078125000118e+02,-9.778292648245130181e+01
4.670203007812500005e+02,-9.390020094669280581e+01
4.670205937499999891e+02,-9.665749714265096770e+01
4.670208867187500346e+02,-9.653615747740983011e+01
4.670211796875000232e+02,-9.854457609057321577e+01
4.670214726562500118e+02,-9.847054891887702865e+01
4.670217656250000005e+02,-9.954275277419718293e+01
4.670220585937499891e+02,-9.845632381384540111e+01
4.670223515625000346e+02,-1.061581559766087821e+02
4.670226445312500232e+02,-8.994888793556320650e+01
4.670229375000000118e+02,-8.896316422989568196e+01
4.670232304687500005e+02,-9.766781485485795145e+01
4.670235234374999891e+02,-9.601501058669221322e+01
4.670238164062500346e+02,-9.442427484786655612e+01
4.670241093750000232e+02,-1.046305564810653408e+02
4.670244023437500118e+02,-1.212235243400509432e+02
4.670246953125000005e+02,-1.017926821795652046e+02
4.670249882812499891e+02,-9.816414781995166550e+01
4.670252812500000346e+02,-9.671361484856782909e+01
4.670255742187500232e+02,-9.137341371783192301e+01
4.670258671875000118e+02,-9.652962891440478188e+01
4.670261601562500005e+02,-1.034867097016039708e+02
4.670264531249999891e+02,-9.211833414160790312e+01
4.670267460937500346e+02,-1.006921133689417900e+02
4.670270390625000232e+02,-9.381358474217583421e+01
4.670273320312500118e+02,-1.073046564699950665e+02
4.670276250000000005e+02,-9.080140833313906512e+01
4.670279179687499891e+02,-8.832370503489387659e+01
4.670282109375000346e+02,-8.853269871502682520e+01
4.670285039062500232e+02,-9.597454441311583651e+01
4.670287968750000118e+02,-8.801482645947301364e+01
4.670290898437500005e+02,-9.411443868904217425e+01
4.670293828124999891e+02,-9.361115545368946300e+01
4.670296757812500346e+02,-1.024224013197017626e+02
4.670299687500000232e+02,-1.000423317438686155e+02
4.670302617187500118e+02,-9.053769578092004622e+01
4.670305546875000005e+02,-9.542261360091296751e+01
4.670308476562499891e+02,-1.060810194961153741e+02
4.670311406250000346e+02,-9.312938003249270480e+01
4.670314335937500232e+02,-1.131494191395006368e+02
4.670317265625000118e+02,-8.986819108043385995e+01
4.670320195312500005e+02,-8.843938745549931468e+01
4.670323124999999891e+02,-9.299070936590663905e+01
4.670326054687500346e+02,-9.986238372019791143e+01
4.670328984375000232e+02,-9.257717280711830199e+01
4.670331914062500118e+02,-9.197331221518551558e+01
4.670334843750000005e+02,-9.335012376364892361e+01
4.670337773437499891e+02,-9.577589885951518056e+01
4.670340703125000346e+02,-8.828286369568141367e+01
4.670343632812500232e+02,-9.016650355090347091e+01
4.670346562500000118e+02,-8.801998597396705293e+01
4.670349492187500005e+02,-1.058718224771643435e+02
4.670352421874999891e+02,-9.305874895102427047e+01
4.670355351562500346e+02,-9.750193606215452746e+01
4.670358281250000232e+02,-9.478200930353453657e+01
4.670361210937500118e+02,-9.843424208177941637e+01
4.670364140625000005e+02,-9.004784453792153442e+01
4.670367070312499891e+02,-9.468205344857386763e+01
4.670370000000000346e+02,-1.033096868671986925e+02
4.670372929687500232e+02,-9.831111547187771293e+01
4.670375859375000118e+02,-1.104636218870385989e+02
4.670378789062500005e+02,-9.443081730595226020e+01
4.670381718749999891e+02,-9.886420808470055022e+01
4.670384648437500346e+02,-9.134105437524128490e+01
4.670387578125000232e+02,-9.796325989276262192e+01
4.670390507812500118e+02,-9.977780858465050073e+01
4.670393437500000005e+02,-9.555001864054969474e+01
4.670396367187499891e+02,-8.805449949178213842e+01
4.670399296875000346e+02,-9.024475108582828398e+01
4.670402226562500232e+02,-9.865597870548310766e+01
4.670405156250000118e+02,-9.542837958572744128e+01
4.670408085937500005e+02,-1.011601790887544610e+02
4.670411015624999891e+02,-9.145450682884630567e+01
4.670413945312500346e+02,-9.137389998832600213e+01
4.670416875000000232e+02,-9.414709412296662094e+01
4.670419804687500118e+02,-9.297431774286468453e+01
4.670422734375000005e+02,-9.136370272994159336e+01
4.670425664062499891e+02,-8.731947120963154418e+01
4.670428593750000346e+02,-8.726737090869997360e+01
4.670431523437500232e+02,-9.203601983146137400e+01
4.670434453125000118e+02,-9.235539003374631761e+01
4.670437382812500005e+02,-8.893994731806250797e+01
4.670440312499999891e+02,-9.173174117468980171e+01
4.670443242187500346e+02,-9.289510523392334562e+01
4.670446171875000232e+02,-8.941281687528856992e+01
4.670449101562500118e+02,-9.100577010406567524e+01
4.670452031250000005e+02,-9.546524396648977984e+01
4.670454960937499891e+02,-9.547453558538877871e+01
4.670457890625000346e+02,-8.890014404551959615e+01
4.670460820312500232e+02,-8.439720579193715366e+01
4.670463750000000118e+02,-8.729637112040272484e+01
4.670466679687500005e+02,-9.453790240195034755e+01
4.670469609374999891e+02,-9.531557557472973485e+01
4.670472539062500346e+02,-9.194374950356043996e+01
4.670475468750000232e+02,-9.600880002863385698e+01
4.670478398437500118e+02,-1.022503798039370650e+02
4.670481328125000005e+02,-9.100806976479063337e+01
4.670484257812499891e+02,-8.872592591384000116e+01
4.670487187500000346e+02,-9.221668910116767393e+01
4.670490117187500232e+02,-1.090504134146119384e+02
4.670493046875000118e+02,-1.018081839863499027e+02
4.670495976562500005e+02,-9.917242327593166351e+01
4.670498906249999891e+02,-9.092308178181011158e+01
4.670501835937500346e+02,-9.087686356482210215e+01
4.670504765625000232e+02,-8.838477929655468301e+01
4.670507695312500118e+02,-1.032211795878265406e+02
4.670510625000000005e+02,-9.613633305051251909e+01
4.670513554687499891e+02,-1.032595412820436565e+02
4.670516484375000346e+02,-1.039105952236496364e+02
4.670519414062500232e+02,-9.571312484453430613e+01
4.670522343750000118e+02,-9.086129651821903508e+01
4.670525273437500005e+02,-8.803303522877396858e+01
4.670528203124999891e+02,-9.348432270635848340e+01
4.670531132812500346e+02,-9.642243946672510901e+01
4.670534062500000232e+02,-9.186605244325645003e+01
4.670536992187500118e+02,-8.929128461423127305e+01
4.670539921875000005e+02,-8.719732401352325724e+01
4.670542851562499891e+02,-9.252849388967058530e+01
4.670545781250000346e+02,-9.266906152751104742e+01
4.670548710937500232e+02,-9.455153342424544860e+01
4.670551640625000118e+02,-9.745980333988879352e+01
4.670554570312500005e+02,-9.027040414749546926e+01
4.670557499999999891e+02,-9.354364957847553796e+01
4.670560429687500346e+02,-9.306102085054365602e+01
4.670563359375000232e+02,-8.779445610724465610e+01
4.670566289062500118e+02,-9.096675149401177407e+01
4.670569218750000005e+02,-1.059525951310663174e+02
4.670572148437499891e+02,-9.142700316980126729e+01
4.670575078125000346e+02,-8.876923910649830418e+01
4.670578007812500232e+02,-9.304849365188886168e+01
4.670580937500000118e+02,-9.244750215126816784e+01
4.670583867187500005e+02,-1.010043468236000024e+02
4.670586796874999891e+02,-1.050288844365668695e+02
4.670589726562500346e+02,-9.087205061957911312e+01
4.670592656250000232e+02,-9.020920247447963902e+01
4.670595585937500118e+02,-9.994581368067011340e+01
4.670598515625000005e+02,-1.002010288078903955e+02
4.670601445312499891e+02,-9.299513392372324461e+01
4.670604375000000346e+02,-9.063424310656532157e+01
4.670607304687500232e+02,-8.915592437680354010e+01
4.670610234375000118e+02,-9.287936525386349729e+01
4.670613164062500005e+02,-9.213663974828513403e+01
4.670616093749999891e+02,-1.042296802783809682e+02
4.670619023437500346e+02,-1.036774309787497259e+02
4.670621953125000232e+02,-1.083528979520497018e+02
4.670624882812500118e+02,-9.615603605518579400e+01
4.670627812500000005e+02,-8.943590959702582666e+01
4.670630742187499891e+02,-9.306064652966244921e+01
4.670633671875000346e+02,-9.444694018730935170e+01
4.670636601562500232e+02,-9.851540583430676179e+01
4.670639531250000118e+02,-9.584048443255534266e+01
4.670642460937500005e+02,-9.036422277982484275e+01
4.670645390624999891e+02,-9.586126859842866565e+01
4.670648320312500346e+02,-1.042414226208931325e+02
4.670651250000000232e+02,-9.236936732781398973e+01
4.670654179687500118e+02,-8.724667147047462379e+01
4.670657109375000005e+02,-9.040518931910690981e+01
4.670660039062499891e+02,-9.629457172061195536e+01
4.670662968750000346e+02,-9.573145858747245995e+01
4.670665898437500232e+02,-9.202216556135769565e+01
4.670668828125000118e+02,-9.272887433190916795e+01
4.670671757812500005e+02,-1.083608467743921011e+02
4.670674687499999891e+02,-8.888634017740487536e+01
4.670677617187500346e+02,-9.290531331258111436e+01
4.670680546875000232e+02,-8.848932843184739738e+01
4.670683476562500118e+02,-9.054825388446471379e+01
4.670686406250000005e+02,-1.031142980959029245e+02
4.670689335937499891e+02,-1.007719566533052671e+02
4.670692265625000346e+02,-9.148070567240581852e+01
4.670695195312500232e+02,-9.520846681440177406e+01
4.670698125000000118e+02,-9.513372953754694095e+01
4.670701054687500005e+02,-1.003831833106474534e+02
4.670703984374999891e+02,-1.106747117221698034e+02
4.670706914062500346e+02,-9.627803413361270657e+01
4.670709843750000232e+02,-9.173072978180900350e+01
4.670712773437500118e+02,-8.914639812108629258e+01
4.670715703125000005e+02,-9.486023429533382512e+01
4.670718632812499891e+02,-1.034942482850160275e+02
4.670721562500000346e+02,-9.844685250511373908e+01
4.670724492187500232e+02,-9.301100098162544327e+01
4.670727421875000118e+02,-9.627233467227509323e+01
4.670730351562500005e+02,-9.938492548034400897e+01
4.670733281249999891e+02,-9.794468165236180823e+01
4.670736210937500346e+02,-8.942619564812036970e+01
4.670739140625000232e+02,-8.914775091555733866e+01
4.670742070312500118e+02,-8.625177486053939901e+01
4.670745000000000005e+02,-8.413219171836468036e+01
4.670747929687499891e+02,-8.856131514120546910e+01
4.670750859375000346e+02,-9.318032556834188540e+01
4.670753789062500232e+02,-9.827951572734914976e+01
4.670756718750000118e+02,-9.560595055685654131e+01
4.670759648437500005e+02,-9.357402317868780983e+01
4.670762578124999891e+02,-9.375717393846730374e+01
4.670765507812500346e+02,-9.415548964475726734e+01
4.670768437500000232e+02,-8.982583107081737239e+01
4.670771367187500118e+02,-8.837335870995049447e+01
4.670774296875000005e+02,-8.851745920854799010e+01
4.670777226562499891e+02,-8.966960292158006496e+01
4.670780156250000346e+02,-8.848509693377141616e+01
4.670783085937500232e+02,-8.716566704709074997e+01
4.670786015625000118e+02,-9.255810469750771574e+01
4.670788945312500005e+02,-9.828907077495672695e+01
4.670791874999999891e+02,-9.362053356481744970e+01
4.670794804687500346e+02,-9.889592148792986848e+01
4.670797734375000232e+02,-9.217721647254205664e+01
4.670800664062500118e+02,-9.130061666242963270e+01
4.670803593750000005e+02,-9.770158048600504230e+01
4.670806523437499891e+02,-8.997137731222957768e+01
4.670809453125000346e+02,-8.914287653645192222e+01
4.670812382812500232e+02,-8.730543323213089479e+01
4.670815312500000118e+02,-8.792991848987583126e+01
4.670818242187500005e+02,-9.606066588725981603e+01
4.670821171874999891e+02,-9.537247349087002135e+01
4.670824101562500346e+02,-1.022163202045166628e+02
4.670827031250000232e+02,-8.966795456776786466e+01
4.670829960937500118e+02,-8.946222181858232148e+01
4.670832890625000005e+02,-9.873497522171867047e+01
4.670835820312499891e+02,-9.431418048663451259e+01
4.670838750000000346e+02,-9.315434474475047466e+01
4.670841679687500232e+02,-8.811592761224189019e+01
4.670844609375000118e+02,-9.254056731022171789e+01
4.670847539062500005e+02,-9.217781635152911690e+01
4.670850468749999891e+02,-8.750425725414613964e+01
4.670853398437500346e+02,-9.115585100918559647e+01
4.670856328125000232e+02,-9.895451439908595148e+01
4.670859257812500118e+02,-9.205335646928878646e+01
4.670862187500000005e+02,-9.741975653102048227e+01
4.670865117187499891e+02,-1.013541485973609468e+02
4.670868046875000346e+02,-9.034909700139166944e+01
4.670870976562500232e+02,-8.996137829106673678e+01
4.670873906250000118e+02,-9.168927951454244862e+01
4.670876835937500005e+02,-9.304857140334064525e+01
4.670879765624999891e+02,-8.889794708506370569e+01
4.670882695312500346e+02,-9.061346636241603392e+01
4.670885625000000232e+02,-1.040698854096397099e+02
4.670888554687500118e+02,-9.726338879583633457e+01
4.670891484375000005e+02,-9.243141794780615328e+01
4.670894414062499891e+02,-9.117063278975487606e+01
4.670897343750000346e+02,-8.944785121754119928e+01
4.670900273437500232e+02,-8.715487270670405451e+01
4.670903203125000118e+02,-8.889502531298786892e+01
4.670906132812500005e+02,-9.365340441197737675e+01
4.670909062499999891e+02,-8.092744364077674391e+01
4.670911992187500346e+02,-7.562949735716097166e+01
4.670914921875000232e+02,-8.262731658086018172e+01
4.670917851562500118e+02,-9.557042205277110725e+01
4.670920781250000005e+02,-1.042516569311183616e+02
4.670923710937499891e+02,-9.178764802293670755e+01
4.670926640625000346e+02,-9.720324840904129360e+01
4.670929570312500232e+02,-9.218342681780292480e+01
4.670932500000000118e+02,-8.904470394375691455e+01
4.670935429687500005e+02,-9.171387362675238819e+01
4.670938359374999891e+02,-9.311501949079146812e+01
4.670941289062500346e+02,-8.655079473845857763e+01
4.670944218750000232e+02,-8.354861050824436575e+01
4.670947148437500118e+02,-8.724314078465083355e+01
4.670950078125000005e+02,-8.758530850866277717e+01
4.670953007812499891e+02,-9.513883698349012263e+01
4.670955937500000346e+02,-9.424994918503080044e+01
4.670958867187500232e+02,-8.833058036998713192e+01
4.670961796875000118e+02,-8.788118293194054331e+01
4.670964726562500005e+02,-9.626107231890600247e+01
4.670967656249999891e+02,-9.569495208863369839e+01
4.670970585937500346e+02,-1.027683300933086059e+02
4.670973515625000232e+02,-8.956780059138118588e+01
4.670976445312500118e+02,-8.961510990038520674e+01
4.670979375000000005e+02,-1.004402491490839679e+02
4.670982304687499891e+02,-9.436796566510022899e+01
4.670985234375000346e+02,-9.857466064119478233e+01
4.670988164062500232e+02,-8.814739833239771372e+01
4.670991093750000118e+02,-8.738809217802013052e+01
4.670994023437500005e+02,-8.814424478486867542e+01
4.670996953124999891e+02,-9.098222875297719270e+01
4.670999882812500346e+02,-8.937385835401535417e+01
4.671002812500000232e+02,-8.897915514191248576e+01
4.671005742187500118e+02,-1.036216369842716176e+02
4.671008671875000005e+02,-9.270098347502587899e+01
4.671011601562499891e+02,-9.504307442627657565e+01
4.671014531250000346e+02,-8.938244753246752339e+01
4.671017460937500232e+02,-9.572526521368720864e+01
4.671020390625000118e+02,-9.105096851741789976e+01
4.671023320312500005e+02,-9.235115802722771150e+01
4.671026249999999891e+02,-1.078161488483651311e+02
4.671029179687500346e+02,-9.309483903158655949e+01
4.671032109375000232e+02,-9.662736109057178169e+01
4.671035039062500118e+02,-8.974749416135961155e+01
4.671037968750000005e+02,-9.112053160936122254e+01
4.671040898437499891e+02,-9.216036729335142752e+01
4.671043828125000346e+02,-9.112387778503142499e+01
4.671046757812500232e+02,-9.309683425950952085e+01
4.671049687500000118e+02,-8.999717262948217922e+01
4.671052617187500005e+02,-8.484162699546021713e+01
4.671055546874999891e+02,-9.265956374386857419e+01
4.671058476562500346e+02,-9.834489499572249827e+01
4.671061406250000232e+02,-9.301933251205088027e+01
4.671064335937500118e+02,-9.247138060533123394e+01
4.671067265625000005e+02,-9.900388104508760989e+01
4.671070195312499891e+02,-8.886078598066882250e+01
4.671073125000000346e+02,-9.094124633073435859e+01
4.671076054687500232e+02,-9.608421955053708530e+01
4.671078984375000118e+02,-8.780225790714462164e+01
4.671081914062500005e+02,-8.901455458572867485e+01
4.671084843749999891e+02,-9.327088828762330763e+01
4.671087773437500346e+02,-1.073851903351910551e+02
4.671090703125000232e+02,-9.040612236421168291e+01
4.671093632812500118e+02,-8.805323635574714558e+01
4.671096562500000005e+02,-1.032486257693191334e+02
4.671099492187499891e+02,-9.137492436066240487e+01
4.671102421875000346e+02,-1.028154682290859796e+02
4.671105351562500232e+02,-9.652032141943561783e+01
4.671108281250000118e+02,-8.977753080380932715e+01
4.671111210937500005e+02,-9.082787878004461390e+01
4.671114140624999891e+02,-8.974822758393857214e+01
4.671117070312500346e+02,-9.238709210265936633e+01
4.671120000000000232e+02,-9.023742924076844929e+01
4.671122929687500118e+02,-9.650749729674438981e+01
4.671125859375000005e+02,-9.024314010797189667e+01
4.671128789062499891e+02,-9.127116523309246077e+01
4.671131718750000346e+02,-9.641684063160901985e+01
4.671134648437500232e+02,-9.444059311767075826e+01
4.671137578125000118e+02,-9.191253106452434452e+01
4.671140507812500005e+02,-9.617440764872240777e+01
4.671143437499999891e+02,-9.979547352715273689e+01
4.671146367187500346e+02,-9.333515390543213641e+01
4.671149296875000232e+02,-9.049797838949130835e+01
4.671152226562500118e+02,-8.735458326333549905e+01
4.671155156250000005e+02,-8.585610993213889230e+01
4.671158085937499891e+02,-8.823827930197616354e+01
4.671161015625000346e+02,-8.957636048003988094e+01
4.671163945312500232e+02,-9.494602173045063864e+01
4.671166875000000118e+02,-8.916318946756911146e+01
4.671169804687500005e+02,-9.044098115941039850e+01
4.671172734374999891e+02,-9.684020658965351913e+01
4.671175664062500346e+02,-1.180286524738173881e+02
4.671178593750000232e+02,-1.008572640545129531e+02
4.671181523437500118e+02,-9.816858160600231997e+01
4.671184453125000005e+02,-9.433378746166496853e+01
4.671187382812499891e+02,-9.653780962662605702e+01
4.671190312500000346e+02,-9.026459929418075490e+01
4.671193242187500232e+02,-9.188434006531529974e+01
4.671196171875000118e+02,-9.677089519476004398e+01
4.671199101562500005e+02,-9.304120381999791789e+01
4.671202031249999891e+02,-8.934105583462874733e+01
4.671204960937500346e+02,-9.107242928609481680e+01
4.671207890625000232e+02,-9.591339741192727786e+01
4.671210820312500118e+02,-1.020590280136641894e+02
4.671213750000000005e+02,-8.874751597056527430e+01
4.671216679687499891e+02,-8.965074245474755799e+01
4.671219609375000346e+02,-8.977255894737555764e+01
4.671222539062500232e+02,-8.538536862893775492e+01
4.671225468750000118e+02,-8.727672651773930568e+01
4.671228398437500005e+02,-9.448488283287117895e+01
4.671231328124999891e+02,-8.555008050588114088e+01
4.671234257812500346e+02,-8.452630698925412389e+01
4.671237187500000232e+02,-8.763791437166857179e+01
4.671240117187500118e+02,-8.841666389462096731e+01
4.671243046875000005e+02,-9.065741785779842132e+01
4.671245976562499891e+02,-9.192733776325687245e+01
4.671248906250000346e+02,-9.639053041394767263e+01
4.671251835937500232e+02,-8.917103121886376016e+01
4.671254765625000118e+02,-8.827838712917484543e+01
4.671257695312500005e+02,-9.651534173616741441e+01
4.671260624999999891e+02,-9.426198513822568259e+01
4.671263554687500346e+02,-8.300363299961796315e+01
4.671266484375000232e+02,-8.610499287752205078e+01
4.671269414062500118e+02,-9.321152846768002576e+01
4.671272343750000005e+02,-9.093456962405142008e+01
4.671275273437499891e+02,-9.439984764741355150e+01
4.671278203125000346e+02,-9.453442020285311287e+01
4.671281132812500232e+02,-9.320010835797975801e+01
4.671284062500000118e+02,-9.247760147851178658e+01
4.671286992187500005e+02,-8.997521609592082825e+01
4.671289921874999891e+02,-9.683330176581114301e+01
4.671292851562500346e+02,-9.246991966745159175e+01
4.671295781250000232e+02,-8.966851774865588709e+01
4.671298710937500118e+02,-9.076902175473740897e+01
4.671301640625000005e+02,-9.687906230204009717e+01
4.671304570312499891e+02,-9.968679536836900468e+01
4.671307500000000346e+02,-1.013479439776988755e+02
4.671310429687500232e+02,-9.090333104190939650e+01
4.671313359375000118e+02,-8.553526212918652050e+01
4.671316289062500005e+02,-9.101499928394014205e+01
4.671319218749999891e+02,-9.834744885758982491e+01
4.671322148437500346e+02,-8.970356037661139226e+01
4.671325078125000232e+02,-8.456966468217403587e+01
4.671328007812500118e+02,-8.735644415202511937e+01
4.671330937500000005e+02,-9.008848866342299289e+01
4.671333867187499891e+02,-8.590378966214370848e+01
4.671336796875000346e+02,-1.012532937917812035e+02
4.671339726562500232e+02,-1.192156401543733466e+02
4.671342656250000118e+02,-9.935944351509647277e+01
4.671345585937500005e+02,-9.991458313909559763e+01
4.671348515624999891e+02,-1.097968918048677551e+02
4.671351445312500346e+02,-1.058951481521808660e+02
4.671354375000000232e+02,-9.502052730752011200e+01
4.671357304687500118e+02,-1.075053597211576317e+02
4.671360234375000005e+02,-8.961678819526768791e+01
4.671363164062499891e+02,-8.757851195189257965e+01
4.671366093750000346e+02,-1.030566868507895890e+02
4.671369023437500232e+02,-9.040305827649369519e+01
4.671371953125000118e+02,-9.215234543464620742e+01
4.671374882812500005e+02,-9.802636227977131966e+01
4.671377812499999891e+02,-9.610022013619614256e+01
4.671380742187500346e+02,-9.452238642823006387e+01
4.671383671875000232e+02,-8.816010086238111398e+01
4.671386601562500118e+02,-8.758481616899595679e+01
4.671389531250000005e+02,-1.023712709137126211e+02
4.671392460937499891e+02,-9.154332164125877114e+01
4.671395390625000346e+02,-9.097987208090208355e+01
4.671398320312500232e+02,-8.585920629511258539e+01
4.671401250000000118e+02,-9.120148575363957377e+01
4.671404179687500005e+02,-9.655929565886103205e+01
4.671407109374999891e+02,-9.939379447207707585e+01
4.671410039062500346e+02,-1.061923126673983120e+02
4.671412968750000232e+02,-8.831082631505864811e+01
4.671415898437500118e+02,-8.968440242423839948e+01
4.671418828125000005e+02,-8.898928805187691182e+01
4.671421757812499891e+02,-9.391726788556803740e+01
4.671424687500000346e+02,-9.920058355450660770e+01
4.671427617187500232e+02,-1.023098577889701062e+02
4.671430546875000118e+02,-9.666589050512936865e+01
4.671433476562500005e+02,-8.760976094161961214e+01
4.671436406249999891e+02,-8.395338306870615952e+01
4.671439335937500346e+02,-9.073396914609540431e+01
4.671442265625000232e+02,-9.954800777497277409e+01
4.671445195312500118e+02,-9.385504031989965767e+01
4.671448125000000005e+02,-1.017053480135033396e+02
4.671451054687499891e+02,-8.998368978099470894e+01
4.671453984375000346e+02,-8.919088594672939507e+01
4.671456914062500232e+02,-9.393385290978400803e+01
4.671459843750000118e+02,-9.198274867317675785e+01
4.671462773437500005e+02,-8.662976624553594718e+01
4.671465703124999891e+02,-8.533515150104376801e+01
4.671468632812500346e+02,-9.169408014669805596e+01
4.671471562500000232e+02,-8.861982725122216209e+01
4.671474492187500118e+02,-9.410926959190392438e+01
4.671477421875000005e+02,-9.070257473142952165e+01
4.671480351562499891e+02,-8.853495931270757069e+01
4.671483281250000346e+02,-1.008361943404781300e+02
4.671486210937500232e+02,-8.989487428524591905e+01
4.671489140625000118e+02,-9.213511648677337007e+01
4.671492070312500005e+02,-9.430575707237088068e+01
4.671494999999999891e+02,-8.830572278708535805e+01
4.671497929687500346e+02,-9.306340372019660379e+01
4.671500859375000232e+02,-9.797294743851236376e+01
4.671503789062500118e+02,-8.713039378619379249e+01
4.671506718750000005e+02,-9.025688371636084639e+01
4.671509648437499891e+02,-9.778729916409999134e+01
4.671512578125000346e+02,-9.303068866325050124e+01
4.671515507812500232e+02,-9.382457656016492820e+01
4.671518437500000118e+02,-8.802420621955283764e+01
4.671521367187500005e+02,-8.382944155408728193e+01
4.671524296874999891e+02,-8.849196132213479871e+01
4.671527226562500346e+02,-1.000284865143702575e+02
4.671530156250000232e+02,-1.020382260030554846e+02
4.671533085937500118e+02,-8.188146308099602777e+01
4.671536015625000005e+02,-8.013449058400232161e+01
4.671538945312499891e+02,-8.258760002272845213e+01
4.671541875000000346e+02,-8.637466625939028120e+01
4.671544804687500232e+02,-9.988190081832507872e+01
4.671547734375000118e+02,-9.658183972052817978e+01
4.671550664062500005e+02,-9.289435856818863613e+01
4.671553593749999891e+02,-1.002178406651053990e+02
4.671556523437500346e+02,-8.600650734669559938e+01
4.671559453125000232e+02,-9.052418609728931642e+01
4.671562382812500118e+02,-8.654659068732144078e+01
4.671565312500000005e+02,-9.686527268350657494e+01
4.671568242187499891e+02,-8.996763312475762575e+01
4.671571171875000346e+02,-8.296443363315931663e+01
4.671574101562500232e+02,-8.375187175649014648e+01
4.671577031250000118e+02,-1.009267364039340720e+02
4.671579960937500005e+02,-1.070093606263394008e+02
4.671582890624999891e+02,-8.865074945246669813e+01
4.671585820312500346e+02,-8.984488232165642785e+01
4.671588750000000232e+02,-9.659378765195853589e+01
4.671591679687500118e+02,-8.953726007845736490e+01
4.671594609375000005e+02,-9.369793441528223354e+01
4.671597539062499891e+02,-8.970073371938374862e+01
4.671600468750000346e+02,-8.402011846897354985e+01
4.671603398437500232e+02,-8.894449671441100236e+01
4.671606328125000118e+02,-8.955102600350977582e+01
4.671609257812500005e+02,-8.858063034302389838e+01
4.671612187499999891e+02,-8.909520657916715436e+01
4.671615117187500346e+02,-8.948221770731451841e+01
4.671618046875000232e+02,-8.855690119158214202e+01
4.671620976562500118e+02,-9.691616336570433532e+01
4.671623906250000005e+02,-8.711129930052157988e+01
4.671626835937499891e+02,-9.463963911004647400e+01
4.671629765625000346e+02,-8.952046376545473549e+01
4.671632695312500232e+02,-9.683341670634933962e+01
4.671635625000000118e+02,-9.343121809955333390e+01
4.671638554687500005e+02,-9.260988554481983215e+01
4.671641484374999891e+02,-9.143600380316563303e+01
4.671644414062500346e+02,-9.380805149939455134e+01
4.671647343750000232e+02,-9.446817221943740606e+01
4.671650273437500118e+02,-1.024092610129738858e+02
4.671653203125000005e+02,-9.447513089464354152e+01
4.671656132812499891e+02,-9.416147366054191536e+01
4.671659062500000346e+02,-8.487991863838325912e+01
4.671661992187500232e+02,-8.649604076841350775e+01
4.671664921875000118e+02,-8.791535949243127845e+01
4.671667851562500005e+02,-8.903795543410680580e+01
4.671670781249999891e+02,-8.653493643116881628e+01
4.671673710937500346e+02,-8.739741959045545627e+01
4.671676640625000232e+02,-9.959371782999386369e+01
4.671679570312500118e+02,-9.517603979519589075e+01
4.671682500000000005e+02,-9.409294852747649429e+01
4.671685429687499891e+02,-9.705665808061448274e+01
4.671688359375000346e+02,-9.140728214235306837e+01
4.671691289062500232e+02,-8.713859782825863931e+01
4.671694218750000118e+02,-8.473791688065071526e+01
4.671697148437500005e+02,-9.548200699926013613e+01
4.671700078124999891e+02,-9.608404515807876578e+01
4.671703007812500346e+02,-8.767938145701830877e+01
4.671705937500000232e+02,-8.768287475382565788e+01
4.671708867187500118e+02,-8.885992671012964195e+01
4.671711796875000005e+02,-9.070749485086591335e+01
4.671714726562499891e+02,-8.797461585523322469e+01
4.671717656250000346e+02,-9.325868006584535408e+01
4.671720585937500232e+02,-8.815927965039730907e+01
4.671723515625000118e+02,-9.108656307324443446e+01
4.671726445312500005e+02,-9.055700227221717569e+01
4.671729374999999891e+02,-9.393636466010079289e+01
4.671732304687500346e+02,-9.104700889447356360e+01
4.671735234375000232e+02,-1.055618619304919292e+02
4.671738164062500118e+02,-8.707153807711377169e+01
4.671741093750000005e+02,-8.760510922902433606e+01
4.671744023437499891e+02,-8.794656167051910245e+01
4.671746953125000346e+02,-1.046297950545936004e+02
4.671749882812500232e+02,-1.130996429771962397e+02
4.671752812500000118e+02,-8.380872134319561439e+01
4.671755742187500005e+02,-8.463314309154714010e+01
4.671758671874999891e+02,-9.087979885755049736e+01
4.671761601562500346e+02,-8.236554037690640939e+01
4.671764531250000232e+02,-8.536777869459214685e+01
4.671767460937500118e+02,-8.467346050540612623e+01
4.671770390625000005e+02,-8.775997694665764470e+01
4.671773320312499891e+02,-1.001081349529035833e+02
4.671776250000000346e+02,-8.465408167721072630e+01
4.671779179687500232e+02,-8.982170042126753629e+01
4.671782109375000118e+02,-8.395299727793462807e+01
4.671785039062500005e+02,-8.276404068690149529e+01
4.671787968749999891e+02,-8.810377897177883710e+01
4.671790898437500346e+02,-8.902339867954985664e+01
4.671793828125000232e+02,-8.635526690717782117e+01
4.671796757812500118e+02,-8.629361492350312801e+01
4.671799687500000005e+02,-1.019626442999432925e+02
4.671802617187499891e+02,-9.698218277115387309e+01
4.671805546875000346e+02,-9.417719575719031866e+01
4.671808476562500232e+02,-9.083693480761613159e+01
4.671811406250000118e+02,-8.661066069114026789e+01
4.671814335937500005e+02,-8.486140599147445585e+01
4.671817265624999891e+02,-1.116665051270713747e+02
4.671820195312500346e+02,-8.991379250045605431e+01
4.671823125000000232e+02,-8.676747385685300173e+01
4.671826054687500118e+02,-8.991611388367434188e+01
4.671828984375000005e+02,-8.798861300921474538e+01
4.671831914062499891e+02,-9.140247873269208867e+01
4.671834843750000346e+02,-9.401814352587106782e+01
4.671837773437500232e+02,-9.233242821268312639e+01
4.671840703125000118e+02,-9.933836272400128564e+01
4.671843632812500005e+02,-8.797107907373778346e+01
4.671846562499999891e+02,-8.789412842991373509e+01
4.671849492187500346e+02,-9.139851895063829090e+01
4.671852421875000232e+02,-8.531784318125708921e+01
4.671855351562500118e+02,-8.689764573272270809e+01
4.671858281250000005e+02,-8.740154724934856745e+01
4.671861210937499891e+02,-8.526293365778931843e+01
4.671864140625000346e+02,-8.627386907677779959e+01
4.671867070312500232e+02,-1.044734881302338749e+02
4.671870000000000118e+02,-9.467693624483749204e+01
4.671872929687500005e+02,-8.254114265020467656e+01
4.671875859374999891e+02,-8.032690176793255432e+01
4.671878789062500346e+02,-8.702246973189021162e+01
4.671881718750000232e+02,-1.024891795200090883e+02
4.671884648437500118e+02,-9.394768097851962807e+01
4.671887578125000005e+02,-1.121207606523986300e+02
4.671890507812499891e+02,-8.318061037939729374e+01
4.671893437500000346e+02,-8.241406992426419720e+01
4.671896367187500232e+02,-9.492616828819552666e+01
4.671899296875000118e+02,-8.808604042917416166e+01
4.671902226562500005e+02,-9.169055965266720420e+01
4.671905156249999891e+02,-8.917786904462005282e+01
4.671908085937500346e+02,-8.672591148261078331e+01
4.671911015625000232e+02,-8.973927241538852684e+01
4.671913945312500118e+02,-8.922144408063974197e+01
4.671916875000000005e+02,-8.889941181932903191e+01
4.671919804687499891e+02,-9.135261867675536962e+01
4.671922734375000346e+02,-8.984325229836923654e+01
4.671925664062500232e+02,-9.532421113630141463e+01
4.671928593750000118e+02,-1.026629323714011548e+02
4.671931523437500005e+02,-9.227795146930851899e+01
4.671934453124999891e+02,-8.678336031975834430e+01
4.671937382812500346e+02,-8.150753090801418921e+01
4.671940312500000232e+02,-8.871674382575790219e+01
4.671943242187500118e+02,-1.019553825836200076e+02
4.671946171875000005e+02,-1.023152591209340443e+02
4.671949101562499891e+02,-9.505804548982119684e+01
4.671952031250000346e+02,-8.982001153478690014e+01
4.671954960937500232e+02,-9.267401050264928131e+01
4.671957890625000118e+02,-9.004478974658040613e+01
4.671960820312500005e+02,-8.926098869040353634e+01
4.671963749999999891e+02,-8.930921704388056526e+01
4.671966679687500346e+02,-1.024483733828440535e+02
4.671969609375000232e+02,-8.831483393618600530e+01
4.671972539062500118e+02,-8.606994503470667723e+01
4.671975468750000005e+02,-9.414179815285443453e+01
4.671978398437499891e+02,-9.013639715485544457e+01
4.671981328125000346e+02,-1.031497078394731375e+02
4.671984257812500232e+02,-9.618648160349911791e+01
4.671987187500000118e+02,-8.915241587179008320e+01
4.671990117187500005e+02,-9.045565054608159983e+01
4.671993046874999891e+02,-9.999662411281710206e+01
4.671995976562500346e+02,-9.053669978749053371e+01
4.671998906250000232e+02,-8.462053063872603786e+01
4.672001835937500118e+02,-8.913347946076930839e+01
4.672004765625000005e+02,-9.808556565186292175e+01
4.672007695312499891e+02,-9.311453772244109928e+01
4.672010625000000346e+02,-8.593466679081643633e+01
4.672013554687500232e+02,-8.135459236727932364e+01
4.672016484375000118e+02,-8.320433783758852542e+01
4.672019414062500005e+02,-8.561897754943683481e+01
4.672022343749999891e+02,-8.487243205737740936e+01
4.672025273437500346e+02,-8.410138958088211325e+01
4.672028203125000232e+02,-8.585883574261433182e+01
4.672031132812500118e+02,-8.502721044718624910e+01
4.672034062500000005e+02,-8.239026716764166736e+01
4.672036992187499891e+02,-8.473978960215900713e+01
4.672039921875000346e+02,-8.877632473808360203e+01
4.672042851562500232e+02,-9.762765827211069336e+01
4.672045781250000118e+02,-1.051836728199883311e+02
4.672048710937500005e+02,-8.964763666081795179e+01
4.672051640624999891e+02,-8.379172620131814142e+01
4.672054570312500346e+02,-8.197815652413575549e+01
4.672057500000000232e+02,-8.354356469389458084e+01
4.672060429687500118e+02,-8.332529604660547307e+01
4.672063359375000005e+02,-8.434206963905288035e+01
4.672066289062499891e+02,-8.445767978125297759e+01
4.672069218750000346e+02,-8.350101690656612163e+01
4.672072148437500232e+02,-8.633369200783994302e+01
4.672075078125000118e+02,-1.106198669577050566e+02
4.672078007812500005e+02,-9.041236143121481916e+01
4.672080937499999891e+02,-9.197690408806192863e+01
4.672083867187500346e+02,-9.050517617462827502e+01
4.672086796875000232e+02,-8.434146739826992700e+01
4.672089726562500118e+02,-9.257751267704878728e+01
4.672092656250000005e+02,-8.259442524332192193e+01
4.672095585937499891e+02,-8.616640979166109560e+01
4.672098515625000346e+02,-9.199455112319286343e+01
4.672101445312500232e+02,-9.160013097136658189e+01
4.672104375000000118e+02,-8.569401111249328551e+01
4.672107304687500005e+02,-8.362988011905608232e+01
4.672110234374999891e+02,-8.339429517863679564e+01
4.672113164062500346e+02,-9.588921982726687077e+01
4.672116093750000232e+02,-8.705472692468725882e+01
4.672119023437500118e+02,-8.689134972650266775e+01
4.672121953125000005e+02,-8.410110641689303179e+01
4.672124882812499891e+02,-7.885692138532436957e+01
4.672127812500000346e+02,-7.730772263719384796e+01
4.672130742187500232e+02,-8.255243863692510331e+01
4.672133671875000118e+02,-8.776441521023866699e+01
4.672136601562500005e+02,-1.030887612030991534e+02
4.672139531249999891e+02,-9.750025663507642548e+01
4.672142460937500346e+02,-9.490249782412398361e+01
4.672145390625000232e+02,-8.659873909195647457e+01
4.672148320312500118e+02,-8.879701574910160389e+01
4.672151250000000005e+02,-9.890117455437328431e+01
4.672154179687499891e+02,-8.362344984065778419e+01
4.672157109375000346e+02,-8.629867474414601247e+01
4.672160039062500232e+02,-8.498585768435796695e+01
4.672162968750000118e+02,-8.801686551807429737e+01
4.672165898437500005e+02,-9.329889927274656714e+01
4.672168828124999891e+02,-9.224102232119500400e+01
4.672171757812500346e+02,-9.575002040083866461e+01
4.672174687500000232e+02,-9.676347579331823567e+01
4.672177617187500118e+02,-9.389721681632771322e+01
4.672180546875000005e+02,-8.736720455469384206e+01
4.672183476562499891e+02,-8.766329824742669530e+01
4.672186406250000346e+02,-8.999960497646333124e+01
4.672189335937500232e+02,-8.728918115445108583e+01
4.672192265625000118e+02,-7.995925041104788988e+01
4.672195195312500005e+02,-7.554233676208910708e+01
4.672198124999999891e+02,-8.774906810818094982e+01
4.672201054687500346e+02,-8.976136939055851371e+01
4.672203984375000232e+02,-9.598841871956578586e+01
4.672206914062500118e+02,-8.926636733070509422e+01
4.672209843750000005e+02,-8.666198216094018392e+01
4.672212773437499891e+02,-9.004421806169581544e+01
4.672215703125000346e+02,-8.636657330502904983e+01
4.672218632812500232e+02,-8.959160821251835216e+01
4.672221562500000118e+02,-8.830654729257601332e+01
4.672224492187500005e+02,-8.953836299598280846e+01
4.672227421874999891e+02,-8.398845454174758629e+01
4.672230351562500346e+02,-8.247205493109019869e+01
4.672233281250000232e+02,-8.553364425421983697e+01
4.672236210937500118e+02,-8.812832623829319800e+01
4.672239140625000005e+02,-8.383847102918159067e+01
4.672242070312499891e+02,-8.569968598195225695e+01
4.672245000000000346e+02,-8.512812245128087341e+01
4.672247929687500232e+02,-8.513909718285114536e+01
4.672250859375000118e+02,-9.313517648506667967e+01
4.672253789062500005e+02,-8.648957405450923375e+01
4.672256718749999891e+02,-8.320115102881760549e+01
4.672259648437500346e+02,-9.131761270677790776e+01
4.672262578125000232e+02,-1.104719539414612939e+02
4.672265507812500118e+02,-9.932282884420990854e+01
4.672268437500000005e+02,-9.421887453953081604e+01
4.672271367187499891e+02,-9.924578247216129512e+01
4.672274296875000346e+02,-1.021691050088502664e+02
4.672277226562500232e+02,-9.183610322434688555e+01
4.672280156250000118e+02,-8.621282254584356508e+01
4.672283085937500005e+02,-8.684451226269911217e+01
4.672286015624999891e+02,-8.513482615826063693e+01
4.672288945312500346e+02,-8.358921278075428063e+01
4.672291875000000232e+02,-8.978234421553418088e+01
4.672294804687500118e+02,-8.815045318396023788e+01
4.672297734375000005e+02,-8.765541363239911732e+01
4.672300664062499891e+02,-9.356890543234453617e+01
4.672303593750000346e+02,-1.013149756797499776e+02
4.672306523437500232e+02,-8.561693548682907817e+01
4.672309453125000118e+02,-8.677526234927510984e+01
4.672312382812500005e+02,-8.910377621327909026e+01
4.672315312499999891e+02,-8.148713055844929443e+01
4.672318242187500346e+02,-9.086525866600760537e+01
4.672321171875000232e+02,-8.905836969005480341e+01
4.672324101562500118e+02,-9.203378644842047152e+01
4.672327031250000005e+02,-8.537124745563501449e+01
4.672329960937499891e+02,-8.627249141959336498e+01
4.672332890625000346e+02,-8.369790242292171456e+01
4.672335820312500232e+02,-8.132046365302430502e+01
4.672338750000000118e+02,-8.056684825721393395e+01
4.672341679687500005e+02,-8.461924724911504825e+01
4.672344609374999891e+02,-9.078431032934784639e+01
4.672347539062500346e+02,-8.530896246756074675e+01
4.672350468750000232e+02,-8.278782525631154954e+01
4.672353398437500118e+02,-8.439554404889881312e+01
4.672356328125000005e+02,-8.669670732409932157e+01
4.672359257812499891e+02,-8.852596846970649835e+01
4.672362187500000346e+02,-8.633103939178798214e+01
4.672365117187500232e+02,-8.834168611512686198e+01
4.672368046875000118e+02,-9.063727801710685128e+01
4.672370976562500005e+02,-8.246095972439240995e+01
4.672373906249999891e+02,-8.533651119029823917e+01
4.672376835937500346e+02,-8.484999477657331113e+01
4.672379765625000232e+02,-9.305494266779254531e+01
4.672382695312500118e+02,-8.812408538688025317e+01
4.672385625000000005e+02,-8.715865712860134806e+01
4.672388554687499891e+02,-8.424248780250486845e+01
4.672391484375000346e+02,-8.435993292548860722e+01
4.672394414062500232e+02,-8.863932598458454493e+01
4.672397343750000118e+02,-9.166136573785188091e+01
4.672400273437500005e+02,-9.556469970242183365e+01
4.672403203124999891e+02,-9.196141680376229033e+01
4.672406132812500346e+02,-9.006102361354140839e+01
4.672409062500000232e+02,-8.975191060457581216e+01
4.672411992187500118e+02,-8.232243228320555772e+01
4.672414921875000005e+02,-8.077458659407784580e+01
4.672417851562499891e+02,-8.054704498385925149e+01
4.672420781250000346e+02,-1.015115057464023778e+02
4.672423710937500232e+02,-8.734399463042012712e+01
4.672426640625000118e+02,-9.092937460286968587e+01
4.672429570312500005e+02,-8.621149651245860923e+01
4.672432499999999891e+02,-8.687968569725330781e+01
4.672435429687500346e+02,-9.842146648286701804e+01
4.672438359375000232e+02,-8.600643821016896595e+01
4.672441289062500118e+02,-8.972426319616585033e+01
4.672444218750000005e+02,-8.703842622815764685e+01
4.672447148437499891e+02,-8.133829205164218479e+01
4.672450078125000346e+02,-8.561330445943869449e+01
4.672453007812500232e+02,-8.714204093755071767e+01
4.672455937500000118e+02,-8.502077700307062003e+01
4.672458867187500005e+02,-8.271945274074404608e+01
4.672461796874999891e+02,-9.948959325291318123e+01
4.672464726562500346e+02,-8.871473198334928156e+01
4.672467656250000232e+02,-8.895797299076809850e+01
4.672470585937500118e+02,-8.915407982959419542e+01
4.672473515625000005e+02,-8.530955437015910547e+01
4.672476445312499891e+02,-8.730918573004768746e+01
4.672479375000000346e+02,-9.041409549513394950e+01
4.672482304687500232e+02,-8.729899026059199230e+01
4.672485234375000118e+02,-8.939382451064192026e+01
4.672488164062500005e+02,-9.483548854672406492e+01
4.672491093749999891e+02,-8.812748294193977472e+01
4.672494023437500346e+02,-8.708481705965220954e+01
4.672496953125000232e+02,-8.127604269800535519e+01
4.672499882812500118e+02,-8.686464559236070215e+01
4.672502812500000005e+02,-9.021880050683627417e+01
4.672505742187499891e+02,-9.706865196450829103e+01
4.672508671875000346e+02,-1.051520302843711505e+02
4.672511601562500232e+02,-9.319365979419288237e+01
4.672514531250000118e+02,-8.605376577443081487e+01
4.672517460937500005e+02,-8.747911997845636733e+01
4.672520390624999891e+02,-9.339424632675044791e+01
4.672523320312500346e+02,-9.344963619856999060e+01
4.672526250000000232e+02,-8.284358676399097021e+01
4.672529179687500118e+02,-8.323317925838733800e+01
4.672532109375000005e+02,-8.482554319690116529e+01
4.672535039062499891e+02,-8.912342542616659102e+01
4.672537968750000346e+02,-8.906396257771757519e+01
4.672540898437500232e+02,-8.895181472571653103e+01
4.672543828125000118e+02,-9.196407051304305469e+01
4.672546757812500005e+02,-9.313351823614040370e+01
4.672549687499999891e+02,-9.329604313822213157e+01
4.672552617187500346e+02,-9.258752528419718431e+01
4.672555546875000232e+02,-8.886356287591851810e+01
4.672558476562500118e+02,-8.353242881414296050e+01
4.672561406250000005e+02,-8.302086522046538164e+01
4.672564335937499891e+02,-8.368502412392868450e+01
4.672567265625000346e+02,-8.372551158264293747e+01
4.672570195312500232e+02,-8.457969017122985633e+01
4.672573125000000118e+02,-9.549103559055295420e+01
4.672576054687500005e+02,-9.117441297410762502e+01
4.672578984374999891e+02,-8.795113300887518903e+01
4.672581914062500346e+02,-8.616412544958643593e+01
4.672584843750000232e+02,-8.415175874092936681e+01
4.672587773437500118e+02,-9.648264547127769220e+01
4.672590703125000005e+02,-9.702976244863636168e+01
4.672593632812499891e+02,-1.048064766852395451e+02
4.672596562500000346e+02,-9.029112871808374052e+01
4.672599492187500232e+02,-8.876025127632324541e+01
4.672602421875000118e+02,-8.675965920080921023e+01
4.672605351562500005e+02,-8.647189063740034953e+01
4.672608281249999891e+02,-8.416774631448019761e+01
4.672611210937500346e+02,-9.494890877673546470e+01
4.672614140625000232e+02,-9.675297814941313845e+01
4.672617070312500118e+02,-9.821937812503436760e+01
4.672620000000000005e+02,-8.732145753963827417e+01
4.672622929687499891e+02,-8.425492800213487499e+01
4.672625859375000346e+02,-9.312477462862474908e+01
4.672628789062500232e+02,-8.912497526855750607e+01
4.672631718750000118e+02,-9.680953855523725338e+01
4.672634648437500005e+02,-9.540942019663931717e+01
4.672637578124999891e+02,-8.839523943914605297e+01
4.672640507812500346e+02,-8.278355408208656740e+01
4.672643437500000232e+02,-8.253557962585246344e+01
4.672646367187500118e+02,-7.934536921588383507e+01
4.672649296875000005e+02,-8.195256642670324254e+01
4.672652226562499891e+02,-8.544397855480403337e+01
4.672655156250000346e+02,-8.336389145115299470e+01
4.672658085937500232e+02,-7.993079529484847967e+01
4.672661015625000118e+02,-8.360800643944769206e+01
4.672663945312500005e+02,-9.357574812132084219e+01
4.672666874999999891e+02,-8.988790765652910864e+01
4.672669804687500346e+02,-9.275830328523792900e+01
4.672672734375000232e+02,-8.782583122999510294e+01
4.672675664062500118e+02,-8.318159542524122685e+01
4.672678593750000005e+02,-8.049863478046040655e+01
4.672681523437499891e+02,-7.789724264383980312e+01
4.672684453125000346e+02,-8.493639721464592185e+01
4.672687382812500232e+02,-9.392692293903309064e+01
4.672690312500000118e+02,-9.325304474739590432e+01
4.672693242187500005e+02,-8.982094468225058392e+01
4.672696171874999891e+02,-9.523620868893425495e+01
4.672699101562500346e+02,-1.003813846034382777e+02
4.672702031250000232e+02,-8.413257321434298319e+01
4.672704960937500118e+02,-8.317131543579063191e+01
4.672707890625000005e+02,-7.939746796504206827e+01
4.672710820312499891e+02,-7.906240169847978905e+01
4.672713750000000346e+02,-8.754789797383737948e+01
4.672716679687500232e+02,-8.660566933144679069e+01
4.672719609375000118e+02,-8.494024596108012304e+01
4.672722539062500005e+02,-9.026013779711630036e+01
4.672725468749999891e+02,-9.311115322161897723e+01
4.672728398437500346e+02,-9.033809387368542332e+01
4.672731328125000232e+02,-8.842386797829735201e+01
4.672734257812500118e+02,-8.903611411959487043e+01
4.672737187500000005e+02,-8.968812824301339504e+01
4.672740117187499891e+02,-9.266617772604857350e+01
4.672743046875000346e+02,-8.343754294616593370e+01
4.672745976562500232e+02,-8.528412053235511792e+01
4.672748906250000118e+02,-7.750660032732405114e+01
4.672751835937500005e+02,-8.320289437040867142e+01
4.672754765624999891e+02,-8.303639606958861918e+01
4.672757695312500346e+02,-8.436004998846448188e+01
4.672760625000000232e+02,-9.907112503976563289e+01
4.672763554687500118e+02,-8.664439381816792718e+01
4.672766484375000005e+02,-8.776821984240689289e+01
4.672769414062499891e+02,-9.624121483068557836e+01
4.672772343750000346e+02,-8.975619321053100919e+01
4.672775273437500232e+02,-9.092159089186961296e+01
4.672778203125000118e+02,-8.672676620195261421e+01
4.672781132812500005e+02,-8.253737723319274266e+01
4.672784062499999891e+02,-7.898701971809627764e+01
4.672786992187500346e+02,-8.179025517569691317e+01
4.672789921875000232e+02,-8.270935692878924783e+01
4.672792851562500118e+02,-8.541984523576557820e+01
4.672795781250000005e+02,-8.817868233296977110e+01
4.672798710937499891e+02,-9.801013293601189957e+01
4.672801640625000346e+02,-9.149180461183360080e+01
4.672804570312500232e+02,-8.484886334703647037e+01
4.672807500000000118e+02,-9.366427530708725158e+01
4.672810429687500005e+02,-8.604929359990345006e+01
4.672813359374999891e+02,-7.995415382808748461e+01
4.672816289062500346e+02,-7.341186311211687610e+01
4.672819218750000232e+02,-7.844288292867761925e+01
4.672822148437500118e+02,-9.575861382048712755e+01
4.672825078125000005e+02,-9.002242099439772005e+01
4.672828007812499891e+02,-8.513861124337624631e+01
4.672830937500000346e+02,-8.554497535387837104e+01
4.672833867187500232e+02,-9.149126231166540890e+01
4.672836796875000118e+02,-7.993441687459539935e+01
4.672839726562500005e+02,-8.483278369400075292e+01
4.672842656249999891e+02,-8.142795335359259923e+01
4.672845585937500346e+02,-8.191618114085406432e+01
4.672848515625000232e+02,-8.141079667175374368e+01
4.672851445312500118e+02,-7.588363322317545112e+01
4.672854375000000005e+02,-7.913010858547494308e+01
4.672857304687499891e+02,-1.037949406655599773e+02
4.672860234375000346e+02,-9.130385507813370793e+01
4.672863164062500232e+02,-8.377163875845971575e+01
4.672866093750000118e+02,-8.448974656645367531e+01
4.672869023437500005e+02,-8.517073485601825666e+01
4.672871953124999891e+02,-8.636142618897727630e+01
4.672874882812500346e+02,-9.046226117062937533e+01
4.672877812500000232e+02,-9.327227234953284096e+01
4.672880742187500118e+02,-8.713762561869265255e+01
4.672883671875000005e+02,-8.708013616153419889e+01
4.672886601562499891e+02,-9.149911471981832278e+01
4.672889531250000346e+02,-8.438948968811659768e+01
4.672892460937500232e+02,-8.707395021110828282e+01
4.672895390625000118e+02,-9.780208630840505180e+01
4.672898320312500005e+02,-1.015186081734179027e+02
4.672901249999999891e+02,-8.861837646590218753e+01
4.672904179687500346e+02,-8.457693525444298643e+01
4.672907109375000232e+02,-1.009091787688399364e+02
4.672910039062500118e+02,-8.384321592333542128e+01
4.672912968750000005e+02,-8.462888472973118326e+01
4.672915898437499891e+02,-8.982721084571241477e+01
4.672918828125000346e+02,-8.822099914825156475e+01
4.672921757812500232e+02,-8.632636706314622188e+01
4.672924687500000118e+02,-8.156139317180898729e+01
4.672927617187500005e+02,-8.688626422546454364e+01
4.672930546874999891e+02,-1.048864090305390278e+02
4.672933476562500346e+02,-8.289054552934405251e+01
4.672936406250000232e+02,-8.040952692719898209e+01
4.672939335937500118e+02,-8.166125044776444497e+01
4.672942265625000005e+02,-8.251312131200006661e+01
4.672945195312499891e+02,-8.600485466804342138e+01
4.672948125000000346e+02,-9.042877978704758846e+01
4.672951054687500232e+02,-1.131905807740399439e+02
4.672953984375000118e+02,-9.114594206161100942e+01
4.672956914062500005e+02,-8.399807974551987400e+01
4.672959843749999891e+02,-8.139060981635331871e+01
4.672962773437500346e+02,-8.295044480086060901e+01
4.672965703125000232e+02,-8.066196304218443913e+01
4.672968632812500118e+02,-8.301980102522186655e+01
4.672971562500000005e+02,-8.553859900296470187e+01
4.672974492187499891e+02,-8.047308958374783572e+01
4.672977421875000346e+02,-7.979634779536843325e+01
4.672980351562500232e+02,-8.528073610263825799e+01
4.672983281250000118e+02,-8.931537501476354635e+01
4.672986210937500005e+02,-9.017872254175449598e+01
4.672989140624999891e+02,-9.219114826507494342e+01
4.672992070312500346e+02,-8.082704647405188325e+01
4.672995000000000232e+02,-7.830577168808294175e+01
4.672997929687500118e+02,-7.961563643701816773e+01
4.673000859375000005e+02,-8.392427510070426422e+01
4.673003789062499891e+02,-9.398201301491010895e+01
4.673006718750000346e+02,-9.122549227408910610e+01
4.673009648437500232e+02,-8.895387906547895795e+01
4.673012578125000118e+02,-8.286157797218977805e+01
4.673015507812500005e+02,-8.344770402856056535e+01
4.673018437499999891e+02,-9.076696548171838685e+01
4.673021367187500346e+02,-8.986433921662410285e+01
4.673024296875000232e+02,-8.300546279192106169e+01
4.673027226562500118e+02,-8.163744748410331908e+01
4.673030156250000005e+02,-8.079870427727568938e+01
4.673033085937499891e+02,-8.122240335925596355e+01
4.673036015625000346e+02,-8.526064379082937705e+01
4.673038945312500232e+02,-8.396664365494507365e+01
4.673041875000000118e+02,-8.246055850507872265e+01
4.673044804687500005e+02,-8.596671735646347656e+01
4.673047734374999891e+02,-9.098110744632207059e+01
4.673050664062500346e+02,-9.004269491616472010e+01
4.673053593750000232e+02,-9.134513866346188138e+01
4.673056523437500118e+02,-9.360240255974119350e+01
4.673059453125000005e+02,-8.660810513300054936e+01
4.673062382812499891e+02,-8.312878403850596953e+01
4.673065312500000346e+02,-8.989469266730323227e+01
4.673068242187500232e+02,-8.642968212081774482e+01
4.673071171875000118e+02,-8.407109750674919724e+01
4.673074101562500005e+02,-8.761201412527546495e+01
4.673077031249999891e+02,-8.194720702673564006e+01
4.673079960937500346e+02,-7.983007951746100161e+01
4.673082890625000232e+02,-9.005802403595778571e+01
4.673085820312500118e+02,-8.992531226980645442e+01
4.673088750000000005e+02,-8.562234858146081251e+01
4.673091679687499891e+02,-9.166160425952219271e+01
4.673094609375000346e+02,-8.931236656777188898e+01
4.673097539062500232e+02,-1.036526996159659433e+02
4.673100468750000118e+02,-8.345210635413450007e+01
4.673103398437500005e+02,-8.718398676654877022e+01
4.673106328124999891e+02,-8.774709095687676097e+01
4.673109257812500346e+02,-1.052742312043379229e+02
4.673112187500000232e+02,-8.915547667565462575e+01
4.673115117187500118e+02,-9.798211265972005890e+01
4.673118046875000005e+02,-8.615054118654454385e+01
4.673120976562499891e+02,-8.818495451526442253e+01
4.673123906250000346e+02,-8.776092265494429512e+01
4.673126835937500232e+02,-9.394786107026261845e+01
4.673129765625000118e+02,-9.095966380453481293e+01
4.673132695312500005e+02,-8.768086616150682744e+01
4.673135624999999891e+02,-9.289514919361809575e+01
4.673138554687500346e+02,-8.973200397654764515e+01
4.673141484375000232e+02,-8.250231646679318942e+01
4.673144414062500118e+02,-8.280718193240227265e+01
4.673147343750000005e+02,-9.026512864117069057e+01
4.673150273437499891e+02,-8.333007679289629266e+01
4.673153203125000346e+02,-8.412483457338990434e+01
4.673156132812500232e+02,-8.622345141271662783e+01
4.673159062500000118e+02,-8.240082368564213766e+01
4.673161992187500005e+02,-8.514335551272748148e+01
4.673164921874999891e+02,-8.299502535472826992e+01
4.673167851562500346e+02,-8.386591806546138628e+01
4.673170781250000232e+02,-8.492942840730775345e+01
4.673173710937500118e+02,-8.238199722572551309e+01
4.673176640625000005e+02,-8.640728184103585363e+01
4.673179570312499891e+02,-8.495565013079526295e+01
4.673182500000000346e+02,-8.451413560540794379e+01
4.673185429687500232e+02,-8.288925180147423077e+01
4.673188359375000118e+02,-8.467036921908744773e+01
4.673191289062500005e+02,-9.062322654034970526e+01
4.673194218749999891e+02,-9.232091963197844109e+01
4.673197148437500346e+02,-9.233428998816535227e+01
4.673200078125000232e+02,-8.387040776858916047e+01
4.673203007812500118e+02,-8.652874846482198734e+01
4.673205937500000005e+02,-9.354295048135477941e+01
4.673208867187499891e+02,-8.593004263451169322e+01
4.673211796875000346e+02,-8.063933231571820670e+01
4.673214726562500232e+02,-8.093385911162768309e+01
4.673217656250000118e+02,-8.206349664773637187e+01
4.673220585937500005e+02,-8.428258006533371827e+01
4.673223515624999891e+02,-8.180529245195083377e+01
4.673226445312500346e+02,-8.275901896925807932e+01
4.673229375000000232e+02,-9.051744435904275576e+01
4.673232304687500118e+02,-8.392110438280852236e+01
4.673235234375000005e+02,-8.792489451216076191e+01
4.673238164062499891e+02,-9.513663360686189208e+01
4.673241093750000346e+02,-9.758106290516367665e+01
4.673244023437500232e+02,-8.762260238865793838e+01
4.673246953125000118e+02,-8.320795217128521415e+01
4.673249882812500005e+02,-1.077006963400181689e+02
4.673252812499999891e+02,-8.498496036291373912e+01
4.673255742187500346e+02,-9.002689251018331618e+01
4.673258671875000232e+02,-8.832957287569868754e+01
4.673261601562500118e+02,-8.295552618428922642e+01
4.673264531250000005e+02,-9.155909157978464918e+01
4.673267460937499891e+02,-8.912133499322636965e+01
4.673270390625000346e+02,-8.456535472947041399e+01
4.673273320312500232e+02,-8.569141582515298694e+01
4.673276250000000118e+02,-8.838712187627650962e+01
4.673279179687500005e+02,-8.549090164250532098e+01
4.673282109374999891e+02,-9.057543763697928796e+01
4.673285039062500346e+02,-8.494500114030631721e+01
4.673287968750000232e+02,-8.896862351178567963e+01
4.673290898437500118e+02,-9.534189102329351329e+01
4.673293828125000005e+02,-8.924363062102196409e+01
4.673296757812499891e+02,-8.106112073068338475e+01
4.673299687500000346e+02,-8.240388711536667188e+01
4.673302617187500232e+02,-8.691997292722498969e+01
4.673305546875000118e+02,-9.562393935023605707e+01
4.673308476562500005e+02,-8.988502367043500385e+01
4.673311406249999891e+02,-9.860776596036585318e+01
4.673314335937500346e+02,-8.909172751615010100e+01
4.673317265625000232e+02,-9.008484668153795383e+01
4.673320195312500118e+02,-9.228759241068439678e+01
4.673323125000000005e+02,-9.173240633294490465e+01
4.673326054687499891e+02,-9.410426741675496487e+01
4.673328984375000346e+02,-9.572515398659797370e+01
4.673331914062500232e+02,-8.536404555561631469e+01
4.673334843750000118e+02,-8.266646688352993522e+01
4.673337773437500005e+02,-8.561480670183476605e+01
4.673340703124999891e+02,-9.315372760353206161e+01
4.673343632812500346e+02,-8.596626720611817518e+01
4.673346562500000232e+02,-8.861086981140857688e+01
4.673349492187500118e+02,-9.760866801668782955e+01
4.673352421875000005e+02,-8.665679502561424385e+01
4.673355351562499891e+02,-8.719430975460525701e+01
4.673358281250000346e+02,-1.014883367321601924e+02
4.673361210937500232e+02,-8.908939744833045893e+01
4.673364140625000118e+02,-9.549556505685865204e+01
4.673367070312500005e+02,-8.689812561233436838e+01
4.673369999999999891e+02,-9.383792718856588522e+01
4.673372929687500346e+02,-8.968746629791333191e+01
4.673375859375000232e+02,-8.401878247990649129e+01
4.673378789062500118e+02,-8.589764875757374796e+01
4.673381718750000005e+02,-9.887995250284569693e+01
4.673384648437499891e+02,-9.904898600513350004e+01
4.673387578125000346e+02,-1.019577735430943477e+02
4.673390507812500232e+02,-9.046243014924429815e+01
4.673393437500000118e+02,-8.397723174781545197e+01
4.673396367187500005e+02,-8.414156164381265057e+01
4.673399296874999891e+02,-6.857611545468434144e+01
4.673402226562500346e+02,-7.292318010942463502e+01
4.673405156250000232e+02,-8.553542959720712702e+01
4.673408085937500118e+02,-8.647372138634821681e+01
4.673411015625000005e+02,-8.985473387013414026e+01
4.673413945312499891e+02,-9.502718773844324573e+01
4.673416875000000346e+02,-8.556642231346620520e+01
4.673419804687500232e+02,-8.442653260753523625e+01
4.673422734375000118e+02,-8.347396743091235294e+01
4.673425664062500005e+02,-9.221002762579301759e+01
4.673428593749999891e+02,-8.570313399621873884e+01
4.673431523437500346e+02,-8.669340062266985569e+01
4.673434453125000232e+02,-8.192118880900821409e+01
4.673437382812500118e+02,-8.219542480237608117e+01
4.673440312500000005e+02,-7.923576423893899801e+01
4.673443242187499891e+02,-9.048418083268914813e+01
4.673446171875000346e+02,-9.672159682577148487e+01
4.673449101562500232e+02,-9.202528648199377415e+01
4.673452031250000118e+02,-8.903802582909429475e+01
4.673454960937500005e+02,-9.290924629968218085e+01
4.673457890624999891e+02,-8.688430200046556706e+01
4.673460820312500346e+02,-9.011633915609041878e+01
4.673463750000000232e+02,-8.282504636511586682e+01
4.673466679687500118e+02,-9.150157339360052333e+01
4.673469609375000005e+02,-8.995812737872056175e+01
4.673472539062499891e+02,-8.744806116231103488e+01
4.673475468750000346e+02,-8.568060674277985811e+01
4.673478398437500232e+02,-8.753989275469535869e+01
4.673481328125000118e+02,-9.997176805990102366e+01
4.673484257812500005e+02,-8.820896981980359897e+01
4.673487187499999891e+02,-8.482802160926183888e+01
4.673490117187500346e+02,-8.951341501854655291e+01
4.673493046875000232e+02,-9.279494423605187592e+01
4.673495976562500118e+02,-8.878708309783876018e+01
4.673498906250000005e+02,-8.006725091243146153e+01
4.673501835937499891e+02,-7.998511727578156183e+01
4.673504765625000346e+02,-9.090992979831396781e+01
4.673507695312500232e+02,-8.886900811396029098e+01
4.673510625000000118e+02,-9.466657030902945280e+01
4.673513554687500005e+02,-8.377817569766705219e+01
4.673516484374999891e+02,-8.028999781899520372e+01
4.673519414062500346e+02,-8.703286639067052022e+01
4.673522343750000232e+02,-8.579069460660605273e+01
4.673525273437500118e+02,-8.120203846288738703e+01
4.673528203125000005e+02,-9.458833233192109446e+01
4.673531132812499891e+02,-8.218439970571600384e+01
4.673534062500000346e+02,-8.109778585025779307e+01
4.673536992187500232e+02,-7.725816072944036250e+01
4.673539921875000118e+02,-8.230239944051413659e+01
4.673542851562500005e+02,-9.285843526953271976e+01
4.673545781249999891e+02,-8.891555864325755465e+01
4.673548710937500346e+02,-8.873241308007627026e+01
4.673551640625000232e+02,-9.783921896462749146e+01
4.673554570312500118e+02,-9.290611973848912442e+01
4.673557500000000005e+02,-9.515828682861318555e+01
4.673560429687499891e+02,-8.983330566966998276e+01
4.673563359375000346e+02,-8.531867422643401255e+01
4.673566289062500232e+02,-7.972675103605064351e+01
4.673569218750000118e+02,-7.121858448439668621e+01
4.673572148437500005e+02,-7.356241439656572823e+01
4.673575078124999891e+02,-9.305168137959108776e+01
4.673578007812500346e+02,-8.750250708351052253e+01
4.673580937500000232e+02,-8.590721181260457229e+01
4.673583867187500118e+02,-8.753613473975156012e+01
4.673586796875000005e+02,-8.381949491166875532e+01
4.673589726562499891e+02,-8.405135198746262404e+01
4.673592656250000346e+02,-8.244834085455926243e+01
4.673595585937500232e+02,-8.495883845920688771e+01
4.673598515625000118e+02,-8.646063992627387051e+01
4.673601445312500005e+02,-8.596084041920940422e+01
4.673604374999999891e+02,-8.153919841959968551e+01
4.673607304687500346e+02,-8.127456059051765180e+01
4.673610234375000232e+02,-8.895318443831909860e+01
4.673613164062500118e+02,-8.173510616523435601e+01
4.673616093750000005e+02,-8.004971137199785858e+01
4.673619023437499891e+02,-8.885302271340309233e+01
4.673621953125000346e+02,-8.807024486250460882e+01
4.673624882812500232e+02,-1.021786165897256495e+02
4.673627812500000118e+02,-9.422378754523785460e+01
4.673630742187500005e+02,-9.684338448514208153e+01
4.673633671874999891e+02,-8.907054529717296987e+01
4.673636601562500346e+02,-9.165689505006348270e+01
4.673639531250000232e+02,-9.518323889332941690e+01
4.673642460937500118e+02,-9.546148336592878536e+01
4.673645390625000005e+02,-8.448467663793786642e+01
4.673648320312499891e+02,-8.106468858194782001e+01
4.673651250000000346e+02,-8.391111482445006686e+01
4.673654179687500232e+02,-8.404502278366591383e+01
4.673657109375000118e+02,-8.789633888796629435e+01
4.673660039062500005e+02,-8.754284321431703120e+01
4.673662968749999891e+02,-8.867764418323375253e+01
4.673665898437500346e+02,-1.068599848670277908e+02
4.673668828125000232e+02,-9.094454966430021159e+01
4.673671757812500118e+02,-8.924528975111292084e+01
4.673674687500000005e+02,-9.012425142957290802e+01
4.673677617187499891e+02,-8.009290189447028752e+01
4.673680546875000346e+02,-7.850836379076463345e+01
4.673683476562500232e+02,-8.188662289389054649e+01
4.673686406250000118e+02,-9.397737444753111902e+01
4.673689335937500005e+02,-9.087898775085898251e+01
4.673692265624999891e+02,-9.357258899620013892e+01
4.673695195312500346e+02,-8.927144215257150961e+01
4.673698125000000232e+02,-8.660198257627251905e+01
4.673701054687500118e+02,-9.062675431989615049e+01
4.673703984375000005e+02,-9.991016115127821706e+01
4.673706914062499891e+02,-8.724765952304089467e+01
4.673709843750000346e+02,-9.329786058171698926e+01
4.673712773437500232e+02,-8.899650249116773182e+01
4.673715703125000118e+02,-8.823424023140169936e+01
4.673718632812500005e+02,-8.649744438360512788e+01
4.673721562499999891e+02,-9.077030096844929119e+01
4.673724492187500346e+02,-9.197361279181124871e+01
4.673727421875000232e+02,-9.130032524770497560e+01
4.673730351562500118e+02,-9.216907684697980585e+01
4.673733281250000005e+02,-8.462883359086373503e+01
4.673736210937499891e+02,-8.413910570836532088e+01
4.673739140625000346e+02,-8.168774907062017121e+01
4.673742070312500232e+02,-8.392856981203107125e+01
4.673745000000000118e+02,-8.385305500126358424e+01
4.673747929687500005e+02,-8.232414789746320594e+01
4.673750859374999891e+02,-8.056668999831602207e+01
4.673753789062500346e+02,-8.096707987239730642e+01
4.673756718750000232e+02,-8.358630129900747363e+01
4.673759648437500118e+02,-8.387569048982065567e+01
4.673762578125000005e+02,-8.322093881917608371e+01
4.673765507812499891e+02,-8.385011675093623751e+01
4.673768437500000346e+02,-8.621260034576401665e+01
4.673771367187500232e+02,-8.836221694346917843e+01
4.673774296875000118e+02,-8.158576068260671832e+01
4.673777226562500005e+02,-8.476362080915103547e+01
4.673780156249999891e+02,-9.135172786647851240e+01
4.673783085937500346e+02,-9.550430017418591433e+01
4.673786015625000232e+02,-8.299046268105234958e+01
4.673788945312500118e+02,-8.036148506257694635e+01
4.673791875000000005e+02,-8.084051369915874830e+01
4.673794804687499891e+02,-8.017340691781036810e+01
4.673797734375000346e+02,-7.925584268557513212e+01
4.673800664062500232e+02,-8.019912405806510947e+01
4.673803593750000118e+02,-8.366787582747731733e+01
4.673806523437500005e+02,-8.598514837408470157e+01
4.673809453124999891e+02,-8.666503113434485783e+01
4.673812382812500346e+02,-8.497110289046395337e+01
4.673815312500000232e+02,-8.553763271515973088e+01
4.673818242187500118e+02,-8.402539551550525232e+01
4.673821171875000005e+02,-8.343656712915829132e+01
4.673824101562499891e+02,-8.504151639538721952e+01
4.673827031250000346e+02,-7.848374016986051060e+01
4.673829960937500232e+02,-7.932773483643377688e+01
4.673832890625000118e+02,-7.941631041185928552e+01
4.673835820312500005e+02,-8.388978225179764081e+01
4.673838749999999891e+02,-9.099126241970401452e+01
4.673841679687500346e+02,-9.311781544428450275e+01
4.673844609375000232e+02,-9.256673430821393822e+01
4.673847539062500118e+02,-8.860303128123986482e+01
4.673850468750000005e+02,-1.018212230595442236e+02
4.673853398437499891e+02,-8.894719405556124059e+01
4.673856328125000346e+02,-9.716483430714254155e+01
4.673859257812500232e+02,-8.713048432367180851e+01
4.673862187500000118e+02,-8.252106810384768210e+01
4.673865117187500005e+02,-8.338095865088848768e+01
4.673868046874999891e+02,-8.648272153452536770e+01
4.673870976562500346e+02,-1.064031654856183593e+02
4.673873906250000232e+02,-8.598661653614215084e+01
4.673876835937500118e+02,-8.941318662864149758e+01
4.673879765625000005e+02,-8.768392184576384807e+01
4.673882695312499891e+02,-8.200134181459074512e+01
4.673885625000000346e+02,-8.172667116317933278e+01
4.673888554687500232e+02,-9.478288550024171855e+01
4.673891484375000118e+02,-8.664479510227918979e+01
4.673894414062500005e+02,-9.054218388230006553e+01
4.673897343749999891e+02,-9.278061537369066514e+01
4.673900273437500346e+02,-1.054012045088900607e+02
4.673903203125000232e+02,-8.541185280853996176e+01
4.673906132812500118e+02,-8.773083705600278392e+01
4.673909062500000005e+02,-8.840353724969008908e+01
4.673911992187499891e+02,-9.244937243249914616e+01
4.673914921875000346e+02,-8.750984969145521575e+01
4.673917851562500232e+02,-8.658988073228559301e+01
4.673920781250000118e+02,-8.448697051552667858e+01
4.673923710937500005e+02,-7.928821121425190199e+01
4.673926640624999891e+02,-8.376342865585894515e+01
4.673929570312500346e+02,-8.558826386992522828e+01
4.673932500000000232e+02,-8.462569164773628927e+01
4.673935429687500118e+02,-8.751579288911329968e+01
4.673938359375000005e+02,-9.330281534590453418e+01
4.673941289062499891e+02,-8.633857457650570666e+01
4.673944218750000346e+02,-9.094772221204655693e+01
4.673947148437500232e+02,-9.080173980313807647e+01
4.673950078125000118e+02,-8.476475284096636642e+01
4.673953007812500005e+02,-8.855574105525312234e+01
4.673955937499999891e+02,-1.027587723367994954e+02
4.673958867187500346e+02,-8.253351555088136138e+01
4.673961796875000232e+02,-1.018496190067931906e+02
4.673964726562500118e+02,-8.717956232443327735e+01
4.673967656250000005e+02,-9.369100936380247902e+01
4.673970585937499891e+02,-9.583338851706393768e+01
4.673973515625000346e+02,-8.354508624160168040e+01
4.673976445312500232e+02,-8.392172250069920381e+01
4.673979375000000118e+02,-9.308335974850790251e+01
4.673982304687500005e+02,-8.451684201634115823e+01
4.673985234374999891e+02,-8.697383476731309315e+01
4.673988164062500346e+02,-8.485461849750831220e+01
4.673991093750000232e+02,-8.031596719430103803e+01
4.673994023437500118e+02,-8.141147177848763761e+01
4.673996953125000005e+02,-9.676963533576528675e+01
4.673999882812499891e+02,-9.298903868300777731e+01
4.674002812500000346e+02,-8.777684460664936239e+01
4.674005742187500232e+02,-9.715366850717174430e+01
4.674008671875000118e+02,-8.464825862036478554e+01
4.674011601562500005e+02,-7.929215240427458866e+01
4.674014531249999891e+02,-8.216094837745316681e+01
4.674017460937500346e+02,-8.511360470180011362e+01
4.674020390625000232e+02,-7.481189325004531554e+01
4.674023320312500118e+02,-7.388613394228264042e+01
4.674026250000000005e+02,-8.043301983514848530e+01
4.674029179687499891e+02,-8.963554862595046302e+01
4.674032109375000346e+02,-8.189584819051901832e+01
4.674035039062500232e+02,-7.987952947436342299e+01
4.674037968750000118e+02,-7.992741235659073595e+01
4.674040898437500005e+02,-8.800474212825375275e+01
4.674043828124999891e+02,-9.017278103934842193e+01
4.674046757812500346e+02,-8.866328658958724418e+01
4.674049687500000232e+02,-9.144414033081005755e+01
4.674052617187500118e+02,-9.320780997330564333e+01
4.674055546875000005e+02,-9.472300830512253356e+01
4.674058476562499891e+02,-8.116144232021547111e+01
4.674061406250000346e+02,-7.649288303423409729e+01
4.674064335937500232e+02,-8.533287310689003391e+01
4.674067265625000118e+02,-8.279773713299988458e+01
4.674070195312500005e+02,-8.512057538307331583e+01
4.674073124999999891e+02,-9.476268632763292032e+01
4.674076054687500346e+02,-9.369639776320246938e+01
4.674078984375000232e+02,-9.073570769723116314e+01
4.674081914062500118e+02,-9.212798978955694906e+01
4.674084843750000005e+02,-8.894580260860260523e+01
4.674087773437499891e+02,-8.986479430547076674e+01
4.674090703125000346e+02,-1.005130107379419258e+02
4.674093632812500232e+02,-9.146670576157222854e+01
4.674096562500000118e+02,-7.978805382139674407e+01
4.674099492187500005e+02,-7.470913191199856840e+01
4.674102421874999891e+02,-7.734757118941837462e+01
4.674105351562500346e+02,-8.226748627600397867e+01
4.674108281250000232e+02,-9.162250956921997158e+01
4.674111210937500118e+02,-9.089621430843769190e+01
4.674114140625000005e+02,-8.685462102222304281e+01
4.674117070312499891e+02,-8.083983151096349218e+01
4.674120000000000346e+02,-8.067306584042127326e+01
4.674122929687500232e+02,-8.608997010971043551e+01
4.674125859375000118e+02,-8.738298940558694028e+01
4.674128789062500005e+02,-9.356319306417861981e+01
4.674131718749999891e+02,-9.053004299647467690e+01
4.674134648437500346e+02,-8.471936200853205889e+01
4.674137578125000232e+02,-8.526175204085606651e+01
4.674140507812500118e+02,-8.950979278542662598e+01
4.674143437500000005e+02,-8.777131666914357311e+01
4.674146367187499891e+02,-8.695749947047188755e+01
4.674149296875000346e+02,-8.854948096462300100e+01
4.674152226562500232e+02,-9.854074430199331402e+01
4.674155156250000118e+02,-7.650341694525488379e+01
4.674158085937500005e+02,-6.890632396358832068e+01
4.674161015624999891e+02,-7.561964342499726399e+01
4.674163945312500346e+02,-8.575625670513288412e+01
4.674166875000000232e+02,-8.944652778107095514e+01
4.674169804687500118e+02,-8.119087896276232641e+01
4.674172734375000005e+02,-8.519365280708166210e+01
4.674175664062499891e+02,-8.350805346684211372e+01
4.674178593750000346e+02,-7.936739955600074836e+01
4.674181523437500232e+02,-8.244888193954790268e+01
4.674184453125000118e+02,-8.797089996126560152e+01
4.674187382812500005e+02,-8.304082961764643755e+01
4.674190312499999891e+02,-6.435335224431209156e+01
4.674193242187500346e+02,-6.097209756301375450e+01
4.674196171875000232e+02,-7.268887276161352418e+01
4.674199101562500118e+02,-9.296222022718517053e+01
4.674202031250000005e+02,-8.929760271174573916e+01
4.674204960937499891e+02,-8.313741098125606754e+01
4.674207890625000346e+02,-7.985320066372048586e+01
4.674210820312500232e+02,-8.168485168524034634e+01
4.674213750000000118e+02,-8.461253097320300753e+01
4.674216679687500005e+02,-8.437044256792839292e+01
4.674219609374999891e+02,-9.251093831680935864e+01
4.674222539062500346e+02,-9.748581534067858456e+01
4.674225468750000232e+02,-7.536813066869792976e+01
4.674228398437500118e+02,-7.229310721301618514e+01
4.674231328125000005e+02,-8.148333328271732512e+01
4.674234257812499891e+02,-8.422818180091637430e+01
4.674237187500000346e+02,-8.571864559123861227e+01
4.674240117187500232e+02,-9.735863834116250359e+01
4.674243046875000118e+02,-8.304330013832093016e+01
4.674245976562500005e+02,-8.424028200058556592e+01
4.674248906249999891e+02,-8.831055371727723013e+01
4.674251835937500346e+02,-7.973367887959970801e+01
4.674254765625000232e+02,-8.292212888416692351e+01
4.674257695312500118e+02,-8.620556431571273492e+01
4.674260625000000005e+02,-9.477428776048155612e+01
4.674263554687499891e+02,-9.302720435511486130e+01
4.674266484375000346e+02,-9.752763383221346771e+01
4.674269414062500232e+02,-8.750912212747516605e+01
4.674272343750000118e+02,-8.940470199703513288e+01
4.674275273437500005e+02,-1.061417089712829522e+02
4.674278203124999891e+02,-9.592744549863795100e+01
4.674281132812500346e+02,-8.662073964242195245e+01
4.674284062500000232e+02,-8.711453525483052829e+01
4.674286992187500118e+02,-8.528964288863389243e+01
4.674289921875000005e+02,-8.109803640763976773e+01
4.674292851562499891e+02,-9.224350652088774893e+01
4.674295781250000346e+02,-8.382460032180149767e+01
4.674298710937500232e+02,-8.101029726017058863e+01
4.674301640625000118e+02,-8.642780476642558085e+01
4.674304570312500005e+02,-8.112737576818753382e+01
4.674307499999999891e+02,-8.457169610492491074e+01
4.674310429687500346e+02,-8.289566732957223394e+01
4.674313359375000232e+02,-8.060954846587598865e+01
4.674316289062500118e+02,-9.093896300517202747e+01
4.674319218750000005e+02,-7.855499620273440087e+01
4.674322148437499891e+02,-8.642483685095572810e+01
4.674325078125000346e+02,-8.741738598290254458e+01
4.674328007812500232e+02,-9.581635532374292552e+01
4.674330937500000118e+02,-8.282075575424771330e+01
4.674333867187500005e+02,-9.277592717996250826e+01
4.674336796874999891e+02,-8.961516312495757575e+01
4.674339726562500346e+02,-8.133897207506436189e+01
4.674342656250000232e+02,-8.899151037816766063e+01
4.674345585937500118e+02,-8.849341566871432008e+01
4.674348515625000005e+02,-8.816662839611234403e+01
4.674351445312499891e+02,-8.218749947039475501e+01
4.674354375000000346e+02,-8.276629286928653073e+01
4.674357304687500232e+02,-7.766714469897040374e+01
4.674360234375000118e+02,-7.699941886484153031e+01
4.674363164062500005e+02,-7.935336266739597022e+01
4.674366093749999891e+02,-1.135428992581414462e+02
4.674369023437500346e+02,-8.726080686160707955e+01
4.674371953125000232e+02,-8.725690569028431298e+01
4.674374882812500118e+02,-8.876139624013762841e+01
4.674377812500000005e+02,-8.073464828571499652e+01
4.674380742187499891e+02,-9.490843541212299783e+01
4.674383671875000346e+02,-8.591285720802211756e+01
4.674386601562500232e+02,-8.524136582250534389e+01
4.674389531250000118e+02,-8.961811809939801776e+01
4.674392460937500005e+02,-7.941775128517966209e+01
4.674395390624999891e+02,-7.743309380992226920e+01
4.674398320312500346e+02,-8.410107654677528899e+01
4.674401250000000232e+02,-8.824714820740616972e+01
4.674404179687500118e+02,-7.998516693616834061e+01
4.674407109375000005e+02,-8.901042208586859772e+01
4.674410039062499891e+02,-8.548556755755140557e+01
4.674412968750000346e+02,-8.687439392185589782e+01
4.674415898437500232e+02,-8.871755055710059423e+01
4.674418828125000118e+02,-9.231424276675952001e+01
4.674421757812500005e+02,-8.629644010912910801e+01
4.674424687499999891e+02,-8.523805576305063880e+01
4.674427617187500346e+02,-8.116678743104554883e+01
4.674430546875000232e+02,-8.262217593259649107e+01
4.674433476562500118e+02,-8.194110843546070555e+01
4.674436406250000005e+02,-8.660993321045552307e+01
4.674439335937499891e+02,-8.222642526752593994e+01
4.674442265625000346e+02,-8.537006424909768043e+01
4.674445195312500232e+02,-7.977972578872186205e+01
4.674448125000000118e+02,-8.527576799104141969e+01
4.674451054687500005e+02,-9.108665898273700634e+01
4.674453984374999891e+02,-8.387945104243996752e+01
4.674456914062500346e+02,-8.311619571760965641e+01
4.674459843750000232e+02,-8.335744927929715686e+01
4.674462773437500118e+02,-8.816401015627229754e+01
4.674465703125000005e+02,-8.675717045902798930e+01
4.674468632812499891e+02,-8.805041845312764792e+01
4.674471562500000346e+02,-8.672049233125241585e+01
4.674474492187500232e+02,-8.592432079056221994e+01
4.674477421875000118e+02,-8.310962771770222446e+01
4.674480351562500005e+02,-7.929502332873551040e+01
4.674483281249999891e+02,-7.820328484415364301e+01
4.674486210937500346e+02,-8.614107389935675485e+01
4.674489140625000232e+02,-8.018397775163745678e+01
4.674492070312500118e+02,-7.866623430246086457e+01
4.674495000000000005e+02,-8.242854652375547175e+01
4.674497929687499891e+02,-8.892441563869509480e+01
4.674500859375000346e+02,-8.295219083606684762e+01
4.674503789062500232e+02,-7.883005437181090258e+01
4.674506718750000118e+02,-8.160208724164556315e+01
4.674509648437500005e+02,-8.495263881125541161e+01
4.674512578124999891e+02,-8.030496858322051423e+01
4.674515507812500346e+02,-8.013761853519868339e+01
4.674518437500000232e+02,-7.727365326063022621e+01
4.674521367187500118e+02,-7.898744344276360607e+01
4.674524296875000005e+02,-8.382056684834188331e+01
4.674527226562499891e+02,-8.992758067961261759e+01
4.674530156250000346e+02,-9.951503637054430840e+01
4.674533085937500232e+02,-8.643422359676192457e+01
4.674536015625000118e+02,-8.713323603496661462e+01
4.674538945312500005e+02,-7.860981048791867920e+01
4.674541874999999891e+02,-7.905729253502420306e+01
4.674544804687500346e+02,-7.987629354760184697e+01
4.674547734375000232e+02,-7.726348211707106373e+01
4.674550664062500118e+02,-9.395314458935941104e+01
4.674553593750000005e+02,-8.053020431371098198e+01
4.674556523437499891e+02,-7.472649649574546515e+01
4.674559453125000346e+02,-7.768178687174179231e+01
4.674562382812500232e+02,-8.090607577705362985e+01
4.674565312500000118e+02,-8.531580237717099635e+01
4.674568242187500005e+02,-8.151903511518628420e+01
4.674571171874999891e+02,-8.203117108852062245e+01
4.674574101562500346e+02,-7.743318148748677743e+01
4.674577031250000232e+02,-7.434887595092156687e+01
4.674579960937500118e+02,-9.465955803971476712e+01
4.674582890625000005e+02,-8.107386306092935513e+01
4.674585820312499891e+02,-9.242352873183679662e+01
4.674588750000000346e+02,-8.575326759397329113e+01
4.674591679687500232e+02,-7.991766261314687370e+01
4.674594609375000118e+02,-9.591701817269006369e+01
4.674597539062500005e+02,-9.556885200368041922e+01
4.674600468749999891e+02,-8.652742399057827072e+01
4.674603398437500346e+02,-8.348140345545864704e+01
4.674606328125000232e+02,-8.462079988255510443e+01
4.674609257812500118e+02,-8.402019309309437745e+01
4.674612187500000005e+02,-7.714909841231315113e+01
4.674615117187499891e+02,-7.870909413296736545e+01
4.674618046875000346e+02,-8.318779976265196296e+01
4.674620976562500232e+02,-8.035359055857759358e+01
4.674623906250000118e+02,-7.728610538853827450e+01
4.674626835937500005e+02,-7.678546046602630781e+01
4.674629765624999891e+02,-8.126084727146280784e+01
4.674632695312500346e+02,-7.871893035633000579e+01
4.674635625000000232e+02,-7.917461129364323824e+01
4.674638554687500118e+02,-7.843659669872421603e+01
4.674641484375000005e+02,-7.726592248701651044e+01
4.674644414062499891e+02,-6.743031957658675424e+01
4.674647343750000346e+02,-7.130196781234982950e+01
4.674650273437500232e+02,-7.657962900583720511e+01
4.674653203125000118e+02,-8.031486344053250548e+01
4.674656132812500005e+02,-8.633917857027267928e+01
4.674659062499999891e+02,-8.427129013912545474e+01
4.674661992187500346e+02,-7.957708669758862641e+01
4.674664921875000232e+02,-7.747555192104091759e+01
4.674667851562500118e+02,-7.498159085409581337e+01
4.674670781250000005e+02,-7.819967127807588270e+01
4.674673710937499891e+02,-7.644811670635345990e+01
4.674676640625000346e+02,-7.466550227811970331e+01
4.674679570312500232e+02,-7.875936579322515740e+01
4.674682500000000118e+02,-7.448846528857512794e+01
4.674685429687500005e+02,-7.413556747867920649e+01
4.674688359374999891e+02,-8.304991966518018387e+01
4.674691289062500346e+02,-8.187060598183103366e+01
4.674694218750000232e+02,-7.602678346657661734e+01
4.674697148437500118e+02,-8.408924351223403448e+01
4.674700078125000005e+02,-7.223807367028297222e+01
4.674703007812499891e+02,-7.483219916670887528e+01
4.674705937500000346e+02,-7.641413456568832885e+01
4.674708867187500232e+02,-8.423733741605525438e+01
4.674711796875000118e+02,-7.418596475199259999e+01
4.674714726562500005e+02,-7.675894327694307151e+01
4.674717656249999891e+02,-7.284096243408369276e+01
4.674720585937500346e+02,-7.456447127672899455e+01
4.674723515625000232e+02,-8.201449714644867584e+01
4.674726445312500118e+02,-7.731850072036085919e+01
4.674729375000000005e+02,-7.601154414903474787e+01
4.674732304687499891e+02,-8.245820231776697540e+01
4.674735234375000346e+02,-8.823036385769600543e+01
4.674738164062500232e+02,-8.518148998445509790e+01
4.674741093750000118e+02,-8.038894893795414021e+01
4.674744023437500005e+02,-7.551109906130750460e+01
4.674746953124999891e+02,-7.294339977834843580e+01
4.674749882812500346e+02,-9.820311823418708741e+01
4.674752812500000232e+02,-8.380045036824805038e+01
4.674755742187500118e+02,-8.722445263942762494e+01
4.674758671875000005e+02,-8.846688324205138088e+01
4.674761601562499891e+02,-8.334586291094673527e+01
4.674764531250000346e+02,-8.051207497358743126e+01
4.674767460937500232e+02,-7.984990027387230782e+01
4.674770390625000118e+02,-8.484346193934518965e+01
4.674773320312500005e+02,-8.256784014809642258e+01
4.674776249999999891e+02,-7.816964046951969181e+01
4.674779179687500346e+02,-6.384381949749091945e+01
4.674782109375000232e+02,-6.534570560919067361e+01
4.674785039062500118e+02,-7.780556320163792350e+01
4.674787968750000005e+02,-8.092431078567597069e+01
4.674790898437499891e+02,-8.428417731836225357e+01
4.674793828125000346e+02,-8.192714942505746478e+01
4.674796757812500232e+02,-7.877987140616176021e+01
4.674799687500000118e+02,-7.660659849016975897e+01
4.674802617187500005e+02,-7.778305186822349526e+01
4.674805546874999891e+02,-9.362925998526765170e+01
4.674808476562500346e+02,-7.461447330687889234e+01
4.674811406250000232e+02,-6.280414456121690137e+01
4.674814335937500118e+02,-5.275061438622761045e+01
4.674817265625000005e+02,-5.831513831130122583e+01
4.674820195312499891e+02,-8.755563334736662284e+01
4.674823125000000346e+02,-7.656209763529233214e+01
4.674826054687500232e+02,-7.845965132875389259e+01
4.674828984375000118e+02,-8.375833424507312941e+01
4.674831914062500005e+02,-7.890170439948903436e+01
4.674834843749999891e+02,-7.824800890953800092e+01
4.674837773437500346e+02,-8.135817098707988748e+01
4.674840703125000232e+02,-1.021782989638711854e+02
4.674843632812500118e+02,-9.348418524136386054e+01
4.674846562500000005e+02,-6.716164351702289537e+01
4.674849492187499891e+02,-6.157431276602929415e+01
4.674852421875000346e+02,-7.330372368986472509e+01
4.674855351562500232e+02,-8.825188957439090132e+01
4.674858281250000118e+02,-7.990342814600565191e+01
4.674861210937500005e+02,-8.608327365616075610e+01
4.674864140624999891e+02,-8.828875464778290905e+01
4.674867070312500346e+02,-8.076030845749900777e+01
4.674870000000000232e+02,-8.334985927266168915e+01
4.674872929687500118e+02,-7.816507483853857252e+01
4.674875859375000005e+02,-8.061269686771211695e+01
4.674878789062499891e+02,-7.839361722086694328e+01
4.674881718750000346e+02,-8.402031730302815049e+01
4.674884648437500232e+02,-8.707982655435763775e+01
4.674887578125000118e+02,-8.118557022362335829e+01
4.674890507812500005e+02,-9.150652259967259283e+01
4.674893437499999891e+02,-8.160707411656173349e+01
4.674896367187500346e+02,-8.634734419467886823e+01
4.674899296875000232e+02,-8.515057950764280292e+01
4.674902226562500118e+02,-7.609921519500777265e+01
4.674905156250000005e+02,-7.055237879098660869e+01
4.674908085937499891e+02,-7.326939809909117685e+01
4.674911015625000346e+02,-7.869862164370475455e+01
4.674913945312500232e+02,-8.291055496980773398e+01
4.674916875000000118e+02,-8.546370948229122178e+01
4.674919804687500005e+02,-8.022118017900395159e+01
4.674922734374999891e+02,-7.978559088457153337e+01
4.674925664062500346e+02,-8.330013001580782372e+01
4.674928593750000232e+02,-8.254278171044001056e+01
4.674931523437500118e+02,-7.758205292897284266e+01
4.674934453125000005e+02,-8.215356831698997553e+01
4.674937382812499891e+02,-8.865626324652504309e+01
4.674940312500000346e+02,-8.805705268669676400e+01
4.674943242187500232e+02,-7.821830460560258302e+01
4.674946171875000118e+02,-7.877909839088796673e+01
4.674949101562500005e+02,-8.559924649565472521e+01
4.674952031249999891e+02,-8.079758343280786903e+01
4.674954960937500346e+02,-7.474356087319614517e+01
4.674957890625000232e+02,-7.386708406992676146e+01
4.674960820312500118e+02,-8.434977130896865560e+01
4.674963750000000005e+02,-7.981410338598027465e+01
4.674966679687499891e+02,-7.887734947534363528e+01
4.674969609375000346e+02,-7.662830157838033074e+01
4.674972539062500232e+02,-7.870896960255709018e+01
4.674975468750000118e+02,-7.653345794693153437e+01
4.674978398437500005e+02,-7.753923999536253575e+01
4.674981328124999891e+02,-8.055138112346853063e+01
4.674984257812500346e+02,-7.955733831872139206e+01
4.674987187500000232e+02,-8.604711834851229924e+01
4.674990117187500118e+02,-7.712152380353771264e+01
4.674993046875000005e+02,-7.566594428279167062e+01
4.674995976562499891e+02,-7.514083120945466021e+01
4.674998906250000346e+02,-7.914251833898350696e+01
4.675001835937500232e+02,-8.616692557284025611e+01
4.675004765625000118e+02,-7.769955700985352109e+01
4.675007695312500005e+02,-8.524653890399980583e+01
4.675010624999999891e+02,-7.939505075098340114e+01
4.675013554687500346e+02,-7.802860215439041269e+01
4.675016484375000232e+02,-8.684928433421328009e+01
4.675019414062500118e+02,-8.197555855916847634e+01
4.675022343750000005e+02,-7.916956763874154035e+01
4.675025273437499891e+02,-9.655125925540849607e+01
4.675028203125000346e+02,-7.844386961793627222e+01
4.675031132812500232e+02,-7.670423124356530309e+01
4.675034062500000118e+02,-8.477274323520143184e+01
4.675036992187500005e+02,-7.996102156616549905e+01
4.675039921874999891e+02,-7.796951646120315615e+01
4.675042851562500346e+02,-7.627401834659011115e+01
4.675045781250000232e+02,-8.236081538375293576e+01
4.675048710937500118e+02,-7.267186909039911313e+01
4.675051640625000005e+02,-7.743957725493051214e+01
4.675054570312499891e+02,-1.008717279079085927e+02
4.675057500000000346e+02,-8.887594407837262622e+01
4.675060429687500232e+02,-7.759162619739716149e+01
4.675063359375000118e+02,-7.583320129258292752e+01
4.675066289062500005e+02,-8.515252174002324637e+01
4.675069218749999891e+02,-7.780966672348442614e+01
4.675072148437500346e+02,-7.692019901016250572e+01
4.675075078125000232e+02,-7.556405784700029926e+01
4.675078007812500118e+02,-7.481131490858129496e+01
4.675080937500000005e+02,-9.511332249461810306e+01
4.675083867187499891e+02,-7.461605802047201053e+01
4.675086796875000346e+02,-7.652023573512462917e+01
4.675089726562500232e+02,-8.025204057430143223e+01
4.675092656250000118e+02,-7.863283947363024140e+01
4.675095585937500005e+02,-8.365950498592722795e+01
4.675098515624999891e+02,-8.527268931817503983e+01
4.675101445312500346e+02,-7.498456750338861809e+01
4.675104375000000232e+02,-7.231732521361068677e+01
4.675107304687500118e+02,-7.786886800686087895e+01
4.675110234375000005e+02,-8.471328799652768282e+01
4.675113164062499891e+02,-8.107221001195347299e+01
4.675116093750000346e+02,-7.718089823715456532e+01
4.675119023437500232e+02,-7.954235867058095266e+01
4.675121953125000118e+02,-8.899133387072161838e+01
4.675124882812500005e+02,-8.302371521005520094e+01
4.675127812499999891e+02,-8.205015807037874254e+01
4.675130742187500346e+02,-7.930457679171362884e+01
4.675133671875000232e+02,-7.958387876745865697e+01
4.675136601562500118e+02,-9.138349423070799560e+01
4.675139531250000005e+02,-8.506498861143310819e+01
4.675142460937499891e+02,-8.684001913036794917e+01
4.675145390625000346e+02,-7.714847042078747563e+01
4.675148320312500232e+02,-7.772949848295264985e+01
4.675151250000000118e+02,-7.470856327304582578e+01
4.675154179687500005e+02,-7.396121674583552874e+01
4.675157109374999891e+02,-8.328225942254127290e+01
4.675160039062500346e+02,-7.741496985886530524e+01
4.675162968750000232e+02,-7.916691703220823229e+01
4.675165898437500118e+02,-7.414043328530030408e+01
4.675168828125000005e+02,-7.193212320256419900e+01
4.675171757812499891e+02,-7.414284856330199602e+01
4.675174687500000346e+02,-7.684558122796863699e+01
4.675177617187500232e+02,-8.317354737560657441e+01
4.675180546875000118e+02,-7.612073142358579503e+01
4.675183476562500005e+02,-8.471119718877083926e+01
4.675186406249999891e+02,-8.411100774385977275e+01
4.675189335937500346e+02,-7.627252849796053624e+01
4.675192265625000232e+02,-7.222919062108351795e+01
4.675195195312500118e+02,-7.624753150681956981e+01
4.675198125000000005e+02,-7.574055793247657675e+01
4.675201054687499891e+02,-8.701602362208284092e+01
4.675203984375000346e+02,-7.996507376681454105e+01
4.675206914062500232e+02,-8.098588838754113794e+01
4.675209843750000118e+02,-8.314037520890374822e+01
4.675212773437500005e+02,-8.395883617540209798e+01
4.675215703124999891e+02,-9.089901082142830546e+01
4.675218632812500346e+02,-8.193865679355072018e+01
4.675221562500000232e+02,-9.859064951666822196e+01
4.675224492187500118e+02,-7.963229762832141034e+01
4.675227421875000005e+02,-8.755442484017282823e+01
4.675230351562499891e+02,-8.768480607305986041e+01
4.675233281250000346e+02,-8.253835926922299393e+01
4.675236210937500232e+02,-7.613965297683910194e+01
4.675239140625000118e+02,-7.996429560639472811e+01
4.675242070312500005e+02,-8.403974606851220130e+01
4.675244999999999891e+02,-7.791691525339084023e+01
4.675247929687500346e+02,-7.875561427122720204e+01
4.675250859375000232e+02,-7.969944270269648712e+01
4.675253789062500118e+02,-7.490363142503829863e+01
4.675256718750000005e+02,-7.368600451847730426e+01
4.675259648437499891e+02,-7.597120665517348925e+01
4.675262578125000346e+02,-5.995843734648041590e+01
4.675265507812500232e+02,-4.857550913176113028e+01
4.675268437500000118e+02,-5.163722764386092479e+01
4.675271367187500005e+02,-7.116956646825583732e+01
4.675274296874999891e+02,-7.579310641214235034e+01
4.675277226562500346e+02,-7.868831501402966921e+01
4.675280156250000232e+02,-8.355442678568481085e+01
4.675283085937500118e+02,-7.664932788496750504e+01
4.675286015625000005e+02,-8.075946118476548463e+01
4.675288945312499891e+02,-8.395947792255529407e+01
4.675291875000000346e+02,-7.786794728538178845e+01
4.675294804687500232e+02,-9.968821395744353708e+01
4.675297734375000118e+02,-7.058294032081325042e+01
4.675300664062500005e+02,-6.195231636779350026e+01
4.675303593749999891e+02,-7.108401723633365066e+01
4.675306523437500346e+02,-7.141155093170412727e+01
4.675309453125000232e+02,-7.398413402607859268e+01
4.675312382812500118e+02,-7.567229078075199311e+01
4.675315312500000005e+02,-7.821201275545317344e+01
4.675318242187499891e+02,-8.077191365835869874e+01
4.675321171875000346e+02,-8.843640798324379659e+01
4.675324101562500232e+02,-8.570331591675618199e+01
4.675327031250000118e+02,-7.635740385811072883e+01
4.675329960937500005e+02,-7.377526278089135303e+01
4.675332890624999891e+02,-7.955749982138398479e+01
4.675335820312500346e+02,-7.168964593003306618e+01
4.675338750000000232e+02,-7.154948270909288510e+01
4.675341679687500118e+02,-6.967419943841132124e+01
4.675344609375000005e+02,-7.261495084892329999e+01
4.675347539062499891e+02,-7.679296289406175902e+01
4.675350468750000346e+02,-7.504066685754798982e+01
4.675353398437500232e+02,-7.357760618484819304e+01
4.675356328125000118e+02,-7.440379475200958836e+01
4.675359257812500005e+02,-7.354982589306513319e+01
4.675362187499999891e+02,-7.610942567537162518e+01
4.675365117187500346e+02,-7.919682736564904246e+01
4.675368046875000232e+02,-7.501262298883008839e+01
4.675370976562500118e+02,-8.282773065953480796e+01
4.675373906250000005e+02,-7.881829541175920895e+01
4.675376835937499891e+02,-9.208655366151342037e+01
4.675379765625000346e+02,-8.238456931174766851e+01
4.675382695312500232e+02,-8.549611816214621740e+01
4.675385625000000118e+02,-8.810508527090668451e+01
4.675388554687500005e+02,-7.588140236810582451e+01
4.675391484374999891e+02,-7.478776333369010842e+01
4.675394414062500346e+02,-7.992811198650385052e+01
4.675397343750000232e+02,-9.017538268832444714e+01
4.675400273437500118e+02,-7.377784227313549081e+01
4.675403203125000005e+02,-6.736586256498033265e+01
4.675406132812499891e+02,-7.666066739342205949e+01
4.675409062500000346e+02,-8.271894753755866248e+01
4.675411992187500232e+02,-7.665496212675360255e+01
4.675414921875000118e+02,-8.532217384677659311e+01
4.675417851562500005e+02,-8.096387062185941375e+01
4.675420781249999891e+02,-8.426041657019554521e+01
4.675423710937500346e+02,-7.358462033109250910e+01
4.675426640625000232e+02,-7.490241016375725280e+01
4.675429570312500118e+02,-7.111125050007507298e+01
4.675432500000000005e+02,-7.360282371619435082e+01
4.675435429687499891e+02,-6.325141135319431385e+01
4.675438359375000346e+02,-6.314650164577707869e+01
4.675441289062500232e+02,-7.062037580877891685e+01
4.675444218750000118e+02,-7.179445399039241238e+01
4.675447148437500005e+02,-7.116073216810634960e+01
4.675450078124999891e+02,-8.021881892507923340e+01
4.675453007812500346e+02,-7.412481289126957051e+01
4.675455937500000232e+02,-7.485623547177398507e+01
4.675458867187500118e+02,-8.788705020250290545e+01
4.675461796875000005e+02,-7.876432911234195444e+01
4.675464726562499891e+02,-7.863968505717581081e+01
4.675467656250000346e+02,-8.820802692020959057e+01
4.675470585937500232e+02,-7.682304932115346219e+01
4.675473515625000118e+02,-7.619477551303589280e+01
4.675476445312500005e+02,-7.688327110198477499e+01
4.675479374999999891e+02,-8.862874988550019850e+01
4.675482304687500346e+02,-8.007054975228903970e+01
4.675485234375000232e+02,-7.286640438992692737e+01
4.675488164062500118e+02,-7.112255031537429772e+01
4.675491093750000005e+02,-8.267509838385535659e+01
4.675494023437499891e+02,-8.981981734724529076e+01
4.675496953125000346e+02,-8.184561406849191201e+01
4.675499882812500232e+02,-7.842923639684674697e+01
4.675502812500000118e+02,-8.547297250021847503e+01
4.675505742187500005e+02,-7.408492620277667129e+01
4.675508671874999891e+02,-7.516223114302302122e+01
4.675511601562500346e+02,-7.766014430978763983e+01
4.675514531250000232e+02,-8.573817020561868674e+01
4.675517460937500118e+02,-8.078929589659125554e+01
4.675520390625000005e+02,-8.542633452682524364e+01
4.675523320312499891e+02,-7.295379181545908409e+01
4.675526250000000346e+02,-8.147855447092432257e+01
4.675529179687500232e+02,-8.417845323993211082e+01
4.675532109375000118e+02,-7.949926624814689546e+01
4.675535039062500005e+02,-7.586101265701057628e+01
4.675537968749999891e+02,-7.787446392798392480e+01
4.675540898437500346e+02,-7.890341963256443591e+01
4.675543828125000232e+02,-7.592105096595915370e+01
4.675546757812500118e+02,-8.549328271471823371e+01
4.675549687500000005e+02,-7.791322132912974041e+01
4.675552617187499891e+02,-7.675097279029662900e+01
4.675555546875000346e+02,-7.141740304290668462e+01
4.675558476562500232e+02,-7.261666697546880300e+01
4.675561406250000118e+02,-7.119167215177598962e+01
4.675564335937500005e+02,-6.894705224602263627e+01
4.675567265624999891e+02,-6.753963218622070031e+01
4.675570195312500346e+02,-7.022599106438634919e+01
4.675573125000000232e+02,-8.103933545383148385e+01
4.675576054687500118e+02,-6.615623565383269522e+01
4.675578984375000005e+02,-6.587912283077265840e+01
4.675581914062499891e+02,-8.189965692599010083e+01
4.675584843750000346e+02,-7.555410040863182530e+01
4.675587773437500232e+02,-7.184524695556812901e+01
4.675590703125000118e+02,-6.858318849757576174e+01
4.675593632812500005e+02,-6.751287947225260666e+01
4.675596562499999891e+02,-7.160509216518603637e+01
4.675599492187500346e+02,-7.224721633580278990e+01
4.675602421875000232e+02,-7.603266137531625191e+01
4.675605351562500118e+02,-7.978382333894647616e+01
4.675608281250000005e+02,-7.326896814562614679e+01
4.675611210937499891e+02,-7.751797214269080882e+01
4.675614140625000346e+02,-7.115027219327679120e+01
4.675617070312500232e+02,-6.856196137347417618e+01
4.675620000000000118e+02,-6.921489946042316888e+01
4.675622929687500005e+02,-7.333954510626561785e+01
4.675625859374999891e+02,-7.277215443123407113e+01
4.675628789062500346e+02,-6.680196660214265592e+01
4.675631718750000232e+02,-6.397187717622203706e+01
4.675634648437500118e+02,-6.992978055241769653e+01
4.675637578125000005e+02,-7.906010517870141996e+01
4.675640507812499891e+02,-7.521143388197985757e+01
4.675643437500000346e+02,-7.376635536472375065e+01
4.675646367187500232e+02,-7.340544954270765743e+01
4.675649296875000118e+02,-7.093836680686125362e+01
4.675652226562500005e+02,-6.809829760463040316e+01
4.675655156249999891e+02,-6.834568991073352606e+01
4.675658085937500346e+02,-7.236598402770388816e+01
4.675661015625000232e+02,-7.408142690811335740e+01
4.675663945312500118e+02,-6.810531562400521466e+01
4.675666875000000005e+02,-7.318493405041273547e+01
4.675669804687499891e+02,-9.449702761506459581e+01
4.675672734375000346e+02,-8.749857293061845098e+01
4.675675664062500232e+02,-8.256840218361045913e+01
4.675678593750000118e+02,-7.997335343774670946e+01
4.675681523437500005e+02,-7.410258628147400373e+01
4.675684453124999891e+02,-7.574256358098500641e+01
4.675687382812500346e+02,-7.453153946986262213e+01
4.675690312500000232e+02,-7.437617740536867927e+01
4.675693242187500118e+02,-7.332546111963527835e+01
4.675696171875000005e+02,-8.000257703820059874e+01
4.675699101562499891e+02,-7.516364787267745839e+01
4.675702031250000346e+02,-7.806203621267823678e+01
4.675704960937500232e+02,-7.039850031917697493e+01
4.675707890625000118e+02,-6.484092189044579868e+01
4.675710820312500005e+02,-6.264667324075226418e+01
4.675713749999999891e+02,-6.348404530517246513e+01
4.675716679687500346e+02,-7.878577439532178062e+01
4.675719609375000232e+02,-6.680643789529423771e+01
4.675722539062500118e+02,-6.566126973504346154e+01
4.675725468750000005e+02,-6.539546384154361647e+01
4.675728398437499891e+02,-6.699579522676445720e+01
4.675731328125000346e+02,-8.028459578853797041e+01
4.675734257812500232e+02,-6.845376650170703670e+01
4.675737187500000118e+02,-6.973126975163573604e+01
4.675740117187500005e+02,-7.243997726956820316e+01
4.675743046874999891e+02,-8.282705585892088607e+01
4.675745976562500346e+02,-7.386337955602621719e+01
4.675748906250000232e+02,-8.486095227720841194e+01
4.675751835937500118e+02,-9.556652336119310576e+01
4.675754765625000005e+02,-7.143489852155829567e+01
4.675757695312499891e+02,-7.327290244294310639e+01
4.675760625000000346e+02,-8.047869969904071752e+01
4.675763554687500232e+02,-6.921468235329700747e+01
4.675766484375000118e+02,-6.716810523693895618e+01
4.675769414062500005e+02,-8.099388315786173109e+01
4.675772343749999891e+02,-6.635599841998055126e+01
4.675775273437500346e+02,-6.848653833206188324e+01
4.675778203125000232e+02,-7.095361392777452636e+01
4.675781132812500118e+02,-6.638185457637274567e+01
4.675784062500000005e+02,-7.515346603932756864e+01
4.675786992187499891e+02,-6.824465385230956826e+01
4.675789921875000346e+02,-6.638629112201884652e+01
4.675792851562500232e+02,-6.664705038987226260e+01
4.675795781250000118e+02,-6.230766274740497579e+01
4.675798710937500005e+02,-6.327230808364890891e+01
4.675801640624999891e+02,-6.608147701195076706e+01
4.675804570312500346e+02,-7.179373449764975135e+01
4.675807500000000232e+02,-7.244207792296380433e+01
4.675810429687500118e+02,-6.930786816079246648e+01
4.675813359375000005e+02,-6.443464139804487445e+01
4.675816289062499891e+02,-6.500217699023215800e+01
4.675819218750000346e+02,-6.513654502994883444e+01
4.675822148437500232e+02,-6.965859062098954269e+01
4.675825078125000118e+02,-8.091365666958890301e+01
4.675828007812500005e+02,-7.649353435208399787e+01
4.675830937499999891e+02,-7.332250221743390739e+01
4.675833867187500346e+02,-8.442000883162296532e+01
4.675836796875000232e+02,-7.390013589141712202e+01
4.675839726562500118e+02,-7.476095421847873013e+01
4.675842656250000005e+02,-7.525167216768812750e+01
4.675845585937499891e+02,-7.537797152986654226e+01
4.675848515625000346e+02,-7.247769567421732972e+01
4.675851445312500232e+02,-5.500912910557111957e+01
4.675854375000000118e+02,-4.933744308579665017e+01
4.675857304687500005e+02,-5.764642863323017252e+01
4.675860234374999891e+02,-7.822132814452243110e+01
4.675863164062500346e+02,-7.377239071737433562e+01
4.675866093750000232e+02,-6.567421624610815911e+01
4.675869023437500118e+02,-6.619793119824851146e+01
4.675871953125000005e+02,-6.634463829577315153e+01
4.675874882812499891e+02,-7.717003387564639638e+01
4.675877812500000346e+02,-8.053834283634105873e+01
4.675880742187500232e+02,-7.070654875849723453e+01
4.675883671875000118e+02,-5.280674820469359076e+01
4.675886601562500005e+02,-3.207244667396872728e+01
4.675889531249999891e+02,-3.021760379808536356e+01
4.675892460937500346e+02,-4.443548733645671689e+01
4.675895390625000232e+02,-6.771423761585873535e+01
4.675898320312500118e+02,-7.054804798087049278e+01
4.675901250000000005e+02,-6.997615491935081877e+01
4.675904179687499891e+02,-7.015605926059137687e+01
4.675907109375000346e+02,-6.494636774598887996e+01
4.675910039062500232e+02,-6.730621377678102135e+01
4.675912968750000118e+02,-6.815247014068751241e+01
4.675915898437500005e+02,-7.198486144612465409e+01
4.675918828124999891e+02,-6.690464859146621279e+01
4.675921757812500346e+02,-5.023263688620485823e+01
4.675924687500000232e+02,-5.342429989205052721e+01
4.675927617187500118e+02,-7.036527043858828279e+01
4.675930546875000005e+02,-8.113274684424357019e+01
4.675933476562499891e+02,-7.668364389501681444e+01
4.675936406250000346e+02,-6.802304394850786196e+01
4.675939335937500232e+02,-7.164499870496365475e+01
4.675942265625000118e+02,-7.141609362013291218e+01
4.675945195312500005e+02,-7.678696808976221178e+01
4.675948124999999891e+02,-8.846686025180780177e+01
4.675951054687500346e+02,-7.627912376108224635e+01
4.675953984375000232e+02,-6.905058732043397640e+01
4.675956914062500118e+02,-6.196996404862155572e+01
4.675959843750000005e+02,-6.388311163058950370e+01
4.675962773437499891e+02,-6.612107788205514680e+01
4.675965703125000346e+02,-6.800817155965584959e+01
4.675968632812500232e+02,-8.152172740690457431e+01
4.675971562500000118e+02,-7.097422511351055618e+01
4.675974492187500005e+02,-6.728738467184928140e+01
4.675977421874999891e+02,-6.516356410791287601e+01
4.675980351562500346e+02,-6.298490126197406624e+01
4.675983281250000232e+02,-6.417927780496870582e+01
4.675986210937500118e+02,-6.556087799608086186e+01
4.675989140625000005e+02,-6.801805997935433368e+01
4.675992070312499891e+02,-6.813468435565644654e+01
4.675995000000000346e+02,-6.730468520872844351e+01
4.675997929687500232e+02,-6.853126840041721834e+01
4.676000859375000118e+02,-6.635626976497147211e+01
4.676003789062500005e+02,-6.466997772782066534e+01
4.676006718749999891e+02,-7.732761430157286497e+01
4.676009648437500346e+02,-6.486212440430304582e+01
4.676012578125000232e+02,-6.787138914433806747e+01
4.676015507812500118e+02,-7.333695977338778960e+01
4.676018437500000005e+02,-7.369853159057156233e+01
4.676021367187499891e+02,-7.077263562766032123e+01
4.676024296875000346e+02,-7.003966581681132197e+01
4.676027226562500232e+02,-7.648276645164865783e+01
4.676030156250000118e+02,-7.106915442276236661e+01
4.676033085937500005e+02,-7.147161601612651793e+01
4.676036015624999891e+02,-7.084031675298938069e+01
4.676038945312500346e+02,-7.131261401597384975e+01
4.676041875000000232e+02,-6.966347864470614581e+01
4.676044804687500118e+02,-7.204604648473213047e+01
4.676047734375000005e+02,-7.331406376215858245e+01
4.676050664062499891e+02,-6.620014467168928718e+01
4.676053593750000346e+02,-6.544236453015258803e+01
4.676056523437500232e+02,-6.250321727118931392e+01
4.676059453125000118e+02,-6.694556155348642790e+01
4.676062382812500005e+02,-6.646168902586857996e+01
4.676065312499999891e+02,-6.308361285217532810e+01
4.676068242187500346e+02,-6.344978871035713297e+01
4.676071171875000232e+02,-6.916764521473916716e+01
4.676074101562500118e+02,-7.427323147822215788e+01
4.676077031250000005e+02,-7.718059953936150919e+01
4.676079960937499891e+02,-7.229924167847507022e+01
4.676082890625000346e+02,-7.129982142482843699e+01
4.676085820312500232e+02,-7.393901044942309397e+01
4.676088750000000118e+02,-7.360182078443015996e+01
4.676091679687500005e+02,-7.142938408583003707e+01
4.676094609374999891e+02,-8.151772358714401889e+01
4.676097539062500346e+02,-8.272390285303097812e+01
4.676100468750000232e+02,-8.004571317927891982e+01
4.676103398437500118e+02,-8.285241804938135601e+01
4.676106328125000005e+02,-8.463984037611524514e+01
4.676109257812499891e+02,-7.672956011891321282e+01
4.676112187500000346e+02,-6.807247667860026752e+01
4.676115117187500232e+02,-7.063950561107097315e+01
4.676118046875000118e+02,-7.678496165981763966e+01
4.676120976562500005e+02,-7.229572885222877687e+01
4.676123906249999891e+02,-6.916319132027474836e+01
4.676126835937500346e+02,-6.769502027831676116e+01
4.676129765625000232e+02,-7.358527306254919154e+01
4.676132695312500118e+02,-7.296901846996732388e+01
4.676135625000000005e+02,-9.629868566849930289e+01
4.676138554687499891e+02,-7.379428592056244440e+01
4.676141484375000346e+02,-6.880525269367771557e+01
4.676144414062500232e+02,-6.479769870837428414e+01
4.676147343750000118e+02,-6.487642089006114077e+01
4.676150273437500005e+02,-7.440587443120941202e+01
4.676153203124999891e+02,-7.555120131099695868e+01
4.676156132812500346e+02,-6.895144269224060452e+01
4.676159062500000232e+02,-6.728547627597662029e+01
4.676161992187500118e+02,-6.822132832565459637e+01
4.676164921875000005e+02,-7.167987184745319951e+01
4.676167851562499891e+02,-7.483384045684842079e+01
4.676170781250000346e+02,-7.362525673820869088e+01
4.676173710937500232e+02,-9.046223587922037268e+01
4.676176640625000118e+02,-8.514765907831531422e+01
4.676179570312500005e+02,-7.679552720157124668e+01
4.676182499999999891e+02,-6.845838873690301796e+01
4.676185429687500346e+02,-6.789890040475223998e+01
4.676188359375000232e+02,-7.281175253290915350e+01
4.676191289062500118e+02,-7.258350900424818519e+01
4.676194218750000005e+02,-8.263591699045738892e+01
4.676197148437499891e+02,-6.942648125131290726e+01
4.676200078125000346e+02,-6.462157923439127671e+01
4.676203007812500232e+02,-7.813458369536246551e+01
4.676205937500000118e+02,-7.138587544710821930e+01
4.676208867187500005e+02,-6.675705131001942050e+01
4.676211796874999891e+02,-6.904895655275238653e+01
4.676214726562500346e+02,-7.126783379975024957e+01
4.676217656250000232e+02,-7.768702569305762040e+01
4.676220585937500118e+02,-7.194950842993216611e+01
4.676223515625000005e+02,-7.495267719054785971e+01
4.676226445312499891e+02,-7.878359663932003798e+01
4.676229375000000346e+02,-7.571865673715397804e+01
4.676232304687500232e+02,-7.332457701840770881e+01
4.676235234375000118e+02,-7.531681971445843260e+01
4.676238164062500005e+02,-8.308115771168363040e+01
4.676241093749999891e+02,-7.690566631769956984e+01
4.676244023437500346e+02,-7.436814260328118564e+01
4.676246953125000232e+02,-7.266074248342209785e+01
4.676249882812500118e+02,-7.931358475504588057e+01
4.676252812500000005e+02,-8.314482705350502556e+01
4.676255742187499891e+02,-8.765640819982061771e+01
4.676258671875000346e+02,-7.571574841105312714e+01
4.676261601562500232e+02,-7.779342624405769868e+01
4.676264531250000118e+02,-8.652481829637913791e+01
4.676267460937500005e+02,-9.377912183280662362e+01
4.676270390624999891e+02,-7.925474356537210952e+01
4.676273320312500346e+02,-7.381152017621681694e+01
4.676276250000000232e+02,-9.399991152334096967e+01
4.676279179687500118e+02,-8.416383885754369487e+01
4.676282109375000005e+02,-7.613217596647831442e+01
4.676285039062499891e+02,-7.557364753730162477e+01
4.676287968750000346e+02,-7.162039747211939300e+01
4.676290898437500232e+02,-6.993980891011192114e+01
4.676293828125000118e+02,-7.682921548307649573e+01
4.676296757812500005e+02,-9.070248262396383154e+01
4.676299687499999891e+02,-7.405152917997808970e+01
4.676302617187500346e+02,-7.198428208314935262e+01
4.676305546875000232e+02,-7.001175535121933535e+01
4.676308476562500118e+02,-7.238108542326639849e+01
4.676311406250000005e+02,-7.423006977655614946e+01
4.676314335937499891e+02,-7.643960580864461463e+01
4.676317265625000346e+02,-8.448412686729588472e+01
4.676320195312500232e+02,-8.017626595928410893e+01
4.676323125000000118e+02,-8.077591030295982932e+01
4.676326054687500005e+02,-7.789547514020598840e+01
4.676328984374999891e+02,-8.044868391794459228e+01
4.676331914062500346e+02,-7.783669580232719909e+01
4.676334843750000232e+02,-7.635235775957055182e+01
4.676337773437500118e+02,-7.330654220779680941e+01
4.676340703125000005e+02,-6.572314761534245520e+01
4.676343632812499891e+02,-6.995291812166664158e+01
4.676346562500000346e+02,-7.256425226250190974e+01
4.676349492187500232e+02,-7.493618872237489370e+01
4.676352421875000118e+02,-7.575878500629995926e+01
4.676355351562500005e+02,-7.803757289265701047e+01
4.676358281249999891e+02,-8.298587364103411801e+01
4.676361210937500346e+02,-7.897371994783787841e+01
4.676364140625000232e+02,-8.917610897029312866e+01
4.676367070312500118e+02,-8.477310964806318339e+01
4.676370000000000005e+02,-7.949366653504338842e+01
4.676372929687499891e+02,-7.600161238292990618e+01
4.676375859375000346e+02,-7.642217990873906786e+01
4.676378789062500232e+02,-8.654347049576460904e+01
4.676381718750000118e+02,-7.754296758238196219e+01
4.676384648437500005e+02,-8.065987349713424237e+01
4.676387578124999891e+02,-8.069660837173097434e+01
4.676390507812500346e+02,-7.621591825901722927e+01
4.676393437500000232e+02,-7.903614737718967831e+01
4.676396367187500118e+02,-8.970551754876282757e+01
4.676399296875000005e+02,-8.933405988116689400e+01
4.676402226562499891e+02,-7.602883322831527835e+01
4.676405156250000346e+02,-7.505858323063017679e+01
4.676408085937500232e+02,-7.779549333878308914e+01
4.676411015625000118e+02,-8.672328700499346610e+01
4.676413945312500005e+02,-8.377282907839118309e+01
4.676416874999999891e+02,-8.585592716818369752e+01
4.676419804687500346e+02,-7.916157472340061929e+01
4.676422734375000232e+02,-7.720605255201353145e+01
4.676425664062500118e+02,-8.080990397126950597e+01
4.676428593750000005e+02,-8.794456878387433107e+01
4.676431523437499891e+02,-8.910001312804310203e+01
4.676434453125000346e+02,-8.019826427256285228e+01
4.676437382812500232e+02,-7.372519757849012478e+01
4.676440312500000118e+02,-8.060888093424432554e+01
4.676443242187500005e+02,-8.063591445624119558e+01
4.676446171874999891e+02,-7.679099128989312817e+01
4.676449101562500346e+02,-7.583577027858878239e+01
4.676452031250000232e+02,-8.762754851609599882e+01
4.676454960937500118e+02,-8.407804726310509125e+01
4.676457890625000005e+02,-8.216903876490667358e+01
4.676460820312499891e+02,-8.086492588226072087e+01
4.676463750000000346e+02,-8.549863878426538122e+01
4.676466679687500232e+02,-8.251805755794148922e+01
4.676469609375000118e+02,-7.387404959906174895e+01
4.676472539062500005e+02,-7.138633720366699720e+01
4.676475468749999891e+02,-8.226783842578552708e+01
4.676478398437500346e+02,-8.698871567091569545e+01
4.676481328125000232e+02,-8.307738329695332880e+01
4.676484257812500118e+02,-8.010593281067124849e+01
4.676487187500000005e+02,-7.827848865911064991e+01
4.676490117187499891e+02,-8.008590608987358905e+01
4.676493046875000346e+02,-8.061994214987619500e+01
4.676495976562500232e+02,-9.379442756057818542e+01
4.676498906250000118e+02,-8.531325263028486461e+01
4.676501835937500005e+02,-9.370748286105580860e+01
4.676504765624999891e+02,-8.840647205441570122e+01
4.676507695312500346e+02,-5.523933296677756744e+01
4.676510625000000232e+02,-4.810705520695040605e+01
4.676513554687500118e+02,-5.550672705063352907e+01
4.676516484375000005e+02,-7.991321745862543935e+01
4.676519414062499891e+02,-8.682402440479484085e+01
4.676522343750000346e+02,-7.773201424058663633e+01
4.676525273437500232e+02,-7.643382059853728094e+01
4.676528203125000118e+02,-7.537005433082961758e+01
4.676531132812500005e+02,-7.864616007961508615e+01
4.676534062499999891e+02,-8.359737181689327201e+01
4.676536992187500346e+02,-8.766136036758835814e+01
4.676539921875000232e+02,-7.937646112329228743e+01
4.676542851562500118e+02,-6.543067819914723771e+01
4.676545781250000005e+02,-6.291376710973072051e+01
4.676548710937499891e+02,-7.639150177915968243e+01
4.676551640625000346e+02,-8.063203601724197256e+01
4.676554570312500232e+02,-8.444964930873487674e+01
4.676557500000000118e+02,-9.996504997906812662e+01
4.676560429687500005e+02,-9.109662086996594610e+01
4.676563359374999891e+02,-8.319874445571583976e+01
4.676566289062500346e+02,-9.171607015180155997e+01
4.676569218750000232e+02,-8.376007669807438560e+01
4.676572148437500118e+02,-8.987972765093047656e+01
4.676575078125000005e+02,-8.329269205171354429e+01
4.676578007812499891e+02,-9.242934125807980195e+01
4.676580937500000346e+02,-9.518969302793054510e+01
4.676583867187500232e+02,-7.938579592126794182e+01
4.676586796875000118e+02,-8.180348711631162928e+01
4.676589726562500005e+02,-8.270740961012825210e+01
4.676592656249999891e+02,-8.157097891537135581e+01
4.676595585937500346e+02,-8.291876647489742425e+01
4.676598515625000232e+02,-7.987123786115448354e+01
4.676601445312500118e+02,-7.727175475691996098e+01
4.676604375000000005e+02,-8.670621531116867686e+01
4.676607304687499891e+02,-8.094698466878705290e+01
4.676610234375000346e+02,-8.425526565889684605e+01
4.676613164062500232e+02,-8.057265473594186744e+01
4.676616093750000118e+02,-8.542809705170614620e+01
4.676619023437500005e+02,-1.023214722652018907e+02
4.676621953124999891e+02,-8.014946608493352187e+01
4.676624882812500346e+02,-7.625062770128332090e+01
4.676627812500000232e+02,-7.744818792619867054e+01
4.676630742187500118e+02,-8.186092641956079774e+01
4.676633671875000005e+02,-7.928081540342506628e+01
4.676636601562499891e+02,-8.034294718517710976e+01
4.676639531250000346e+02,-7.793474672172428086e+01
4.676642460937500232e+02,-7.689293973103926305e+01
4.676645390625000118e+02,-7.780072637200028396e+01
4.676648320312500005e+02,-9.195750959174128525e+01
4.676651249999999891e+02,-7.959708446838628504e+01
4.676654179687500346e+02,-7.743306346003166141e+01
4.676657109375000232e+02,-7.909872231006072241e+01
4.676660039062500118e+02,-8.227037041486744329e+01
4.676662968750000005e+02,-9.083125181815685778e+01
4.676665898437499891e+02,-7.643390229637232380e+01
4.676668828125000346e+02,-7.418637861972993619e+01
4.676671757812500232e+02,-7.697946764890775739e+01
4.676674687500000118e+02,-8.433340855365905497e+01
4.676677617187500005e+02,-9.373769390374008026e+01
4.676680546874999891e+02,-7.702805474175180223e+01
4.676683476562500346e+02,-7.495187611167287400e+01
4.676686406250000232e+02,-7.644557472165548972e+01
4.676689335937500118e+02,-7.502358516265607591e+01
4.676692265625000005e+02,-7.455528692085772491e+01
4.676695195312499891e+02,-7.696512157061133053e+01
4.676698125000000346e+02,-8.107216006283076126e+01
4.676701054687500232e+02,-8.655461164100614724e+01
4.676703984375000118e+02,-8.065831175196291269e+01
4.676706914062500005e+02,-9.473359024372683734e+01
4.676709843749999891e+02,-9.338250181010025130e+01
4.676712773437500346e+02,-9.290421697873219387e+01
4.676715703125000232e+02,-9.587811046884765176e+01
4.676718632812500118e+02,-9.837729739472410984e+01
4.676721562500000005e+02,-7.950311463370502452e+01
4.676724492187499891e+02,-8.190691004830391364e+01
4.676727421875000346e+02,-8.157059020629458246e+01
4.676730351562500232e+02,-8.275016165439848237e+01
4.676733281250000118e+02,-7.827482267325601129e+01
4.676736210937500005e+02,-7.754937666353059456e+01
4.676739140624999891e+02,-9.327664387596431084e+01
4.676742070312500346e+02,-8.473062873147883067e+01
4.676745000000000232e+02,-7.668550374787450608e+01
4.676747929687500118e+02,-8.257878214152185592e+01
4.676750859375000005e+02,-8.679950094023084262e+01
4.676753789062499891e+02,-9.224784719451896819e+01
4.676756718750000346e+02,-8.560751280896653270e+01
4.676759648437500232e+02,-8.861840199867545209e+01
4.676762578125000118e+02,-8.061282013191527085e+01
4.676765507812500005e+02,-9.350784889281339929e+01
4.676768437499999891e+02,-8.043528954237788753e+01
4.676771367187500346e+02,-8.243314584250740040e+01
4.676774296875000232e+02,-9.577495567426403511e+01
4.676777226562500118e+02,-8.856118979195042584e+01
4.676780156250000005e+02,-8.515061165216904726e+01
4.676783085937499891e+02,-7.963431830546045376e+01
4.676786015625000346e+02,-7.700791266135124147e+01
4.676788945312500232e+02,-7.534788296423123199e+01
4.676791875000000118e+02,-7.986211697269730792e+01
4.676794804687500005e+02,-8.747112464152786515e+01
4.676797734374999891e+02,-7.942150859840145927e+01
4.676800664062500346e+02,-7.708975937285258340e+01
4.676803593750000232e+02,-7.868713184994768994e+01
4.676806523437500118e+02,-8.672397496786011573e+01
4.676809453125000005e+02,-9.181667710506337698e+01
4.676812382812499891e+02,-8.441010113931248782e+01
4.676815312500000346e+02,-8.312383545361259962e+01
4.676818242187500232e+02,-8.207271368520156329e+01
4.676821171875000118e+02,-8.371146298541928843e+01
4.676824101562500005e+02,-8.047117395139483165e+01
4.676827031249999891e+02,-8.326912057094085640e+01
4.676829960937500346e+02,-7.621126160814527850e+01
4.676832890625000232e+02,-7.992846224269329980e+01
4.676835820312500118e+02,-8.009072970709887329e+01
4.676838750000000005e+02,-7.944283246835101409e+01
4.676841679687499891e+02,-7.758269405538847252e+01
4.676844609375000346e+02,-8.417189977244964894e+01
4.676847539062500232e+02,-8.892535983146717626e+01
4.676850468750000118e+02,-8.179058761188856863e+01
4.676853398437500005e+02,-9.939726364571272654e+01
4.676856328124999891e+02,-8.250285590972438854e+01
4.676859257812500346e+02,-8.569501841907025153e+01
4.676862187500000232e+02,-9.047509292416069115e+01
4.676865117187500118e+02,-7.797382554722980785e+01
4.676868046875000005e+02,-7.888969541730941160e+01
4.676870976562499891e+02,-7.986555275140551657e+01
4.676873906250000346e+02,-7.997596985732756991e+01
4.676876835937500232e+02,-7.467154968189515785e+01
4.676879765625000118e+02,-8.241027994137424173e+01
4.676882695312500005e+02,-8.022073097022058619e+01
4.676885624999999891e+02,-7.483856649665210625e+01
4.676888554687500346e+02,-7.450922487769601332e+01
4.676891484375000232e+02,-7.708112504732375214e+01
4.676894414062500118e+02,-7.732163006676745454e+01
4.676897343750000005e+02,-7.542544518125788500e+01
4.676900273437499891e+02,-7.422902813150503221e+01
4.676903203125000346e+02,-7.604686953953198270e+01
4.676906132812500232e+02,-8.123728222663226006e+01
4.676909062500000118e+02,-8.283853711391914487e+01
4.676911992187500005e+02,-8.503367493302383195e+01
4.676914921874999891e+02,-8.146610738503893856e+01
4.676917851562500346e+02,-8.115722335861536862e+01
4.676920781250000232e+02,-8.784773787275931056e+01
4.676923710937500118e+02,-8.160755254525568603e+01
4.676926640625000005e+02,-6.820725625081004750e+01
4.676929570312499891e+02,-6.911874666788408206e+01
4.676932500000000346e+02,-8.496946064162614221e+01
4.676935429687500232e+02,-8.831580081347262023e+01
4.676938359375000118e+02,-8.611794018877114354e+01
4.676941289062500005e+02,-8.286754966714687498e+01
4.676944218749999891e+02,-8.697193550562566600e+01
4.676947148437500346e+02,-7.857372557743134678e+01
4.676950078125000232e+02,-7.561191113223154048e+01
4.676953007812500118e+02,-7.953647168904916498e+01
4.676955937500000005e+02,-7.961164617420686795e+01
4.676958867187499891e+02,-7.266267445838464312e+01
4.676961796875000346e+02,-6.483649450231523304e+01
4.676964726562500232e+02,-6.893653061800627313e+01
4.676967656250000118e+02,-8.048714548094109489e+01
4.676970585937500005e+02,-8.053140827535531798e+01
4.676973515624999891e+02,-7.780670971635358057e+01
4.676976445312500346e+02,-7.784112770075687138e+01
4.676979375000000232e+02,-8.106794353712925272e+01
4.676982304687500118e+02,-8.473621224406664965e+01
4.676985234375000005e+02,-8.071592551301407070e+01
4.676988164062499891e+02,-8.925634856210899670e+01
4.676991093750000346e+02,-8.439012901254423582e+01
4.676994023437500232e+02,-7.688247990749381700e+01
4.676996953125000118e+02,-7.394543619006960000e+01
4.676999882812500005e+02,-9.464796593137668879e+01
4.677002812499999891e+02,-9.027332328656164862e+01
4.677005742187500346e+02,-8.075513122298679036e+01
4.677008671875000232e+02,-8.319628824624072649e+01
4.677011601562500118e+02,-8.741702435123610826e+01
4.677014531250000005e+02,-8.722496636455625207e+01
4.677017460937499891e+02,-8.768856656052575715e+01
4.677020390625000346e+02,-7.900385521880879480e+01
4.677023320312500232e+02,-8.130713536482140569e+01
4.677026250000000118e+02,-9.065769519578284985e+01
4.677029179687500005e+02,-8.612817898061447863e+01
4.677032109374999891e+02,-7.747814604275492911e+01
4.677035039062500346e+02,-8.327317031842370909e+01
4.677037968750000232e+02,-8.608158484225570817e+01
4.677040898437500118e+02,-9.145147361498034400e+01
4.677043828125000005e+02,-8.065156602591122237e+01
4.677046757812499891e+02,-7.941512218287164160e+01
4.677049687500000346e+02,-9.135928648321362289e+01
4.677052617187500232e+02,-8.281171500701179866e+01
4.677055546875000118e+02,-8.689662789758153849e+01
4.677058476562500005e+02,-8.277140369461409364e+01
4.677061406249999891e+02,-8.048665316793226054e+01
4.677064335937500346e+02,-9.394831538328028842e+01
4.677067265625000232e+02,-1.022027946481467211e+02
4.677070195312500118e+02,-9.280469875425099247e+01
4.677073125000000005e+02,-9.629431839337925680e+01
4.677076054687499891e+02,-9.635889633699419221e+01
4.677078984375000346e+02,-8.271671703753305849e+01
4.677081914062500232e+02,-8.513295251995488400e+01
4.677084843750000118e+02,-8.659890014570166272e+01
4.677087773437500005e+02,-7.906103488440949434e+01
4.677090703124999891e+02,-7.531119035109347237e+01
4.677093632812500346e+02,-7.947863902932128610e+01
4.677096562500000232e+02,-8.618413249580756030e+01
4.677099492187500118e+02,-8.147610398833400325e+01
4.677102421875000005e+02,-8.052302249305915893e+01
4.677105351562499891e+02,-7.935035598881067642e+01
4.677108281250000346e+02,-9.337925167434674734e+01
4.677111210937500232e+02,-8.069532138770222218e+01
4.677114140625000118e+02,-7.622544818606209560e+01
4.677117070312500005e+02,-7.561844826533405239e+01
4.677119999999999891e+02,-8.778300074821552812e+01
4.677122929687500346e+02,-9.157782607463596491e+01
4.677125859375000232e+02,-9.521462406081911922e+01
4.677128789062500118e+02,-7.745131127192578901e+01
4.677131718750000005e+02,-6.472311452583110736e+01
4.677134648437499891e+02,-6.624502373006454548e+01
4.677137578125000346e+02,-7.565199263887022596e+01
4.677140507812500232e+02,-7.577561117860089723e+01
4.677143437500000118e+02,-8.065194024245890603e+01
4.677146367187500005e+02,-8.628743293166215267e+01
4.677149296874999891e+02,-8.755750203075136540e+01
4.677152226562500346e+02,-8.009841494574233423e+01
4.677155156250000232e+02,-8.100398385385722122e+01
4.677158085937500118e+02,-8.459013984806121300e+01
4.677161015625000005e+02,-8.809161421720040153e+01
4.677163945312499891e+02,-8.135471503626186518e+01
4.677166875000000346e+02,-7.586982492573204695e+01
4.677169804687500232e+02,-8.189493046760350126e+01
4.677172734375000118e+02,-7.820681103118191402e+01
4.677175664062500005e+02,-9.569532355904122767e+01
4.677178593749999891e+02,-8.359034898492339494e+01
4.677181523437500346e+02,-9.208847313313387417e+01
4.677184453125000232e+02,-8.774084667213500666e+01
4.677187382812500118e+02,-8.277702652563833396e+01
4.677190312500000005e+02,-8.326517797411369770e+01
4.677193242187499891e+02,-8.373053457406264499e+01
4.677196171875000346e+02,-8.207006287062222327e+01
4.677199101562500232e+02,-8.648980701377655578e+01
4.677202031250000118e+02,-7.640506672333337690e+01
4.677204960937500005e+02,-7.611432870744235402e+01
4.677207890624999891e+02,-8.206447085598158253e+01
4.677210820312500346e+02,-8.822115051148573173e+01
4.677213750000000232e+02,-7.936480253709504495e+01
4.677216679687500118e+02,-8.196775888177111824e+01
4.677219609375000005e+02,-8.744602575049549387e+01
4.677222539062499891e+02,-8.948832913044974191e+01
4.677225468750000346e+02,-9.400777671446681438e+01
4.677228398437500232e+02,-9.246251020718824520e+01
4.677231328125000118e+02,-8.551246286595080903e+01
4.677234257812500005e+02,-7.728212041455221026e+01
4.677237187499999891e+02,-7.954909645582191047e+01
4.677240117187500346e+02,-8.502414702694272819e+01
4.677243046875000232e+02,-8.781219689906970416e+01
4.677245976562500118e+02,-9.208499163761979389e+01
4.677248906250000005e+02,-8.647573825825269012e+01
4.677251835937499891e+02,-8.802674634595902603e+01
4.677254765625000346e+02,-8.241976483897329331e+01
4.677257695312500232e+02,-8.266100810703318302e+01
4.677260625000000118e+02,-9.397326370357544079e+01
4.677263554687500005e+02,-9.313021309031037731e+01
4.677266484374999891e+02,-8.591601997935512713e+01
4.677269414062500346e+02,-7.931829199407577846e+01
4.677272343750000232e+02,-8.161652071490523497e+01
4.677275273437500118e+02,-8.701182977655257389e+01
4.677278203125000005e+02,-8.159118502754938618e+01
4.677281132812499891e+02,-9.230197098087332108e+01
4.677284062500000346e+02,-8.525504117287682959e+01
4.677286992187500232e+02,-8.191940582505762336e+01
4.677289921875000118e+02,-8.376564649067410073e+01
4.677292851562500005e+02,-8.493828227133110431e+01
4.677295781249999891e+02,-1.020945922092316351e+02
4.677298710937500346e+02,-9.117958993884555241e+01
4.677301640625000232e+02,-8.222723715403617462e+01
4.677304570312500118e+02,-8.258194148687530856e+01
4.677307500000000005e+02,-8.285893127722140150e+01
4.677310429687499891e+02,-7.920670537812637235e+01
4.677313359375000346e+02,-8.643870060617413742e+01
4.677316289062500232e+02,-8.530012016077307635e+01
4.677319218750000118e+02,-8.791430107811336825e+01
4.677322148437500005e+02,-8.812955402497259172e+01
4.677325078124999891e+02,-1.057459092001087839e+02
4.677328007812500346e+02,-8.642074724499678950e+01
4.677330937500000232e+02,-8.169333035390866371e+01
4.677333867187500118e+02,-8.613594192074357636e+01
4.677336796875000005e+02,-8.815254581306901116e+01
4.677339726562499891e+02,-8.467684859004718589e+01
4.677342656250000346e+02,-8.801005026842881307e+01
4.677345585937500232e+02,-8.887115817998319756e+01
4.677348515625000118e+02,-8.617453388381281343e+01
4.677351445312500005e+02,-9.094391928172449013e+01
4.677354374999999891e+02,-8.951357307002169250e+01
4.677357304687500346e+02,-8.113577657740387394e+01
4.677360234375000232e+02,-8.270761034197143147e+01
4.677363164062500118e+02,-7.929204704549009364e+01
4.677366093750000005e+02,-7.853860122264723032e+01
4.677369023437499891e+02,-8.759107295251745029e+01
4.677371953125000346e+02,-9.021017947779265000e+01
4.677374882812500232e+02,-8.526713893327324456e+01
4.677377812500000118e+02,-7.871562274077339794e+01
4.677380742187500005e+02,-8.189592848959986782e+01
4.677383671874999891e+02,-9.436504538178104440e+01
4.677386601562500346e+02,-8.232993285225033731e+01
4.677389531250000232e+02,-8.179702015269143089e+01
4.677392460937500118e+02,-9.079636838964587753e+01
4.677395390625000005e+02,-8.608150533948220584e+01
4.677398320312499891e+02,-8.645434821716854401e+01
4.677401250000000346e+02,-9.454347975577962870e+01
4.677404179687500232e+02,-8.401934041159844924e+01
4.677407109375000118e+02,-8.451650529173878112e+01
4.677410039062500005e+02,-9.452536401683497047e+01
4.677412968749999891e+02,-9.692553729196978907e+01
4.677415898437500346e+02,-8.683155425789448145e+01
4.677418828125000232e+02,-8.736247668590206672e+01
4.677421757812500118e+02,-8.801765209987372884e+01
4.677424687500000005e+02,-8.819032604421478538e+01
4.677427617187499891e+02,-8.395336099589401613e+01
4.677430546875000346e+02,-7.821214652926319388e+01
4.677433476562500232e+02,-8.017620431210845311e+01
4.677436406250000118e+02,-7.972079755439735038e+01
4.677439335937500005e+02,-8.462868428678133625e+01
4.677442265624999891e+02,-8.304559458564256147e+01
4.677445195312500346e+02,-8.470445974639473263e+01
4.677448125000000232e+02,-8.294334956811682957e+01
4.677451054687500118e+02,-7.948414773117093546e+01
4.677453984375000005e+02,-8.472535788729828710e+01
4.677456914062499891e+02,-8.551247920711966799e+01
4.677459843750000346e+02,-8.411561845845267271e+01
4.677462773437500232e+02,-9.365373272810444405e+01
4.677465703125000118e+02,-9.609157877020648186e+01
4.677468632812500005e+02,-8.496543190211362173e+01
4.677471562499999891e+02,-8.322247239314621936e+01
4.677474492187500346e+02,-8.231255485690090268e+01
4.677477421875000232e+02,-8.235665016143295247e+01
4.677480351562500118e+02,-8.380877154749363456e+01
4.677483281250000005e+02,-8.624669931482571883e+01
4.677486210937499891e+02,-8.232377735265436058e+01
4.677489140625000346e+02,-8.513300581502834063e+01
4.677492070312500232e+02,-8.308584593283762842e+01
4.677495000000000118e+02,-9.004137755233422524e+01
4.677497929687500005e+02,-8.360647254360685565e+01
4.677500859374999891e+02,-8.460484919556182604e+01
4.677503789062500346e+02,-8.865268335793400922e+01
4.677506718750000232e+02,-8.508143677099337765e+01
4.677509648437500118e+02,-8.043297486882579506e+01
4.677512578125000005e+02,-7.954078722162414294e+01
4.677515507812499891e+02,-8.181235078590133014e+01
4.677518437500000346e+02,-8.258974917509166858e+01
4.677521367187500232e+02,-8.232915687464362975e+01
4.677524296875000118e+02,-8.504505514375293274e+01
4.677527226562500005e+02,-8.531215295476988558e+01
4.677530156249999891e+02,-8.598564614547184703e+01
4.677533085937500346e+02,-8.333959412367583752e+01
4.677536015625000232e+02,-8.757117708198475725e+01
4.677538945312500118e+02,-7.906874999098035062e+01
4.677541875000000005e+02,-8.505190986869904179e+01
4.677544804687499891e+02,-8.467274985355332717e+01
4.677547734375000346e+02,-8.503105233063453738e+01
4.677550664062500232e+02,-7.462035874414371506e+01
4.677553593750000118e+02,-7.952889680293809249e+01
4.677556523437500005e+02,-8.995178741049303994e+01
4.677559453124999891e+02,-8.637011012987568392e+01
4.677562382812500346e+02,-8.966698337860719903e+01
4.677565312500000232e+02,-8.072807022917308473e+01
4.677568242187500118e+02,-7.868956799201396279e+01
4.677571171875000005e+02,-9.096532717069084129e+01
4.677574101562499891e+02,-8.738570150359457500e+01
4.677577031250000346e+02,-8.736459313064119669e+01
4.677579960937500232e+02,-8.091679179951512424e+01
4.677582890625000118e+02,-7.290775850204931885e+01
4.677585820312500005e+02,-7.334531506832530567e+01
4.677588749999999891e+02,-9.466891772564036955e+01
4.677591679687500346e+02,-8.592897887441766613e+01
4.677594609375000232e+02,-9.029226724700390605e+01
4.677597539062500118e+02,-8.865684566631786367e+01
4.677600468750000005e+02,-8.194846380951956633e+01
4.677603398437499891e+02,-7.900476643362603113e+01
4.677606328125000346e+02,-8.947286185597795338e+01
4.677609257812500232e+02,-9.462937793843215672e+01
4.677612187500000118e+02,-8.073353063019655451e+01
4.677615117187500005e+02,-7.932425242916755792e+01
4.677618046874999891e+02,-7.478175559698124175e+01
4.677620976562500346e+02,-8.356187794217458986e+01
4.677623906250000232e+02,-7.925650926378422412e+01
4.677626835937500118e+02,-8.508290659051283455e+01
4.677629765625000005e+02,-8.110610446972256682e+01
4.677632695312499891e+02,-8.392519603964404951e+01
4.677635625000000346e+02,-8.934714388759120141e+01
4.677638554687500232e+02,-8.662918470005500637e+01
4.677641484375000118e+02,-8.209783597010255107e+01
4.677644414062500005e+02,-8.477299297949505785e+01
4.677647343749999891e+02,-9.737647593825188608e+01
4.677650273437500346e+02,-8.574810280820460662e+01
4.677653203125000232e+02,-7.957872178368590710e+01
4.677656132812500118e+02,-8.048334566823790226e+01
4.677659062500000005e+02,-7.905915690410336083e+01
4.677661992187499891e+02,-8.288033967639670152e+01
4.677664921875000346e+02,-8.186482648236605542e+01
4.677667851562500232e+02,-7.936843852932857146e+01
4.677670781250000118e+02,-7.898721470431104308e+01
4.677673710937500005e+02,-8.882636598167403008e+01
4.677676640624999891e+02,-8.856714903831291963e+01
4.677679570312500346e+02,-8.113672605404040894e+01
4.677682500000000232e+02,-8.929952099620956574e+01
4.677685429687500118e+02,-8.269082397932746176e+01
4.677688359375000005e+02,-8.437493849553156622e+01
4.677691289062499891e+02,-9.014854714808134872e+01
4.677694218750000346e+02,-9.982824653349800315e+01
4.677697148437500232e+02,-8.790843154766830025e+01
4.677700078125000118e+02,-8.911543147530051101e+01
4.677703007812500005e+02,-9.374978129674553884e+01
4.677705937499999891e+02,-9.908395411472363890e+01
4.677708867187500346e+02,-9.490422614050268635e+01
4.677711796875000232e+02,-8.904614741715295168e+01
4.677714726562500118e+02,-8.055876004505273613e+01
4.677717656250000005e+02,-8.134006656451126105e+01
4.677720585937499891e+02,-8.848150350009305498e+01
4.677723515625000346e+02,-9.081118757762578753e+01
4.677726445312500232e+02,-8.494248223356181882e+01
4.677729375000000118e+02,-8.515275809913318028e+01
4.677732304687500005e+02,-8.295094186945873105e+01
4.677735234374999891e+02,-8.581384516567935350e+01
4.677738164062500346e+02,-9.990024638766101361e+01
4.677741093750000232e+02,-9.482891254422017369e+01
4.677744023437500118e+02,-8.590534358582965524e+01
4.677746953125000005e+02,-8.519535825119561423e+01
4.677749882812499891e+02,-9.062611393183829023e+01
4.677752812500000346e+02,-8.255825567730630610e+01
4.677755742187500232e+02,-8.139835060532374200e+01
4.677758671875000118e+02,-8.635529448699166721e+01
4.677761601562500005e+02,-7.980710353228306531e+01
4.677764531249999891e+02,-8.016079571143171734e+01
4.677767460937500346e+02,-8.179491222999494937e+01
4.677770390625000232e+02,-8.209188574778922032e+01
4.677773320312500118e+02,-8.095243222860169396e+01
4.677776250000000005e+02,-8.226944738378450950e+01
4.677779179687499891e+02,-8.458056270143418942e+01
4.677782109375000346e+02,-8.270914721510231971e+01
4.677785039062500232e+02,-8.547695396916938648e+01
4.677787968750000118e+02,-8.985877187479314898e+01
4.677790898437500005e+02,-9.170403760003436844e+01
4.677793828124999891e+02,-8.493130701223925882e+01
4.677796757812500346e+02,-9.241557525624449454e+01
4.677799687500000232e+02,-8.664695324524797115e+01
4.677802617187500118e+02,-8.125372630979180144e+01
4.677805546875000005e+02,-8.291293296048381478e+01
4.677808476562499891e+02,-8.037819594606780527e+01
4.677811406250000346e+02,-8.488540527987275652e+01
4.677814335937500232e+02,-9.469036879304256615e+01
4.677817265625000118e+02,-9.221603618318474105e+01
4.677820195312500005e+02,-8.563595211508491900e+01
4.677823124999999891e+02,-8.663559908651248520e+01
4.677826054687500346e+02,-8.910331849314651720e+01
4.677828984375000232e+02,-8.978791517927218990e+01
4.677831914062500118e+02,-9.026318826362555114e+01
4.677834843750000005e+02,-9.060695384582066936e+01
4.677837773437499891e+02,-8.945057860547150597e+01
4.677840703125000346e+02,-9.573550688950732024e+01
4.677843632812500232e+02,-8.874022861346008995e+01
4.677846562500000118e+02,-8.809064462186708511e+01
4.677849492187500005e+02,-8.388696148437051647e+01
4.677852421874999891e+02,-7.884082542024987106e+01
4.677855351562500346e+02,-8.400740247544918304e+01
4.677858281250000232e+02,-7.900283835208722394e+01
4.677861210937500118e+02,-8.283076299075352722e+01
4.677864140625000005e+02,-8.012231849209577206e+01
4.677867070312499891e+02,-8.397585906485851126e+01
4.677870000000000346e+02,-9.510112064458992620e+01
4.677872929687500232e+02,-8.763588614560339352e+01
4.677875859375000118e+02,-8.900566934954836995e+01
4.677878789062500005e+02,-9.409507328002902682e+01
4.677881718749999891e+02,-8.402384369228346372e+01
4.677884648437500346e+02,-8.085717781670888371e+01
4.677887578125000232e+02,-8.736787382252897771e+01
4.677890507812500118e+02,-8.774405370120489067e+01
4.677893437500000005e+02,-8.270822620485751031e+01
4.677896367187499891e+02,-8.592735546554428083e+01
4.677899296875000346e+02,-8.914325650783155197e+01
4.677902226562500232e+02,-9.682940424911846833e+01
4.677905156250000118e+02,-8.330571124125404481e+01
4.677908085937500005e+02,-8.709953758481495356e+01
4.677911015624999891e+02,-8.920237787262244922e+01
4.677913945312500346e+02,-8.403648476435748194e+01
4.677916875000000232e+02,-8.180404513964299440e+01
4.677919804687500118e+02,-7.843159970456645169e+01
4.677922734375000005e+02,-8.324045011562661500e+01
4.677925664062499891e+02,-9.359116165589117031e+01
4.677928593750000346e+02,-9.922154916552150894e+01
4.677931523437500232e+02,-8.565313506708315572e+01
4.677934453125000118e+02,-8.731916837533071885e+01
4.677937382812500005e+02,-8.991678905224517848e+01
4.677940312499999891e+02,-9.019497769378145335e+01
4.677943242187500346e+02,-9.909364094274108936e+01
4.677946171875000232e+02,-8.486514649712383118e+01
4.677949101562500118e+02,-8.107082179769689390e+01
4.677952031250000005e+02,-8.012902742877292894e+01
4.677954960937499891e+02,-7.957139671519948365e+01
4.677957890625000346e+02,-9.558708763002209707e+01
4.677960820312500232e+02,-8.295669447105149175e+01
4.677963750000000118e+02,-8.409604651488449178e+01
4.677966679687500005e+02,-8.099378502341451735e+01
4.677969609374999891e+02,-8.206932920030703826e+01
4.677972539062500346e+02,-8.255623710403339999e+01
4.677975468750000232e+02,-9.442349143430377012e+01
4.677978398437500118e+02,-8.261360973689546938e+01
4.677981328125000005e+02,-8.222903204151288037e+01
4.677984257812499891e+02,-8.908980045556128857e+01
4.677987187500000346e+02,-8.886976581599174096e+01
4.677990117187500232e+02,-9.340565080647238005e+01
4.677993046875000118e+02,-8.296438725290825289e+01
4.677995976562500005e+02,-8.615034563151822056e+01
4.677998906249999891e+02,-8.659466046688763186e+01
4.678001835937500346e+02,-9.003257392079387955e+01
4.678004765625000232e+02,-9.792698485704440259e+01
4.678007695312500118e+02,-8.769074548249190570e+01
4.678010625000000005e+02,-8.513246036931953142e+01
4.678013554687499891e+02,-8.972986291919484358e+01
4.678016484375000346e+02,-9.388883174736591286e+01
4.678019414062500232e+02,-8.866752339396897753e+01
4.678022343750000118e+02,-8.545144880608913240e+01
4.678025273437500005e+02,-9.177088760858327987e+01
4.678028203124999891e+02,-9.123997679560326901e+01
4.678031132812500346e+02,-9.054087243314013733e+01
4.678034062500000232e+02,-8.929145710879708986e+01
4.678036992187500118e+02,-8.424174176468086728e+01
4.678039921875000005e+02,-8.611201648132387731e+01
4.678042851562499891e+02,-8.099998305140894672e+01
4.678045781250000346e+02,-8.234725969569153392e+01
4.678048710937500232e+02,-8.803783679212588709e+01
4.678051640625000118e+02,-9.052203120527168778e+01
4.678054570312500005e+02,-8.773130683262036200e+01
4.678057499999999891e+02,-8.263989382703820752e+01
4.678060429687500346e+02,-8.749471015114978911e+01
4.678063359375000232e+02,-9.130992691402299499e+01
4.678066289062500118e+02,-9.270735044000895186e+01
4.678069218750000005e+02,-8.801595541949048140e+01
4.678072148437499891e+02,-9.030946266389058508e+01
4.678075078125000346e+02,-8.572684133460859357e+01
4.678078007812500232e+02,-8.848853323856674535e+01
4.678080937500000118e+02,-8.991081637332449361e+01
4.678083867187500005e+02,-1.011929564404674124e+02
4.678086796874999891e+02,-8.792659910462131734e+01
4.678089726562500346e+02,-9.313899844752732804e+01
4.678092656250000232e+02,-8.707249806776198398e+01
4.678095585937500118e+02,-8.726828543214469391e+01
4.678098515625000005e+02,-8.635895446759271010e+01
4.678101445312499891e+02,-8.845167970326896523e+01
4.678104375000000346e+02,-8.996105192910366100e+01
4.678107304687500232e+02,-9.196375809586044170e+01
4.678110234375000118e+02,-9.531589581473508588e+01
4.678113164062500005e+02,-8.441027491699345831e+01
4.678116093749999891e+02,-8.136666564022075931e+01
4.678119023437500346e+02,-8.094583854686473501e+01
4.678121953125000232e+02,-8.578807899776276713e+01
4.678124882812500118e+02,-9.946256837786377503e+01
4.678127812500000005e+02,-8.307136447407677338e+01
4.678130742187499891e+02,-8.817815285281102433e+01
4.678133671875000346e+02,-8.983937634112329818e+01
4.678136601562500232e+02,-9.018995471306371314e+01
4.678139531250000118e+02,-9.915873456444589351e+01
4.678142460937500005e+02,-9.067283250893925128e+01
4.678145390624999891e+02,-9.145697156614302514e+01
4.678148320312500346e+02,-8.689915221059672490e+01
4.678151250000000232e+02,-9.116273530556681237e+01
4.678154179687500118e+02,-9.306401450799094732e+01
4.678157109375000005e+02,-1.005710861110198238e+02
4.678160039062499891e+02,-8.825780655380073370e+01
4.678162968750000346e+02,-8.240922049411318540e+01
4.678165898437500232e+02,-9.373650950705382456e+01
4.678168828125000118e+02,-8.549093323575489478e+01
4.678171757812500005e+02,-8.280131137565550148e+01
4.678174687499999891e+02,-8.239177390043032290e+01
4.678177617187500346e+02,-9.092569363479880451e+01
4.678180546875000232e+02,-8.819099805885075227e+01
4.678183476562500118e+02,-9.382805149443393589e+01
4.678186406250000005e+02,-8.764016341481315919e+01
4.678189335937499891e+02,-8.497398828849496510e+01
4.678192265625000346e+02,-9.587913368141198589e+01
4.678195195312500232e+02,-8.892906672735372808e+01
4.678198125000000118e+02,-8.779128760411609278e+01
4.678201054687500005e+02,-8.763166283722220840e+01
4.678203984374999891e+02,-8.058774468842153738e+01
4.678206914062500346e+02,-7.923108006386003410e+01
4.678209843750000232e+02,-8.577477123345920518e+01
4.678212773437500118e+02,-9.636780961772527121e+01
4.678215703125000005e+02,-9.967783456606068171e+01
4.678218632812499891e+02,-8.755147011937914669e+01
4.678221562500000346e+02,-8.641116612529309293e+01
4.678224492187500232e+02,-8.717487575659671961e+01
4.678227421875000118e+02,-8.933905264275652769e+01
4.678230351562500005e+02,-9.263754662158213193e+01
4.678233281249999891e+02,-9.121489063147832610e+01
4.678236210937500346e+02,-8.903997935090421834e+01
4.678239140625000232e+02,-8.111026987813704636e+01
4.678242070312500118e+02,-8.369486587241185305e+01
4.678245000000000005e+02,-9.301249054622012125e+01
4.678247929687499891e+02,-9.419822402335387324e+01
4.678250859375000346e+02,-9.009408595872091041e+01
4.678253789062500232e+02,-9.373495093410559775e+01
4.678256718750000118e+02,-9.182608660429549730e+01
4.678259648437500005e+02,-8.350497071314873665e+01
4.678262578124999891e+02,-8.667774509510374514e+01
4.678265507812500346e+02,-8.854683847409661723e+01
4.678268437500000232e+02,-9.314218298458419554e+01
4.678271367187500118e+02,-9.110776674010412535e+01
4.678274296875000005e+02,-1.004463488737236787e+02
4.678277226562499891e+02,-9.302674855927328679e+01
4.678280156250000346e+02,-9.304205382260278157e+01
4.678283085937500232e+02,-8.873972857004793013e+01
4.678286015625000118e+02,-9.056809334737380368e+01
4.678288945312500005e+02,-8.215063801064843574e+01
4.678291874999999891e+02,-8.510689021144089850e+01
4.678294804687500346e+02,-9.310849603718047263e+01
4.678297734375000232e+02,-8.673357671533730695e+01
4.678300664062500118e+02,-9.191730232741002737e+01
4.678303593750000005e+02,-8.431615830611535500e+01
4.678306523437499891e+02,-8.282801295824624788e+01
4.678309453125000346e+02,-8.216913211035330278e+01
4.678312382812500232e+02,-8.479697347277544850e+01
4.678315312500000118e+02,-9.181662539873734374e+01
4.678318242187500005e+02,-8.885361960291365335e+01
4.678321171874999891e+02,-8.661234205105733963e+01
4.678324101562500346e+02,-8.727116610726623946e+01
4.678327031250000232e+02,-8.245595969067275632e+01
4.678329960937500118e+02,-8.617016469472547158e+01
4.678332890625000005e+02,-8.870678113876770965e+01
4.678335820312499891e+02,-8.282899183897222883e+01
4.678338750000000346e+02,-8.800589057918573133e+01
4.678341679687500232e+02,-9.366549449660021764e+01
4.678344609375000118e+02,-8.556718009684010440e+01
4.678347539062500005e+02,-8.282940198034985713e+01
4.678350468749999891e+02,-8.608365100723901264e+01
4.678353398437500346e+02,-9.294386744822995183e+01
4.678356328125000232e+02,-8.979253055435384567e+01
4.678359257812500118e+02,-8.962941738652330059e+01
4.678362187500000005e+02,-8.962174020659388418e+01
4.678365117187499891e+02,-8.690093363369012991e+01
4.678368046875000346e+02,-8.943666101321305462e+01
4.678370976562500232e+02,-8.563004742851349249e+01
4.678373906250000118e+02,-7.879366946640801928e+01
4.678376835937500005e+02,-6.947208998604918406e+01
4.678379765624999891e+02,-7.665070067284834465e+01
4.678382695312500346e+02,-9.296545646366310223e+01
4.678385625000000232e+02,-9.101249801067167766e+01
4.678388554687500118e+02,-8.646399318148118596e+01
4.678391484375000005e+02,-9.637687489731439427e+01
4.678394414062499891e+02,-8.796783252491758276e+01
4.678397343750000346e+02,-9.552749751837740178e+01
4.678400273437500232e+02,-8.881730405775704185e+01
4.678403203125000118e+02,-8.887872150811169547e+01
4.678406132812500005e+02,-1.035405067474457894e+02
4.678409062499999891e+02,-8.631041756898559925e+01
4.678411992187500346e+02,-8.487639180695354924e+01
4.678414921875000232e+02,-8.960327852353705680e+01
4.678417851562500118e+02,-8.970539016910178987e+01
4.678420781250000005e+02,-8.630994634408034472e+01
4.678423710937499891e+02,-8.446994429881289079e+01
4.678426640625000346e+02,-8.459090412156918148e+01
4.678429570312500232e+02,-8.864802861944437495e+01
4.678432500000000118e+02,-9.432108462505780722e+01
4.678435429687500005e+02,-9.253599382254422778e+01
4.678438359374999891e+02,-9.419008288866518797e+01
4.678441289062500346e+02,-9.288156658896438955e+01
4.678444218750000232e+02,-8.648979514005256419e+01
4.678447148437500118e+02,-8.427061885800695507e+01
4.678450078125000005e+02,-9.168049035372840194e+01
4.678453007812499891e+02,-9.414887662149331504e+01
4.678455937500000346e+02,-8.517359935574801000e+01
4.678458867187500232e+02,-9.104371269527463539e+01
4.678461796875000118e+02,-1.029683326151578058e+02
4.678464726562500005e+02,-9.877690356814872530e+01
4.678467656249999891e+02,-8.909584742852123895e+01
4.678470585937500346e+02,-9.304561384355466203e+01
4.678473515625000232e+02,-8.509206620204970761e+01
4.678476445312500118e+02,-8.118723529138291894e+01
4.678479375000000005e+02,-8.717805028882247598e+01
4.678482304687499891e+02,-8.930917144992319834e+01
4.678485234375000346e+02,-8.241294283257234099e+01
4.678488164062500232e+02,-9.462778452921429562e+01
4.678491093750000118e+02,-8.300726069713758193e+01
4.678494023437500005e+02,-8.609163796362223309e+01
4.678496953124999891e+02,-9.225757117840731780e+01
4.678499882812500346e+02,-9.515723276690208365e+01
4.678502812500000232e+02,-9.026255664663440825e+01
4.678505742187500118e+02,-8.472833861310462567e+01
4.678508671875000005e+02,-8.217767162039338302e+01
4.678511601562499891e+02,-8.634779260186127203e+01
4.678514531250000346e+02,-8.999513922026311263e+01
4.678517460937500232e+02,-9.718606415488828532e+01
4.678520390625000118e+02,-9.029370152196946719e+01
4.678523320312500005e+02,-8.352001737858307706e+01
4.678526249999999891e+02,-8.445785260730770005e+01
4.678529179687500346e+02,-8.296240231443199775e+01
4.678532109375000232e+02,-8.183906285902368438e+01
4.678535039062500118e+02,-9.359007254160619027e+01
4.678537968750000005e+02,-9.214927283040891837e+01
4.678540898437499891e+02,-8.196722593643612242e+01
4.678543828125000346e+02,-7.957249550967480900e+01
4.678546757812500232e+02,-9.042784743033585926e+01
4.678549687500000118e+02,-9.108315735211377273e+01
4.678552617187500005e+02,-8.699885646365247283e+01
4.678555546874999891e+02,-8.670581196097762700e+01
4.678558476562500346e+02,-8.557399729329574711e+01
4.678561406250000232e+02,-9.984265198350840365e+01
4.678564335937500118e+02,-8.601943585590696273e+01
4.678567265625000005e+02,-9.022621062245876544e+01
4.678570195312499891e+02,-9.079062415591126012e+01
4.678573125000000346e+02,-8.553037157852403993e+01
4.678576054687500232e+02,-8.176690436193284484e+01
4.678578984375000118e+02,-8.307537262598189898e+01
4.678581914062500005e+02,-8.964929090194841876e+01
4.678584843749999891e+02,-8.846321057813470645e+01
4.678587773437500346e+02,-8.824355766255742139e+01
4.678590703125000232e+02,-8.876182326765390940e+01
4.678593632812500118e+02,-9.091132192682820801e+01
4.678596562500000005e+02,-8.816637524436356443e+01
4.678599492187499891e+02,-1.030209290072986903e+02
4.678602421875000346e+02,-8.449432790285393935e+01
4.678605351562500232e+02,-9.600089781337794648e+01
4.678608281250000118e+02,-8.570983667117451432e+01
4.678611210937500005e+02,-9.640103057323571534e+01
4.678614140624999891e+02,-9.432907805169887183e+01
4.678617070312500346e+02,-8.316441658130781889e+01
4.678620000000000232e+02,-8.182394018959229243e+01
4.678622929687500118e+02,-7.922273513507897746e+01
4.678625859375000005e+02,-8.346713915657301186e+01
4.678628789062499891e+02,-8.680668196626919553e+01
4.678631718750000346e+02,-8.777820457727445103e+01
4.678634648437500232e+02,-8.329424407054249002e+01
4.678637578125000118e+02,-9.230673494406353541e+01
4.678640507812500005e+02,-9.223981277281744440e+01
4.678643437499999891e+02,-9.535418605086960042e+01
4.678646367187500346e+02,-8.981867107036755726e+01
4.678649296875000232e+02,-8.560360586141180761e+01
4.678652226562500118e+02,-8.423246006398882457e+01
4.678655156250000005e+02,-8.708232841634037413e+01
4.678658085937499891e+02,-1.027202441224724794e+02
4.678661015625000346e+02,-9.293716070690734909e+01
4.678663945312500232e+02,-9.803308849138829828e+01
4.678666875000000118e+02,-8.648511563101307331e+01
4.678669804687500005e+02,-8.514100076968145459e+01
4.678672734374999891e+02,-8.880578480836794597e+01
4.678675664062500346e+02,-9.249359433335627045e+01
4.678678593750000232e+02,-9.313401607811221083e+01
4.678681523437500118e+02,-8.879884660786204620e+01
4.678684453125000005e+02,-9.533466008860727925e+01
4.678687382812499891e+02,-1.015390505364380971e+02
4.678690312500000346e+02,-8.682715804401227899e+01
4.678693242187500232e+02,-8.393570502149997026e+01
4.678696171875000118e+02,-9.024445319878248029e+01
4.678699101562500005e+02,-9.063549666613377553e+01
4.678702031249999891e+02,-8.901584942847600246e+01
4.678704960937500346e+02,-8.492893053051884067e+01
4.678707890625000232e+02,-8.986726518157409771e+01
4.678710820312500118e+02,-9.200551767423510796e+01
4.678713750000000005e+02,-8.374665764387867739e+01
4.678716679687499891e+02,-8.429451143822723225e+01
4.678719609375000346e+02,-8.656814860338704420e+01
4.678722539062500232e+02,-8.828137392172871500e+01
4.678725468750000118e+02,-8.477006539633566717e+01
4.678728398437500005e+02,-8.822305440775292595e+01
4.678731328124999891e+02,-9.371450319263901463e+01
4.678734257812500346e+02,-8.775759344318922217e+01
4.678737187500000232e+02,-9.158670216274715870e+01
4.678740117187500118e+02,-8.883113924015725615e+01
4.678743046875000005e+02,-8.366043460865894588e+01
4.678745976562499891e+02,-8.116899831221917339e+01
4.678748906250000346e+02,-8.063468468483100082e+01
4.678751835937500232e+02,-8.437287031700140005e+01
4.678754765625000118e+02,-8.182106403575130571e+01
4.678757695312500005e+02,-8.636643590661921621e+01
4.678760624999999891e+02,-8.904232698907378563e+01
4.678763554687500346e+02,-8.855521480358586928e+01
4.678766484375000232e+02,-8.567895922173180168e+01
4.678769414062500118e+02,-8.823418230948621499e+01
4.678772343750000005e+02,-8.733723863306757096e+01
4.678775273437499891e+02,-9.139344737944941244e+01
4.678778203125000346e+02,-8.375204955219773240e+01
4.678781132812500232e+02,-8.045855559284413516e+01
4.678784062500000118e+02,-8.034389787880894573e+01
4.678786992187500005e+02,-8.793885321391206844e+01
4.678789921874999891e+02,-8.427638822449836198e+01
4.678792851562500346e+02,-8.815784115278194122e+01
4.678795781250000232e+02,-8.535235873006095630e+01
4.678798710937500118e+02,-8.009406468890645669e+01
4.678801640625000005e+02,-8.306045719346764145e+01
4.678804570312499891e+02,-8.973685579141957191e+01
4.678807500000000346e+02,-9.194252603033555715e+01
4.678810429687500232e+02,-8.364086504144395917e+01
4.678813359375000118e+02,-8.449534776816830117e+01
4.678816289062500005e+02,-8.645862466888229392e+01
4.678819218749999891e+02,-8.265913187378841087e+01
4.678822148437500346e+02,-9.205797079024847562e+01
4.678825078125000232e+02,-8.972676052173299865e+01
4.678828007812500118e+02,-7.997175622476754597e+01
4.678830937500000005e+02,-8.358156423360691178e+01
4.678833867187499891e+02,-8.971622768359834765e+01
4.678836796875000346e+02,-8.769156298639563829e+01
4.678839726562500232e+02,-8.440605230131072290e+01
4.678842656250000118e+02,-8.786607644704568543e+01
4.678845585937500005e+02,-9.066388592846577410e+01
4.678848515624999891e+02,-8.230651693317318518e+01
4.678851445312500346e+02,-8.240311079519773330e+01
4.678854375000000232e+02,-9.281067003061073706e+01
4.678857304687500118e+02,-8.336902113110495804e+01
4.678860234375000005e+02,-8.806946388957662464e+01
4.678863164062499891e+02,-8.683838729954817381e+01
4.678866093750000346e+02,-8.536456211878599731e+01
4.678869023437500232e+02,-9.257158053493623129e+01
4.678871953125000118e+02,-8.563493857493958217e+01
4.678874882812500005e+02,-8.796860009610624331e+01
4.678877812499999891e+02,-1.035097986246585720e+02
4.678880742187500346e+02,-8.682880676932909125e+01
4.678883671875000232e+02,-9.079843265208481284e+01
4.678886601562500118e+02,-8.828852168397618527e+01
4.678889531250000005e+02,-8.396775401985814824e+01
4.678892460937499891e+02,-8.607646404917396410e+01
4.678895390625000346e+02,-8.400246149598686429e+01
4.678898320312500232e+02,-8.754709459986383990e+01
4.678901250000000118e+02,-9.679383303916331727e+01
4.678904179687500005e+02,-8.612648025884953995e+01
4.678907109374999891e+02,-8.578355249586002174e+01
4.678910039062500346e+02,-8.672119396214974074e+01
4.678912968750000232e+02,-8.410431095727545880e+01
4.678915898437500118e+02,-9.458930733337362540e+01
4.678918828125000005e+02,-8.679572014385074397e+01
4.678921757812499891e+02,-8.225188085685962847e+01
4.678924687500000346e+02,-7.600614305936525739e+01
4.678927617187500232e+02,-8.016192060103621486e+01
4.678930546875000118e+02,-8.812887285954394656e+01
4.678933476562500005e+02,-9.147751962342071863e+01
4.678936406249999891e+02,-8.440173835782937317e+01
4.678939335937500346e+02,-8.862053131614787560e+01
4.678942265625000232e+02,-9.290657674167100311e+01
4.678945195312500118e+02,-9.066610470438432401e+01
4.678948125000000005e+02,-8.424785283360806432e+01
4.678951054687499891e+02,-8.250641092008608268e+01
4.678953984375000346e+02,-9.218378327276997197e+01
4.678956914062500232e+02,-9.033482981659857103e+01
4.678959843750000118e+02,-7.705983506157247120e+01
4.678962773437500005e+02,-8.143154079495651843e+01
4.678965703124999891e+02,-8.922578914735402122e+01
4.678968632812500346e+02,-9.066995904554457297e+01
4.678971562500000232e+02,-9.049174594206044731e+01
4.678974492187500118e+02,-9.201860314469027458e+01
4.678977421875000005e+02,-9.217265132685369622e+01
4.678980351562499891e+02,-8.633436758868752747e+01
4.678983281250000346e+02,-8.650327442189998806e+01
4.678986210937500232e+02,-8.892186867872487710e+01
4.678989140625000118e+02,-8.514914634078748179e+01
4.678992070312500005e+02,-8.771419301023742321e+01
4.678994999999999891e+02,-9.933778072858281405e+01
4.678997929687500346e+02,-7.917789742052259783e+01
4.679000859375000232e+02,-8.120861362088982105e+01
4.679003789062500118e+02,-9.986904304499023510e+01
4.679006718750000005e+02,-9.755552927013475539e+01
4.679009648437499891e+02,-8.883274546610194022e+01
4.679012578125000346e+02,-8.592944181192464725e+01
4.679015507812500232e+02,-9.655836945421751238e+01
4.679018437500000118e+02,-8.766688614056407403e+01
4.679021367187500005e+02,-8.576877100105372165e+01
4.679024296874999891e+02,-9.022910685512179896e+01
4.679027226562500346e+02,-8.394071394042605050e+01
4.679030156250000232e+02,-8.398457798550512621e+01
4.679033085937500118e+02,-8.241301625498658723e+01
4.679036015625000005e+02,-9.295945530850865168e+01
4.679038945312499891e+02,-9.311786150298296150e+01
4.679041875000000346e+02,-9.536567209215006358e+01
4.679044804687500232e+02,-9.515158481574368921e+01
4.679047734375000118e+02,-8.700327496895731372e+01
4.679050664062500005e+02,-9.540270574024557959e+01
4.679053593749999891e+02,-9.488137622703938234e+01
4.679056523437500346e+02,-8.614693148630324515e+01
4.679059453125000232e+02,-8.551682454053522520e+01
4.679062382812500118e+02,-8.701537157500445119e+01
4.679065312500000005e+02,-8.336203319072852480e+01
4.679068242187499891e+02,-8.149434827432413897e+01
4.679071171875000346e+02,-8.431561865229906516e+01
4.679074101562500232e+02,-8.313010023354038935e+01
4.679077031250000118e+02,-9.958410593087174334e+01
4.679079960937500005e+02,-9.423742484700086663e+01
4.679082890624999891e+02,-9.233569061630149122e+01
4.679085820312500346e+02,-9.005104381727161922e+01
4.679088750000000232e+02,-9.582055666369969060e+01
4.679091679687500118e+02,-8.620550227661692588e+01
4.679094609375000005e+02,-8.085394443068801706e+01
4.679097539062499891e+02,-8.149290631396365825e+01
4.679100468750000346e+02,-8.376755278840848007e+01
4.679103398437500232e+02,-8.463124808721940440e+01
4.679106328125000118e+02,-9.939550168813228481e+01
4.679109257812500005e+02,-9.838114218626309082e+01
4.679112187499999891e+02,-9.231449803729242376e+01
4.679115117187500346e+02,-8.887047987423834172e+01
4.679118046875000232e+02,-8.447160773565434511e+01
4.679120976562500118e+02,-8.485540691772007449e+01
4.679123906250000005e+02,-8.848271476310986827e+01
4.679126835937499891e+02,-8.613670351208946840e+01
4.679129765625000346e+02,-8.414626601392555472e+01
4.679132695312500232e+02,-8.997744218665343396e+01
4.679135625000000118e+02,-9.021617632041626678e+01
4.679138554687500005e+02,-8.863148376456817346e+01
4.679141484374999891e+02,-9.778254342674399879e+01
4.679144414062500346e+02,-8.652979293515599579e+01
4.679147343750000232e+02,-8.781504973146802229e+01
4.679150273437500118e+02,-9.291724719035572377e+01
4.679153203125000005e+02,-8.757954882872280677e+01
4.679156132812499891e+02,-8.768927936798431233e+01
4.679159062500000346e+02,-1.097175873720520372e+02
4.679161992187500232e+02,-8.828761303656304449e+01
4.679164921875000118e+02,-8.498841864889485009e+01
4.679167851562500005e+02,-8.228537827641454783e+01
4.679170781249999891e+02,-8.194195760781936144e+01
4.679173710937500346e+02,-8.479376706420725895e+01
4.679176640625000232e+02,-8.622860545671974819e+01
4.679179570312500118e+02,-9.667116047662409528e+01
4.679182500000000005e+02,-8.835957462490283376e+01
4.679185429687499891e+02,-9.529025870168639756e+01
4.679188359375000346e+02,-9.263331612784836011e+01
4.679191289062500232e+02,-9.003939907380292595e+01
4.679194218750000118e+02,-9.644317424130267113e+01
4.679197148437500005e+02,-8.526681880300785110e+01
4.679200078124999891e+02,-8.709325695345708596e+01
4.679203007812500346e+02,-1.114347287032802853e+02
4.679205937500000232e+02,-9.270525587409026969e+01
4.679208867187500118e+02,-9.719093922370531402e+01
4.679211796875000005e+02,-8.835705770471052745e+01
4.679214726562499891e+02,-8.228986606179510943e+01
4.679217656250000346e+02,-8.174556419311899447e+01
4.679220585937500232e+02,-8.705289046885029336e+01
4.679223515625000118e+02,-9.810406944422419429e+01
4.679226445312500005e+02,-1.042289802683112896e+02
4.679229374999999891e+02,-9.392325751499500086e+01
4.679232304687500346e+02,-9.012260431589568555e+01
4.679235234375000232e+02,-8.901399169766466457e+01
4.679238164062500118e+02,-8.315725740207071226e+01
4.679241093750000005e+02,-8.728188364757772888e+01
4.679244023437499891e+02,-8.195913867108967565e+01
4.679246953125000346e+02,-8.269102668491976260e+01
4.679249882812500232e+02,-8.326599493047518763e+01
4.679252812500000118e+02,-8.784838388580652691e+01
4.679255742187500005e+02,-8.888593312172520200e+01
4.679258671874999891e+02,-8.591653581673709539e+01
4.679261601562500346e+02,-8.837877683066713530e+01
4.679264531250000232e+02,-8.635266576909826597e+01
4.679267460937500118e+02,-8.921280422708468905e+01
4.679270390625000005e+02,-9.653111511840887715e+01
4.679273320312499891e+02,-9.336879201790551974e+01
4.679276250000000346e+02,-8.868186118939745199e+01
4.679279179687500232e+02,-8.414526009997774736e+01
4.679282109375000118e+02,-8.453569272639951748e+01
4.679285039062500005e+02,-8.494007615662422950e+01
4.679287968749999891e+02,-9.573336704571406131e+01
4.679290898437500346e+02,-9.059743576514689778e+01
4.679293828125000232e+02,-9.550849784447045465e+01
4.679296757812500118e+02,-1.017193548547365509e+02
4.679299687500000005e+02,-1.124446956385749274e+02
4.679302617187499891e+02,-8.472128411011445337e+01
4.679305546875000346e+02,-8.545152507434630706e+01
4.679308476562500232e+02,-9.908125322470601759e+01
4.679311406250000118e+02,-8.954572950323586156e+01
4.679314335937500005e+02,-8.641461613699385680e+01
4.679317265624999891e+02,-8.526084154316721708e+01
4.679320195312500346e+02,-9.012391161463253297e+01
4.679323125000000232e+02,-9.369386308750414116e+01
4.679326054687500118e+02,-8.855239193655522456e+01
4.679328984375000005e+02,-8.282991301713369126e+01
4.679331914062499891e+02,-8.537065833309070229e+01
4.679334843750000346e+02,-8.532345968957464777e+01
4.679337773437500232e+02,-8.471605487474201368e+01
4.679340703125000118e+02,-9.916542458557961481e+01
4.679343632812500005e+02,-9.099385712808869187e+01
4.679346562499999891e+02,-8.474270446241726518e+01
4.679349492187500346e+02,-8.410180302331954749e+01
4.679352421875000232e+02,-8.406098706490459449e+01
4.679355351562500118e+02,-8.668732222094148199e+01
4.679358281250000005e+02,-8.559596748549508050e+01
4.679361210937499891e+02,-8.323006052152126699e+01
4.679364140625000346e+02,-8.397600521570923604e+01
4.679367070312500232e+02,-8.539308188545150813e+01
4.679370000000000118e+02,-8.765604072863267504e+01
4.679372929687500005e+02,-9.029121941011518970e+01
4.679375859374999891e+02,-9.249256432893589874e+01
4.679378789062500346e+02,-9.029613440114827938e+01
4.679381718750000232e+02,-8.977499021131946222e+01
4.679384648437500118e+02,-8.733019059010663909e+01
4.679387578125000005e+02,-8.204879802476531836e+01
4.679390507812499891e+02,-8.351493077553668343e+01
4.679393437500000346e+02,-8.678144399293157107e+01
4.679396367187500232e+02,-8.965365285071510471e+01
4.679399296875000118e+02,-8.524063103569589828e+01
4.679402226562500005e+02,-8.214237754815184189e+01
4.679405156249999891e+02,-7.958548923046761558e+01
4.679408085937500346e+02,-8.389736294072787359e+01
4.679411015625000232e+02,-8.726044920085151091e+01
4.679413945312500118e+02,-8.265093548407219259e+01
4.679416875000000005e+02,-8.952464590083366147e+01
4.679419804687499891e+02,-8.582657366412769306e+01
4.679422734375000346e+02,-8.522174218281494973e+01
4.679425664062500232e+02,-8.279915479868300565e+01
4.679428593750000118e+02,-8.345708790839999835e+01
4.679431523437500005e+02,-8.709839694235476770e+01
4.679434453124999891e+02,-8.676923532298368968e+01
4.679437382812500346e+02,-8.346557313582424342e+01
4.679440312500000232e+02,-8.360290015806796760e+01
4.679443242187500118e+02,-8.671127734434108447e+01
4.679446171875000005e+02,-8.406458027729414084e+01
4.679449101562499891e+02,-9.280049159361283273e+01
4.679452031250000346e+02,-8.991690176374417831e+01
4.679454960937500232e+02,-8.591729714553325437e+01
4.679457890625000118e+02,-8.836822577152079816e+01
4.679460820312500005e+02,-8.927036230899220470e+01
4.679463749999999891e+02,-9.105594820092953512e+01
4.679466679687500346e+02,-1.066454198326692620e+02
4.679469609375000232e+02,-1.057961341534182225e+02
4.679472539062500118e+02,-9.162351813973583603e+01
4.679475468750000005e+02,-8.934277503513206398e+01
4.679478398437499891e+02,-8.475201348959612346e+01
4.679481328125000346e+02,-8.188608349121761876e+01
4.679484257812500232e+02,-8.561356175938614399e+01
4.679487187500000118e+02,-8.353653435315685272e+01
4.679490117187500005e+02,-8.457641722989897914e+01
4.679493046874999891e+02,-9.275672691233090461e+01
4.679495976562500346e+02,-8.680499911675801172e+01
4.679498906250000232e+02,-9.692845873343753738e+01
4.679501835937500118e+02,-8.729545830957574992e+01
4.679504765625000005e+02,-9.301070694193386146e+01
4.679507695312499891e+02,-9.870013605346507291e+01
4.679510625000000346e+02,-9.223694587772337172e+01
4.679513554687500232e+02,-9.161413435257328786e+01
4.679516484375000118e+02,-8.998609093442919971e+01
4.679519414062500005e+02,-1.017871590498817937e+02
4.679522343749999891e+02,-9.155741955455147263e+01
4.679525273437500346e+02,-9.010165775759169549e+01
4.679528203125000232e+02,-9.104947085885879687e+01
4.679531132812500118e+02,-9.346631952994870574e+01
4.679534062500000005e+02,-8.688823539424417675e+01
4.679536992187499891e+02,-8.533842824371217262e+01
4.679539921875000346e+02,-8.975379363133183119e+01
4.679542851562500232e+02,-8.491160022605482993e+01
4.679545781250000118e+02,-7.965788268651353121e+01
4.679548710937500005e+02,-7.923623700246331225e+01
4.679551640624999891e+02,-8.429113818157956928e+01
4.679554570312500346e+02,-9.316126787038109569e+01
4.679557500000000232e+02,-8.771035813458892960e+01
4.679560429687500118e+02,-8.725993361353850730e+01
4.679563359375000005e+02,-8.364287936081336738e+01
4.679566289062499891e+02,-8.911336403306252407e+01
4.679569218750000346e+02,-8.499607241343235842e+01
4.679572148437500232e+02,-9.058862575465839484e+01
4.679575078125000118e+02,-8.678885567320264727e+01
4.679578007812500005e+02,-8.517609377673053928e+01
4.679580937499999891e+02,-8.271149953401652510e+01
4.679583867187500346e+02,-8.019945876091769321e+01
4.679586796875000232e+02,-8.686350195687163023e+01
4.679589726562500118e+02,-9.147052586718780276e+01
4.679592656250000005e+02,-9.555847721829056240e+01
4.679595585937499891e+02,-8.956556287755748258e+01
4.679598515625000346e+02,-8.936157586015812626e+01
4.679601445312500232e+02,-9.126047802160442757e+01
4.679604375000000118e+02,-8.634041979439614067e+01
4.679607304687500005e+02,-9.327222560490589842e+01
4.679610234374999891e+02,-9.377705622149194653e+01
4.679613164062500346e+02,-1.001898395668106758e+02
4.679616093750000232e+02,-9.400397945132347388e+01
4.679619023437500118e+02,-8.388481628518589162e+01
4.679621953125000005e+02,-7.883399076829600460e+01
4.679624882812499891e+02,-8.762944456399304727e+01
4.679627812500000346e+02,-9.660149229863853293e+01
4.679630742187500232e+02,-9.683583186961330114e+01
4.679633671875000118e+02,-9.571311275500947602e+01
4.679636601562500005e+02,-9.020564464279343042e+01
4.679639531249999891e+02,-8.743891391916461941e+01
4.679642460937500346e+02,-8.772136361087689238e+01
4.679645390625000232e+02,-8.469386493996674403e+01
4.679648320312500118e+02,-7.967995749426751217e+01
4.679651250000000005e+02,-7.988751174300647051e+01
4.679654179687499891e+02,-8.324215942048247996e+01
4.679657109375000346e+02,-8.577543085587703331e+01
4.679660039062500232e+02,-8.554279958084934776e+01
4.679662968750000118e+02,-8.907675439466260059e+01
4.679665898437500005e+02,-8.405486998048438352e+01
4.679668828124999891e+02,-7.994420955277706753e+01
4.679671757812500346e+02,-8.541932185253341459e+01
4.679674687500000232e+02,-8.912345891560386235e+01
4.679677617187500118e+02,-9.474076062747090532e+01
4.679680546875000005e+02,-9.133197997656284883e+01
4.679683476562499891e+02,-8.664115378473454143e+01
4.679686406250000346e+02,-9.146648395662154485e+01
4.679689335937500232e+02,-8.112482116023470269e+01
4.679692265625000118e+02,-8.409674478056750502e+01
4.679695195312500005e+02,-8.539281118241842705e+01
4.679698124999999891e+02,-8.664595109312966770e+01
4.679701054687500346e+02,-9.032780521488842851e+01
4.679703984375000232e+02,-8.554074460957090764e+01
4.679706914062500118e+02,-8.731155863489601643e+01
4.679709843750000005e+02,-8.462380617357334245e+01
4.679712773437499891e+02,-8.480411223592997771e+01
4.679715703125000346e+02,-8.495664055641996981e+01
4.679718632812500232e+02,-8.161110815547343122e+01
4.679721562500000118e+02,-8.538160783241353613e+01
4.679724492187500005e+02,-8.307963447427218284e+01
4.679727421874999891e+02,-8.741590332445838385e+01
4.679730351562500346e+02,-9.019407273730789143e+01
4.679733281250000232e+02,-9.332851777206494148e+01
4.679736210937500118e+02,-9.065596221546471156e+01
4.679739140625000005e+02,-9.146501278484676334e+01
4.679742070312499891e+02,-8.348428495230433555e+01
4.679745000000000346e+02,-8.494333650474176522e+01
4.679747929687500232e+02,-8.647588257203008766e+01
4.679750859375000118e+02,-8.697312298543971565e+01
4.679753789062500005e+02,-8.607403358860273102e+01
4.679756718749999891e+02,-8.160812311876725289e+01
4.679759648437500346e+02,-8.041703805512285896e+01
4.679762578125000232e+02,-8.287751674799585544e+01
4.679765507812500118e+02,-8.979118240122173233e+01
4.679768437500000005e+02,-9.331699521780301154e+01
4.679771367187499891e+02,-9.816085479892984722e+01
4.679774296875000346e+02,-8.578673191649357932e+01
4.679777226562500232e+02,-8.640532243711720639e+01
4.679780156250000118e+02,-9.192679567702444388e+01
4.679783085937500005e+02,-1.002173127416108116e+02
4.679786015624999891e+02,-8.963670715528732558e+01
4.679788945312500346e+02,-9.223725449270423837e+01
4.679791875000000232e+02,-8.911442809829382838e+01
4.679794804687500118e+02,-1.047939881787565497e+02
4.679797734375000005e+02,-8.787653906654838920e+01
4.679800664062499891e+02,-8.881871892858386275e+01
4.679803593750000346e+02,-8.902078415319324733e+01
4.679806523437500232e+02,-8.687255671422333592e+01
4.679809453125000118e+02,-9.127453144942180074e+01
4.679812382812500005e+02,-1.072112599648102815e+02
4.679815312499999891e+02,-9.237417300704420597e+01
4.679818242187500346e+02,-9.334735476081468164e+01
4.679821171875000232e+02,-9.106686300571878689e+01
4.679824101562500118e+02,-9.216014835848689302e+01
4.679827031250000005e+02,-8.950855726026529169e+01
4.679829960937499891e+02,-8.846873962366375110e+01
4.679832890625000346e+02,-9.507261855229893399e+01
4.679835820312500232e+02,-9.238978211559739862e+01
4.679838750000000118e+02,-8.345341965335101975e+01
4.679841679687500005e+02,-8.422303964108779439e+01
4.679844609374999891e+02,-8.957752599505938917e+01
4.679847539062500346e+02,-9.294391035201149975e+01
4.679850468750000232e+02,-8.579479569857879540e+01
4.679853398437500118e+02,-8.343312208914963435e+01
4.679856328125000005e+02,-8.545889748478786885e+01
4.679859257812499891e+02,-8.755630253233726989e+01
4.679862187500000346e+02,-9.224829431035493599e+01
4.679865117187500232e+02,-9.881547972873720198e+01
4.679868046875000118e+02,-9.262256591977273956e+01
4.679870976562500005e+02,-8.844845884684083615e+01
4.679873906249999891e+02,-8.341099307578488720e+01
4.679876835937500346e+02,-8.565808053514621179e+01
4.679879765625000232e+02,-1.029314858823798886e+02
4.679882695312500118e+02,-8.725624798617820943e+01
4.679885625000000005e+02,-8.532786339996455638e+01
4.679888554687499891e+02,-9.958863907625985235e+01
4.679891484375000346e+02,-9.151772288345935635e+01
4.679894414062500232e+02,-9.715431640533110169e+01
4.679897343750000118e+02,-8.914890564086451263e+01
4.679900273437500005e+02,-8.423609825575114485e+01
4.679903203124999891e+02,-8.457690065744124297e+01
4.679906132812500346e+02,-9.223389033335058684e+01
4.679909062500000232e+02,-9.119010147437677460e+01
4.679911992187500118e+02,-1.027794808464400660e+02
4.679914921875000005e+02,-9.467155807197798367e+01
4.679917851562499891e+02,-9.706590037953105821e+01
4.679920781250000346e+02,-9.574079732881338600e+01
4.679923710937500232e+02,-8.593746969255116142e+01
4.679926640625000118e+02,-8.645545418093270484e+01
4.679929570312500005e+02,-8.687536249063585103e+01
4.679932499999999891e+02,-8.719735619995222464e+01
4.679935429687500346e+02,-9.035158273495285641e+01
4.679938359375000232e+02,-9.212028088742160037e+01
4.679941289062500118e+02,-9.778365633303324955e+01
4.679944218750000005e+02,-1.068899817271165205e+02
4.679947148437499891e+02,-9.336352300381847158e+01
4.679950078125000346e+02,-9.668602099715613463e+01
4.679953007812500232e+02,-8.876171219437006243e+01
4.679955937500000118e+02,-1.003662698297810891e+02
4.679958867187500005e+02,-9.319811667319103776e+01
4.679961796874999891e+02,-8.982858567155236074e+01
4.679964726562500346e+02,-9.297025246671128684e+01
4.679967656250000232e+02,-1.004469360740013713e+02
4.679970585937500118e+02,-9.080648486621939242e+01
4.679973515625000005e+02,-9.355595881040343897e+01
4.679976445312499891e+02,-1.009518394258299452e+02
4.679979375000000346e+02,-8.683148873899230580e+01
4.679982304687500232e+02,-8.481947412559264876e+01
4.679985234375000118e+02,-8.702899591024538495e+01
4.679988164062500005e+02,-8.274397955047435005e+01
4.679991093749999891e+02,-8.354948847473373519e+01
4.679994023437500346e+02,-8.292210542772023985e+01
4.679996953125000232e+02,-9.190753484816423224e+01
4.679999882812500118e+02,-9.182462166626051214e+01
4.680002812500000005e+02,-1.025919771463379107e+02
4.680005742187499891e+02,-8.567615967055486692e+01
4.680008671875000346e+02,-8.600765355306705828e+01
4.680011601562500232e+02,-8.514544676443014737e+01
4.680014531250000118e+02,-8.193635414974282583e+01
4.680017460937500005e+02,-8.954594587052604027e+01
4.680020390624999891e+02,-8.502424589587307935e+01
4.680023320312500346e+02,-8.352852304783425552e+01
4.680026250000000232e+02,-8.996220344498553345e+01
4.680029179687500118e+02,-8.664681326908264225e+01
4.680032109375000005e+02,-9.241285545061381868e+01
4.680035039062499891e+02,-8.919002313254878800e+01
4.680037968750000346e+02,-8.751302908981924134e+01
4.680040898437500232e+02,-9.241910530263693602e+01
4.680043828125000118e+02,-8.477458438680187669e+01
4.680046757812500005e+02,-8.549924822276629754e+01
4.680049687499999891e+02,-8.946001917409395787e+01
4.680052617187500346e+02,-9.920488171812999667e+01
4.680055546875000232e+02,-9.617108334156324645e+01
4.680058476562500118e+02,-8.941018959823841783e+01
4.680061406250000005e+02,-8.843974126348855691e+01
4.680064335937499891e+02,-9.306383412483967277e+01
4.680067265625000346e+02,-8.629364750790426797e+01
4.680070195312500232e+02,-8.838553001602181780e+01
4.680073125000000118e+02,-9.144439443405224210e+01
4.680076054687500005e+02,-9.816023295747137922e+01
4.680078984374999891e+02,-9.933902959182887571e+01
4.680081914062500346e+02,-8.470015430077148721e+01
4.680084843750000232e+02,-8.313603744574737675e+01
4.680087773437500118e+02,-9.388446104556244620e+01
4.680090703125000005e+02,-9.076864247323698009e+01
4.680093632812499891e+02,-9.873735090163840766e+01
4.680096562500000346e+02,-9.692210791710780882e+01
4.680099492187500232e+02,-9.515718942835502503e+01
4.680102421875000118e+02,-9.101900891674375771e+01
4.680105351562500005e+02,-8.857503320032478200e+01
4.680108281249999891e+02,-9.799287861324545190e+01
4.680111210937500346e+02,-8.615038724140555360e+01
4.680114140625000232e+02,-9.002128488728210698e+01
4.680117070312500118e+02,-8.261765546900279844e+01
4.680120000000000005e+02,-8.762614141157203562e+01
4.680122929687499891e+02,-9.531559577395157135e+01
4.680125859375000346e+02,-9.187719166072396604e+01
4.680128789062500232e+02,-9.776529990675882686e+01
4.680131718750000118e+02,-9.113519920713784472e+01
4.680134648437500005e+02,-9.082316543423650046e+01
4.680137578124999891e+02,-9.299777949622037454e+01
4.680140507812500346e+02,-9.795581738003684791e+01
4.680143437500000232e+02,-9.825338779572317094e+01
4.680146367187500118e+02,-9.393598320559715376e+01
4.680149296875000005e+02,-9.370044242307004367e+01
4.680152226562499891e+02,-9.865655344988738307e+01
4.680155156250000346e+02,-9.009257353294374582e+01
4.680158085937500232e+02,-8.573824277777463010e+01
4.680161015625000118e+02,-8.685167112507558329e+01
4.680163945312500005e+02,-8.860989497761381983e+01
4.680166874999999891e+02,-8.678833117316025891e+01
4.680169804687500346e+02,-8.832910070296600225e+01
4.680172734375000232e+02,-9.747569992577228959e+01
4.680175664062500118e+02,-8.993375809415400113e+01
4.680178593750000005e+02,-8.636291248109301932e+01
4.680181523437499891e+02,-8.798555339617088578e+01
4.680184453125000346e+02,-9.031578817658740377e+01
4.680187382812500232e+02,-8.685662256468506826e+01
4.680190312500000118e+02,-8.830743456003719416e+01
4.680193242187500005e+02,-9.049638600807142552e+01
4.680196171874999891e+02,-1.049913749049959222e+02
4.680199101562500346e+02,-8.813389958530163426e+01
4.680202031250000232e+02,-8.823633909974580547e+01
4.680204960937500118e+02,-8.182078117241685788e+01
4.680207890625000005e+02,-8.755224243268516204e+01
4.680210820312499891e+02,-9.476776074661545124e+01
4.680213750000000346e+02,-8.605922265055554021e+01
4.680216679687500232e+02,-9.161716903309741156e+01
4.680219609375000118e+02,-8.813382957344958868e+01
4.680222539062500005e+02,-9.100889239509534434e+01
4.680225468749999891e+02,-8.914452223467858971e+01
4.680228398437500346e+02,-9.107295436948568579e+01
4.680231328125000232e+02,-9.016043784498623381e+01
4.680234257812500118e+02,-8.873560307181826090e+01
4.680237187500000005e+02,-9.233751971513433432e+01
4.680240117187499891e+02,-8.357482901397656860e+01
4.680243046875000346e+02,-7.861333832657629728e+01
4.680245976562500232e+02,-8.466067388481221201e+01
4.680248906250000118e+02,-9.271104760344378803e+01
4.680251835937500005e+02,-9.057858731657555040e+01
4.680254765624999891e+02,-8.551074450995302811e+01
4.680257695312500346e+02,-8.716799291210926981e+01
4.680260625000000232e+02,-9.204676057055496585e+01
4.680263554687500118e+02,-9.753708366386732109e+01
4.680266484375000005e+02,-9.346913750040882007e+01
4.680269414062499891e+02,-8.802881406835354028e+01
4.680272343750000346e+02,-8.540801761604265607e+01
4.680275273437500232e+02,-9.094702546237355989e+01
4.680278203125000118e+02,-9.195388845105603082e+01
4.680281132812500005e+02,-9.537252846686293140e+01
4.680284062499999891e+02,-9.290115869904067836e+01
4.680286992187500346e+02,-8.935527977429904922e+01
4.680289921875000232e+02,-8.844239490719017738e+01
4.680292851562500118e+02,-8.903586019832060572e+01
4.680295781250000005e+02,-8.615762336315870584e+01
4.680298710937499891e+02,-8.994148478175814887e+01
4.680301640625000346e+02,-9.411858775728552473e+01
4.680304570312500232e+02,-8.799821548137009586e+01
4.680307500000000118e+02,-8.920957504418710471e+01
4.680310429687500005e+02,-9.070355727119518008e+01
4.680313359374999891e+02,-8.809952072413940982e+01
4.680316289062500346e+02,-1.041590455533187622e+02
4.680319218750000232e+02,-9.096484685561163985e+01
4.680322148437500118e+02,-9.352654106641367093e+01
4.680325078125000005e+02,-8.979873180508532471e+01
4.680328007812499891e+02,-9.395533672722791607e+01
4.680330937500000346e+02,-9.259372589556761568e+01
4.680333867187500232e+02,-8.863172663596770917e+01
4.680336796875000118e+02,-9.070154398707478549e+01
4.680339726562500005e+02,-9.056931575435413606e+01
4.680342656249999891e+02,-8.630655106094125983e+01
4.680345585937500346e+02,-9.595664539799389559e+01
4.680348515625000232e+02,-9.560070826252527354e+01
4.680351445312500118e+02,-9.575285454782982697e+01
4.680354375000000005e+02,-8.833363433885843108e+01
4.680357304687499891e+02,-8.807441134107241965e+01
4.680360234375000346e+02,-8.560555605368182341e+01
4.680363164062500232e+02,-8.604265753938832972e+01
4.680366093750000118e+02,-9.834265523417565191e+01
4.680369023437500005e+02,-1.168955976080531798e+02
4.680371953124999891e+02,-9.848438496544159193e+01
4.680374882812500346e+02,-9.336443147472436976e+01
4.680377812500000232e+02,-8.856482149739787246e+01
4.680380742187500118e+02,-9.361349831113281539e+01
4.680383671875000005e+02,-1.016790023181564351e+02
4.680386601562499891e+02,-1.084089947978125537e+02
4.680389531250000346e+02,-8.841091095434956060e+01
4.680392460937500232e+02,-8.931263208281562527e+01
4.680395390625000118e+02,-9.361712323120791268e+01
4.680398320312500005e+02,-9.412225568764063155e+01
4.680401249999999891e+02,-9.522424527269804173e+01
4.680404179687500346e+02,-1.021037902179656953e+02
4.680407109375000232e+02,-9.611633467860548308e+01
4.680410039062500118e+02,-9.187572785448850254e+01
4.680412968750000005e+02,-9.232881315854254467e+01
4.680415898437499891e+02,-9.358879776397516537e+01
4.680418828125000346e+02,-9.676858327343217070e+01
4.680421757812500232e+02,-1.005430968116867803e+02
4.680424687500000118e+02,-9.360695722114255091e+01
4.680427617187500005e+02,-9.029449110392698685e+01
4.680430546874999891e+02,-9.472303553008572408e+01
4.680433476562500346e+02,-9.626268901526246680e+01
4.680436406250000232e+02,-9.308549939959274866e+01
4.680439335937500118e+02,-8.975382560517603281e+01
4.680442265625000005e+02,-9.222576100611982497e+01
4.680445195312499891e+02,-8.916896480849992201e+01
4.680448125000000346e+02,-8.696682157887694586e+01
4.680451054687500232e+02,-8.919165114786478910e+01
4.680453984375000118e+02,-9.389032349102484432e+01
4.680456914062500005e+02,-9.591943191871153829e+01
4.680459843749999891e+02,-9.614957989406390482e+01
4.680462773437500346e+02,-8.848587588035171336e+01
4.680465703125000232e+02,-8.854716404158767773e+01
4.680468632812500118e+02,-9.480177002904292749e+01
4.680471562500000005e+02,-1.005398840985286313e+02
4.680474492187499891e+02,-1.053992761128576348e+02
4.680477421875000346e+02,-9.014631037603449215e+01
4.680480351562500232e+02,-8.499325234747209379e+01
4.680483281250000118e+02,-9.160352063053528582e+01
4.680486210937500005e+02,-9.589433627164700624e+01
4.680489140624999891e+02,-8.973630062176627575e+01
4.680492070312500346e+02,-8.687431590574520612e+01
4.680495000000000232e+02,-9.510861078179635797e+01
4.680497929687500118e+02,-9.234829380385116337e+01
4.680500859375000005e+02,-9.374635326341257269e+01
4.680503789062499891e+02,-9.283269666057549330e+01
4.680506718750000346e+02,-8.892638249453054300e+01
4.680509648437500232e+02,-9.034055363698895746e+01
4.680512578125000118e+02,-8.500573372500058156e+01
4.680515507812500005e+02,-8.952847558553962415e+01
4.680518437499999891e+02,-9.728791724858180601e+01
4.680521367187500346e+02,-9.128778794924107842e+01
4.680524296875000232e+02,-8.659406720155553217e+01
4.680527226562500118e+02,-1.052034813926599810e+02
4.680530156250000005e+02,-9.096654194058446308e+01
4.680533085937499891e+02,-9.892146835020442097e+01
4.680536015625000346e+02,-8.897885331744204507e+01
4.680538945312500232e+02,-8.640488170083544617e+01
4.680541875000000118e+02,-8.719939684748607078e+01
4.680544804687500005e+02,-8.397275415595247239e+01
4.680547734374999891e+02,-8.503352045191624597e+01
4.680550664062500346e+02,-9.769371341487585880e+01
4.680553593750000232e+02,-9.907757704287915601e+01
4.680556523437500118e+02,-9.548388130913761529e+01
4.680559453125000005e+02,-9.057820067726677848e+01
4.680562382812499891e+02,-9.467930167904103200e+01
4.680565312500000346e+02,-9.623191728070602835e+01
4.680568242187500232e+02,-9.208594299331045363e+01
4.680571171875000118e+02,-9.083682700639734264e+01
4.680574101562500005e+02,-9.954166836967750953e+01
4.680577031249999891e+02,-9.510533961145267767e+01
4.680579960937500346e+02,-9.095080372838224037e+01
4.680582890625000232e+02,-9.262734882089405630e+01
4.680585820312500118e+02,-9.382936308039076323e+01
4.680588750000000005e+02,-1.050878837247946649e+02
4.680591679687499891e+02,-9.598243587420968481e+01
4.680594609375000346e+02,-9.385877522509714765e+01
4.680597539062500232e+02,-9.336192168526903856e+01
4.680600468750000118e+02,-9.778228825238285538e+01
4.680603398437500005e+02,-8.747971237553412038e+01
4.680606328124999891e+02,-8.843024158538808877e+01
4.680609257812500346e+02,-8.800129204574787423e+01
4.680612187500000232e+02,-9.027795183799248946e+01
4.680615117187500118e+02,-8.633138127252982486e+01
4.680618046875000005e+02,-8.757093249864369966e+01
4.680620976562499891e+02,-9.976425780892091666e+01
4.680623906250000346e+02,-1.079818427218398114e+02
4.680626835937500232e+02,-9.487821014453926693e+01
4.680629765625000118e+02,-1.062629871545368445e+02
4.680632695312500005e+02,-1.010299622390720344e+02
4.680635624999999891e+02,-8.896925952980133445e+01
4.680638554687500346e+02,-8.536008977581828105e+01
4.680641484375000232e+02,-1.006150389075766327e+02
4.680644414062500118e+02,-8.699066939602093385e+01
4.680647343750000005e+02,-9.098708853485867110e+01
4.680650273437499891e+02,-8.704243662459427355e+01
4.680653203125000346e+02,-1.010854044563643868e+02
4.680656132812500232e+02,-9.079569994550679723e+01
4.680659062500000118e+02,-9.251819683595257970e+01
4.680661992187500005e+02,-1.128137692573623241e+02
4.680664921874999891e+02,-9.076617834617698577e+01
4.680667851562500346e+02,-8.807446436629133757e+01
4.680670781250000232e+02,-9.036238087134498187e+01
4.680673710937500118e+02,-9.907262400106780831e+01
4.680676640625000005e+02,-9.267388576495299901e+01
4.680679570312499891e+02,-9.012980496521007012e+01
4.680682500000000346e+02,-8.893458263371223893e+01
4.680685429687500232e+02,-8.576850241452552837e+01
4.680688359375000118e+02,-9.513005543693439847e+01
4.680691289062500005e+02,-1.000885660074496428e+02
4.680694218749999891e+02,-8.981233176689185882e+01
4.680697148437500346e+02,-8.658428380852932094e+01
4.680700078125000232e+02,-9.377776028631865302e+01
4.680703007812500118e+02,-8.929800982117241404e+01
4.680705937500000005e+02,-8.456827278727692487e+01
4.680708867187499891e+02,-8.950685754812261052e+01
4.680711796875000346e+02,-8.935869512957425798e+01
4.680714726562500232e+02,-8.815825132532226860e+01
4.680717656250000118e+02,-9.777509017971456728e+01
4.680720585937500005e+02,-1.009472752901952219e+02
4.680723515624999891e+02,-8.822933255183838241e+01
4.680726445312500346e+02,-9.664712790759031691e+01
4.680729375000000232e+02,-1.063288615896204874e+02
4.680732304687500118e+02,-1.082172322909033113e+02
4.680735234375000005e+02,-9.639831008219738351e+01
4.680738164062499891e+02,-8.622887110015150824e+01
4.680741093750000346e+02,-8.267847966025955486e+01
4.680744023437500232e+02,-8.859889080952564200e+01
4.680746953125000118e+02,-9.387453463333342540e+01
4.680749882812500005e+02,-9.361019271780446616e+01
4.680752812499999891e+02,-8.970848307986625514e+01
4.680755742187500346e+02,-9.816908978177751521e+01
4.680758671875000232e+02,-8.798027161717831746e+01
4.680761601562500118e+02,-9.020913079430052051e+01
4.680764531250000005e+02,-8.875486194204982837e+01
4.680767460937499891e+02,-9.020263042795171771e+01
4.680770390625000346e+02,-1.028426371564608814e+02
4.680773320312500232e+02,-9.562130468573838016e+01
4.680776250000000118e+02,-9.149557845426629399e+01
4.680779179687500005e+02,-8.824888689086216687e+01
4.680782109374999891e+02,-8.525207871993289643e+01
4.680785039062500346e+02,-9.063053328655703922e+01
4.680787968750000232e+02,-8.735281978913597811e+01
4.680790898437500118e+02,-8.506093575227296810e+01
4.680793828125000005e+02,-9.597429791723250503e+01
4.680796757812499891e+02,-9.557289146062289831e+01
4.680799687500000346e+02,-9.390277298932817018e+01
4.680802617187500232e+02,-9.665135427188360495e+01
4.680805546875000118e+02,-9.253991660810206099e+01
4.680808476562500005e+02,-8.806565933847895167e+01
4.680811406249999891e+02,-1.007542492910550322e+02
4.680814335937500346e+02,-9.080497070562037720e+01
4.680817265625000232e+02,-8.936162079357174548e+01
4.680820195312500118e+02,-9.419970732490764931e+01
4.680823125000000005e+02,-1.008631885452475672e+02
4.680826054687499891e+02,-8.483136591883794608e+01
4.680828984375000346e+02,-8.574662901326662734e+01
4.680831914062500232e+02,-9.293560525729938604e+01
4.680834843750000118e+02,-9.240003271480922820e+01
4.680837773437500005e+02,-8.918921820360110075e+01
4.680840703124999891e+02,-8.836091891000737064e+01
4.680843632812500346e+02,-8.743946958542024106e+01
4.680846562500000232e+02,-9.491850931791196899e+01
4.680849492187500118e+02,-9.182193819682231606e+01
4.680852421875000005e+02,-9.083287068949965715e+01
4.680855351562499891e+02,-9.215053570223045654e+01
4.680858281250000346e+02,-9.072515168663403529e+01
4.680861210937500232e+02,-9.216197368250631428e+01
4.680864140625000118e+02,-7.760529238226156679e+01
4.680867070312500005e+02,-7.818627468966431593e+01
4.680869999999999891e+02,-8.848705122556692970e+01
4.680872929687500346e+02,-8.989705023251480043e+01
4.680875859375000232e+02,-8.522903296134515472e+01
4.680878789062500118e+02,-8.517462601949098655e+01
4.680881718750000005e+02,-1.110061119570619894e+02
4.680884648437499891e+02,-9.371430506359723722e+01
4.680887578125000346e+02,-9.823101177092192415e+01
4.680890507812500232e+02,-9.138343651160963077e+01
4.680893437500000118e+02,-9.228716486558718657e+01
4.680896367187500005e+02,-8.750035962258428412e+01
4.680899296874999891e+02,-8.940936052009698187e+01
4.680902226562500346e+02,-9.015480822966978280e+01
4.680905156250000232e+02,-9.584855779899199035e+01
4.680908085937500118e+02,-9.510726224699133979e+01
4.680911015625000005e+02,-1.094824984409229103e+02
4.680913945312499891e+02,-9.802536614720052910e+01
4.680916875000000346e+02,-8.967978362703553330e+01
4.680919804687500232e+02,-9.244800787959947286e+01
4.680922734375000118e+02,-9.526741539712872964e+01
4.680925664062500005e+02,-9.497863458480122745e+01
4.680928593749999891e+02,-8.702297925763006958e+01
4.680931523437500346e+02,-9.057836205835641863e+01
4.680934453125000232e+02,-8.706103493945829541e+01
4.680937382812500118e+02,-9.051969494163748209e+01
4.680940312500000005e+02,-8.807696086592331142e+01
4.680943242187499891e+02,-9.059120605284678618e+01
4.680946171875000346e+02,-9.741768088023731309e+01
4.680949101562500232e+02,-9.588538440460781942e+01
4.680952031250000118e+02,-9.318124774582285852e+01
4.680954960937500005e+02,-8.866951436776113837e+01
4.680957890624999891e+02,-9.013151823075637026e+01
4.680960820312500346e+02,-8.688638959010346241e+01
4.680963750000000232e+02,-8.829961905895638097e+01
4.680966679687500118e+02,-9.484459995097324736e+01
4.680969609375000005e+02,-9.924033828239792854e+01
4.680972539062499891e+02,-9.824683107302612939e+01
4.680975468750000346e+02,-1.017640193038975127e+02
4.680978398437500232e+02,-9.124967042098089109e+01
4.680981328125000118e+02,-9.165092615235722917e+01
4.680984257812500005e+02,-1.104202776646987729e+02
4.680987187499999891e+02,-9.107343206767573918e+01
4.680990117187500346e+02,-8.587725989930048343e+01
4.680993046875000232e+02,-8.378610784234186326e+01
4.680995976562500118e+02,-8.767137684220827509e+01
4.680998906250000005e+02,-8.636242320748903012e+01
4.681001835937499891e+02,-8.626797239271807882e+01
4.681004765625000346e+02,-8.874496367466960578e+01
4.681007695312500232e+02,-9.035229266481239563e+01
4.681010625000000118e+02,-9.339278338020470471e+01
4.681013554687500005e+02,-9.250229853742806085e+01
4.681016484374999891e+02,-9.605119872809206072e+01
4.681019414062500346e+02,-1.027045353674151045e+02
4.681022343750000232e+02,-1.020615948405057196e+02
4.681025273437500118e+02,-9.998029812387673587e+01
4.681028203125000005e+02,-1.032946524051921813e+02
4.681031132812499891e+02,-9.026379811620648752e+01
4.681034062500000346e+02,-8.716476512090204665e+01
4.681036992187500232e+02,-8.716917457902910371e+01
4.681039921875000118e+02,-8.729325934548913324e+01
4.681042851562500005e+02,-9.279745399730461486e+01
4.681045781249999891e+02,-1.101354340962162155e+02
4.681048710937500346e+02,-9.221521927928017703e+01
4.681051640625000232e+02,-8.688494691885445320e+01
4.681054570312500118e+02,-9.317059387523042346e+01
4.681057500000000005e+02,-9.486623249212078690e+01
4.681060429687499891e+02,-8.869409023752403698e+01
4.681063359375000346e+02,-1.036800582742983892e+02
4.681066289062500232e+02,-8.813604302098161725e+01
4.681069218750000118e+02,-9.874442214482648694e+01
4.681072148437500005e+02,-1.012590873876067832e+02
4.681075078124999891e+02,-9.915619859910428602e+01
4.681078007812500346e+02,-9.587153515226590628e+01
4.681080937500000232e+02,-9.990666388477353621e+01
4.681083867187500118e+02,-8.914305643052495043e+01
4.681086796875000005e+02,-8.907637763878503279e+01
4.681089726562499891e+02,-8.941500606425364595e+01
4.681092656250000346e+02,-9.580473129599414506e+01
4.681095585937500232e+02,-9.286184932266874625e+01
4.681098515625000118e+02,-1.011553110138095235e+02
4.681101445312500005e+02,-9.859879812712115665e+01
4.681104374999999891e+02,-9.483135131419123809e+01
4.681107304687500346e+02,-8.714459235192798303e+01
4.681110234375000232e+02,-9.049142747482143534e+01
4.681113164062500118e+02,-9.104033557273839961e+01
4.681116093750000005e+02,-9.602916009023593347e+01
4.681119023437499891e+02,-1.089874542684449352e+02
4.681121953125000346e+02,-1.020215444094098842e+02
4.681124882812500232e+02,-1.104351737600596266e+02
4.681127812500000118e+02,-9.528699551635540388e+01
4.681130742187500005e+02,-1.016139621933885593e+02
4.681133671874999891e+02,-8.561917204080259580e+01
4.681136601562500346e+02,-8.768855306292876151e+01
4.681139531250000232e+02,-1.124494508834795852e+02
4.681142460937500118e+02,-1.073133762988167632e+02
4.681145390625000005e+02,-9.443464501068143591e+01
4.681148320312499891e+02,-8.867429574536275538e+01
4.681151250000000346e+02,-8.921107456419507287e+01
4.681154179687500232e+02,-9.456384984657850623e+01
4.681157109375000118e+02,-9.461884833326638500e+01
4.681160039062500005e+02,-9.068170660059425359e+01
4.681162968749999891e+02,-8.849787612012914906e+01
4.681165898437500346e+02,-8.622203888286733786e+01
4.681168828125000232e+02,-8.551242483010945250e+01
4.681171757812500118e+02,-8.900410137634241892e+01
4.681174687500000005e+02,-9.124402646109433590e+01
4.681177617187499891e+02,-9.414179352548390511e+01
4.681180546875000346e+02,-9.393583129781474383e+01
4.681183476562500232e+02,-8.996846909982620843e+01
4.681186406250000118e+02,-8.977461997310078345e+01
4.681189335937500005e+02,-9.347086265507311964e+01
4.681192265624999891e+02,-8.733493796899094264e+01
4.681195195312500346e+02,-9.768560127546849969e+01
4.681198125000000232e+02,-9.685318186462380652e+01
4.681201054687500118e+02,-9.113726686102189944e+01
4.681203984375000005e+02,-9.034131710522474634e+01
4.681206914062499891e+02,-9.391919501815604576e+01
4.681209843750000346e+02,-1.000637933083165194e+02
4.681212773437500232e+02,-9.370813574709399063e+01
4.681215703125000118e+02,-9.096472077749801599e+01
4.681218632812500005e+02,-1.005893257997023937e+02
4.681221562499999891e+02,-9.592006438268492730e+01
4.681224492187500346e+02,-9.069184122233531298e+01
4.681227421875000232e+02,-9.478204034078237328e+01
4.681230351562500118e+02,-9.753027787505095603e+01
4.681233281250000005e+02,-9.709701724573579895e+01
4.681236210937499891e+02,-9.381907888409358520e+01
4.681239140625000346e+02,-8.999659808737105493e+01
4.681242070312500232e+02,-9.527716399971923522e+01
4.681245000000000118e+02,-1.000404903968685488e+02
4.681247929687500005e+02,-9.329303138337095902e+01
4.681250859374999891e+02,-8.932370807959105719e+01
4.681253789062500346e+02,-9.332519914712653986e+01
4.681256718750000232e+02,-9.642408942713333886e+01
4.681259648437500118e+02,-1.032639433516107061e+02
4.681262578125000005e+02,-9.952452099368667859e+01
4.681265507812499891e+02,-9.308394221413661285e+01
4.681268437500000346e+02,-9.633087178020596753e+01
4.681271367187500232e+02,-9.360546864856372906e+01
4.681274296875000118e+02,-9.560926652307033180e+01
4.681277226562500005e+02,-9.241782764441099118e+01
4.681280156249999891e+02,-9.044079954017674083e+01
4.681283085937500346e+02,-9.151756469615403944e+01
4.681286015625000232e+02,-9.068418282871996894e+01
4.681288945312500118e+02,-9.520565396386888324e+01
4.681291875000000005e+02,-9.130707134137750813e+01
4.681294804687499891e+02,-9.469076465576138446e+01
4.681297734375000346e+02,-1.012769874729550565e+02
4.681300664062500232e+02,-1.011534301175157964e+02
4.681303593750000118e+02,-9.773020462725470736e+01
4.681306523437500005e+02,-1.066072443784524353e+02
4.681309453124999891e+02,-9.668833995166993134e+01
4.681312382812500346e+02,-9.284009486807747180e+01
4.681315312500000232e+02,-9.194540127326303036e+01
4.681318242187500118e+02,-9.600517431727185169e+01
4.681321171875000005e+02,-9.300028352530819120e+01
4.681324101562499891e+02,-8.747272370687832677e+01
4.681327031250000346e+02,-8.785933264288885880e+01
4.681329960937500232e+02,-8.911399514678447531e+01
4.681332890625000118e+02,-9.698416774760752901e+01
4.681335820312500005e+02,-1.011034990209442128e+02
4.681338749999999891e+02,-9.853126047375668861e+01
4.681341679687500346e+02,-9.328390339015292909e+01
4.681344609375000232e+02,-9.211668769093631681e+01
4.681347539062500118e+02,-8.925161970730098915e+01
4.681350468750000005e+02,-9.217865755527414251e+01
4.681353398437499891e+02,-9.217502452139436286e+01
4.681356328125000346e+02,-8.909871791755344361e+01
4.681359257812500232e+02,-9.754627855609847131e+01
4.681362187500000118e+02,-9.582135128596989659e+01
4.681365117187500005e+02,-9.477352588526883892e+01
4.681368046874999891e+02,-9.369406641210133557e+01
4.681370976562500346e+02,-1.067055553978711657e+02
4.681373906250000232e+02,-9.654643726532586356e+01
4.681376835937500118e+02,-9.370801743592146238e+01
4.681379765625000005e+02,-9.528085125834876123e+01
4.681382695312499891e+02,-9.446370331799610653e+01
4.681385625000000346e+02,-9.433200090279954964e+01
4.681388554687500232e+02,-9.300434778084053278e+01
4.681391484375000118e+02,-9.256500104610573487e+01
4.681394414062500005e+02,-9.493643715716187614e+01
4.681397343749999891e+02,-1.029284480416513503e+02
4.681400273437500346e+02,-9.568648941055663215e+01
4.681403203125000232e+02,-9.485305739817835047e+01
4.681406132812500118e+02,-9.397726840534079429e+01
4.681409062500000005e+02,-9.003392742266257187e+01
4.681411992187499891e+02,-8.674609183260139389e+01
4.681414921875000346e+02,-8.924760894201799033e+01
4.681417851562500232e+02,-9.340348191010198775e+01
4.681420781250000118e+02,-9.331926950025103906e+01
4.681423710937500005e+02,-9.335196526506683767e+01
4.681426640624999891e+02,-1.057555989855266745e+02
4.681429570312500346e+02,-1.001699642922717857e+02
4.681432500000000232e+02,-1.121896632399351006e+02
4.681435429687500118e+02,-9.572689754937638895e+01
4.681438359375000005e+02,-1.000989087502256467e+02
4.681441289062499891e+02,-9.248694355514973608e+01
4.681444218750000346e+02,-8.987024967995564850e+01
4.681447148437500232e+02,-8.702936324877404672e+01
4.681450078125000118e+02,-9.155483947528867361e+01
4.681453007812500005e+02,-9.810661883578941911e+01
4.681455937499999891e+02,-8.654337751158689684e+01
4.681458867187500346e+02,-8.644124874523467383e+01
4.681461796875000232e+02,-9.062223447367030360e+01
4.681464726562500118e+02,-9.240223888070802616e+01
4.681467656250000005e+02,-9.838434085891339009e+01
4.681470585937499891e+02,-9.731342385958140540e+01
4.681473515625000346e+02,-9.783720963761730616e+01
4.681476445312500232e+02,-9.258994355901609197e+01
4.681479375000000118e+02,-9.187996285694606513e+01
4.681482304687500005e+02,-9.821254975048529445e+01
4.681485234374999891e+02,-9.389220510311885448e+01
4.681488164062500346e+02,-9.627861924359736179e+01
4.681491093750000232e+02,-1.045203194989467335e+02
4.681494023437500118e+02,-9.113274315894202005e+01
4.681496953125000005e+02,-8.918883034110898222e+01
4.681499882812499891e+02,-8.648039217107137233e+01
4.681502812500000346e+02,-8.943664587372721542e+01
4.681505742187500232e+02,-9.408348720145932020e+01
4.681508671875000118e+02,-1.101901184028570810e+02
4.681511601562500005e+02,-8.953359614677307832e+01
4.681514531249999891e+02,-9.965849076541044838e+01
4.681517460937500346e+02,-9.706270693294379726e+01
4.681520390625000232e+02,-9.421725752971411794e+01
4.681523320312500118e+02,-1.029481306196958457e+02
4.681526250000000005e+02,-9.368394070178810296e+01
4.681529179687499891e+02,-9.513434584601269250e+01
4.681532109375000346e+02,-9.105686530390968869e+01
4.681535039062500232e+02,-9.475619122086881418e+01
4.681537968750000118e+02,-8.812306400156722930e+01
4.681540898437500005e+02,-8.950155761614972505e+01
4.681543828124999891e+02,-1.072402185841097833e+02
4.681546757812500346e+02,-9.362743753486776654e+01
4.681549687500000232e+02,-9.390801527889911426e+01
4.681552617187500118e+02,-9.889771894977477018e+01
4.681555546875000005e+02,-1.059950009471137236e+02
4.681558476562499891e+02,-9.910673010575445119e+01
4.681561406250000346e+02,-9.244978661800912789e+01
4.681564335937500232e+02,-9.016120707354012609e+01
4.681567265625000118e+02,-1.184337415482440150e+02
4.681570195312500005e+02,-1.018443584150133745e+02
4.681573124999999891e+02,-9.457083499330306608e+01
4.681576054687500346e+02,-9.105415595115681526e+01
4.681578984375000232e+02,-9.251531086463560882e+01
4.681581914062500118e+02,-8.960551580289758533e+01
4.681584843750000005e+02,-9.304934030755534025e+01
4.681587773437499891e+02,-9.484394561197871099e+01
4.681590703125000346e+02,-1.082045130995221314e+02
4.681593632812500232e+02,-9.469169880118553806e+01
4.681596562500000118e+02,-1.014084029493780577e+02
4.681599492187500005e+02,-9.592781610031984485e+01
4.681602421874999891e+02,-9.266003725353499476e+01
4.681605351562500346e+02,-9.962444054384873482e+01
4.681608281250000232e+02,-9.525272856310117220e+01
4.681611210937500118e+02,-9.754793705453705854e+01
4.681614140625000005e+02,-9.037640158065849505e+01
4.681617070312499891e+02,-8.800241916171987100e+01
4.681620000000000346e+02,-9.097629555372114396e+01
4.681622929687500232e+02,-9.408405694620915938e+01
4.681625859375000118e+02,-9.536383329188659275e+01
4.681628789062500005e+02,-1.130946840598912786e+02
4.681631718749999891e+02,-9.432701822495063482e+01
4.681634648437500346e+02,-9.977547770266313876e+01
4.681637578125000232e+02,-9.840018102244007991e+01
4.681640507812500118e+02,-9.363745843019364656e+01
4.681643437500000005e+02,-9.491559204473405487e+01
4.681646367187499891e+02,-9.935975477077516871e+01
4.681649296875000346e+02,-9.435747199069481894e+01
4.681652226562500232e+02,-9.304332822387434021e+01
4.681655156250000118e+02,-9.820363212447382750e+01
4.681658085937500005e+02,-9.232037914290287972e+01
4.681661015624999891e+02,-9.495822253678471725e+01
4.681663945312500346e+02,-9.558918537528734305e+01
4.681666875000000232e+02,-1.031254691554526062e+02
4.681669804687500118e+02,-9.540827726009695198e+01
4.681672734375000005e+02,-1.143405664781626143e+02
4.681675664062499891e+02,-9.575339321754429989e+01
4.681678593750000346e+02,-8.789436285994378295e+01
4.681681523437500232e+02,-8.603090722179055660e+01
4.681684453125000118e+02,-8.646411718416906922e+01
4.681687382812500005e+02,-9.121566834261020063e+01
4.681690312499999891e+02,-9.794791170906157163e+01
4.681693242187500346e+02,-1.031683004413921765e+02
4.681696171875000232e+02,-1.009487165272689282e+02
4.681699101562500118e+02,-9.164584432094954991e+01
4.681702031250000005e+02,-8.811585222992873412e+01
4.681704960937499891e+02,-8.932521220768792602e+01
4.681707890625000346e+02,-9.037135909417530399e+01
4.681710820312500232e+02,-9.367224801775319065e+01
4.681713750000000118e+02,-9.649040148838253117e+01
4.681716679687500005e+02,-9.413067043607100004e+01
4.681719609374999891e+02,-1.096517759731853090e+02
4.681722539062500346e+02,-9.278589434041785466e+01
4.681725468750000232e+02,-9.450439352718962027e+01
4.681728398437500118e+02,-9.284136044902746221e+01
4.681731328125000005e+02,-9.777697536355169916e+01
4.681734257812499891e+02,-9.518520367122391690e+01
4.681737187500000346e+02,-9.901443468463816089e+01
4.681740117187500232e+02,-9.872579153174599753e+01
4.681743046875000118e+02,-9.959713912998635976e+01
4.681745976562500005e+02,-9.988338129455286207e+01
4.681748906249999891e+02,-9.826749534236371630e+01
4.681751835937500346e+02,-9.088146834037905819e+01
4.681754765625000232e+02,-8.372514535994082507e+01
4.681757695312500118e+02,-8.503438595392140087e+01
4.681760625000000005e+02,-9.611992746064495918e+01
4.681763554687499891e+02,-9.955363327638889359e+01
4.681766484375000346e+02,-1.067677774233424941e+02
4.681769414062500232e+02,-9.948300670270738522e+01
4.681772343750000118e+02,-9.274340494726737916e+01
4.681775273437500005e+02,-9.962467999922745321e+01
4.681778203124999891e+02,-9.094670686475569710e+01
4.681781132812500346e+02,-9.433474343810873108e+01
4.681784062500000232e+02,-9.921367440867805954e+01
4.681786992187500118e+02,-9.356546006493609013e+01
4.681789921875000005e+02,-8.655293610807548532e+01
4.681792851562499891e+02,-9.155170275959703474e+01
4.681795781250000346e+02,-9.803178102229824731e+01
4.681798710937500232e+02,-9.799821153555249964e+01
4.681801640625000118e+02,-1.006247369697053671e+02
4.681804570312500005e+02,-1.011881469476086579e+02
4.681807499999999891e+02,-1.016817547936452968e+02
4.681810429687500346e+02,-1.035267466202741389e+02
4.681813359375000232e+02,-9.807950512454056025e+01
4.681816289062500118e+02,-1.071858443484120613e+02
4.681819218750000005e+02,-9.098635736657772100e+01
4.681822148437499891e+02,-9.616528008754926304e+01
4.681825078125000346e+02,-9.415811744600161148e+01
4.681828007812500232e+02,-9.577849884557195992e+01
4.681830937500000118e+02,-1.061588816126594992e+02
4.681833867187500005e+02,-9.706489946403662827e+01
4.681836796874999891e+02,-9.525181099860347445e+01
4.681839726562500346e+02,-9.509235069301692533e+01
4.681842656250000232e+02,-9.703666538554081455e+01
4.681845585937500118e+02,-9.730880233620263198e+01
4.681848515625000005e+02,-1.025589541548432351e+02
4.681851445312499891e+02,-9.435955801523485320e+01
4.681854375000000346e+02,-1.172272542751348965e+02
4.681857304687500232e+02,-9.512226085653949781e+01
4.681860234375000118e+02,-9.263814413782689883e+01
4.681863164062500005e+02,-9.987473432420398467e+01
4.681866093749999891e+02,-8.809697972626180729e+01
4.681869023437500346e+02,-8.988664876766463863e+01
4.681871953125000232e+02,-1.023765724965829520e+02
4.681874882812500118e+02,-9.443716755440948418e+01
4.681877812500000005e+02,-9.570201627028750124e+01
4.681880742187499891e+02,-9.448427588172759783e+01
4.681883671875000346e+02,-9.126001448058595145e+01
4.681886601562500232e+02,-9.117941402116407801e+01
4.681889531250000118e+02,-9.325095934577761625e+01
4.681892460937500005e+02,-8.875038863458470928e+01
4.681895390624999891e+02,-8.931993791639808933e+01
4.681898320312500346e+02,-9.147250878464612356e+01
4.681901250000000232e+02,-9.140112059467243455e+01
4.681904179687500118e+02,-1.053661939663609957e+02
4.681907109375000005e+02,-1.034032420355235899e+02
4.681910039062499891e+02,-1.022307919538988585e+02
4.681912968750000346e+02,-9.559766867091087761e+01
4.681915898437500232e+02,-9.739313213660850010e+01
4.681918828125000118e+02,-9.363217070015373622e+01
4.681921757812500005e+02,-1.081663686207745343e+02
4.681924687499999891e+02,-9.673586717718094974e+01
4.681927617187500346e+02,-9.725526737496765861e+01
4.681930546875000232e+02,-1.038343648068050129e+02
4.681933476562500118e+02,-9.379810163158225578e+01
4.681936406250000005e+02,-9.132684248062633969e+01
4.681939335937499891e+02,-9.231897105895083655e+01
4.681942265625000346e+02,-9.281130512542056010e+01
4.681945195312500232e+02,-9.949736813348521025e+01
4.681948125000000118e+02,-9.731069141675666856e+01
4.681951054687500005e+02,-9.519300526701690046e+01
4.681953984374999891e+02,-1.020769685154370165e+02
4.681956914062500346e+02,-9.425989691822154271e+01
4.681959843750000232e+02,-9.307254623653849990e+01
4.681962773437500118e+02,-9.140652036060714636e+01
4.681965703125000005e+02,-9.519473496607913887e+01
4.681968632812499891e+02,-8.668299441399207694e+01
4.681971562500000346e+02,-9.041486650932505142e+01
4.681974492187500232e+02,-9.137666738211623851e+01
4.681977421875000118e+02,-1.023336171699355930e+02
4.681980351562500005e+02,-9.623656587909704285e+01
4.681983281249999891e+02,-8.941706563804581265e+01
4.681986210937500346e+02,-9.020592855659769782e+01
4.681989140625000232e+02,-9.366711280624498670e+01
4.681992070312500118e+02,-9.854508917278288038e+01
4.681995000000000005e+02,-1.014558866395599068e+02
4.681997929687499891e+02,-9.325964399542142758e+01
4.682000859375000346e+02,-9.610827198632929935e+01
4.682003789062500232e+02,-9.854980994883223389e+01
4.682006718750000118e+02,-9.115210760152712055e+01
4.682009648437500005e+02,-8.762714359542245290e+01
4.682012578124999891e+02,-9.089116278045247554e+01
4.682015507812500346e+02,-9.391680444037064035e+01
4.682018437500000232e+02,-9.568536950019174014e+01
4.682021367187500118e+02,-9.651386648907987365e+01
4.682024296875000005e+02,-9.721550394514204640e+01
4.682027226562499891e+02,-9.402962080871232331e+01
4.682030156250000346e+02,-9.678886496750757829e+01
4.682033085937500232e+02,-9.119863323874253069e+01
4.682036015625000118e+02,-8.612536528592463014e+01
4.682038945312500005e+02,-8.870100059022213657e+01
4.682041874999999891e+02,-9.547243292861767827e+01
4.682044804687500346e+02,-1.041832722969187444e+02
4.682047734375000232e+02,-1.124865453168938245e+02
4.682050664062500118e+02,-8.891618533175623895e+01
4.682053593750000005e+02,-9.074121993316279600e+01
4.682056523437499891e+02,-9.763995329383021726e+01
4.682059453125000346e+02,-8.885115135746197268e+01
4.682062382812500232e+02,-9.197423676867640552e+01
4.682065312500000118e+02,-9.886122488492244997e+01
4.682068242187500005e+02,-9.300760910507590040e+01
4.682071171874999891e+02,-8.861053343282452488e+01
4.682074101562500346e+02,-8.931284194975953028e+01
4.682077031250000232e+02,-9.087358294590183050e+01
4.682079960937500118e+02,-9.378694572870971058e+01
4.682082890625000005e+02,-9.254205089672039719e+01
4.682085820312499891e+02,-1.001773090548394691e+02
4.682088750000000346e+02,-1.050517927990963756e+02
4.682091679687500232e+02,-1.008132001043294821e+02
4.682094609375000118e+02,-9.195563973472445696e+01
4.682097539062500005e+02,-9.549220308458315287e+01
4.682100468749999891e+02,-9.793107375646508217e+01
4.682103398437500346e+02,-9.376950437055567988e+01
4.682106328125000232e+02,-9.628546495431747587e+01
4.682109257812500118e+02,-9.374975148971068961e+01
4.682112187500000005e+02,-8.887984165799338143e+01
4.682115117187499891e+02,-9.389067582636727138e+01
4.682118046875000346e+02,-9.112663036630527813e+01
4.682120976562500232e+02,-8.738740750338521934e+01
4.682123906250000118e+02,-9.092476565475541861e+01
4.682126835937500005e+02,-9.668228933561195504e+01
4.682129765624999891e+02,-8.979930884900807087e+01
4.682132695312500346e+02,-9.389328859422248286e+01
4.682135625000000232e+02,-9.292212239345317926e+01
4.682138554687500118e+02,-9.031056865023612090e+01
4.682141484375000005e+02,-9.097578764942603868e+01
4.682144414062499891e+02,-9.656214326109849821e+01
4.682147343750000346e+02,-1.000394824459481100e+02
4.682150273437500232e+02,-8.887495276755129225e+01
4.682153203125000118e+02,-1.047460026614632653e+02
4.682156132812500005e+02,-9.129353757891074395e+01
4.682159062499999891e+02,-9.323024860200339958e+01
4.682161992187500346e+02,-9.175619144495351520e+01
4.682164921875000232e+02,-9.996461449182392300e+01
4.682167851562500118e+02,-9.659721899116166810e+01
4.682170781250000005e+02,-9.258112705116003838e+01
4.682173710937499891e+02,-9.509168593499040867e+01
4.682176640625000346e+02,-9.069237226622408343e+01
4.682179570312500232e+02,-1.048373103554987154e+02
4.682182500000000118e+02,-9.176890343370553182e+01
4.682185429687500005e+02,-9.068586818831845164e+01
4.682188359374999891e+02,-9.391209569077486208e+01
4.682191289062500346e+02,-1.021308006653053582e+02
4.682194218750000232e+02,-1.026472461394886864e+02
4.682197148437500118e+02,-9.355055841024409347e+01
4.682200078125000005e+02,-9.123601576060107732e+01
4.682203007812499891e+02,-1.044176840263157402e+02
4.682205937500000346e+02,-9.525119166593491116e+01
4.682208867187500232e+02,-9.811557393652621784e+01
4.682211796875000118e+02,-9.331089154226631877e+01
4.682214726562500005e+02,-9.451329416818568063e+01
4.682217656249999891e+02,-9.661607104928586409e+01
4.682220585937500346e+02,-9.403412378859454179e+01
4.682223515625000232e+02,-9.876367286665421830e+01
4.682226445312500118e+02,-9.922329523549086616e+01
4.682229375000000005e+02,-8.995239401470408325e+01
4.682232304687499891e+02,-8.922561227468007417e+01
4.682235234375000346e+02,-9.875568612647447253e+01
4.682238164062500232e+02,-9.366238586524366383e+01
4.682241093750000118e+02,-9.305916148895660456e+01
4.682244023437500005e+02,-9.180866078912202966e+01
4.682246953124999891e+02,-8.748754821979102303e+01
4.682249882812500346e+02,-8.778301066990982804e+01
4.682252812500000232e+02,-9.190986029735050522e+01
4.682255742187500118e+02,-9.063417409395853497e+01
4.682258671875000005e+02,-9.002784548338063075e+01
4.682261601562499891e+02,-8.950945690568799762e+01
4.682264531250000346e+02,-9.138846111466779121e+01
4.682267460937500232e+02,-9.323918815590731413e+01
4.682270390625000118e+02,-9.550655196676592595e+01
4.682273320312500005e+02,-1.014071412976431077e+02
4.682276249999999891e+02,-1.022621551076700683e+02
4.682279179687500346e+02,-1.056960335420071431e+02
4.682282109375000232e+02,-9.494163268735096040e+01
4.682285039062500118e+02,-9.084665174206747906e+01
4.682287968750000005e+02,-9.374909468285699177e+01
4.682290898437499891e+02,-9.270346702238049375e+01
4.682293828125000346e+02,-9.351994437679245209e+01
4.682296757812500232e+02,-9.219691899521762934e+01
4.682299687500000118e+02,-9.429118715059480849e+01
4.682302617187500005e+02,-9.082818710687047314e+01
4.682305546874999891e+02,-8.964369806755223635e+01
4.682308476562500346e+02,-9.083284359959458243e+01
4.682311406250000232e+02,-9.447733676535598590e+01
4.682314335937500118e+02,-1.021420230572600758e+02
4.682317265625000005e+02,-9.426869704447429399e+01
4.682320195312499891e+02,-9.049696506377948424e+01
4.682323125000000346e+02,-9.388511084997672640e+01
4.682326054687500232e+02,-8.744176234192245545e+01
4.682328984375000118e+02,-8.583444548227780047e+01
4.682331914062500005e+02,-8.996799205050690773e+01
4.682334843749999891e+02,-9.269393043255288944e+01
4.682337773437500346e+02,-9.382117519577020914e+01
4.682340703125000232e+02,-9.288768995056081224e+01
4.682343632812500118e+02,-8.940445957590421244e+01
4.682346562500000005e+02,-9.323481305384595430e+01
4.682349492187499891e+02,-9.711876458376261212e+01
4.682352421875000346e+02,-9.383016161039093106e+01
4.682355351562500232e+02,-1.014706448250836672e+02
4.682358281250000118e+02,-9.799485653993514234e+01
4.682361210937500005e+02,-8.960448765572644447e+01
4.682364140624999891e+02,-8.791211298431997534e+01
4.682367070312500346e+02,-9.375080107575968213e+01
4.682370000000000232e+02,-1.021434269376044028e+02
4.682372929687500118e+02,-1.012621045108900262e+02
4.682375859375000005e+02,-9.872639626589055695e+01
4.682378789062499891e+02,-9.030501251859099909e+01
4.682381718750000346e+02,-9.070382485366226888e+01
4.682384648437500232e+02,-9.685796193750661587e+01
4.682387578125000118e+02,-9.763928388823342175e+01
4.682390507812500005e+02,-1.075066670495990024e+02
4.682393437499999891e+02,-9.170928215290530261e+01
4.682396367187500346e+02,-9.117396811795850908e+01
4.682399296875000232e+02,-1.027074746585569471e+02
4.682402226562500118e+02,-9.908786311874425223e+01
4.682405156250000005e+02,-9.739000267532780697e+01
4.682408085937499891e+02,-9.713490883583415325e+01
4.682411015625000346e+02,-9.749365820411333061e+01
4.682413945312500232e+02,-9.253430548292870128e+01
4.682416875000000118e+02,-9.855097471911560092e+01
4.682419804687500005e+02,-9.632851537437177569e+01
4.682422734374999891e+02,-1.048564564401386576e+02
4.682425664062500346e+02,-9.496777549518812123e+01
4.682428593750000232e+02,-9.950173423402841877e+01
4.682431523437500118e+02,-1.038981814307955744e+02
4.682434453125000005e+02,-9.666976647492695918e+01
4.682437382812499891e+02,-9.709288409892322136e+01
4.682440312500000346e+02,-9.233474776726551170e+01
4.682443242187500232e+02,-9.764557197023783885e+01
4.682446171875000118e+02,-9.231110430527434119e+01
4.682449101562500005e+02,-8.898073810024720842e+01
4.682452031249999891e+02,-9.308947598900354592e+01
4.682454960937500346e+02,-1.091079019316018730e+02
4.682457890625000232e+02,-9.737540750992457106e+01
4.682460820312500118e+02,-9.531626985644288652e+01
4.682463750000000005e+02,-9.938198759275837801e+01
4.682466679687499891e+02,-9.276083905039223509e+01
4.682469609375000346e+02,-8.920164809672613160e+01
4.682472539062500232e+02,-9.068389996623999139e+01
4.682475468750000118e+02,-8.843866594395908010e+01
4.682478398437500005e+02,-9.361241060072025277e+01
4.682481328124999891e+02,-1.003768637429872115e+02
4.682484257812500346e+02,-1.022487425621070827e+02
4.682487187500000232e+02,-9.115066956904459516e+01
4.682490117187500118e+02,-9.514569599694914359e+01
4.682493046875000005e+02,-1.026113523724334584e+02
4.682495976562499891e+02,-9.489372153032930157e+01
4.682498906250000346e+02,-9.185465972358065301e+01
4.682501835937500232e+02,-9.427525428776233696e+01
4.682504765625000118e+02,-9.613593004352510718e+01
4.682507695312500005e+02,-1.070502813438413767e+02
4.682510624999999891e+02,-9.152024039678946110e+01
4.682513554687500346e+02,-8.578290476638095186e+01
4.682516484375000232e+02,-8.699474625813579109e+01
4.682519414062500118e+02,-9.435922975185158634e+01
4.682522343750000005e+02,-9.698942243677996089e+01
4.682525273437499891e+02,-9.549478490018275068e+01
4.682528203125000346e+02,-9.454523849965637794e+01
4.682531132812500232e+02,-9.386854411427734135e+01
4.682534062500000118e+02,-1.085558803439160727e+02
4.682536992187500005e+02,-9.817537546249431557e+01
4.682539921874999891e+02,-9.103185738685883166e+01
4.682542851562500346e+02,-9.342794354569605275e+01
4.682545781250000232e+02,-1.008722065048943364e+02
4.682548710937500118e+02,-9.082679790828747457e+01
4.682551640625000005e+02,-9.200362589155538728e+01
4.682554570312499891e+02,-1.057425815467843364e+02
4.682557500000000346e+02,-1.016460549390814805e+02
4.682560429687500232e+02,-1.075867856107871035e+02
4.682563359375000118e+02,-9.980266493249541782e+01
4.682566289062500005e+02,-1.337626688217360424e+02
4.682569218749999891e+02,-1.035468107840186462e+02
4.682572148437500346e+02,-9.703773258651038702e+01
4.682575078125000232e+02,-9.163577222615928974e+01
4.682578007812500118e+02,-8.760145051330405863e+01
4.682580937500000005e+02,-9.234581767922017548e+01
4.682583867187499891e+02,-1.006369003383146890e+02
4.682586796875000346e+02,-1.021635880167078767e+02
4.682589726562500232e+02,-9.474775612941851932e+01
4.682592656250000118e+02,-9.797894813350366405e+01
4.682595585937500005e+02,-9.278074193638880729e+01
4.682598515624999891e+02,-9.243376628356828917e+01
4.682601445312500346e+02,-9.440117013285124870e+01
4.682604375000000232e+02,-9.263550847160615831e+01
4.682607304687500118e+02,-9.249250140448023672e+01
4.682610234375000005e+02,-9.552833752585711125e+01
4.682613164062499891e+02,-9.139489244825594483e+01
4.682616093750000346e+02,-9.686525243061856827e+01
4.682619023437500232e+02,-9.030223097853354375e+01
4.682621953125000118e+02,-8.806268778182095502e+01
4.682624882812500005e+02,-9.237147776217717876e+01
4.682627812499999891e+02,-9.342456224273313126e+01
4.682630742187500346e+02,-8.981237754921552607e+01
4.682633671875000232e+02,-9.230481883211203353e+01
4.682636601562500118e+02,-9.281901901735628257e+01
4.682639531250000005e+02,-9.393504861037740739e+01
4.682642460937499891e+02,-9.416485319732286996e+01
4.682645390625000346e+02,-9.675920475102401497e+01
4.682648320312500232e+02,-9.090229195938398732e+01
4.682651250000000118e+02,-9.201797374864531776e+01
4.682654179687500005e+02,-9.514384531493313091e+01
4.682657109374999891e+02,-9.335116480882346934e+01
4.682660039062500346e+02,-9.515722657532690221e+01
4.682662968750000232e+02,-9.845761985730435129e+01
4.682665898437500118e+02,-9.444367044257427324e+01
4.682668828125000005e+02,-9.605018495204303974e+01
4.682671757812499891e+02,-9.194829333212881295e+01
4.682674687500000346e+02,-9.013044046601837067e+01
4.682677617187500232e+02,-9.615459283521673228e+01
4.682680546875000118e+02,-1.068284097189460482e+02
4.682683476562500005e+02,-1.055589105055936159e+02
4.682686406249999891e+02,-9.269314911340508445e+01
4.682689335937500346e+02,-9.190267915137752652e+01
4.682692265625000232e+02,-8.613861303374346789e+01
4.682695195312500118e+02,-9.007855833768880416e+01
4.682698125000000005e+02,-9.174975013143530589e+01
4.682701054687499891e+02,-9.435023448473552321e+01
4.682703984375000346e+02,-9.260642940568598647e+01
4.682706914062500232e+02,-1.005582804513221333e+02
4.682709843750000118e+02,-1.041390308273522436e+02
4.682712773437500005e+02,-9.004559198676423648e+01
4.682715703124999891e+02,-8.961685450466677594e+01
4.682718632812500346e+02,-1.051688758428472994e+02
4.682721562500000232e+02,-9.699697068402771549e+01
4.682724492187500118e+02,-9.586983865339851718e+01
4.682727421875000005e+02,-8.805092399473032572e+01
4.682730351562499891e+02,-8.934664836566598467e+01
4.682733281250000346e+02,-9.499226592919993095e+01
4.682736210937500232e+02,-9.267971553815343100e+01
4.682739140625000118e+02,-9.201798538404807459e+01
4.682742070312500005e+02,-9.330534494254072797e+01
4.682744999999999891e+02,-9.750119458419298724e+01
4.682747929687500346e+02,-9.676968125902719464e+01
4.682750859375000232e+02,-1.006504535734152341e+02
4.682753789062500118e+02,-1.023535645144669672e+02
4.682756718750000005e+02,-9.946096467740468938e+01
4.682759648437499891e+02,-9.910687022745287322e+01
4.682762578125000346e+02,-8.857810353826450012e+01
4.682765507812500232e+02,-9.041984105956444751e+01
4.682768437500000118e+02,-8.970383032179263694e+01
4.682771367187500005e+02,-9.045192521864235857e+01
4.682774296874999891e+02,-1.112971632114767715e+02
4.682777226562500346e+02,-9.344955612949064516e+01
4.682780156250000232e+02,-1.014466316382692526e+02
4.682783085937500118e+02,-1.101710458350680710e+02
4.682786015625000005e+02,-9.614807414880571912e+01
4.682788945312499891e+02,-9.057140536608498849e+01
4.682791875000000346e+02,-9.208454225492056366e+01
4.682794804687500232e+02,-8.886570751217249153e+01
4.682797734375000118e+02,-1.139084496714876025e+02
4.682800664062500005e+02,-9.838894284650126565e+01
4.682803593749999891e+02,-1.146055861744366666e+02
4.682806523437500346e+02,-9.273444268798270684e+01
4.682809453125000232e+02,-9.097938324506057484e+01
4.682812382812500118e+02,-9.264590356774313307e+01
4.682815312500000005e+02,-9.876471577998029261e+01
4.682818242187499891e+02,-1.043247123148280480e+02
4.682821171875000346e+02,-1.047554670309162930e+02
4.682824101562500232e+02,-9.627264228789499612e+01
4.682827031250000118e+02,-9.677292976348091713e+01
4.682829960937500005e+02,-9.335640637445159484e+01
4.682832890624999891e+02,-9.803290905991816828e+01
4.682835820312500346e+02,-1.000558363168023277e+02
4.682838750000000232e+02,-1.030814668710547437e+02
4.682841679687500118e+02,-9.687667027363553984e+01
4.682844609375000005e+02,-1.063673608422880648e+02
4.682847539062499891e+02,-9.798939847107172341e+01
4.682850468750000346e+02,-9.932930680957630898e+01
4.682853398437500232e+02,-9.478732770191045631e+01
4.682856328125000118e+02,-9.841004036667646915e+01
4.682859257812500005e+02,-9.977273651631480789e+01
4.682862187499999891e+02,-9.032202416232604492e+01
4.682865117187500346e+02,-9.000046220068938396e+01
4.682868046875000232e+02,-9.622537964112657960e+01
4.682870976562500118e+02,-9.250159839350126845e+01
4.682873906250000005e+02,-9.566955948571028046e+01
4.682876835937499891e+02,-8.981403625237165045e+01
4.682879765625000346e+02,-9.627024983866655816e+01
4.682882695312500232e+02,-1.020444065563335556e+02
4.682885625000000118e+02,-9.768411485660681137e+01
4.682888554687500005e+02,-9.818156495843550147e+01
4.682891484374999891e+02,-1.010046116675306394e+02
4.682894414062500346e+02,-9.372975267174318503e+01
4.682897343750000232e+02,-9.971905814376404464e+01
4.682900273437500118e+02,-9.331658301446246639e+01
4.682903203125000005e+02,-9.134196709625568644e+01
4.682906132812499891e+02,-1.016128033342755685e+02
4.682909062500000346e+02,-9.377294978207238785e+01
4.682911992187500232e+02,-9.838405869948603311e+01
4.682914921875000118e+02,-9.286596599796133944e+01
4.682917851562500005e+02,-8.969218782296721315e+01
4.682920781249999891e+02,-8.582986638607249574e+01
4.682923710937500346e+02,-9.043556733474727594e+01
4.682926640625000232e+02,-9.157274474845817736e+01
4.682929570312500118e+02,-8.777669091722967210e+01
4.682932500000000005e+02,-9.000040098488163665e+01
4.682935429687499891e+02,-9.248484422732784083e+01
4.682938359375000346e+02,-9.724134753123254882e+01
4.682941289062500232e+02,-1.015198546742839483e+02
4.682944218750000118e+02,-1.024477586145312813e+02
4.682947148437500005e+02,-9.219165605049911960e+01
4.682950078124999891e+02,-9.051647726207620792e+01
4.682953007812500346e+02,-1.015594253783418708e+02
4.682955937500000232e+02,-1.001266579159078987e+02
4.682958867187500118e+02,-9.476437558953493578e+01
4.682961796875000005e+02,-9.674314655969725152e+01
4.682964726562499891e+02,-1.080006227012747217e+02
4.682967656250000346e+02,-9.151371946108227462e+01
4.682970585937500232e+02,-9.526310997970718120e+01
4.682973515625000118e+02,-9.175607590216706910e+01
4.682976445312500005e+02,-9.423056919115090579e+01
4.682979374999999891e+02,-9.229225789067973551e+01
4.682982304687500346e+02,-1.186947249582200072e+02
4.682985234375000232e+02,-8.946824478916911971e+01
4.682988164062500118e+02,-9.082546560321208062e+01
4.682991093750000005e+02,-1.063638834911743629e+02
4.682994023437499891e+02,-1.002146100074651258e+02
4.682996953125000346e+02,-1.000839455701588463e+02
4.682999882812500232e+02,-1.322712336274907159e+02
4.683002812500000118e+02,-9.787648970760972134e+01
4.683005742187500005e+02,-9.742535941644432285e+01
4.683008671874999891e+02,-9.877838990384714180e+01
4.683011601562500346e+02,-9.929096054669247451e+01
4.683014531250000232e+02,-9.417637149740005498e+01
4.683017460937500118e+02,-9.250380477225357367e+01
4.683020390625000005e+02,-9.265563982867553250e+01
4.683023320312499891e+02,-9.236043522656149207e+01
4.683026250000000346e+02,-9.228582722348753009e+01
4.683029179687500232e+02,-9.478067984691003289e+01
4.683032109375000118e+02,-9.351701180195038887e+01
4.683035039062500005e+02,-8.835569941832858376e+01
4.683037968749999891e+02,-8.928552757773267956e+01
4.683040898437500346e+02,-1.123281702660435997e+02
4.683043828125000232e+02,-9.857820536641227704e+01
4.683046757812500118e+02,-9.418006735785871797e+01
4.683049687500000005e+02,-9.698679668848657798e+01
4.683052617187499891e+02,-9.375145483209138320e+01
4.683055546875000346e+02,-9.282327232025890851e+01
4.683058476562500232e+02,-9.331487955860569627e+01
4.683061406250000118e+02,-9.266584621258849097e+01
4.683064335937500005e+02,-9.402717917447468210e+01
4.683067265624999891e+02,-9.997076570959252706e+01
4.683070195312500346e+02,-9.344780362699772525e+01
4.683073125000000232e+02,-1.032108771212245699e+02
4.683076054687500118e+02,-9.715345050297673879e+01
4.683078984375000005e+02,-1.060535238393491539e+02
4.683081914062499891e+02,-9.889444112254611241e+01
4.683084843750000346e+02,-8.986376464250395202e+01
4.683087773437500232e+02,-8.815519869661294194e+01
4.683090703125000118e+02,-1.118538036069359407e+02
4.683093632812500005e+02,-9.429875816890584872e+01
4.683096562499999891e+02,-9.567705795335064067e+01
4.683099492187500346e+02,-9.902633880141537759e+01
4.683102421875000232e+02,-9.844951506012495202e+01
4.683105351562500118e+02,-9.240486149758980616e+01
4.683108281250000005e+02,-9.967138394816343805e+01
4.683111210937499891e+02,-9.917581514419579491e+01
4.683114140625000346e+02,-1.120596346074241012e+02
4.683117070312500232e+02,-1.027855753986944194e+02
4.683120000000000118e+02,-9.457161367768389937e+01
4.683122929687500005e+02,-1.112122921183560891e+02
4.683125859374999891e+02,-9.634356980305219054e+01
4.683128789062500346e+02,-9.783967660676464106e+01
4.683131718750000232e+02,-9.645916174319643233e+01
4.683134648437500118e+02,-1.133626826829631540e+02
4.683137578125000005e+02,-9.386448802684931536e+01
4.683140507812499891e+02,-9.380232871846595799e+01
4.683143437500000346e+02,-9.387743462719279819e+01
4.683146367187500232e+02,-9.241383698721860185e+01
4.683149296875000118e+02,-9.001240513581691971e+01
4.683152226562500005e+02,-9.068911401555118346e+01
4.683155156249999891e+02,-9.497089958128186993e+01
4.683158085937500346e+02,-1.031294568314038713e+02
4.683161015625000232e+02,-9.296907364453721812e+01
4.683163945312500118e+02,-1.049458880550039055e+02
4.683166875000000005e+02,-1.058612188831845771e+02
4.683169804687499891e+02,-9.717317637006442510e+01
4.683172734375000346e+02,-8.992034705857335553e+01
4.683175664062500232e+02,-9.662000982209507072e+01
4.683178593750000118e+02,-9.836420715116548763e+01
4.683181523437500005e+02,-9.530097953569269009e+01
4.683184453124999891e+02,-9.698210709079019409e+01
4.683187382812500346e+02,-9.937924517294686666e+01
4.683190312500000232e+02,-9.216208991293871122e+01
4.683193242187500118e+02,-1.018460988220303705e+02
4.683196171875000005e+02,-9.747357004323794172e+01
4.683199101562499891e+02,-1.073976889415267664e+02
4.683202031250000346e+02,-1.055962138886892063e+02
4.683204960937500232e+02,-1.103345712677524091e+02
4.683207890625000118e+02,-1.159639444899132741e+02
4.683210820312500005e+02,-1.089082854274749792e+02
4.683213749999999891e+02,-1.051852697544674982e+02
4.683216679687500346e+02,-9.972150121324126815e+01
4.683219609375000232e+02,-1.081545132424886617e+02
4.683222539062500118e+02,-1.005360736338376029e+02
4.683225468750000005e+02,-9.407899917804550682e+01
4.683228398437499891e+02,-8.687857167149107340e+01
4.683231328125000346e+02,-8.870420180498985019e+01
4.683234257812500232e+02,-9.609298930040205278e+01
4.683237187500000118e+02,-9.893449054119670905e+01
4.683240117187500005e+02,-9.708964801991928084e+01
4.683243046874999891e+02,-9.073981178052007124e+01
4.683245976562500346e+02,-9.665521936978434780e+01
4.683248906250000232e+02,-9.195136778813876788e+01
4.683251835937500118e+02,-9.096719926472785289e+01
4.683254765625000005e+02,-1.024188515606510919e+02
4.683257695312499891e+02,-1.037636170617433891e+02
4.683260625000000346e+02,-1.001736579857198564e+02
4.683263554687500232e+02,-9.406889090192267133e+01
4.683266484375000118e+02,-9.549893953866103402e+01
4.683269414062500005e+02,-9.661177100125186712e+01
4.683272343749999891e+02,-1.032631656190855836e+02
4.683275273437500346e+02,-1.075463590062926045e+02
4.683278203125000232e+02,-9.102449309341710659e+01
4.683281132812500118e+02,-9.264585503462146221e+01
4.683284062500000005e+02,-1.051084819117721452e+02
4.683286992187499891e+02,-9.614503066037607937e+01
4.683289921875000346e+02,-9.245928180628698101e+01
4.683292851562500232e+02,-9.610847182860963756e+01
4.683295781250000118e+02,-1.022597878472151791e+02
4.683298710937500005e+02,-1.020032038642523275e+02
4.683301640624999891e+02,-9.736161868551542398e+01
4.683304570312500346e+02,-1.008199602004827398e+02
4.683307500000000232e+02,-1.021881518839761895e+02
4.683310429687500118e+02,-9.079689634131486287e+01
4.683313359375000005e+02,-9.212476209046053555e+01
4.683316289062499891e+02,-1.075652002299676724e+02
4.683319218750000346e+02,-9.633905058275084343e+01
4.683322148437500232e+02,-9.891839024622470333e+01
4.683325078125000118e+02,-9.424475270322230358e+01
4.683328007812500005e+02,-1.195268560337239876e+02
4.683330937499999891e+02,-9.768273495633728487e+01
4.683333867187500346e+02,-9.637025319204269636e+01
4.683336796875000232e+02,-1.027603383370345966e+02
4.683339726562500118e+02,-1.002468506977934339e+02
4.683342656250000005e+02,-1.068573748796305125e+02
4.683345585937499891e+02,-9.601765184148554511e+01
4.683348515625000346e+02,-9.543122116531252175e+01
4.683351445312500232e+02,-9.026240985674961337e+01
4.683354375000000118e+02,-9.295190392999441542e+01
4.683357304687500005e+02,-1.001058109015399396e+02
4.683360234374999891e+02,-9.543510907726164305e+01
4.683363164062500346e+02,-9.563582443590726712e+01
4.683366093750000232e+02,-9.941846780839748021e+01
4.683369023437500118e+02,-1.143942340557231319e+02
4.683371953125000005e+02,-9.197253101888179572e+01
4.683374882812499891e+02,-9.026528503952187066e+01
4.683377812500000346e+02,-9.148120171113714605e+01
4.683380742187500232e+02,-9.608371871107023310e+01
4.683383671875000118e+02,-9.353021315762276799e+01
4.683386601562500005e+02,-9.958307006461939181e+01
4.683389531249999891e+02,-1.079763590512435769e+02
4.683392460937500346e+02,-1.041456526978185195e+02
4.683395390625000232e+02,-9.487408470298188945e+01
4.683398320312500118e+02,-9.507224073409757636e+01
4.683401250000000005e+02,-9.873927485640928126e+01
4.683404179687499891e+02,-9.738678544655066105e+01
4.683407109375000346e+02,-9.649453230214463417e+01
4.683410039062500232e+02,-1.127371880106876887e+02
4.683412968750000118e+02,-1.097995401683891572e+02
4.683415898437500005e+02,-9.525359216241383820e+01
4.683418828124999891e+02,-9.443151747207757296e+01
4.683421757812500346e+02,-1.016542189798591096e+02
4.683424687500000232e+02,-1.064697280379134838e+02
4.683427617187500118e+02,-1.001573458074276601e+02
4.683430546875000005e+02,-9.345522636574474973e+01
4.683433476562499891e+02,-9.122743221316845563e+01
4.683436406250000346e+02,-9.449623164052654545e+01
4.683439335937500232e+02,-9.574938063483459416e+01
4.683442265625000118e+02,-1.063003526436550175e+02
4.683445195312500005e+02,-9.309494472671343601e+01
4.683448124999999891e+02,-9.084366768155113903e+01
4.683451054687500346e+02,-1.027965487970621581e+02
4.683453984375000232e+02,-9.543603430905693585e+01
4.683456914062500118e+02,-9.451799582625454832e+01
4.683459843750000005e+02,-9.483487698575309821e+01
4.683462773437499891e+02,-9.634883679255194977e+01
4.683465703125000346e+02,-9.566370722520106540e+01
4.683468632812500232e+02,-9.685301981706950869e+01
4.683471562500000118e+02,-9.621395056799877921e+01
4.683474492187500005e+02,-1.042148769782333204e+02
4.683477421874999891e+02,-1.059218008593278455e+02
4.683480351562500346e+02,-9.877198767902135046e+01
4.683483281250000232e+02,-1.069150977503353488e+02
4.683486210937500118e+02,-9.403359674889716757e+01
4.683489140625000005e+02,-9.407885436776054178e+01
4.683492070312499891e+02,-9.999044112059968370e+01
4.683495000000000346e+02,-9.696980905978983856e+01
4.683497929687500232e+02,-8.982665567686402142e+01
4.683500859375000118e+02,-9.593256879053454611e+01
4.683503789062500005e+02,-9.319765112520730099e+01
4.683506718749999891e+02,-9.478677817596546618e+01
4.683509648437500346e+02,-1.015259733900639816e+02
4.683512578125000232e+02,-1.043417096970191267e+02
4.683515507812500118e+02,-1.129038338761938718e+02
4.683518437500000005e+02,-1.085454356714483595e+02
4.683521367187499891e+02,-9.587118842962829035e+01
4.683524296875000346e+02,-9.595305165254319490e+01
4.683527226562500232e+02,-9.212446470808258425e+01
4.683530156250000118e+02,-9.137251164477659415e+01
4.683533085937500005e+02,-9.304589594761196736e+01
4.683536015624999891e+02,-9.397289423706769185e+01
4.683538945312500346e+02,-9.917231896430993743e+01
4.683541875000000232e+02,-9.953489802219689864e+01
4.683544804687500118e+02,-9.565309276285732665e+01
4.683547734375000005e+02,-1.044626357867487201e+02
4.683550664062499891e+02,-9.934894620208490323e+01
4.683553593750000346e+02,-1.019773088852021488e+02
4.683556523437500232e+02,-9.361583438970859561e+01
4.683559453125000118e+02,-9.697230141864832831e+01
4.683562382812500005e+02,-9.697407454005355021e+01
4.683565312499999891e+02,-1.035325779622660605e+02
4.683568242187500346e+02,-1.027145147470822621e+02
4.683571171875000232e+02,-1.047305034413267890e+02
4.683574101562500118e+02,-1.036771726624494505e+02
4.683577031250000005e+02,-9.649668477699991342e+01
4.683579960937499891e+02,-1.010535045781076917e+02
4.683582890625000346e+02,-9.585654520506345477e+01
4.683585820312500232e+02,-9.286170732729462429e+01
4.683588750000000118e+02,-9.163320511545231284e+01
4.683591679687500005e+02,-9.747629108650384921e+01
4.683594609374999891e+02,-1.059700356829168442e+02
4.683597539062500346e+02,-1.014960498381601326e+02
4.683600468750000232e+02,-1.052189092845086407e+02
4.683603398437500118e+02,-1.128084474304534410e+02
4.683606328125000005e+02,-9.503301693126616101e+01
4.683609257812499891e+02,-9.271927608153052347e+01
4.683612187500000346e+02,-9.700871968446584503e+01
4.683615117187500232e+02,-1.106244711529993907e+02
4.683618046875000118e+02,-1.093124422366595496e+02
4.683620976562500005e+02,-9.623992985258379917e+01
4.683623906249999891e+02,-9.631670503223685387e+01
4.683626835937500346e+02,-1.075658665107793155e+02
4.683629765625000232e+02,-1.123678764401706900e+02
4.683632695312500118e+02,-1.000271457805062880e+02
4.683635625000000005e+02,-9.278679319797731750e+01
4.683638554687499891e+02,-9.078388470726109460e+01
4.683641484375000346e+02,-1.049720310542269601e+02
4.683644414062500232e+02,-1.268076337798197244e+02
4.683647343750000118e+02,-9.677708577004061397e+01
4.683650273437500005e+02,-9.763128993574852643e+01
4.683653203124999891e+02,-9.766557096163020901e+01
4.683656132812500346e+02,-8.987793635638389844e+01
4.683659062500000232e+02,-8.857988628415343157e+01
4.683661992187500118e+02,-9.604129616340219400e+01
4.683664921875000005e+02,-1.052028494817269291e+02
4.683667851562499891e+02,-1.127804216782705566e+02
4.683670781250000346e+02,-1.112190053341423521e+02
4.683673710937500232e+02,-1.073331607411272302e+02
4.683676640625000118e+02,-9.944204382054381597e+01
4.683679570312500005e+02,-9.512920485720584907e+01
4.683682499999999891e+02,-9.236940060896290561e+01
4.683685429687500346e+02,-1.181474788530926219e+02
4.683688359375000232e+02,-9.290189051089117811e+01
4.683691289062500118e+02,-9.390157803714538431e+01
4.683694218750000005e+02,-9.461734981308072179e+01
4.683697148437499891e+02,-9.415717718206445852e+01
4.683700078125000346e+02,-1.169527726067272795e+02
4.683703007812500232e+02,-1.050885624490543364e+02
4.683705937500000118e+02,-9.692392531066832362e+01
4.683708867187500005e+02,-9.104483518871994363e+01
4.683711796874999891e+02,-9.303778087456302615e+01
4.683714726562500346e+02,-1.123466369336910020e+02
4.683717656250000232e+02,-1.013434226993460783e+02
4.683720585937500118e+02,-9.809915209583007822e+01
4.683723515625000005e+02,-9.752127967727638236e+01
4.683726445312499891e+02,-1.032197394789254759e+02
4.683729375000000346e+02,-9.682086043626338778e+01
4.683732304687500232e+02,-9.882506243089487441e+01
4.683735234375000118e+02,-1.001333003567985429e+02
4.683738164062500005e+02,-1.043560589346505907e+02
4.683741093749999891e+02,-9.703535553924535861e+01
4.683744023437500346e+02,-1.001668874327205430e+02
4.683746953125000232e+02,-1.082447655686355716e+02
4.683749882812500118e+02,-9.552155828917290137e+01
4.683752812500000005e+02,-9.311221161669644175e+01
4.683755742187499891e+02,-9.430125069905530211e+01
4.683758671875000346e+02,-9.459785491292521442e+01
4.683761601562500232e+02,-9.323554922872133943e+01
4.683764531250000118e+02,-9.593944899509828872e+01
4.683767460937500005e+02,-1.086403982866611386e+02
4.683770390624999891e+02,-9.944884752783393367e+01
4.683773320312500346e+02,-1.005114478580066049e+02
4.683776250000000232e+02,-1.035037144004662224e+02
4.683779179687500118e+02,-9.897709880906631952e+01
4.683782109375000005e+02,-9.028192975582445001e+01
4.683785039062499891e+02,-9.393132758114475678e+01
4.683787968750000346e+02,-1.099347081113918847e+02
4.683790898437500232e+02,-1.013525800281528859e+02
4.683793828125000118e+02,-9.907393070186962802e+01
4.683796757812500005e+02,-9.540440464909836749e+01
4.683799687499999891e+02,-9.870794975098741020e+01
4.683802617187500346e+02,-9.639263582119484397e+01
4.683805546875000232e+02,-9.688977599919589068e+01
4.683808476562500118e+02,-9.589881008015672137e+01
4.683811406250000005e+02,-9.418998132311003246e+01
4.683814335937499891e+02,-9.324660675710164526e+01
4.683817265625000346e+02,-9.169585351964956033e+01
4.683820195312500232e+02,-9.830345623492009111e+01
4.683823125000000118e+02,-9.748473709372868257e+01
4.683826054687500005e+02,-9.658125378457683041e+01
4.683828984374999891e+02,-1.057418310328768882e+02
4.683831914062500346e+02,-1.018306010682327809e+02
4.683834843750000232e+02,-9.681373134784250567e+01
4.683837773437500118e+02,-9.883526129271993454e+01
4.683840703125000005e+02,-1.092444812002817258e+02
4.683843632812499891e+02,-1.029405476281102665e+02
4.683846562500000346e+02,-1.012790754600737699e+02
4.683849492187500232e+02,-1.276127964423554602e+02
4.683852421875000118e+02,-1.023593944591279126e+02
4.683855351562500005e+02,-1.026996377322417544e+02
4.683858281249999891e+02,-9.591749217722883714e+01
4.683861210937500346e+02,-9.529752517756233487e+01
4.683864140625000232e+02,-9.255078975780767792e+01
4.683867070312500118e+02,-1.013597704842054412e+02
4.683870000000000005e+02,-9.534982042217319531e+01
4.683872929687499891e+02,-9.354463769673019158e+01
4.683875859375000346e+02,-9.810547477998831312e+01
4.683878789062500232e+02,-9.588366934188871937e+01
4.683881718750000118e+02,-9.427631241393547157e+01
4.683884648437500005e+02,-9.750192658241073218e+01
4.683887578124999891e+02,-9.988605729412093126e+01
4.683890507812500346e+02,-9.741448578656260793e+01
4.683893437500000232e+02,-1.025743040868281923e+02
4.683896367187500118e+02,-9.674468387278226089e+01
4.683899296875000005e+02,-9.587301200950436453e+01
4.683902226562499891e+02,-9.212040847534773036e+01
4.683905156250000346e+02,-9.281906961856371652e+01
4.683908085937500232e+02,-9.760036325557082648e+01
4.683911015625000118e+02,-1.011322538971339497e+02
4.683913945312500005e+02,-9.862963174484821138e+01
4.683916874999999891e+02,-1.055718241836506479e+02
4.683919804687500346e+02,-1.017635530634845793e+02
4.683922734375000232e+02,-9.380299166038449243e+01
4.683925664062500118e+02,-9.587543123504822518e+01
4.683928593750000005e+02,-9.976441498464231472e+01
4.683931523437499891e+02,-9.780059551612247049e+01
4.683934453125000346e+02,-9.924806198485370601e+01
4.683937382812500232e+02,-9.695964420438599518e+01
4.683940312500000118e+02,-9.485875381100511561e+01
4.683943242187500005e+02,-1.079491825346327261e+02
4.683946171874999891e+02,-9.437084897419663321e+01
4.683949101562500346e+02,-9.453256065677322795e+01
4.683952031250000232e+02,-9.754628122932763290e+01
4.683954960937500118e+02,-9.487590762705073644e+01
4.683957890625000005e+02,-9.524164681094369200e+01
4.683960820312499891e+02,-1.126699019763512553e+02
4.683963750000000346e+02,-1.100733896992917806e+02
4.683966679687500232e+02,-1.020228029470037825e+02
4.683969609375000118e+02,-1.033898215374398433e+02
4.683972539062500005e+02,-9.782253883553080698e+01
4.683975468749999891e+02,-9.682538894383799288e+01
4.683978398437500346e+02,-1.019525688163941766e+02
4.683981328125000232e+02,-9.986573184110912393e+01
4.683984257812500118e+02,-9.694618287535844559e+01
4.683987187500000005e+02,-9.434350971087867777e+01
4.683990117187499891e+02,-9.572535437369586475e+01
4.683993046875000346e+02,-1.058651969510277127e+02
4.683995976562500232e+02,-1.011328109213021662e+02
4.683998906250000118e+02,-1.024667885398022094e+02
4.684001835937500005e+02,-1.087395416739176994e+02
4.684004765624999891e+02,-1.050444633346487677e+02
4.684007695312500346e+02,-1.038213096718860839e+02
4.684010625000000232e+02,-1.000237067143260106e+02
4.684013554687500118e+02,-1.044825065650138924e+02
4.684016484375000005e+02,-9.788490966155202955e+01
4.684019414062499891e+02,-9.369432613715991920e+01
4.684022343750000346e+02,-9.559481332232320483e+01
4.684025273437500232e+02,-1.001018008139170377e+02
4.684028203125000118e+02,-9.472526410903675753e+01
4.684031132812500005e+02,-9.513556052542567443e+01
4.684034062499999891e+02,-1.025027877823457203e+02
4.684036992187500346e+02,-9.588546504938136650e+01
4.684039921875000232e+02,-9.923229197600413443e+01
4.684042851562500118e+02,-1.020206230694025038e+02
4.684045781250000005e+02,-9.527644968670455228e+01
4.684048710937499891e+02,-9.606428479113476726e+01
4.684051640625000346e+02,-9.448916492918969823e+01
4.684054570312500232e+02,-8.921563759452723730e+01
4.684057500000000118e+02,-9.223022361011173587e+01
4.684060429687500005e+02,-9.886191916242930233e+01
4.684063359374999891e+02,-1.042902961405577855e+02
4.684066289062500346e+02,-1.028275663039914605e+02
4.684069218750000232e+02,-1.058459103910060861e+02
4.684072148437500118e+02,-1.013505705833913595e+02
4.684075078125000005e+02,-1.016043562331423686e+02
4.684078007812499891e+02,-1.076126704268880303e+02
4.684080937500000346e+02,-1.014357504872169500e+02
4.684083867187500232e+02,-9.759061951346470210e+01
4.684086796875000118e+02,-1.111681333287395148e+02
4.684089726562500005e+02,-9.757999505929036843e+01
4.684092656249999891e+02,-9.202341625098586064e+01
4.684095585937500346e+02,-9.254379721270750281e+01
4.684098515625000232e+02,-1.027835346247375270e+02
4.684101445312500118e+02,-1.236629085996135586e+02
4.684104375000000005e+02,-1.024053366987872380e+02
4.684107304687499891e+02,-9.324818410774702215e+01
4.684110234375000346e+02,-9.547072652786258118e+01
4.684113164062500232e+02,-9.957697059696003805e+01
4.684116093750000118e+02,-9.656555898562153573e+01
4.684119023437500005e+02,-1.027342619037432598e+02
4.684121953124999891e+02,-9.625990944603560706e+01
4.684124882812500346e+02,-1.007493850650622846e+02
4.684127812500000232e+02,-1.010612308714016763e+02
4.684130742187500118e+02,-9.604538342675822093e+01
4.684133671875000005e+02,-1.017864886571766903e+02
4.684136601562499891e+02,-1.002812824852217943e+02
4.684139531250000346e+02,-1.066769234053197692e+02
4.684142460937500232e+02,-1.014424345727103400e+02
4.684145390625000118e+02,-1.010167119379790108e+02
4.684148320312500005e+02,-9.952768221185917241e+01
4.684151249999999891e+02,-9.956871644592573034e+01
4.684154179687500346e+02,-1.061432863136614344e+02
4.684157109375000232e+02,-9.539611051169543998e+01
4.684160039062500118e+02,-1.002760521277697450e+02
4.684162968750000005e+02,-9.622533795905059151e+01
4.684165898437499891e+02,-9.552530225028611710e+01
4.684168828125000346e+02,-1.152623580621382757e+02
4.684171757812500232e+02,-9.300097723309059461e+01
4.684174687500000118e+02,-9.629298701213869549e+01
4.684177617187500005e+02,-9.606635172360853403e+01
4.684180546874999891e+02,-1.017183255157522979e+02
4.684183476562500346e+02,-1.140117926520862284e+02
4.684186406250000232e+02,-1.000957406246286183e+02
4.684189335937500118e+02,-9.435773817901512928e+01
4.684192265625000005e+02,-9.545721126547857693e+01
4.684195195312499891e+02,-9.586226872027526724e+01
4.684198125000000346e+02,-9.790633765388763265e+01
4.684201054687500232e+02,-9.972271091286252442e+01
4.684203984375000118e+02,-1.044102763183690428e+02
4.684206914062500005e+02,-9.775502940593486301e+01
4.684209843749999891e+02,-9.326215791363223673e+01
4.684212773437500346e+02,-9.575174078715110682e+01
4.684215703125000232e+02,-9.697035841662687972e+01
4.684218632812500118e+02,-9.884803439318176288e+01
4.684221562500000005e+02,-9.768340470486387517e+01
4.684224492187499891e+02,-9.198631490840882918e+01
4.684227421875000346e+02,-9.218053693897140022e+01
4.684230351562500232e+02,-9.371253359170782460e+01
4.684233281250000118e+02,-1.030776787668793872e+02
4.684236210937500005e+02,-1.084930782264928268e+02
4.684239140624999891e+02,-1.046751208050049655e+02
4.684242070312500346e+02,-9.944731634329700398e+01
4.684245000000000232e+02,-1.023882065155932821e+02
4.684247929687500118e+02,-1.000680046164348056e+02
4.684250859375000005e+02,-9.654635982579586084e+01
4.684253789062499891e+02,-9.590967463783427149e+01
4.684256718750000346e+02,-9.450201874587384054e+01
4.684259648437500232e+02,-9.022737242434732252e+01
4.684262578125000118e+02,-9.440601557138239741e+01
4.684265507812500005e+02,-1.035391231558001124e+02
4.684268437499999891e+02,-1.100123479969269908e+02
4.684271367187500346e+02,-1.058866635111049277e+02
4.684274296875000232e+02,-9.790607395437558580e+01
4.684277226562500118e+02,-1.007542545870324915e+02
4.684280156250000005e+02,-1.009343105892540251e+02
4.684283085937499891e+02,-1.244891931133513765e+02
4.684286015625000346e+02,-9.869580348844962714e+01
4.684288945312500232e+02,-9.756658547637704260e+01
4.684291875000000118e+02,-9.843512860265839493e+01
4.684294804687500005e+02,-9.787469861135568294e+01
4.684297734374999891e+02,-1.003755858580905880e+02
4.684300664062500346e+02,-1.000850696804124453e+02
4.684303593750000232e+02,-9.839614198599626604e+01
4.684306523437500118e+02,-9.803452066802471165e+01
4.684309453125000005e+02,-9.466014744287770100e+01
4.684312382812499891e+02,-9.806735381865343015e+01
4.684315312500000346e+02,-9.312056841348447733e+01
4.684318242187500232e+02,-9.527296495613769878e+01
4.684321171875000118e+02,-9.516709301750822192e+01
4.684324101562500005e+02,-9.613409288461167534e+01
4.684327031249999891e+02,-9.191103227648346774e+01
4.684329960937500346e+02,-9.066831780670372609e+01
4.684332890625000232e+02,-9.794732057340473830e+01
4.684335820312500118e+02,-9.806379136843075628e+01
4.684338750000000005e+02,-9.666089802350107618e+01
4.684341679687499891e+02,-9.538276035665302288e+01
4.684344609375000346e+02,-1.011625193809643264e+02
4.684347539062500232e+02,-1.060869453956311901e+02
4.684350468750000118e+02,-1.053233174588732055e+02
4.684353398437500005e+02,-9.721342459909908484e+01
4.684356328124999891e+02,-9.416716459255370353e+01
4.684359257812500346e+02,-9.230203153665767957e+01
4.684362187500000232e+02,-9.142823562647679125e+01
4.684365117187500118e+02,-9.652594368556812299e+01
4.684368046875000005e+02,-1.028864961615327189e+02
4.684370976562499891e+02,-9.985002242500043224e+01
4.684373906250000346e+02,-9.490467289394588590e+01
4.684376835937500232e+02,-9.568345463475546353e+01
4.684379765625000118e+02,-9.481833503493177773e+01
4.684382695312500005e+02,-9.073283631060122900e+01
4.684385624999999891e+02,-9.518789979102464827e+01
4.684388554687500346e+02,-9.952526655595877969e+01
4.684391484375000232e+02,-1.048790204164265845e+02
4.684394414062500118e+02,-1.058933457331143302e+02
4.684397343750000005e+02,-9.954935877556869173e+01
4.684400273437499891e+02,-1.153359271239875881e+02
4.684403203125000346e+02,-1.014598634615498725e+02
4.684406132812500232e+02,-9.561723754098051131e+01
4.684409062500000118e+02,-1.000881406731632097e+02
4.684411992187500005e+02,-1.001595001514468066e+02
4.684414921874999891e+02,-9.968361296647265135e+01
4.684417851562500346e+02,-1.029018913203004786e+02
4.684420781250000232e+02,-9.961811432851888526e+01
4.684423710937500118e+02,-1.073948033878974968e+02
4.684426640625000005e+02,-9.758762994336257179e+01
4.684429570312499891e+02,-9.594570244557661454e+01
4.684432500000000346e+02,-9.630335868958646017e+01
4.684435429687500232e+02,-9.610597038109312962e+01
4.684438359375000118e+02,-9.593000040161528830e+01
4.684441289062500005e+02,-1.050303542926842510e+02
4.684444218749999891e+02,-9.777031720334258580e+01
4.684447148437500346e+02,-1.000012731984802059e+02
4.684450078125000232e+02,-1.054367642604507012e+02
4.684453007812500118e+02,-9.521078501295994556e+01
4.684455937500000005e+02,-1.013645970612205645e+02
4.684458867187499891e+02,-9.868467791520208721e+01
4.684461796875000346e+02,-9.999426498333691882e+01
4.684464726562500232e+02,-9.734844864071820325e+01
4.684467656250000118e+02,-9.493769366781336316e+01
4.684470585937500005e+02,-1.020017871487131345e+02
4.684473515624999891e+02,-1.076462356220944514e+02
4.684476445312500346e+02,-1.027598937612996366e+02
4.684479375000000232e+02,-9.631730418624357526e+01
4.684482304687500118e+02,-1.000193248993467421e+02
4.684485234375000005e+02,-1.159690048513491121e+02
4.684488164062499891e+02,-9.392282630092233831e+01
4.684491093750000346e+02,-9.960038513900607882e+01
4.684494023437500232e+02,-9.745069658251199485e+01
4.684496953125000118e+02,-1.097420952189946206e+02
4.684499882812500005e+02,-1.021688733821779351e+02
4.684502812499999891e+02,-1.048925782722506881e+02
4.684505742187500346e+02,-9.276548642287961854e+01
4.684508671875000232e+02,-9.347788176965070761e+01
4.684511601562500118e+02,-9.497710616860331356e+01
4.684514531250000005e+02,-9.867337588892485201e+01
4.684517460937499891e+02,-9.820762110928876609e+01
4.684520390625000346e+02,-9.613179656665593598e+01
4.684523320312500232e+02,-1.008772043213485858e+02
4.684526250000000118e+02,-9.967551707281126028e+01
4.684529179687500005e+02,-1.009189571500351121e+02
4.684532109374999891e+02,-1.056436764045017043e+02
4.684535039062500346e+02,-1.000080979027439980e+02
4.684537968750000232e+02,-1.057455118234590685e+02
4.684540898437500118e+02,-1.000980415660297353e+02
4.684543828125000005e+02,-1.056012129872267025e+02
4.684546757812499891e+02,-9.798872983070323528e+01
4.684549687500000346e+02,-1.002002299194194848e+02
4.684552617187500232e+02,-1.015719178156724354e+02
4.684555546875000118e+02,-9.684208560773888053e+01
4.684558476562500005e+02,-9.628155651044133378e+01
4.684561406249999891e+02,-1.042205596469632951e+02
4.684564335937500346e+02,-1.021853231723844999e+02
4.684567265625000232e+02,-1.132257392761938064e+02
4.684570195312500118e+02,-1.045753163496918319e+02
4.684573125000000005e+02,-1.087183216965370889e+02
4.684576054687499891e+02,-9.825576542534314228e+01
4.684578984375000346e+02,-9.871453211157532337e+01
4.684581914062500232e+02,-1.054186600386282464e+02
4.684584843750000118e+02,-1.004438669414645062e+02
4.684587773437500005e+02,-9.829514119472561617e+01
4.684590703124999891e+02,-9.598173976764270776e+01
4.684593632812500346e+02,-9.958976381240903208e+01
4.684596562500000232e+02,-1.021115395767088927e+02
4.684599492187500118e+02,-1.012292275616651835e+02
4.684602421875000005e+02,-1.040857372575510595e+02
4.684605351562499891e+02,-9.566220749636143239e+01
4.684608281250000346e+02,-9.839421656552828210e+01
4.684611210937500232e+02,-1.035797619306379147e+02
4.684614140625000118e+02,-9.646610642144061387e+01
4.684617070312500005e+02,-9.260290542528393587e+01
4.684619999999999891e+02,-9.494611130562827839e+01
4.684622929687500346e+02,-1.020460135338370691e+02
4.684625859375000232e+02,-9.767924432348570463e+01
4.684628789062500118e+02,-1.088515438634487253e+02
4.684631718750000005e+02,-1.053278891159690716e+02
4.684634648437499891e+02,-9.531593608652801208e+01
4.684637578125000346e+02,-9.840059013925637998e+01
4.684640507812500232e+02,-1.009206653581600932e+02
4.684643437500000118e+02,-1.016687883464663145e+02
4.684646367187500005e+02,-1.006468889922846017e+02
4.684649296874999891e+02,-1.060186850108946857e+02
4.684652226562500346e+02,-1.047184438215093110e+02
4.684655156250000232e+02,-1.010013743508966257e+02
4.684658085937500118e+02,-9.763371923598177204e+01
4.684661015625000005e+02,-9.808359772845803093e+01
4.684663945312499891e+02,-1.026137361750786425e+02
4.684666875000000346e+02,-1.031328389246325941e+02
4.684669804687500232e+02,-1.160645213465889327e+02
4.684672734375000118e+02,-9.785762401760922558e+01
4.684675664062500005e+02,-9.059980750032492836e+01
4.684678593749999891e+02,-9.267364040182872031e+01
4.684681523437500346e+02,-9.583289155658010827e+01
4.684684453125000232e+02,-1.028969668297061162e+02
4.684687382812500118e+02,-9.531111013999341708e+01
4.684690312500000005e+02,-9.573661444432367773e+01
4.684693242187499891e+02,-1.085731827883815299e+02
4.684696171875000346e+02,-1.003531381258690658e+02
4.684699101562500232e+02,-1.032233611362384522e+02
4.684702031250000118e+02,-1.039733467024858129e+02
4.684704960937500005e+02,-1.054075105663525136e+02
4.684707890624999891e+02,-1.067673964897240211e+02
4.684710820312500346e+02,-1.241271206362020791e+02
4.684713750000000232e+02,-9.857523781287882514e+01
4.684716679687500118e+02,-9.671687154665674768e+01
4.684719609375000005e+02,-1.003642987730658263e+02
4.684722539062499891e+02,-9.814577521602076615e+01
4.684725468750000346e+02,-1.019937931456314857e+02
4.684728398437500232e+02,-9.924800707739211703e+01
4.684731328125000118e+02,-9.806076107209915449e+01
4.684734257812500005e+02,-9.830810106267722404e+01
4.684737187499999891e+02,-9.719519579563305456e+01
4.684740117187500346e+02,-1.029736781719529404e+02
4.684743046875000232e+02,-9.422102186915866184e+01
4.684745976562500118e+02,-9.881746165188565101e+01
4.684748906250000005e+02,-1.077679250998158835e+02
4.684751835937499891e+02,-1.004200966074691905e+02
4.684754765625000346e+02,-9.701257212704044264e+01
4.684757695312500232e+02,-1.123040450516377717e+02
4.684760625000000118e+02,-1.021820331560046213e+02
4.684763554687500005e+02,-1.058939493939855794e+02
4.684766484374999891e+02,-1.062289476855290502e+02
4.684769414062500346e+02,-1.081993900847765246e+02
4.684772343750000232e+02,-1.029396379411351603e+02
4.684775273437500118e+02,-1.023171367280967274e+02
4.684778203125000005e+02,-1.010823702935816186e+02
4.684781132812499891e+02,-1.039574913876816851e+02
4.684784062500000346e+02,-1.063707043866149036e+02
4.684786992187500232e+02,-1.189122285725830608e+02
4.684789921875000118e+02,-1.009081069307846690e+02
4.684792851562500005e+02,-9.837027479405961117e+01
4.684795781249999891e+02,-1.039156477447046143e+02
4.684798710937500346e+02,-9.821803421425165936e+01
4.684801640625000232e+02,-1.002030402303889645e+02
4.684804570312500118e+02,-1.045552078425926084e+02
4.684807500000000005e+02,-1.015954041303324402e+02
4.684810429687499891e+02,-1.006879814156983741e+02
4.684813359375000346e+02,-1.083651505019505237e+02
4.684816289062500232e+02,-9.779135861725769985e+01
4.684819218750000118e+02,-9.551959181732584625e+01
4.684822148437500005e+02,-1.028722521554482086e+02
4.684825078124999891e+02,-1.108375897924839535e+02
4.684828007812500346e+02,-9.251889563127750193e+01
4.684830937500000232e+02,-9.178486110085616190e+01
4.684833867187500118e+02,-9.913565706220774132e+01
4.684836796875000005e+02,-1.044892070310990704e+02
4.684839726562499891e+02,-1.098786615335730943e+02
4.684842656250000346e+02,-1.058267382290113687e+02
4.684845585937500232e+02,-1.034148190742310760e+02
4.684848515625000118e+02,-1.096097026540862629e+02
4.684851445312500005e+02,-1.128875153815211121e+02
4.684854374999999891e+02,-1.019703701019994782e+02
4.684857304687500346e+02,-1.047775142857808248e+02
4.684860234375000232e+02,-9.678842596232897222e+01
4.684863164062500118e+02,-9.384715516276759217e+01
4.684866093750000005e+02,-9.658794505230559935e+01
4.684869023437499891e+02,-1.015065137535327153e+02
4.684871953125000346e+02,-9.471738235614435553e+01
4.684874882812500232e+02,-9.538431272637757274e+01
4.684877812500000118e+02,-1.146895367673903507e+02
4.684880742187500005e+02,-1.003810005522819750e+02
4.684883671874999891e+02,-1.053959082608165829e+02
4.684886601562500346e+02,-9.737775749062970476e+01
4.684889531250000232e+02,-1.039884691034108073e+02
4.684892460937500118e+02,-9.727941998777269816e+01
4.684895390625000005e+02,-9.241000300630631159e+01
4.684898320312499891e+02,-9.640260902460693160e+01
4.684901250000000346e+02,-1.003981092778972908e+02
4.684904179687500232e+02,-1.014148507187203165e+02
4.684907109375000118e+02,-1.065285415759657326e+02
4.684910039062500005e+02,-1.043109256675428185e+02
4.684912968749999891e+02,-1.049508791292290510e+02
4.684915898437500346e+02,-1.042475418194301255e+02
4.684918828125000232e+02,-1.048046448561402428e+02
4.684921757812500118e+02,-1.033617202791358380e+02
4.684924687500000005e+02,-1.072772861967507652e+02
4.684927617187499891e+02,-9.927563149291729871e+01
4.684930546875000346e+02,-9.871102970340955096e+01
4.684933476562500232e+02,-1.035104316995931129e+02
4.684936406250000118e+02,-9.932633506972543103e+01
4.684939335937500005e+02,-1.079926074478070461e+02
4.684942265624999891e+02,-9.779737866020215620e+01
4.684945195312500346e+02,-9.864933448662645787e+01
4.684948125000000232e+02,-1.038415005018597697e+02
4.684951054687500118e+02,-9.889708010403077765e+01
4.684953984375000005e+02,-1.105946837355563019e+02
4.684956914062499891e+02,-1.067091226007905220e+02
4.684959843750000346e+02,-9.986282670112368010e+01
4.684962773437500232e+02,-9.792880085854220340e+01
4.684965703125000118e+02,-1.012373224565947538e+02
4.684968632812500005e+02,-9.797930137998008604e+01
4.684971562499999891e+02,-9.931108495124902902e+01
4.684974492187500346e+02,-9.972985120157750316e+01
4.684977421875000232e+02,-1.011438763283735511e+02
4.684980351562500118e+02,-1.019996073127227589e+02
4.684983281250000005e+02,-9.828405471662195225e+01
4.684986210937499891e+02,-9.945581019907658060e+01
4.684989140625000346e+02,-9.859892931911483061e+01
4.684992070312500232e+02,-9.924090851164905303e+01
4.684995000000000118e+02,-9.953268198286673396e+01
4.684997929687500005e+02,-1.004206285193762938e+02
4.685000859374999891e+02,-9.823768696978544313e+01
4.685003789062500346e+02,-9.315972074794356672e+01
4.685006718750000232e+02,-9.456562455221077812e+01
4.685009648437500118e+02,-1.137598099589891376e+02
4.685012578125000005e+02,-9.467075735444133500e+01
4.685015507812499891e+02,-9.535140007182393163e+01
4.685018437500000346e+02,-1.115810712512160592e+02
4.685021367187500232e+02,-9.824959413841037303e+01
4.685024296875000118e+02,-9.452224175220737834e+01
4.685027226562500005e+02,-9.292459534661563225e+01
4.685030156249999891e+02,-9.192274804082673256e+01
4.685033085937500346e+02,-1.016460105313620801e+02
4.685036015625000232e+02,-1.003183586337875681e+02
4.685038945312500118e+02,-9.952057546717787773e+01
4.685041875000000005e+02,-1.011793399644870135e+02
4.685044804687499891e+02,-9.825527330204836574e+01
4.685047734375000346e+02,-9.957277366075513214e+01
4.685050664062500232e+02,-1.112153259456323156e+02
4.685053593750000118e+02,-1.095309394540160639e+02
4.685056523437500005e+02,-1.042011621830217223e+02
4.685059453124999891e+02,-1.000704479936281786e+02
4.685062382812500346e+02,-9.826827029608415387e+01
4.685065312500000232e+02,-1.009504137579276062e+02
4.685068242187500118e+02,-9.965957122183097283e+01
4.685071171875000005e+02,-1.008531580059124337e+02
4.685074101562499891e+02,-1.028673365826299175e+02
4.685077031250000346e+02,-1.052007424176465804e+02
4.685079960937500232e+02,-1.022355317968482922e+02
4.685082890625000118e+02,-9.783829281521336441e+01
4.685085820312500005e+02,-1.001261519225436416e+02
4.685088749999999891e+02,-9.898583398300959857e+01
4.685091679687500346e+02,-9.820983054038597970e+01
4.685094609375000232e+02,-9.534711615701371556e+01
4.685097539062500118e+02,-9.674283331944378972e+01
4.685100468750000005e+02,-1.095563646775197810e+02
4.685103398437499891e+02,-1.023916264680782007e+02
4.685106328125000346e+02,-1.026878926063590995e+02
4.685109257812500232e+02,-1.041542452733008020e+02
4.685112187500000118e+02,-9.805594363213339193e+01
4.685115117187500005e+02,-9.895738163296508105e+01
4.685118046874999891e+02,-1.005157213740149871e+02
4.685120976562500346e+02,-9.569481563135667557e+01
4.685123906250000232e+02,-9.262685848669701727e+01
4.685126835937500118e+02,-9.604093967860967496e+01
4.685129765625000005e+02,-1.000390584414510329e+02
4.685132695312499891e+02,-9.784617543832536057e+01
4.685135625000000346e+02,-9.701782820176070743e+01
4.685138554687500232e+02,-1.182587998889374319e+02
4.685141484375000118e+02,-1.035337828091554968e+02
4.685144414062500005e+02,-1.151209851387309868e+02
4.685147343749999891e+02,-1.024933702129040398e+02
4.685150273437500346e+02,-1.000159558947185587e+02
4.685153203125000232e+02,-1.107959976492531808e+02
4.685156132812500118e+02,-9.981343193882601383e+01
4.685159062500000005e+02,-1.003092614810370407e+02
4.685161992187499891e+02,-1.039121502246396602e+02
4.685164921875000346e+02,-1.114712916367233504e+02
4.685167851562500232e+02,-1.029201899906394289e+02
4.685170781250000118e+02,-1.111841091654150944e+02
4.685173710937500005e+02,-9.914225025350390297e+01
4.685176640624999891e+02,-9.807884569080540871e+01
4.685179570312500346e+02,-1.081563724273700871e+02
4.685182500000000232e+02,-1.033737206985539672e+02
4.685185429687500118e+02,-9.483685453528833875e+01
4.685188359375000005e+02,-9.091243809024848588e+01
4.685191289062499891e+02,-9.651488755218454685e+01
4.685194218750000346e+02,-1.003529303104038348e+02
4.685197148437500232e+02,-9.611979463120106004e+01
4.685200078125000118e+02,-9.941309590054478917e+01
4.685203007812500005e+02,-9.954609102700018752e+01
4.685205937499999891e+02,-1.003789515524941294e+02
4.685208867187500346e+02,-9.924757638031452700e+01
4.685211796875000232e+02,-1.007103317336337227e+02
4.685214726562500118e+02,-1.075162809899317296e+02
4.685217656250000005e+02,-1.033247706536046593e+02
4.685220585937499891e+02,-9.713412428637020923e+01
4.685223515625000346e+02,-1.250128111710028946e+02
4.685226445312500232e+02,-1.021265706541894076e+02
4.685229375000000118e+02,-1.049563958211045644e+02
4.685232304687500005e+02,-1.039129597572212447e+02
4.685235234374999891e+02,-1.138194688594479942e+02
4.685238164062500346e+02,-1.029751949991880906e+02
4.685241093750000232e+02,-1.096581229603380194e+02
4.685244023437500118e+02,-1.084489621257489631e+02
4.685246953125000005e+02,-1.029578972913673454e+02
4.685249882812499891e+02,-9.490951772175154133e+01
4.685252812500000346e+02,-9.683848874639647875e+01
4.685255742187500232e+02,-1.022610310757115144e+02
4.685258671875000118e+02,-9.730172107671421600e+01
4.685261601562500005e+02,-1.050141379228130489e+02
4.685264531249999891e+02,-9.507054137369111402e+01
4.685267460937500346e+02,-9.651728532234857028e+01
4.685270390625000232e+02,-1.118379313860432660e+02
4.685273320312500118e+02,-1.071789043021699825e+02
4.685276250000000005e+02,-1.012184037171338815e+02
4.685279179687499891e+02,-1.093483428735661107e+02
4.685282109375000346e+02,-1.106260014719797482e+02
4.685285039062500232e+02,-1.026147704274446539e+02
4.685287968750000118e+02,-1.029980646451292614e+02
4.685290898437500005e+02,-9.824719133773137969e+01
4.685293828124999891e+02,-1.009632980200726138e+02
4.685296757812500346e+02,-1.018985224682175499e+02
4.685299687500000232e+02,-1.062431680882208838e+02
4.685302617187500118e+02,-1.072563373388692440e+02
4.685305546875000005e+02,-1.036260233445344738e+02
4.685308476562499891e+02,-9.976268771994101314e+01
4.685311406250000346e+02,-9.608553886842642555e+01
4.685314335937500232e+02,-9.894850392860170984e+01
4.685317265625000118e+02,-9.747768432506657632e+01
4.685320195312500005e+02,-9.897225331207698673e+01
4.685323124999999891e+02,-1.040920592393103732e+02
4.685326054687500346e+02,-1.094752760891426959e+02
4.685328984375000232e+02,-1.044519147435600814e+02
4.685331914062500118e+02,-1.086901257211035841e+02
4.685334843750000005e+02,-1.010939032270189699e+02
4.685337773437499891e+02,-1.016319286452098538e+02
4.685340703125000346e+02,-1.045975648431244309e+02
4.685343632812500232e+02,-1.004351540294216250e+02
4.685346562500000118e+02,-1.061537407354153970e+02
4.685349492187500005e+02,-9.642539280734942508e+01
4.685352421874999891e+02,-9.436738584876698610e+01
4.685355351562500346e+02,-9.994645083310034295e+01
4.685358281250000232e+02,-1.106919190970636748e+02
4.685361210937500118e+02,-9.748209635539168971e+01
4.685364140625000005e+02,-9.995326873473850071e+01
4.685367070312499891e+02,-1.090706025804098545e+02
4.685370000000000346e+02,-9.822965546307115403e+01
4.685372929687500232e+02,-9.562017060136844293e+01
4.685375859375000118e+02,-1.000606724667828189e+02
4.685378789062500005e+02,-9.794195817553122652e+01
4.685381718749999891e+02,-1.095362777883899525e+02
4.685384648437500346e+02,-1.016334622892375847e+02
4.685387578125000232e+02,-1.040685926159027872e+02
4.685390507812500118e+02,-1.053921126926591967e+02
4.685393437500000005e+02,-9.861495925716556599e+01
4.685396367187499891e+02,-9.832977328063870459e+01
4.685399296875000346e+02,-9.387225080300279956e+01
4.685402226562500232e+02,-1.004270159672870619e+02
4.685405156250000118e+02,-1.005863627513011522e+02
4.685408085937500005e+02,-1.055543846743005219e+02
4.685411015624999891e+02,-1.007706759664928029e+02
4.685413945312500346e+02,-1.143269783842604426e+02
4.685416875000000232e+02,-1.011537105830821872e+02
4.685419804687500118e+02,-1.064401378846467736e+02
4.685422734375000005e+02,-1.063413568692163835e+02
4.685425664062499891e+02,-1.011964897807679762e+02
4.685428593750000346e+02,-9.748681864059973634e+01
4.685431523437500232e+02,-1.038783136905213809e+02
4.685434453125000118e+02,-1.023667044163513253e+02
4.685437382812500005e+02,-1.020749251288929145e+02
4.685440312499999891e+02,-1.032987351522510977e+02
4.685443242187500346e+02,-1.019669048784693786e+02
4.685446171875000232e+02,-1.052893985286039253e+02
4.685449101562500118e+02,-1.014042501456073069e+02
4.685452031250000005e+02,-9.976878583320001326e+01
4.685454960937499891e+02,-9.620532037398304226e+01
4.685457890625000346e+02,-1.010329120290496974e+02
4.685460820312500232e+02,-9.712832842610360728e+01
4.685463750000000118e+02,-9.745518032204493863e+01
4.685466679687500005e+02,-1.000637096866675932e+02
4.685469609374999891e+02,-1.007672925716659336e+02
4.685472539062500346e+02,-1.042063773116146308e+02
4.685475468750000232e+02,-9.654476777171808521e+01
4.685478398437500118e+02,-9.928650393265047569e+01
4.685481328125000005e+02,-1.079893208865264285e+02
4.685484257812499891e+02,-1.063374467690409375e+02
4.685487187500000346e+02,-1.031879832058429969e+02
4.685490117187500232e+02,-1.028792221560170788e+02
4.685493046875000118e+02,-1.018442737973980883e+02
4.685495976562500005e+02,-9.987854528083984462e+01
4.685498906249999891e+02,-1.105408412490223355e+02
4.685501835937500346e+02,-1.117788098109929535e+02
4.685504765625000232e+02,-9.666888966588230403e+01
4.685507695312500118e+02,-9.636427726135806893e+01
4.685510625000000005e+02,-1.014195907978032238e+02
4.685513554687499891e+02,-1.038473189018319687e+02
4.685516484375000346e+02,-1.027377939234876010e+02
4.685519414062500232e+02,-1.041458526595752687e+02
4.685522343750000118e+02,-1.113252575782523763e+02
4.685525273437500005e+02,-1.095656916354852797e+02
4.685528203124999891e+02,-1.027957519496838472e+02
4.685531132812500346e+02,-1.002420797475451479e+02
4.685534062500000232e+02,-9.971425207470984731e+01
4.685536992187500118e+02,-9.533907734028409209e+01
4.685539921875000005e+02,-9.629675495766802840e+01
4.685542851562499891e+02,-9.801351461065928561e+01
4.685545781250000346e+02,-9.936872141553237725e+01
4.685548710937500232e+02,-1.040827556206558029e+02
4.685551640625000118e+02,-1.007336066052763499e+02
4.685554570312500005e+02,-1.037181387496040941e+02
4.685557499999999891e+02,-1.084861404387919777e+02
4.685560429687500346e+02,-1.103421106881808385e+02
4.685563359375000232e+02,-1.065257379598560874e+02
4.685566289062500118e+02,-1.084882397681516863e+02
4.685569218750000005e+02,-9.729844297592394753e+01
4.685572148437499891e+02,-9.400692367059329513e+01
4.685575078125000346e+02,-1.017618949915192275e+02
4.685578007812500232e+02,-1.052334793512256113e+02
4.685580937500000118e+02,-9.707332096171298019e+01
4.685583867187500005e+02,-9.722713255570495505e+01
4.685586796874999891e+02,-9.890830953049758989e+01
4.685589726562500346e+02,-9.909490283699442159e+01
4.685592656250000232e+02,-1.060834497045331659e+02
4.685595585937500118e+02,-1.096204198224839530e+02
4.685598515625000005e+02,-1.029232662600703208e+02
4.685601445312499891e+02,-1.004948364762510806e+02
4.685604375000000346e+02,-1.108435459632072053e+02
4.685607304687500232e+02,-1.056722046805734152e+02
4.685610234375000118e+02,-1.021018587436260816e+02
4.685613164062500005e+02,-9.852675431160386665e+01
4.685616093749999891e+02,-9.754561571563340294e+01
4.685619023437500346e+02,-9.752668939093521772e+01
4.685621953125000232e+02,-1.059616188583221117e+02
4.685624882812500118e+02,-1.030053423671079713e+02
4.685627812500000005e+02,-9.951418076666655566e+01
4.685630742187499891e+02,-9.965519409142153506e+01
4.685633671875000346e+02,-1.015426068441348804e+02
4.685636601562500232e+02,-1.037495244316577327e+02
4.685639531250000118e+02,-1.059218103786015917e+02
4.685642460937500005e+02,-9.815600311381845700e+01
4.685645390624999891e+02,-9.750204241933175808e+01
4.685648320312500346e+02,-9.703030511706764116e+01
4.685651250000000232e+02,-1.048817917329462688e+02
4.685654179687500118e+02,-1.031332825624898106e+02
4.685657109375000005e+02,-1.004965900522148559e+02
4.685660039062499891e+02,-9.650979306643637301e+01
4.685662968750000346e+02,-9.520197237255047185e+01
4.685665898437500232e+02,-1.061070408760447634e+02
4.685668828125000118e+02,-1.052813730885098664e+02
4.685671757812500005e+02,-9.670379947296447654e+01
4.685674687499999891e+02,-9.519306573956626494e+01
4.685677617187500346e+02,-9.899953330467185708e+01
4.685680546875000232e+02,-1.144831224715428988e+02
4.685683476562500118e+02,-1.030515842201687917e+02
4.685686406250000005e+02,-9.484676396173705371e+01
4.685689335937499891e+02,-9.661858759561057752e+01
4.685692265625000346e+02,-9.851662321036550907e+01
4.685695195312500232e+02,-1.009917878212058326e+02
4.685698125000000118e+02,-1.080870913201689518e+02
4.685701054687500005e+02,-1.160414269902757951e+02
4.685703984374999891e+02,-1.074175303139530513e+02
4.685706914062500346e+02,-1.144137205567522244e+02
4.685709843750000232e+02,-9.961558188738115405e+01
4.685712773437500118e+02,-1.025399730480999239e+02
4.685715703125000005e+02,-9.866955587206639677e+01
4.685718632812499891e+02,-9.795448366894487435e+01
4.685721562500000346e+02,-9.801742114147879192e+01
4.685724492187500232e+02,-9.584619045766642387e+01
4.685727421875000118e+02,-9.694406381179410914e+01
4.685730351562500005e+02,-9.909553445714776387e+01
4.685733281249999891e+02,-9.628555405402877909e+01
4.685736210937500346e+02,-1.022152371482604849e+02
4.685739140625000232e+02,-1.050861271925646889e+02
4.685742070312500118e+02,-1.004963337666176244e+02
4.685745000000000005e+02,-1.089485444908879117e+02
4.685747929687499891e+02,-1.024960169260427989e+02
4.685750859375000346e+02,-9.822758985226953143e+01
4.685753789062500232e+02,-9.986768851050796059e+01
4.685756718750000118e+02,-1.087552987801719269e+02
4.685759648437500005e+02,-1.050506467025227550e+02
4.685762578124999891e+02,-9.519562196328450909e+01
4.685765507812500346e+02,-9.208830111417071862e+01
4.685768437500000232e+02,-9.615014833904581337e+01
4.685771367187500118e+02,-1.017586107219383393e+02
4.685774296875000005e+02,-9.841485523301544447e+01
4.685777226562499891e+02,-1.002681649624612703e+02
4.685780156250000346e+02,-1.088473837476116870e+02
4.685783085937500232e+02,-1.083158240557062157e+02
4.685786015625000118e+02,-1.062780837631096347e+02
4.685788945312500005e+02,-1.043154394974156105e+02
4.685791874999999891e+02,-1.040374311680640176e+02
4.685794804687500346e+02,-9.959614466445810876e+01
4.685797734375000232e+02,-9.821522354294820900e+01
4.685800664062500118e+02,-1.053790614929324931e+02
4.685803593750000005e+02,-1.241552119121287632e+02
4.685806523437499891e+02,-1.154511721918135834e+02
4.685809453125000346e+02,-9.544365892627536141e+01
4.685812382812500232e+02,-9.500454439155943476e+01
4.685815312500000118e+02,-1.024091466323471025e+02
4.685818242187500005e+02,-1.101206105176523238e+02
4.685821171874999891e+02,-9.874520713554302631e+01
4.685824101562500346e+02,-1.156802310849409423e+02
4.685827031250000232e+02,-9.850631848362664300e+01
4.685829960937500118e+02,-9.564339265364907305e+01
4.685832890625000005e+02,-9.923700182696524053e+01
4.685835820312499891e+02,-1.044753177829106221e+02
4.685838750000000346e+02,-1.048794189920169231e+02
4.685841679687500232e+02,-1.045175069240421948e+02
4.685844609375000118e+02,-1.028084247693300028e+02
4.685847539062500005e+02,-1.063925236585187548e+02
4.685850468749999891e+02,-1.060447607352164709e+02
4.685853398437500346e+02,-1.056590861545408586e+02
4.685856328125000232e+02,-1.031070685290420528e+02
4.685859257812500118e+02,-1.009854582846121218e+02
4.685862187500000005e+02,-1.056222876904490988e+02
4.685865117187499891e+02,-1.003296559630340141e+02
4.685868046875000346e+02,-1.027775432036833649e+02
4.685870976562500232e+02,-1.131608919976138452e+02
4.685873906250000118e+02,-1.029526517395728860e+02
4.685876835937500005e+02,-1.028308417299087125e+02
4.685879765624999891e+02,-1.057037876408212185e+02
4.685882695312500346e+02,-1.022172213143189765e+02
4.685885625000000232e+02,-1.065818062050294088e+02
4.685888554687500118e+02,-1.035472269961029212e+02
4.685891484375000005e+02,-1.049295420197428399e+02
4.685894414062499891e+02,-1.146002010237575917e+02
4.685897343750000346e+02,-1.010658876474718539e+02
4.685900273437500232e+02,-9.926887118110947483e+01
4.685903203125000118e+02,-1.085268543087716608e+02
4.685906132812500005e+02,-9.986904416667407247e+01
4.685909062499999891e+02,-9.931001948351902797e+01
4.685911992187500346e+02,-9.926580770772889650e+01
4.685914921875000232e+02,-1.062645610138857251e+02
4.685917851562500118e+02,-1.021301594940850777e+02
4.685920781250000005e+02,-9.566397240023542281e+01
4.685923710937499891e+02,-9.669822485612856156e+01
4.685926640625000346e+02,-1.014759109763557063e+02
4.685929570312500232e+02,-1.047854967599405995e+02
4.685932500000000118e+02,-1.077541057275794572e+02
4.685935429687500005e+02,-1.148121496720944634e+02
4.685938359374999891e+02,-1.120107962448584118e+02
4.685941289062500346e+02,-1.033428160236567805e+02
4.685944218750000232e+02,-1.052271171545115749e+02
4.685947148437500118e+02,-1.126567069309786717e+02
4.685950078125000005e+02,-1.200405896330716615e+02
4.685953007812499891e+02,-1.159902456761899145e+02
4.685955937500000346e+02,-1.022195206852989884e+02
4.685958867187500232e+02,-9.946293706350797947e+01
4.685961796875000118e+02,-9.682506570090981768e+01
4.685964726562500005e+02,-1.029343185086906090e+02
4.685967656249999891e+02,-1.078890978026846597e+02
4.685970585937500346e+02,-1.131829954719272422e+02
4.685973515625000232e+02,-1.113166425005809970e+02
4.685976445312500118e+02,-1.076813282781810841e+02
4.685979375000000005e+02,-1.024660080361832968e+02
4.685982304687499891e+02,-9.880553771995320744e+01
4.685985234375000346e+02,-1.004315137293781248e+02
4.685988164062500232e+02,-1.034084413720840558e+02
4.685991093750000118e+02,-1.065045605073946433e+02
4.685994023437500005e+02,-1.104938110911242291e+02
4.685996953124999891e+02,-1.050327236860498346e+02
4.685999882812500346e+02,-1.158750795163454939e+02
4.686002812500000232e+02,-1.054834798909086828e+02
4.686005742187500118e+02,-1.076886840061590647e+02
4.686008671875000005e+02,-1.099279834040164872e+02
4.686011601562499891e+02,-1.089299489328189594e+02
4.686014531250000346e+02,-1.090582134130716838e+02
4.686017460937500232e+02,-1.176130275369819742e+02
4.686020390625000118e+02,-1.027115668774374910e+02
4.686023320312500005e+02,-9.966846932242196999e+01
4.686026249999999891e+02,-1.152528112304809724e+02
4.686029179687500346e+02,-1.029285508966881650e+02
4.686032109375000232e+02,-1.001810688953240458e+02
4.686035039062500118e+02,-1.027696997806295940e+02
4.686037968750000005e+02,-1.027932622561785649e+02
4.686040898437499891e+02,-1.135695193966092518e+02
4.686043828125000346e+02,-1.025547350581752681e+02
4.686046757812500232e+02,-9.978679378096279606e+01
4.686049687500000118e+02,-1.003736050210607402e+02
4.686052617187500005e+02,-1.106821477510193859e+02
4.686055546874999891e+02,-1.001987260411305982e+02
4.686058476562500346e+02,-1.089260139798373217e+02
4.686061406250000232e+02,-9.966062829766272557e+01
4.686064335937500118e+02,-9.533132523460075447e+01
4.686067265625000005e+02,-9.949881867908815991e+01
4.686070195312499891e+02,-1.022454609616937091e+02
4.686073125000000346e+02,-1.141446946712955537e+02
4.686076054687500232e+02,-1.070094025354442380e+02
4.686078984375000118e+02,-1.083452014684040705e+02
4.686081914062500005e+02,-1.022579887649598476e+02
4.686084843749999891e+02,-1.101599512430603056e+02
4.686087773437500346e+02,-9.999417745337237307e+01
4.686090703125000232e+02,-9.673042280309192620e+01
4.686093632812500118e+02,-9.462866728764070956e+01
4.686096562500000005e+02,-9.444824442757571603e+01
4.686099492187499891e+02,-1.059226619133615799e+02
4.686102421875000346e+02,-1.008422044054968865e+02
4.686105351562500232e+02,-1.050355206295521526e+02
4.686108281250000118e+02,-1.019725526303407293e+02
4.686111210937500005e+02,-1.017569770566289264e+02
4.686114140624999891e+02,-1.066570096542453143e+02
4.686117070312500346e+02,-1.018790104447886620e+02
4.686120000000000232e+02,-1.016893740140792488e+02
4.686122929687500118e+02,-1.004997284294986883e+02
4.686125859375000005e+02,-1.091720935281039147e+02
4.686128789062499891e+02,-1.028485879240396059e+02
4.686131718750000346e+02,-1.021233950377857695e+02
4.686134648437500232e+02,-1.089621081815852079e+02
4.686137578125000118e+02,-1.098561177906654223e+02
4.686140507812500005e+02,-1.041688110449547224e+02
4.686143437499999891e+02,-1.037080798579722227e+02
4.686146367187500346e+02,-1.076527455513339362e+02
4.686149296875000232e+02,-1.075737510611833869e+02
4.686152226562500118e+02,-9.743242224607057267e+01
4.686155156250000005e+02,-9.639819859455739959e+01
4.686158085937499891e+02,-1.023256928749227086e+02
4.686161015625000346e+02,-1.089274502822736821e+02
4.686163945312500232e+02,-9.978920813726398364e+01
4.686166875000000118e+02,-9.591222455111400791e+01
4.686169804687500005e+02,-9.685784611328621452e+01
4.686172734374999891e+02,-9.889306464105831651e+01
4.686175664062500346e+02,-1.003044190264857747e+02
4.686178593750000232e+02,-1.135310692579396914e+02
4.686181523437500118e+02,-1.030714631147665017e+02
4.686184453125000005e+02,-1.012210812710167005e+02
4.686187382812499891e+02,-9.753534528493480593e+01
4.686190312500000346e+02,-1.008458168389456659e+02
4.686193242187500232e+02,-1.025415894508373214e+02
4.686196171875000118e+02,-1.120411395537957162e+02
4.686199101562500005e+02,-1.103461343100393464e+02
4.686202031249999891e+02,-1.058537840400651788e+02
4.686204960937500346e+02,-1.162437527432978044e+02
4.686207890625000232e+02,-1.041801715485179756e+02
4.686210820312500118e+02,-1.083634119500294162e+02
4.686213750000000005e+02,-1.129865702893233106e+02
4.686216679687499891e+02,-1.071981668711384685e+02
4.686219609375000346e+02,-1.119799318325709976e+02
4.686222539062500232e+02,-1.072353686747314327e+02
4.686225468750000118e+02,-1.075928859317763795e+02
4.686228398437500005e+02,-1.016184520280602754e+02
4.686231328124999891e+02,-1.023128035451719740e+02
4.686234257812500346e+02,-1.051170522355373436e+02
4.686237187500000232e+02,-1.177906832735210969e+02
4.686240117187500118e+02,-1.023785127996363684e+02
4.686243046875000005e+02,-9.852397070174505700e+01
4.686245976562499891e+02,-1.042213215931400185e+02
4.686248906250000346e+02,-9.993430740491236008e+01
4.686251835937500232e+02,-1.033255830733269534e+02
4.686254765625000118e+02,-1.093911375329125804e+02
4.686257695312500005e+02,-9.891638292504609353e+01
4.686260624999999891e+02,-9.803646981460566678e+01
4.686263554687500346e+02,-1.013745823981327732e+02
4.686266484375000232e+02,-1.002862362156999012e+02
4.686269414062500118e+02,-1.003066363451091831e+02
4.686272343750000005e+02,-9.893572480995433693e+01
4.686275273437499891e+02,-1.034983499216198197e+02
4.686278203125000346e+02,-1.193682330085872536e+02
4.686281132812500232e+02,-1.045485428464836986e+02
4.686284062500000118e+02,-9.796332468680418515e+01
4.686286992187500005e+02,-1.112784975713921796e+02
4.686289921874999891e+02,-1.053976912348288408e+02
4.686292851562500346e+02,-1.063164292416586676e+02
4.686295781250000232e+02,-1.058182250774554376e+02
4.686298710937500118e+02,-1.068689892059102675e+02
4.686301640625000005e+02,-1.088078430172942319e+02
4.686304570312499891e+02,-1.106178398346675067e+02
4.686307500000000346e+02,-1.041606252193611084e+02
4.686310429687500232e+02,-9.831709660165886078e+01
4.686313359375000118e+02,-1.007599303293763739e+02
4.686316289062500005e+02,-1.061427603152608725e+02
4.686319218749999891e+02,-1.007403302890063514e+02
4.686322148437500346e+02,-1.101843709696636324e+02
4.686325078125000232e+02,-1.117772146171850665e+02
4.686328007812500118e+02,-1.031692336815085298e+02
4.686330937500000005e+02,-1.025365526721060974e+02
4.686333867187499891e+02,-1.040304089097744509e+02
4.686336796875000346e+02,-1.024864774960575318e+02
4.686339726562500232e+02,-9.627401884836821466e+01
4.686342656250000118e+02,-9.382900875365577065e+01
4.686345585937500005e+02,-9.827381190387893639e+01
4.686348515624999891e+02,-1.041792310022835011e+02
4.686351445312500346e+02,-1.009883230067657962e+02
4.686354375000000232e+02,-1.013369145366741009e+02
4.686357304687500118e+02,-1.010921312157864236e+02
4.686360234375000005e+02,-1.039142937531431841e+02
4.686363164062499891e+02,-1.134594760176004513e+02
4.686366093750000346e+02,-1.145757996778134498e+02
4.686369023437500232e+02,-1.134410135499712027e+02
4.686371953125000118e+02,-1.130975750802118540e+02
4.686374882812500005e+02,-1.062291549765870116e+02
4.686377812499999891e+02,-1.124923412710581090e+02
4.686380742187500346e+02,-1.058356040423285265e+02
4.686383671875000232e+02,-1.051322431754478544e+02
4.686386601562500118e+02,-1.074803932781224773e+02
4.686389531250000005e+02,-1.029705169188250125e+02
4.686392460937499891e+02,-9.618924521159533469e+01
4.686395390625000346e+02,-9.959189416716567678e+01
4.686398320312500232e+02,-1.054404335365359344e+02
4.686401250000000118e+02,-1.012384654103195487e+02
4.686404179687500005e+02,-1.092638270394050579e+02
4.686407109374999891e+02,-1.041662398797760005e+02
4.686410039062500346e+02,-1.164377499635628368e+02
4.686412968750000232e+02,-1.021321514007434530e+02
4.686415898437500118e+02,-1.036367713303938700e+02
4.686418828125000005e+02,-1.173921001595719673e+02
4.686421757812499891e+02,-1.018430737508899000e+02
4.686424687500000346e+02,-9.782509959223119722e+01
4.686427617187500232e+02,-9.766301291705347865e+01
4.686430546875000118e+02,-1.017029852983859115e+02
4.686433476562500005e+02,-9.856152041173864120e+01
4.686436406249999891e+02,-1.026074698398722660e+02
4.686439335937500346e+02,-1.019311927412811656e+02
4.686442265625000232e+02,-1.099440296252764284e+02
4.686445195312500118e+02,-1.068450375541657849e+02
4.686448125000000005e+02,-1.028790649621418396e+02
4.686451054687499891e+02,-1.033412250681602700e+02
4.686453984375000346e+02,-1.106573757687744148e+02
4.686456914062500232e+02,-9.994840099939156630e+01
4.686459843750000118e+02,-1.034098758548354482e+02
4.686462773437500005e+02,-1.028798896905603328e+02
4.686465703124999891e+02,-1.045604865245128394e+02
4.686468632812500346e+02,-1.015838551830803596e+02
4.686471562500000232e+02,-1.103393228704552200e+02
4.686474492187500118e+02,-1.138874718204886136e+02
4.686477421875000005e+02,-1.069561560204637516e+02
4.686480351562499891e+02,-1.080712241674258678e+02
4.686483281250000346e+02,-1.017362520080160948e+02
4.686486210937500232e+02,-9.736658916982418077e+01
4.686489140625000118e+02,-1.048919088291126798e+02
4.686492070312500005e+02,-1.018300874501820488e+02
4.686494999999999891e+02,-1.058897353082765278e+02
4.686497929687500346e+02,-1.016940434530785211e+02
4.686500859375000232e+02,-9.872247786182734330e+01
4.686503789062500118e+02,-1.010045882443145615e+02
4.686506718750000005e+02,-9.971150748923682272e+01
4.686509648437499891e+02,-9.626920057510747597e+01
4.686512578125000346e+02,-9.812298154470016698e+01
4.686515507812500232e+02,-1.029045723979893836e+02
4.686518437500000118e+02,-1.059534900939050175e+02
4.686521367187500005e+02,-1.068806801467140417e+02
4.686524296874999891e+02,-1.066567395926481083e+02
4.686527226562500346e+02,-1.051820765248550060e+02
4.686530156250000232e+02,-9.852735642718255349e+01
4.686533085937500118e+02,-9.504577660208475720e+01
4.686536015625000005e+02,-9.757964266077765103e+01
4.686538945312499891e+02,-1.005422214884502949e+02
4.686541875000000346e+02,-1.012083697170629790e+02
4.686544804687500232e+02,-9.856791707737384911e+01
4.686547734375000118e+02,-1.007560511675858095e+02
4.686550664062500005e+02,-9.891015471330189257e+01
4.686553593749999891e+02,-9.652905336355708243e+01
4.686556523437500346e+02,-1.046512523021988557e+02
4.686559453125000232e+02,-1.143592912910970938e+02
4.686562382812500118e+02,-1.112988642203846013e+02
4.686565312500000005e+02,-1.048975836335551719e+02
4.686568242187499891e+02,-1.064157718801947681e+02
4.686571171875000346e+02,-9.963630785751701069e+01
4.686574101562500232e+02,-1.046129654996866236e+02
4.686577031250000118e+02,-1.030629235899288858e+02
4.686579960937500005e+02,-1.013763770395931090e+02
4.686582890624999891e+02,-1.009228187648858324e+02
4.686585820312500346e+02,-1.010045646841773106e+02
4.686588750000000232e+02,-1.061104007317295128e+02
4.686591679687500118e+02,-1.073066381757326582e+02
4.686594609375000005e+02,-1.035666818957462567e+02
4.686597539062499891e+02,-1.018685396524315223e+02
4.686600468750000346e+02,-1.087361691596474600e+02
4.686603398437500232e+02,-1.109331003077264057e+02
4.686606328125000118e+02,-9.902254141412768718e+01
4.686609257812500005e+02,-9.700867211457847361e+01
4.686612187499999891e+02,-1.060335835001288416e+02
4.686615117187500346e+02,-1.119516713308038049e+02
4.686618046875000232e+02,-9.931931043237145218e+01
4.686620976562500118e+02,-9.765273093307601471e+01
4.686623906250000005e+02,-1.008024260697269625e+02
4.686626835937499891e+02,-1.045050939194633912e+02
4.686629765625000346e+02,-1.030644151936153037e+02
4.686632695312500232e+02,-9.971477881204835114e+01
4.686635625000000118e+02,-9.652787870740448284e+01
4.686638554687500005e+02,-9.686523139627470869e+01
4.686641484374999891e+02,-9.828248989690690962e+01
4.686644414062500346e+02,-1.074400245892644250e+02
4.686647343750000232e+02,-1.039374002348721717e+02
4.686650273437500118e+02,-1.122814776496910980e+02
4.686653203125000005e+02,-1.054690841473515519e+02
4.686656132812499891e+02,-1.039813619099331845e+02
4.686659062500000346e+02,-1.070505473155609195e+02
4.686661992187500232e+02,-1.009491791077856249e+02
4.686664921875000118e+02,-1.061964158390531878e+02
4.686667851562500005e+02,-1.045750145911901825e+02
4.686670781249999891e+02,-1.162175160142288775e+02
4.686673710937500346e+02,-1.046516451674492032e+02
4.686676640625000232e+02,-1.109143227110279781e+02
4.686679570312500118e+02,-1.014597173113154582e+02
4.686682500000000005e+02,-1.078704341810112197e+02
4.686685429687499891e+02,-1.165704325000476160e+02
4.686688359375000346e+02,-1.021294519831228342e+02
4.686691289062500232e+02,-1.042138425388323242e+02
4.686694218750000118e+02,-1.028960112087285950e+02
4.686697148437500005e+02,-1.060724820671789104e+02
4.686700078124999891e+02,-1.071896020335732942e+02
4.686703007812500346e+02,-1.096066813170283183e+02
4.686705937500000232e+02,-1.009779938601500646e+02
4.686708867187500118e+02,-1.047539646646039557e+02
4.686711796875000005e+02,-1.002360975939477328e+02
4.686714726562499891e+02,-1.054770589805527692e+02
4.686717656250000346e+02,-1.009777736509134058e+02
4.686720585937500232e+02,-1.046512702200177927e+02
4.686723515625000118e+02,-1.020684308832694001e+02
4.686726445312500005e+02,-1.044135442976116792e+02
4.686729374999999891e+02,-1.099632912027147142e+02
4.686732304687500346e+02,-1.099218441685471390e+02
4.686735234375000232e+02,-1.030535641316035367e+02
4.686738164062500118e+02,-1.048731336572351722e+02
4.686741093750000005e+02,-1.080216402568319012e+02
4.686744023437499891e+02,-1.029368371598393850e+02
4.686746953125000346e+02,-1.021058962441195774e+02
4.686749882812500232e+02,-9.945893950853891852e+01
4.686752812500000118e+02,-1.083547580334491869e+02
4.686755742187500005e+02,-1.433751739206803677e+02
4.686758671874999891e+02,-1.094474148066185393e+02
4.686761601562500346e+02,-1.021077268563995517e+02
4.686764531250000232e+02,-1.107717004909680583e+02
4.686767460937500118e+02,-1.064894004470407083e+02
4.686770390625000005e+02,-1.000661733499411241e+02
4.686773320312499891e+02,-9.937471438284737246e+01
4.686776250000000346e+02,-1.060257957748715967e+02
4.686779179687500232e+02,-1.069189056208237218e+02
4.686782109375000118e+02,-1.072095448313152275e+02
4.686785039062500005e+02,-1.257242538143883053e+02
4.686787968749999891e+02,-1.050035302444191245e+02
4.686790898437500346e+02,-1.060895493249880275e+02
4.686793828125000232e+02,-1.136608879836372239e+02
4.686796757812500118e+02,-1.017470436841517056e+02
4.686799687500000005e+02,-1.007418257659187333e+02
4.686802617187499891e+02,-1.130784534559740564e+02
4.686805546875000346e+02,-1.098396308146588609e+02
4.686808476562500232e+02,-1.015440822220679991e+02
4.686811406250000118e+02,-1.020224026405722242e+02
4.686814335937500005e+02,-1.032592791437382118e+02
4.686817265624999891e+02,-1.173000873391577841e+02
4.686820195312500346e+02,-1.030858298620239424e+02
4.686823125000000232e+02,-1.062444853152274220e+02
4.686826054687500118e+02,-1.071206265609579447e+02
4.686828984375000005e+02,-1.044649279533640538e+02
4.686831914062499891e+02,-1.177475008568690100e+02
4.686834843750000346e+02,-1.101626076359865181e+02
4.686837773437500232e+02,-1.114257288521101117e+02
4.686840703125000118e+02,-1.130786217284277768e+02
4.686843632812500005e+02,-1.090256943153823954e+02
4.686846562499999891e+02,-1.010067054675165110e+02
4.686849492187500346e+02,-1.061996458678534054e+02
4.686852421875000232e+02,-1.149465082576859487e+02
4.686855351562500118e+02,-1.060681780269344330e+02
4.686858281250000005e+02,-1.053694449304699958e+02
4.686861210937499891e+02,-1.020741214960930847e+02
4.686864140625000346e+02,-1.047482875586944147e+02
4.686867070312500232e+02,-1.092648959875092203e+02
4.686870000000000118e+02,-1.097858333130070605e+02
4.686872929687500005e+02,-1.062532883512004389e+02
4.686875859374999891e+02,-1.076373121770837429e+02
4.686878789062500346e+02,-1.001654233410924917e+02
4.686881718750000232e+02,-1.020898118085585651e+02
4.686884648437500118e+02,-1.005730424304873338e+02
4.686887578125000005e+02,-1.000653311627556121e+02
4.686890507812499891e+02,-1.005693339982436640e+02
4.686893437500000346e+02,-1.059173100277336630e+02
4.686896367187500232e+02,-1.096968674715514851e+02
4.686899296875000118e+02,-1.076973078021577379e+02
4.686902226562500005e+02,-1.084685475969372561e+02
4.686905156249999891e+02,-1.084888646534790979e+02
4.686908085937500346e+02,-1.057612754319685990e+02
4.686911015625000232e+02,-1.041909996442891781e+02
4.686913945312500118e+02,-1.059500329677282764e+02
4.686916875000000005e+02,-1.076709147672819427e+02
4.686919804687499891e+02,-1.034289786786560512e+02
4.686922734375000346e+02,-9.891668204614853721e+01
4.686925664062500232e+02,-1.016856447800253136e+02
4.686928593750000118e+02,-1.204368875237599354e+02
4.686931523437500005e+02,-1.194355724862346193e+02
4.686934453124999891e+02,-1.077314382249051192e+02
4.686937382812500346e+02,-1.025345975890810024e+02
4.686940312500000232e+02,-1.061676295488874047e+02
4.686943242187500118e+02,-1.170430694832338503e+02
4.686946171875000005e+02,-1.113335629153280308e+02
4.686949101562499891e+02,-1.034081596607166489e+02
4.686952031250000346e+02,-1.011932718314768351e+02
4.686954960937500232e+02,-1.018310736226524540e+02
4.686957890625000118e+02,-1.002550014593105914e+02
4.686960820312500005e+02,-1.150877170289995632e+02
4.686963749999999891e+02,-1.058131752977694617e+02
4.686966679687500346e+02,-1.045820511002766864e+02
4.686969609375000232e+02,-1.065396544673995294e+02
4.686972539062500118e+02,-1.068857631203027694e+02
4.686975468750000005e+02,-1.163911603631157732e+02
4.686978398437499891e+02,-1.022153605927356779e+02
4.686981328125000346e+02,-9.948484910096047429e+01
4.686984257812500232e+02,-9.835883269816531538e+01
4.686987187500000118e+02,-1.035456831870252188e+02
4.686990117187500005e+02,-1.020723015132176812e+02
4.686993046874999891e+02,-1.101467234526217140e+02
4.686995976562500346e+02,-1.086690567127029965e+02
4.686998906250000232e+02,-1.075336877634261441e+02
4.687001835937500118e+02,-1.115454277741424676e+02
4.687004765625000005e+02,-1.032246690400191227e+02
4.687007695312499891e+02,-1.010168548545465086e+02
4.687010625000000346e+02,-1.058968539667397835e+02
4.687013554687500232e+02,-1.046805002917815273e+02
4.687016484375000118e+02,-1.060096603386393213e+02
4.687019414062500005e+02,-1.049915728084558850e+02
4.687022343749999891e+02,-1.092767810626515086e+02
4.687025273437500346e+02,-1.042509574878968408e+02
4.687028203125000232e+02,-1.033783882467529622e+02
4.687031132812500118e+02,-1.096968902182514398e+02
4.687034062500000005e+02,-1.133706546291993504e+02
4.687036992187499891e+02,-1.109008572746850518e+02
4.687039921875000346e+02,-1.175474897483887275e+02
4.687042851562500232e+02,-1.175316841811397381e+02
4.687045781250000118e+02,-1.105495114422617178e+02
4.687048710937500005e+02,-1.013312696348990016e+02
4.687051640624999891e+02,-1.016923163907798084e+02
4.687054570312500346e+02,-1.054024943192371353e+02
4.687057500000000232e+02,-1.003572630836103343e+02
4.687060429687500118e+02,-1.010014902201364038e+02
4.687063359375000005e+02,-9.890229269381570987e+01
4.687066289062499891e+02,-1.019901846639206440e+02
4.687069218750000346e+02,-1.140532974021731007e+02
4.687072148437500232e+02,-1.017345944467678294e+02
4.687075078125000118e+02,-1.189681946630471856e+02
4.687078007812500005e+02,-1.097826007033712301e+02
4.687080937499999891e+02,-1.073746779119718298e+02
4.687083867187500346e+02,-1.063989164606068130e+02
4.687086796875000232e+02,-1.079761114577457590e+02
4.687089726562500118e+02,-1.009125360652549119e+02
4.687092656250000005e+02,-1.004400507858676548e+02
4.687095585937499891e+02,-1.064522866335900773e+02
4.687098515625000346e+02,-1.097611541581769501e+02
4.687101445312500232e+02,-1.232986469397427953e+02
4.687104375000000118e+02,-1.089428626909994904e+02
4.687107304687500005e+02,-1.041166776770879068e+02
4.687110234374999891e+02,-1.171274441104757926e+02
4.687113164062500346e+02,-1.152084341197516579e+02
4.687116093750000232e+02,-1.103743133311714786e+02
4.687119023437500118e+02,-1.086114199870611969e+02
4.687121953125000005e+02,-1.268886129713464470e+02
4.687124882812499891e+02,-1.162708118779083435e+02
4.687127812500000346e+02,-1.058841799280645830e+02
4.687130742187500232e+02,-1.113620664406716543e+02
4.687133671875000118e+02,-1.080798701631216119e+02
4.687136601562500005e+02,-1.062125845349928710e+02
4.687139531249999891e+02,-1.041189466621482609e+02
4.687142460937500346e+02,-1.056726350705277753e+02
4.687145390625000232e+02,-1.124987340467890817e+02
4.687148320312500118e+02,-1.027071050569158075e+02
4.687151250000000005e+02,-1.058568539048781361e+02
4.687154179687499891e+02,-1.081713690029974089e+02
4.687157109375000346e+02,-1.101004079130397315e+02
4.687160039062500232e+02,-1.142692347435004194e+02
4.687162968750000118e+02,-1.184899188501645853e+02
4.687165898437500005e+02,-1.138353850344000762e+02
4.687168828124999891e+02,-1.075374948020900803e+02
4.687171757812500346e+02,-1.025258551483320559e+02
4.687174687500000232e+02,-9.910044681166036185e+01
4.687177617187500118e+02,-1.119914242909997313e+02
4.687180546875000005e+02,-1.057363797028801855e+02
4.687183476562499891e+02,-1.015273863030284218e+02
4.687186406250000346e+02,-1.112936573789905026e+02
4.687189335937500232e+02,-1.096210193773241883e+02
4.687192265625000118e+02,-1.045810517570795639e+02
4.687195195312500005e+02,-1.039728401314673221e+02
4.687198124999999891e+02,-1.048678413308701494e+02
4.687201054687500346e+02,-1.048995652973173094e+02
4.687203984375000232e+02,-1.055894790167407535e+02
4.687206914062500118e+02,-1.110783965479622424e+02
4.687209843750000005e+02,-1.031916516500660066e+02
4.687212773437499891e+02,-1.009180082320705480e+02
4.687215703125000346e+02,-1.027112801697359288e+02
4.687218632812500232e+02,-1.092473253908962505e+02
4.687221562500000118e+02,-1.035236005721570223e+02
4.687224492187500005e+02,-1.084908711437204545e+02
4.687227421874999891e+02,-1.166834130277760408e+02
4.687230351562500346e+02,-1.101658566371426957e+02
4.687233281250000232e+02,-1.112450409636465736e+02
4.687236210937500118e+02,-1.226056170325841919e+02
4.687239140625000005e+02,-1.061476875809820513e+02
4.687242070312499891e+02,-1.058396393219803144e+02
4.687245000000000346e+02,-1.086909895470241167e+02
4.687247929687500232e+02,-1.104040241969336478e+02
4.687250859375000118e+02,-1.127776519335523915e+02
4.687253789062500005e+02,-1.138895757559277087e+02
4.687256718749999891e+02,-1.054616683218631437e+02
4.687259648437500346e+02,-1.032315190517823424e+02
4.687262578125000232e+02,-1.095640842360766101e+02
4.687265507812500118e+02,-1.071086466264977588e+02
4.687268437500000005e+02,-1.009393064128853723e+02
4.687271367187499891e+02,-9.800614435533832136e+01
4.687274296875000346e+02,-9.895441158095940182e+01
4.687277226562500232e+02,-1.018168300776909518e+02
4.687280156250000118e+02,-1.075024665524426268e+02
4.687283085937500005e+02,-9.956482537558170520e+01
4.687286015624999891e+02,-1.038063760475642141e+02
4.687288945312500346e+02,-9.827026522778868411e+01
4.687291875000000232e+02,-1.102840425599403176e+02
4.687294804687500118e+02,-1.035642272221873839e+02
4.687297734375000005e+02,-1.104294540667696509e+02
4.687300664062499891e+02,-1.097499831792217719e+02
4.687303593750000346e+02,-1.019704467512024166e+02
4.687306523437500232e+02,-1.039207131567351325e+02
4.687309453125000118e+02,-1.054203540421781611e+02
4.687312382812500005e+02,-1.093961478351990735e+02
4.687315312499999891e+02,-1.070525553874651479e+02
4.687318242187500346e+02,-1.120356187647781354e+02
4.687321171875000232e+02,-1.071935281497770518e+02
4.687324101562500118e+02,-1.107068609058808306e+02
4.687327031250000005e+02,-1.101681730320152184e+02
4.687329960937499891e+02,-1.047807845134374816e+02
4.687332890625000346e+02,-1.028990426579017026e+02
4.687335820312500232e+02,-1.019257371356031285e+02
4.687338750000000118e+02,-9.701249106868633021e+01
4.687341679687500005e+02,-9.807403556771791386e+01
4.687344609374999891e+02,-1.057216463203477588e+02
4.687347539062500346e+02,-1.143232772331030134e+02
4.687350468750000232e+02,-1.080081236347069762e+02
4.687353398437500118e+02,-1.120944909935695364e+02
4.687356328125000005e+02,-1.057837987970951872e+02
4.687359257812499891e+02,-1.054142891813431646e+02
4.687362187500000346e+02,-1.154697228430395057e+02
4.687365117187500232e+02,-1.026007486386335046e+02
4.687368046875000118e+02,-1.044190702636348931e+02
4.687370976562500005e+02,-1.105366041799284602e+02
4.687373906249999891e+02,-1.168472760876697407e+02
4.687376835937500346e+02,-1.102354239555440785e+02
4.687379765625000232e+02,-9.914436253574251623e+01
4.687382695312500118e+02,-9.960376373134354822e+01
4.687385625000000005e+02,-9.982595024806624906e+01
4.687388554687499891e+02,-1.050100624006180965e+02
4.687391484375000346e+02,-1.015745318340567280e+02
4.687394414062500232e+02,-1.060390232094744789e+02
4.687397343750000118e+02,-1.093454515201376012e+02
4.687400273437500005e+02,-1.109690057290389973e+02
4.687403203124999891e+02,-1.048574323370881558e+02
4.687406132812500346e+02,-1.159610971935746875e+02
4.687409062500000232e+02,-1.074816074650845223e+02
4.687411992187500118e+02,-1.119125995337656576e+02
4.687414921875000005e+02,-1.046075403252372951e+02
4.687417851562499891e+02,-1.080033894631716009e+02
4.687420781250000346e+02,-1.134082162380533418e+02
4.687423710937500232e+02,-1.069184793459450731e+02
4.687426640625000118e+02,-9.942641862693788823e+01
4.687429570312500005e+02,-9.640482831897352867e+01
4.687432499999999891e+02,-9.886372603998337638e+01
4.687435429687500346e+02,-1.083200694133475679e+02
4.687438359375000232e+02,-1.017723256150515567e+02
4.687441289062500118e+02,-1.055505084616462597e+02
4.687444218750000005e+02,-1.032603429410306433e+02
4.687447148437499891e+02,-1.050335540153556479e+02
4.687450078125000346e+02,-1.070292092633138878e+02
4.687453007812500232e+02,-1.063387647933403741e+02
4.687455937500000118e+02,-1.107265074682802037e+02
4.687458867187500005e+02,-1.071913997950862267e+02
4.687461796874999891e+02,-1.059001712886209816e+02
4.687464726562500346e+02,-1.050905228131040161e+02
4.687467656250000232e+02,-1.099711322008506897e+02
4.687470585937500118e+02,-1.088608068996366853e+02
4.687473515625000005e+02,-1.024391249160864845e+02
4.687476445312499891e+02,-1.012038640864749084e+02
4.687479375000000346e+02,-1.040297161240510491e+02
4.687482304687500232e+02,-1.156830472207944638e+02
4.687485234375000118e+02,-1.066037932163364275e+02
4.687488164062500005e+02,-1.005542693664510239e+02
4.687491093749999891e+02,-9.874378363693823246e+01
4.687494023437500346e+02,-1.165579116377910651e+02
4.687496953125000232e+02,-1.023781246236884357e+02
4.687499882812500118e+02,-9.908365388042113864e+01
4.687502812500000005e+02,-1.080746445036662209e+02
4.687505742187499891e+02,-1.053051549138422729e+02
4.687508671875000346e+02,-1.078767345459590530e+02
4.687511601562500232e+02,-9.872579608768484150e+01
4.687514531250000118e+02,-1.002743206192159278e+02
4.687517460937500005e+02,-1.071071746936326576e+02
4.687520390624999891e+02,-1.074135052169789333e+02
4.687523320312500346e+02,-1.056929810220164399e+02
4.687526250000000232e+02,-1.064212797132670687e+02
4.687529179687500118e+02,-1.104687127687965784e+02
4.687532109375000005e+02,-1.074382492957385864e+02
4.687535039062499891e+02,-1.036974539339238390e+02
4.687537968750000346e+02,-1.058163547548688967e+02
4.687540898437500232e+02,-1.056347204607428978e+02
4.687543828125000118e+02,-1.058194227360241513e+02
4.687546757812500005e+02,-1.090533078952485653e+02
4.687549687499999891e+02,-1.043133630953731767e+02
4.687552617187500346e+02,-1.026606216311477482e+02
4.687555546875000232e+02,-1.133156757584483074e+02
4.687558476562500118e+02,-1.077047435498850518e+02
4.687561406250000005e+02,-1.081516937773204603e+02
4.687564335937499891e+02,-1.051989559372797203e+02
4.687567265625000346e+02,-1.052725557323255856e+02
4.687570195312500232e+02,-1.051542787773282015e+02
4.687573125000000118e+02,-1.109388576891280707e+02
4.687576054687500005e+02,-1.077705594967257525e+02
4.687578984374999891e+02,-1.068407479043040240e+02
4.687581914062500346e+02,-1.074173869321425059e+02
4.687584843750000232e+02,-1.032424411151803838e+02
4.687587773437500118e+02,-1.054852377982314948e+02
4.687590703125000005e+02,-1.134276690568256356e+02
4.687593632812499891e+02,-1.214243171966923285e+02
4.687596562500000346e+02,-1.068054678084351110e+02
4.687599492187500232e+02,-9.972978795158341825e+01
4.687602421875000118e+02,-1.013205809338761156e+02
4.687605351562500005e+02,-1.051015499782971432e+02
4.687608281249999891e+02,-1.171263156276166484e+02
4.687611210937500346e+02,-1.038229932270001541e+02
4.687614140625000232e+02,-1.186087705997570794e+02
4.687617070312500118e+02,-1.035408606888215388e+02
