Frequency_MHz,Power_dBHz
4.663620000000000232e+02,-9.699526810472926286e+01
4.663622929687500118e+02,-9.774101914193815333e+01
4.663625859375000005e+02,-9.512446699962490015e+01
4.663628789062499891e+02,-9.419643159377946517e+01
4.663631718750000346e+02,-9.611995364467524894e+01
4.663634648437500232e+02,-9.076791180712370988e+01
4.663637578125000118e+02,-9.059622134635662860e+01
4.663640507812500005e+02,-9.007264568310748132e+01
4.663643437499999891e+02,-8.805155345339119322e+01
4.663646367187500346e+02,-1.064825610636669637e+02
4.663649296875000232e+02,-9.961235857933877469e+01
4.663652226562500118e+02,-9.978556658007279623e+01
4.663655156250000005e+02,-8.640746211619980954e+01
4.663658085937499891e+02,-8.998138514730112547e+01
4.663661015625000346e+02,-9.227747669289496457e+01
4.663663945312500232e+02,-1.043308455226616616e+02
4.663666875000000118e+02,-9.810107692832708892e+01
4.663669804687500005e+02,-1.015861333324063907e+02
4.663672734374999891e+02,-9.777139799665599185e+01
4.663675664062500346e+02,-8.765000309489623476e+01
4.663678593750000232e+02,-8.588999459311601470e+01
4.663681523437500118e+02,-8.880193130187058159e+01
4.663684453125000005e+02,-9.743700103969479187e+01
4.663687382812499891e+02,-1.053623417034046099e+02
4.663690312500000346e+02,-1.109561950124838177e+02
4.663693242187500232e+02,-9.487124383935160665e+01
4.663696171875000118e+02,-1.079125442586445303e+02
4.663699101562500005e+02,-1.045612758462330021e+02
4.663702031249999891e+02,-1.009801734541657225e+02
4.663704960937500346e+02,-1.031908956893548464e+02
4.663707890625000232e+02,-8.862913564484392737e+01
4.663710820312500118e+02,-9.061798900341713647e+01
4.663713750000000005e+02,-9.078279925963624919e+01
4.663716679687499891e+02,-9.448495276443749447e+01
4.663719609375000346e+02,-9.415008465579981589e+01
4.663722539062500232e+02,-9.153552317857079856e+01
4.663725468750000118e+02,-9.367888975519883843e+01
4.663728398437500005e+02,-1.026958719709213739e+02
4.663731328124999891e+02,-9.106671516810335731e+01
4.663734257812500346e+02,-8.432333674177763783e+01
4.663737187500000232e+02,-9.015305646954814733e+01
4.663740117187500118e+02,-9.052570506424717678e+01
4.663743046875000005e+02,-9.184565778509690404e+01
4.663745976562499891e+02,-9.501205321870170906e+01
4.663748906250000346e+02,-9.083957514739412886e+01
4.663751835937500232e+02,-8.772361413641533545e+01
4.663754765625000118e+02,-9.016925898781126136e+01
4.663757695312500005e+02,-9.540811618601125588e+01
4.663760624999999891e+02,-8.986386643808087626e+01
4.663763554687500346e+02,-9.615420156149423292e+01
4.663766484375000232e+02,-8.691662758674424083e+01
4.663769414062500118e+02,-9.076084179316254108e+01
4.663772343750000005e+02,-9.201828477853135269e+01
4.663775273437499891e+02,-9.056881611234413754e+01
4.663778203125000346e+02,-8.880882503535046624e+01
4.663781132812500232e+02,-8.694067410406056240e+01
4.663784062500000118e+02,-8.741525270992329411e+01
4.663786992187500005e+02,-9.086243212941815273e+01
4.663789921874999891e+02,-9.532400962049054272e+01
4.663792851562500346e+02,-8.792629220141117230e+01
4.663795781250000232e+02,-8.802902733040590988e+01
4.663798710937500118e+02,-1.001579244783976463e+02
4.663801640625000005e+02,-9.248382638846226200e+01
4.663804570312499891e+02,-9.067746518946717060e+01
4.663807500000000346e+02,-9.700363250130993720e+01
4.663810429687500232e+02,-8.758635275603056414e+01
4.663813359375000118e+02,-8.803005440660861325e+01
4.663816289062500005e+02,-9.036333024896785560e+01
4.663819218749999891e+02,-8.817796764200865312e+01
4.663822148437500346e+02,-8.519189185145954468e+01
4.663825078125000232e+02,-9.059463230709633308e+01
4.663828007812500118e+02,-9.602721748392528411e+01
4.663830937500000005e+02,-9.031430835919761080e+01
4.663833867187499891e+02,-8.888658225931379775e+01
4.663836796875000346e+02,-9.123687420833184092e+01
4.663839726562500232e+02,-9.393872763650088586e+01
4.663842656250000118e+02,-9.298403734840240986e+01
4.663845585937500005e+02,-1.042874839867889989e+02
4.663848515624999891e+02,-1.009967696584677128e+02
4.663851445312500346e+02,-9.295215066156872297e+01
4.663854375000000232e+02,-8.916691795272838306e+01
4.663857304687500118e+02,-1.078982564327061908e+02
4.663860234375000005e+02,-9.024473387828615500e+01
4.663863164062499891e+02,-9.515889124042176661e+01
4.663866093750000346e+02,-9.377396834104499135e+01
4.663869023437500232e+02,-9.497001355611183726e+01
4.663871953125000118e+02,-1.009430335712622053e+02
4.663874882812500005e+02,-1.025786434362330368e+02
4.663877812499999891e+02,-8.925627353274400377e+01
4.663880742187500346e+02,-8.495641060195842442e+01
4.663883671875000232e+02,-8.849060335264447019e+01
4.663886601562500118e+02,-9.005420949941722597e+01
4.663889531250000005e+02,-9.465246804842026052e+01
4.663892460937499891e+02,-1.042184403126983625e+02
4.663895390625000346e+02,-9.326436037051735184e+01
4.663898320312500232e+02,-9.338033559924849669e+01
4.663901250000000118e+02,-9.331832861703043136e+01
4.663904179687500005e+02,-9.464164259759199638e+01
4.663907109374999891e+02,-1.047796062727024662e+02
4.663910039062500346e+02,-8.844848406416167563e+01
4.663912968750000232e+02,-9.027410042727098016e+01
4.663915898437500118e+02,-9.671591734533684814e+01
4.663918828125000005e+02,-1.121946951365717666e+02
4.663921757812499891e+02,-9.799423664276960722e+01
4.663924687500000346e+02,-9.060089986843223642e+01
4.663927617187500232e+02,-8.770610027106789630e+01
4.663930546875000118e+02,-9.445068300301161912e+01
4.663933476562500005e+02,-9.661024781168711684e+01
4.663936406249999891e+02,-9.024864384207685930e+01
4.663939335937500346e+02,-9.785136339441002917e+01
4.663942265625000232e+02,-9.692703403671387719e+01
4.663945195312500118e+02,-9.620718909616252290e+01
4.663948125000000005e+02,-9.280551698035745289e+01
4.663951054687499891e+02,-9.035316528186987739e+01
4.663953984375000346e+02,-8.804362090542225872e+01
4.663956914062500232e+02,-8.841410785716391274e+01
4.663959843750000118e+02,-9.160373067355189391e+01
4.663962773437500005e+02,-9.217989035645773299e+01
4.663965703124999891e+02,-9.147162961465912190e+01
4.663968632812500346e+02,-9.446440985140755231e+01
4.663971562500000232e+02,-1.018738646657911318e+02
4.663974492187500118e+02,-9.363908753359042691e+01
4.663977421875000005e+02,-9.972662027447407240e+01
4.663980351562499891e+02,-9.545088842639341919e+01
4.663983281250000346e+02,-8.822839913737000472e+01
4.663986210937500232e+02,-9.902014395311907435e+01
4.663989140625000118e+02,-9.028038359489920595e+01
4.663992070312500005e+02,-1.116942212224289790e+02
4.663994999999999891e+02,-9.764403724278625418e+01
4.663997929687500346e+02,-9.452418703851166981e+01
4.664000859375000232e+02,-9.015382671382309354e+01
4.664003789062500118e+02,-9.833312335730867915e+01
4.664006718750000005e+02,-9.341307543894228615e+01
4.664009648437499891e+02,-9.082127120902154616e+01
4.664012578125000346e+02,-8.955566448947843128e+01
4.664015507812500232e+02,-9.182881751205741239e+01
4.664018437500000118e+02,-9.983569537373557523e+01
4.664021367187500005e+02,-9.934790415667471564e+01
4.664024296874999891e+02,-1.017324803257208998e+02
4.664027226562500346e+02,-9.241441443568653824e+01
4.664030156250000232e+02,-9.118846775622742484e+01
4.664033085937500118e+02,-9.336248523843080704e+01
4.664036015625000005e+02,-8.974692989911994800e+01
4.664038945312499891e+02,-9.870536532573589739e+01
4.664041875000000346e+02,-8.928642293908153249e+01
4.664044804687500232e+02,-8.787780149438511046e+01
4.664047734375000118e+02,-9.051622084081989783e+01
4.664050664062500005e+02,-9.131417450347277054e+01
4.664053593749999891e+02,-8.999811354154245180e+01
4.664056523437500346e+02,-8.815576567966274979e+01
4.664059453125000232e+02,-9.250148646061320790e+01
4.664062382812500118e+02,-1.049678365497899648e+02
4.664065312500000005e+02,-9.915640882925529809e+01
4.664068242187499891e+02,-9.206811721204971377e+01
4.664071171875000346e+02,-1.010369150430920939e+02
4.664074101562500232e+02,-9.465474964959504689e+01
4.664077031250000118e+02,-9.682594012756239010e+01
4.664079960937500005e+02,-9.033861837791205573e+01
4.664082890624999891e+02,-9.797751800443697334e+01
4.664085820312500346e+02,-8.723202181327523874e+01
4.664088750000000232e+02,-9.075314967346463391e+01
4.664091679687500118e+02,-8.437929078104653513e+01
4.664094609375000005e+02,-8.746559701645867335e+01
4.664097539062499891e+02,-9.651236699029213639e+01
4.664100468750000346e+02,-8.948394394767036886e+01
4.664103398437500232e+02,-8.852054925393079543e+01
4.664106328125000118e+02,-9.213855940169564462e+01
4.664109257812500005e+02,-1.026156238502216524e+02
4.664112187499999891e+02,-1.002659638542394163e+02
4.664115117187500346e+02,-1.084254513291666768e+02
4.664118046875000232e+02,-9.028271752925869009e+01
4.664120976562500118e+02,-1.042332283081407809e+02
4.664123906250000005e+02,-9.132268426226349334e+01
4.664126835937499891e+02,-9.596549049835716971e+01
4.664129765625000346e+02,-9.166171087498528891e+01
4.664132695312500232e+02,-8.678850439352324031e+01
4.664135625000000118e+02,-9.315116908499587112e+01
4.664138554687500005e+02,-9.219852517556297755e+01
4.664141484374999891e+02,-9.001389558837425398e+01
4.664144414062500346e+02,-9.238329752025433095e+01
4.664147343750000232e+02,-1.047593059316059794e+02
4.664150273437500118e+02,-9.345964118285826316e+01
4.664153203125000005e+02,-8.802311926786920537e+01
4.664156132812499891e+02,-8.686729877262843047e+01
4.664159062500000346e+02,-8.884420423121321164e+01
4.664161992187500232e+02,-9.581559116673153653e+01
4.664164921875000118e+02,-9.236666519555274135e+01
4.664167851562500005e+02,-9.165237370503653835e+01
4.664170781249999891e+02,-1.000364127561703071e+02
4.664173710937500346e+02,-9.592928128011041622e+01
4.664176640625000232e+02,-8.574877479966025362e+01
4.664179570312500118e+02,-8.507716116138882967e+01
4.664182500000000005e+02,-8.790876046005811872e+01
4.664185429687499891e+02,-8.800986206006754742e+01
4.664188359375000346e+02,-8.575261293910924110e+01
4.664191289062500232e+02,-8.865231931879372951e+01
4.664194218750000118e+02,-9.610644696212790450e+01
4.664197148437500005e+02,-8.732832813441709163e+01
4.664200078124999891e+02,-8.925864475832153744e+01
4.664203007812500346e+02,-8.949944064228310481e+01
4.664205937500000232e+02,-9.080017479445608330e+01
4.664208867187500118e+02,-8.461980843162906751e+01
4.664211796875000005e+02,-9.151596701474912265e+01
4.664214726562499891e+02,-1.031691463862622840e+02
4.664217656250000346e+02,-9.120666255950527557e+01
4.664220585937500232e+02,-9.462531150349788334e+01
4.664223515625000118e+02,-9.781722579860667111e+01
4.664226445312500005e+02,-9.006839767321261547e+01
4.664229374999999891e+02,-8.493615674159663342e+01
4.664232304687500346e+02,-8.399100095220245521e+01
4.664235234375000232e+02,-8.891040690524621937e+01
4.664238164062500118e+02,-8.903566087523631722e+01
4.664241093750000005e+02,-9.249600741846401775e+01
4.664244023437499891e+02,-9.752659428553072019e+01
4.664246953125000346e+02,-9.361899597004520501e+01
4.664249882812500232e+02,-9.160973473636666142e+01
4.664252812500000118e+02,-8.631856217650232566e+01
4.664255742187500005e+02,-9.568289508350842709e+01
4.664258671874999891e+02,-8.839357965734930644e+01
4.664261601562500346e+02,-9.799332832804367399e+01
4.664264531250000232e+02,-9.539581290684404280e+01
4.664267460937500118e+02,-9.053613507277924555e+01
4.664270390625000005e+02,-9.036969471841211998e+01
4.664273320312499891e+02,-8.987284746234925592e+01
4.664276250000000346e+02,-9.810352208718070699e+01
4.664279179687500232e+02,-9.063582762412123373e+01
4.664282109375000118e+02,-8.804909785879871720e+01
4.664285039062500005e+02,-9.162713242682127657e+01
4.664287968749999891e+02,-9.104730091373924949e+01
4.664290898437500346e+02,-8.684559579919984174e+01
4.664293828125000232e+02,-9.039726303066296964e+01
4.664296757812500118e+02,-9.344096884819849436e+01
4.664299687500000005e+02,-9.727165508265539984e+01
4.664302617187499891e+02,-8.901281043488566525e+01
4.664305546875000346e+02,-8.951070195982991606e+01
4.664308476562500232e+02,-9.758395011888738679e+01
4.664311406250000118e+02,-9.815152384943898767e+01
4.664314335937500005e+02,-9.490893774167638242e+01
4.664317265624999891e+02,-9.495209544938218471e+01
4.664320195312500346e+02,-8.824136221777712308e+01
4.664323125000000232e+02,-8.837432414661896019e+01
4.664326054687500118e+02,-8.686673365307581207e+01
4.664328984375000005e+02,-8.888330755069631550e+01
4.664331914062499891e+02,-9.073193944356685847e+01
4.664334843750000346e+02,-9.178838293157755857e+01
4.664337773437500232e+02,-9.266309075985941490e+01
4.664340703125000118e+02,-9.165842521772701446e+01
4.664343632812500005e+02,-8.788324580572449918e+01
4.664346562499999891e+02,-8.852757835467677694e+01
4.664349492187500346e+02,-9.606552295732828384e+01
4.664352421875000232e+02,-1.070050411348526751e+02
4.664355351562500118e+02,-9.505575085221241238e+01
4.664358281250000005e+02,-9.068860560733703835e+01
4.664361210937499891e+02,-8.659290244014691496e+01
4.664364140625000346e+02,-9.125533085172497749e+01
4.664367070312500232e+02,-9.727424014061736557e+01
4.664370000000000118e+02,-9.515492643149444518e+01
4.664372929687500005e+02,-9.180024111491522376e+01
4.664375859374999891e+02,-8.780920113882103806e+01
4.664378789062500346e+02,-8.359806993233078742e+01
4.664381718750000232e+02,-8.384445590593531961e+01
4.664384648437500118e+02,-8.676260059983464146e+01
4.664387578125000005e+02,-9.171004453196162842e+01
4.664390507812499891e+02,-9.555912367422783404e+01
4.664393437500000346e+02,-9.291304156366840061e+01
4.664396367187500232e+02,-9.966709594732684252e+01
4.664399296875000118e+02,-9.823126452221723071e+01
4.664402226562500005e+02,-9.693757137991804029e+01
4.664405156249999891e+02,-1.098726673155988607e+02
4.664408085937500346e+02,-9.431625464630711519e+01
4.664411015625000232e+02,-9.684316208744932908e+01
4.664413945312500118e+02,-9.419164904306825292e+01
4.664416875000000005e+02,-9.261919238488852102e+01
4.664419804687499891e+02,-9.606920972115320012e+01
4.664422734375000346e+02,-1.011540087744611469e+02
4.664425664062500232e+02,-9.318197985215205392e+01
4.664428593750000118e+02,-9.470552171485806525e+01
4.664431523437500005e+02,-8.699407500506157476e+01
4.664434453124999891e+02,-9.270875760571107094e+01
4.664437382812500346e+02,-9.049494632069318811e+01
4.664440312500000232e+02,-9.986902872943952048e+01
4.664443242187500118e+02,-1.009924465612262310e+02
4.664446171875000005e+02,-9.614063063889339844e+01
4.664449101562499891e+02,-8.606980335478665722e+01
4.664452031250000346e+02,-8.999935514262256220e+01
4.664454960937500232e+02,-9.043508762672993839e+01
4.664457890625000118e+02,-9.389717628783982661e+01
4.664460820312500005e+02,-9.555860927455098874e+01
4.664463749999999891e+02,-9.098384005642239458e+01
4.664466679687500346e+02,-8.628013142685894366e+01
4.664469609375000232e+02,-8.822211856378086736e+01
4.664472539062500118e+02,-9.165860313378318835e+01
4.664475468750000005e+02,-8.868082757211622891e+01
4.664478398437499891e+02,-8.613381189655152070e+01
4.664481328125000346e+02,-8.967920764183885751e+01
4.664484257812500232e+02,-1.005972174121264828e+02
4.664487187500000118e+02,-9.176945472590880115e+01
4.664490117187500005e+02,-9.833419094244830205e+01
4.664493046874999891e+02,-9.069589750349571489e+01
4.664495976562500346e+02,-8.465598842517655953e+01
4.664498906250000232e+02,-9.014340758817746746e+01
4.664501835937500118e+02,-9.756158267868245559e+01
4.664504765625000005e+02,-9.780346142394586195e+01
4.664507695312499891e+02,-8.861253122830464690e+01
4.664510625000000346e+02,-8.598660092957157985e+01
4.664513554687500232e+02,-1.018894385895220864e+02
4.664516484375000118e+02,-9.012012075084672347e+01
4.664519414062500005e+02,-9.766496339602726096e+01
4.664522343749999891e+02,-9.385574738672035267e+01
4.664525273437500346e+02,-9.051825118844094220e+01
4.664528203125000232e+02,-9.152686288636772360e+01
4.664531132812500118e+02,-1.069640677074957722e+02
4.664534062500000005e+02,-9.952205388930372010e+01
4.664536992187499891e+02,-9.379513600565445586e+01
4.664539921875000346e+02,-8.858527668819549206e+01
4.664542851562500232e+02,-9.881567437809790988e+01
4.664545781250000118e+02,-9.948235130122071723e+01
4.664548710937500005e+02,-9.649660282343434403e+01
4.664551640624999891e+02,-9.363589077471013411e+01
4.664554570312500346e+02,-9.436282815727565776e+01
4.664557500000000232e+02,-1.003339491139922046e+02
4.664560429687500118e+02,-9.359173329169323097e+01
4.664563359375000005e+02,-1.211514837398192697e+02
4.664566289062499891e+02,-9.935717386521852745e+01
4.664569218750000346e+02,-8.933161075448910537e+01
4.664572148437500232e+02,-9.122245003508170669e+01
4.664575078125000118e+02,-9.165853053803130024e+01
4.664578007812500005e+02,-9.998934783987226638e+01
4.664580937499999891e+02,-8.854731463991700480e+01
4.664583867187500346e+02,-8.422088677702582515e+01
4.664586796875000232e+02,-8.452362736606420412e+01
4.664589726562500118e+02,-8.686127450166340225e+01
4.664592656250000005e+02,-8.874807144502746326e+01
4.664595585937499891e+02,-9.555558772750430307e+01
4.664598515625000346e+02,-1.020571950904273848e+02
4.664601445312500232e+02,-8.525506185853983254e+01
4.664604375000000118e+02,-9.107538968688812986e+01
4.664607304687500005e+02,-8.631132328094003014e+01
4.664610234374999891e+02,-8.995015938147339796e+01
4.664613164062500346e+02,-8.617310534659479515e+01
4.664616093750000232e+02,-8.492472115458186011e+01
4.664619023437500118e+02,-9.042877425994782925e+01
4.664621953125000005e+02,-9.118135228072679865e+01
4.664624882812499891e+02,-9.063541802092754551e+01
4.664627812500000346e+02,-8.844107539914841709e+01
4.664630742187500232e+02,-9.384169833329828236e+01
4.664633671875000118e+02,-8.853474786031068788e+01
4.664636601562500005e+02,-8.585019244858236220e+01
4.664639531249999891e+02,-9.014796860691056679e+01
4.664642460937500346e+02,-9.234392460171973482e+01
4.664645390625000232e+02,-9.993911393860710746e+01
4.664648320312500118e+02,-1.029226830423104531e+02
4.664651250000000005e+02,-9.339505958024780341e+01
4.664654179687499891e+02,-8.920578207288335193e+01
4.664657109375000346e+02,-9.381446158710409122e+01
4.664660039062500232e+02,-8.800746020699024541e+01
4.664662968750000118e+02,-8.444025479923190858e+01
4.664665898437500005e+02,-8.562248666480496695e+01
4.664668828124999891e+02,-9.465962571446488028e+01
4.664671757812500346e+02,-9.092219828559180428e+01
4.664674687500000232e+02,-9.340886896681277562e+01
4.664677617187500118e+02,-9.901136336518521830e+01
4.664680546875000005e+02,-8.929689934909872306e+01
4.664683476562499891e+02,-9.451936676664799108e+01
4.664686406250000346e+02,-9.315911116449410656e+01
4.664689335937500232e+02,-1.061394773216248666e+02
4.664692265625000118e+02,-1.028774420682732398e+02
4.664695195312500005e+02,-9.159159773816760719e+01
4.664698124999999891e+02,-8.912346759716231759e+01
4.664701054687500346e+02,-9.305305510023083571e+01
4.664703984375000232e+02,-9.262228067982522361e+01
4.664706914062500118e+02,-1.118335838566900975e+02
4.664709843750000005e+02,-9.088037957538995215e+01
4.664712773437499891e+02,-1.009422051363875426e+02
4.664715703125000346e+02,-8.563489473046688261e+01
4.664718632812500232e+02,-8.553383276146908543e+01
4.664721562500000118e+02,-1.012875442453121053e+02
4.664724492187500005e+02,-9.979994861414320440e+01
4.664727421874999891e+02,-8.451312358032801342e+01
4.664730351562500346e+02,-8.767984496947573803e+01
4.664733281250000232e+02,-9.143776779826166035e+01
4.664736210937500118e+02,-8.611798026337274337e+01
4.664739140625000005e+02,-8.504737098303010612e+01
4.664742070312499891e+02,-8.617872571791986047e+01
4.664745000000000346e+02,-9.318023494796096884e+01
4.664747929687500232e+02,-8.571395196100213809e+01
4.664750859375000118e+02,-8.480682123989743104e+01
4.664753789062500005e+02,-9.313439575089728351e+01
4.664756718749999891e+02,-9.255868583478125800e+01
4.664759648437500346e+02,-1.071057103400683133e+02
4.664762578125000232e+02,-8.977832618402699438e+01
4.664765507812500118e+02,-8.842147452591353840e+01
4.664768437500000005e+02,-9.505766960022414480e+01
4.664771367187499891e+02,-1.049003092958136563e+02
4.664774296875000346e+02,-9.254746349979373576e+01
4.664777226562500232e+02,-8.419765430424706665e+01
4.664780156250000118e+02,-8.491255088194384371e+01
4.664783085937500005e+02,-9.065953829641854611e+01
4.664786015624999891e+02,-9.342904927781592050e+01
4.664788945312500346e+02,-9.437587153205942059e+01
4.664791875000000232e+02,-8.988675090986161820e+01
4.664794804687500118e+02,-9.215340990792255127e+01
4.664797734375000005e+02,-9.316808075525077015e+01
4.664800664062499891e+02,-9.228237889876368172e+01
4.664803593750000346e+02,-9.183134579047950297e+01
4.664806523437500232e+02,-9.748529168999584726e+01
4.664809453125000118e+02,-9.529674131486812882e+01
4.664812382812500005e+02,-9.593713304153355637e+01
4.664815312499999891e+02,-8.515058605858220631e+01
4.664818242187500346e+02,-8.049645802364722158e+01
4.664821171875000232e+02,-8.927204943823097949e+01
4.664824101562500118e+02,-9.335638266887241343e+01
4.664827031250000005e+02,-8.606465550688824351e+01
4.664829960937499891e+02,-8.540662781745399457e+01
4.664832890625000346e+02,-9.089137235749478805e+01
4.664835820312500232e+02,-8.739330772693831761e+01
4.664838750000000118e+02,-9.165013868525878138e+01
4.664841679687500005e+02,-8.925949048316689982e+01
4.664844609374999891e+02,-9.450587287321457097e+01
4.664847539062500346e+02,-1.014998270755374108e+02
4.664850468750000232e+02,-9.848697232760736142e+01
4.664853398437500118e+02,-9.198902496561623821e+01
4.664856328125000005e+02,-9.212900968216571584e+01
4.664859257812499891e+02,-8.668677425121380509e+01
4.664862187500000346e+02,-8.166084652245976372e+01
4.664865117187500232e+02,-8.676846131532762740e+01
4.664868046875000118e+02,-1.077161823229766640e+02
4.664870976562500005e+02,-8.993199962156657534e+01
4.664873906249999891e+02,-8.563553352838266619e+01
4.664876835937500346e+02,-9.417484834771906321e+01
4.664879765625000232e+02,-8.833309538801124461e+01
4.664882695312500118e+02,-8.889859815111387320e+01
4.664885625000000005e+02,-8.891987068901394764e+01
4.664888554687499891e+02,-9.479150018305668368e+01
4.664891484375000346e+02,-1.028753239678889599e+02
4.664894414062500232e+02,-1.029750563208622509e+02
4.664897343750000118e+02,-8.917490204165135026e+01
4.664900273437500005e+02,-9.333346309652056050e+01
4.664903203124999891e+02,-8.743329305108954941e+01
4.664906132812500346e+02,-8.467186705784997969e+01
4.664909062500000232e+02,-8.592371165127227073e+01
4.664911992187500118e+02,-8.674502411198844243e+01
4.664914921875000005e+02,-8.803072625319418876e+01
4.664917851562499891e+02,-9.147479199540893546e+01
4.664920781250000346e+02,-8.917448964499600095e+01
4.664923710937500232e+02,-8.695035558121628583e+01
4.664926640625000118e+02,-1.002083114545339981e+02
4.664929570312500005e+02,-8.888177503414328839e+01
4.664932499999999891e+02,-8.477726971787177490e+01
4.664935429687500346e+02,-8.561689105079864248e+01
4.664938359375000232e+02,-8.983291385042520005e+01
4.664941289062500118e+02,-1.012282913586722657e+02
4.664944218750000005e+02,-9.002129340406332858e+01
4.664947148437499891e+02,-8.419299255663352710e+01
4.664950078125000346e+02,-8.693119016233399066e+01
4.664953007812500232e+02,-9.031169624655154848e+01
4.664955937500000118e+02,-8.755682297591464192e+01
4.664958867187500005e+02,-8.668910279544979858e+01
4.664961796874999891e+02,-9.102442628939010660e+01
4.664964726562500346e+02,-9.733107666626524690e+01
4.664967656250000232e+02,-9.680910336303135466e+01
4.664970585937500118e+02,-9.186760100729743783e+01
4.664973515625000005e+02,-8.962792133907854009e+01
4.664976445312499891e+02,-8.807285245268552387e+01
4.664979375000000346e+02,-1.031408782479565502e+02
4.664982304687500232e+02,-1.082382689053639240e+02
4.664985234375000118e+02,-9.374754624474292086e+01
4.664988164062500005e+02,-8.826734671251513475e+01
4.664991093749999891e+02,-1.045240916060646299e+02
4.664994023437500346e+02,-8.803710867200004486e+01
4.664996953125000232e+02,-8.733856835298561805e+01
4.664999882812500118e+02,-9.577375680899550048e+01
4.665002812500000005e+02,-9.500511717392581090e+01
4.665005742187499891e+02,-8.695411992631507303e+01
4.665008671875000346e+02,-9.042162646891861755e+01
4.665011601562500232e+02,-9.912088502780227373e+01
4.665014531250000118e+02,-9.602570118801131116e+01
4.665017460937500005e+02,-9.372810273119655733e+01
4.665020390624999891e+02,-9.665089464433529542e+01
4.665023320312500346e+02,-8.890886407739819219e+01
4.665026250000000232e+02,-9.128361600050195079e+01
4.665029179687500118e+02,-9.054225482262458513e+01
4.665032109375000005e+02,-8.643481573892839265e+01
4.665035039062499891e+02,-9.503200252586123042e+01
4.665037968750000346e+02,-9.036946567065017177e+01
4.665040898437500232e+02,-8.281912746606862186e+01
4.665043828125000118e+02,-8.826899125370722743e+01
4.665046757812500005e+02,-9.034204348854187572e+01
4.665049687499999891e+02,-9.033137276783848790e+01
4.665052617187500346e+02,-9.886063889322970510e+01
4.665055546875000232e+02,-1.104726646592099684e+02
4.665058476562500118e+02,-8.968232200504115781e+01
4.665061406250000005e+02,-9.159134587804273053e+01
4.665064335937499891e+02,-9.290333486294274223e+01
4.665067265625000346e+02,-9.132433789532625212e+01
4.665070195312500232e+02,-9.068430740275594815e+01
4.665073125000000118e+02,-9.781068606274992305e+01
4.665076054687500005e+02,-9.925355295400041200e+01
4.665078984374999891e+02,-9.134666099072647683e+01
4.665081914062500346e+02,-9.696250843243633710e+01
4.665084843750000232e+02,-9.401220785020871062e+01
4.665087773437500118e+02,-9.410387062246982737e+01
4.665090703125000005e+02,-9.156284639974006723e+01
4.665093632812499891e+02,-1.013970289834437608e+02
4.665096562500000346e+02,-1.004861758145163151e+02
4.665099492187500232e+02,-9.942950109856596441e+01
4.665102421875000118e+02,-1.045355783857925758e+02
4.665105351562500005e+02,-9.232892304243863180e+01
4.665108281249999891e+02,-1.049938152667545666e+02
4.665111210937500346e+02,-9.396548516621314207e+01
4.665114140625000232e+02,-8.964239890077621453e+01
4.665117070312500118e+02,-9.255837013224873999e+01
4.665120000000000005e+02,-9.460134400633988605e+01
4.665122929687499891e+02,-9.225313845145700498e+01
4.665125859375000346e+02,-8.927641377574757087e+01
4.665128789062500232e+02,-9.324722469792298796e+01
4.665131718750000118e+02,-9.268168172503580138e+01
4.665134648437500005e+02,-9.249141174509708208e+01
4.665137578124999891e+02,-9.735514648693305162e+01
4.665140507812500346e+02,-8.784572842268866566e+01
4.665143437500000232e+02,-8.931736145640306290e+01
4.665146367187500118e+02,-8.521685161649331519e+01
4.665149296875000005e+02,-8.717538037529989481e+01
4.665152226562499891e+02,-1.017238232976245342e+02
4.665155156250000346e+02,-9.067080411372300830e+01
4.665158085937500232e+02,-9.205580510192456245e+01
4.665161015625000118e+02,-8.901551762654166566e+01
4.665163945312500005e+02,-9.248918071026366761e+01
4.665166874999999891e+02,-1.082965950710239440e+02
4.665169804687500346e+02,-9.788038139611663269e+01
4.665172734375000232e+02,-9.214231249952536018e+01
4.665175664062500118e+02,-9.340581346613583946e+01
4.665178593750000005e+02,-8.947336363957941785e+01
4.665181523437499891e+02,-9.507590172794448335e+01
4.665184453125000346e+02,-8.813661684343881575e+01
4.665187382812500232e+02,-8.535695484890482021e+01
4.665190312500000118e+02,-9.124160665646041934e+01
4.665193242187500005e+02,-8.500210432078516476e+01
4.665196171874999891e+02,-9.074186424503599824e+01
4.665199101562500346e+02,-9.085145327065481524e+01
4.665202031250000232e+02,-9.109837856090193497e+01
4.665204960937500118e+02,-9.404065869797413768e+01
4.665207890625000005e+02,-8.504788857901674248e+01
4.665210820312499891e+02,-8.683799374118237324e+01
4.665213750000000346e+02,-9.144896896953039800e+01
4.665216679687500232e+02,-9.023188458839626946e+01
4.665219609375000118e+02,-9.537897252865204223e+01
4.665222539062500005e+02,-8.828688911775319070e+01
4.665225468749999891e+02,-9.000742416798200907e+01
4.665228398437500346e+02,-1.089941612574980212e+02
4.665231328125000232e+02,-9.280712082889353098e+01
4.665234257812500118e+02,-9.852409478651108543e+01
4.665237187500000005e+02,-9.784284244832741706e+01
4.665240117187499891e+02,-1.090712774236894518e+02
4.665243046875000346e+02,-9.402021059778653012e+01
4.665245976562500232e+02,-9.856521017495886383e+01
4.665248906250000118e+02,-9.905672277278731030e+01
4.665251835937500005e+02,-8.925768331781684140e+01
4.665254765624999891e+02,-8.379486158618490776e+01
4.665257695312500346e+02,-8.560498488984944743e+01
4.665260625000000232e+02,-8.882710799708749505e+01
4.665263554687500118e+02,-1.042416523378325337e+02
4.665266484375000005e+02,-8.957524690339369045e+01
4.665269414062499891e+02,-9.987724428966707535e+01
4.665272343750000346e+02,-9.456355317352975476e+01
4.665275273437500232e+02,-1.002024657841390081e+02
4.665278203125000118e+02,-8.631375927878302434e+01
4.665281132812500005e+02,-9.000458009445354435e+01
4.665284062499999891e+02,-8.781228006775413064e+01
4.665286992187500346e+02,-8.643782909240158574e+01
4.665289921875000232e+02,-8.715836197200661672e+01
4.665292851562500118e+02,-9.267296940881686851e+01
4.665295781250000005e+02,-9.195127962750129313e+01
4.665298710937499891e+02,-8.658901974759078257e+01
4.665301640625000346e+02,-8.821276127660789257e+01
4.665304570312500232e+02,-8.936015413655960060e+01
4.665307500000000118e+02,-1.000265303881944448e+02
4.665310429687500005e+02,-9.658561715324958641e+01
4.665313359374999891e+02,-8.893604499175100386e+01
4.665316289062500346e+02,-9.362375195734111344e+01
4.665319218750000232e+02,-8.680440932477455362e+01
4.665322148437500118e+02,-8.792797943373477665e+01
4.665325078125000005e+02,-1.005133136587246838e+02
4.665328007812499891e+02,-1.025683182139185448e+02
4.665330937500000346e+02,-9.055304173751386543e+01
4.665333867187500232e+02,-8.806838248477922093e+01
4.665336796875000118e+02,-9.219942120772145699e+01
4.665339726562500005e+02,-8.611361593090106226e+01
4.665342656249999891e+02,-8.960911929976322199e+01
4.665345585937500346e+02,-9.292354893686912476e+01
4.665348515625000232e+02,-9.788495501750469430e+01
4.665351445312500118e+02,-8.891031737856741302e+01
4.665354375000000005e+02,-8.879067610206732297e+01
4.665357304687499891e+02,-8.399565300531682510e+01
4.665360234375000346e+02,-8.640617865132605857e+01
4.665363164062500232e+02,-8.830263408727330443e+01
4.665366093750000118e+02,-9.292631200671677050e+01
4.665369023437500005e+02,-8.635527865722680474e+01
4.665371953124999891e+02,-8.765766102493593337e+01
4.665374882812500346e+02,-9.380822085000215793e+01
4.665377812500000232e+02,-9.422487413083047159e+01
4.665380742187500118e+02,-1.079399821908330068e+02
4.665383671875000005e+02,-9.072591562400640441e+01
4.665386601562499891e+02,-9.122091169790971321e+01
4.665389531250000346e+02,-9.169612091701060308e+01
4.665392460937500232e+02,-8.999465517936464209e+01
4.665395390625000118e+02,-9.561778186992802375e+01
4.665398320312500005e+02,-8.471130658053218099e+01
4.665401249999999891e+02,-9.089020561313780888e+01
4.665404179687500346e+02,-1.005962148087131141e+02
4.665407109375000232e+02,-9.867784801470654088e+01
4.665410039062500118e+02,-9.094752844666551539e+01
4.665412968750000005e+02,-8.767907605181682129e+01
4.665415898437499891e+02,-9.496564838562291300e+01
4.665418828125000346e+02,-9.453819225224479794e+01
4.665421757812500232e+02,-9.402328625232712511e+01
4.665424687500000118e+02,-9.642005738422285788e+01
4.665427617187500005e+02,-9.611067549007971422e+01
4.665430546874999891e+02,-9.384563248545904912e+01
4.665433476562500346e+02,-1.005432811363676819e+02
4.665436406250000232e+02,-8.670211153314838270e+01
4.665439335937500118e+02,-8.865195044750296915e+01
4.665442265625000005e+02,-9.401572496485911756e+01
4.665445195312499891e+02,-9.772780906488685559e+01
4.665448125000000346e+02,-8.936883525009305629e+01
4.665451054687500232e+02,-9.715790046878596797e+01
4.665453984375000118e+02,-9.154356612021132378e+01
4.665456914062500005e+02,-9.293345636038695545e+01
4.665459843749999891e+02,-9.400474662222310940e+01
4.665462773437500346e+02,-9.425298267134056118e+01
4.665465703125000232e+02,-9.061708289813323347e+01
4.665468632812500118e+02,-9.184243596678595623e+01
4.665471562500000005e+02,-9.173723486901062074e+01
4.665474492187499891e+02,-9.200531667987786477e+01
4.665477421875000346e+02,-8.412554809062874028e+01
4.665480351562500232e+02,-8.345810800595106116e+01
4.665483281250000118e+02,-8.515643673978189554e+01
4.665486210937500005e+02,-8.310226732337895328e+01
4.665489140624999891e+02,-9.007318132623220208e+01
4.665492070312500346e+02,-1.037559270895276740e+02
4.665495000000000232e+02,-9.345892662049610067e+01
4.665497929687500118e+02,-8.754386053291773351e+01
4.665500859375000005e+02,-9.931016814970550399e+01
4.665503789062499891e+02,-9.747291843248406451e+01
4.665506718750000346e+02,-9.769600849728720959e+01
4.665509648437500232e+02,-9.419083177071090063e+01
4.665512578125000118e+02,-9.261744098537917580e+01
4.665515507812500005e+02,-9.484969773837919149e+01
4.665518437499999891e+02,-9.583348858280407967e+01
4.665521367187500346e+02,-9.474600181414490407e+01
4.665524296875000232e+02,-8.636842468177322019e+01
4.665527226562500118e+02,-8.604007993732867021e+01
4.665530156250000005e+02,-8.694606114359280014e+01
4.665533085937499891e+02,-8.733569363804343766e+01
4.665536015625000346e+02,-9.076794616343494226e+01
4.665538945312500232e+02,-9.116143398523644237e+01
4.665541875000000118e+02,-8.543243127323469821e+01
4.665544804687500005e+02,-9.247828009878458033e+01
4.665547734374999891e+02,-1.062050256070946261e+02
4.665550664062500346e+02,-1.028706386536467789e+02
4.665553593750000232e+02,-8.735119682353378323e+01
4.665556523437500118e+02,-8.657808531177131783e+01
4.665559453125000005e+02,-9.342572013458001834e+01
4.665562382812499891e+02,-8.721732782835054820e+01
4.665565312500000346e+02,-9.311371046874515400e+01
4.665568242187500232e+02,-9.205556417382967993e+01
4.665571171875000118e+02,-1.041199795598566169e+02
4.665574101562500005e+02,-9.231015755494026109e+01
4.665577031249999891e+02,-9.197304677300193987e+01
4.665579960937500346e+02,-9.975143205961630599e+01
4.665582890625000232e+02,-9.576337849150924342e+01
4.665585820312500118e+02,-8.709393568500593119e+01
4.665588750000000005e+02,-8.473937402643107930e+01
4.665591679687499891e+02,-8.714893303952356973e+01
4.665594609375000346e+02,-9.223779278566536277e+01
4.665597539062500232e+02,-9.233222427307856606e+01
4.665600468750000118e+02,-9.372382706847611189e+01
4.665603398437500005e+02,-8.393614903406670180e+01
4.665606328124999891e+02,-8.856089157245358479e+01
4.665609257812500346e+02,-9.226475385480694058e+01
4.665612187500000232e+02,-8.773071540706105509e+01
4.665615117187500118e+02,-8.849729909620651824e+01
4.665618046875000005e+02,-9.226386304013468020e+01
4.665620976562499891e+02,-8.622832174074282818e+01
4.665623906250000346e+02,-8.683826091226535482e+01
4.665626835937500232e+02,-8.912510493780959564e+01
4.665629765625000118e+02,-8.817132359726208790e+01
4.665632695312500005e+02,-9.097544786653591586e+01
4.665635624999999891e+02,-8.293208884266334735e+01
4.665638554687500346e+02,-8.332425938297960499e+01
4.665641484375000232e+02,-9.099265288462143531e+01
4.665644414062500118e+02,-9.091339431972681950e+01
4.665647343750000005e+02,-8.756464313998164073e+01
4.665650273437499891e+02,-8.798906503467267726e+01
4.665653203125000346e+02,-8.692043430272276794e+01
4.665656132812500232e+02,-8.553547143555636012e+01
4.665659062500000118e+02,-8.496230775529130597e+01
4.665661992187500005e+02,-8.834147704435318360e+01
4.665664921874999891e+02,-8.918639162681600396e+01
4.665667851562500346e+02,-9.174984818618372628e+01
4.665670781250000232e+02,-9.398298262893339938e+01
4.665673710937500118e+02,-8.983478171633328202e+01
4.665676640625000005e+02,-8.879594498410253323e+01
4.665679570312499891e+02,-8.571162986785043358e+01
4.665682500000000346e+02,-8.707067996817886524e+01
4.665685429687500232e+02,-8.683448839614050030e+01
4.665688359375000118e+02,-8.439651787253801274e+01
4.665691289062500005e+02,-8.771637088960000028e+01
4.665694218749999891e+02,-8.736015075458797696e+01
4.665697148437500346e+02,-9.316555701041197324e+01
4.665700078125000232e+02,-9.518505305978068520e+01
4.665703007812500118e+02,-9.965072960349077391e+01
4.665705937500000005e+02,-8.895347178292134060e+01
4.665708867187499891e+02,-8.785534603272716936e+01
4.665711796875000346e+02,-8.704557051909019094e+01
4.665714726562500232e+02,-9.715638069531891574e+01
4.665717656250000118e+02,-9.722312970330335702e+01
4.665720585937500005e+02,-9.084653664066813405e+01
4.665723515624999891e+02,-8.737849595442989425e+01
4.665726445312500346e+02,-9.371748642561044562e+01
4.665729375000000232e+02,-9.899804826786163403e+01
4.665732304687500118e+02,-9.029883799810853873e+01
4.665735234375000005e+02,-8.685212600886485745e+01
4.665738164062499891e+02,-9.067113133449980467e+01
4.665741093750000346e+02,-8.261514487819539454e+01
4.665744023437500232e+02,-8.544450173224856826e+01
4.665746953125000118e+02,-8.791341692285021736e+01
4.665749882812500005e+02,-8.687358025133306683e+01
4.665752812499999891e+02,-8.318127728496907025e+01
4.665755742187500346e+02,-8.973709304957782251e+01
4.665758671875000232e+02,-9.308942675405990030e+01
4.665761601562500118e+02,-8.785068288145427573e+01
4.665764531250000005e+02,-8.692527757310409697e+01
4.665767460937499891e+02,-8.500291219933684772e+01
4.665770390625000346e+02,-8.419327096230856000e+01
4.665773320312500232e+02,-8.808982556118738216e+01
4.665776250000000118e+02,-9.215581882096245181e+01
4.665779179687500005e+02,-9.402186424636150264e+01
4.665782109374999891e+02,-9.690490958158504498e+01
4.665785039062500346e+02,-8.815413528378074659e+01
4.665787968750000232e+02,-8.434447768073285090e+01
4.665790898437500118e+02,-8.461536827796500404e+01
4.665793828125000005e+02,-8.096266813273409468e+01
4.665796757812499891e+02,-8.396639825189572548e+01
4.665799687500000346e+02,-8.572513020730687572e+01
4.665802617187500232e+02,-8.395503653957777601e+01
4.665805546875000118e+02,-9.151497863414449796e+01
4.665808476562500005e+02,-8.836623162622441896e+01
4.665811406249999891e+02,-9.196956287592894341e+01
4.665814335937500346e+02,-8.589845471754416906e+01
4.665817265625000232e+02,-9.000747709798150709e+01
4.665820195312500118e+02,-8.226342872783874327e+01
4.665823125000000005e+02,-8.924238902682773755e+01
4.665826054687499891e+02,-8.847306650495204394e+01
4.665828984375000346e+02,-9.094838479169432333e+01
4.665831914062500232e+02,-9.768698920242194106e+01
4.665834843750000118e+02,-8.807595617840433988e+01
4.665837773437500005e+02,-8.227247452310362519e+01
4.665840703124999891e+02,-8.350414559569188100e+01
4.665843632812500346e+02,-9.369249616594635199e+01
4.665846562500000232e+02,-9.029254280040382241e+01
4.665849492187500118e+02,-9.806100330867482739e+01
4.665852421875000005e+02,-9.469658305016548638e+01
4.665855351562499891e+02,-8.835011694415514683e+01
4.665858281250000346e+02,-8.933993529438032510e+01
4.665861210937500232e+02,-8.638165124191722555e+01
4.665864140625000118e+02,-8.937875131676554474e+01
4.665867070312500005e+02,-1.029688517759253017e+02
4.665869999999999891e+02,-8.902632442088861353e+01
4.665872929687500346e+02,-9.142393313921297704e+01
4.665875859375000232e+02,-8.875177288075451543e+01
4.665878789062500118e+02,-8.667294216480554780e+01
4.665881718750000005e+02,-9.265794716110886498e+01
4.665884648437499891e+02,-8.612493579665476773e+01
4.665887578125000346e+02,-8.570486749414003214e+01
4.665890507812500232e+02,-9.126125054196867836e+01
4.665893437500000118e+02,-8.745164907079599459e+01
4.665896367187500005e+02,-1.174463187722555659e+02
4.665899296874999891e+02,-9.214072391386798699e+01
4.665902226562500346e+02,-8.838880796416361818e+01
4.665905156250000232e+02,-8.783929704417812445e+01
4.665908085937500118e+02,-9.001443438084500315e+01
4.665911015625000005e+02,-8.917797618593498044e+01
4.665913945312499891e+02,-8.827343865912382626e+01
4.665916875000000346e+02,-9.553734143295464776e+01
4.665919804687500232e+02,-8.774435894720633655e+01
4.665922734375000118e+02,-8.025931108167348782e+01
4.665925664062500005e+02,-8.554647782783376897e+01
4.665928593749999891e+02,-9.078610693677742915e+01
4.665931523437500346e+02,-9.239010554529545516e+01
4.665934453125000232e+02,-9.555464599641190659e+01
4.665937382812500118e+02,-9.636866811547673706e+01
4.665940312500000005e+02,-8.515883508238751176e+01
4.665943242187499891e+02,-8.624795622001896334e+01
4.665946171875000346e+02,-8.530482995069624508e+01
4.665949101562500232e+02,-8.616845839229499404e+01
4.665952031250000118e+02,-8.787626793125987490e+01
4.665954960937500005e+02,-8.289685080512782633e+01
4.665957890624999891e+02,-8.488480358706615903e+01
4.665960820312500346e+02,-8.653185900555266130e+01
4.665963750000000232e+02,-8.430623653412602891e+01
4.665966679687500118e+02,-8.693548561678997544e+01
4.665969609375000005e+02,-8.984464978034353067e+01
4.665972539062499891e+02,-8.648371244854502038e+01
4.665975468750000346e+02,-9.116340485125647319e+01
4.665978398437500232e+02,-8.886684149567255986e+01
4.665981328125000118e+02,-9.157705602427262193e+01
4.665984257812500005e+02,-9.149210142030746340e+01
4.665987187499999891e+02,-9.175667079945677074e+01
4.665990117187500346e+02,-1.004550769061749236e+02
4.665993046875000232e+02,-1.167674472154726431e+02
4.665995976562500118e+02,-9.206343201227500117e+01
4.665998906250000005e+02,-8.607213962837346344e+01
4.666001835937499891e+02,-8.345288855221510005e+01
4.666004765625000346e+02,-9.440082981963567477e+01
4.666007695312500232e+02,-1.293252466920074824e+02
4.666010625000000118e+02,-1.102839436895511795e+02
4.666013554687500005e+02,-9.151739734324382880e+01
4.666016484374999891e+02,-9.748235715302774906e+01
4.666019414062500346e+02,-9.243207982917907373e+01
4.666022343750000232e+02,-9.738325938951314242e+01
4.666025273437500118e+02,-9.038494904494186244e+01
4.666028203125000005e+02,-9.557862390553120235e+01
4.666031132812499891e+02,-8.757991359666539211e+01
4.666034062500000346e+02,-9.110639217368051845e+01
4.666036992187500232e+02,-9.221094115821402681e+01
4.666039921875000118e+02,-8.348582078436726306e+01
4.666042851562500005e+02,-8.362564795419659447e+01
4.666045781249999891e+02,-1.143780130079417887e+02
4.666048710937500346e+02,-8.931940510372405129e+01
4.666051640625000232e+02,-8.657515849506634709e+01
4.666054570312500118e+02,-8.479678243752874778e+01
4.666057500000000005e+02,-8.854469519364764096e+01
4.666060429687499891e+02,-8.929063905094751874e+01
4.666063359375000346e+02,-8.641955726930325454e+01
4.666066289062500232e+02,-8.642053842225240601e+01
4.666069218750000118e+02,-8.680206676513613218e+01
4.666072148437500005e+02,-8.848619774830474682e+01
4.666075078124999891e+02,-8.871536846382447550e+01
4.666078007812500346e+02,-9.088525131918092370e+01
4.666080937500000232e+02,-8.959899566885546562e+01
4.666083867187500118e+02,-8.628485630835710651e+01
4.666086796875000005e+02,-8.882206511080512712e+01
4.666089726562499891e+02,-8.686145267339811937e+01
4.666092656250000346e+02,-8.422471513168201795e+01
4.666095585937500232e+02,-8.378439533122929106e+01
4.666098515625000118e+02,-8.436906511472921011e+01
4.666101445312500005e+02,-8.681421935487591668e+01
4.666104374999999891e+02,-8.522306242340499693e+01
4.666107304687500346e+02,-9.169386685313754981e+01
4.666110234375000232e+02,-9.006147280741102179e+01
4.666113164062500118e+02,-8.772290731520897111e+01
4.666116093750000005e+02,-8.258109310327469643e+01
4.666119023437499891e+02,-8.255808037828481361e+01
4.666121953125000346e+02,-9.296020720795041825e+01
4.666124882812500232e+02,-9.505260450404050232e+01
4.666127812500000118e+02,-9.741921609015884087e+01
4.666130742187500005e+02,-9.978797966118219165e+01
4.666133671874999891e+02,-9.650843055676746474e+01
4.666136601562500346e+02,-8.681502954017582852e+01
4.666139531250000232e+02,-8.917060957212075323e+01
4.666142460937500118e+02,-8.799939806617086901e+01
4.666145390625000005e+02,-9.186651771886529616e+01
4.666148320312499891e+02,-9.012453777014803791e+01
4.666151250000000346e+02,-9.110674222979532999e+01
4.666154179687500232e+02,-9.833500834753975539e+01
4.666157109375000118e+02,-8.698791592059961886e+01
4.666160039062500005e+02,-1.022261703417717911e+02
4.666162968749999891e+02,-8.812450736484314007e+01
4.666165898437500346e+02,-8.577814884750112867e+01
4.666168828125000232e+02,-9.234271583456202848e+01
4.666171757812500118e+02,-8.808657544835250519e+01
4.666174687500000005e+02,-9.974642855005113518e+01
4.666177617187499891e+02,-8.599575406811993616e+01
4.666180546875000346e+02,-8.330479934120246810e+01
4.666183476562500232e+02,-8.611188755969021713e+01
4.666186406250000118e+02,-9.540515455113958865e+01
4.666189335937500005e+02,-8.572359216890055222e+01
4.666192265624999891e+02,-8.806249062155831098e+01
4.666195195312500346e+02,-8.947323472766913710e+01
4.666198125000000232e+02,-8.732196586403317440e+01
4.666201054687500118e+02,-8.552282460244640561e+01
4.666203984375000005e+02,-9.675682003563733247e+01
4.666206914062499891e+02,-9.941192148005950457e+01
4.666209843750000346e+02,-8.474913741180088778e+01
4.666212773437500232e+02,-8.284796008666914702e+01
4.666215703125000118e+02,-8.623504459279249090e+01
4.666218632812500005e+02,-9.141864121331629178e+01
4.666221562499999891e+02,-9.154526539778102290e+01
4.666224492187500346e+02,-8.641674300434746669e+01
4.666227421875000232e+02,-9.101821276415249429e+01
4.666230351562500118e+02,-8.106417953658288411e+01
4.666233281250000005e+02,-8.029032787315489372e+01
4.666236210937499891e+02,-8.081852016701512298e+01
4.666239140625000346e+02,-8.757800872470818376e+01
4.666242070312500232e+02,-8.616060413604158441e+01
4.666245000000000118e+02,-8.404388798513296877e+01
4.666247929687500005e+02,-8.390863293846652482e+01
4.666250859374999891e+02,-8.197262620786301568e+01
4.666253789062500346e+02,-8.268737537376139812e+01
4.666256718750000232e+02,-8.560438541153686742e+01
4.666259648437500118e+02,-9.280127425932904828e+01
4.666262578125000005e+02,-8.624747301299207436e+01
4.666265507812499891e+02,-8.140850175683938517e+01
4.666268437500000346e+02,-8.301273125859886193e+01
4.666271367187500232e+02,-8.674990949335565915e+01
4.666274296875000118e+02,-8.806616723474269293e+01
4.666277226562500005e+02,-8.509892561612318218e+01
4.666280156249999891e+02,-9.097474461803905399e+01
4.666283085937500346e+02,-8.342952579789360357e+01
4.666286015625000232e+02,-8.434407168485122952e+01
4.666288945312500118e+02,-9.232732804456111353e+01
4.666291875000000005e+02,-9.368157572971534819e+01
4.666294804687499891e+02,-8.695040425929855132e+01
4.666297734375000346e+02,-8.844611463782786132e+01
4.666300664062500232e+02,-9.704469271511540285e+01
4.666303593750000118e+02,-9.175467415856729758e+01
4.666306523437500005e+02,-8.860839232767537510e+01
4.666309453124999891e+02,-8.333867854906662842e+01
4.666312382812500346e+02,-8.838586324873415379e+01
4.666315312500000232e+02,-8.554275613919679699e+01
4.666318242187500118e+02,-8.961044975818836633e+01
4.666321171875000005e+02,-9.517087629737477528e+01
4.666324101562499891e+02,-9.397804826594585847e+01
4.666327031250000346e+02,-9.146424884409874778e+01
4.666329960937500232e+02,-8.488581172338646752e+01
4.666332890625000118e+02,-9.471601298872943175e+01
4.666335820312500005e+02,-8.651586498530072333e+01
4.666338749999999891e+02,-9.218486251912551666e+01
4.666341679687500346e+02,-8.071226890119640984e+01
4.666344609375000232e+02,-8.241109587318493368e+01
4.666347539062500118e+02,-9.401558955539181284e+01
4.666350468750000005e+02,-8.432903294236319880e+01
4.666353398437499891e+02,-8.243260621862324911e+01
4.666356328125000346e+02,-8.488054102927853251e+01
4.666359257812500232e+02,-8.853381436978111196e+01
4.666362187500000118e+02,-8.694706741777329739e+01
4.666365117187500005e+02,-8.672020210757307268e+01
4.666368046874999891e+02,-8.455421223185388158e+01
4.666370976562500346e+02,-8.691076705493043164e+01
4.666373906250000232e+02,-8.971187961650264242e+01
4.666376835937500118e+02,-8.628002323155666886e+01
4.666379765625000005e+02,-1.165706970807028142e+02
4.666382695312499891e+02,-8.806358572865291023e+01
4.666385625000000346e+02,-9.324279289171823848e+01
4.666388554687500232e+02,-8.323856372348814148e+01
4.666391484375000118e+02,-8.209065035844338354e+01
4.666394414062500005e+02,-8.544318987716312108e+01
4.666397343749999891e+02,-8.254463368121442102e+01
4.666400273437500346e+02,-8.236005789796864462e+01
4.666403203125000232e+02,-8.995368120611939844e+01
4.666406132812500118e+02,-9.078197110856500274e+01
4.666409062500000005e+02,-9.573682958605850501e+01
4.666411992187499891e+02,-8.673447182014207613e+01
4.666414921875000346e+02,-9.425851803658156314e+01
4.666417851562500232e+02,-9.508122609874928344e+01
4.666420781250000118e+02,-9.428669516726256461e+01
4.666423710937500005e+02,-9.147296134734963857e+01
4.666426640624999891e+02,-9.581086670474276445e+01
4.666429570312500346e+02,-9.078258173526243979e+01
4.666432500000000232e+02,-8.961925298596058553e+01
4.666435429687500118e+02,-8.406171028204849449e+01
4.666438359375000005e+02,-8.396841125875883449e+01
4.666441289062499891e+02,-8.487366860076649289e+01
4.666444218750000346e+02,-8.763167762554078877e+01
4.666447148437500232e+02,-9.016541323025097654e+01
4.666450078125000118e+02,-8.773464470393805925e+01
4.666453007812500005e+02,-8.675828683431456056e+01
4.666455937499999891e+02,-8.333050390618565473e+01
4.666458867187500346e+02,-9.236726648599393741e+01
4.666461796875000232e+02,-9.334363337231943092e+01
4.666464726562500118e+02,-9.078394356175108726e+01
4.666467656250000005e+02,-8.814400046931339716e+01
4.666470585937499891e+02,-8.893745964116499181e+01
4.666473515625000346e+02,-9.734179310128651252e+01
4.666476445312500232e+02,-8.847893496617575693e+01
4.666479375000000118e+02,-9.371865548279048141e+01
4.666482304687500005e+02,-9.210570890424895651e+01
4.666485234374999891e+02,-8.795148676545095157e+01
4.666488164062500346e+02,-8.899871502403439649e+01
4.666491093750000232e+02,-8.871144270871818094e+01
4.666494023437500118e+02,-9.430175788628260136e+01
4.666496953125000005e+02,-8.755170240089120171e+01
4.666499882812499891e+02,-8.354114536094344601e+01
4.666502812500000346e+02,-8.630705048939638857e+01
4.666505742187500232e+02,-9.615560605750955858e+01
4.666508671875000118e+02,-8.985773449761779830e+01
4.666511601562500005e+02,-9.032816220521252149e+01
4.666514531249999891e+02,-9.529385300071773202e+01
4.666517460937500346e+02,-9.125818927131328451e+01
4.666520390625000232e+02,-9.401007162647529469e+01
4.666523320312500118e+02,-9.681704942424292426e+01
4.666526250000000005e+02,-9.060602007109990552e+01
4.666529179687499891e+02,-9.286963200344303004e+01
4.666532109375000346e+02,-9.493812952189499299e+01
4.666535039062500232e+02,-8.638111307982401854e+01
4.666537968750000118e+02,-8.542195050734329698e+01
4.666540898437500005e+02,-8.370489769692811421e+01
4.666543828124999891e+02,-9.109024498737946374e+01
4.666546757812500346e+02,-9.268185269824685690e+01
4.666549687500000232e+02,-8.890722312312723830e+01
4.666552617187500118e+02,-9.661270599068204490e+01
4.666555546875000005e+02,-1.002223013011282404e+02
4.666558476562499891e+02,-8.978496269836423949e+01
4.666561406250000346e+02,-9.622005831297212808e+01
4.666564335937500232e+02,-9.848087980704958966e+01
4.666567265625000118e+02,-8.707650358174673499e+01
4.666570195312500005e+02,-8.858317224589916350e+01
4.666573124999999891e+02,-9.107011969627200187e+01
4.666576054687500346e+02,-9.799647217477057382e+01
4.666578984375000232e+02,-8.929674183468600290e+01
4.666581914062500118e+02,-9.262641078661971505e+01
4.666584843750000005e+02,-8.994656757060329255e+01
4.666587773437499891e+02,-8.463617554129108100e+01
4.666590703125000346e+02,-8.518369556730672798e+01
4.666593632812500232e+02,-9.764117880928581883e+01
4.666596562500000118e+02,-1.112826873542731505e+02
4.666599492187500005e+02,-9.183888113118155161e+01
4.666602421874999891e+02,-9.646659830997390372e+01
4.666605351562500346e+02,-8.724482353901052534e+01
4.666608281250000232e+02,-8.972822260279001227e+01
4.666611210937500118e+02,-8.542090218779719635e+01
4.666614140625000005e+02,-8.276306845917888211e+01
4.666617070312499891e+02,-8.230705522428955589e+01
4.666620000000000346e+02,-8.440219442383765625e+01
4.666622929687500232e+02,-8.837723933835258094e+01
4.666625859375000118e+02,-9.018444469585853085e+01
4.666628789062500005e+02,-9.907245098326534105e+01
4.666631718749999891e+02,-8.708628751896704046e+01
4.666634648437500346e+02,-8.634038596662122700e+01
4.666637578125000232e+02,-8.663114958167562918e+01
4.666640507812500118e+02,-9.040316983348563440e+01
4.666643437500000005e+02,-8.584330502679213737e+01
4.666646367187499891e+02,-8.751433190710189081e+01
4.666649296875000346e+02,-9.263751555550207684e+01
4.666652226562500232e+02,-9.127056355935121701e+01
4.666655156250000118e+02,-9.167440999109912525e+01
4.666658085937500005e+02,-9.849228472528209011e+01
4.666661015624999891e+02,-9.356547147647893325e+01
4.666663945312500346e+02,-9.070944721694444013e+01
4.666666875000000232e+02,-8.891755924254475474e+01
4.666669804687500118e+02,-8.241247269190488112e+01
4.666672734375000005e+02,-8.264092815745316045e+01
4.666675664062499891e+02,-8.716986662608309189e+01
4.666678593750000346e+02,-9.160999723947907114e+01
4.666681523437500232e+02,-9.087476456917720213e+01
4.666684453125000118e+02,-9.172100811268231269e+01
4.666687382812500005e+02,-9.101548979414887697e+01
4.666690312499999891e+02,-9.012558267120428468e+01
4.666693242187500346e+02,-8.761261014821968729e+01
4.666696171875000232e+02,-9.327757749959872058e+01
4.666699101562500118e+02,-8.875704294818208950e+01
4.666702031250000005e+02,-8.504810521428213121e+01
4.666704960937499891e+02,-9.321585705448259773e+01
4.666707890625000346e+02,-9.702093307093858243e+01
4.666710820312500232e+02,-9.374904983276393011e+01
4.666713750000000118e+02,-9.689499812582111815e+01
4.666716679687500005e+02,-9.477194099756016499e+01
4.666719609374999891e+02,-8.665825813800582011e+01
4.666722539062500346e+02,-8.331357415074998585e+01
4.666725468750000232e+02,-9.504852798926036428e+01
4.666728398437500118e+02,-8.923980480801031945e+01
4.666731328125000005e+02,-9.142169143213806137e+01
4.666734257812499891e+02,-9.296149139543067008e+01
4.666737187500000346e+02,-8.894262198291482946e+01
4.666740117187500232e+02,-9.344935892712059911e+01
4.666743046875000118e+02,-9.872627914037549601e+01
4.666745976562500005e+02,-8.757757409377965985e+01
4.666748906249999891e+02,-8.908846816127831403e+01
4.666751835937500346e+02,-9.013217886025597636e+01
4.666754765625000232e+02,-8.650370785746032709e+01
4.666757695312500118e+02,-8.427041501974109394e+01
4.666760625000000005e+02,-8.368627350797524400e+01
4.666763554687499891e+02,-1.078891753528755260e+02
4.666766484375000346e+02,-8.864313008001181515e+01
4.666769414062500232e+02,-9.187256310597891229e+01
4.666772343750000118e+02,-8.446892049248275214e+01
4.666775273437500005e+02,-8.392879830631081006e+01
4.666778203124999891e+02,-8.382368564740497163e+01
4.666781132812500346e+02,-8.611747445223858222e+01
4.666784062500000232e+02,-9.088474096365631283e+01
4.666786992187500118e+02,-8.960577200910101681e+01
4.666789921875000005e+02,-8.383549919113045235e+01
4.666792851562499891e+02,-8.919243141123602925e+01
4.666795781250000346e+02,-9.312475177929029257e+01
4.666798710937500232e+02,-8.602967621682046229e+01
4.666801640625000118e+02,-9.024313114373022415e+01
4.666804570312500005e+02,-9.876381561718390856e+01
4.666807499999999891e+02,-9.499863440371899515e+01
4.666810429687500346e+02,-9.082071178747642648e+01
4.666813359375000232e+02,-8.603170446902063873e+01
4.666816289062500118e+02,-9.250881023817279925e+01
4.666819218750000005e+02,-8.267011942765952881e+01
4.666822148437499891e+02,-9.082105178702295234e+01
4.666825078125000346e+02,-8.562203572743493396e+01
4.666828007812500232e+02,-8.418567772638334645e+01
4.666830937500000118e+02,-8.461080992020083613e+01
4.666833867187500005e+02,-8.325129647834891955e+01
4.666836796874999891e+02,-7.990915641336120245e+01
4.666839726562500346e+02,-8.261237964357795249e+01
4.666842656250000232e+02,-9.498979047887243610e+01
4.666845585937500118e+02,-8.386021129155074050e+01
4.666848515625000005e+02,-1.006655852558615436e+02
4.666851445312499891e+02,-8.357124887559592707e+01
4.666854375000000346e+02,-1.009674803115823636e+02
4.666857304687500232e+02,-8.401749498193980514e+01
4.666860234375000118e+02,-8.651115634327652515e+01
4.666863164062500005e+02,-1.095581074722075101e+02
4.666866093749999891e+02,-9.336829695744440016e+01
4.666869023437500346e+02,-9.084452307947739769e+01
4.666871953125000232e+02,-8.681424248666243670e+01
4.666874882812500118e+02,-8.789947655540382243e+01
4.666877812500000005e+02,-8.234382962902844838e+01
4.666880742187499891e+02,-8.383189745041789820e+01
4.666883671875000346e+02,-8.575578721892051703e+01
4.666886601562500232e+02,-8.425160811351227608e+01
4.666889531250000118e+02,-9.075428473890021053e+01
4.666892460937500005e+02,-8.465945870476738833e+01
4.666895390624999891e+02,-8.284963756649808886e+01
4.666898320312500346e+02,-9.370841328231594503e+01
4.666901250000000232e+02,-9.905341626483064488e+01
4.666904179687500118e+02,-8.652869732297716610e+01
4.666907109375000005e+02,-8.359281133045563195e+01
4.666910039062499891e+02,-8.285280808021977350e+01
4.666912968750000346e+02,-8.196479464503948975e+01
4.666915898437500232e+02,-8.651527385589079699e+01
4.666918828125000118e+02,-9.419841317540375769e+01
4.666921757812500005e+02,-9.078217545469279059e+01
4.666924687499999891e+02,-8.503745422522099773e+01
4.666927617187500346e+02,-9.184909847715383080e+01
4.666930546875000232e+02,-9.429522249942861833e+01
4.666933476562500118e+02,-8.766669059703227163e+01
4.666936406250000005e+02,-8.757670571552785077e+01
4.666939335937499891e+02,-8.571082678932155829e+01
4.666942265625000346e+02,-8.939881475475816330e+01
4.666945195312500232e+02,-9.008641348191861198e+01
4.666948125000000118e+02,-9.191375566571501565e+01
4.666951054687500005e+02,-8.549894300310954520e+01
4.666953984374999891e+02,-9.120418110979429116e+01
4.666956914062500346e+02,-8.793273649803643366e+01
4.666959843750000232e+02,-8.503442575167169082e+01
4.666962773437500118e+02,-8.150577619111096794e+01
4.666965703125000005e+02,-8.427540336373296270e+01
4.666968632812499891e+02,-8.872519640146413167e+01
4.666971562500000346e+02,-9.882274063571024669e+01
4.666974492187500232e+02,-9.034419610914758891e+01
4.666977421875000118e+02,-8.449963435144786672e+01
4.666980351562500005e+02,-8.626732345137259017e+01
4.666983281249999891e+02,-9.072289862872345623e+01
4.666986210937500346e+02,-8.542980207579383034e+01
4.666989140625000232e+02,-8.646456050284268713e+01
4.666992070312500118e+02,-8.848549444384345009e+01
4.666995000000000005e+02,-8.247820749240844407e+01
4.666997929687499891e+02,-8.725962323192470649e+01
4.667000859375000346e+02,-9.230719026442008612e+01
4.667003789062500232e+02,-8.366568674945972361e+01
4.667006718750000118e+02,-8.602049215163975759e+01
4.667009648437500005e+02,-8.780645179492782404e+01
4.667012578124999891e+02,-8.878725274554690827e+01
4.667015507812500346e+02,-8.763975972866113295e+01
4.667018437500000232e+02,-8.738951754298398100e+01
4.667021367187500118e+02,-9.058318863236146967e+01
4.667024296875000005e+02,-8.808924331178403122e+01
4.667027226562499891e+02,-8.226455635385433141e+01
4.667030156250000346e+02,-8.646205553884865935e+01
4.667033085937500232e+02,-8.703024765643226601e+01
4.667036015625000118e+02,-8.272175942286496308e+01
4.667038945312500005e+02,-8.453316132138422745e+01
4.667041874999999891e+02,-8.510708604716384684e+01
4.667044804687500346e+02,-8.489439427114648140e+01
4.667047734375000232e+02,-8.165989727720014457e+01
4.667050664062500118e+02,-8.337445256261746351e+01
4.667053593750000005e+02,-8.891313136145059559e+01
4.667056523437499891e+02,-9.522337640292178662e+01
4.667059453125000346e+02,-9.137448482018015739e+01
4.667062382812500232e+02,-8.405224070451460250e+01
4.667065312500000118e+02,-9.284278796559721059e+01
4.667068242187500005e+02,-9.295573253271784608e+01
4.667071171874999891e+02,-8.705439361688735289e+01
4.667074101562500346e+02,-8.713665463637252628e+01
4.667077031250000232e+02,-8.061396366869453800e+01
4.667079960937500118e+02,-8.252803079794504981e+01
4.667082890625000005e+02,-9.099287025788800065e+01
4.667085820312499891e+02,-8.690861070413961897e+01
4.667088750000000346e+02,-8.980351910957972450e+01
4.667091679687500232e+02,-9.381323334481037080e+01
4.667094609375000118e+02,-9.543146768876451347e+01
4.667097539062500005e+02,-8.413680074007486098e+01
4.667100468749999891e+02,-8.984594530405684054e+01
4.667103398437500346e+02,-8.730200892226712028e+01
4.667106328125000232e+02,-8.720788306299778014e+01
4.667109257812500118e+02,-8.826225653119898595e+01
4.667112187500000005e+02,-8.484045954417830160e+01
4.667115117187499891e+02,-8.594641188637723417e+01
4.667118046875000346e+02,-8.650782050161541292e+01
4.667120976562500232e+02,-8.951040377336623521e+01
4.667123906250000118e+02,-9.320057274067694664e+01
4.667126835937500005e+02,-8.603136672545674912e+01
4.667129765624999891e+02,-8.334941424905865404e+01
4.667132695312500346e+02,-8.788864661521651556e+01
4.667135625000000232e+02,-8.475269241396918574e+01
4.667138554687500118e+02,-8.509121226623570067e+01
4.667141484375000005e+02,-8.318927685205056832e+01
4.667144414062499891e+02,-8.318494573361081734e+01
4.667147343750000346e+02,-9.120229491329773452e+01
4.667150273437500232e+02,-9.422593944024814050e+01
4.667153203125000118e+02,-9.559563297380168478e+01
4.667156132812500005e+02,-8.326164125394117832e+01
4.667159062499999891e+02,-7.817527764989557681e+01
4.667161992187500346e+02,-8.192237928216728449e+01
4.667164921875000232e+02,-8.874315766976312148e+01
4.667167851562500118e+02,-8.291754025707464848e+01
4.667170781250000005e+02,-8.715847479528275699e+01
4.667173710937499891e+02,-8.607390401513410438e+01
4.667176640625000346e+02,-8.719026455406938680e+01
4.667179570312500232e+02,-9.382552027684272389e+01
4.667182500000000118e+02,-9.483715340830384832e+01
4.667185429687500005e+02,-9.251688102757745469e+01
4.667188359374999891e+02,-8.396401778473946820e+01
4.667191289062500346e+02,-8.646886398578884325e+01
4.667194218750000232e+02,-8.386721584439661115e+01
4.667197148437500118e+02,-8.316354382561227965e+01
4.667200078125000005e+02,-9.741881048088234252e+01
4.667203007812499891e+02,-8.729650057870770752e+01
4.667205937500000346e+02,-9.517553270175797309e+01
4.667208867187500232e+02,-8.668662879778331387e+01
4.667211796875000118e+02,-8.599032626122647116e+01
4.667214726562500005e+02,-8.761969924308253610e+01
4.667217656249999891e+02,-9.035742429769240402e+01
4.667220585937500346e+02,-8.389452355323142285e+01
4.667223515625000232e+02,-8.150785456405222362e+01
4.667226445312500118e+02,-8.193539197209173608e+01
4.667229375000000005e+02,-8.916713509449415653e+01
4.667232304687499891e+02,-8.331696781552449238e+01
4.667235234375000346e+02,-8.142088523511856124e+01
4.667238164062500232e+02,-8.751219271095922636e+01
4.667241093750000118e+02,-9.939674421954171635e+01
4.667244023437500005e+02,-8.209334301567218972e+01
4.667246953124999891e+02,-8.659333628813031680e+01
4.667249882812500346e+02,-9.854475523444639862e+01
4.667252812500000232e+02,-9.060675208202566466e+01
4.667255742187500118e+02,-8.471416195222971623e+01
4.667258671875000005e+02,-8.518216201186822900e+01
4.667261601562499891e+02,-9.094030177425288741e+01
4.667264531250000346e+02,-8.518597559342482839e+01
4.667267460937500232e+02,-8.427375336598593947e+01
4.667270390625000118e+02,-9.057073943464962440e+01
4.667273320312500005e+02,-9.389378827401904459e+01
4.667276249999999891e+02,-8.812209670821771113e+01
4.667279179687500346e+02,-9.428212463197964155e+01
4.667282109375000232e+02,-8.102853817147260429e+01
4.667285039062500118e+02,-8.007223195555997108e+01
4.667287968750000005e+02,-9.062287914117462151e+01
4.667290898437499891e+02,-9.421061781036556226e+01
4.667293828125000346e+02,-8.665885049545094887e+01
4.667296757812500232e+02,-8.607046492647214109e+01
4.667299687500000118e+02,-9.194347948850044361e+01
4.667302617187500005e+02,-9.162387368059691539e+01
4.667305546874999891e+02,-8.886168974863943504e+01
4.667308476562500346e+02,-8.436537147632486722e+01
4.667311406250000232e+02,-8.504486236544971689e+01
4.667314335937500118e+02,-1.003604996240513572e+02
4.667317265625000005e+02,-1.086650901214937761e+02
4.667320195312499891e+02,-8.958296134179860815e+01
4.667323125000000346e+02,-8.681386934131165845e+01
4.667326054687500232e+02,-9.005778062487193836e+01
4.667328984375000118e+02,-9.687855997183788759e+01
4.667331914062500005e+02,-8.894872478890634682e+01
4.667334843749999891e+02,-8.749608093504905071e+01
4.667337773437500346e+02,-8.963005348870200351e+01
4.667340703125000232e+02,-8.543377037836810928e+01
4.667343632812500118e+02,-8.198548940486490721e+01
4.667346562500000005e+02,-8.320548314239687215e+01
4.667349492187499891e+02,-8.753057087760626587e+01
4.667352421875000346e+02,-1.038875906549125432e+02
4.667355351562500232e+02,-9.164896278157826259e+01
4.667358281250000118e+02,-8.689119009921151360e+01
4.667361210937500005e+02,-8.599266615258257218e+01
4.667364140624999891e+02,-8.881522431001104678e+01
4.667367070312500346e+02,-9.022124975513210643e+01
4.667370000000000232e+02,-9.308724244630110434e+01
4.667372929687500118e+02,-8.769564645711561468e+01
4.667375859375000005e+02,-8.006052890200717798e+01
4.667378789062499891e+02,-8.506280507154107795e+01
4.667381718750000346e+02,-9.280256425921984942e+01
4.667384648437500232e+02,-1.050395089895137488e+02
4.667387578125000118e+02,-8.323313997894608463e+01
4.667390507812500005e+02,-8.482303120003557240e+01
4.667393437499999891e+02,-8.660085210670479228e+01
4.667396367187500346e+02,-8.604866610696609541e+01
4.667399296875000232e+02,-8.007642637769349392e+01
4.667402226562500118e+02,-8.030076616710134374e+01
4.667405156250000005e+02,-8.355364998524869691e+01
4.667408085937499891e+02,-9.934575926657026912e+01
4.667411015625000346e+02,-9.784380196397761154e+01
4.667413945312500232e+02,-9.293704854933747583e+01
4.667416875000000118e+02,-9.993495824732995914e+01
4.667419804687500005e+02,-8.909708928434076824e+01
4.667422734374999891e+02,-9.719669797893870111e+01
4.667425664062500346e+02,-9.754684885385574944e+01
4.667428593750000232e+02,-9.298314048024771239e+01
4.667431523437500118e+02,-8.928825402288484270e+01
4.667434453125000005e+02,-1.041813945024100576e+02
4.667437382812499891e+02,-8.869457503016462852e+01
4.667440312500000346e+02,-8.635370817193052062e+01
4.667443242187500232e+02,-9.097577732971257092e+01
4.667446171875000118e+02,-9.006928420070339314e+01
4.667449101562500005e+02,-8.496468762214522030e+01
4.667452031249999891e+02,-9.306815326065995464e+01
4.667454960937500346e+02,-8.586158863157828591e+01
4.667457890625000232e+02,-7.990582705192053936e+01
4.667460820312500118e+02,-7.957625485521799646e+01
4.667463750000000005e+02,-8.190188798664118508e+01
4.667466679687499891e+02,-8.436583458759001530e+01
4.667469609375000346e+02,-8.751831702320191653e+01
4.667472539062500232e+02,-8.320425270584203759e+01
4.667475468750000118e+02,-8.065188055358527208e+01
4.667478398437500005e+02,-8.442174254959523694e+01
4.667481328124999891e+02,-8.520563918380119617e+01
4.667484257812500346e+02,-9.174273867296420804e+01
4.667487187500000232e+02,-1.009393104229535112e+02
4.667490117187500118e+02,-9.818331827804439627e+01
4.667493046875000005e+02,-9.074285516040866639e+01
4.667495976562499891e+02,-9.482851470831337792e+01
4.667498906250000346e+02,-8.611191227036104578e+01
4.667501835937500232e+02,-8.601023170188199174e+01
4.667504765625000118e+02,-8.495275652883040607e+01
4.667507695312500005e+02,-1.130359314556277894e+02
4.667510624999999891e+02,-8.730298417942836409e+01
4.667513554687500346e+02,-8.543180518962147119e+01
4.667516484375000232e+02,-8.005975178927643299e+01
4.667519414062500118e+02,-8.516709302202839638e+01
4.667522343750000005e+02,-8.524779688923031529e+01
4.667525273437499891e+02,-8.924224265854289229e+01
4.667528203125000346e+02,-9.270774975528257755e+01
4.667531132812500232e+02,-8.610525533566637080e+01
4.667534062500000118e+02,-8.208544600134517566e+01
4.667536992187500005e+02,-8.364875030775343134e+01
4.667539921874999891e+02,-8.777030062467116522e+01
4.667542851562500346e+02,-8.550716298581058084e+01
4.667545781250000232e+02,-9.688396663010985321e+01
4.667548710937500118e+02,-8.760706771003054882e+01
4.667551640625000005e+02,-8.711250110605048746e+01
4.667554570312499891e+02,-8.088615477900745532e+01
4.667557500000000346e+02,-8.598364281227870265e+01
4.667560429687500232e+02,-9.360791694250647765e+01
4.667563359375000118e+02,-8.822551757286558427e+01
4.667566289062500005e+02,-9.131669959199112441e+01
4.667569218749999891e+02,-9.597517774816628844e+01
4.667572148437500346e+02,-9.108140701634688696e+01
4.667575078125000232e+02,-8.753289115808932763e+01
4.667578007812500118e+02,-8.440828857081024239e+01
4.667580937500000005e+02,-8.482835195094392589e+01
4.667583867187499891e+02,-9.379809473543983245e+01
4.667586796875000346e+02,-8.833572243294456428e+01
4.667589726562500232e+02,-9.823071150935388118e+01
4.667592656250000118e+02,-8.080634433763347602e+01
4.667595585937500005e+02,-7.878263483004326417e+01
4.667598515624999891e+02,-8.156130293718217672e+01
4.667601445312500346e+02,-8.745084225074806739e+01
4.667604375000000232e+02,-8.311828031414790985e+01
4.667607304687500118e+02,-8.332508724004415512e+01
4.667610234375000005e+02,-9.092987536028434192e+01
4.667613164062499891e+02,-9.247874224123513898e+01
4.667616093750000346e+02,-8.344157358320161677e+01
4.667619023437500232e+02,-8.122355063479055559e+01
4.667621953125000118e+02,-8.598811441851884751e+01
4.667624882812500005e+02,-8.511344478543081493e+01
4.667627812499999891e+02,-8.662210708270983162e+01
4.667630742187500346e+02,-9.570567185225382900e+01
4.667633671875000232e+02,-9.288583208390963364e+01
4.667636601562500118e+02,-9.265723899871673552e+01
4.667639531250000005e+02,-8.535680472712439837e+01
4.667642460937499891e+02,-9.045892034499922829e+01
4.667645390625000346e+02,-8.062814425329804635e+01
4.667648320312500232e+02,-8.013126877011707450e+01
4.667651250000000118e+02,-8.215216596442344610e+01
4.667654179687500005e+02,-7.931909916860126941e+01
4.667657109374999891e+02,-7.948014575899146905e+01
4.667660039062500346e+02,-8.288562324439402573e+01
4.667662968750000232e+02,-8.212183686010664019e+01
4.667665898437500118e+02,-8.360896961941291750e+01
4.667668828125000005e+02,-8.629128651603024025e+01
4.667671757812499891e+02,-8.531650922232512357e+01
4.667674687500000346e+02,-8.373244976385691984e+01
4.667677617187500232e+02,-8.960271034215580244e+01
4.667680546875000118e+02,-8.660705474392862868e+01
4.667683476562500005e+02,-9.195546989947297334e+01
4.667686406249999891e+02,-8.831815790735424798e+01
4.667689335937500346e+02,-8.623599975510876448e+01
4.667692265625000232e+02,-8.044426408840983811e+01
4.667695195312500118e+02,-7.952478247856492999e+01
4.667698125000000005e+02,-8.971672189431583888e+01
4.667701054687499891e+02,-8.490298054835807307e+01
4.667703984375000346e+02,-8.555057488457754289e+01
4.667706914062500232e+02,-1.044424045261549452e+02
4.667709843750000118e+02,-9.064336517976872187e+01
4.667712773437500005e+02,-8.649464017285913542e+01
4.667715703124999891e+02,-8.785371886518353790e+01
4.667718632812500346e+02,-8.617156293867061834e+01
4.667721562500000232e+02,-8.172817888644756579e+01
4.667724492187500118e+02,-8.138419214417399417e+01
4.667727421875000005e+02,-8.328520171605399014e+01
4.667730351562499891e+02,-8.751829342176517912e+01
4.667733281250000346e+02,-8.727554878167454433e+01
4.667736210937500232e+02,-9.533785915259643673e+01
4.667739140625000118e+02,-1.007013108655217479e+02
4.667742070312500005e+02,-9.220181308247734364e+01
4.667744999999999891e+02,-1.103436676007470396e+02
4.667747929687500346e+02,-8.882758159144229637e+01
4.667750859375000232e+02,-8.222909157984599915e+01
4.667753789062500118e+02,-8.159601255605672065e+01
4.667756718750000005e+02,-8.275400201665028987e+01
4.667759648437499891e+02,-8.750439790297731690e+01
4.667762578125000346e+02,-1.003287240523097239e+02
4.667765507812500232e+02,-9.509955769918900614e+01
4.667768437500000118e+02,-9.281465067291465232e+01
4.667771367187500005e+02,-8.937476053232543904e+01
4.667774296874999891e+02,-8.981592767701060609e+01
4.667777226562500346e+02,-9.340194202025801928e+01
4.667780156250000232e+02,-8.529133980516479596e+01
4.667783085937500118e+02,-9.549391352543885603e+01
4.667786015625000005e+02,-9.725912669344850769e+01
4.667788945312499891e+02,-9.689374699055962026e+01
4.667791875000000346e+02,-1.124702422583460475e+02
4.667794804687500232e+02,-1.065242778229961829e+02
4.667797734375000118e+02,-1.005379519812572084e+02
4.667800664062500005e+02,-9.514502757318099668e+01
4.667803593749999891e+02,-9.080799436744140962e+01
4.667806523437500346e+02,-1.029578126230923232e+02
4.667809453125000232e+02,-8.975666042849621817e+01
4.667812382812500118e+02,-8.380585554867977294e+01
4.667815312500000005e+02,-8.646539446715175359e+01
4.667818242187499891e+02,-9.292643747914320329e+01
4.667821171875000346e+02,-9.723379213573144852e+01
4.667824101562500232e+02,-9.324138582467145397e+01
4.667827031250000118e+02,-9.178516485254057500e+01
4.667829960937500005e+02,-1.018892452801492823e+02
4.667832890624999891e+02,-9.392457621620464181e+01
4.667835820312500346e+02,-9.390370705906678950e+01
4.667838750000000232e+02,-9.324231204936616280e+01
4.667841679687500118e+02,-9.094926324425028952e+01
4.667844609375000005e+02,-8.859189183257694822e+01
4.667847539062499891e+02,-8.999810840693420744e+01
4.667850468750000346e+02,-8.803384061492144497e+01
4.667853398437500232e+02,-9.363028575651301821e+01
4.667856328125000118e+02,-9.794824073219201921e+01
4.667859257812500005e+02,-9.119257148578265060e+01
4.667862187499999891e+02,-1.033532250680005689e+02
4.667865117187500346e+02,-9.408806335927765474e+01
4.667868046875000232e+02,-9.380007211754838181e+01
4.667870976562500118e+02,-9.225936540732847391e+01
4.667873906250000005e+02,-9.112967649165982209e+01
4.667876835937499891e+02,-9.405111629886006597e+01
4.667879765625000346e+02,-8.930469057875652084e+01
4.667882695312500232e+02,-8.765464587683253228e+01
4.667885625000000118e+02,-8.611203369799802942e+01
4.667888554687500005e+02,-8.950384769479228453e+01
4.667891484374999891e+02,-8.779876149554425524e+01
4.667894414062500346e+02,-9.595153353492815995e+01
4.667897343750000232e+02,-8.816400526626622991e+01
4.667900273437500118e+02,-8.521877847152532581e+01
4.667903203125000005e+02,-8.435158548024600123e+01
4.667906132812499891e+02,-8.600284217544512444e+01
4.667909062500000346e+02,-8.968711921255601283e+01
4.667911992187500232e+02,-1.073696326469974736e+02
4.667914921875000118e+02,-9.223751457786946162e+01
4.667917851562500005e+02,-8.992265692176661673e+01
4.667920781249999891e+02,-8.666078418979374476e+01
4.667923710937500346e+02,-8.652686107969138618e+01
4.667926640625000232e+02,-9.263760147890963026e+01
4.667929570312500118e+02,-8.274623009050995392e+01
4.667932500000000005e+02,-7.908688583443449716e+01
4.667935429687499891e+02,-8.036689451304164322e+01
4.667938359375000346e+02,-8.185010201473629365e+01
4.667941289062500232e+02,-8.626124636596671280e+01
4.667944218750000118e+02,-8.386400497218689054e+01
4.667947148437500005e+02,-7.856896618585278702e+01
4.667950078124999891e+02,-8.274499348342631322e+01
4.667953007812500346e+02,-9.261084832120590704e+01
4.667955937500000232e+02,-8.879971594857467210e+01
4.667958867187500118e+02,-8.956169814357521375e+01
4.667961796875000005e+02,-8.619458900076864438e+01
4.667964726562499891e+02,-8.381224910849481091e+01
4.667967656250000346e+02,-8.714607595695909481e+01
4.667970585937500232e+02,-8.537975316354010147e+01
4.667973515625000118e+02,-8.237768999651063950e+01
4.667976445312500005e+02,-8.198254007981708469e+01
4.667979374999999891e+02,-8.228322298725915118e+01
4.667982304687500346e+02,-8.347107720525127661e+01
4.667985234375000232e+02,-1.024757298412853004e+02
4.667988164062500118e+02,-8.281790186466039927e+01
4.667991093750000005e+02,-8.077616750006572488e+01
4.667994023437499891e+02,-9.165773781959916278e+01
4.667996953125000346e+02,-8.905631800212312044e+01
4.667999882812500232e+02,-8.697077270085475220e+01
4.668002812500000118e+02,-8.599728317264349187e+01
4.668005742187500005e+02,-1.026587475431578156e+02
4.668008671874999891e+02,-8.905924713118042746e+01
4.668011601562500346e+02,-1.061320818996054669e+02
4.668014531250000232e+02,-1.090805049922931715e+02
4.668017460937500118e+02,-1.013171731212857054e+02
4.668020390625000005e+02,-9.157823130184144134e+01
4.668023320312499891e+02,-8.889310378931504886e+01
4.668026250000000346e+02,-9.799087212698174199e+01
4.668029179687500232e+02,-9.376708510348707648e+01
4.668032109375000118e+02,-9.762327469774417921e+01
4.668035039062500005e+02,-8.827327205473838490e+01
4.668037968749999891e+02,-1.214819752655377982e+02
4.668040898437500346e+02,-1.072010536009152162e+02
4.668043828125000232e+02,-9.772732748783313639e+01
4.668046757812500118e+02,-8.597604444733343598e+01
4.668049687500000005e+02,-8.647453963354728046e+01
4.668052617187499891e+02,-8.754403517317979322e+01
4.668055546875000346e+02,-8.152782132441052454e+01
4.668058476562500232e+02,-8.185036284434698928e+01
4.668061406250000118e+02,-8.669370430616061185e+01
4.668064335937500005e+02,-8.721772033746628949e+01
4.668067265624999891e+02,-1.111739818857696775e+02
4.668070195312500346e+02,-9.418145996259509900e+01
4.668073125000000232e+02,-9.131296387409264526e+01
4.668076054687500118e+02,-1.024231679058255793e+02
4.668078984375000005e+02,-9.381886234449405038e+01
4.668081914062499891e+02,-9.242645513286596781e+01
4.668084843750000346e+02,-9.440114429707833210e+01
4.668087773437500232e+02,-9.444143599348504381e+01
4.668090703125000118e+02,-8.511745308005068011e+01
4.668093632812500005e+02,-8.257709152176089162e+01
4.668096562499999891e+02,-9.360243924001625260e+01
4.668099492187500346e+02,-8.988196228694272349e+01
4.668102421875000232e+02,-8.892435078428272277e+01
4.668105351562500118e+02,-9.100566393437992474e+01
4.668108281250000005e+02,-8.400679361192473493e+01
4.668111210937499891e+02,-8.394720743041995092e+01
4.668114140625000346e+02,-9.005707170961326824e+01
4.668117070312500232e+02,-8.512021898411612142e+01
4.668120000000000118e+02,-9.620279340861597461e+01
4.668122929687500005e+02,-8.620881250638566939e+01
4.668125859374999891e+02,-8.652294277847519766e+01
4.668128789062500346e+02,-8.473866982886247001e+01
4.668131718750000232e+02,-9.177773597531782457e+01
4.668134648437500118e+02,-9.001652154661863392e+01
4.668137578125000005e+02,-8.927363096145400334e+01
4.668140507812499891e+02,-8.639629559491895350e+01
4.668143437500000346e+02,-8.777333508455774336e+01
4.668146367187500232e+02,-8.752102602106204188e+01
4.668149296875000118e+02,-9.057730923435478587e+01
4.668152226562500005e+02,-8.794635593316536415e+01
4.668155156249999891e+02,-8.204847056369411007e+01
4.668158085937500346e+02,-8.223511114222775120e+01
4.668161015625000232e+02,-8.671637199900531812e+01
4.668163945312500118e+02,-8.693942043104834738e+01
4.668166875000000005e+02,-8.706930747000726001e+01
4.668169804687499891e+02,-8.937552687180323119e+01
4.668172734375000346e+02,-8.819028017300765043e+01
4.668175664062500232e+02,-8.837435146674681619e+01
4.668178593750000118e+02,-8.853644107690874421e+01
4.668181523437500005e+02,-9.665376130580830250e+01
4.668184453124999891e+02,-8.906438742096082706e+01
4.668187382812500346e+02,-8.213077604495057926e+01
4.668190312500000232e+02,-7.808800466096806758e+01
4.668193242187500118e+02,-8.076311472226863941e+01
4.668196171875000005e+02,-9.452367150693117992e+01
4.668199101562499891e+02,-9.000275824775299327e+01
4.668202031250000346e+02,-9.936756089070925668e+01
4.668204960937500232e+02,-9.121014228061753215e+01
4.668207890625000118e+02,-9.189772709149201546e+01
4.668210820312500005e+02,-8.579938920951867942e+01
4.668213749999999891e+02,-8.941926378077340587e+01
4.668216679687500346e+02,-8.321746864497308138e+01
4.668219609375000232e+02,-8.523255482249550141e+01
4.668222539062500118e+02,-9.038419623630667843e+01
4.668225468750000005e+02,-9.398020096287801550e+01
4.668228398437499891e+02,-9.003388302353104677e+01
4.668231328125000346e+02,-8.520502379993118325e+01
4.668234257812500232e+02,-8.534498825959994406e+01
4.668237187500000118e+02,-8.726150911019111334e+01
4.668240117187500005e+02,-1.012113371813281901e+02
4.668243046874999891e+02,-9.668142133014004003e+01
4.668245976562500346e+02,-9.224115914221131618e+01
4.668248906250000232e+02,-9.339840221827165578e+01
4.668251835937500118e+02,-8.627534987491033291e+01
4.668254765625000005e+02,-8.995538694024055815e+01
4.668257695312499891e+02,-9.258047702840038085e+01
4.668260625000000346e+02,-8.621074931807682162e+01
4.668263554687500232e+02,-8.290642308543650074e+01
4.668266484375000118e+02,-8.009399622007958897e+01
4.668269414062500005e+02,-8.577060073412867780e+01
4.668272343749999891e+02,-8.471263176954946061e+01
4.668275273437500346e+02,-8.943540099439977098e+01
4.668278203125000232e+02,-9.648709874090323524e+01
4.668281132812500118e+02,-9.009998052762892939e+01
4.668284062500000005e+02,-8.244739375816722315e+01
4.668286992187499891e+02,-8.320547246977758959e+01
4.668289921875000346e+02,-9.560622280199000045e+01
4.668292851562500232e+02,-9.166816940432207161e+01
4.668295781250000118e+02,-9.021872924719261277e+01
4.668298710937500005e+02,-9.223019135868034368e+01
4.668301640624999891e+02,-8.842261927381233022e+01
4.668304570312500346e+02,-8.396509425646641489e+01
4.668307500000000232e+02,-8.990868228991104161e+01
4.668310429687500118e+02,-9.126643414730918380e+01
4.668313359375000005e+02,-8.570400309602774769e+01
4.668316289062499891e+02,-8.460349735892853573e+01
4.668319218750000346e+02,-8.308658371341097393e+01
4.668322148437500232e+02,-9.158169401056788672e+01
4.668325078125000118e+02,-8.975295930435579805e+01
4.668328007812500005e+02,-1.001958234527273675e+02
4.668330937499999891e+02,-9.048112641240109610e+01
4.668333867187500346e+02,-8.676028748892218800e+01
4.668336796875000232e+02,-8.568234480310691481e+01
4.668339726562500118e+02,-8.558752612940077142e+01
4.668342656250000005e+02,-8.756421763110503775e+01
4.668345585937499891e+02,-8.941461815140004887e+01
4.668348515625000346e+02,-9.477589234159731291e+01
4.668351445312500232e+02,-8.981269778583076402e+01
4.668354375000000118e+02,-8.656237187572237701e+01
4.668357304687500005e+02,-9.734136542408037940e+01
4.668360234374999891e+02,-8.350872866720780507e+01
4.668363164062500346e+02,-8.249638788349047047e+01
4.668366093750000232e+02,-8.421015725330079249e+01
4.668369023437500118e+02,-8.015868996448729433e+01
4.668371953125000005e+02,-8.651198955776494870e+01
4.668374882812499891e+02,-8.523715601169615752e+01
4.668377812500000346e+02,-8.236421724326146432e+01
4.668380742187500232e+02,-8.497543201979905803e+01
4.668383671875000118e+02,-8.702360564890669536e+01
4.668386601562500005e+02,-8.976185800328927655e+01
4.668389531249999891e+02,-8.478446281777684135e+01
4.668392460937500346e+02,-8.278004980201239960e+01
4.668395390625000232e+02,-8.233436359212733180e+01
4.668398320312500118e+02,-8.661891527065745322e+01
4.668401250000000005e+02,-8.588308568812081489e+01
4.668404179687499891e+02,-8.779709400657131368e+01
4.668407109375000346e+02,-8.725140381870075146e+01
4.668410039062500232e+02,-9.810132884544336207e+01
4.668412968750000118e+02,-9.137671984847933970e+01
4.668415898437500005e+02,-1.063604090834929963e+02
4.668418828124999891e+02,-9.926025815232631544e+01
4.668421757812500346e+02,-8.872443000993384032e+01
4.668424687500000232e+02,-8.666120751331521888e+01
4.668427617187500118e+02,-9.125631533710185295e+01
4.668430546875000005e+02,-8.282278188592449908e+01
4.668433476562499891e+02,-7.852225485509546843e+01
4.668436406250000346e+02,-8.600457682405860282e+01
4.668439335937500232e+02,-8.954358023595762006e+01
4.668442265625000118e+02,-9.005238105163867601e+01
4.668445195312500005e+02,-9.278414504391626849e+01
4.668448124999999891e+02,-9.367314244672449774e+01
4.668451054687500346e+02,-8.429368774979720058e+01
4.668453984375000232e+02,-8.835179077528955816e+01
4.668456914062500118e+02,-8.410410169519757062e+01
4.668459843750000005e+02,-8.212126380851920260e+01
4.668462773437499891e+02,-8.260621756395670445e+01
4.668465703125000346e+02,-8.153436305565143982e+01
4.668468632812500232e+02,-8.249672438314794931e+01
4.668471562500000118e+02,-1.117261944484808964e+02
4.668474492187500005e+02,-9.250175001690433874e+01
4.668477421874999891e+02,-9.685207358694454172e+01
4.668480351562500346e+02,-8.226554344087817583e+01
4.668483281250000232e+02,-8.445048038032479099e+01
4.668486210937500118e+02,-8.795296486891940901e+01
4.668489140625000005e+02,-8.765959049372281697e+01
4.668492070312499891e+02,-7.980288464794791992e+01
4.668495000000000346e+02,-8.135747356420307597e+01
4.668497929687500232e+02,-8.816184888599013902e+01
4.668500859375000118e+02,-8.774972223316351005e+01
4.668503789062500005e+02,-9.252593876278103835e+01
4.668506718749999891e+02,-8.923938053567192696e+01
4.668509648437500346e+02,-8.105611125236953285e+01
4.668512578125000232e+02,-7.990449003812706508e+01
4.668515507812500118e+02,-8.968786434224442417e+01
4.668518437500000005e+02,-8.500765690020421061e+01
4.668521367187499891e+02,-7.891937451337241782e+01
4.668524296875000346e+02,-8.169551669521646886e+01
4.668527226562500232e+02,-8.990172260002535154e+01
4.668530156250000118e+02,-8.992921242051207287e+01
4.668533085937500005e+02,-9.131259007003757233e+01
4.668536015624999891e+02,-8.635551818384847422e+01
4.668538945312500346e+02,-8.577661591314853240e+01
4.668541875000000232e+02,-8.971834167516176706e+01
4.668544804687500118e+02,-8.147997070532611019e+01
4.668547734375000005e+02,-8.066749479085957830e+01
4.668550664062499891e+02,-9.649418970450882682e+01
4.668553593750000346e+02,-8.289973413179856720e+01
4.668556523437500232e+02,-8.166571748354327553e+01
4.668559453125000118e+02,-8.915847867394012383e+01
4.668562382812500005e+02,-9.087877435165337658e+01
4.668565312499999891e+02,-8.505623210712695936e+01
4.668568242187500346e+02,-8.626954191687289608e+01
4.668571171875000232e+02,-8.940143525956754900e+01
4.668574101562500118e+02,-9.339995650375441016e+01
4.668577031250000005e+02,-9.554547164291767558e+01
4.668579960937499891e+02,-9.298941544536894810e+01
4.668582890625000346e+02,-8.894227964327745894e+01
4.668585820312500232e+02,-9.383628102831126228e+01
4.668588750000000118e+02,-9.426447422948767496e+01
4.668591679687500005e+02,-8.926166120060278786e+01
4.668594609374999891e+02,-9.721830421363100072e+01
4.668597539062500346e+02,-9.363123828648903668e+01
4.668600468750000232e+02,-8.524553251913161489e+01
4.668603398437500118e+02,-9.483657624534203023e+01
4.668606328125000005e+02,-8.269620125034037983e+01
4.668609257812499891e+02,-8.306893803912780072e+01
4.668612187500000346e+02,-9.208219793907679218e+01
4.668615117187500232e+02,-8.532032304593028016e+01
4.668618046875000118e+02,-8.671808410185951743e+01
4.668620976562500005e+02,-8.557101981485018882e+01
4.668623906249999891e+02,-8.395574583191049101e+01
4.668626835937500346e+02,-8.070831895841358516e+01
4.668629765625000232e+02,-8.694281832442287339e+01
4.668632695312500118e+02,-9.374761741707692408e+01
4.668635625000000005e+02,-9.169983798784535622e+01
4.668638554687499891e+02,-8.936437091725852611e+01
4.668641484375000346e+02,-8.404612258270782377e+01
4.668644414062500232e+02,-8.464547553690722737e+01
4.668647343750000118e+02,-9.685847247727724607e+01
4.668650273437500005e+02,-8.776304716533708472e+01
4.668653203124999891e+02,-9.962933921315959651e+01
4.668656132812500346e+02,-8.524536246939412365e+01
4.668659062500000232e+02,-8.730136917053620493e+01
4.668661992187500118e+02,-8.726808486652457475e+01
4.668664921875000005e+02,-8.622685035593784164e+01
4.668667851562499891e+02,-8.218376261780504421e+01
4.668670781250000346e+02,-9.228287752470473038e+01
4.668673710937500232e+02,-8.590967855995175739e+01
4.668676640625000118e+02,-8.703549060435604190e+01
4.668679570312500005e+02,-9.011852133196313730e+01
4.668682499999999891e+02,-8.811923067809294707e+01
4.668685429687500346e+02,-8.619780724924525828e+01
4.668688359375000232e+02,-9.401290006113802633e+01
4.668691289062500118e+02,-9.256167178518839478e+01
4.668694218750000005e+02,-9.465207739813740773e+01
4.668697148437499891e+02,-9.188586057756597825e+01
4.668700078125000346e+02,-8.378637220358410787e+01
4.668703007812500232e+02,-8.010047992246956028e+01
4.668705937500000118e+02,-8.448039818757179376e+01
4.668708867187500005e+02,-9.143608755061636373e+01
4.668711796874999891e+02,-8.697834363104283284e+01
4.668714726562500346e+02,-8.769989999908595735e+01
4.668717656250000232e+02,-8.054793928764190980e+01
4.668720585937500118e+02,-8.313392189301185908e+01
4.668723515625000005e+02,-8.574720762464346535e+01
4.668726445312499891e+02,-8.606116502021244230e+01
4.668729375000000346e+02,-8.644869796397659911e+01
4.668732304687500232e+02,-8.978355325965146960e+01
4.668735234375000118e+02,-9.274661495359724483e+01
4.668738164062500005e+02,-8.079775112860581032e+01
4.668741093749999891e+02,-7.806478004917426006e+01
4.668744023437500346e+02,-8.131368269960043449e+01
4.668746953125000232e+02,-8.515559766218444793e+01
4.668749882812500118e+02,-8.003379322584106603e+01
4.668752812500000005e+02,-8.476205620321243828e+01
4.668755742187499891e+02,-9.399243955355564140e+01
4.668758671875000346e+02,-9.101058781325997415e+01
4.668761601562500232e+02,-8.253584145504547109e+01
4.668764531250000118e+02,-8.445447872924259514e+01
4.668767460937500005e+02,-8.865063317151705746e+01
4.668770390624999891e+02,-8.866674352133171055e+01
4.668773320312500346e+02,-8.504622991647107710e+01
4.668776250000000232e+02,-9.496952378706879472e+01
4.668779179687500118e+02,-9.375964217574761506e+01
4.668782109375000005e+02,-8.899656396374413703e+01
4.668785039062499891e+02,-9.010396998211993491e+01
4.668787968750000346e+02,-9.588247408223624291e+01
4.668790898437500232e+02,-8.826915186234361954e+01
4.668793828125000118e+02,-8.581076474980470437e+01
4.668796757812500005e+02,-8.100990105850837608e+01
4.668799687499999891e+02,-8.315102577909544834e+01
4.668802617187500346e+02,-8.880880038169888735e+01
4.668805546875000232e+02,-9.702874288031084404e+01
4.668808476562500118e+02,-8.929015585797199606e+01
4.668811406250000005e+02,-8.453319000609266709e+01
4.668814335937499891e+02,-9.116170100013449940e+01
4.668817265625000346e+02,-8.881440318187088678e+01
4.668820195312500232e+02,-8.654290917978096331e+01
4.668823125000000118e+02,-8.510569408656786550e+01
4.668826054687500005e+02,-8.406683891020571764e+01
4.668828984374999891e+02,-8.947209706151681985e+01
4.668831914062500346e+02,-8.737507496034142207e+01
4.668834843750000232e+02,-8.464894956042468266e+01
4.668837773437500118e+02,-8.250214080705342212e+01
4.668840703125000005e+02,-9.292735053836938164e+01
4.668843632812499891e+02,-8.825425710312431704e+01
4.668846562500000346e+02,-9.295316450821795229e+01
4.668849492187500232e+02,-8.902667330223707154e+01
4.668852421875000118e+02,-9.178810784418446644e+01
4.668855351562500005e+02,-8.403979797212542735e+01
4.668858281249999891e+02,-8.517406296241679797e+01
4.668861210937500346e+02,-1.036824558348638163e+02
4.668864140625000232e+02,-8.483434338476386927e+01
4.668867070312500118e+02,-9.121573180960636762e+01
4.668870000000000005e+02,-8.762766215334616504e+01
4.668872929687499891e+02,-9.020480220778327407e+01
4.668875859375000346e+02,-8.963662261165086420e+01
4.668878789062500232e+02,-9.559117155746238836e+01
4.668881718750000118e+02,-9.358881773850680474e+01
4.668884648437500005e+02,-9.389870232304681963e+01
4.668887578124999891e+02,-9.612407880950951267e+01
4.668890507812500346e+02,-8.870746744269820283e+01
4.668893437500000232e+02,-8.359183024896275072e+01
4.668896367187500118e+02,-8.299773036083635702e+01
4.668899296875000005e+02,-8.333626656737592953e+01
4.668902226562499891e+02,-9.197814926531229673e+01
4.668905156250000346e+02,-9.298578189737003186e+01
4.668908085937500232e+02,-8.312215876076692211e+01
4.668911015625000118e+02,-7.883936292050600514e+01
4.668913945312500005e+02,-8.165502882607817980e+01
4.668916874999999891e+02,-9.503197808688013026e+01
4.668919804687500346e+02,-9.257835988984209052e+01
4.668922734375000232e+02,-8.618834507498597475e+01
4.668925664062500118e+02,-9.084012187921837267e+01
4.668928593750000005e+02,-9.458701636155913661e+01
4.668931523437499891e+02,-9.269028384526725972e+01
4.668934453125000346e+02,-9.244975828070766966e+01
4.668937382812500232e+02,-8.577938554691678519e+01
4.668940312500000118e+02,-8.177406453116759621e+01
4.668943242187500005e+02,-8.170128338334163232e+01
4.668946171874999891e+02,-9.183396669097737686e+01
4.668949101562500346e+02,-1.022698312974883095e+02
4.668952031250000232e+02,-8.674128631890866359e+01
4.668954960937500118e+02,-8.243008645282083080e+01
4.668957890625000005e+02,-8.301358367205155275e+01
4.668960820312499891e+02,-8.634648517595756800e+01
4.668963750000000346e+02,-8.438360099332118125e+01
4.668966679687500232e+02,-9.894933859675060717e+01
4.668969609375000118e+02,-8.300438881825023429e+01
4.668972539062500005e+02,-8.342480445045632109e+01
4.668975468749999891e+02,-8.571864820617818737e+01
4.668978398437500346e+02,-8.745825396012276087e+01
4.668981328125000232e+02,-8.240339301723133758e+01
4.668984257812500118e+02,-8.240169396703001325e+01
4.668987187500000005e+02,-8.501906453190278512e+01
4.668990117187499891e+02,-8.637584313643853307e+01
4.668993046875000346e+02,-9.844736586454139626e+01
4.668995976562500232e+02,-8.962581689342941615e+01
4.668998906250000118e+02,-8.097868296983433822e+01
4.669001835937500005e+02,-8.033396362715353689e+01
4.669004765624999891e+02,-8.555558627423947371e+01
4.669007695312500346e+02,-8.734142363375120510e+01
4.669010625000000232e+02,-8.468362219996983242e+01
4.669013554687500118e+02,-8.478419224717003999e+01
4.669016484375000005e+02,-8.704452616522019071e+01
4.669019414062499891e+02,-8.847941018182658013e+01
4.669022343750000346e+02,-8.416302122875764269e+01
4.669025273437500232e+02,-9.015031227893683763e+01
4.669028203125000118e+02,-9.258282504210585273e+01
4.669031132812500005e+02,-8.675057765318211978e+01
4.669034062499999891e+02,-8.236947746341228083e+01
4.669036992187500346e+02,-8.541370182642904751e+01
4.669039921875000232e+02,-8.873409709187511396e+01
4.669042851562500118e+02,-8.658320083742975726e+01
4.669045781250000005e+02,-8.386237762942315044e+01
4.669048710937499891e+02,-8.801518497619854031e+01
4.669051640625000346e+02,-9.687480401383112394e+01
4.669054570312500232e+02,-9.039737233173880782e+01
4.669057500000000118e+02,-8.791899710185441563e+01
4.669060429687500005e+02,-8.275216040195188327e+01
4.669063359374999891e+02,-8.340090940692408594e+01
4.669066289062500346e+02,-8.753891906098124309e+01
4.669069218750000232e+02,-8.378473079172920279e+01
4.669072148437500118e+02,-8.480907897694386577e+01
4.669075078125000005e+02,-9.115149538144619612e+01
4.669078007812499891e+02,-8.299662324748527453e+01
4.669080937500000346e+02,-8.297775089734344078e+01
4.669083867187500232e+02,-8.207432385221301274e+01
4.669086796875000118e+02,-8.154256596217949493e+01
4.669089726562500005e+02,-8.305645856940303418e+01
4.669092656249999891e+02,-8.921679922618750425e+01
4.669095585937500346e+02,-9.363237023063732067e+01
4.669098515625000232e+02,-8.900015968875342764e+01
4.669101445312500118e+02,-9.811610999666604016e+01
4.669104375000000005e+02,-8.248591324817584791e+01
4.669107304687499891e+02,-8.583390482936434296e+01
4.669110234375000346e+02,-9.020533584921031434e+01
4.669113164062500232e+02,-8.189106500731270444e+01
4.669116093750000118e+02,-8.223525472063839459e+01
4.669119023437500005e+02,-8.528807260572969540e+01
4.669121953124999891e+02,-8.650733825836475432e+01
4.669124882812500346e+02,-9.238100334070394126e+01
4.669127812500000232e+02,-9.761064412447427685e+01
4.669130742187500118e+02,-8.816310104923020674e+01
4.669133671875000005e+02,-8.372793268898260521e+01
4.669136601562499891e+02,-8.708920545994442364e+01
4.669139531250000346e+02,-8.682270864916544895e+01
4.669142460937500232e+02,-8.563032400072231098e+01
4.669145390625000118e+02,-9.677706115461396053e+01
4.669148320312500005e+02,-8.784824696895098839e+01
4.669151249999999891e+02,-9.960144558331367648e+01
4.669154179687500346e+02,-8.508630686073088611e+01
4.669157109375000232e+02,-9.414596518032497841e+01
4.669160039062500118e+02,-8.605046667355455270e+01
4.669162968750000005e+02,-9.099395831536254775e+01
4.669165898437499891e+02,-9.830734911757765815e+01
4.669168828125000346e+02,-9.269418603543167023e+01
4.669171757812500232e+02,-9.373830683118528384e+01
4.669174687500000118e+02,-8.371351731763795101e+01
4.669177617187500005e+02,-8.439176554617768033e+01
4.669180546874999891e+02,-9.238859907546296313e+01
4.669183476562500346e+02,-9.253045545461426968e+01
4.669186406250000232e+02,-8.539831804037446261e+01
4.669189335937500118e+02,-8.368469569337506186e+01
4.669192265625000005e+02,-8.323079911606598102e+01
4.669195195312499891e+02,-8.945328202684194707e+01
4.669198125000000346e+02,-8.297160363821521400e+01
4.669201054687500232e+02,-9.045507199054461012e+01
4.669203984375000118e+02,-9.879999300326642242e+01
4.669206914062500005e+02,-8.682915943877402754e+01
4.669209843749999891e+02,-8.532034083957157122e+01
4.669212773437500346e+02,-8.322726969397814401e+01
4.669215703125000232e+02,-9.107066244533484678e+01
4.669218632812500118e+02,-8.133095759828430005e+01
4.669221562500000005e+02,-8.992831040761763006e+01
4.669224492187499891e+02,-9.052430570346277250e+01
4.669227421875000346e+02,-9.656453646027881632e+01
4.669230351562500232e+02,-9.284803098527754628e+01
4.669233281250000118e+02,-8.990940634812608323e+01
4.669236210937500005e+02,-8.765516243314338851e+01
4.669239140624999891e+02,-8.688460714264454055e+01
4.669242070312500346e+02,-9.339158392542820764e+01
4.669245000000000232e+02,-9.429369949173860732e+01
4.669247929687500118e+02,-9.633198524369549887e+01
4.669250859375000005e+02,-8.538352139627471615e+01
4.669253789062499891e+02,-9.374463354850384178e+01
4.669256718750000346e+02,-8.755796576666892861e+01
4.669259648437500232e+02,-8.369635532123066923e+01
4.669262578125000118e+02,-8.340454809402102399e+01
4.669265507812500005e+02,-8.446787688003503547e+01
4.669268437499999891e+02,-9.159582572360039876e+01
4.669271367187500346e+02,-9.277956038526278348e+01
4.669274296875000232e+02,-8.352186334600867212e+01
4.669277226562500118e+02,-8.519878249285717686e+01
4.669280156250000005e+02,-8.685980174813509791e+01
4.669283085937499891e+02,-8.325096425103934905e+01
4.669286015625000346e+02,-8.484195940638549871e+01
4.669288945312500232e+02,-8.632019850427832353e+01
4.669291875000000118e+02,-8.306698945728192029e+01
4.669294804687500005e+02,-8.376788125199576029e+01
4.669297734374999891e+02,-8.704115027312744246e+01
4.669300664062500346e+02,-9.352597304606980799e+01
4.669303593750000232e+02,-8.746023765330429001e+01
4.669306523437500118e+02,-8.593243996962699782e+01
4.669309453125000005e+02,-8.438144167879121937e+01
4.669312382812499891e+02,-8.531214364493607150e+01
4.669315312500000346e+02,-8.931901710298504327e+01
4.669318242187500232e+02,-9.356655119786758235e+01
4.669321171875000118e+02,-8.794820741758306326e+01
4.669324101562500005e+02,-8.588761241958385995e+01
4.669327031249999891e+02,-8.093533860867884755e+01
4.669329960937500346e+02,-8.260377096428356936e+01
4.669332890625000232e+02,-8.993700280160769012e+01
4.669335820312500118e+02,-9.925827541057039127e+01
4.669338750000000005e+02,-9.705282384993380163e+01
4.669341679687499891e+02,-9.692153319437477421e+01
4.669344609375000346e+02,-9.110634432435462315e+01
4.669347539062500232e+02,-8.762593891257976964e+01
4.669350468750000118e+02,-8.081859725140083128e+01
4.669353398437500005e+02,-8.675198991075322397e+01
4.669356328124999891e+02,-8.506841925761719381e+01
4.669359257812500346e+02,-7.869080574919088633e+01
4.669362187500000232e+02,-8.101221699054522674e+01
4.669365117187500118e+02,-8.065696528556566136e+01
4.669368046875000005e+02,-8.429767350000338411e+01
4.669370976562499891e+02,-8.583362422283089188e+01
4.669373906250000346e+02,-9.084610029123921038e+01
4.669376835937500232e+02,-9.096672104987831631e+01
4.669379765625000118e+02,-1.049421200053587029e+02
4.669382695312500005e+02,-8.798216492077480666e+01
4.669385624999999891e+02,-8.702783076327797573e+01
4.669388554687500346e+02,-8.594699646596882303e+01
4.669391484375000232e+02,-9.635628154947553980e+01
4.669394414062500118e+02,-9.762317956167183297e+01
4.669397343750000005e+02,-9.715971185265318866e+01
4.669400273437499891e+02,-8.692240980065015776e+01
4.669403203125000346e+02,-9.399107863623363812e+01
4.669406132812500232e+02,-9.138228754010572175e+01
4.669409062500000118e+02,-8.122966128478921632e+01
4.669411992187500005e+02,-7.992976339981885303e+01
4.669414921874999891e+02,-7.845764046479196452e+01
4.669417851562500346e+02,-7.896737379864357820e+01
4.669420781250000232e+02,-8.492475409420606525e+01
4.669423710937500118e+02,-8.941998446181409577e+01
4.669426640625000005e+02,-8.934584957843314612e+01
4.669429570312499891e+02,-8.998480004521144338e+01
4.669432500000000346e+02,-8.815305021744207181e+01
4.669435429687500232e+02,-9.753133081288981998e+01
4.669438359375000118e+02,-8.968339735971497362e+01
4.669441289062500005e+02,-9.096099621243796207e+01
4.669444218749999891e+02,-8.493928645783690001e+01
4.669447148437500346e+02,-7.762539460888102383e+01
4.669450078125000232e+02,-7.726689431130400010e+01
4.669453007812500118e+02,-8.188818539470281621e+01
4.669455937500000005e+02,-8.473537254034437183e+01
4.669458867187499891e+02,-9.471219344121244887e+01
4.669461796875000346e+02,-8.775767414858211168e+01
4.669464726562500232e+02,-8.438136371112622669e+01
4.669467656250000118e+02,-8.293023695870189727e+01
4.669470585937500005e+02,-8.227821892055430908e+01
4.669473515624999891e+02,-9.730131004681297213e+01
4.669476445312500346e+02,-8.459426647204406891e+01
4.669479375000000232e+02,-8.650652416348887641e+01
4.669482304687500118e+02,-8.922275046389289344e+01
4.669485234375000005e+02,-9.624882625704884731e+01
4.669488164062499891e+02,-8.693889286051613396e+01
4.669491093750000346e+02,-8.881892130631605653e+01
4.669494023437500232e+02,-8.727132043122232119e+01
4.669496953125000118e+02,-9.340732755241388929e+01
4.669499882812500005e+02,-9.364258919486059085e+01
4.669502812499999891e+02,-8.711468573321646147e+01
4.669505742187500346e+02,-7.928666896473302472e+01
4.669508671875000232e+02,-8.234925462682851105e+01
4.669511601562500118e+02,-1.047283052058430854e+02
4.669514531250000005e+02,-8.700231824238036893e+01
4.669517460937499891e+02,-7.930858182775567400e+01
4.669520390625000346e+02,-8.199083053186055281e+01
4.669523320312500232e+02,-9.035090781906843915e+01
4.669526250000000118e+02,-9.130235664978340537e+01
4.669529179687500005e+02,-8.140583661262949988e+01
4.669532109374999891e+02,-8.627132503677233899e+01
4.669535039062500346e+02,-9.057981213530020170e+01
4.669537968750000232e+02,-8.314399157998421686e+01
4.669540898437500118e+02,-8.404035809578930127e+01
4.669543828125000005e+02,-8.759778267688344044e+01
4.669546757812499891e+02,-9.767611035520849327e+01
4.669549687500000346e+02,-9.476473282753126171e+01
4.669552617187500232e+02,-8.505208779211636738e+01
4.669555546875000118e+02,-8.269658861514194825e+01
4.669558476562500005e+02,-8.183401850441525482e+01
4.669561406249999891e+02,-8.556234184633474626e+01
4.669564335937500346e+02,-9.149093810071497046e+01
4.669567265625000232e+02,-8.905172846632028438e+01
4.669570195312500118e+02,-8.453737548411199043e+01
4.669573125000000005e+02,-8.099515056706975713e+01
4.669576054687499891e+02,-8.775117300161612377e+01
4.669578984375000346e+02,-8.450802445106090488e+01
4.669581914062500232e+02,-8.396692526738053175e+01
4.669584843750000118e+02,-8.803244329761737674e+01
4.669587773437500005e+02,-9.268221494130978044e+01
4.669590703124999891e+02,-8.762286079643666881e+01
4.669593632812500346e+02,-8.373042632907683469e+01
4.669596562500000232e+02,-9.129854806092083663e+01
4.669599492187500118e+02,-9.684914125518164951e+01
4.669602421875000005e+02,-9.459705548582975609e+01
4.669605351562499891e+02,-8.854919312954565669e+01
4.669608281250000346e+02,-1.072114844113404502e+02
4.669611210937500232e+02,-8.867038323890841411e+01
4.669614140625000118e+02,-9.055390607762886646e+01
4.669617070312500005e+02,-8.383936190855250459e+01
4.669619999999999891e+02,-8.229351920059946224e+01
4.669622929687500346e+02,-8.603240197582771032e+01
4.669625859375000232e+02,-8.716817050097147046e+01
4.669628789062500118e+02,-8.290088401468835855e+01
4.669631718750000005e+02,-7.850950096354668517e+01
4.669634648437499891e+02,-8.693692776009808654e+01
4.669637578125000346e+02,-8.598344751122580476e+01
4.669640507812500232e+02,-8.743024135703950606e+01
4.669643437500000118e+02,-8.257840787648937919e+01
4.669646367187500005e+02,-8.976110262949029561e+01
4.669649296874999891e+02,-8.600764580723263464e+01
4.669652226562500346e+02,-9.087044255255943881e+01
4.669655156250000232e+02,-8.149506728593027560e+01
4.669658085937500118e+02,-8.425774563333251876e+01
4.669661015625000005e+02,-8.375227069201891084e+01
4.669663945312499891e+02,-8.582819895667795151e+01
4.669666875000000346e+02,-8.896571495936103702e+01
4.669669804687500232e+02,-9.303567850386576765e+01
4.669672734375000118e+02,-8.809730663615337676e+01
4.669675664062500005e+02,-8.339896332774057441e+01
4.669678593749999891e+02,-9.599547901899411784e+01
4.669681523437500346e+02,-9.229874050294107235e+01
4.669684453125000232e+02,-8.637685108006044743e+01
4.669687382812500118e+02,-8.628707551654710528e+01
4.669690312500000005e+02,-8.248648578150216792e+01
4.669693242187499891e+02,-8.293701842336602681e+01
4.669696171875000346e+02,-7.882955591802684125e+01
4.669699101562500232e+02,-8.046378302613072719e+01
4.669702031250000118e+02,-8.561386559184273892e+01
4.669704960937500005e+02,-9.325145408331437125e+01
4.669707890624999891e+02,-1.038075211646081328e+02
4.669710820312500346e+02,-8.736289359881665462e+01
4.669713750000000232e+02,-8.476266454508176196e+01
4.669716679687500118e+02,-9.283738547155158471e+01
4.669719609375000005e+02,-9.383954183159576701e+01
4.669722539062499891e+02,-8.623543301099743985e+01
4.669725468750000346e+02,-8.462281290270361467e+01
4.669728398437500232e+02,-8.274381777207307209e+01
4.669731328125000118e+02,-8.649200328104876689e+01
4.669734257812500005e+02,-8.726068876882587233e+01
4.669737187499999891e+02,-8.529532377700265044e+01
4.669740117187500346e+02,-8.731485800712965784e+01
4.669743046875000232e+02,-8.590532430682114295e+01
4.669745976562500118e+02,-8.289276097344838945e+01
4.669748906250000005e+02,-8.380486640315113789e+01
4.669751835937499891e+02,-9.253793404963325031e+01
4.669754765625000346e+02,-8.364570543494477306e+01
4.669757695312500232e+02,-8.434232070444900842e+01
4.669760625000000118e+02,-8.825465825050450519e+01
4.669763554687500005e+02,-8.222684982611725957e+01
4.669766484374999891e+02,-8.438089307887553048e+01
4.669769414062500346e+02,-8.383799250117333202e+01
4.669772343750000232e+02,-8.319324538564433169e+01
4.669775273437500118e+02,-8.508024638237634463e+01
4.669778203125000005e+02,-8.304595677410354426e+01
4.669781132812499891e+02,-8.498267417441761040e+01
4.669784062500000346e+02,-8.901290700306560666e+01
4.669786992187500232e+02,-8.760363899117692199e+01
4.669789921875000118e+02,-8.304441704348499798e+01
4.669792851562500005e+02,-8.295379538600896296e+01
4.669795781249999891e+02,-7.839084144058050185e+01
4.669798710937500346e+02,-8.008971873341302228e+01
4.669801640625000232e+02,-8.546009132902518957e+01
4.669804570312500118e+02,-8.054277544549503887e+01
4.669807500000000005e+02,-9.043040707092096397e+01
4.669810429687499891e+02,-8.545800689421612617e+01
4.669813359375000346e+02,-7.665406565799125360e+01
4.669816289062500232e+02,-7.992807370519155086e+01
4.669819218750000118e+02,-8.940440543922136385e+01
4.669822148437500005e+02,-8.257197940930240065e+01
4.669825078124999891e+02,-8.668565668603730501e+01
4.669828007812500346e+02,-8.728235558161877350e+01
4.669830937500000232e+02,-8.391999371467571223e+01
4.669833867187500118e+02,-8.134569946285103015e+01
4.669836796875000005e+02,-8.760232088845094722e+01
4.669839726562499891e+02,-8.195107125200813414e+01
4.669842656250000346e+02,-8.192551119492387102e+01
4.669845585937500232e+02,-7.812974241864152702e+01
4.669848515625000118e+02,-7.695754457544391869e+01
4.669851445312500005e+02,-7.598164666984601467e+01
4.669854374999999891e+02,-7.828556719687684051e+01
4.669857304687500346e+02,-8.202869516946002193e+01
4.669860234375000232e+02,-8.271020814874793814e+01
4.669863164062500118e+02,-8.746811891174048981e+01
4.669866093750000005e+02,-9.181940534117372010e+01
4.669869023437499891e+02,-8.213953762442729101e+01
4.669871953125000346e+02,-8.012127920712100604e+01
4.669874882812500232e+02,-8.336754860164816705e+01
4.669877812500000118e+02,-8.842140777085526793e+01
4.669880742187500005e+02,-9.075086151512878985e+01
4.669883671874999891e+02,-8.099027695369318280e+01
4.669886601562500346e+02,-8.126115949054067755e+01
4.669889531250000232e+02,-8.863178421927671025e+01
4.669892460937500118e+02,-8.338191904831660395e+01
4.669895390625000005e+02,-8.275518574103654146e+01
4.669898320312499891e+02,-9.184257934239361987e+01
4.669901250000000346e+02,-8.124228051206030443e+01
4.669904179687500232e+02,-7.854239153709178822e+01
4.669907109375000118e+02,-7.889453621165867503e+01
4.669910039062500005e+02,-8.789960358255814299e+01
4.669912968749999891e+02,-9.926350540237250186e+01
4.669915898437500346e+02,-8.966970914879939869e+01
4.669918828125000232e+02,-8.301902353400021184e+01
4.669921757812500118e+02,-8.270131067234513011e+01
4.669924687500000005e+02,-8.385414633652787586e+01
4.669927617187499891e+02,-8.079321299018006641e+01
4.669930546875000346e+02,-8.909422652369028128e+01
4.669933476562500232e+02,-8.750219393794336042e+01
4.669936406250000118e+02,-8.638387361835782485e+01
4.669939335937500005e+02,-8.696861311333493916e+01
4.669942265624999891e+02,-8.349329793724690774e+01
4.669945195312500346e+02,-8.468266187353252406e+01
4.669948125000000232e+02,-8.800808990659967890e+01
4.669951054687500118e+02,-8.208341417235166659e+01
4.669953984375000005e+02,-7.986295852757409364e+01
4.669956914062499891e+02,-9.028009574067826293e+01
4.669959843750000346e+02,-8.436810986907717336e+01
4.669962773437500232e+02,-8.908800713510268565e+01
4.669965703125000118e+02,-8.273120668212497719e+01
4.669968632812500005e+02,-8.344794999204245300e+01
4.669971562499999891e+02,-8.608314782556085731e+01
4.669974492187500346e+02,-9.089591829695449121e+01
4.669977421875000232e+02,-9.252652831521466226e+01
4.669980351562500118e+02,-9.117629958030079251e+01
4.669983281250000005e+02,-8.513529413461063200e+01
4.669986210937499891e+02,-8.319279074117636696e+01
4.669989140625000346e+02,-8.797258438947368120e+01
4.669992070312500232e+02,-8.457927893320332657e+01
4.669995000000000118e+02,-7.999482689733696361e+01
4.669997929687500005e+02,-8.929992068896257251e+01
4.670000859374999891e+02,-8.219943320321806368e+01
4.670003789062500346e+02,-7.984807448700874488e+01
4.670006718750000232e+02,-8.450717789740275521e+01
4.670009648437500118e+02,-8.396747087937464471e+01
4.670012578125000005e+02,-8.250355919131149562e+01
4.670015507812499891e+02,-8.252662694703880675e+01
4.670018437500000346e+02,-8.986675838587565579e+01
4.670021367187500232e+02,-8.246513830550068747e+01
4.670024296875000118e+02,-8.644358150075487401e+01
4.670027226562500005e+02,-1.015917271582584505e+02
4.670030156249999891e+02,-8.792840373878433979e+01
4.670033085937500346e+02,-9.033961774278118639e+01
4.670036015625000232e+02,-8.033313355787818466e+01
4.670038945312500118e+02,-8.592811062528966204e+01
4.670041875000000005e+02,-8.409837733874991272e+01
4.670044804687499891e+02,-9.000582554816134007e+01
4.670047734375000346e+02,-8.457608678425671656e+01
4.670050664062500232e+02,-9.118949863982743409e+01
4.670053593750000118e+02,-8.372595696312372127e+01
4.670056523437500005e+02,-8.348599003200243374e+01
4.670059453124999891e+02,-8.126983855250267652e+01
4.670062382812500346e+02,-7.678888647665657174e+01
4.670065312500000232e+02,-7.895255335834606569e+01
4.670068242187500118e+02,-7.824581116147351167e+01
4.670071171875000005e+02,-7.879189659372018184e+01
4.670074101562499891e+02,-8.939340005661877342e+01
4.670077031250000346e+02,-8.482643044067314975e+01
4.670079960937500232e+02,-8.799508752638271858e+01
4.670082890625000118e+02,-9.451034238843968183e+01
4.670085820312500005e+02,-9.124608234690765585e+01
4.670088749999999891e+02,-8.165447897044194292e+01
4.670091679687500346e+02,-8.145144867595904259e+01
4.670094609375000232e+02,-9.326561478149280049e+01
4.670097539062500118e+02,-8.484377883477426963e+01
4.670100468750000005e+02,-8.299262168931116435e+01
4.670103398437499891e+02,-8.271824736895580088e+01
4.670106328125000346e+02,-8.756964564203856582e+01
4.670109257812500232e+02,-8.411673548459748417e+01
4.670112187500000118e+02,-7.953057543124631934e+01
4.670115117187500005e+02,-8.190793386083576877e+01
4.670118046874999891e+02,-1.038334040092331065e+02
4.670120976562500346e+02,-8.464665072113433553e+01
4.670123906250000232e+02,-8.115437361275992600e+01
4.670126835937500118e+02,-8.944877023581537401e+01
4.670129765625000005e+02,-1.023929029291218740e+02
4.670132695312499891e+02,-8.980721321764262655e+01
4.670135625000000346e+02,-8.659082914533567532e+01
4.670138554687500232e+02,-9.335461541791325146e+01
4.670141484375000118e+02,-9.086952236032517760e+01
4.670144414062500005e+02,-8.524670697017705834e+01
4.670147343749999891e+02,-8.526536825488905436e+01
4.670150273437500346e+02,-7.984397382179130886e+01
4.670153203125000232e+02,-8.167708134757729965e+01
4.670156132812500118e+02,-8.480486353316612735e+01
4.670159062500000005e+02,-8.916791342538988374e+01
4.670161992187499891e+02,-8.676369521125666040e+01
4.670164921875000346e+02,-8.833567981811087577e+01
4.670167851562500232e+02,-8.752644377065399794e+01
4.670170781250000118e+02,-8.864740762293989462e+01
4.670173710937500005e+02,-8.540099349766182968e+01
4.670176640624999891e+02,-9.864492448874207753e+01
4.670179570312500346e+02,-1.000195997754643287e+02
4.670182500000000232e+02,-8.999751238686222621e+01
4.670185429687500118e+02,-8.470163355164709174e+01
4.670188359375000005e+02,-9.154759133407404192e+01
4.670191289062499891e+02,-8.821490924159905944e+01
4.670194218750000346e+02,-9.547551161236513906e+01
4.670197148437500232e+02,-9.397173013648632889e+01
4.670200078125000118e+02,-8.810451403678216309e+01
4.670203007812500005e+02,-8.945025139770821454e+01
4.670205937499999891e+02,-8.394853740530636799e+01
4.670208867187500346e+02,-8.621538759813817876e+01
4.670211796875000232e+02,-9.405800138987315506e+01
4.670214726562500118e+02,-8.203712351869612007e+01
4.670217656250000005e+02,-7.837639237827852412e+01
4.670220585937499891e+02,-8.300992912302328364e+01
4.670223515625000346e+02,-9.384798638232688006e+01
4.670226445312500232e+02,-9.171652202272889554e+01
4.670229375000000118e+02,-9.190458700957933047e+01
4.670232304687500005e+02,-8.414880138075686489e+01
4.670235234374999891e+02,-7.800864955396863820e+01
4.670238164062500346e+02,-8.703520782360047292e+01
4.670241093750000232e+02,-8.137235949379811473e+01
4.670244023437500118e+02,-7.960480953401794579e+01
4.670246953125000005e+02,-8.076321378175714472e+01
4.670249882812499891e+02,-9.052523139595479051e+01
4.670252812500000346e+02,-1.160164415164017839e+02
4.670255742187500232e+02,-9.443990373851187314e+01
4.670258671875000118e+02,-8.774393473799749188e+01
4.670261601562500005e+02,-8.121092921270856380e+01
4.670264531249999891e+02,-8.871975839320916180e+01
4.670267460937500346e+02,-8.298682049544552797e+01
4.670270390625000232e+02,-8.190327209982888235e+01
4.670273320312500118e+02,-7.936182818628383018e+01
4.670276250000000005e+02,-7.974300214031589462e+01
4.670279179687499891e+02,-9.162459860701061132e+01
4.670282109375000346e+02,-8.096547761133776078e+01
4.670285039062500232e+02,-8.857153167937694604e+01
4.670287968750000118e+02,-8.828618181151425404e+01
4.670290898437500005e+02,-8.393134324121398038e+01
4.670293828124999891e+02,-8.431412793949482420e+01
4.670296757812500346e+02,-9.054406209811480721e+01
4.670299687500000232e+02,-8.080911580796963278e+01
4.670302617187500118e+02,-8.130920325005158134e+01
4.670305546875000005e+02,-8.429870776826092538e+01
4.670308476562499891e+02,-8.125303379506733847e+01
4.670311406250000346e+02,-8.352406608402270649e+01
4.670314335937500232e+02,-8.702849488326953065e+01
4.670317265625000118e+02,-8.596216004951899947e+01
4.670320195312500005e+02,-8.114883968636416967e+01
4.670323124999999891e+02,-8.095790225224099856e+01
4.670326054687500346e+02,-8.784473936282964246e+01
4.670328984375000232e+02,-8.506176309643713296e+01
4.670331914062500118e+02,-8.658323089451189958e+01
4.670334843750000005e+02,-8.427760362270623773e+01
4.670337773437499891e+02,-8.528911370330902741e+01
4.670340703125000346e+02,-8.039221467844950553e+01
4.670343632812500232e+02,-7.930330437879446492e+01
4.670346562500000118e+02,-8.522259030845604855e+01
4.670349492187500005e+02,-8.157468736742143278e+01
4.670352421874999891e+02,-7.886773593060554788e+01
4.670355351562500346e+02,-8.439358008843463210e+01
4.670358281250000232e+02,-8.812937380236625984e+01
4.670361210937500118e+02,-8.212048320412523594e+01
4.670364140625000005e+02,-8.381511030238982585e+01
4.670367070312499891e+02,-8.475811697596498107e+01
4.670370000000000346e+02,-8.063067365305998635e+01
4.670372929687500232e+02,-8.364750652013771060e+01
4.670375859375000118e+02,-8.622791781724987459e+01
4.670378789062500005e+02,-8.671311059206878724e+01
4.670381718749999891e+02,-8.518981452494607254e+01
4.670384648437500346e+02,-7.764666847006348860e+01
4.670387578125000232e+02,-7.700843237684038911e+01
4.670390507812500118e+02,-8.145635033141955716e+01
4.670393437500000005e+02,-8.671641798185666516e+01
4.670396367187499891e+02,-8.202663515515199322e+01
4.670399296875000346e+02,-8.073809041288745902e+01
4.670402226562500232e+02,-8.073839332426111071e+01
4.670405156250000118e+02,-8.427610624456559663e+01
4.670408085937500005e+02,-8.601013891837976644e+01
4.670411015624999891e+02,-8.599769065680501967e+01
4.670413945312500346e+02,-9.563129177061838959e+01
4.670416875000000232e+02,-9.458257894910119035e+01
4.670419804687500118e+02,-8.721485311322061307e+01
4.670422734375000005e+02,-8.313201113100090822e+01
4.670425664062499891e+02,-8.106290815442959286e+01
4.670428593750000346e+02,-9.016866699972919719e+01
4.670431523437500232e+02,-8.333422196584747610e+01
4.670434453125000118e+02,-8.331475774517545574e+01
4.670437382812500005e+02,-8.033712240065830201e+01
4.670440312499999891e+02,-8.194975917611697014e+01
4.670443242187500346e+02,-9.094675721753813491e+01
4.670446171875000232e+02,-8.961745764751709942e+01
4.670449101562500118e+02,-9.710716971475770265e+01
4.670452031250000005e+02,-9.231894581581954640e+01
4.670454960937499891e+02,-8.721886990493787550e+01
4.670457890625000346e+02,-8.285404041833930933e+01
4.670460820312500232e+02,-8.100080174412413214e+01
4.670463750000000118e+02,-8.552031981938290528e+01
4.670466679687500005e+02,-8.473116670369850567e+01
4.670469609374999891e+02,-9.152920751643588915e+01
4.670472539062500346e+02,-8.546638316292053617e+01
4.670475468750000232e+02,-8.844524641838573586e+01
4.670478398437500118e+02,-8.294426269087685455e+01
4.670481328125000005e+02,-8.007952470819543578e+01
4.670484257812499891e+02,-8.325095183109711172e+01
4.670487187500000346e+02,-8.695131263898571206e+01
4.670490117187500232e+02,-9.961122560680013294e+01
4.670493046875000118e+02,-8.599741773064971539e+01
4.670495976562500005e+02,-8.018034715758922459e+01
4.670498906249999891e+02,-9.223659866845723343e+01
4.670501835937500346e+02,-8.961039090913700988e+01
4.670504765625000232e+02,-8.746544271534864379e+01
4.670507695312500118e+02,-8.739717072567049172e+01
4.670510625000000005e+02,-8.800453950398123482e+01
4.670513554687499891e+02,-8.578306635529287405e+01
4.670516484375000346e+02,-1.014867220579905762e+02
4.670519414062500232e+02,-9.026580047256473449e+01
4.670522343750000118e+02,-8.401019202579158218e+01
4.670525273437500005e+02,-8.050013078325990534e+01
4.670528203124999891e+02,-8.060540013668457959e+01
4.670531132812500346e+02,-9.000181274943523135e+01
4.670534062500000232e+02,-9.629051416487075699e+01
4.670536992187500118e+02,-8.377181824368940966e+01
4.670539921875000005e+02,-7.981831646712551276e+01
4.670542851562499891e+02,-8.613372747328837420e+01
4.670545781250000346e+02,-9.119000566713269507e+01
4.670548710937500232e+02,-8.259161458325387173e+01
4.670551640625000118e+02,-8.024892041926128172e+01
4.670554570312500005e+02,-1.036448871344883571e+02
4.670557499999999891e+02,-9.595856383769891806e+01
4.670560429687500346e+02,-8.306328046643224639e+01
4.670563359375000232e+02,-8.452604658213026312e+01
4.670566289062500118e+02,-8.535617553226030907e+01
4.670569218750000005e+02,-7.749889340928612569e+01
4.670572148437499891e+02,-7.742712132398287395e+01
4.670575078125000346e+02,-8.681874747744110721e+01
4.670578007812500232e+02,-9.149187523874728356e+01
4.670580937500000118e+02,-8.328426980281393810e+01
4.670583867187500005e+02,-8.441287858640293962e+01
4.670586796874999891e+02,-9.238693092168894339e+01
4.670589726562500346e+02,-8.874862868693870155e+01
4.670592656250000232e+02,-8.565530498705582829e+01
4.670595585937500118e+02,-8.933453447725426599e+01
4.670598515625000005e+02,-8.867783939871360133e+01
4.670601445312499891e+02,-8.274988916283327001e+01
4.670604375000000346e+02,-8.216852014451401942e+01
4.670607304687500232e+02,-1.005336543986028062e+02
4.670610234375000118e+02,-8.745107131509912790e+01
4.670613164062500005e+02,-8.803503949444113630e+01
4.670616093749999891e+02,-8.767078945352068331e+01
4.670619023437500346e+02,-8.920518917925001290e+01
4.670621953125000232e+02,-8.233040275808434671e+01
4.670624882812500118e+02,-8.761599557338956856e+01
4.670627812500000005e+02,-8.331884153232843460e+01
4.670630742187499891e+02,-7.909844096890874710e+01
4.670633671875000346e+02,-8.989058202958277377e+01
4.670636601562500232e+02,-8.447367262651877695e+01
4.670639531250000118e+02,-8.388978878653205129e+01
4.670642460937500005e+02,-8.932738257940998494e+01
4.670645390624999891e+02,-8.768825172524864797e+01
4.670648320312500346e+02,-8.460401641620197211e+01
4.670651250000000232e+02,-8.491526912732753374e+01
4.670654179687500118e+02,-8.514064305875925243e+01
4.670657109375000005e+02,-9.789889886964516563e+01
4.670660039062499891e+02,-8.771773613342325859e+01
4.670662968750000346e+02,-9.189242394413007275e+01
4.670665898437500232e+02,-1.057950881904638294e+02
4.670668828125000118e+02,-8.207609541935732977e+01
4.670671757812500005e+02,-8.432006229991853274e+01
4.670674687499999891e+02,-8.832946830948336014e+01
4.670677617187500346e+02,-8.555403350753671532e+01
4.670680546875000232e+02,-9.981098929745412818e+01
4.670683476562500118e+02,-8.733089276175442706e+01
4.670686406250000005e+02,-8.159900950857151258e+01
4.670689335937499891e+02,-8.114909146989262467e+01
4.670692265625000346e+02,-8.140794495011191145e+01
4.670695195312500232e+02,-8.505734885443460769e+01
4.670698125000000118e+02,-8.395009998919715599e+01
4.670701054687500005e+02,-8.451277118516114228e+01
4.670703984374999891e+02,-8.569208140344093749e+01
4.670706914062500346e+02,-9.394323962997549415e+01
4.670709843750000232e+02,-8.627220182407697280e+01
4.670712773437500118e+02,-8.794850223882087903e+01
4.670715703125000005e+02,-8.553531555172634171e+01
4.670718632812499891e+02,-8.918190438485001437e+01
4.670721562500000346e+02,-8.179997585167079421e+01
4.670724492187500232e+02,-8.191687787199506943e+01
4.670727421875000118e+02,-8.873999720870928343e+01
4.670730351562500005e+02,-9.229082599218757821e+01
4.670733281249999891e+02,-8.958334387340781291e+01
4.670736210937500346e+02,-8.706709181990979118e+01
4.670739140625000232e+02,-7.855861149915145347e+01
4.670742070312500118e+02,-8.110675600157978238e+01
4.670745000000000005e+02,-8.161844241003038292e+01
4.670747929687499891e+02,-8.359484833369081969e+01
4.670750859375000346e+02,-8.909426567262707408e+01
4.670753789062500232e+02,-8.668224524368382333e+01
4.670756718750000118e+02,-8.817069223636239883e+01
4.670759648437500005e+02,-8.325023487674512523e+01
4.670762578124999891e+02,-7.833826033208846695e+01
4.670765507812500346e+02,-8.078900630417543027e+01
4.670768437500000232e+02,-8.823603054020284731e+01
4.670771367187500118e+02,-8.543533209010564633e+01
4.670774296875000005e+02,-8.202931732336381287e+01
4.670777226562499891e+02,-8.152749903426253297e+01
4.670780156250000346e+02,-8.511383929662265757e+01
4.670783085937500232e+02,-8.178865513092813444e+01
4.670786015625000118e+02,-9.916478958317782144e+01
4.670788945312500005e+02,-8.366372626500012188e+01
4.670791874999999891e+02,-7.957891714740192413e+01
4.670794804687500346e+02,-7.919425771461646946e+01
4.670797734375000232e+02,-7.695665287481656947e+01
4.670800664062500118e+02,-8.127622261548191318e+01
4.670803593750000005e+02,-8.744099658366391736e+01
4.670806523437499891e+02,-7.844296476596277046e+01
4.670809453125000346e+02,-7.740344833529897528e+01
4.670812382812500232e+02,-8.407037524322491606e+01
4.670815312500000118e+02,-8.001832901569986234e+01
4.670818242187500005e+02,-7.922657477556056449e+01
4.670821171874999891e+02,-8.872218988116867422e+01
4.670824101562500346e+02,-8.051187463386705190e+01
4.670827031250000232e+02,-8.113549111408647718e+01
4.670829960937500118e+02,-8.237357139185556321e+01
4.670832890625000005e+02,-9.011973734020556037e+01
4.670835820312499891e+02,-8.258901180440473411e+01
4.670838750000000346e+02,-8.676308957281015921e+01
4.670841679687500232e+02,-9.232180239084647155e+01
4.670844609375000118e+02,-8.951227208200512564e+01
4.670847539062500005e+02,-7.805191262667064223e+01
4.670850468749999891e+02,-8.384504570749855645e+01
4.670853398437500346e+02,-9.198738562643426064e+01
4.670856328125000232e+02,-1.007710966543449018e+02
4.670859257812500118e+02,-9.498795833940587841e+01
4.670862187500000005e+02,-8.558201970999483876e+01
4.670865117187499891e+02,-7.935591264361494268e+01
4.670868046875000346e+02,-8.198304553923037474e+01
4.670870976562500232e+02,-9.156544840830949283e+01
4.670873906250000118e+02,-8.665877299928716582e+01
4.670876835937500005e+02,-8.781792710690450576e+01
4.670879765624999891e+02,-8.060926871578553232e+01
4.670882695312500346e+02,-8.867039239876349654e+01
4.670885625000000232e+02,-8.337719303457367914e+01
4.670888554687500118e+02,-9.158183232966722187e+01
4.670891484375000005e+02,-8.463098601186464975e+01
4.670894414062499891e+02,-7.873153096824091790e+01
4.670897343750000346e+02,-7.684743068219512452e+01
4.670900273437500232e+02,-8.315167747586917812e+01
4.670903203125000118e+02,-8.409008226043010836e+01
4.670906132812500005e+02,-8.795960200178880939e+01
4.670909062499999891e+02,-8.441355254765532834e+01
4.670911992187500346e+02,-7.825312489200470623e+01
4.670914921875000232e+02,-7.618785676466595191e+01
4.670917851562500118e+02,-7.806591872882822258e+01
4.670920781250000005e+02,-8.148188993575423922e+01
4.670923710937499891e+02,-8.753865234618731961e+01
4.670926640625000346e+02,-8.716418432810279171e+01
4.670929570312500232e+02,-7.828557181943540400e+01
4.670932500000000118e+02,-8.143814045981022787e+01
4.670935429687500005e+02,-7.953365375833668338e+01
4.670938359374999891e+02,-8.973325318554877583e+01
4.670941289062500346e+02,-8.640042709214748129e+01
4.670944218750000232e+02,-9.216588297663881235e+01
4.670947148437500118e+02,-9.187706736642839189e+01
4.670950078125000005e+02,-8.233885860109563737e+01
4.670953007812499891e+02,-8.125692990371791780e+01
4.670955937500000346e+02,-9.339521127489092578e+01
4.670958867187500232e+02,-8.873088994599800117e+01
4.670961796875000118e+02,-7.932971222812273027e+01
4.670964726562500005e+02,-7.817050608779842946e+01
4.670967656249999891e+02,-8.428202388378964827e+01
4.670970585937500346e+02,-8.872139299778353916e+01
4.670973515625000232e+02,-8.557542092594813710e+01
4.670976445312500118e+02,-1.000454330512787635e+02
4.670979375000000005e+02,-8.467162474369075653e+01
4.670982304687499891e+02,-9.470227341028595447e+01
4.670985234375000346e+02,-9.360789010898805884e+01
4.670988164062500232e+02,-8.615320821337284940e+01
4.670991093750000118e+02,-8.590468160965764355e+01
4.670994023437500005e+02,-8.057679649896920182e+01
4.670996953124999891e+02,-8.093796456348933077e+01
4.670999882812500346e+02,-7.904726987845039332e+01
4.671002812500000232e+02,-8.212719420287933758e+01
4.671005742187500118e+02,-8.612136868920518395e+01
4.671008671875000005e+02,-8.009251933889828479e+01
4.671011601562499891e+02,-8.297250760674270964e+01
4.671014531250000346e+02,-8.531092708056272045e+01
4.671017460937500232e+02,-8.349682907588839953e+01
4.671020390625000118e+02,-9.344170973919011658e+01
4.671023320312500005e+02,-8.050770439050005223e+01
4.671026249999999891e+02,-8.322307271585302146e+01
4.671029179687500346e+02,-1.111175353856546479e+02
4.671032109375000232e+02,-8.602539264003337394e+01
4.671035039062500118e+02,-8.130379474852874466e+01
4.671037968750000005e+02,-8.220891193144451847e+01
4.671040898437499891e+02,-8.428204376964760058e+01
4.671043828125000346e+02,-8.245891219169101305e+01
4.671046757812500232e+02,-8.206062069485908239e+01
4.671049687500000118e+02,-8.535279191878001370e+01
4.671052617187500005e+02,-8.168269227106762287e+01
4.671055546874999891e+02,-8.287463677218488556e+01
4.671058476562500346e+02,-9.302269568486974549e+01
4.671061406250000232e+02,-8.492200431784351622e+01
4.671064335937500118e+02,-7.792150871107240562e+01
4.671067265625000005e+02,-8.198535759649934107e+01
4.671070195312499891e+02,-9.801532950984416459e+01
4.671073125000000346e+02,-8.262213067940243150e+01
4.671076054687500232e+02,-9.278022654777072376e+01
4.671078984375000118e+02,-8.932143786023679866e+01
4.671081914062500005e+02,-8.724077527487634143e+01
4.671084843749999891e+02,-9.107118547568369138e+01
4.671087773437500346e+02,-7.890066491575707630e+01
4.671090703125000232e+02,-7.678512975997131207e+01
4.671093632812500118e+02,-8.886223643581253384e+01
4.671096562500000005e+02,-8.778156832827248479e+01
4.671099492187499891e+02,-8.373203601686604713e+01
4.671102421875000346e+02,-9.349712621741468865e+01
4.671105351562500232e+02,-8.190012712743384782e+01
4.671108281250000118e+02,-8.333564271944253221e+01
4.671111210937500005e+02,-8.398795874934920391e+01
4.671114140624999891e+02,-7.869684801079731074e+01
4.671117070312500346e+02,-7.851128276700897857e+01
4.671120000000000232e+02,-7.892146029432878152e+01
4.671122929687500118e+02,-8.072921843608121151e+01
4.671125859375000005e+02,-8.252509804190523823e+01
4.671128789062499891e+02,-9.435873006790816930e+01
4.671131718750000346e+02,-8.296774203184902774e+01
4.671134648437500232e+02,-8.059499391563835502e+01
4.671137578125000118e+02,-8.348534015171389910e+01
4.671140507812500005e+02,-8.609700845824238513e+01
4.671143437499999891e+02,-8.381412955907087792e+01
4.671146367187500346e+02,-8.639533959145659026e+01
4.671149296875000232e+02,-8.351713192609847169e+01
4.671152226562500118e+02,-8.744830056647060701e+01
4.671155156250000005e+02,-8.879766208296024388e+01
4.671158085937499891e+02,-8.746182607822591137e+01
4.671161015625000346e+02,-8.409974352223217409e+01
4.671163945312500232e+02,-8.510166559185876167e+01
4.671166875000000118e+02,-8.825758221608145959e+01
4.671169804687500005e+02,-8.737056065496906854e+01
4.671172734374999891e+02,-8.196483985118739213e+01
4.671175664062500346e+02,-8.383534202721261863e+01
4.671178593750000232e+02,-8.034728626172496035e+01
4.671181523437500118e+02,-8.225035523296767792e+01
4.671184453125000005e+02,-8.343767088441597934e+01
4.671187382812499891e+02,-8.587313917810851649e+01
4.671190312500000346e+02,-8.248622366242103965e+01
4.671193242187500232e+02,-7.757490603678954244e+01
4.671196171875000118e+02,-7.942544799564429070e+01
4.671199101562500005e+02,-7.964801857529438678e+01
4.671202031249999891e+02,-7.779416459313270593e+01
4.671204960937500346e+02,-8.343552694765585898e+01
4.671207890625000232e+02,-7.877179425414610137e+01
4.671210820312500118e+02,-7.682524276087133330e+01
4.671213750000000005e+02,-7.857335332207436807e+01
4.671216679687499891e+02,-8.053007575590656586e+01
4.671219609375000346e+02,-7.834601705956204398e+01
4.671222539062500232e+02,-8.406788856178525293e+01
4.671225468750000118e+02,-8.423745246699098743e+01
4.671228398437500005e+02,-8.260834530720171642e+01
4.671231328124999891e+02,-7.973480899681797496e+01
4.671234257812500346e+02,-7.771847807581822565e+01
4.671237187500000232e+02,-7.868061265902191792e+01
4.671240117187500118e+02,-8.536539110416939025e+01
4.671243046875000005e+02,-1.086325133701848387e+02
4.671245976562499891e+02,-8.440709751102828307e+01
4.671248906250000346e+02,-8.429721836358204712e+01
4.671251835937500232e+02,-7.537666366877837731e+01
4.671254765625000118e+02,-7.548241188355041231e+01
4.671257695312500005e+02,-8.585227266636296406e+01
4.671260624999999891e+02,-8.469512766871537224e+01
4.671263554687500346e+02,-7.803529902073755409e+01
4.671266484375000232e+02,-7.655498122313009901e+01
4.671269414062500118e+02,-8.585979667644090796e+01
4.671272343750000005e+02,-9.620249363255911135e+01
4.671275273437499891e+02,-8.685782596554902568e+01
4.671278203125000346e+02,-8.001990450375589603e+01
4.671281132812500232e+02,-8.769408825006300390e+01
4.671284062500000118e+02,-8.318037021736489578e+01
4.671286992187500005e+02,-8.030720965713597082e+01
4.671289921874999891e+02,-8.005113704381977868e+01
4.671292851562500346e+02,-8.964253234941425319e+01
4.671295781250000232e+02,-8.078035418574536664e+01
4.671298710937500118e+02,-8.747915198074890952e+01
4.671301640625000005e+02,-8.170979947642274510e+01
4.671304570312499891e+02,-7.917957957291434923e+01
4.671307500000000346e+02,-8.146699254909046317e+01
4.671310429687500232e+02,-8.391607699859636682e+01
4.671313359375000118e+02,-8.199340824317559395e+01
4.671316289062500005e+02,-8.523926393942059576e+01
4.671319218749999891e+02,-7.781859703465055134e+01
4.671322148437500346e+02,-8.869695367756875726e+01
4.671325078125000232e+02,-8.219141586095696539e+01
4.671328007812500118e+02,-8.304330794904322488e+01
4.671330937500000005e+02,-8.429675566108639373e+01
4.671333867187499891e+02,-8.400609377629656649e+01
4.671336796875000346e+02,-8.262068408841422240e+01
4.671339726562500232e+02,-8.559228118841286914e+01
4.671342656250000118e+02,-8.412974902034066815e+01
4.671345585937500005e+02,-9.441290525975334447e+01
4.671348515624999891e+02,-8.850085720536344525e+01
4.671351445312500346e+02,-8.301251097679114821e+01
4.671354375000000232e+02,-7.963164329052908386e+01
4.671357304687500118e+02,-7.682238804247405994e+01
4.671360234375000005e+02,-7.728356245562019922e+01
4.671363164062499891e+02,-7.747645756172470044e+01
4.671366093750000346e+02,-7.713867796191451021e+01
4.671369023437500232e+02,-8.113344109852835118e+01
4.671371953125000118e+02,-9.248496786102901979e+01
4.671374882812500005e+02,-7.935301679365664995e+01
4.671377812499999891e+02,-7.564734771469377961e+01
4.671380742187500346e+02,-8.861988565654925765e+01
4.671383671875000232e+02,-8.081614234935176455e+01
4.671386601562500118e+02,-8.176517783962930253e+01
4.671389531250000005e+02,-8.212733965877490050e+01
4.671392460937499891e+02,-8.081304483502727010e+01
4.671395390625000346e+02,-7.940584190919612695e+01
4.671398320312500232e+02,-7.626150580942680790e+01
4.671401250000000118e+02,-7.838902512909473330e+01
4.671404179687500005e+02,-7.597823668285158760e+01
4.671407109374999891e+02,-8.029070999066554748e+01
4.671410039062500346e+02,-9.464214237210944702e+01
4.671412968750000232e+02,-8.555367725207999285e+01
4.671415898437500118e+02,-7.887887767399520556e+01
4.671418828125000005e+02,-8.170827335902613697e+01
4.671421757812499891e+02,-7.983273279806776657e+01
4.671424687500000346e+02,-7.615153934549876169e+01
4.671427617187500232e+02,-8.077388758931792268e+01
4.671430546875000118e+02,-7.910759188337073056e+01
4.671433476562500005e+02,-8.501445393065138489e+01
4.671436406249999891e+02,-9.430945764841611378e+01
4.671439335937500346e+02,-7.827007294562679363e+01
4.671442265625000232e+02,-7.816067096175885354e+01
4.671445195312500118e+02,-8.613147604137340352e+01
4.671448125000000005e+02,-8.523135804749925626e+01
4.671451054687499891e+02,-8.315595704704308844e+01
4.671453984375000346e+02,-8.426815493186484218e+01
4.671456914062500232e+02,-9.339385424485473663e+01
4.671459843750000118e+02,-9.804035142341749065e+01
4.671462773437500005e+02,-7.996868469401941582e+01
4.671465703124999891e+02,-7.971880352977100870e+01
4.671468632812500346e+02,-8.253254112330319003e+01
4.671471562500000232e+02,-8.197015064079101876e+01
4.671474492187500118e+02,-9.058853622704270947e+01
4.671477421875000005e+02,-8.755722027205293045e+01
4.671480351562499891e+02,-8.334616609792460906e+01
4.671483281250000346e+02,-7.892895270577830047e+01
4.671486210937500232e+02,-8.330262669564761779e+01
4.671489140625000118e+02,-8.091655772198458862e+01
4.671492070312500005e+02,-8.418277904736363837e+01
4.671494999999999891e+02,-8.577723894751203204e+01
4.671497929687500346e+02,-8.165107703096752800e+01
4.671500859375000232e+02,-8.073954972202193403e+01
4.671503789062500118e+02,-8.250024925123904040e+01
4.671506718750000005e+02,-8.437153862180169028e+01
4.671509648437499891e+02,-8.448757489706471802e+01
4.671512578125000346e+02,-8.216759309788139376e+01
4.671515507812500232e+02,-8.002154614263709220e+01
4.671518437500000118e+02,-8.336237855644148453e+01
4.671521367187500005e+02,-9.086588861641700987e+01
4.671524296874999891e+02,-8.064989897717740064e+01
4.671527226562500346e+02,-7.922735988859072620e+01
4.671530156250000232e+02,-8.458451901054992561e+01
4.671533085937500118e+02,-8.237032222338640963e+01
4.671536015625000005e+02,-8.375134202768811065e+01
4.671538945312499891e+02,-8.169264934686667345e+01
4.671541875000000346e+02,-7.982147074064744174e+01
4.671544804687500232e+02,-7.777346560618586579e+01
4.671547734375000118e+02,-8.764764152764493588e+01
4.671550664062500005e+02,-8.651195820188829089e+01
4.671553593749999891e+02,-9.027896940842816775e+01
4.671556523437500346e+02,-8.793087088371392213e+01
4.671559453125000232e+02,-9.103922242357113248e+01
4.671562382812500118e+02,-8.437072976740077479e+01
4.671565312500000005e+02,-8.175486148983304702e+01
4.671568242187499891e+02,-7.937349899888656068e+01
4.671571171875000346e+02,-8.127653136719850124e+01
4.671574101562500232e+02,-7.736212946543699331e+01
4.671577031250000118e+02,-7.764685550768776068e+01
4.671579960937500005e+02,-7.908280439901361092e+01
4.671582890624999891e+02,-7.961484439520879164e+01
4.671585820312500346e+02,-8.948597675237496674e+01
4.671588750000000232e+02,-8.430402793746688417e+01
4.671591679687500118e+02,-8.671761558758905153e+01
4.671594609375000005e+02,-8.623949993643935841e+01
4.671597539062499891e+02,-8.081323241537194235e+01
4.671600468750000346e+02,-7.907635885443153256e+01
4.671603398437500232e+02,-7.947638445774326499e+01
4.671606328125000118e+02,-8.130755922543967529e+01
4.671609257812500005e+02,-8.128990184106066863e+01
4.671612187499999891e+02,-9.852846741496941263e+01
4.671615117187500346e+02,-8.442189971869393617e+01
4.671618046875000232e+02,-1.008285502965716063e+02
4.671620976562500118e+02,-8.571122876206304397e+01
4.671623906250000005e+02,-8.941347022297235014e+01
4.671626835937499891e+02,-8.510570629377687624e+01
4.671629765625000346e+02,-8.089399002706849728e+01
4.671632695312500232e+02,-7.900431975867104484e+01
4.671635625000000118e+02,-8.327306311248172221e+01
4.671638554687500005e+02,-8.918503308149246323e+01
4.671641484374999891e+02,-9.336542399204464004e+01
4.671644414062500346e+02,-7.821957100437964527e+01
4.671647343750000232e+02,-8.090425009220125219e+01
4.671650273437500118e+02,-1.039761403336246985e+02
4.671653203125000005e+02,-9.887999237136347119e+01
4.671656132812499891e+02,-8.763061382944341915e+01
4.671659062500000346e+02,-8.002334016217815815e+01
4.671661992187500232e+02,-7.987382856187701918e+01
4.671664921875000118e+02,-9.224639689205061188e+01
4.671667851562500005e+02,-8.374373346025976161e+01
4.671670781249999891e+02,-8.494696740231194099e+01
4.671673710937500346e+02,-8.392338206564301117e+01
4.671676640625000232e+02,-8.157292246758376564e+01
4.671679570312500118e+02,-7.494734643976917710e+01
4.671682500000000005e+02,-7.247211436438510646e+01
4.671685429687499891e+02,-7.483971770083043396e+01
4.671688359375000346e+02,-8.859242080242891859e+01
4.671691289062500232e+02,-8.670471051943505358e+01
4.671694218750000118e+02,-8.202588507817780794e+01
4.671697148437500005e+02,-8.918287410884433086e+01
4.671700078124999891e+02,-1.077637345134843656e+02
4.671703007812500346e+02,-8.797613932179955043e+01
4.671705937500000232e+02,-8.605297481293298745e+01
4.671708867187500118e+02,-9.521495073960929290e+01
4.671711796875000005e+02,-8.000003167499795609e+01
4.671714726562499891e+02,-7.725225036653380073e+01
4.671717656250000346e+02,-8.320727852361611099e+01
4.671720585937500232e+02,-8.771835953183837375e+01
4.671723515625000118e+02,-7.991771638877548867e+01
4.671726445312500005e+02,-8.437626855786578517e+01
4.671729374999999891e+02,-8.679541086105550107e+01
4.671732304687500346e+02,-8.843125357714411905e+01
4.671735234375000232e+02,-8.483301417198676120e+01
4.671738164062500118e+02,-8.361432933296141812e+01
4.671741093750000005e+02,-8.089118492048800135e+01
4.671744023437499891e+02,-8.306687217217408659e+01
4.671746953125000346e+02,-8.159260158391133189e+01
4.671749882812500232e+02,-8.632662442405290903e+01
4.671752812500000118e+02,-8.632117513671428810e+01
4.671755742187500005e+02,-7.814859633655757420e+01
4.671758671874999891e+02,-8.154400886944388560e+01
4.671761601562500346e+02,-8.523283918672240134e+01
4.671764531250000232e+02,-9.052251323250443704e+01
4.671767460937500118e+02,-7.847539102102942365e+01
4.671770390625000005e+02,-7.703711212954475229e+01
4.671773320312499891e+02,-8.219909961527379494e+01
4.671776250000000346e+02,-8.880028172564463773e+01
4.671779179687500232e+02,-8.737390242253410122e+01
4.671782109375000118e+02,-1.021357943420991035e+02
4.671785039062500005e+02,-9.074120987903421565e+01
4.671787968749999891e+02,-9.422526053947386515e+01
4.671790898437500346e+02,-9.305194936314357790e+01
4.671793828125000232e+02,-8.312630076771901599e+01
4.671796757812500118e+02,-7.926000085314329624e+01
4.671799687500000005e+02,-8.150146019972649469e+01
4.671802617187499891e+02,-8.703011866916148165e+01
4.671805546875000346e+02,-8.108911914399354259e+01
4.671808476562500232e+02,-8.477702246320448864e+01
4.671811406250000118e+02,-8.090503074204450229e+01
4.671814335937500005e+02,-8.350299514918459920e+01
4.671817265624999891e+02,-8.536601867146552536e+01
4.671820195312500346e+02,-8.635981919946632956e+01
4.671823125000000232e+02,-9.857592776147998848e+01
4.671826054687500118e+02,-8.518416612137093580e+01
4.671828984375000005e+02,-8.087119503617839200e+01
4.671831914062499891e+02,-8.116718749057939419e+01
4.671834843750000346e+02,-8.318768854388308398e+01
4.671837773437500232e+02,-8.010576766586609665e+01
4.671840703125000118e+02,-7.880655831365415054e+01
4.671843632812500005e+02,-8.013363335024136802e+01
4.671846562499999891e+02,-9.074630399231037359e+01
4.671849492187500346e+02,-7.862786648215694640e+01
4.671852421875000232e+02,-7.867133953770928656e+01
4.671855351562500118e+02,-7.829924102706345934e+01
4.671858281250000005e+02,-8.884180996626426463e+01
4.671861210937499891e+02,-8.085008139624035550e+01
4.671864140625000346e+02,-7.949402463066570590e+01
4.671867070312500232e+02,-8.316947068460451931e+01
4.671870000000000118e+02,-1.010816087678691417e+02
4.671872929687500005e+02,-8.641608006118850938e+01
4.671875859374999891e+02,-7.743703870354606522e+01
4.671878789062500346e+02,-7.806791384314429649e+01
4.671881718750000232e+02,-8.584973222110697577e+01
4.671884648437500118e+02,-8.649787727940888260e+01
4.671887578125000005e+02,-8.238152042919209350e+01
4.671890507812499891e+02,-8.291728798259183009e+01
4.671893437500000346e+02,-9.156645803527425187e+01
4.671896367187500232e+02,-9.002465852971766935e+01
4.671899296875000118e+02,-8.722169515819058461e+01
4.671902226562500005e+02,-7.888306985940383242e+01
4.671905156249999891e+02,-8.513734920939623407e+01
4.671908085937500346e+02,-8.364931301196409663e+01
4.671911015625000232e+02,-8.896873032472500142e+01
4.671913945312500118e+02,-7.741244805241225890e+01
4.671916875000000005e+02,-7.776365962391820119e+01
4.671919804687499891e+02,-7.493683716992832444e+01
4.671922734375000346e+02,-7.885383353388654371e+01
4.671925664062500232e+02,-7.564219785547207664e+01
4.671928593750000118e+02,-7.765874455196298243e+01
4.671931523437500005e+02,-8.419470194470561353e+01
4.671934453124999891e+02,-8.885179291121339418e+01
4.671937382812500346e+02,-8.101414837637659616e+01
4.671940312500000232e+02,-8.132530966470142175e+01
4.671943242187500118e+02,-7.980756108400314019e+01
4.671946171875000005e+02,-7.709232625716809650e+01
4.671949101562499891e+02,-9.952249975483019284e+01
4.671952031250000346e+02,-8.098859740723183620e+01
4.671954960937500232e+02,-7.842575299392989052e+01
4.671957890625000118e+02,-8.566708396963774419e+01
4.671960820312500005e+02,-8.628884865165402118e+01
4.671963749999999891e+02,-1.027742179283044521e+02
4.671966679687500346e+02,-8.299816283670156736e+01
4.671969609375000232e+02,-8.142492834130736412e+01
4.671972539062500118e+02,-8.126349964170285034e+01
4.671975468750000005e+02,-8.048765581177735839e+01
4.671978398437499891e+02,-8.626690510721709870e+01
4.671981328125000346e+02,-8.028269629088646298e+01
4.671984257812500232e+02,-8.671991905725199956e+01
4.671987187500000118e+02,-8.031590996286584527e+01
4.671990117187500005e+02,-8.059318599173990094e+01
4.671993046874999891e+02,-7.888510596916374595e+01
4.671995976562500346e+02,-8.167787723581197667e+01
4.671998906250000232e+02,-8.525700589268581098e+01
4.672001835937500118e+02,-9.098753190621422959e+01
4.672004765625000005e+02,-8.552795005706188647e+01
4.672007695312499891e+02,-7.979447732230602242e+01
4.672010625000000346e+02,-7.634649406931201554e+01
4.672013554687500232e+02,-7.783507107593638352e+01
4.672016484375000118e+02,-7.634697046932905096e+01
4.672019414062500005e+02,-7.498455213888058779e+01
4.672022343749999891e+02,-8.304867407313095384e+01
4.672025273437500346e+02,-8.384952175147473952e+01
4.672028203125000232e+02,-8.055823480984072660e+01
4.672031132812500118e+02,-8.010994213599528280e+01
4.672034062500000005e+02,-8.348173380254249309e+01
4.672036992187499891e+02,-9.033062840676055316e+01
4.672039921875000346e+02,-8.253165544250256858e+01
4.672042851562500232e+02,-8.485360770272946240e+01
4.672045781250000118e+02,-9.266999840482992568e+01
4.672048710937500005e+02,-8.130644905352797025e+01
4.672051640624999891e+02,-8.365180037573560412e+01
4.672054570312500346e+02,-7.930121765536240730e+01
4.672057500000000232e+02,-8.720738673084547088e+01
4.672060429687500118e+02,-1.026948516994194165e+02
4.672063359375000005e+02,-8.527935766765557446e+01
4.672066289062499891e+02,-8.282124443733474095e+01
4.672069218750000346e+02,-9.159617253501026823e+01
4.672072148437500232e+02,-8.652178897916172673e+01
4.672075078125000118e+02,-8.483053413347020921e+01
4.672078007812500005e+02,-8.538773898508630111e+01
4.672080937499999891e+02,-8.894589438946229620e+01
4.672083867187500346e+02,-8.341178813662290281e+01
4.672086796875000232e+02,-9.862557741891102125e+01
4.672089726562500118e+02,-9.040664883120543038e+01
4.672092656250000005e+02,-7.630042229928356790e+01
4.672095585937499891e+02,-7.866733341943310620e+01
4.672098515625000346e+02,-8.177580773673372505e+01
4.672101445312500232e+02,-7.932290095930230223e+01
4.672104375000000118e+02,-9.317536193586151683e+01
4.672107304687500005e+02,-7.978700589347000971e+01
4.672110234374999891e+02,-8.042018360403309885e+01
4.672113164062500346e+02,-8.068833053683590606e+01
4.672116093750000232e+02,-8.427982277388838384e+01
4.672119023437500118e+02,-7.708849247685606088e+01
4.672121953125000005e+02,-7.068389246067530962e+01
4.672124882812499891e+02,-7.479095851683563012e+01
4.672127812500000346e+02,-8.193955382135102639e+01
4.672130742187500232e+02,-8.683728212596577123e+01
4.672133671875000118e+02,-8.595616171615822054e+01
4.672136601562500005e+02,-7.751121047577113643e+01
4.672139531249999891e+02,-7.921013102910765724e+01
4.672142460937500346e+02,-8.324253061007064503e+01
4.672145390625000232e+02,-8.024570810911997398e+01
4.672148320312500118e+02,-8.586308535887688720e+01
4.672151250000000005e+02,-7.836831463571482459e+01
4.672154179687499891e+02,-8.145497180140807814e+01
4.672157109375000346e+02,-7.564821434854890470e+01
4.672160039062500232e+02,-7.409915452841018180e+01
4.672162968750000118e+02,-8.007294646727029885e+01
4.672165898437500005e+02,-7.579759429981146468e+01
4.672168828124999891e+02,-7.431023925108758021e+01
4.672171757812500346e+02,-7.724698281296861069e+01
4.672174687500000232e+02,-9.295893740897157898e+01
4.672177617187500118e+02,-8.026863677328192637e+01
4.672180546875000005e+02,-7.952860846908633619e+01
4.672183476562499891e+02,-7.875221993837713796e+01
4.672186406250000346e+02,-8.048528272338171519e+01
4.672189335937500232e+02,-7.876814364925186851e+01
4.672192265625000118e+02,-8.219652305953680127e+01
4.672195195312500005e+02,-8.549404517272101600e+01
4.672198124999999891e+02,-8.902314348812052458e+01
4.672201054687500346e+02,-8.115280966430125886e+01
4.672203984375000232e+02,-8.394517724594993524e+01
4.672206914062500118e+02,-8.380480497759432978e+01
4.672209843750000005e+02,-7.735125745232032557e+01
4.672212773437499891e+02,-7.939940290170720516e+01
4.672215703125000346e+02,-8.010437355768698353e+01
4.672218632812500232e+02,-7.527079843959243988e+01
4.672221562500000118e+02,-7.881369658121288069e+01
4.672224492187500005e+02,-8.634450672683173877e+01
4.672227421874999891e+02,-7.756362687813093260e+01
4.672230351562500346e+02,-7.619696605938980838e+01
4.672233281250000232e+02,-8.294396578872876091e+01
4.672236210937500118e+02,-7.959939091677472334e+01
4.672239140625000005e+02,-7.948516131531094686e+01
4.672242070312499891e+02,-8.178890610575385267e+01
4.672245000000000346e+02,-7.924047989401886127e+01
4.672247929687500232e+02,-8.095095297994716077e+01
4.672250859375000118e+02,-8.582697652237547459e+01
4.672253789062500005e+02,-8.026951155912122715e+01
4.672256718749999891e+02,-7.992515427327576560e+01
4.672259648437500346e+02,-8.151108591189357355e+01
4.672262578125000232e+02,-8.106245756640996092e+01
4.672265507812500118e+02,-7.650202080042093655e+01
4.672268437500000005e+02,-7.527514943416994697e+01
4.672271367187499891e+02,-8.157725162458572754e+01
4.672274296875000346e+02,-7.855757212548397206e+01
4.672277226562500232e+02,-7.643955883434473719e+01
4.672280156250000118e+02,-8.257293671878827013e+01
4.672283085937500005e+02,-8.240873309512392098e+01
4.672286015624999891e+02,-7.885020586945982757e+01
4.672288945312500346e+02,-8.356723238361162487e+01
4.672291875000000232e+02,-7.413896483719321395e+01
4.672294804687500118e+02,-7.783012789200581949e+01
4.672297734375000005e+02,-8.020248155024785319e+01
4.672300664062499891e+02,-7.959381534289433091e+01
4.672303593750000346e+02,-9.057605784550595729e+01
4.672306523437500232e+02,-8.463596423223471277e+01
4.672309453125000118e+02,-8.103892602198340001e+01
4.672312382812500005e+02,-7.577362762583786093e+01
4.672315312499999891e+02,-8.084989660040143633e+01
4.672318242187500346e+02,-9.079034321119833351e+01
4.672321171875000232e+02,-8.511282790397196152e+01
4.672324101562500118e+02,-7.584386765141555031e+01
4.672327031250000005e+02,-8.013711306094603515e+01
4.672329960937499891e+02,-8.246207594037497302e+01
4.672332890625000346e+02,-7.935295573767341182e+01
4.672335820312500232e+02,-7.973374691162179317e+01
4.672338750000000118e+02,-9.077839621899482836e+01
4.672341679687500005e+02,-8.107481972165780348e+01
4.672344609374999891e+02,-8.593889570626372176e+01
4.672347539062500346e+02,-8.749208559160322807e+01
4.672350468750000232e+02,-1.041354874740133596e+02
4.672353398437500118e+02,-8.546019516804990701e+01
4.672356328125000005e+02,-7.629650163082969527e+01
4.672359257812499891e+02,-7.760387815023844382e+01
4.672362187500000346e+02,-8.447055926672828718e+01
4.672365117187500232e+02,-8.108153366634057591e+01
4.672368046875000118e+02,-7.724762903388393909e+01
4.672370976562500005e+02,-7.757683332983476987e+01
4.672373906249999891e+02,-8.313941691900436126e+01
4.672376835937500346e+02,-8.606792849615749219e+01
4.672379765625000232e+02,-8.260439603431052547e+01
4.672382695312500118e+02,-7.807363751980513200e+01
4.672385625000000005e+02,-7.960597208710251493e+01
4.672388554687499891e+02,-8.010874327908759085e+01
4.672391484375000346e+02,-8.267950122234756805e+01
4.672394414062500232e+02,-8.797249373799158434e+01
4.672397343750000118e+02,-8.888791884139457977e+01
4.672400273437500005e+02,-8.967111761272073522e+01
4.672403203124999891e+02,-7.681653896784565916e+01
4.672406132812500346e+02,-7.806310096884830330e+01
4.672409062500000232e+02,-8.728267721346688290e+01
4.672411992187500118e+02,-9.447426359910909355e+01
4.672414921875000005e+02,-8.580374650457264352e+01
4.672417851562499891e+02,-8.658655426141700673e+01
4.672420781250000346e+02,-8.477694398692764821e+01
4.672423710937500232e+02,-7.868260467125936941e+01
4.672426640625000118e+02,-8.091609993484874508e+01
4.672429570312500005e+02,-8.355653219940818133e+01
4.672432499999999891e+02,-7.741940659236698252e+01
4.672435429687500346e+02,-8.097938295341229775e+01
4.672438359375000232e+02,-9.036754118690565463e+01
4.672441289062500118e+02,-8.570045885257732721e+01
4.672444218750000005e+02,-8.304804493363286610e+01
4.672447148437499891e+02,-8.565440888964688781e+01
4.672450078125000346e+02,-8.115313905458492627e+01
4.672453007812500232e+02,-7.923604155116683501e+01
4.672455937500000118e+02,-8.238328946772514882e+01
4.672458867187500005e+02,-8.541406443470140175e+01
4.672461796874999891e+02,-7.763402018060023124e+01
4.672464726562500346e+02,-8.375877880144301457e+01
4.672467656250000232e+02,-7.875513446573910414e+01
4.672470585937500118e+02,-7.718170957808274579e+01
4.672473515625000005e+02,-7.976791303795968702e+01
4.672476445312499891e+02,-8.175568817552129985e+01
4.672479375000000346e+02,-9.222522304056469977e+01
4.672482304687500232e+02,-8.771219464949055578e+01
4.672485234375000118e+02,-7.866157477420613020e+01
4.672488164062500005e+02,-7.889195424406756274e+01
4.672491093749999891e+02,-7.816940646233896928e+01
4.672494023437500346e+02,-7.472659009988343826e+01
4.672496953125000232e+02,-8.269583406660066771e+01
4.672499882812500118e+02,-8.715158334253030148e+01
4.672502812500000005e+02,-8.217127480742641410e+01
4.672505742187499891e+02,-8.620262224304269694e+01
4.672508671875000346e+02,-8.817318646222501854e+01
4.672511601562500232e+02,-8.944505779126549783e+01
4.672514531250000118e+02,-8.415293739065060663e+01
4.672517460937500005e+02,-8.143372680553520127e+01
4.672520390624999891e+02,-8.162331627436698511e+01
4.672523320312500346e+02,-8.462479739300191284e+01
4.672526250000000232e+02,-8.351491881838923348e+01
4.672529179687500118e+02,-8.018986385915229675e+01
4.672532109375000005e+02,-7.356744444374112391e+01
4.672535039062499891e+02,-7.692987089517863808e+01
4.672537968750000346e+02,-9.462360135034896302e+01
4.672540898437500232e+02,-8.778769033791130028e+01
4.672543828125000118e+02,-8.006282180767220780e+01
4.672546757812500005e+02,-8.460449968991036940e+01
4.672549687499999891e+02,-8.675617301374929013e+01
4.672552617187500346e+02,-8.520897743688385617e+01
4.672555546875000232e+02,-7.921312873229462070e+01
4.672558476562500118e+02,-8.141296879582571933e+01
4.672561406250000005e+02,-8.745025584802135654e+01
4.672564335937499891e+02,-8.452966142122483006e+01
4.672567265625000346e+02,-7.519932869848068435e+01
4.672570195312500232e+02,-8.051318592753722214e+01
4.672573125000000118e+02,-8.671744723290494505e+01
4.672576054687500005e+02,-7.681345587136041786e+01
4.672578984374999891e+02,-8.074784324194959595e+01
4.672581914062500346e+02,-7.638542741418862647e+01
4.672584843750000232e+02,-8.285279609398341449e+01
4.672587773437500118e+02,-7.403557211312154607e+01
4.672590703125000005e+02,-7.259488581335031654e+01
4.672593632812499891e+02,-7.345161698344264778e+01
4.672596562500000346e+02,-7.346395517646983819e+01
4.672599492187500232e+02,-7.861763830209014259e+01
4.672602421875000118e+02,-7.746661754418821033e+01
4.672605351562500005e+02,-7.756902243265101049e+01
4.672608281249999891e+02,-8.103292329085283541e+01
4.672611210937500346e+02,-8.543630957797168435e+01
4.672614140625000232e+02,-8.203702342592737295e+01
4.672617070312500118e+02,-8.302856789608867416e+01
4.672620000000000005e+02,-8.374749893529347844e+01
4.672622929687499891e+02,-7.680150633031442453e+01
4.672625859375000346e+02,-9.102486351980604695e+01
4.672628789062500232e+02,-7.356836273664958981e+01
4.672631718750000118e+02,-7.695511454152926945e+01
4.672634648437500005e+02,-8.696025866860148312e+01
4.672637578124999891e+02,-8.232071600312974624e+01
4.672640507812500346e+02,-7.802891318373332297e+01
4.672643437500000232e+02,-8.180817726353382113e+01
4.672646367187500118e+02,-7.412921398478208346e+01
4.672649296875000005e+02,-7.523709184968276986e+01
4.672652226562499891e+02,-7.631191254738223506e+01
4.672655156250000346e+02,-7.676069472837006913e+01
4.672658085937500232e+02,-7.926399410609766960e+01
4.672661015625000118e+02,-7.858197868583670243e+01
4.672663945312500005e+02,-7.837692534194854943e+01
4.672666874999999891e+02,-7.107994692127506653e+01
4.672669804687500346e+02,-7.303673498664713293e+01
4.672672734375000232e+02,-7.798911752995013558e+01
4.672675664062500118e+02,-7.776260528107644632e+01
4.672678593750000005e+02,-7.985131745638409484e+01
4.672681523437499891e+02,-7.487849996180641199e+01
4.672684453125000346e+02,-7.613015375942694618e+01
4.672687382812500232e+02,-8.263243757057723826e+01
4.672690312500000118e+02,-8.721357698176122142e+01
4.672693242187500005e+02,-7.831860351290684719e+01
4.672696171874999891e+02,-7.610627135066083326e+01
4.672699101562500346e+02,-7.792227017135635947e+01
4.672702031250000232e+02,-7.851963883535967170e+01
4.672704960937500118e+02,-7.298906820191830036e+01
4.672707890625000005e+02,-7.427640341360032039e+01
4.672710820312499891e+02,-7.857327471176060385e+01
4.672713750000000346e+02,-7.462160624358541838e+01
4.672716679687500232e+02,-7.204918014429101447e+01
4.672719609375000118e+02,-7.503437865560117359e+01
4.672722539062500005e+02,-7.517613745040642925e+01
4.672725468749999891e+02,-7.307161996429093165e+01
4.672728398437500346e+02,-7.407219220850728902e+01
4.672731328125000232e+02,-7.518979241671173952e+01
4.672734257812500118e+02,-7.771817490885071322e+01
4.672737187500000005e+02,-8.260505328057195129e+01
4.672740117187499891e+02,-7.873428826623668897e+01
4.672743046875000346e+02,-8.015730729702040946e+01
4.672745976562500232e+02,-7.799606101873942521e+01
4.672748906250000118e+02,-7.750700854944582829e+01
4.672751835937500005e+02,-7.694396066421857938e+01
4.672754765624999891e+02,-8.891894235586185857e+01
4.672757695312500346e+02,-8.441259384813608335e+01
4.672760625000000232e+02,-8.160620386761947032e+01
4.672763554687500118e+02,-8.711336655173725774e+01
4.672766484375000005e+02,-8.022378235065536956e+01
4.672769414062499891e+02,-7.591411976382674709e+01
4.672772343750000346e+02,-8.784380005862689700e+01
4.672775273437500232e+02,-9.016258461845839633e+01
4.672778203125000118e+02,-7.898551702733706747e+01
4.672781132812500005e+02,-7.350954695832759000e+01
4.672784062499999891e+02,-7.567706420742786122e+01
4.672786992187500346e+02,-7.950240103831195881e+01
4.672789921875000232e+02,-8.082410679344390303e+01
4.672792851562500118e+02,-7.711863986042254737e+01
4.672795781250000005e+02,-7.785715527149262982e+01
4.672798710937499891e+02,-7.684607857390189167e+01
4.672801640625000346e+02,-7.207346351488703817e+01
4.672804570312500232e+02,-7.688087801413352906e+01
4.672807500000000118e+02,-8.351637884075816487e+01
4.672810429687500005e+02,-7.432873600939116443e+01
4.672813359374999891e+02,-7.701238631745611940e+01
4.672816289062500346e+02,-7.956701864611308395e+01
4.672819218750000232e+02,-7.640977392233108390e+01
4.672822148437500118e+02,-7.614784418669094634e+01
4.672825078125000005e+02,-7.688333923761517497e+01
4.672828007812499891e+02,-8.116714585552260530e+01
4.672830937500000346e+02,-8.112103029973594914e+01
4.672833867187500232e+02,-9.273011439069109940e+01
4.672836796875000118e+02,-7.670274207696841984e+01
4.672839726562500005e+02,-7.360496623505540015e+01
4.672842656249999891e+02,-7.632556397522294844e+01
4.672845585937500346e+02,-7.530742466680575831e+01
4.672848515625000232e+02,-8.090248994721790154e+01
4.672851445312500118e+02,-8.362387795608795216e+01
4.672854375000000005e+02,-7.772737312877356430e+01
4.672857304687499891e+02,-8.463816696637266546e+01
4.672860234375000346e+02,-7.853306504406540967e+01
4.672863164062500232e+02,-7.775997195464901779e+01
4.672866093750000118e+02,-9.351360871655754181e+01
4.672869023437500005e+02,-7.750719752716554467e+01
4.672871953124999891e+02,-7.686190107988949194e+01
4.672874882812500346e+02,-7.720096697946817699e+01
4.672877812500000232e+02,-7.859575242552936913e+01
4.672880742187500118e+02,-7.764828036373047837e+01
4.672883671875000005e+02,-8.441186458330048481e+01
4.672886601562499891e+02,-8.663643622960684354e+01
4.672889531250000346e+02,-7.858013968458828913e+01
4.672892460937500232e+02,-7.735807898113557712e+01
4.672895390625000118e+02,-7.677207310547139230e+01
4.672898320312500005e+02,-7.497527907243774337e+01
4.672901249999999891e+02,-7.847455301293956609e+01
4.672904179687500346e+02,-9.014962311233398395e+01
4.672907109375000232e+02,-8.912089576304546767e+01
4.672910039062500118e+02,-8.565908355087179871e+01
4.672912968750000005e+02,-8.757104682948592256e+01
4.672915898437499891e+02,-8.591718557553929259e+01
4.672918828125000346e+02,-8.240689797286967178e+01
4.672921757812500232e+02,-8.733839961203885593e+01
4.672924687500000118e+02,-7.791676955089320700e+01
4.672927617187500005e+02,-7.811471827510291632e+01
4.672930546874999891e+02,-8.177086067204241715e+01
4.672933476562500346e+02,-8.256923058302032814e+01
4.672936406250000232e+02,-8.241992467145549028e+01
4.672939335937500118e+02,-7.673418687403133731e+01
4.672942265625000005e+02,-7.516779157320107174e+01
4.672945195312499891e+02,-7.689869445140570292e+01
4.672948125000000346e+02,-7.753013417741532010e+01
4.672951054687500232e+02,-8.345620217593133816e+01
4.672953984375000118e+02,-7.936163247433718482e+01
4.672956914062500005e+02,-8.284231319060407372e+01
4.672959843749999891e+02,-8.919716205029070011e+01
4.672962773437500346e+02,-8.271333102145321448e+01
4.672965703125000232e+02,-7.608343665957961832e+01
4.672968632812500118e+02,-7.484525078009636445e+01
4.672971562500000005e+02,-8.008508063079813155e+01
4.672974492187499891e+02,-8.248028052457445369e+01
4.672977421875000346e+02,-7.709090669515759942e+01
4.672980351562500232e+02,-7.464804084511348492e+01
4.672983281250000118e+02,-7.444523827095996182e+01
4.672986210937500005e+02,-8.076549293706393939e+01
4.672989140624999891e+02,-1.011054714372099426e+02
4.672992070312500346e+02,-8.614201659781029718e+01
4.672995000000000232e+02,-8.649242009540715515e+01
4.672997929687500118e+02,-7.675076060093950048e+01
4.673000859375000005e+02,-7.773853220778055118e+01
4.673003789062499891e+02,-8.161213119779871761e+01
4.673006718750000346e+02,-9.195281353249373524e+01
4.673009648437500232e+02,-8.252230078204283359e+01
4.673012578125000118e+02,-8.134443212776082532e+01
4.673015507812500005e+02,-7.921035841643623598e+01
4.673018437499999891e+02,-8.027043883666520685e+01
4.673021367187500346e+02,-8.742521073240284579e+01
4.673024296875000232e+02,-8.463539077908343700e+01
4.673027226562500118e+02,-8.709712013343883541e+01
4.673030156250000005e+02,-8.744453017054252086e+01
4.673033085937499891e+02,-8.135428913076516722e+01
4.673036015625000346e+02,-7.773964957977433698e+01
4.673038945312500232e+02,-7.971715675266412404e+01
4.673041875000000118e+02,-7.787171345385880272e+01
4.673044804687500005e+02,-7.693363113506920570e+01
4.673047734374999891e+02,-7.842763633989748939e+01
4.673050664062500346e+02,-8.981573567251277268e+01
4.673053593750000232e+02,-8.467915595203230339e+01
4.673056523437500118e+02,-8.362767030031088211e+01
4.673059453125000005e+02,-7.617358959141279229e+01
4.673062382812499891e+02,-7.591721893949183197e+01
4.673065312500000346e+02,-7.933306411810319503e+01
4.673068242187500232e+02,-8.203395118281446230e+01
4.673071171875000118e+02,-7.937846046002118783e+01
4.673074101562500005e+02,-8.186154173740683859e+01
4.673077031249999891e+02,-7.840086399570317610e+01
4.673079960937500346e+02,-8.221118522668577100e+01
4.673082890625000232e+02,-7.889184547811811399e+01
4.673085820312500118e+02,-8.672563444173789549e+01
4.673088750000000005e+02,-9.335323919395065673e+01
4.673091679687499891e+02,-9.517355446232686234e+01
4.673094609375000346e+02,-1.001719352465002686e+02
4.673097539062500232e+02,-8.312494535396682238e+01
4.673100468750000118e+02,-8.141631246302473812e+01
4.673103398437500005e+02,-8.389541311348327213e+01
4.673106328124999891e+02,-7.766399443211460607e+01
4.673109257812500346e+02,-7.973511407147481123e+01
4.673112187500000232e+02,-8.318836455193022061e+01
4.673115117187500118e+02,-7.990345274526747232e+01
4.673118046875000005e+02,-7.632369669660378975e+01
4.673120976562499891e+02,-7.871998749126264272e+01
4.673123906250000346e+02,-8.338503898661741687e+01
4.673126835937500232e+02,-7.748105858651145184e+01
4.673129765625000118e+02,-7.658468752469872243e+01
4.673132695312500005e+02,-9.159721168256612600e+01
4.673135624999999891e+02,-8.447274216792115453e+01
4.673138554687500346e+02,-8.195272619965183480e+01
4.673141484375000232e+02,-8.484771509800006584e+01
4.673144414062500118e+02,-7.907312197155147260e+01
4.673147343750000005e+02,-1.091452920259803534e+02
4.673150273437499891e+02,-7.807622778818665665e+01
4.673153203125000346e+02,-8.180934463947374979e+01
4.673156132812500232e+02,-8.587626876897374473e+01
4.673159062500000118e+02,-7.644347943102717124e+01
4.673161992187500005e+02,-7.236780802027799098e+01
4.673164921874999891e+02,-7.356761615772357743e+01
4.673167851562500346e+02,-8.208355963380552112e+01
4.673170781250000232e+02,-8.237118471078591142e+01
4.673173710937500118e+02,-8.879151397230810971e+01
4.673176640625000005e+02,-8.867290550982838226e+01
4.673179570312499891e+02,-8.958101819685384726e+01
4.673182500000000346e+02,-8.968248479700324083e+01
4.673185429687500232e+02,-8.196739481921197523e+01
4.673188359375000118e+02,-8.165666351337370088e+01
4.673191289062500005e+02,-8.484288180262385026e+01
4.673194218749999891e+02,-8.453069580930312554e+01
4.673197148437500346e+02,-8.048495798918354183e+01
4.673200078125000232e+02,-8.257055375595140845e+01
4.673203007812500118e+02,-8.107754318575436514e+01
4.673205937500000005e+02,-9.173500346190805033e+01
4.673208867187499891e+02,-8.297629581211459993e+01
4.673211796875000346e+02,-7.751048258439497829e+01
4.673214726562500232e+02,-7.409553541490321038e+01
4.673217656250000118e+02,-7.688909765773074412e+01
4.673220585937500005e+02,-7.622528666186968849e+01
4.673223515624999891e+02,-7.754725760218485675e+01
4.673226445312500346e+02,-8.135568517367546804e+01
4.673229375000000232e+02,-8.342904773582630185e+01
4.673232304687500118e+02,-9.016241582072032656e+01
4.673235234375000005e+02,-9.159100746475672850e+01
4.673238164062499891e+02,-7.779872335505024239e+01
4.673241093750000346e+02,-8.100314027708014919e+01
4.673244023437500232e+02,-8.014555364217764577e+01
4.673246953125000118e+02,-8.303805083464456516e+01
4.673249882812500005e+02,-8.746134398232364049e+01
4.673252812499999891e+02,-7.860675509121900006e+01
4.673255742187500346e+02,-7.969612161440647924e+01
4.673258671875000232e+02,-8.128002971412223587e+01
4.673261601562500118e+02,-7.935398701669242882e+01
4.673264531250000005e+02,-8.046989002350025544e+01
4.673267460937499891e+02,-7.959104591982062971e+01
4.673270390625000346e+02,-7.618256136667551459e+01
4.673273320312500232e+02,-7.472262840992743804e+01
4.673276250000000118e+02,-7.226421818125199081e+01
4.673279179687500005e+02,-7.343216193280690618e+01
4.673282109374999891e+02,-7.276624686370658424e+01
4.673285039062500346e+02,-7.280011925444551935e+01
4.673287968750000232e+02,-9.146059577198327872e+01
4.673290898437500118e+02,-8.663905225530683651e+01
4.673293828125000005e+02,-7.653779033979373025e+01
4.673296757812499891e+02,-7.178654082329114772e+01
4.673299687500000346e+02,-7.609932836901334952e+01
4.673302617187500232e+02,-7.703892864391890782e+01
4.673305546875000118e+02,-8.062965710280116127e+01
4.673308476562500005e+02,-7.845325305419871142e+01
4.673311406249999891e+02,-1.002922853492686386e+02
4.673314335937500346e+02,-7.501925283841704584e+01
4.673317265625000232e+02,-7.146643285401161449e+01
4.673320195312500118e+02,-7.483727299066626415e+01
4.673323125000000005e+02,-7.737639403046907205e+01
4.673326054687499891e+02,-7.709621355169019807e+01
4.673328984375000346e+02,-8.073876679160224512e+01
4.673331914062500232e+02,-8.532242598756613461e+01
4.673334843750000118e+02,-8.271057790698588974e+01
4.673337773437500005e+02,-8.035341159327228411e+01
4.673340703124999891e+02,-7.778931954237971524e+01
4.673343632812500346e+02,-8.283918447594004419e+01
4.673346562500000232e+02,-7.824659214442856126e+01
4.673349492187500118e+02,-8.509274209144729184e+01
4.673352421875000005e+02,-7.674840983249976034e+01
4.673355351562499891e+02,-7.683232713308603934e+01
4.673358281250000346e+02,-7.597253695796891293e+01
4.673361210937500232e+02,-7.112093714533477851e+01
4.673364140625000118e+02,-7.561747599675382503e+01
4.673367070312500005e+02,-7.762344036200939001e+01
4.673369999999999891e+02,-7.160398442717462331e+01
4.673372929687500346e+02,-7.066845526571887603e+01
4.673375859375000232e+02,-7.470248280956992915e+01
4.673378789062500118e+02,-8.003640036932804946e+01
4.673381718750000005e+02,-7.900183864232545261e+01
4.673384648437499891e+02,-8.101767925457619413e+01
4.673387578125000346e+02,-9.327079198292298656e+01
4.673390507812500232e+02,-8.344368072430839334e+01
4.673393437500000118e+02,-7.623195336453817106e+01
4.673396367187500005e+02,-7.068677977381855726e+01
4.673399296874999891e+02,-7.001886818033850091e+01
4.673402226562500346e+02,-7.866520751888567986e+01
4.673405156250000232e+02,-7.993936394695423076e+01
4.673408085937500118e+02,-7.233228027749467515e+01
4.673411015625000005e+02,-7.291488444300934191e+01
4.673413945312499891e+02,-8.830715243526793756e+01
4.673416875000000346e+02,-7.583275539498718842e+01
4.673419804687500232e+02,-7.294743505457249455e+01
4.673422734375000118e+02,-8.082170404682577214e+01
4.673425664062500005e+02,-7.772194119675160096e+01
4.673428593749999891e+02,-7.758678345612503335e+01
4.673431523437500346e+02,-8.207728018437430251e+01
4.673434453125000232e+02,-8.675267495271639007e+01
4.673437382812500118e+02,-7.588992342946366421e+01
4.673440312500000005e+02,-7.533485796173975757e+01
4.673443242187499891e+02,-7.454383061712607628e+01
4.673446171875000346e+02,-8.165372154447845787e+01
4.673449101562500232e+02,-8.308168343065263173e+01
4.673452031250000118e+02,-7.977959918818130802e+01
4.673454960937500005e+02,-7.315127709257932054e+01
4.673457890624999891e+02,-7.657449859832327377e+01
4.673460820312500346e+02,-8.222095656935570673e+01
4.673463750000000232e+02,-7.545811334069003351e+01
4.673466679687500118e+02,-7.729580351786948711e+01
4.673469609375000005e+02,-7.838003431367397411e+01
4.673472539062499891e+02,-8.229767521608388847e+01
4.673475468750000346e+02,-7.630387941559769160e+01
4.673478398437500232e+02,-7.469953916073646383e+01
4.673481328125000118e+02,-7.457926199089273211e+01
4.673484257812500005e+02,-7.223527450372355929e+01
4.673487187499999891e+02,-7.445590057447356003e+01
4.673490117187500346e+02,-8.396199749701804649e+01
4.673493046875000232e+02,-7.894978488846375342e+01
4.673495976562500118e+02,-7.400039727683444823e+01
4.673498906250000005e+02,-8.735441437460377756e+01
4.673501835937499891e+02,-9.329343342430773589e+01
4.673504765625000346e+02,-9.174865035198811825e+01
4.673507695312500232e+02,-7.695995312233330310e+01
4.673510625000000118e+02,-7.728853475800417527e+01
4.673513554687500005e+02,-7.954171104449838481e+01
4.673516484374999891e+02,-7.966287063515997602e+01
4.673519414062500346e+02,-7.618727412088632889e+01
4.673522343750000232e+02,-7.348935510409361882e+01
4.673525273437500118e+02,-7.163221659796678864e+01
4.673528203125000005e+02,-8.037931359651349794e+01
4.673531132812499891e+02,-7.303660764840634556e+01
4.673534062500000346e+02,-7.192831079980707898e+01
4.673536992187500232e+02,-7.712341371689275604e+01
4.673539921875000118e+02,-8.965361926265111947e+01
4.673542851562500005e+02,-7.252804375211391630e+01
4.673545781249999891e+02,-6.984784371584352414e+01
4.673548710937500346e+02,-7.178052908238714735e+01
4.673551640625000232e+02,-7.096775905371016790e+01
4.673554570312500118e+02,-7.083974023343797910e+01
4.673557500000000005e+02,-7.559195527463614894e+01
4.673560429687499891e+02,-9.047910747781864416e+01
4.673563359375000346e+02,-7.521669003025685640e+01
4.673566289062500232e+02,-7.470578636799044148e+01
4.673569218750000118e+02,-7.493512610341322500e+01
4.673572148437500005e+02,-7.190199958307087513e+01
4.673575078124999891e+02,-7.353419625010704408e+01
4.673578007812500346e+02,-7.603052398029701919e+01
4.673580937500000232e+02,-7.678019539844751762e+01
4.673583867187500118e+02,-7.721048685043277260e+01
4.673586796875000005e+02,-7.338523202527564138e+01
4.673589726562499891e+02,-7.240097600382911480e+01
4.673592656250000346e+02,-6.948187031583385931e+01
4.673595585937500232e+02,-7.273142724533428805e+01
4.673598515625000118e+02,-7.543486262486135274e+01
4.673601445312500005e+02,-8.057886764158834580e+01
4.673604374999999891e+02,-8.309940083427031254e+01
4.673607304687500346e+02,-8.263583110904620810e+01
4.673610234375000232e+02,-7.102158439025311054e+01
4.673613164062500118e+02,-7.486501668957156141e+01
4.673616093750000005e+02,-8.144085234149781627e+01
4.673619023437499891e+02,-7.703087950229434000e+01
4.673621953125000346e+02,-7.447051218434910425e+01
4.673624882812500232e+02,-7.815640827598312512e+01
4.673627812500000118e+02,-7.248830622704169002e+01
4.673630742187500005e+02,-7.705435178038872834e+01
4.673633671874999891e+02,-8.428590613270928600e+01
4.673636601562500346e+02,-7.650205782407516608e+01
4.673639531250000232e+02,-8.392983196689405645e+01
4.673642460937500118e+02,-8.011182863234422769e+01
4.673645390625000005e+02,-7.471002283517624676e+01
4.673648320312499891e+02,-7.213253414297021493e+01
4.673651250000000346e+02,-6.975656679961835493e+01
4.673654179687500232e+02,-7.144427878863032788e+01
4.673657109375000118e+02,-7.660920290441326586e+01
4.673660039062500005e+02,-7.785660692279253681e+01
4.673662968749999891e+02,-7.263771487378301117e+01
4.673665898437500346e+02,-7.440497301127209084e+01
4.673668828125000232e+02,-7.926082254905142577e+01
4.673671757812500118e+02,-7.278435043929388826e+01
4.673674687500000005e+02,-7.822196860106896565e+01
4.673677617187499891e+02,-8.161496238525936064e+01
4.673680546875000346e+02,-9.534543776642250634e+01
4.673683476562500232e+02,-8.096089428834696378e+01
4.673686406250000118e+02,-8.744345665982794458e+01
4.673689335937500005e+02,-8.614726023285255962e+01
4.673692265624999891e+02,-7.777379268831037962e+01
4.673695195312500346e+02,-7.350157646423863866e+01
4.673698125000000232e+02,-7.717129531900275197e+01
4.673701054687500118e+02,-7.832226300235839744e+01
4.673703984375000005e+02,-7.430341344615244736e+01
4.673706914062499891e+02,-7.609440970417578853e+01
4.673709843750000346e+02,-7.133692111418368142e+01
4.673712773437500232e+02,-7.330466028980175963e+01
4.673715703125000118e+02,-7.800878937575556904e+01
4.673718632812500005e+02,-8.352603114728776745e+01
4.673721562499999891e+02,-8.429614970742967728e+01
4.673724492187500346e+02,-7.513120605574543731e+01
4.673727421875000232e+02,-7.515334692188686461e+01
4.673730351562500118e+02,-7.987355636186497065e+01
4.673733281250000005e+02,-7.775875537926873449e+01
4.673736210937499891e+02,-7.641238560894207410e+01
4.673739140625000346e+02,-7.941205335151178701e+01
4.673742070312500232e+02,-7.872915042928931939e+01
4.673745000000000118e+02,-7.557554596385168111e+01
4.673747929687500005e+02,-7.225629854917302453e+01
4.673750859374999891e+02,-6.959367672759023549e+01
4.673753789062500346e+02,-7.108277572702731106e+01
4.673756718750000232e+02,-7.957363846316324896e+01
4.673759648437500118e+02,-7.712672343460954494e+01
4.673762578125000005e+02,-8.030525384498943708e+01
4.673765507812499891e+02,-8.741176495096759425e+01
4.673768437500000346e+02,-8.329472071005632472e+01
4.673771367187500232e+02,-7.773196861648767708e+01
4.673774296875000118e+02,-7.258862905549200661e+01
4.673777226562500005e+02,-9.021395357246561275e+01
4.673780156249999891e+02,-8.743214290026422475e+01
4.673783085937500346e+02,-8.361013845716098558e+01
4.673786015625000232e+02,-7.917152832636760706e+01
4.673788945312500118e+02,-9.160308992942992745e+01
4.673791875000000005e+02,-7.418814646750729480e+01
4.673794804687499891e+02,-7.551965468486160660e+01
4.673797734375000346e+02,-8.483309961271432087e+01
4.673800664062500232e+02,-7.785175446627719964e+01
4.673803593750000118e+02,-7.442251751965615369e+01
4.673806523437500005e+02,-7.231443010774614777e+01
4.673809453124999891e+02,-7.779683843239601515e+01
4.673812382812500346e+02,-7.560080847966608530e+01
4.673815312500000232e+02,-7.427135604763124377e+01
4.673818242187500118e+02,-7.596748293035548727e+01
4.673821171875000005e+02,-8.065557530596656477e+01
4.673824101562499891e+02,-8.470963869391640344e+01
4.673827031250000346e+02,-7.461343408584906456e+01
4.673829960937500232e+02,-7.236064913272771548e+01
4.673832890625000118e+02,-7.582996390179444290e+01
4.673835820312500005e+02,-8.820454198990043437e+01
4.673838749999999891e+02,-7.034316749341134312e+01
4.673841679687500346e+02,-6.976384572745297419e+01
4.673844609375000232e+02,-8.212440687033227960e+01
4.673847539062500118e+02,-9.100285035448833071e+01
4.673850468750000005e+02,-7.232740931126394912e+01
4.673853398437499891e+02,-6.763553700790762946e+01
4.673856328125000346e+02,-7.059806789284269257e+01
4.673859257812500232e+02,-8.141584607069458457e+01
4.673862187500000118e+02,-8.677869831307367576e+01
4.673865117187500005e+02,-7.351824247434383608e+01
4.673868046874999891e+02,-7.562323748437874826e+01
4.673870976562500346e+02,-7.174533365424422016e+01
4.673873906250000232e+02,-7.444929930583229805e+01
4.673876835937500118e+02,-7.887411353490955435e+01
4.673879765625000005e+02,-7.698399877208414921e+01
4.673882695312499891e+02,-9.413878144333142473e+01
4.673885625000000346e+02,-9.806272715834631981e+01
4.673888554687500232e+02,-8.296587279931429748e+01
4.673891484375000118e+02,-7.464345846363252690e+01
4.673894414062500005e+02,-7.132150465735593059e+01
4.673897343749999891e+02,-9.306364042194036301e+01
4.673900273437500346e+02,-7.315628507219709320e+01
4.673903203125000232e+02,-8.526905943988379022e+01
4.673906132812500118e+02,-7.637956457176348124e+01
4.673909062500000005e+02,-8.176856764402779731e+01
4.673911992187499891e+02,-7.561226468785137911e+01
4.673914921875000346e+02,-7.134966781121902102e+01
4.673917851562500232e+02,-7.738743479545355797e+01
4.673920781250000118e+02,-8.420084932490276231e+01
4.673923710937500005e+02,-7.301142458957085069e+01
4.673926640624999891e+02,-7.408063167381202163e+01
4.673929570312500346e+02,-8.329910908042603523e+01
4.673932500000000232e+02,-8.671907015852417544e+01
4.673935429687500118e+02,-8.547884962610153536e+01
4.673938359375000005e+02,-7.913575980883717875e+01
4.673941289062499891e+02,-6.894791861031923474e+01
4.673944218750000346e+02,-7.153350840122836019e+01
4.673947148437500232e+02,-7.023063555961346083e+01
4.673950078125000118e+02,-8.128912109010218501e+01
4.673953007812500005e+02,-8.198084017651233069e+01
4.673955937499999891e+02,-7.610045437748212294e+01
4.673958867187500346e+02,-7.117715579996445285e+01
4.673961796875000232e+02,-7.023551370508160119e+01
4.673964726562500118e+02,-7.674923104869381518e+01
4.673967656250000005e+02,-8.695932513033028499e+01
4.673970585937499891e+02,-7.870028737398489227e+01
4.673973515625000346e+02,-7.165586386507662553e+01
4.673976445312500232e+02,-7.652428388782786328e+01
4.673979375000000118e+02,-7.668867383510061586e+01
4.673982304687500005e+02,-9.276287762993564456e+01
4.673985234374999891e+02,-7.888578638791796038e+01
4.673988164062500346e+02,-7.013289849519895824e+01
4.673991093750000232e+02,-6.720128047026351226e+01
4.673994023437500118e+02,-7.948931509995964007e+01
4.673996953125000005e+02,-6.890582423160618930e+01
4.673999882812499891e+02,-7.087089142743560899e+01
4.674002812500000346e+02,-7.760412817484515813e+01
4.674005742187500232e+02,-7.246759994386466985e+01
4.674008671875000118e+02,-6.930583795931833890e+01
4.674011601562500005e+02,-7.231597799611451194e+01
4.674014531249999891e+02,-6.872602482542161795e+01
4.674017460937500346e+02,-6.920397823581680541e+01
4.674020390625000232e+02,-7.486767677286665901e+01
4.674023320312500118e+02,-7.366319692669820540e+01
4.674026250000000005e+02,-7.258365875928886624e+01
4.674029179687499891e+02,-8.589269962660169710e+01
4.674032109375000346e+02,-7.729786851208768894e+01
4.674035039062500232e+02,-6.890832516043110445e+01
4.674037968750000118e+02,-7.959163852653044557e+01
4.674040898437500005e+02,-7.933581339618862671e+01
4.674043828124999891e+02,-7.056663574259592053e+01
4.674046757812500346e+02,-6.542301165246909989e+01
4.674049687500000232e+02,-6.673983958469290201e+01
4.674052617187500118e+02,-7.577604367442872046e+01
4.674055546875000005e+02,-6.829500458240616467e+01
4.674058476562499891e+02,-6.763668377081422989e+01
4.674061406250000346e+02,-1.108678665465296973e+02
4.674064335937500232e+02,-6.824312054880061851e+01
4.674067265625000118e+02,-6.874675310562176378e+01
4.674070195312500005e+02,-6.957155310520120395e+01
4.674073124999999891e+02,-6.900121345489743874e+01
4.674076054687500346e+02,-6.899634099150519262e+01
4.674078984375000232e+02,-7.585628511367262661e+01
4.674081914062500118e+02,-8.480065841697701501e+01
4.674084843750000005e+02,-7.913685231934512387e+01
4.674087773437499891e+02,-7.830773562013513356e+01
4.674090703125000346e+02,-8.560941255737630229e+01
4.674093632812500232e+02,-8.597856917851368053e+01
4.674096562500000118e+02,-7.452618990480013395e+01
4.674099492187500005e+02,-7.065378843679069121e+01
4.674102421874999891e+02,-7.049501675867101369e+01
4.674105351562500346e+02,-7.549161650930869882e+01
4.674108281250000232e+02,-6.714629128715925788e+01
4.674111210937500118e+02,-6.893664246363950099e+01
4.674114140625000005e+02,-8.844672198927844420e+01
4.674117070312499891e+02,-7.840939135173707086e+01
4.674120000000000346e+02,-8.223641964245345548e+01
4.674122929687500232e+02,-7.979800226214737791e+01
4.674125859375000118e+02,-7.061828421409944667e+01
4.674128789062500005e+02,-7.096992738443690030e+01
4.674131718749999891e+02,-6.995291283411414440e+01
4.674134648437500346e+02,-7.393943844535317567e+01
4.674137578125000232e+02,-7.747444085746808184e+01
4.674140507812500118e+02,-7.720449687972194397e+01
4.674143437500000005e+02,-8.337991084635739014e+01
4.674146367187499891e+02,-7.999024068848331126e+01
4.674149296875000346e+02,-7.178754404719656179e+01
4.674152226562500232e+02,-7.325424927873552861e+01
4.674155156250000118e+02,-7.184125294514552706e+01
4.674158085937500005e+02,-9.097698731986321263e+01
4.674161015624999891e+02,-7.525081271784932824e+01
4.674163945312500346e+02,-7.821803633089059815e+01
4.674166875000000232e+02,-7.684504695946264974e+01
4.674169804687500118e+02,-7.513003989864695598e+01
4.674172734375000005e+02,-7.424491654800755214e+01
4.674175664062499891e+02,-8.172852687486556533e+01
4.674178593750000346e+02,-6.988404661112488725e+01
4.674181523437500232e+02,-6.845467125399041208e+01
4.674184453125000118e+02,-6.904178168514339120e+01
4.674187382812500005e+02,-7.124018148231942860e+01
4.674190312499999891e+02,-6.819052884082957178e+01
4.674193242187500346e+02,-6.895431336990381510e+01
4.674196171875000232e+02,-9.666680662025042636e+01
4.674199101562500118e+02,-7.016478668060628365e+01
4.674202031250000005e+02,-7.397466385869310557e+01
4.674204960937499891e+02,-7.421897937700825310e+01
4.674207890625000346e+02,-8.097010570794394368e+01
4.674210820312500232e+02,-7.451505197689107263e+01
4.674213750000000118e+02,-8.120439560997957074e+01
4.674216679687500005e+02,-7.496468785452596251e+01
4.674219609374999891e+02,-7.033903431338565326e+01
4.674222539062500346e+02,-7.317686827346386735e+01
4.674225468750000232e+02,-8.271618298453175555e+01
4.674228398437500118e+02,-8.552621062147599673e+01
4.674231328125000005e+02,-7.883375448339788250e+01
4.674234257812499891e+02,-7.660690905762538705e+01
4.674237187500000346e+02,-7.065568392061211966e+01
4.674240117187500232e+02,-7.293455229681060814e+01
4.674243046875000118e+02,-7.849060999395592830e+01
4.674245976562500005e+02,-7.914040784930911343e+01
4.674248906249999891e+02,-7.146261449408706312e+01
4.674251835937500346e+02,-7.221144441190457997e+01
4.674254765625000232e+02,-7.695363752376468369e+01
4.674257695312500118e+02,-7.812334182607689570e+01
4.674260625000000005e+02,-6.882319708048196105e+01
4.674263554687499891e+02,-7.551148445122784381e+01
4.674266484375000346e+02,-8.016828913718299532e+01
4.674269414062500232e+02,-7.335846121623853833e+01
4.674272343750000118e+02,-7.133813593110582474e+01
4.674275273437500005e+02,-6.720653430128939476e+01
4.674278203124999891e+02,-6.831106790680432539e+01
4.674281132812500346e+02,-8.449755807557770027e+01
4.674284062500000232e+02,-7.087967396114623853e+01
4.674286992187500118e+02,-7.367056295436269409e+01
4.674289921875000005e+02,-7.362425297734216656e+01
4.674292851562499891e+02,-7.547942134149627691e+01
4.674295781250000346e+02,-7.331992923204013834e+01
4.674298710937500232e+02,-1.016804804575490238e+02
4.674301640625000118e+02,-7.542724773429765150e+01
4.674304570312500005e+02,-8.398526066949058588e+01
4.674307499999999891e+02,-7.331334918680329338e+01
4.674310429687500346e+02,-7.920748490882715487e+01
4.674313359375000232e+02,-8.077813535782132703e+01
4.674316289062500118e+02,-6.925857485586091400e+01
4.674319218750000005e+02,-6.746181461804211210e+01
4.674322148437499891e+02,-7.183105990851869649e+01
4.674325078125000346e+02,-7.365925683166877036e+01
4.674328007812500232e+02,-7.342059499886231322e+01
4.674330937500000118e+02,-7.929683334367278746e+01
4.674333867187500005e+02,-7.869181738387069913e+01
4.674336796874999891e+02,-7.071639438523335741e+01
4.674339726562500346e+02,-7.420247251164984448e+01
4.674342656250000232e+02,-7.828022095325420082e+01
4.674345585937500118e+02,-7.697487618897653761e+01
4.674348515625000005e+02,-7.674902598217518346e+01
4.674351445312499891e+02,-7.269862791674466962e+01
4.674354375000000346e+02,-7.570283349263999639e+01
4.674357304687500232e+02,-9.140377766055505049e+01
4.674360234375000118e+02,-6.947791567248154365e+01
4.674363164062500005e+02,-6.690387715293901749e+01
4.674366093749999891e+02,-7.338142228638047015e+01
4.674369023437500346e+02,-8.806103440037048813e+01
4.674371953125000232e+02,-7.921740752137989716e+01
4.674374882812500118e+02,-6.928733170375890893e+01
4.674377812500000005e+02,-6.762334254195734218e+01
4.674380742187499891e+02,-7.051590822467136377e+01
4.674383671875000346e+02,-6.987784887525725708e+01
4.674386601562500232e+02,-7.747971003489078612e+01
4.674389531250000118e+02,-9.036122602139725757e+01
4.674392460937500005e+02,-7.234240994286108162e+01
4.674395390624999891e+02,-7.918478314976721322e+01
4.674398320312500346e+02,-7.856912241039898959e+01
4.674401250000000232e+02,-8.671840495450425124e+01
4.674404179687500118e+02,-6.952763257644308226e+01
4.674407109375000005e+02,-7.261230092233108735e+01
4.674410039062499891e+02,-7.490145373775450821e+01
4.674412968750000346e+02,-6.890719067934580266e+01
4.674415898437500232e+02,-6.618765064178306545e+01
4.674418828125000118e+02,-6.626124861395065579e+01
4.674421757812500005e+02,-6.946933922175435328e+01
4.674424687499999891e+02,-8.125084836202519512e+01
4.674427617187500346e+02,-8.215874623254522646e+01
4.674430546875000232e+02,-8.079690626270334519e+01
4.674433476562500118e+02,-7.402134914866442728e+01
4.674436406250000005e+02,-7.067318410902123560e+01
4.674439335937499891e+02,-7.845086280849436378e+01
4.674442265625000346e+02,-8.322995705019107504e+01
4.674445195312500232e+02,-9.008347136867337213e+01
4.674448125000000118e+02,-7.852328151271939305e+01
4.674451054687500005e+02,-8.595790778703162971e+01
4.674453984374999891e+02,-7.530382597535113121e+01
4.674456914062500346e+02,-7.263368566288812644e+01
4.674459843750000232e+02,-7.050082615238596873e+01
4.674462773437500118e+02,-6.964024710314436106e+01
4.674465703125000005e+02,-7.640030688779752666e+01
4.674468632812499891e+02,-8.107033571954362117e+01
4.674471562500000346e+02,-7.688264767718317216e+01
4.674474492187500232e+02,-7.900046087279972085e+01
4.674477421875000118e+02,-8.533297091691281366e+01
4.674480351562500005e+02,-7.402831673689460956e+01
4.674483281249999891e+02,-7.434343838078635258e+01
4.674486210937500346e+02,-7.116335034608628973e+01
4.674489140625000232e+02,-7.578420854239043081e+01
4.674492070312500118e+02,-7.304479200028258390e+01
4.674495000000000005e+02,-7.851276750887652156e+01
4.674497929687499891e+02,-7.194094760524929200e+01
4.674500859375000346e+02,-7.051811637803669441e+01
4.674503789062500232e+02,-7.353301805594642815e+01
4.674506718750000118e+02,-7.120392788742148582e+01
4.674509648437500005e+02,-7.398708788698117189e+01
4.674512578124999891e+02,-7.900106316017991048e+01
4.674515507812500346e+02,-8.427795454691946020e+01
4.674518437500000232e+02,-8.215664732105175005e+01
4.674521367187500118e+02,-7.155424211470551654e+01
4.674524296875000005e+02,-7.158505912338677035e+01
4.674527226562499891e+02,-7.597056840567340430e+01
4.674530156250000346e+02,-7.552139711595746974e+01
4.674533085937500232e+02,-7.745890668138468982e+01
4.674536015625000118e+02,-8.217237935524563852e+01
4.674538945312500005e+02,-7.499186608641524288e+01
4.674541874999999891e+02,-7.158269312925932581e+01
4.674544804687500346e+02,-7.524457769689638553e+01
4.674547734375000232e+02,-7.330865810494044865e+01
4.674550664062500118e+02,-7.967680466694176289e+01
4.674553593750000005e+02,-6.915793059467441140e+01
4.674556523437499891e+02,-6.963309471717171562e+01
4.674559453125000346e+02,-7.230191076196875599e+01
4.674562382812500232e+02,-7.288463209676058341e+01
4.674565312500000118e+02,-7.511415927373865031e+01
4.674568242187500005e+02,-7.922799839437602998e+01
4.674571171874999891e+02,-7.864511466266991135e+01
4.674574101562500346e+02,-6.595469441567469460e+01
4.674577031250000232e+02,-6.505027306451010816e+01
4.674579960937500118e+02,-7.184436668320887520e+01
4.674582890625000005e+02,-7.048988388589329190e+01
4.674585820312499891e+02,-8.013859178106442016e+01
4.674588750000000346e+02,-8.780421141704772481e+01
4.674591679687500232e+02,-7.816861746094475905e+01
4.674594609375000118e+02,-7.760545340648835122e+01
4.674597539062500005e+02,-7.190126354503503592e+01
4.674600468749999891e+02,-6.799621953191848434e+01
4.674603398437500346e+02,-7.289920633224980406e+01
4.674606328125000232e+02,-7.140067369165750222e+01
4.674609257812500118e+02,-6.923978048848015021e+01
4.674612187500000005e+02,-7.815648452320832007e+01
4.674615117187499891e+02,-6.921839849506909559e+01
4.674618046875000346e+02,-6.979688210034841234e+01
4.674620976562500232e+02,-6.824496229141756487e+01
4.674623906250000118e+02,-6.957937907096452079e+01
4.674626835937500005e+02,-7.399187699128597728e+01
4.674629765624999891e+02,-7.262063989646749462e+01
4.674632695312500346e+02,-6.989913366195526123e+01
4.674635625000000232e+02,-6.606529702234195156e+01
4.674638554687500118e+02,-7.032179137886538456e+01
4.674641484375000005e+02,-8.733719449613509767e+01
4.674644414062499891e+02,-6.735782868878915508e+01
4.674647343750000346e+02,-6.622601273908564679e+01
4.674650273437500232e+02,-7.688749632385007260e+01
4.674653203125000118e+02,-7.193303819907087870e+01
4.674656132812500005e+02,-6.381237579395077120e+01
4.674659062499999891e+02,-6.342834761941681876e+01
4.674661992187500346e+02,-6.849748047120326078e+01
4.674664921875000232e+02,-6.609411614697788195e+01
4.674667851562500118e+02,-6.754956124128860040e+01
4.674670781250000005e+02,-7.206127227265163526e+01
4.674673710937499891e+02,-6.418915514550016610e+01
4.674676640625000346e+02,-6.728043552397802785e+01
4.674679570312500232e+02,-7.288388611951042151e+01
4.674682500000000118e+02,-7.795284030561336408e+01
4.674685429687500005e+02,-8.115094090066025956e+01
4.674688359374999891e+02,-6.843411342421006793e+01
4.674691289062500346e+02,-6.768166537049391707e+01
4.674694218750000232e+02,-6.689079859375561909e+01
4.674697148437500118e+02,-6.539334638585830817e+01
4.674700078125000005e+02,-6.458749794167312075e+01
4.674703007812499891e+02,-7.049445490954266802e+01
4.674705937500000346e+02,-7.445619728110980873e+01
4.674708867187500232e+02,-8.239118621925838681e+01
4.674711796875000118e+02,-8.118172165976027088e+01
4.674714726562500005e+02,-7.346286492420718162e+01
4.674717656249999891e+02,-7.614155090549712668e+01
4.674720585937500346e+02,-7.339536468908204370e+01
4.674723515625000232e+02,-6.871911360774882382e+01
4.674726445312500118e+02,-6.486640935803097818e+01
4.674729375000000005e+02,-6.792847056032611874e+01
4.674732304687499891e+02,-6.605443435081457437e+01
4.674735234375000346e+02,-6.758406253712857392e+01
4.674738164062500232e+02,-7.244210077304825290e+01
4.674741093750000118e+02,-6.602338191971784909e+01
4.674744023437500005e+02,-7.006915114371241771e+01
4.674746953124999891e+02,-6.771383910126063199e+01
4.674749882812500346e+02,-6.921346091284962654e+01
4.674752812500000232e+02,-7.129689011258749076e+01
4.674755742187500118e+02,-6.526903901434808120e+01
4.674758671875000005e+02,-6.786405876626064071e+01
4.674761601562499891e+02,-6.600935599701691103e+01
4.674764531250000346e+02,-7.127507880872529711e+01
4.674767460937500232e+02,-6.378555217550178469e+01
4.674770390625000118e+02,-5.854661567844178904e+01
4.674773320312500005e+02,-6.766555609073191135e+01
4.674776249999999891e+02,-6.934586606949960697e+01
4.674779179687500346e+02,-7.015992008226353960e+01
4.674782109375000232e+02,-6.396406357456292113e+01
4.674785039062500118e+02,-7.029421441931312131e+01
4.674787968750000005e+02,-7.917826276720487044e+01
4.674790898437499891e+02,-7.518707808134519155e+01
4.674793828125000346e+02,-6.921488088675927486e+01
4.674796757812500232e+02,-7.004746497432856245e+01
4.674799687500000118e+02,-7.109791436045730961e+01
4.674802617187500005e+02,-8.089486008408641737e+01
4.674805546874999891e+02,-7.215615246792992821e+01
4.674808476562500346e+02,-6.917683646998193581e+01
4.674811406250000232e+02,-6.216835706681742124e+01
4.674814335937500118e+02,-6.275531195914246751e+01
4.674817265625000005e+02,-7.112000878567089046e+01
4.674820195312499891e+02,-7.293666276656327341e+01
4.674823125000000346e+02,-7.410255567776560781e+01
4.674826054687500232e+02,-7.458344786238269819e+01
4.674828984375000118e+02,-6.336404243862272523e+01
4.674831914062500005e+02,-6.554615632656272339e+01
4.674834843749999891e+02,-6.320505024600506516e+01
4.674837773437500346e+02,-6.221801342228800991e+01
4.674840703125000232e+02,-7.094158243359417781e+01
4.674843632812500118e+02,-6.917372713941071538e+01
4.674846562500000005e+02,-6.801168373637412401e+01
4.674849492187499891e+02,-6.479517244531733411e+01
4.674852421875000346e+02,-6.176013321898587094e+01
4.674855351562500232e+02,-6.319843039256281259e+01
4.674858281250000118e+02,-6.233033516827055820e+01
4.674861210937500005e+02,-7.209871524002440424e+01
4.674864140624999891e+02,-6.769833435034429669e+01
4.674867070312500346e+02,-6.361846501016205480e+01
4.674870000000000232e+02,-7.007594733980764090e+01
4.674872929687500118e+02,-6.467170695841572581e+01
4.674875859375000005e+02,-7.125259660529863481e+01
4.674878789062499891e+02,-7.091996531676029747e+01
4.674881718750000346e+02,-7.330102746622289089e+01
4.674884648437500232e+02,-7.349933653503657638e+01
4.674887578125000118e+02,-6.893659923273671097e+01
4.674890507812500005e+02,-7.442117133106690119e+01
4.674893437499999891e+02,-6.681474755321499970e+01
4.674896367187500346e+02,-6.668950320161630430e+01
4.674899296875000232e+02,-7.215813247061653612e+01
4.674902226562500118e+02,-7.848581342791440818e+01
4.674905156250000005e+02,-7.008461863980032547e+01
4.674908085937499891e+02,-6.466198579898878052e+01
4.674911015625000346e+02,-6.775107756782459489e+01
4.674913945312500232e+02,-6.944138851961635339e+01
4.674916875000000118e+02,-6.683426801735348022e+01
4.674919804687500005e+02,-6.989337350137181204e+01
4.674922734374999891e+02,-6.293694348921442128e+01
4.674925664062500346e+02,-6.245088883696163862e+01
4.674928593750000232e+02,-7.120637833651920801e+01
4.674931523437500118e+02,-7.007665326738214162e+01
4.674934453125000005e+02,-7.109091457386983848e+01
4.674937382812499891e+02,-8.390608201247439979e+01
4.674940312500000346e+02,-6.646232693442182438e+01
4.674943242187500232e+02,-6.399901548820735542e+01
4.674946171875000118e+02,-7.299332518881848841e+01
4.674949101562500005e+02,-7.143741047834403446e+01
4.674952031249999891e+02,-7.107959990542404682e+01
4.674954960937500346e+02,-6.366180850970340543e+01
4.674957890625000232e+02,-6.255180835347761814e+01
4.674960820312500118e+02,-6.477222146760044552e+01
4.674963750000000005e+02,-6.258390496666933700e+01
4.674966679687499891e+02,-7.006859744621667119e+01
4.674969609375000346e+02,-6.537990888990641736e+01
4.674972539062500232e+02,-5.711170894103204176e+01
4.674975468750000118e+02,-6.228514651279564163e+01
4.674978398437500005e+02,-6.489217349527099543e+01
4.674981328124999891e+02,-6.766663294680392937e+01
4.674984257812500346e+02,-6.780825518445033140e+01
4.674987187500000232e+02,-7.993282289223454029e+01
4.674990117187500118e+02,-6.433370631700432796e+01
4.674993046875000005e+02,-6.693613875935307078e+01
4.674995976562499891e+02,-8.185261429214789075e+01
4.674998906250000346e+02,-7.200490431449831874e+01
4.675001835937500232e+02,-6.919872554573035472e+01
4.675004765625000118e+02,-7.125432243430290669e+01
4.675007695312500005e+02,-8.158275059190668799e+01
4.675010624999999891e+02,-7.217867710556004113e+01
4.675013554687500346e+02,-6.494352122149348361e+01
4.675016484375000232e+02,-6.296728028540609046e+01
4.675019414062500118e+02,-6.309044442195869351e+01
4.675022343750000005e+02,-6.265827321421339491e+01
4.675025273437499891e+02,-6.571197867651568458e+01
4.675028203125000346e+02,-6.610787052684720777e+01
4.675031132812500232e+02,-6.604367975975372929e+01
4.675034062500000118e+02,-7.522910609935374282e+01
4.675036992187500005e+02,-6.692242291725141001e+01
4.675039921874999891e+02,-6.669271892124604051e+01
4.675042851562500346e+02,-7.508771724821998816e+01
4.675045781250000232e+02,-7.960000801537964321e+01
4.675048710937500118e+02,-7.234395332112909216e+01
4.675051640625000005e+02,-6.894694706890122404e+01
4.675054570312499891e+02,-6.962703312468364913e+01
4.675057500000000346e+02,-7.589405463572275323e+01
4.675060429687500232e+02,-6.627824875717395514e+01
4.675063359375000118e+02,-6.745153492716971755e+01
4.675066289062500005e+02,-7.334824189277834705e+01
4.675069218749999891e+02,-7.275234114854848144e+01
4.675072148437500346e+02,-6.884616822733826780e+01
4.675075078125000232e+02,-7.617104734350731121e+01
4.675078007812500118e+02,-6.800271985269915831e+01
4.675080937500000005e+02,-6.380417191414933598e+01
4.675083867187499891e+02,-6.794046480042592862e+01
4.675086796875000346e+02,-7.109544933557155844e+01
4.675089726562500232e+02,-7.255438948665968724e+01
4.675092656250000118e+02,-6.462537093377038389e+01
4.675095585937500005e+02,-6.323306606700977994e+01
4.675098515624999891e+02,-6.271178642550947302e+01
4.675101445312500346e+02,-6.657219903719872889e+01
4.675104375000000232e+02,-6.855937890944866808e+01
4.675107304687500118e+02,-7.043995759847676652e+01
4.675110234375000005e+02,-7.515942463931980910e+01
4.675113164062499891e+02,-8.205262997404894065e+01
4.675116093750000346e+02,-6.587287691230230280e+01
4.675119023437500232e+02,-6.554314448030038420e+01
4.675121953125000118e+02,-6.686897779159727406e+01
4.675124882812500005e+02,-7.244694958183632139e+01
4.675127812499999891e+02,-7.010781743992174597e+01
4.675130742187500346e+02,-6.499822405320392704e+01
4.675133671875000232e+02,-7.181903421324997794e+01
4.675136601562500118e+02,-6.775697898177733691e+01
4.675139531250000005e+02,-6.284616182783320681e+01
4.675142460937499891e+02,-7.323633472229521146e+01
4.675145390625000346e+02,-6.667063489993481085e+01
4.675148320312500232e+02,-6.780437226127082795e+01
4.675151250000000118e+02,-7.178799810417366700e+01
4.675154179687500005e+02,-6.170334220326378016e+01
4.675157109374999891e+02,-6.425780477354480524e+01
4.675160039062500346e+02,-7.558634087821731384e+01
4.675162968750000232e+02,-7.202436195375688044e+01
4.675165898437500118e+02,-6.661867751759943701e+01
4.675168828125000005e+02,-6.627658165501236454e+01
4.675171757812499891e+02,-7.142782073638153406e+01
4.675174687500000346e+02,-7.292629295984045257e+01
4.675177617187500232e+02,-7.387855909951343847e+01
4.675180546875000118e+02,-1.074888941952894470e+02
4.675183476562500005e+02,-7.696346839514669114e+01
4.675186406249999891e+02,-7.119663891392669086e+01
4.675189335937500346e+02,-7.227782528127013961e+01
4.675192265625000232e+02,-6.441089707748507465e+01
4.675195195312500118e+02,-6.657284875528192458e+01
4.675198125000000005e+02,-6.731191290552993678e+01
4.675201054687499891e+02,-6.615264316438070580e+01
4.675203984375000346e+02,-6.501289330656712195e+01
4.675206914062500232e+02,-6.177612214704610949e+01
4.675209843750000118e+02,-6.370677945047503243e+01
4.675212773437500005e+02,-6.816493153696029594e+01
4.675215703124999891e+02,-6.871084471764410750e+01
4.675218632812500346e+02,-7.177886573324134645e+01
4.675221562500000232e+02,-6.539951064485872223e+01
4.675224492187500118e+02,-6.118005317224866246e+01
4.675227421875000005e+02,-6.914061749245411193e+01
4.675230351562499891e+02,-7.336952591805987822e+01
4.675233281250000346e+02,-6.805479841516118711e+01
4.675236210937500232e+02,-7.243465207431681563e+01
4.675239140625000118e+02,-8.749777820813287121e+01
4.675242070312500005e+02,-6.682194645861164872e+01
4.675244999999999891e+02,-6.718970077224007298e+01
4.675247929687500346e+02,-6.377769381591384956e+01
4.675250859375000232e+02,-6.148484500802381092e+01
4.675253789062500118e+02,-6.193708510168463022e+01
4.675256718750000005e+02,-6.418793069050198596e+01
4.675259648437499891e+02,-7.289654667639170782e+01
4.675262578125000346e+02,-6.666369834879935752e+01
4.675265507812500232e+02,-5.175849293558659525e+01
4.675268437500000118e+02,-5.468591130221730623e+01
4.675271367187500005e+02,-6.899967009199799861e+01
4.675274296874999891e+02,-6.814712185163492109e+01
4.675277226562500346e+02,-6.779069269591924751e+01
4.675280156250000232e+02,-6.402346572304257677e+01
4.675283085937500118e+02,-6.107094324368049598e+01
4.675286015625000005e+02,-6.399552842106403006e+01
4.675288945312499891e+02,-6.805356039725900530e+01
4.675291875000000346e+02,-7.442925065779407134e+01
4.675294804687500232e+02,-6.735049979415644827e+01
4.675297734375000118e+02,-7.306110139816154003e+01
4.675300664062500005e+02,-6.470177080166364192e+01
4.675303593749999891e+02,-6.842177940932582203e+01
4.675306523437500346e+02,-6.412378043879054701e+01
4.675309453125000232e+02,-6.504052321730658548e+01
4.675312382812500118e+02,-6.986743216956183744e+01
4.675315312500000005e+02,-7.445901816331858925e+01
4.675318242187499891e+02,-7.730019019774809408e+01
4.675321171875000346e+02,-6.435677015715855021e+01
4.675324101562500232e+02,-6.112076376677257628e+01
4.675327031250000118e+02,-7.189266347382834965e+01
4.675329960937500005e+02,-6.235903736989938295e+01
4.675332890624999891e+02,-5.918927432958394519e+01
4.675335820312500346e+02,-6.492666448407194935e+01
4.675338750000000232e+02,-7.206870443700066176e+01
4.675341679687500118e+02,-6.563027127757310097e+01
4.675344609375000005e+02,-5.910960196999698724e+01
4.675347539062499891e+02,-6.450380591478833026e+01
4.675350468750000346e+02,-7.024559407968423841e+01
4.675353398437500232e+02,-6.250731404359105170e+01
4.675356328125000118e+02,-7.047157560866445181e+01
4.675359257812500005e+02,-6.611901662472581620e+01
4.675362187499999891e+02,-6.989518929013436832e+01
4.675365117187500346e+02,-8.100541411954695548e+01
4.675368046875000232e+02,-6.183087640648162164e+01
4.675370976562500118e+02,-5.746840474007431965e+01
4.675373906250000005e+02,-6.214590464970108741e+01
4.675376835937499891e+02,-6.716242613421428587e+01
4.675379765625000346e+02,-6.910914055404217038e+01
4.675382695312500232e+02,-6.896906643203169551e+01
4.675385625000000118e+02,-6.555734343940449094e+01
4.675388554687500005e+02,-8.280295549926816534e+01
4.675391484374999891e+02,-6.658749045531143906e+01
4.675394414062500346e+02,-6.356382264911158586e+01
4.675397343750000232e+02,-5.990753387043643130e+01
4.675400273437500118e+02,-5.626048279270897012e+01
4.675403203125000005e+02,-6.166939562473934444e+01
4.675406132812499891e+02,-6.944333513584153650e+01
4.675409062500000346e+02,-5.477112715123853093e+01
4.675411992187500232e+02,-5.525933494518979927e+01
4.675414921875000118e+02,-6.602180381980153356e+01
4.675417851562500005e+02,-6.049318275042968196e+01
4.675420781249999891e+02,-7.844106653203429858e+01
4.675423710937500346e+02,-7.079914474572738925e+01
4.675426640625000232e+02,-6.234211162128585215e+01
4.675429570312500118e+02,-5.994064090391240285e+01
4.675432500000000005e+02,-5.983239165969572326e+01
4.675435429687499891e+02,-6.079973259253019080e+01
4.675438359375000346e+02,-5.597948431931540370e+01
4.675441289062500232e+02,-5.597759080709686685e+01
4.675444218750000118e+02,-6.800291849094224972e+01
4.675447148437500005e+02,-6.643028210330652428e+01
4.675450078124999891e+02,-5.050873832794764695e+01
4.675453007812500346e+02,-5.023490184789656610e+01
4.675455937500000232e+02,-5.783550591333069235e+01
4.675458867187500118e+02,-5.530176465812101583e+01
4.675461796875000005e+02,-5.270481446376258816e+01
4.675464726562499891e+02,-5.740737704213420045e+01
4.675467656250000346e+02,-6.428042129788424575e+01
4.675470585937500232e+02,-6.084429129666220604e+01
4.675473515625000118e+02,-6.507867420417095161e+01
4.675476445312500005e+02,-6.133535847898893678e+01
4.675479374999999891e+02,-6.868359626942333307e+01
4.675482304687500346e+02,-5.975399539556200779e+01
4.675485234375000232e+02,-5.907327819544231318e+01
4.675488164062500118e+02,-6.067535963283426526e+01
4.675491093750000005e+02,-6.658172530316036841e+01
4.675494023437499891e+02,-6.890018116560980843e+01
4.675496953125000346e+02,-6.082519819365891323e+01
4.675499882812500232e+02,-6.126288054726142462e+01
4.675502812500000118e+02,-5.914040562751814889e+01
4.675505742187500005e+02,-6.124629167809629138e+01
4.675508671874999891e+02,-5.720068744206302824e+01
4.675511601562500346e+02,-5.245659461647336741e+01
4.675514531250000232e+02,-5.626313913889896412e+01
4.675517460937500118e+02,-5.880273178319090732e+01
4.675520390625000005e+02,-5.972242274020587871e+01
4.675523320312499891e+02,-6.324651864218641606e+01
4.675526250000000346e+02,-5.969577924956841031e+01
4.675529179687500232e+02,-6.661787727061746978e+01
4.675532109375000118e+02,-6.723370462038960227e+01
4.675535039062500005e+02,-5.378599880019034174e+01
4.675537968749999891e+02,-5.620162521183505788e+01
4.675540898437500346e+02,-6.316620447427986562e+01
4.675543828125000232e+02,-5.778664888898465790e+01
4.675546757812500118e+02,-5.870922519644422266e+01
4.675549687500000005e+02,-7.135377619684081196e+01
4.675552617187499891e+02,-6.396276301772693529e+01
4.675555546875000346e+02,-6.369313292655476033e+01
4.675558476562500232e+02,-5.560908035388321480e+01
4.675561406250000118e+02,-5.458665422516325094e+01
4.675564335937500005e+02,-6.269458311047468158e+01
4.675567265624999891e+02,-6.424661562991877872e+01
4.675570195312500346e+02,-5.493967279955559491e+01
4.675573125000000232e+02,-5.220160462114773736e+01
4.675576054687500118e+02,-6.754507714437701793e+01
4.675578984375000005e+02,-5.168686758842781614e+01
4.675581914062499891e+02,-5.099210999314345827e+01
4.675584843750000346e+02,-5.084028879503562592e+01
4.675587773437500232e+02,-6.195032746703613924e+01
4.675590703125000118e+02,-5.658241906399831578e+01
4.675593632812500005e+02,-6.319109156183846210e+01
4.675596562499999891e+02,-6.106981659412527108e+01
4.675599492187500346e+02,-5.516327172491165243e+01
4.675602421875000232e+02,-5.379760030305435237e+01
4.675605351562500118e+02,-6.205346686482931773e+01
4.675608281250000005e+02,-6.344951527161087768e+01
4.675611210937499891e+02,-5.427403154816453679e+01
4.675614140625000346e+02,-5.093666675284936218e+01
4.675617070312500232e+02,-5.391635405189618524e+01
4.675620000000000118e+02,-5.491402931272511978e+01
4.675622929687500005e+02,-5.471501736678731476e+01
4.675625859374999891e+02,-6.689955490501945690e+01
4.675628789062500346e+02,-5.661207346259303819e+01
4.675631718750000232e+02,-5.637534520755099265e+01
4.675634648437500118e+02,-5.255271517374460899e+01
4.675637578125000005e+02,-5.505316068798030216e+01
4.675640507812499891e+02,-5.695009019672973238e+01
4.675643437500000346e+02,-5.479556103344678064e+01
4.675646367187500232e+02,-5.608499172725920801e+01
4.675649296875000118e+02,-5.515329317382844465e+01
4.675652226562500005e+02,-5.900343579198603550e+01
4.675655156249999891e+02,-6.388720230617393980e+01
4.675658085937500346e+02,-5.647952291704221750e+01
4.675661015625000232e+02,-6.351183743696901018e+01
4.675663945312500118e+02,-5.588693196050645184e+01
4.675666875000000005e+02,-6.214430096340478826e+01
4.675669804687499891e+02,-5.588616672068521041e+01
4.675672734375000346e+02,-5.778762662744498613e+01
4.675675664062500232e+02,-5.543635022433296911e+01
4.675678593750000118e+02,-5.566136145733842966e+01
4.675681523437500005e+02,-5.774208379798820090e+01
4.675684453124999891e+02,-4.990796266044328178e+01
4.675687382812500346e+02,-4.959660417610133720e+01
4.675690312500000232e+02,-6.508173657429654213e+01
4.675693242187500118e+02,-5.829973151362371198e+01
4.675696171875000005e+02,-6.150909934030187287e+01
4.675699101562499891e+02,-5.556024046962869534e+01
4.675702031250000346e+02,-5.509902541641558571e+01
4.675704960937500232e+02,-5.565470267857357101e+01
4.675707890625000118e+02,-6.211639685260756494e+01
4.675710820312500005e+02,-6.289107127520000518e+01
4.675713749999999891e+02,-5.697692761320460164e+01
4.675716679687500346e+02,-5.054781245888112551e+01
4.675719609375000232e+02,-4.926390655209061720e+01
4.675722539062500118e+02,-5.274960483905394426e+01
4.675725468750000005e+02,-5.454457574482212578e+01
4.675728398437499891e+02,-5.464585943707863436e+01
4.675731328125000346e+02,-5.304268055599557385e+01
4.675734257812500232e+02,-5.123727626610177310e+01
4.675737187500000118e+02,-5.823546295587172494e+01
4.675740117187500005e+02,-6.099988708112859825e+01
4.675743046874999891e+02,-5.306872299957628059e+01
4.675745976562500346e+02,-5.004789718712448376e+01
4.675748906250000232e+02,-5.388945541920723770e+01
4.675751835937500118e+02,-5.709974624959707512e+01
4.675754765625000005e+02,-5.543666760787685632e+01
4.675757695312499891e+02,-5.533434688436393145e+01
4.675760625000000346e+02,-6.346648070045318235e+01
4.675763554687500232e+02,-5.569817913005805821e+01
4.675766484375000118e+02,-4.894618097358795694e+01
4.675769414062500005e+02,-5.267684393805286902e+01
4.675772343749999891e+02,-5.922500505212924082e+01
4.675775273437500346e+02,-6.016103527400643713e+01
4.675778203125000232e+02,-5.892367505788783433e+01
4.675781132812500118e+02,-5.824399028641309428e+01
4.675784062500000005e+02,-4.916542712710090512e+01
4.675786992187499891e+02,-5.384045784243322430e+01
4.675789921875000346e+02,-5.104165852186780228e+01
4.675792851562500232e+02,-5.367421112674364991e+01
4.675795781250000118e+02,-6.317384092465280787e+01
4.675798710937500005e+02,-6.239624876838355760e+01
4.675801640624999891e+02,-6.042479570735312677e+01
4.675804570312500346e+02,-5.383247917577194386e+01
4.675807500000000232e+02,-5.590737862722880891e+01
4.675810429687500118e+02,-5.068400422437045449e+01
4.675813359375000005e+02,-5.260856721271981939e+01
4.675816289062499891e+02,-6.069713098742411006e+01
4.675819218750000346e+02,-5.933162080668275706e+01
4.675822148437500232e+02,-5.461184662259856282e+01
4.675825078125000118e+02,-5.808920612289120555e+01
4.675828007812500005e+02,-5.267772841445521692e+01
4.675830937499999891e+02,-5.643840452615698666e+01
4.675833867187500346e+02,-5.211138813410081383e+01
4.675836796875000232e+02,-5.329860240218615530e+01
4.675839726562500118e+02,-5.072846724297918541e+01
4.675842656250000005e+02,-5.373251705135909617e+01
4.675845585937499891e+02,-6.029849035308622263e+01
4.675848515625000346e+02,-6.291623703724107486e+01
4.675851445312500232e+02,-6.025101523303425921e+01
4.675854375000000118e+02,-5.489843506637217985e+01
4.675857304687500005e+02,-5.414021280403591874e+01
4.675860234374999891e+02,-5.351012466078715590e+01
4.675863164062500346e+02,-5.686609250176243080e+01
4.675866093750000232e+02,-5.629573451648192872e+01
4.675869023437500118e+02,-6.096658439907898952e+01
4.675871953125000005e+02,-5.761170165470032600e+01
4.675874882812499891e+02,-6.433789254116298650e+01
4.675877812500000346e+02,-5.157625234586689089e+01
4.675880742187500232e+02,-6.383101340154532721e+01
4.675883671875000118e+02,-5.044802112470058120e+01
4.675886601562500005e+02,-3.612488868834378763e+01
4.675889531249999891e+02,-3.323615958785023849e+01
4.675892460937500346e+02,-4.604049845327941881e+01
4.675895390625000232e+02,-6.046427148196770673e+01
4.675898320312500118e+02,-5.073562429976717425e+01
4.675901250000000005e+02,-5.162907978927265162e+01
4.675904179687499891e+02,-6.153615445807601958e+01
4.675907109375000346e+02,-5.359284393914929723e+01
4.675910039062500232e+02,-5.671861705040723223e+01
4.675912968750000118e+02,-5.503823521395261764e+01
4.675915898437500005e+02,-5.042968706012093349e+01
4.675918828124999891e+02,-5.194849556619456621e+01
4.675921757812500346e+02,-6.214576801272050943e+01
4.675924687500000232e+02,-5.685655493710925867e+01
4.675927617187500118e+02,-6.125329394803994632e+01
4.675930546875000005e+02,-5.928233790087672617e+01
4.675933476562499891e+02,-5.967891759883659830e+01
4.675936406250000346e+02,-5.067702508908686809e+01
4.675939335937500232e+02,-4.998145530973503270e+01
4.675942265625000118e+02,-5.316920018906592560e+01
4.675945195312500005e+02,-6.043241344494089162e+01
4.675948124999999891e+02,-5.170493388105145982e+01
4.675951054687500346e+02,-5.226794804613483336e+01
4.675953984375000232e+02,-6.565502517896219103e+01
4.675956914062500118e+02,-5.547864616643995817e+01
4.675959843750000005e+02,-6.037327668980906026e+01
4.675962773437499891e+02,-5.910231808476061843e+01
4.675965703125000346e+02,-6.001792021063680238e+01
4.675968632812500232e+02,-6.082358409879802963e+01
4.675971562500000118e+02,-5.726664308819724880e+01
4.675974492187500005e+02,-5.899934491748174992e+01
4.675977421874999891e+02,-6.169996829907535130e+01
4.675980351562500346e+02,-6.267808943923515130e+01
4.675983281250000232e+02,-5.954208794775163938e+01
4.675986210937500118e+02,-6.062539545181265055e+01
4.675989140625000005e+02,-5.721561336061336078e+01
4.675992070312499891e+02,-5.603000321831628128e+01
4.675995000000000346e+02,-5.722378976202908518e+01
4.675997929687500232e+02,-5.431695518194498362e+01
4.676000859375000118e+02,-5.554374029490600151e+01
4.676003789062500005e+02,-5.888129806255992094e+01
4.676006718749999891e+02,-5.301196598451198128e+01
4.676009648437500346e+02,-5.067654437810656276e+01
4.676012578125000232e+02,-6.183024651578554653e+01
4.676015507812500118e+02,-4.899050274856945464e+01
4.676018437500000005e+02,-4.944040041756457526e+01
4.676021367187499891e+02,-4.809898506577625454e+01
4.676024296875000346e+02,-5.450989388822315362e+01
4.676027226562500232e+02,-5.423505574682098995e+01
4.676030156250000118e+02,-5.304039096139131004e+01
4.676033085937500005e+02,-6.112860678706748985e+01
4.676036015624999891e+02,-5.354314203710619324e+01
4.676038945312500346e+02,-5.826544279223227818e+01
4.676041875000000232e+02,-6.723033090913028786e+01
4.676044804687500118e+02,-5.994806399153794985e+01
4.676047734375000005e+02,-5.588468818837691288e+01
4.676050664062499891e+02,-5.036910154219511782e+01
4.676053593750000346e+02,-5.232374341896239400e+01
4.676056523437500232e+02,-5.400676179503414431e+01
4.676059453125000118e+02,-5.299430510263070460e+01
4.676062382812500005e+02,-6.247283805965582815e+01
4.676065312499999891e+02,-6.818185830613352039e+01
4.676068242187500346e+02,-6.623186825827328050e+01
4.676071171875000232e+02,-5.881252796245710357e+01
4.676074101562500118e+02,-5.959734704550952245e+01
4.676077031250000005e+02,-6.191535155743575558e+01
4.676079960937499891e+02,-5.559950008446234904e+01
4.676082890625000346e+02,-5.548815712133659162e+01
4.676085820312500232e+02,-5.536543330430994558e+01
4.676088750000000118e+02,-5.504593307254147305e+01
4.676091679687500005e+02,-6.140903289448143454e+01
4.676094609374999891e+02,-6.072381404627858359e+01
4.676097539062500346e+02,-7.087142938958211857e+01
4.676100468750000232e+02,-5.374795613953509132e+01
4.676103398437500118e+02,-5.695153745560399727e+01
4.676106328125000005e+02,-5.720097555800649758e+01
4.676109257812499891e+02,-5.651919210425845108e+01
4.676112187500000346e+02,-5.423851478543846127e+01
4.676115117187500232e+02,-5.541924964778161922e+01
4.676118046875000118e+02,-5.854731302079231625e+01
4.676120976562500005e+02,-5.384207941174020107e+01
4.676123906249999891e+02,-5.150487289343399766e+01
4.676126835937500346e+02,-5.829068607220151677e+01
4.676129765625000232e+02,-5.507248696907370800e+01
4.676132695312500118e+02,-6.850687633278545263e+01
4.676135625000000005e+02,-6.172806378439634045e+01
4.676138554687499891e+02,-6.834932293886471655e+01
4.676141484375000346e+02,-7.396353047145242954e+01
4.676144414062500232e+02,-7.061556856833793461e+01
4.676147343750000118e+02,-5.779801035229152717e+01
4.676150273437500005e+02,-5.758069168757639744e+01
4.676153203124999891e+02,-5.793172219022299174e+01
4.676156132812500346e+02,-5.510865900743213075e+01
4.676159062500000232e+02,-5.696360680523800113e+01
4.676161992187500118e+02,-6.277324754218632563e+01
4.676164921875000005e+02,-6.096915641998057822e+01
4.676167851562499891e+02,-6.789167110629549029e+01
4.676170781250000346e+02,-6.121366092745248011e+01
4.676173710937500232e+02,-6.433430513984815491e+01
4.676176640625000118e+02,-6.045102358610849080e+01
4.676179570312500005e+02,-6.124373684917418359e+01
4.676182499999999891e+02,-5.623264294753867887e+01
4.676185429687500346e+02,-5.870581703218618230e+01
4.676188359375000232e+02,-6.261489974809450132e+01
4.676191289062500118e+02,-5.750836482207132860e+01
4.676194218750000005e+02,-5.418416429571202997e+01
4.676197148437499891e+02,-5.647601853803798377e+01
4.676200078125000346e+02,-7.263163664974713640e+01
4.676203007812500232e+02,-5.957848794024211259e+01
4.676205937500000118e+02,-6.860874108497688439e+01
4.676208867187500005e+02,-6.677823143027681851e+01
4.676211796874999891e+02,-6.498260683210207844e+01
4.676214726562500346e+02,-7.288866490971808787e+01
4.676217656250000232e+02,-6.981501219883358544e+01
4.676220585937500118e+02,-5.357548817823628440e+01
4.676223515625000005e+02,-5.293644096923835463e+01
4.676226445312499891e+02,-5.577538663525271545e+01
4.676229375000000346e+02,-5.564630725973888303e+01
4.676232304687500232e+02,-6.303197350490994211e+01
4.676235234375000118e+02,-6.804623988451341177e+01
4.676238164062500005e+02,-6.128315067823179874e+01
4.676241093749999891e+02,-6.370146649338623490e+01
4.676244023437500346e+02,-7.093377256239661222e+01
4.676246953125000232e+02,-5.531737759830895129e+01
4.676249882812500118e+02,-6.067700962755456828e+01
4.676252812500000005e+02,-7.301267858155098622e+01
4.676255742187499891e+02,-7.411461846903289086e+01
4.676258671875000346e+02,-6.577350397837287233e+01
4.676261601562500232e+02,-6.667761679900775107e+01
4.676264531250000118e+02,-6.056700203970930119e+01
4.676267460937500005e+02,-6.085590272224484920e+01
4.676270390624999891e+02,-6.770351920795731360e+01
4.676273320312500346e+02,-6.620291429461792632e+01
4.676276250000000232e+02,-6.584125193573822798e+01
4.676279179687500118e+02,-6.038404247341645004e+01
4.676282109375000005e+02,-6.638255466086140189e+01
4.676285039062499891e+02,-5.616997146764443727e+01
4.676287968750000346e+02,-6.277227019576387335e+01
4.676290898437500232e+02,-6.231458316440027545e+01
4.676293828125000118e+02,-6.314309035616194166e+01
4.676296757812500005e+02,-5.969275267141085806e+01
4.676299687499999891e+02,-5.984363185693716503e+01
4.676302617187500346e+02,-6.436317491122591150e+01
4.676305546875000232e+02,-6.647978560003667781e+01
4.676308476562500118e+02,-6.524343495099769541e+01
4.676311406250000005e+02,-6.533726318287330059e+01
4.676314335937499891e+02,-7.680741221403491181e+01
4.676317265625000346e+02,-7.240512324501830221e+01
4.676320195312500232e+02,-6.101574077124227102e+01
4.676323125000000118e+02,-5.555654206726763533e+01
4.676326054687500005e+02,-4.783118843859298863e+01
4.676328984374999891e+02,-5.403283837834660375e+01
4.676331914062500346e+02,-6.123039722053691492e+01
4.676334843750000232e+02,-6.383927426366795999e+01
4.676337773437500118e+02,-6.298635309192312803e+01
4.676340703125000005e+02,-6.323633905071825723e+01
4.676343632812499891e+02,-7.497030244788061282e+01
4.676346562500000346e+02,-6.347208393274250682e+01
4.676349492187500232e+02,-6.216697816534142618e+01
4.676352421875000118e+02,-5.638058606939301853e+01
4.676355351562500005e+02,-5.668824360550282648e+01
4.676358281249999891e+02,-6.343350603372499563e+01
4.676361210937500346e+02,-6.711679947213227138e+01
4.676364140625000232e+02,-6.726466128551129486e+01
4.676367070312500118e+02,-5.860886813356988512e+01
4.676370000000000005e+02,-6.544205814994431591e+01
4.676372929687499891e+02,-6.511626429752664080e+01
4.676375859375000346e+02,-6.382403166475027945e+01
4.676378789062500232e+02,-5.997027715600543729e+01
4.676381718750000118e+02,-6.917921967480070577e+01
4.676384648437500005e+02,-7.710593700269613748e+01
4.676387578124999891e+02,-6.955509245487505154e+01
4.676390507812500346e+02,-7.218856456719775849e+01
4.676393437500000232e+02,-7.548645973907628104e+01
4.676396367187500118e+02,-7.931641382226820269e+01
4.676399296875000005e+02,-7.199538003245643836e+01
4.676402226562499891e+02,-7.052827736011431625e+01
4.676405156250000346e+02,-6.235352030614934904e+01
4.676408085937500232e+02,-6.452156188309851359e+01
4.676411015625000118e+02,-6.839196780891970207e+01
4.676413945312500005e+02,-7.704021642131115755e+01
4.676416874999999891e+02,-8.033474782010087267e+01
4.676419804687500346e+02,-8.139975818554336229e+01
4.676422734375000232e+02,-7.308220233893688089e+01
4.676425664062500118e+02,-6.561120666863877204e+01
4.676428593750000005e+02,-6.625823644237179622e+01
4.676431523437499891e+02,-7.170920824848462871e+01
4.676434453125000346e+02,-7.949831816142334162e+01
4.676437382812500232e+02,-7.976803501107593775e+01
4.676440312500000118e+02,-6.735961917146669009e+01
4.676443242187500005e+02,-6.996681550807886651e+01
4.676446171874999891e+02,-6.916462153485686315e+01
4.676449101562500346e+02,-6.476346868991956285e+01
4.676452031250000232e+02,-6.270231619551299929e+01
4.676454960937500118e+02,-6.594308830759003115e+01
4.676457890625000005e+02,-6.657381204277888287e+01
4.676460820312499891e+02,-6.957060064240559427e+01
4.676463750000000346e+02,-7.336315307453611467e+01
4.676466679687500232e+02,-7.047402049469674523e+01
4.676469609375000118e+02,-7.574422080550732517e+01
4.676472539062500005e+02,-6.737382277900992733e+01
4.676475468749999891e+02,-6.870722783770722231e+01
4.676478398437500346e+02,-6.558536482692589686e+01
4.676481328125000232e+02,-7.386609405984057730e+01
4.676484257812500118e+02,-7.909496447695386223e+01
4.676487187500000005e+02,-6.056290715295504867e+01
4.676490117187499891e+02,-6.189658715164166836e+01
4.676493046875000346e+02,-7.434625474023548009e+01
4.676495976562500232e+02,-7.201044561016391299e+01
4.676498906250000118e+02,-6.364388926661110446e+01
4.676501835937500005e+02,-6.344565077378068452e+01
4.676504765624999891e+02,-7.117208049671444314e+01
4.676507695312500346e+02,-5.773544358137577603e+01
4.676510625000000232e+02,-5.142720328966288434e+01
4.676513554687500118e+02,-6.104530195551035376e+01
4.676516484375000005e+02,-7.693365529197774322e+01
4.676519414062499891e+02,-6.556285711439518593e+01
4.676522343750000346e+02,-7.066556105090205619e+01
4.676525273437500232e+02,-8.659029858242008970e+01
4.676528203125000118e+02,-7.484005476494844800e+01
4.676531132812500005e+02,-7.092443121318262911e+01
4.676534062499999891e+02,-7.200393327321889103e+01
4.676536992187500346e+02,-6.642592606885509099e+01
4.676539921875000232e+02,-6.605851094365549159e+01
4.676542851562500118e+02,-7.567616712374632471e+01
4.676545781250000005e+02,-7.584849965609916467e+01
4.676548710937499891e+02,-7.740567034565715687e+01
4.676551640625000346e+02,-6.882519213772393130e+01
4.676554570312500232e+02,-7.096429621036044466e+01
4.676557500000000118e+02,-6.893087434075926012e+01
4.676560429687500005e+02,-8.140342515252777389e+01
4.676563359374999891e+02,-6.587361887133930338e+01
4.676566289062500346e+02,-6.762862841179700979e+01
4.676569218750000232e+02,-6.645171156936217471e+01
4.676572148437500118e+02,-6.689489950647156036e+01
4.676575078125000005e+02,-7.019338951302968610e+01
4.676578007812499891e+02,-7.081839489412067223e+01
4.676580937500000346e+02,-6.815734193446867550e+01
4.676583867187500232e+02,-8.239778113326933351e+01
4.676586796875000118e+02,-7.248615512135346250e+01
4.676589726562500005e+02,-7.860535334673514285e+01
4.676592656249999891e+02,-6.855008706373590144e+01
4.676595585937500346e+02,-6.331227205954736093e+01
4.676598515625000232e+02,-6.924278091561963322e+01
4.676601445312500118e+02,-7.648697988544084581e+01
4.676604375000000005e+02,-6.866418728711190056e+01
4.676607304687499891e+02,-6.756473803866784067e+01
4.676610234375000346e+02,-7.335684007771979509e+01
4.676613164062500232e+02,-7.133160244951982065e+01
4.676616093750000118e+02,-6.825015285305300949e+01
4.676619023437500005e+02,-6.532462429586493613e+01
4.676621953124999891e+02,-6.440543807993407199e+01
4.676624882812500346e+02,-7.485161152405717644e+01
4.676627812500000232e+02,-7.469990419279196203e+01
4.676630742187500118e+02,-6.562937684127476246e+01
4.676633671875000005e+02,-6.520877802942972323e+01
4.676636601562499891e+02,-6.822273404014475773e+01
4.676639531250000346e+02,-8.119449344678702118e+01
4.676642460937500232e+02,-7.842334777426151504e+01
4.676645390625000118e+02,-7.682764815105063860e+01
4.676648320312500005e+02,-7.418387000596369774e+01
4.676651249999999891e+02,-7.067298666258193407e+01
4.676654179687500346e+02,-6.564037581379554354e+01
4.676657109375000232e+02,-6.205431491926563581e+01
4.676660039062500118e+02,-6.343742356892466461e+01
4.676662968750000005e+02,-6.922383087580274719e+01
4.676665898437499891e+02,-6.658062101894854834e+01
4.676668828125000346e+02,-6.513201593294213865e+01
4.676671757812500232e+02,-6.834844250674113653e+01
4.676674687500000118e+02,-8.411224367141663549e+01
4.676677617187500005e+02,-8.533189700275094935e+01
4.676680546874999891e+02,-6.704401462288662117e+01
4.676683476562500346e+02,-6.500214806135946333e+01
4.676686406250000232e+02,-7.253143880605017557e+01
4.676689335937500118e+02,-7.739730020676353206e+01
4.676692265625000005e+02,-7.180740880360900746e+01
4.676695195312499891e+02,-7.014565064295287300e+01
4.676698125000000346e+02,-7.558454218006603753e+01
4.676701054687500232e+02,-6.894976593743109561e+01
4.676703984375000118e+02,-7.498448748986741919e+01
4.676706914062500005e+02,-6.892328654259655707e+01
4.676709843749999891e+02,-6.944593651571670989e+01
4.676712773437500346e+02,-6.976033400116588723e+01
4.676715703125000232e+02,-6.748059123667474068e+01
4.676718632812500118e+02,-7.310698326952599757e+01
4.676721562500000005e+02,-7.067583185758154229e+01
4.676724492187499891e+02,-7.394037969676290345e+01
4.676727421875000346e+02,-7.106623744086542160e+01
4.676730351562500232e+02,-6.610281470931857939e+01
4.676733281250000118e+02,-6.607618083017895572e+01
4.676736210937500005e+02,-7.126563811135318360e+01
4.676739140624999891e+02,-7.789631710539761400e+01
4.676742070312500346e+02,-7.230614519355741265e+01
4.676745000000000232e+02,-8.301960145897038501e+01
4.676747929687500118e+02,-7.161281358170934652e+01
4.676750859375000005e+02,-6.595142368337798189e+01
4.676753789062499891e+02,-6.713417006403294351e+01
4.676756718750000346e+02,-6.465696684275559392e+01
4.676759648437500232e+02,-6.769065862810479928e+01
4.676762578125000118e+02,-6.109909840744202114e+01
4.676765507812500005e+02,-6.347174538909547437e+01
4.676768437499999891e+02,-7.182248870582068889e+01
4.676771367187500346e+02,-8.013773674631187305e+01
4.676774296875000232e+02,-8.007085454483780040e+01
4.676777226562500118e+02,-7.585810922761406516e+01
4.676780156250000005e+02,-6.499889733021730365e+01
4.676783085937499891e+02,-6.491075146469523816e+01
4.676786015625000346e+02,-7.284213293417475654e+01
4.676788945312500232e+02,-6.715204269390682157e+01
4.676791875000000118e+02,-6.343678354912101014e+01
4.676794804687500005e+02,-6.707482481991499412e+01
4.676797734374999891e+02,-6.597371337618088205e+01
4.676800664062500346e+02,-6.545913353731968698e+01
4.676803593750000232e+02,-5.951018106699446264e+01
4.676806523437500118e+02,-7.176783798181509155e+01
4.676809453125000005e+02,-6.439482261821351017e+01
4.676812382812499891e+02,-6.167959360663370205e+01
4.676815312500000346e+02,-6.067493609101296670e+01
4.676818242187500232e+02,-6.273179520876002613e+01
4.676821171875000118e+02,-6.669119892375393022e+01
4.676824101562500005e+02,-6.726584001589236550e+01
4.676827031249999891e+02,-7.111353813955400938e+01
4.676829960937500346e+02,-6.664682965112028512e+01
4.676832890625000232e+02,-6.407373687834292753e+01
4.676835820312500118e+02,-7.119528114962756149e+01
4.676838750000000005e+02,-7.364534626532316963e+01
4.676841679687499891e+02,-7.161515652106699292e+01
4.676844609375000346e+02,-6.950459432517841663e+01
4.676847539062500232e+02,-7.107237010249306763e+01
4.676850468750000118e+02,-7.529993340380342204e+01
4.676853398437500005e+02,-6.851462938666867331e+01
4.676856328124999891e+02,-6.568472380521750154e+01
4.676859257812500346e+02,-6.829588857294602633e+01
4.676862187500000232e+02,-7.403475158239915288e+01
4.676865117187500118e+02,-6.810522943238689209e+01
4.676868046875000005e+02,-6.557032021909569153e+01
4.676870976562499891e+02,-6.511491315385637790e+01
4.676873906250000346e+02,-6.989188128798812727e+01
4.676876835937500232e+02,-8.372848196310974345e+01
4.676879765625000118e+02,-7.203654197482835286e+01
4.676882695312500005e+02,-6.935297858301053964e+01
4.676885624999999891e+02,-7.328299852604050102e+01
4.676888554687500346e+02,-7.643592499835472154e+01
4.676891484375000232e+02,-7.235304486305720673e+01
4.676894414062500118e+02,-7.489579302466751187e+01
4.676897343750000005e+02,-8.580342258628203922e+01
4.676900273437499891e+02,-7.923046650750812603e+01
4.676903203125000346e+02,-7.831706311985590219e+01
4.676906132812500232e+02,-7.090616930190618916e+01
4.676909062500000118e+02,-6.747888389230436701e+01
4.676911992187500005e+02,-6.594066939237930569e+01
4.676914921874999891e+02,-6.812063515796312174e+01
4.676917851562500346e+02,-7.129198417816769506e+01
4.676920781250000232e+02,-7.234440426042448280e+01
4.676923710937500118e+02,-6.734250652210201338e+01
4.676926640625000005e+02,-6.659134850266289618e+01
4.676929570312499891e+02,-7.047885143266958607e+01
4.676932500000000346e+02,-6.782910898235918751e+01
4.676935429687500232e+02,-7.108376545616565068e+01
4.676938359375000118e+02,-7.377692795398034775e+01
4.676941289062500005e+02,-6.393564767525602832e+01
4.676944218749999891e+02,-6.502012479749689078e+01
4.676947148437500346e+02,-6.673072675060885217e+01
4.676950078125000232e+02,-6.648109418450793839e+01
4.676953007812500118e+02,-7.117766577246395343e+01
4.676955937500000005e+02,-7.196839950850591094e+01
4.676958867187499891e+02,-7.004425545143536169e+01
4.676961796875000346e+02,-6.867064782143560819e+01
4.676964726562500232e+02,-6.486746501093934114e+01
4.676967656250000118e+02,-6.299356596791072604e+01
4.676970585937500005e+02,-6.528122904446935593e+01
4.676973515624999891e+02,-6.261179819978453054e+01
4.676976445312500346e+02,-6.441935028226232873e+01
4.676979375000000232e+02,-6.999790705105540667e+01
4.676982304687500118e+02,-6.381263997321597969e+01
4.676985234375000005e+02,-6.777955004918921134e+01
4.676988164062499891e+02,-7.138627005504838507e+01
4.676991093750000346e+02,-7.259219483691479979e+01
4.676994023437500232e+02,-7.829271079823502077e+01
4.676996953125000118e+02,-6.696644978239646662e+01
4.676999882812500005e+02,-6.678451417572431126e+01
4.677002812499999891e+02,-7.047978446010756670e+01
4.677005742187500346e+02,-7.686576244320279727e+01
4.677008671875000232e+02,-9.584396285514574743e+01
4.677011601562500118e+02,-7.287464208090962359e+01
4.677014531250000005e+02,-7.581832818915137295e+01
4.677017460937499891e+02,-6.984494021029030364e+01
4.677020390625000346e+02,-6.855739973267964160e+01
4.677023320312500232e+02,-6.988171468854480395e+01
4.677026250000000118e+02,-7.405157610572435090e+01
4.677029179687500005e+02,-6.949133757614190188e+01
4.677032109374999891e+02,-7.412047367179840762e+01
4.677035039062500346e+02,-6.993970274524707520e+01
4.677037968750000232e+02,-7.574291855377788352e+01
4.677040898437500118e+02,-7.172443065563240339e+01
4.677043828125000005e+02,-6.837497509616589753e+01
4.677046757812499891e+02,-7.075883281464115271e+01
4.677049687500000346e+02,-7.762624891974016350e+01
4.677052617187500232e+02,-7.447001667792197566e+01
4.677055546875000118e+02,-6.982652627830952952e+01
4.677058476562500005e+02,-7.246614132523295382e+01
4.677061406249999891e+02,-7.514226084820387541e+01
4.677064335937500346e+02,-7.336411041862061211e+01
4.677067265625000232e+02,-7.184485204361764943e+01
4.677070195312500118e+02,-7.117692182347224161e+01
4.677073125000000005e+02,-7.405338782850802204e+01
4.677076054687499891e+02,-7.764319082715077514e+01
4.677078984375000346e+02,-7.150647771590236346e+01
4.677081914062500232e+02,-7.232725756202202660e+01
4.677084843750000118e+02,-7.166364980893511927e+01
4.677087773437500005e+02,-7.574052048329386366e+01
4.677090703124999891e+02,-7.392436729265114081e+01
4.677093632812500346e+02,-7.876894090067638388e+01
4.677096562500000232e+02,-8.277488742936853328e+01
4.677099492187500118e+02,-7.580407787964951183e+01
4.677102421875000005e+02,-7.046109289516454055e+01
4.677105351562499891e+02,-6.671920226901045226e+01
4.677108281250000346e+02,-6.869648047158401027e+01
4.677111210937500232e+02,-7.778396100656686940e+01
4.677114140625000118e+02,-7.151469127491084521e+01
4.677117070312500005e+02,-7.146065771178928117e+01
4.677119999999999891e+02,-7.762954178117270487e+01
4.677122929687500346e+02,-8.059920565301769102e+01
4.677125859375000232e+02,-7.866351874135050082e+01
4.677128789062500118e+02,-1.016930200614976485e+02
4.677131718750000005e+02,-7.298596239206727887e+01
4.677134648437499891e+02,-7.092764046637839215e+01
4.677137578125000346e+02,-7.621653646188210018e+01
4.677140507812500232e+02,-7.784516252340132780e+01
4.677143437500000118e+02,-1.001421663725626843e+02
4.677146367187500005e+02,-7.709500042456821234e+01
4.677149296874999891e+02,-8.852251823773355000e+01
4.677152226562500346e+02,-7.577969052839547714e+01
4.677155156250000232e+02,-7.513457332426816038e+01
4.677158085937500118e+02,-7.416443323394997833e+01
4.677161015625000005e+02,-8.021374784626218002e+01
4.677163945312499891e+02,-7.935071896413403181e+01
4.677166875000000346e+02,-7.464606995475304529e+01
4.677169804687500232e+02,-7.769957539322658135e+01
4.677172734375000118e+02,-7.569057723595614107e+01
4.677175664062500005e+02,-9.076241651255062948e+01
4.677178593749999891e+02,-8.277894303807677545e+01
4.677181523437500346e+02,-7.809985549437892871e+01
4.677184453125000232e+02,-7.097964085968200720e+01
4.677187382812500118e+02,-7.533623941393423706e+01
4.677190312500000005e+02,-7.358538753855863490e+01
4.677193242187499891e+02,-7.374679254292138353e+01
4.677196171875000346e+02,-8.245565985471918680e+01
4.677199101562500232e+02,-7.338612181599165751e+01
4.677202031250000118e+02,-7.439066281640239708e+01
4.677204960937500005e+02,-8.300661331270367782e+01
4.677207890624999891e+02,-7.159557254369104839e+01
4.677210820312500346e+02,-7.633921344122381925e+01
4.677213750000000232e+02,-6.947589810081505846e+01
4.677216679687500118e+02,-6.982270903652890581e+01
4.677219609375000005e+02,-9.340391986705284921e+01
4.677222539062499891e+02,-7.841396012664628756e+01
4.677225468750000346e+02,-7.008637449996010105e+01
4.677228398437500232e+02,-7.248039760033580592e+01
4.677231328125000118e+02,-8.036411125250710086e+01
4.677234257812500005e+02,-7.553821263353080440e+01
4.677237187499999891e+02,-8.351477924974213352e+01
4.677240117187500346e+02,-8.430477827962262438e+01
4.677243046875000232e+02,-7.744175442321059677e+01
4.677245976562500118e+02,-8.302704309391106108e+01
4.677248906250000005e+02,-7.167594850959316943e+01
4.677251835937499891e+02,-7.697141970352814155e+01
4.677254765625000346e+02,-8.402286656873073412e+01
4.677257695312500232e+02,-7.953604149066812568e+01
4.677260625000000118e+02,-8.052711392454122574e+01
4.677263554687500005e+02,-7.548979273530451906e+01
4.677266484374999891e+02,-8.320937356789164596e+01
4.677269414062500346e+02,-8.087328822033745723e+01
4.677272343750000232e+02,-8.155329817625010946e+01
4.677275273437500118e+02,-7.744466303498646198e+01
4.677278203125000005e+02,-7.709515439833771211e+01
4.677281132812499891e+02,-7.776651473970048301e+01
4.677284062500000346e+02,-8.770533744325631176e+01
4.677286992187500232e+02,-7.984148362047096725e+01
4.677289921875000118e+02,-7.296800938503926659e+01
4.677292851562500005e+02,-7.581890885652163092e+01
4.677295781249999891e+02,-8.165260587155542282e+01
4.677298710937500346e+02,-7.035628352128158269e+01
4.677301640625000232e+02,-7.330633564601809837e+01
4.677304570312500118e+02,-7.361598011820188958e+01
4.677307500000000005e+02,-7.161946660763535988e+01
4.677310429687499891e+02,-8.121636199575260662e+01
4.677313359375000346e+02,-7.605765263779630914e+01
4.677316289062500232e+02,-7.694914744091930459e+01
4.677319218750000118e+02,-7.187180337080251036e+01
4.677322148437500005e+02,-7.221381194230322365e+01
4.677325078124999891e+02,-7.627934429346127843e+01
4.677328007812500346e+02,-7.592969479804354194e+01
4.677330937500000232e+02,-8.324069452904198840e+01
4.677333867187500118e+02,-9.149016695666040278e+01
4.677336796875000005e+02,-7.942357391707444947e+01
4.677339726562499891e+02,-7.576404755471509134e+01
4.677342656250000346e+02,-6.682011770303064679e+01
4.677345585937500232e+02,-6.523509183065587536e+01
4.677348515625000118e+02,-6.850564906768892115e+01
4.677351445312500005e+02,-8.944246786701722840e+01
4.677354374999999891e+02,-8.018326597000637435e+01
4.677357304687500346e+02,-1.024097182333632077e+02
4.677360234375000232e+02,-7.712070808511992936e+01
4.677363164062500118e+02,-7.601450273667867918e+01
4.677366093750000005e+02,-7.584853844721499172e+01
4.677369023437499891e+02,-7.266107692295838660e+01
4.677371953125000346e+02,-7.652719323847986743e+01
4.677374882812500232e+02,-7.403898566230684253e+01
4.677377812500000118e+02,-7.074841697099103044e+01
4.677380742187500005e+02,-6.893555019023611408e+01
4.677383671874999891e+02,-6.985177394013948060e+01
4.677386601562500346e+02,-7.899667909780846742e+01
4.677389531250000232e+02,-7.870496571335110048e+01
4.677392460937500118e+02,-7.443031908984787037e+01
4.677395390625000005e+02,-8.052772997010316658e+01
4.677398320312499891e+02,-7.362666271278153829e+01
4.677401250000000346e+02,-6.974469152679687056e+01
4.677404179687500232e+02,-7.074960716431080243e+01
4.677407109375000118e+02,-7.142155192570248801e+01
4.677410039062500005e+02,-7.875171256744961568e+01
4.677412968749999891e+02,-7.175542600820337213e+01
4.677415898437500346e+02,-8.711436010119035700e+01
4.677418828125000232e+02,-8.001252189791004810e+01
4.677421757812500118e+02,-7.778646881035869853e+01
4.677424687500000005e+02,-7.631110939673328630e+01
4.677427617187499891e+02,-6.779123145678836693e+01
4.677430546875000346e+02,-7.451569235160880567e+01
4.677433476562500232e+02,-6.712800162032250739e+01
4.677436406250000118e+02,-6.859742977625809601e+01
4.677439335937500005e+02,-7.258346270249727183e+01
4.677442265624999891e+02,-7.653003161859135162e+01
4.677445195312500346e+02,-7.518180815280777551e+01
4.677448125000000232e+02,-8.484988915315059899e+01
4.677451054687500118e+02,-8.039748099228594924e+01
4.677453984375000005e+02,-7.025706991199109552e+01
4.677456914062499891e+02,-7.110683530094574678e+01
4.677459843750000346e+02,-7.312046792248537486e+01
4.677462773437500232e+02,-8.113198102213829088e+01
4.677465703125000118e+02,-7.492938913019479230e+01
4.677468632812500005e+02,-7.233722388504916978e+01
4.677471562499999891e+02,-7.611534180219203449e+01
4.677474492187500346e+02,-8.681708580900887284e+01
4.677477421875000232e+02,-8.716399813472986580e+01
4.677480351562500118e+02,-7.417920759398421637e+01
4.677483281250000005e+02,-6.819289914830542898e+01
4.677486210937499891e+02,-6.741584096881879873e+01
4.677489140625000346e+02,-6.927495097325517293e+01
4.677492070312500232e+02,-7.940928797904406622e+01
4.677495000000000118e+02,-7.554933637259132695e+01
4.677497929687500005e+02,-7.700179369442417965e+01
4.677500859374999891e+02,-7.384376449865949610e+01
4.677503789062500346e+02,-6.829316716299823042e+01
4.677506718750000232e+02,-7.053613406523572849e+01
4.677509648437500118e+02,-8.462533158179384429e+01
4.677512578125000005e+02,-7.596576623736423528e+01
4.677515507812499891e+02,-8.089735303778253694e+01
4.677518437500000346e+02,-6.980055681747570873e+01
4.677521367187500232e+02,-7.522487773189078553e+01
4.677524296875000118e+02,-7.969217831248204220e+01
4.677527226562500005e+02,-8.085861577516844534e+01
4.677530156249999891e+02,-7.807617560515069499e+01
4.677533085937500346e+02,-8.028851979902714220e+01
4.677536015625000232e+02,-7.861619000546690472e+01
4.677538945312500118e+02,-7.529842978036479906e+01
4.677541875000000005e+02,-7.282137720238007716e+01
4.677544804687499891e+02,-7.364827568962469684e+01
4.677547734375000346e+02,-7.590722368452402691e+01
4.677550664062500232e+02,-8.525217867341740430e+01
4.677553593750000118e+02,-7.245252116172596857e+01
4.677556523437500005e+02,-7.832511723716233121e+01
4.677559453124999891e+02,-8.345213822737144937e+01
4.677562382812500346e+02,-7.881807800597896119e+01
4.677565312500000232e+02,-8.056613221872909492e+01
4.677568242187500118e+02,-8.060267033683352622e+01
4.677571171875000005e+02,-7.453281723964377647e+01
4.677574101562499891e+02,-6.919904888501439189e+01
4.677577031250000346e+02,-7.562728723122121721e+01
4.677579960937500232e+02,-8.486827983430922018e+01
4.677582890625000118e+02,-6.929030589216152691e+01
4.677585820312500005e+02,-6.629497948872470658e+01
4.677588749999999891e+02,-6.975920577079841678e+01
4.677591679687500346e+02,-8.444827172092331580e+01
4.677594609375000232e+02,-1.030670175437780927e+02
4.677597539062500118e+02,-7.607277100295240757e+01
4.677600468750000005e+02,-7.377493590221484965e+01
4.677603398437499891e+02,-7.865795822574905571e+01
4.677606328125000346e+02,-8.265734727994004061e+01
4.677609257812500232e+02,-7.860594508786809342e+01
4.677612187500000118e+02,-7.212446399140631570e+01
4.677615117187500005e+02,-6.871498827491231509e+01
4.677618046874999891e+02,-7.344087367369014885e+01
4.677620976562500346e+02,-7.722330852206748375e+01
4.677623906250000232e+02,-7.881768619270245324e+01
4.677626835937500118e+02,-7.549832489886584597e+01
4.677629765625000005e+02,-7.624697062027523486e+01
4.677632695312499891e+02,-7.616560335316000874e+01
4.677635625000000346e+02,-7.199105503603321665e+01
4.677638554687500232e+02,-7.123138676293410754e+01
4.677641484375000118e+02,-8.136315420835796886e+01
4.677644414062500005e+02,-8.036929692790751290e+01
4.677647343749999891e+02,-7.717505930012130477e+01
4.677650273437500346e+02,-7.461087797482177564e+01
4.677653203125000232e+02,-7.029676551710551280e+01
4.677656132812500118e+02,-6.798545295918279407e+01
4.677659062500000005e+02,-6.856699870769287486e+01
4.677661992187499891e+02,-7.490858522541060438e+01
4.677664921875000346e+02,-7.453497764051405738e+01
4.677667851562500232e+02,-7.559721247736491989e+01
4.677670781250000118e+02,-7.865887360123514327e+01
4.677673710937500005e+02,-7.274938824553635186e+01
4.677676640624999891e+02,-7.981601379372304450e+01
4.677679570312500346e+02,-7.220739563348925572e+01
4.677682500000000232e+02,-7.343423480618035626e+01
4.677685429687500118e+02,-6.828587713609519483e+01
4.677688359375000005e+02,-6.943546613487976060e+01
4.677691289062499891e+02,-7.160261571108399892e+01
4.677694218750000346e+02,-6.976072921147712691e+01
4.677697148437500232e+02,-7.451941896569465484e+01
4.677700078125000118e+02,-7.623613203593269816e+01
4.677703007812500005e+02,-8.076232423641145886e+01
4.677705937499999891e+02,-7.014389534942792181e+01
4.677708867187500346e+02,-6.831176932887694875e+01
4.677711796875000232e+02,-6.959338027947826788e+01
4.677714726562500118e+02,-7.344290409749658011e+01
4.677717656250000005e+02,-7.439940863088182255e+01
4.677720585937499891e+02,-7.966001766959041674e+01
4.677723515625000346e+02,-9.222215539117890160e+01
4.677726445312500232e+02,-8.685049644872579222e+01
4.677729375000000118e+02,-7.807626484228069330e+01
4.677732304687500005e+02,-7.460641429788229573e+01
4.677735234374999891e+02,-7.772079574467029772e+01
4.677738164062500346e+02,-8.099568341840715391e+01
4.677741093750000232e+02,-7.390933448211221446e+01
4.677744023437500118e+02,-7.572407619726088512e+01
4.677746953125000005e+02,-7.440162619204114947e+01
4.677749882812499891e+02,-7.350774230749279070e+01
4.677752812500000346e+02,-7.511572680182364081e+01
4.677755742187500232e+02,-7.334967307435563555e+01
4.677758671875000118e+02,-6.945048960573770103e+01
4.677761601562500005e+02,-7.479047190872617534e+01
4.677764531249999891e+02,-8.267446421110975052e+01
4.677767460937500346e+02,-8.006575309074877111e+01
4.677770390625000232e+02,-8.099994806753956311e+01
4.677773320312500118e+02,-7.545821855633293751e+01
4.677776250000000005e+02,-7.135813261725716927e+01
4.677779179687499891e+02,-7.636972502466348089e+01
4.677782109375000346e+02,-7.698248350515736149e+01
4.677785039062500232e+02,-7.315724804873519815e+01
4.677787968750000118e+02,-7.463924397040477743e+01
4.677790898437500005e+02,-7.635703564421805822e+01
4.677793828124999891e+02,-7.548846862872102292e+01
4.677796757812500346e+02,-7.758788879402918326e+01
4.677799687500000232e+02,-7.832421668582786367e+01
4.677802617187500118e+02,-7.898616451142638084e+01
4.677805546875000005e+02,-7.551227787119258039e+01
4.677808476562499891e+02,-7.606939897277675300e+01
4.677811406250000346e+02,-8.389500699055056998e+01
4.677814335937500232e+02,-7.887783541699199930e+01
4.677817265625000118e+02,-7.910229247772606698e+01
4.677820195312500005e+02,-8.000498257884726172e+01
4.677823124999999891e+02,-7.432768734217172835e+01
4.677826054687500346e+02,-7.214651102934287508e+01
4.677828984375000232e+02,-7.566837241032736472e+01
4.677831914062500118e+02,-7.830603969701009248e+01
4.677834843750000005e+02,-7.390951165851964788e+01
4.677837773437499891e+02,-8.477558664378324238e+01
4.677840703125000346e+02,-7.401524234217279741e+01
4.677843632812500232e+02,-8.710962889170970413e+01
4.677846562500000118e+02,-8.336675640828131861e+01
4.677849492187500005e+02,-7.287926347649523962e+01
4.677852421874999891e+02,-7.563667671675725046e+01
4.677855351562500346e+02,-8.140749766949551258e+01
4.677858281250000232e+02,-8.116934260782144861e+01
4.677861210937500118e+02,-7.603131249929788282e+01
4.677864140625000005e+02,-8.692141924927946661e+01
4.677867070312499891e+02,-7.733676453242723881e+01
4.677870000000000346e+02,-7.895509475897365803e+01
4.677872929687500232e+02,-8.345514595108301137e+01
4.677875859375000118e+02,-7.849392741082213831e+01
4.677878789062500005e+02,-7.604362193511987300e+01
4.677881718749999891e+02,-7.096313013512043710e+01
4.677884648437500346e+02,-7.719655297153249762e+01
4.677887578125000232e+02,-7.874801399931455137e+01
4.677890507812500118e+02,-7.941917819942398182e+01
4.677893437500000005e+02,-7.546905998152497830e+01
4.677896367187499891e+02,-7.403722100236522863e+01
4.677899296875000346e+02,-8.097590715998947530e+01
4.677902226562500232e+02,-7.989633390784113942e+01
4.677905156250000118e+02,-8.217640729232867614e+01
4.677908085937500005e+02,-7.601268786012175838e+01
4.677911015624999891e+02,-7.472692295510226757e+01
4.677913945312500346e+02,-7.041375591506212572e+01
4.677916875000000232e+02,-7.541232797981939484e+01
4.677919804687500118e+02,-7.442173378299362696e+01
4.677922734375000005e+02,-7.250246056304806075e+01
4.677925664062499891e+02,-7.396977920615701407e+01
4.677928593750000346e+02,-7.703266937791194380e+01
4.677931523437500232e+02,-8.386385331041037716e+01
4.677934453125000118e+02,-8.056412660774022072e+01
4.677937382812500005e+02,-8.137309151155038478e+01
4.677940312499999891e+02,-8.054660535084458672e+01
4.677943242187500346e+02,-7.970586448769944354e+01
4.677946171875000232e+02,-9.752544177922078461e+01
4.677949101562500118e+02,-7.758223926230162704e+01
4.677952031250000005e+02,-7.766468947327804528e+01
4.677954960937499891e+02,-8.004904765913332199e+01
4.677957890625000346e+02,-8.467465783050904804e+01
4.677960820312500232e+02,-7.801507963370164589e+01
4.677963750000000118e+02,-8.587244991363866120e+01
4.677966679687500005e+02,-8.039615619347841857e+01
4.677969609374999891e+02,-7.895333940517532767e+01
4.677972539062500346e+02,-8.437945422490217595e+01
4.677975468750000232e+02,-7.222023045304247546e+01
4.677978398437500118e+02,-7.594210731422612071e+01
4.677981328125000005e+02,-8.142130818303826345e+01
4.677984257812499891e+02,-7.943915237179294309e+01
4.677987187500000346e+02,-8.517475246537091493e+01
4.677990117187500232e+02,-7.615488971131597395e+01
4.677993046875000118e+02,-7.551486496973365092e+01
4.677995976562500005e+02,-8.439031616589454643e+01
4.677998906249999891e+02,-7.498629205513032048e+01
4.678001835937500346e+02,-8.053049055975841952e+01
4.678004765625000232e+02,-7.550458732169501275e+01
4.678007695312500118e+02,-7.287298348474027421e+01
4.678010625000000005e+02,-7.658893429060307767e+01
4.678013554687499891e+02,-8.721046055735969560e+01
4.678016484375000346e+02,-7.867522715760630092e+01
4.678019414062500232e+02,-7.618786721637164305e+01
4.678022343750000118e+02,-7.672300026507583937e+01
4.678025273437500005e+02,-7.875505447170618822e+01
4.678028203124999891e+02,-8.164803527051094534e+01
4.678031132812500346e+02,-8.529996187522104378e+01
4.678034062500000232e+02,-7.746299829899351153e+01
4.678036992187500118e+02,-7.415081889536773474e+01
4.678039921875000005e+02,-8.087022535439827209e+01
4.678042851562499891e+02,-7.938254361680841953e+01
4.678045781250000346e+02,-8.061393340499154192e+01
4.678048710937500232e+02,-8.000605437966542866e+01
4.678051640625000118e+02,-7.827620463971571496e+01
4.678054570312500005e+02,-7.934751139258773378e+01
4.678057499999999891e+02,-8.750225668401060375e+01
4.678060429687500346e+02,-7.350003652736194226e+01
4.678063359375000232e+02,-7.585861526960022161e+01
4.678066289062500118e+02,-8.431620496220561733e+01
4.678069218750000005e+02,-8.084071202059317329e+01
4.678072148437499891e+02,-8.362151689775281227e+01
4.678075078125000346e+02,-7.996622419060963693e+01
4.678078007812500232e+02,-8.689220082853692873e+01
4.678080937500000118e+02,-9.006150072061089418e+01
4.678083867187500005e+02,-8.331995508281293894e+01
4.678086796874999891e+02,-7.976058871495901315e+01
4.678089726562500346e+02,-7.759411919015087733e+01
4.678092656250000232e+02,-8.265415159833452208e+01
4.678095585937500118e+02,-7.329189874930222004e+01
4.678098515625000005e+02,-7.178843488906767334e+01
4.678101445312499891e+02,-8.284672229059131610e+01
4.678104375000000346e+02,-7.948873072965349706e+01
4.678107304687500232e+02,-8.609546341321140517e+01
4.678110234375000118e+02,-7.397305108081732783e+01
4.678113164062500005e+02,-7.337693868831080124e+01
4.678116093749999891e+02,-8.813853913837932907e+01
4.678119023437500346e+02,-7.218587047978660109e+01
4.678121953125000232e+02,-7.030235932170906210e+01
4.678124882812500118e+02,-7.570534928150780729e+01
4.678127812500000005e+02,-7.153617371577760764e+01
4.678130742187499891e+02,-7.439191847076418185e+01
4.678133671875000346e+02,-7.095223500029297270e+01
4.678136601562500232e+02,-7.347894452763345896e+01
4.678139531250000118e+02,-9.261563001355048641e+01
4.678142460937500005e+02,-7.855707498556097335e+01
4.678145390624999891e+02,-7.924076751686135367e+01
4.678148320312500346e+02,-7.405331600396559111e+01
4.678151250000000232e+02,-8.003392804695101859e+01
4.678154179687500118e+02,-7.299500173935352620e+01
4.678157109375000005e+02,-7.906123316682757718e+01
4.678160039062499891e+02,-7.725919114979254232e+01
4.678162968750000346e+02,-7.705961869611519433e+01
4.678165898437500232e+02,-7.449814096887388359e+01
4.678168828125000118e+02,-7.747917198000634187e+01
4.678171757812500005e+02,-7.250586345550709666e+01
4.678174687499999891e+02,-7.031826849872388152e+01
4.678177617187500346e+02,-7.506707040349813553e+01
4.678180546875000232e+02,-7.608923415771442933e+01
4.678183476562500118e+02,-7.693213196851820612e+01
4.678186406250000005e+02,-7.132319506121726249e+01
4.678189335937499891e+02,-7.626917301476490252e+01
4.678192265625000346e+02,-7.383835595743667568e+01
4.678195195312500232e+02,-6.861809850260306121e+01
4.678198125000000118e+02,-7.031271401587477499e+01
4.678201054687500005e+02,-7.417054314290707850e+01
4.678203984374999891e+02,-8.366970194136577277e+01
4.678206914062500346e+02,-7.381111220163296593e+01
4.678209843750000232e+02,-7.543691395120225707e+01
4.678212773437500118e+02,-9.128875583760401469e+01
4.678215703125000005e+02,-7.597748055212883855e+01
4.678218632812499891e+02,-7.372912085917809577e+01
4.678221562500000346e+02,-7.629723302632550030e+01
4.678224492187500232e+02,-7.694023803308809306e+01
4.678227421875000118e+02,-8.009391585316183182e+01
4.678230351562500005e+02,-9.343985659105035779e+01
4.678233281249999891e+02,-8.255336978115629165e+01
4.678236210937500346e+02,-7.849616505641502329e+01
4.678239140625000232e+02,-7.099962135400951979e+01
4.678242070312500118e+02,-7.212313137207631542e+01
4.678245000000000005e+02,-7.682648682087742031e+01
4.678247929687499891e+02,-7.837917907829246644e+01
4.678250859375000346e+02,-8.345988684173977390e+01
4.678253789062500232e+02,-8.176391196498421721e+01
4.678256718750000118e+02,-7.972526870344599104e+01
4.678259648437500005e+02,-7.490361644797690133e+01
4.678262578124999891e+02,-7.497312754045209715e+01
4.678265507812500346e+02,-7.849696781366321829e+01
4.678268437500000232e+02,-7.435523517456969955e+01
4.678271367187500118e+02,-7.087827522266388769e+01
4.678274296875000005e+02,-7.693138968761969920e+01
4.678277226562499891e+02,-7.807841360586664337e+01
4.678280156250000346e+02,-7.508987312102279077e+01
4.678283085937500232e+02,-7.593540773004019684e+01
4.678286015625000118e+02,-8.785914977924876723e+01
4.678288945312500005e+02,-8.784482376583068231e+01
4.678291874999999891e+02,-8.862405906559368418e+01
4.678294804687500346e+02,-7.364592083441254999e+01
4.678297734375000232e+02,-7.189439861419819522e+01
4.678300664062500118e+02,-7.301702126375795388e+01
4.678303593750000005e+02,-8.365499264643361244e+01
4.678306523437499891e+02,-7.763802505097017104e+01
4.678309453125000346e+02,-7.562976717330604970e+01
4.678312382812500232e+02,-7.462090889030035612e+01
4.678315312500000118e+02,-7.705248922218869723e+01
4.678318242187500005e+02,-7.208151879256176642e+01
4.678321171874999891e+02,-7.386977843816063682e+01
4.678324101562500346e+02,-8.162975847508185723e+01
4.678327031250000232e+02,-7.886778327495488838e+01
4.678329960937500118e+02,-7.615142880986341822e+01
4.678332890625000005e+02,-7.110249596150117668e+01
4.678335820312499891e+02,-7.935029919634179407e+01
4.678338750000000346e+02,-8.734549548872386993e+01
4.678341679687500232e+02,-7.835731933468342447e+01
4.678344609375000118e+02,-7.603922857269304814e+01
4.678347539062500005e+02,-8.062974915618036675e+01
4.678350468749999891e+02,-7.774830950567209698e+01
4.678353398437500346e+02,-7.563027042270419997e+01
4.678356328125000232e+02,-7.425120731747215075e+01
4.678359257812500118e+02,-8.667153716193689661e+01
4.678362187500000005e+02,-7.915690644734189618e+01
4.678365117187499891e+02,-8.326250669245260383e+01
4.678368046875000346e+02,-8.341796525665664319e+01
4.678370976562500232e+02,-7.721511847128068950e+01
4.678373906250000118e+02,-7.963632015676580522e+01
4.678376835937500005e+02,-7.157100072196209339e+01
4.678379765624999891e+02,-7.641988049135746053e+01
4.678382695312500346e+02,-7.253325697954265650e+01
4.678385625000000232e+02,-7.215043192244641546e+01
4.678388554687500118e+02,-8.151473114473634496e+01
4.678391484375000005e+02,-8.781648911089085630e+01
4.678394414062499891e+02,-8.910746006717546663e+01
4.678397343750000346e+02,-7.685265822949921244e+01
4.678400273437500232e+02,-7.702858053652086312e+01
4.678403203125000118e+02,-8.559561692141799938e+01
4.678406132812500005e+02,-8.262610931601170705e+01
4.678409062499999891e+02,-8.301346075634074850e+01
4.678411992187500346e+02,-8.059107198110658032e+01
4.678414921875000232e+02,-8.214797377847031612e+01
4.678417851562500118e+02,-8.482141145168839103e+01
4.678420781250000005e+02,-8.243458152559908569e+01
4.678423710937499891e+02,-8.733949340347550105e+01
4.678426640625000346e+02,-7.343788542862164093e+01
4.678429570312500232e+02,-7.314887589125751788e+01
4.678432500000000118e+02,-8.019361861189422314e+01
4.678435429687500005e+02,-7.902784312544116574e+01
4.678438359374999891e+02,-7.900459430574409225e+01
4.678441289062500346e+02,-7.778928782169833767e+01
4.678444218750000232e+02,-8.321396546565415520e+01
4.678447148437500118e+02,-7.514634675918122753e+01
4.678450078125000005e+02,-7.136364727731177027e+01
4.678453007812499891e+02,-7.819824586940104894e+01
4.678455937500000346e+02,-7.807386532612318319e+01
4.678458867187500232e+02,-7.604348586175701996e+01
4.678461796875000118e+02,-7.848866477132594355e+01
4.678464726562500005e+02,-8.331610092038422977e+01
4.678467656249999891e+02,-7.990953874299817983e+01
4.678470585937500346e+02,-8.786015690401535494e+01
4.678473515625000232e+02,-7.989590775015643942e+01
4.678476445312500118e+02,-7.724694414163393219e+01
4.678479375000000005e+02,-7.870779400484657629e+01
4.678482304687499891e+02,-8.435601703042509314e+01
4.678485234375000346e+02,-8.415083827646716941e+01
4.678488164062500232e+02,-7.647920130504296310e+01
4.678491093750000118e+02,-7.313509249392808442e+01
4.678494023437500005e+02,-8.681644400871289236e+01
4.678496953124999891e+02,-8.224071695771648649e+01
4.678499882812500346e+02,-8.204638033135337594e+01
4.678502812500000232e+02,-7.565684653842636465e+01
4.678505742187500118e+02,-8.032065754587087270e+01
4.678508671875000005e+02,-8.078448837993590814e+01
4.678511601562499891e+02,-9.834863770603293176e+01
4.678514531250000346e+02,-8.475299402898855305e+01
4.678517460937500232e+02,-8.697619877570778613e+01
4.678520390625000118e+02,-8.171549080648462393e+01
4.678523320312500005e+02,-8.230410472384731690e+01
4.678526249999999891e+02,-8.605195912691635840e+01
4.678529179687500346e+02,-8.106968610320377877e+01
4.678532109375000232e+02,-8.203266713214694050e+01
4.678535039062500118e+02,-9.601913460628493624e+01
4.678537968750000005e+02,-8.029140766948103192e+01
4.678540898437499891e+02,-8.852051710616429148e+01
4.678543828125000346e+02,-7.788377447687919641e+01
4.678546757812500232e+02,-8.767692437534178396e+01
4.678549687500000118e+02,-8.218075288702550552e+01
4.678552617187500005e+02,-8.529337226133498007e+01
4.678555546874999891e+02,-8.764459068622463178e+01
4.678558476562500346e+02,-8.312985316841400163e+01
4.678561406250000232e+02,-8.603950693246537185e+01
4.678564335937500118e+02,-8.555365496798964386e+01
4.678567265625000005e+02,-7.735454166971349821e+01
4.678570195312499891e+02,-7.611577413963236438e+01
4.678573125000000346e+02,-7.485063415974448731e+01
4.678576054687500232e+02,-8.746472485113420703e+01
4.678578984375000118e+02,-7.838124421008119214e+01
4.678581914062500005e+02,-8.007737751972909734e+01
4.678584843749999891e+02,-8.749011607923108613e+01
4.678587773437500346e+02,-8.361296118329939020e+01
4.678590703125000232e+02,-8.155242096702525600e+01
4.678593632812500118e+02,-9.187618548881334846e+01
4.678596562500000005e+02,-7.954711314871920536e+01
4.678599492187499891e+02,-8.392858505353770227e+01
4.678602421875000346e+02,-8.917228051838223735e+01
4.678605351562500232e+02,-8.089636075439224783e+01
4.678608281250000118e+02,-7.885744136352305134e+01
4.678611210937500005e+02,-8.032120454453900038e+01
4.678614140624999891e+02,-8.420963867115283108e+01
4.678617070312500346e+02,-7.967797163854149289e+01
4.678620000000000232e+02,-7.869634452524310575e+01
4.678622929687500118e+02,-7.881741813512269346e+01
4.678625859375000005e+02,-8.329887866792770978e+01
4.678628789062499891e+02,-9.082674664238318485e+01
4.678631718750000346e+02,-9.048523108925282088e+01
4.678634648437500232e+02,-7.793710179876030963e+01
4.678637578125000118e+02,-8.749970807297488307e+01
4.678640507812500005e+02,-9.082855151775497404e+01
4.678643437499999891e+02,-7.982591548731518571e+01
4.678646367187500346e+02,-7.790793929277947427e+01
4.678649296875000232e+02,-7.573458769310099115e+01
4.678652226562500118e+02,-7.125265729627156475e+01
4.678655156250000005e+02,-7.332127810920090383e+01
4.678658085937499891e+02,-7.967337220108974805e+01
4.678661015625000346e+02,-7.819817350604230910e+01
4.678663945312500232e+02,-9.814939090664721277e+01
4.678666875000000118e+02,-8.860445374173794164e+01
4.678669804687500005e+02,-8.327089552390221172e+01
4.678672734374999891e+02,-8.441575428174840567e+01
4.678675664062500346e+02,-8.070952655700102696e+01
4.678678593750000232e+02,-8.241945151172981809e+01
4.678681523437500118e+02,-8.266794246461167006e+01
4.678684453125000005e+02,-7.925372166562615917e+01
4.678687382812499891e+02,-8.537047470697078211e+01
4.678690312500000346e+02,-7.758185317508467449e+01
4.678693242187500232e+02,-7.784832499029454311e+01
4.678696171875000118e+02,-7.970270924122466738e+01
4.678699101562500005e+02,-7.469767313671400188e+01
4.678702031249999891e+02,-7.809552478805356657e+01
4.678704960937500346e+02,-8.422210230315984347e+01
4.678707890625000232e+02,-7.783452236813444358e+01
4.678710820312500118e+02,-8.088647238849476651e+01
4.678713750000000005e+02,-7.840428922038547910e+01
4.678716679687499891e+02,-8.067143232480782444e+01
4.678719609375000346e+02,-8.341328061135445182e+01
4.678722539062500232e+02,-8.654172223007137177e+01
4.678725468750000118e+02,-8.555120456076539881e+01
4.678728398437500005e+02,-8.856636024219110936e+01
4.678731328124999891e+02,-8.213621378972916887e+01
4.678734257812500346e+02,-7.845081085741274762e+01
4.678737187500000232e+02,-8.647995111606238083e+01
4.678740117187500118e+02,-8.479235016167406513e+01
4.678743046875000005e+02,-9.448431332467055199e+01
4.678745976562499891e+02,-8.570663605244291716e+01
4.678748906250000346e+02,-8.180396974654017583e+01
4.678751835937500232e+02,-9.081998275440241741e+01
4.678754765625000118e+02,-8.337318024798454985e+01
4.678757695312500005e+02,-7.571734185171229115e+01
4.678760624999999891e+02,-7.720723037444659553e+01
4.678763554687500346e+02,-8.007427897536190642e+01
4.678766484375000232e+02,-8.173897397296386202e+01
4.678769414062500118e+02,-8.151492612731615850e+01
4.678772343750000005e+02,-7.863232872652770311e+01
4.678775273437499891e+02,-7.590455924645975472e+01
4.678778203125000346e+02,-7.731270009476730820e+01
4.678781132812500232e+02,-7.679386420121031165e+01
4.678784062500000118e+02,-8.513871786235883121e+01
4.678786992187500005e+02,-7.909902745306995087e+01
4.678789921874999891e+02,-7.704460277989981876e+01
4.678792851562500346e+02,-7.558832395688952488e+01
4.678795781250000232e+02,-7.604565912329030652e+01
4.678798710937500118e+02,-8.155521018243653941e+01
4.678801640625000005e+02,-8.720016536589909606e+01
4.678804570312499891e+02,-7.919369464290423366e+01
4.678807500000000346e+02,-7.545434219801087750e+01
4.678810429687500232e+02,-7.469240382022965719e+01
4.678813359375000118e+02,-8.247409719169739617e+01
4.678816289062500005e+02,-8.118030890423659685e+01
4.678819218749999891e+02,-7.470100012801816547e+01
4.678822148437500346e+02,-7.207221241887567942e+01
4.678825078125000232e+02,-7.589321018318915435e+01
4.678828007812500118e+02,-8.224995384672277510e+01
4.678830937500000005e+02,-9.154495030316664383e+01
4.678833867187499891e+02,-9.627219563627156163e+01
4.678836796875000346e+02,-8.516055180232339694e+01
4.678839726562500232e+02,-7.815710373253099874e+01
4.678842656250000118e+02,-8.211279595620722205e+01
4.678845585937500005e+02,-8.761048464713596218e+01
4.678848515624999891e+02,-7.715195393965903747e+01
4.678851445312500346e+02,-7.931377626959063321e+01
4.678854375000000232e+02,-8.692419492029051753e+01
4.678857304687500118e+02,-9.199597574930413657e+01
4.678860234375000005e+02,-9.102978609138794752e+01
4.678863164062499891e+02,-9.488779549168013716e+01
4.678866093750000346e+02,-8.127707444484698840e+01
4.678869023437500232e+02,-7.372753188571996930e+01
4.678871953125000118e+02,-7.508892279672048176e+01
4.678874882812500005e+02,-8.241935222348530488e+01
4.678877812499999891e+02,-7.740115448239177454e+01
4.678880742187500346e+02,-8.376707322857879490e+01
4.678883671875000232e+02,-8.253746318981477259e+01
4.678886601562500118e+02,-7.975604275753687489e+01
4.678889531250000005e+02,-8.098423362993548835e+01
4.678892460937499891e+02,-8.193450007117425571e+01
4.678895390625000346e+02,-8.431168711580676245e+01
4.678898320312500232e+02,-8.177911053224920579e+01
4.678901250000000118e+02,-7.419937495011603801e+01
4.678904179687500005e+02,-7.807031257770282195e+01
4.678907109374999891e+02,-8.121405647842865960e+01
4.678910039062500346e+02,-9.227998597179191620e+01
4.678912968750000232e+02,-8.185325939785982996e+01
4.678915898437500118e+02,-8.046058850325890432e+01
4.678918828125000005e+02,-8.287308623554439180e+01
4.678921757812499891e+02,-8.345425229434218295e+01
4.678924687500000346e+02,-7.736166284926032688e+01
4.678927617187500232e+02,-7.447524252463470873e+01
4.678930546875000118e+02,-7.720232038789697526e+01
4.678933476562500005e+02,-7.555428180567477625e+01
4.678936406249999891e+02,-7.699618870830886408e+01
4.678939335937500346e+02,-7.394139841493900178e+01
4.678942265625000232e+02,-8.005266380762105882e+01
4.678945195312500118e+02,-8.246247166108190640e+01
4.678948125000000005e+02,-9.085365245995777173e+01
4.678951054687499891e+02,-7.909416997267604188e+01
4.678953984375000346e+02,-8.100245904958913457e+01
4.678956914062500232e+02,-8.751876170877189054e+01
4.678959843750000118e+02,-8.166210843704351419e+01
4.678962773437500005e+02,-8.447244469342463447e+01
4.678965703124999891e+02,-7.536024304653246020e+01
4.678968632812500346e+02,-7.790746619470822054e+01
4.678971562500000232e+02,-7.868774521026098512e+01
4.678974492187500118e+02,-7.476900031255054557e+01
4.678977421875000005e+02,-7.218126456416177916e+01
4.678980351562499891e+02,-7.326611950274558183e+01
4.678983281250000346e+02,-7.459412830238990466e+01
4.678986210937500232e+02,-7.549065276725644935e+01
4.678989140625000118e+02,-8.180406041137389650e+01
4.678992070312500005e+02,-8.373156355513006588e+01
4.678994999999999891e+02,-7.823327962807680080e+01
4.678997929687500346e+02,-7.825941413931940360e+01
4.679000859375000232e+02,-7.838456018295120487e+01
4.679003789062500118e+02,-8.661320023356239517e+01
4.679006718750000005e+02,-7.686961618288749776e+01
4.679009648437499891e+02,-7.764343503153722281e+01
4.679012578125000346e+02,-9.155348563013554042e+01
4.679015507812500232e+02,-8.654022477638068267e+01
4.679018437500000118e+02,-7.378551977624580616e+01
4.679021367187500005e+02,-7.348679046615316679e+01
4.679024296874999891e+02,-7.916916743203158546e+01
4.679027226562500346e+02,-7.658695442956013721e+01
4.679030156250000232e+02,-7.989610820470301178e+01
4.679033085937500118e+02,-7.510849769504901019e+01
4.679036015625000005e+02,-7.940592461242692934e+01
4.679038945312499891e+02,-7.561960244240279394e+01
4.679041875000000346e+02,-7.583427035208882216e+01
4.679044804687500232e+02,-7.939894629389623049e+01
4.679047734375000118e+02,-8.762688525503054393e+01
4.679050664062500005e+02,-8.078183026300777669e+01
4.679053593749999891e+02,-7.851937342543072873e+01
4.679056523437500346e+02,-7.892502318272670436e+01
4.679059453125000232e+02,-8.115828360620135129e+01
4.679062382812500118e+02,-7.951774922313185812e+01
4.679065312500000005e+02,-7.839884751065706325e+01
4.679068242187499891e+02,-7.064726734322847790e+01
4.679071171875000346e+02,-7.115499283238095529e+01
4.679074101562500232e+02,-8.142728191593070619e+01
4.679077031250000118e+02,-8.849594935904710269e+01
4.679079960937500005e+02,-8.534959553503463781e+01
4.679082890624999891e+02,-8.144724790601290465e+01
4.679085820312500346e+02,-8.630256597866257096e+01
4.679088750000000232e+02,-7.470561958972955097e+01
4.679091679687500118e+02,-8.169262871737021214e+01
4.679094609375000005e+02,-8.465236936698639170e+01
4.679097539062499891e+02,-7.945628143943071109e+01
4.679100468750000346e+02,-7.413698000205027938e+01
4.679103398437500232e+02,-7.633141932559621523e+01
4.679106328125000118e+02,-8.028859923794735209e+01
4.679109257812500005e+02,-7.918593160040377654e+01
4.679112187499999891e+02,-7.869522048323210583e+01
4.679115117187500346e+02,-8.341675366030494843e+01
4.679118046875000232e+02,-8.407939700986597131e+01
4.679120976562500118e+02,-7.569859970633088153e+01
4.679123906250000005e+02,-7.640915247598923088e+01
4.679126835937499891e+02,-7.946637051027283860e+01
4.679129765625000346e+02,-7.697445984997645496e+01
4.679132695312500232e+02,-7.986525284049049844e+01
4.679135625000000118e+02,-7.657888424505583203e+01
4.679138554687500005e+02,-7.893401447400826498e+01
4.679141484374999891e+02,-7.461446119687302314e+01
4.679144414062500346e+02,-7.705689648661625313e+01
4.679147343750000232e+02,-8.161973842996934536e+01
4.679150273437500118e+02,-7.517567699674904702e+01
4.679153203125000005e+02,-7.563792135341877554e+01
4.679156132812499891e+02,-7.510622542045625494e+01
4.679159062500000346e+02,-8.442902171373307851e+01
4.679161992187500232e+02,-7.966602666080510176e+01
4.679164921875000118e+02,-8.047090686144429128e+01
4.679167851562500005e+02,-8.239558759495983509e+01
4.679170781249999891e+02,-8.469281681550427265e+01
4.679173710937500346e+02,-8.283549593493080465e+01
4.679176640625000232e+02,-8.673217458082767450e+01
4.679179570312500118e+02,-8.051080885257169939e+01
4.679182500000000005e+02,-7.645349471484388459e+01
4.679185429687499891e+02,-7.791998858642223524e+01
4.679188359375000346e+02,-7.990603052855774990e+01
4.679191289062500232e+02,-8.538850882059749381e+01
4.679194218750000118e+02,-8.550075972557320370e+01
4.679197148437500005e+02,-8.003663334056179224e+01
4.679200078124999891e+02,-8.322936378537872315e+01
4.679203007812500346e+02,-7.712369640588656239e+01
4.679205937500000232e+02,-7.989419877599614495e+01
4.679208867187500118e+02,-8.014311846658526406e+01
4.679211796875000005e+02,-8.203061214180186766e+01
4.679214726562499891e+02,-8.335180540562653562e+01
4.679217656250000346e+02,-8.531078243195909749e+01
4.679220585937500232e+02,-8.795270719361225531e+01
4.679223515625000118e+02,-9.132339294086180814e+01
4.679226445312500005e+02,-8.383278296738041035e+01
4.679229374999999891e+02,-8.850571212397682075e+01
4.679232304687500346e+02,-8.591615871516786740e+01
4.679235234375000232e+02,-8.327459195612304654e+01
4.679238164062500118e+02,-9.388253117285329097e+01
4.679241093750000005e+02,-8.930077053427311284e+01
4.679244023437499891e+02,-9.063737258358818849e+01
4.679246953125000346e+02,-9.136794054465185866e+01
4.679249882812500232e+02,-8.348519805061062016e+01
4.679252812500000118e+02,-8.578783918558997357e+01
4.679255742187500005e+02,-8.347873504909162534e+01
4.679258671874999891e+02,-8.406822875694840036e+01
4.679261601562500346e+02,-7.918130669728739690e+01
4.679264531250000232e+02,-8.002961610005357329e+01
4.679267460937500118e+02,-8.421047228655939421e+01
4.679270390625000005e+02,-8.633797948915886877e+01
4.679273320312499891e+02,-8.642522152378403177e+01
4.679276250000000346e+02,-9.695337047498372840e+01
4.679279179687500232e+02,-1.004454232125428348e+02
4.679282109375000118e+02,-8.270095800052470736e+01
4.679285039062500005e+02,-8.195234989738739273e+01
4.679287968749999891e+02,-8.151595108332784889e+01
4.679290898437500346e+02,-8.199801630092377991e+01
4.679293828125000232e+02,-8.515622934905070451e+01
4.679296757812500118e+02,-8.252453992233954239e+01
4.679299687500000005e+02,-8.727571521144504629e+01
4.679302617187499891e+02,-8.797399361868039591e+01
4.679305546875000346e+02,-8.048086507632986297e+01
4.679308476562500232e+02,-7.960035302986318584e+01
4.679311406250000118e+02,-8.750661326171740484e+01
4.679314335937500005e+02,-8.149563520922605164e+01
4.679317265624999891e+02,-8.542699454333821052e+01
4.679320195312500346e+02,-8.082616028531482755e+01
4.679323125000000232e+02,-7.502925069546785153e+01
4.679326054687500118e+02,-8.210859208988031810e+01
4.679328984375000005e+02,-8.039920660783899109e+01
4.679331914062499891e+02,-8.023386704815364112e+01
4.679334843750000346e+02,-8.774210985467578894e+01
4.679337773437500232e+02,-7.805966013744377108e+01
4.679340703125000118e+02,-8.131455328640258529e+01
4.679343632812500005e+02,-8.593335924808414461e+01
4.679346562499999891e+02,-8.377718248781128807e+01
4.679349492187500346e+02,-8.287629644429294729e+01
4.679352421875000232e+02,-8.172503963984004827e+01
4.679355351562500118e+02,-7.747577608971315044e+01
4.679358281250000005e+02,-8.770205591815712864e+01
4.679361210937499891e+02,-8.469129295417003789e+01
4.679364140625000346e+02,-7.757395821882137454e+01
4.679367070312500232e+02,-8.270627254086184621e+01
4.679370000000000118e+02,-8.437441018664887338e+01
4.679372929687500005e+02,-8.037317867540522798e+01
4.679375859374999891e+02,-8.560088992372243411e+01
4.679378789062500346e+02,-8.725203041193169895e+01
4.679381718750000232e+02,-9.127501207519323145e+01
4.679384648437500118e+02,-8.349671852826719487e+01
4.679387578125000005e+02,-8.856139927872845874e+01
4.679390507812499891e+02,-8.161971543400788676e+01
4.679393437500000346e+02,-8.687318723631463513e+01
4.679396367187500232e+02,-8.357983748778771371e+01
4.679399296875000118e+02,-8.213747500565534665e+01
4.679402226562500005e+02,-9.281267751769263441e+01
4.679405156249999891e+02,-9.698023338903996660e+01
4.679408085937500346e+02,-8.197883261838605051e+01
4.679411015625000232e+02,-7.722510810905335177e+01
4.679413945312500118e+02,-7.554181406817980360e+01
4.679416875000000005e+02,-7.790552639726516304e+01
4.679419804687499891e+02,-7.875168970359584364e+01
4.679422734375000346e+02,-7.954640715090766889e+01
4.679425664062500232e+02,-7.961561241967939395e+01
4.679428593750000118e+02,-8.116839186257811889e+01
4.679431523437500005e+02,-8.314085589053041758e+01
4.679434453124999891e+02,-8.483458573611601139e+01
4.679437382812500346e+02,-8.465282052865687490e+01
4.679440312500000232e+02,-8.258140083607024451e+01
4.679443242187500118e+02,-8.039841125823792822e+01
4.679446171875000005e+02,-8.035201463000412048e+01
4.679449101562499891e+02,-8.570432476204013028e+01
4.679452031250000346e+02,-8.558816603711392190e+01
4.679454960937500232e+02,-7.744733278292061129e+01
4.679457890625000118e+02,-7.402940176060400290e+01
4.679460820312500005e+02,-7.581469401193695035e+01
4.679463749999999891e+02,-7.929693102822646722e+01
4.679466679687500346e+02,-8.923949965831911868e+01
4.679469609375000232e+02,-7.801288382758616535e+01
4.679472539062500118e+02,-7.980370745671734767e+01
4.679475468750000005e+02,-8.315051888790745238e+01
4.679478398437499891e+02,-7.901465567507952414e+01
4.679481328125000346e+02,-8.201888838959261818e+01
4.679484257812500232e+02,-8.738617141901828234e+01
4.679487187500000118e+02,-7.967722978588022897e+01
4.679490117187500005e+02,-7.859763207181400446e+01
4.679493046874999891e+02,-7.533664212629619783e+01
4.679495976562500346e+02,-7.428113443322335741e+01
4.679498906250000232e+02,-8.101122225596472504e+01
4.679501835937500118e+02,-9.266856507236101947e+01
4.679504765625000005e+02,-8.190926092276586701e+01
4.679507695312499891e+02,-8.069554573494914962e+01
4.679510625000000346e+02,-8.119840364822719891e+01
4.679513554687500232e+02,-7.880034640809404323e+01
4.679516484375000118e+02,-8.442207386090233001e+01
4.679519414062500005e+02,-8.548259364120576720e+01
4.679522343749999891e+02,-8.704431716448696932e+01
4.679525273437500346e+02,-8.023396948052146627e+01
4.679528203125000232e+02,-7.673060812137683229e+01
4.679531132812500118e+02,-8.346570105373551485e+01
4.679534062500000005e+02,-8.807851725404630372e+01
4.679536992187499891e+02,-8.192857432024362652e+01
4.679539921875000346e+02,-8.211345165321438344e+01
4.679542851562500232e+02,-8.545881338243944469e+01
4.679545781250000118e+02,-8.132028990366728749e+01
4.679548710937500005e+02,-7.680733494121683691e+01
4.679551640624999891e+02,-8.574512248044129592e+01
4.679554570312500346e+02,-8.893079307347812801e+01
4.679557500000000232e+02,-7.816105249928165222e+01
4.679560429687500118e+02,-7.411156560935701521e+01
4.679563359375000005e+02,-7.901617856001969642e+01
4.679566289062499891e+02,-8.766243778428344058e+01
4.679569218750000346e+02,-8.340698670854604302e+01
4.679572148437500232e+02,-7.756637038154758557e+01
4.679575078125000118e+02,-7.875644972915964104e+01
4.679578007812500005e+02,-8.106152127894581838e+01
4.679580937499999891e+02,-8.094849827382299168e+01
4.679583867187500346e+02,-8.047715122840872937e+01
4.679586796875000232e+02,-8.682348635114456670e+01
4.679589726562500118e+02,-8.538095671054779245e+01
4.679592656250000005e+02,-8.528668163562103643e+01
4.679595585937499891e+02,-8.964874906194880566e+01
4.679598515625000346e+02,-8.397520786319904573e+01
4.679601445312500232e+02,-7.761721192286464088e+01
4.679604375000000118e+02,-7.728471752668380645e+01
4.679607304687500005e+02,-8.280425316885825282e+01
4.679610234374999891e+02,-8.551664459538770302e+01
4.679613164062500346e+02,-7.775970438696889175e+01
4.679616093750000232e+02,-8.171161560011353231e+01
4.679619023437500118e+02,-8.112230529276604329e+01
4.679621953125000005e+02,-7.630034126009689999e+01
4.679624882812499891e+02,-7.527238130870172483e+01
4.679627812500000346e+02,-7.797860982447498657e+01
4.679630742187500232e+02,-8.503367941421666387e+01
4.679633671875000118e+02,-9.107363824530237650e+01
4.679636601562500005e+02,-8.587522903790186035e+01
4.679639531249999891e+02,-8.304368628501266869e+01
4.679642460937500346e+02,-7.795739458820395384e+01
4.679645390625000232e+02,-8.296358006506150673e+01
4.679648320312500118e+02,-8.227227055369849040e+01
4.679651250000000005e+02,-7.795606974917957643e+01
4.679654179687499891e+02,-7.426896359948487714e+01
4.679657109375000346e+02,-7.709552354547174957e+01
4.679660039062500232e+02,-8.625669783997467732e+01
4.679662968750000118e+02,-8.724821714976496878e+01
4.679665898437500005e+02,-9.053306029705608182e+01
4.679668828124999891e+02,-8.669948502133098600e+01
4.679671757812500346e+02,-7.971221250721896467e+01
4.679674687500000232e+02,-8.149633594584878438e+01
4.679677617187500118e+02,-8.139210309568969137e+01
4.679680546875000005e+02,-8.385400833910262008e+01
4.679683476562499891e+02,-8.752756300842094106e+01
4.679686406250000346e+02,-8.470155307536603573e+01
4.679689335937500232e+02,-8.826393956469519253e+01
4.679692265625000118e+02,-8.229707641207136248e+01
4.679695195312500005e+02,-8.094676646631803862e+01
4.679698124999999891e+02,-9.039310328188385313e+01
4.679701054687500346e+02,-8.145935492935836919e+01
4.679703984375000232e+02,-8.327872201998572166e+01
4.679706914062500118e+02,-8.184049937066319558e+01
4.679709843750000005e+02,-8.029929725733316559e+01
4.679712773437499891e+02,-8.215649736718614804e+01
4.679715703125000346e+02,-9.209918087154946420e+01
4.679718632812500232e+02,-7.859714891662440550e+01
4.679721562500000118e+02,-7.869131583084053716e+01
4.679724492187500005e+02,-8.053831155995835900e+01
4.679727421874999891e+02,-8.364886512886116066e+01
4.679730351562500346e+02,-8.900119537710469331e+01
4.679733281250000232e+02,-9.112398085558984917e+01
4.679736210937500118e+02,-7.837327382129637954e+01
4.679739140625000005e+02,-8.271791716129980898e+01
4.679742070312499891e+02,-8.257515906665334171e+01
4.679745000000000346e+02,-8.204926000423080268e+01
4.679747929687500232e+02,-8.169356858949839761e+01
4.679750859375000118e+02,-8.708853886159722890e+01
4.679753789062500005e+02,-8.985093806647648762e+01
4.679756718749999891e+02,-8.372176496343065821e+01
4.679759648437500346e+02,-7.781078959514717042e+01
4.679762578125000232e+02,-8.243062770189133914e+01
4.679765507812500118e+02,-8.497822894410907679e+01
4.679768437500000005e+02,-8.336178463056108967e+01
4.679771367187499891e+02,-9.112169605356534419e+01
4.679774296875000346e+02,-8.850930776411541956e+01
4.679777226562500232e+02,-8.472093376663421793e+01
4.679780156250000118e+02,-7.987937240096754010e+01
4.679783085937500005e+02,-9.047003729211743916e+01
4.679786015624999891e+02,-7.985262127808843502e+01
4.679788945312500346e+02,-8.358945688971866161e+01
4.679791875000000232e+02,-8.971682674868914376e+01
4.679794804687500118e+02,-9.875545839184059105e+01
4.679797734375000005e+02,-8.280350518074814659e+01
4.679800664062499891e+02,-8.055796119175110448e+01
4.679803593750000346e+02,-7.864582111173814383e+01
4.679806523437500232e+02,-8.736026365413854933e+01
4.679809453125000118e+02,-8.469177319301648765e+01
4.679812382812500005e+02,-8.716295469141662977e+01
4.679815312499999891e+02,-8.187721430828739244e+01
4.679818242187500346e+02,-8.144389046642429264e+01
4.679821171875000232e+02,-8.293211516316344500e+01
4.679824101562500118e+02,-8.486748786177933823e+01
4.679827031250000005e+02,-8.799245777200380303e+01
4.679829960937499891e+02,-8.195233800493637943e+01
4.679832890625000346e+02,-7.930277566245709409e+01
4.679835820312500232e+02,-8.348638104168863094e+01
4.679838750000000118e+02,-7.720039634241661020e+01
4.679841679687500005e+02,-8.095441827131605805e+01
4.679844609374999891e+02,-9.090519419427862147e+01
4.679847539062500346e+02,-7.776643011967500740e+01
4.679850468750000232e+02,-7.463663361530011287e+01
4.679853398437500118e+02,-8.119405248902074845e+01
4.679856328125000005e+02,-8.512260216289772075e+01
4.679859257812499891e+02,-8.786159033423571429e+01
4.679862187500000346e+02,-8.289404689378375224e+01
4.679865117187500232e+02,-8.919653136010262529e+01
4.679868046875000118e+02,-8.488135064558824183e+01
4.679870976562500005e+02,-8.602425850081105807e+01
4.679873906249999891e+02,-9.859710546690703836e+01
4.679876835937500346e+02,-9.371108902682163944e+01
4.679879765625000232e+02,-9.877070766488404274e+01
4.679882695312500118e+02,-8.147053818831267336e+01
4.679885625000000005e+02,-8.799075970723774276e+01
4.679888554687499891e+02,-8.297797502792948876e+01
4.679891484375000346e+02,-9.355901055960740109e+01
4.679894414062500232e+02,-8.730261100579726019e+01
4.679897343750000118e+02,-9.009283309291024011e+01
4.679900273437500005e+02,-9.816740556320965538e+01
4.679903203124999891e+02,-8.811159041006413872e+01
4.679906132812500346e+02,-7.943474546111643519e+01
4.679909062500000232e+02,-8.005846026239126445e+01
4.679911992187500118e+02,-8.343699024212220650e+01
4.679914921875000005e+02,-9.146678649807017791e+01
4.679917851562499891e+02,-8.291005961816445335e+01
4.679920781250000346e+02,-8.092941961380871874e+01
4.679923710937500232e+02,-7.901947417512091931e+01
4.679926640625000118e+02,-8.586370268781175241e+01
4.679929570312500005e+02,-8.427415023605166766e+01
4.679932499999999891e+02,-7.933286151124164576e+01
4.679935429687500346e+02,-7.906593083762356855e+01
4.679938359375000232e+02,-8.016655468773711846e+01
4.679941289062500118e+02,-7.890770803546912759e+01
4.679944218750000005e+02,-8.116091975331848118e+01
4.679947148437499891e+02,-8.705422481934132861e+01
4.679950078125000346e+02,-7.993862434313355436e+01
4.679953007812500232e+02,-8.504079258819226084e+01
4.679955937500000118e+02,-8.527729558519774855e+01
4.679958867187500005e+02,-9.532734711584740239e+01
4.679961796874999891e+02,-8.313224885792413943e+01
4.679964726562500346e+02,-8.676783515049737616e+01
4.679967656250000232e+02,-8.799306176173769245e+01
4.679970585937500118e+02,-8.438503028841383014e+01
4.679973515625000005e+02,-8.270693057792983893e+01
4.679976445312499891e+02,-8.310579876001440880e+01
4.679979375000000346e+02,-8.120699864674006108e+01
4.679982304687500232e+02,-7.945779354396263727e+01
4.679985234375000118e+02,-8.492453737266949076e+01
4.679988164062500005e+02,-8.876870064316210573e+01
4.679991093749999891e+02,-7.792515817802325273e+01
4.679994023437500346e+02,-8.244928857759956031e+01
4.679996953125000232e+02,-8.500649375358759130e+01
4.679999882812500118e+02,-8.315774633331081134e+01
4.680002812500000005e+02,-9.964481582594517306e+01
4.680005742187499891e+02,-7.915861505329340275e+01
4.680008671875000346e+02,-7.956387728534093640e+01
4.680011601562500232e+02,-8.130883894581926086e+01
4.680014531250000118e+02,-8.443846573998330030e+01
4.680017460937500005e+02,-8.003731827420529044e+01
4.680020390624999891e+02,-8.219756816425936563e+01
4.680023320312500346e+02,-8.749617465336704925e+01
4.680026250000000232e+02,-8.788766293221817705e+01
4.680029179687500118e+02,-8.046489971715936917e+01
4.680032109375000005e+02,-7.962613918815002023e+01
4.680035039062499891e+02,-8.267344044549085424e+01
4.680037968750000346e+02,-8.829985745472944814e+01
4.680040898437500232e+02,-8.294654607002809144e+01
4.680043828125000118e+02,-8.089254191493864710e+01
4.680046757812500005e+02,-9.060577548561141725e+01
4.680049687499999891e+02,-8.545455679850050501e+01
4.680052617187500346e+02,-8.851289277923004306e+01
4.680055546875000232e+02,-8.449903366140864591e+01
4.680058476562500118e+02,-7.707240429321986142e+01
4.680061406250000005e+02,-7.858026275764194679e+01
4.680064335937499891e+02,-8.019679689791783517e+01
4.680067265625000346e+02,-8.342053482361535544e+01
4.680070195312500232e+02,-8.243851907966906367e+01
4.680073125000000118e+02,-7.792595732263546893e+01
4.680076054687500005e+02,-8.362564413234294136e+01
4.680078984374999891e+02,-7.832513606477618850e+01
4.680081914062500346e+02,-7.623090670811724578e+01
4.680084843750000232e+02,-8.300623731261356397e+01
4.680087773437500118e+02,-8.535110762175675347e+01
4.680090703125000005e+02,-8.459249047176884062e+01
4.680093632812499891e+02,-7.894214648639388088e+01
4.680096562500000346e+02,-1.036575608448488026e+02
4.680099492187500232e+02,-8.261014636808855016e+01
4.680102421875000118e+02,-9.187465816314407618e+01
4.680105351562500005e+02,-8.005421073608235361e+01
4.680108281249999891e+02,-7.851002297631413285e+01
4.680111210937500346e+02,-8.199921275275725918e+01
4.680114140625000232e+02,-9.174391717787744938e+01
4.680117070312500118e+02,-9.600116730866359660e+01
4.680120000000000005e+02,-8.221924236957100618e+01
4.680122929687499891e+02,-8.214908803466393294e+01
4.680125859375000346e+02,-8.628797324656167689e+01
4.680128789062500232e+02,-8.047946135234525400e+01
4.680131718750000118e+02,-8.415752117571186375e+01
4.680134648437500005e+02,-8.559026806924501329e+01
4.680137578124999891e+02,-9.143380840035865731e+01
4.680140507812500346e+02,-8.339822358689167459e+01
4.680143437500000232e+02,-8.602540674511149632e+01
4.680146367187500118e+02,-8.240352147776590641e+01
4.680149296875000005e+02,-8.633985620379309012e+01
4.680152226562499891e+02,-8.349291023945993118e+01
4.680155156250000346e+02,-8.891434960228772866e+01
4.680158085937500232e+02,-8.593325930116188260e+01
4.680161015625000118e+02,-8.167160640184435749e+01
4.680163945312500005e+02,-7.833491793109266155e+01
4.680166874999999891e+02,-8.208449453643083871e+01
4.680169804687500346e+02,-8.926890108657607925e+01
4.680172734375000232e+02,-8.868183226736942970e+01
4.680175664062500118e+02,-8.287799154663851198e+01
4.680178593750000005e+02,-7.703016358124762064e+01
4.680181523437499891e+02,-7.551806199556844490e+01
4.680184453125000346e+02,-7.941349877278645408e+01
4.680187382812500232e+02,-8.242681752088378744e+01
4.680190312500000118e+02,-9.466303924162988892e+01
4.680193242187500005e+02,-8.877253274279544826e+01
4.680196171874999891e+02,-8.912853725469888388e+01
4.680199101562500346e+02,-9.721358068948619291e+01
4.680202031250000232e+02,-7.736197791677041380e+01
4.680204960937500118e+02,-7.945938815823967616e+01
4.680207890625000005e+02,-1.056654056431023037e+02
4.680210820312499891e+02,-8.683640823114664897e+01
4.680213750000000346e+02,-8.196972847144118646e+01
4.680216679687500232e+02,-9.486225672436262357e+01
4.680219609375000118e+02,-9.337195908019882040e+01
4.680222539062500005e+02,-8.227474910572883005e+01
4.680225468749999891e+02,-8.627112973147225716e+01
4.680228398437500346e+02,-7.844359978687951696e+01
4.680231328125000232e+02,-7.684826426898452212e+01
4.680234257812500118e+02,-8.229139918199061299e+01
4.680237187500000005e+02,-9.079390515754087687e+01
4.680240117187499891e+02,-9.172260042579392803e+01
4.680243046875000346e+02,-8.535545678568333017e+01
4.680245976562500232e+02,-9.641596543158965460e+01
4.680248906250000118e+02,-8.991823163168733402e+01
4.680251835937500005e+02,-8.289369953453368112e+01
4.680254765624999891e+02,-7.872334173216549402e+01
4.680257695312500346e+02,-9.153509404971444496e+01
4.680260625000000232e+02,-8.152221047920235719e+01
4.680263554687500118e+02,-8.059854925251673308e+01
4.680266484375000005e+02,-8.667915214360095888e+01
4.680269414062499891e+02,-8.798057263661664251e+01
4.680272343750000346e+02,-8.385821632673636827e+01
4.680275273437500232e+02,-8.009503695884987451e+01
4.680278203125000118e+02,-8.108356173794574318e+01
4.680281132812500005e+02,-7.779045783290476379e+01
4.680284062499999891e+02,-7.600675871161720920e+01
4.680286992187500346e+02,-7.565014212020632556e+01
4.680289921875000232e+02,-7.526114607871255657e+01
4.680292851562500118e+02,-7.913772419481388454e+01
4.680295781250000005e+02,-8.532815070670676505e+01
4.680298710937499891e+02,-7.944404707477139027e+01
4.680301640625000346e+02,-7.943573564119824937e+01
4.680304570312500232e+02,-8.850904369561520468e+01
4.680307500000000118e+02,-8.944416827394590541e+01
4.680310429687500005e+02,-8.507470334711143778e+01
4.680313359374999891e+02,-8.446276491916739815e+01
4.680316289062500346e+02,-8.581159290080555024e+01
4.680319218750000232e+02,-8.464860839182343000e+01
4.680322148437500118e+02,-8.977950142684059642e+01
4.680325078125000005e+02,-8.428109951610565531e+01
4.680328007812499891e+02,-8.028812273977281677e+01
4.680330937500000346e+02,-7.806184557784708034e+01
4.680333867187500232e+02,-8.036572991039561487e+01
4.680336796875000118e+02,-8.934702380898725949e+01
4.680339726562500005e+02,-7.734175086554856193e+01
4.680342656249999891e+02,-7.458747304434803027e+01
4.680345585937500346e+02,-7.875305994013830002e+01
4.680348515625000232e+02,-9.592692113597306047e+01
4.680351445312500118e+02,-9.921973053276801124e+01
4.680354375000000005e+02,-8.268345114167316012e+01
4.680357304687499891e+02,-7.969939587309384876e+01
4.680360234375000346e+02,-8.563831420059337063e+01
4.680363164062500232e+02,-7.734487936488577020e+01
4.680366093750000118e+02,-7.942788231420384193e+01
4.680369023437500005e+02,-8.101555568930068318e+01
4.680371953124999891e+02,-7.961023848816373061e+01
4.680374882812500346e+02,-8.539757375729826094e+01
4.680377812500000232e+02,-8.326388313556448395e+01
4.680380742187500118e+02,-7.953820543859207248e+01
4.680383671875000005e+02,-8.799322516950749673e+01
4.680386601562499891e+02,-7.581863609769007439e+01
4.680389531250000346e+02,-7.743827199402774397e+01
4.680392460937500232e+02,-9.211954012082634335e+01
4.680395390625000118e+02,-8.704892051661671815e+01
4.680398320312500005e+02,-8.888929098203753654e+01
4.680401249999999891e+02,-7.993675726388219971e+01
4.680404179687500346e+02,-8.036667035556527594e+01
4.680407109375000232e+02,-8.076982318564091656e+01
4.680410039062500118e+02,-7.917754557702960483e+01
4.680412968750000005e+02,-8.577160908285537744e+01
4.680415898437499891e+02,-8.369165667458051416e+01
4.680418828125000346e+02,-1.028004554934169619e+02
4.680421757812500232e+02,-8.222323395460941242e+01
4.680424687500000118e+02,-8.066913880351279431e+01
4.680427617187500005e+02,-1.001048899829966530e+02
4.680430546874999891e+02,-8.888483480716271856e+01
4.680433476562500346e+02,-8.242565416707186898e+01
4.680436406250000232e+02,-9.411055196925588007e+01
4.680439335937500118e+02,-8.334687284506416916e+01
4.680442265625000005e+02,-8.877295406151232271e+01
4.680445195312499891e+02,-8.648130454015930013e+01
4.680448125000000346e+02,-8.476191762774737981e+01
4.680451054687500232e+02,-7.841768779138830325e+01
4.680453984375000118e+02,-7.841171999641714763e+01
4.680456914062500005e+02,-8.067775717860298812e+01
4.680459843749999891e+02,-8.480012665750658130e+01
4.680462773437500346e+02,-8.038521251044170413e+01
4.680465703125000232e+02,-8.567280246326190252e+01
4.680468632812500118e+02,-8.465502363872290914e+01
4.680471562500000005e+02,-8.568632161708224260e+01
4.680474492187499891e+02,-8.040253397882359820e+01
4.680477421875000346e+02,-8.831696745465158926e+01
4.680480351562500232e+02,-8.105512421139032142e+01
4.680483281250000118e+02,-8.208680214922645746e+01
4.680486210937500005e+02,-8.061778266848429553e+01
4.680489140624999891e+02,-7.800424020840766559e+01
4.680492070312500346e+02,-8.025268375867426585e+01
4.680495000000000232e+02,-8.924507945403976805e+01
4.680497929687500118e+02,-8.745444262233019117e+01
4.680500859375000005e+02,-8.981347345147921146e+01
4.680503789062499891e+02,-9.350999940085620210e+01
4.680506718750000346e+02,-8.255143338735672387e+01
4.680509648437500232e+02,-7.546123207347594075e+01
4.680512578125000118e+02,-7.478827172205500062e+01
4.680515507812500005e+02,-7.740070955983105705e+01
4.680518437499999891e+02,-8.204889310481701159e+01
4.680521367187500346e+02,-8.022193431017015541e+01
4.680524296875000232e+02,-8.484997576885831450e+01
4.680527226562500118e+02,-8.034015775646130919e+01
4.680530156250000005e+02,-7.605774817978206670e+01
4.680533085937499891e+02,-7.854405342939001855e+01
4.680536015625000346e+02,-7.739229047414239915e+01
4.680538945312500232e+02,-9.151641540984260814e+01
4.680541875000000118e+02,-7.895665177221647468e+01
4.680544804687500005e+02,-7.823469606828523126e+01
4.680547734374999891e+02,-8.637267348988517313e+01
4.680550664062500346e+02,-8.242288282787676224e+01
4.680553593750000232e+02,-8.785662414142770160e+01
4.680556523437500118e+02,-9.796167616302078329e+01
4.680559453125000005e+02,-8.343491781591608003e+01
4.680562382812499891e+02,-8.444133200545658724e+01
4.680565312500000346e+02,-8.861188131941631241e+01
4.680568242187500232e+02,-8.375013108543916474e+01
4.680571171875000118e+02,-8.833024536694256312e+01
4.680574101562500005e+02,-9.379815336448915275e+01
4.680577031249999891e+02,-8.480922745351267622e+01
4.680579960937500346e+02,-8.482613168173620011e+01
4.680582890625000232e+02,-8.187235966547100929e+01
4.680585820312500118e+02,-8.039933040242482321e+01
4.680588750000000005e+02,-8.786277504948252215e+01
4.680591679687499891e+02,-8.357422404739951105e+01
4.680594609375000346e+02,-9.347817829844503024e+01
4.680597539062500232e+02,-8.702025994807043219e+01
4.680600468750000118e+02,-8.770008229094793251e+01
4.680603398437500005e+02,-8.233859733968402850e+01
4.680606328124999891e+02,-8.648207051133765333e+01
4.680609257812500346e+02,-1.094505762350952409e+02
4.680612187500000232e+02,-8.655084198597661782e+01
4.680615117187500118e+02,-8.282875069779720434e+01
4.680618046875000005e+02,-7.778410130345365303e+01
4.680620976562499891e+02,-7.977248529858907489e+01
4.680623906250000346e+02,-8.371612666889986087e+01
4.680626835937500232e+02,-8.205157945605178327e+01
4.680629765625000118e+02,-8.935138982895134063e+01
4.680632695312500005e+02,-9.439380939781597135e+01
4.680635624999999891e+02,-8.755144189325486082e+01
4.680638554687500346e+02,-9.157067052910464611e+01
4.680641484375000232e+02,-8.700476108898993743e+01
4.680644414062500118e+02,-8.324670445380107253e+01
4.680647343750000005e+02,-8.603123339566344896e+01
4.680650273437499891e+02,-8.190660206988972902e+01
4.680653203125000346e+02,-8.072925173045959468e+01
4.680656132812500232e+02,-8.319924270363650010e+01
4.680659062500000118e+02,-8.384373936304272945e+01
4.680661992187500005e+02,-8.215429100958846220e+01
4.680664921874999891e+02,-8.021224193244046319e+01
4.680667851562500346e+02,-7.982922777585444862e+01
4.680670781250000232e+02,-8.333535157644392655e+01
4.680673710937500118e+02,-1.078464272194336786e+02
4.680676640625000005e+02,-8.858497800047879878e+01
4.680679570312499891e+02,-9.124333215364666216e+01
4.680682500000000346e+02,-8.112326051444316022e+01
4.680685429687500232e+02,-8.287602177240734136e+01
4.680688359375000118e+02,-8.469622344053246366e+01
4.680691289062500005e+02,-8.124086959905667982e+01
4.680694218749999891e+02,-8.636000616097577165e+01
4.680697148437500346e+02,-8.130491972885127439e+01
4.680700078125000232e+02,-8.722529375905891413e+01
4.680703007812500118e+02,-8.868738525003443840e+01
4.680705937500000005e+02,-8.825793308668212944e+01
4.680708867187499891e+02,-8.836402306022833386e+01
4.680711796875000346e+02,-8.585008250913729455e+01
4.680714726562500232e+02,-8.201411602658252775e+01
4.680717656250000118e+02,-8.890647623290544743e+01
4.680720585937500005e+02,-7.989698123291931608e+01
4.680723515624999891e+02,-7.749944976645915062e+01
4.680726445312500346e+02,-8.120427288896310358e+01
4.680729375000000232e+02,-8.556389091450643036e+01
4.680732304687500118e+02,-8.363053957928573823e+01
4.680735234375000005e+02,-8.990224917141853211e+01
4.680738164062499891e+02,-8.662920787373874987e+01
4.680741093750000346e+02,-8.537813895639111195e+01
4.680744023437500232e+02,-8.679174682849631495e+01
4.680746953125000118e+02,-8.687650293060130480e+01
4.680749882812500005e+02,-8.528391660711911015e+01
4.680752812499999891e+02,-8.371879333920449540e+01
4.680755742187500346e+02,-8.529355703968329294e+01
4.680758671875000232e+02,-8.715659974034124957e+01
4.680761601562500118e+02,-9.287620920109651479e+01
4.680764531250000005e+02,-8.694693098519934438e+01
4.680767460937499891e+02,-8.554145240635932623e+01
4.680770390625000346e+02,-8.011816012454596603e+01
4.680773320312500232e+02,-8.654001508613212934e+01
4.680776250000000118e+02,-8.077301417158554386e+01
4.680779179687500005e+02,-7.817148744394172866e+01
4.680782109374999891e+02,-7.777981135705371685e+01
4.680785039062500346e+02,-8.077470618449123663e+01
4.680787968750000232e+02,-8.476965506753636248e+01
4.680790898437500118e+02,-8.977375188431122410e+01
4.680793828125000005e+02,-8.401480856970067634e+01
4.680796757812499891e+02,-7.753599169852415685e+01
4.680799687500000346e+02,-7.599606011471202294e+01
4.680802617187500232e+02,-8.620585635961781179e+01
4.680805546875000118e+02,-9.777460747526689033e+01
4.680808476562500005e+02,-8.087924994565868531e+01
4.680811406249999891e+02,-8.355515918215874649e+01
4.680814335937500346e+02,-9.204623749912407504e+01
4.680817265625000232e+02,-8.681416732564102290e+01
4.680820195312500118e+02,-8.941675371308669185e+01
4.680823125000000005e+02,-9.212507395175344982e+01
4.680826054687499891e+02,-9.085091477461149623e+01
4.680828984375000346e+02,-8.877038296278706753e+01
4.680831914062500232e+02,-8.904068739903996743e+01
4.680834843750000118e+02,-8.058232503877161435e+01
4.680837773437500005e+02,-8.342639226116490647e+01
4.680840703124999891e+02,-8.258249044443908815e+01
4.680843632812500346e+02,-8.494331187258451621e+01
4.680846562500000232e+02,-8.051876035576603385e+01
4.680849492187500118e+02,-8.268834522210721616e+01
4.680852421875000005e+02,-8.440307030721945125e+01
4.680855351562499891e+02,-8.174460545262390099e+01
4.680858281250000346e+02,-8.107414940290931327e+01
4.680861210937500232e+02,-9.173056181411043042e+01
4.680864140625000118e+02,-8.756072592671996802e+01
4.680867070312500005e+02,-8.815612898196165759e+01
4.680869999999999891e+02,-8.357772009707412053e+01
4.680872929687500346e+02,-8.401116583459128151e+01
4.680875859375000232e+02,-8.754444120196919243e+01
4.680878789062500118e+02,-8.660857342628833067e+01
4.680881718750000005e+02,-8.687480307375402333e+01
4.680884648437499891e+02,-9.078414685008820584e+01
4.680887578125000346e+02,-8.972640662509715526e+01
4.680890507812500232e+02,-8.482073016949502176e+01
4.680893437500000118e+02,-8.717705152338096752e+01
4.680896367187500005e+02,-8.672608630062434543e+01
4.680899296874999891e+02,-8.659513944235358451e+01
4.680902226562500346e+02,-8.425702365925945969e+01
4.680905156250000232e+02,-9.729524909529689580e+01
4.680908085937500118e+02,-9.409477307696226944e+01
4.680911015625000005e+02,-8.574879395039850749e+01
4.680913945312499891e+02,-8.640956539334383990e+01
4.680916875000000346e+02,-9.423179993879470828e+01
4.680919804687500232e+02,-8.812410551790522106e+01
4.680922734375000118e+02,-8.543267726528117123e+01
4.680925664062500005e+02,-8.172882765533793759e+01
4.680928593749999891e+02,-8.424851229551603637e+01
4.680931523437500346e+02,-8.084827997666752708e+01
4.680934453125000232e+02,-7.935273032731717535e+01
4.680937382812500118e+02,-8.198734981138591138e+01
4.680940312500000005e+02,-9.221141100186713402e+01
4.680943242187499891e+02,-8.721162505757982331e+01
4.680946171875000346e+02,-9.124147558129450886e+01
4.680949101562500232e+02,-8.567378831334170286e+01
4.680952031250000118e+02,-8.454357944454392282e+01
4.680954960937500005e+02,-8.546405582603911455e+01
4.680957890624999891e+02,-9.288243503382324207e+01
4.680960820312500346e+02,-8.822272854856916524e+01
4.680963750000000232e+02,-7.896397163571579370e+01
4.680966679687500118e+02,-8.206556424039362696e+01
4.680969609375000005e+02,-9.203701186857313132e+01
4.680972539062499891e+02,-8.404723148615684636e+01
4.680975468750000346e+02,-7.994899989267696583e+01
4.680978398437500232e+02,-7.880631025458075101e+01
4.680981328125000118e+02,-8.986409974856346139e+01
4.680984257812500005e+02,-9.489929343182234334e+01
4.680987187499999891e+02,-8.421695219291561330e+01
4.680990117187500346e+02,-8.415276206860559682e+01
4.680993046875000232e+02,-8.962353164287884510e+01
4.680995976562500118e+02,-8.298748122990075160e+01
4.680998906250000005e+02,-9.011526807320132093e+01
4.681001835937499891e+02,-9.055377052375118296e+01
4.681004765625000346e+02,-8.296469837978673922e+01
4.681007695312500232e+02,-7.701191713014154061e+01
4.681010625000000118e+02,-8.038199317138722222e+01
4.681013554687500005e+02,-8.931341865999550578e+01
4.681016484374999891e+02,-9.290993864495445109e+01
4.681019414062500346e+02,-9.247013182995118541e+01
4.681022343750000232e+02,-9.128679474629331025e+01
4.681025273437500118e+02,-9.009633526593867714e+01
4.681028203125000005e+02,-8.404320995621547752e+01
4.681031132812499891e+02,-8.528171272035274342e+01
4.681034062500000346e+02,-9.293452197198080000e+01
4.681036992187500232e+02,-8.215249396266182202e+01
4.681039921875000118e+02,-8.649904363299029342e+01
4.681042851562500005e+02,-8.234617691744168155e+01
4.681045781249999891e+02,-8.193107772488244223e+01
4.681048710937500346e+02,-8.620493153382101070e+01
4.681051640625000232e+02,-9.233461624175271254e+01
4.681054570312500118e+02,-8.947658859390546127e+01
4.681057500000000005e+02,-8.640408147191054411e+01
4.681060429687499891e+02,-8.778594861592827669e+01
4.681063359375000346e+02,-8.609981966494177641e+01
4.681066289062500232e+02,-8.324925244482869857e+01
4.681069218750000118e+02,-8.227401591942748382e+01
4.681072148437500005e+02,-8.670438224117619086e+01
4.681075078124999891e+02,-8.703933397349865686e+01
4.681078007812500346e+02,-8.529541588221725590e+01
4.681080937500000232e+02,-8.531771553953339549e+01
4.681083867187500118e+02,-8.609109785537611970e+01
4.681086796875000005e+02,-8.544433705749148089e+01
4.681089726562499891e+02,-8.323052828334944309e+01
4.681092656250000346e+02,-8.590289947150904482e+01
4.681095585937500232e+02,-8.624441019991478186e+01
4.681098515625000118e+02,-8.897620684209270792e+01
4.681101445312500005e+02,-8.932706833830491178e+01
4.681104374999999891e+02,-8.651400930467148953e+01
4.681107304687500346e+02,-8.999664062112745455e+01
4.681110234375000232e+02,-8.143162394452016883e+01
4.681113164062500118e+02,-8.189982848357539069e+01
4.681116093750000005e+02,-1.071363758610590935e+02
4.681119023437499891e+02,-7.835298880565532897e+01
4.681121953125000346e+02,-8.044710459780392853e+01
4.681124882812500232e+02,-8.443890154388745373e+01
4.681127812500000118e+02,-9.022281111685799715e+01
4.681130742187500005e+02,-9.202478516411878218e+01
4.681133671874999891e+02,-9.215806296267811604e+01
4.681136601562500346e+02,-8.657597303720922355e+01
4.681139531250000232e+02,-7.958565860901791211e+01
4.681142460937500118e+02,-8.354113200152886520e+01
4.681145390625000005e+02,-8.666099092598562947e+01
4.681148320312499891e+02,-8.448051888671029985e+01
4.681151250000000346e+02,-9.033187930250939246e+01
4.681154179687500232e+02,-8.745559205988350016e+01
4.681157109375000118e+02,-9.203547550179807502e+01
4.681160039062500005e+02,-8.778126047130339771e+01
4.681162968749999891e+02,-8.386877707899765255e+01
4.681165898437500346e+02,-8.703945449704612258e+01
4.681168828125000232e+02,-9.224597121916781362e+01
4.681171757812500118e+02,-8.890808767070190299e+01
4.681174687500000005e+02,-8.421563867608145415e+01
4.681177617187499891e+02,-9.717527667273535030e+01
4.681180546875000346e+02,-8.766900032205529669e+01
4.681183476562500232e+02,-8.516360738664603502e+01
4.681186406250000118e+02,-9.689131103674088763e+01
4.681189335937500005e+02,-9.023432259764904018e+01
4.681192265624999891e+02,-8.332778448503151481e+01
4.681195195312500346e+02,-8.724893888501145511e+01
4.681198125000000232e+02,-8.812846477282286628e+01
4.681201054687500118e+02,-8.661686473000175113e+01
4.681203984375000005e+02,-9.277136895777759662e+01
4.681206914062499891e+02,-8.312821433006200778e+01
4.681209843750000346e+02,-8.396990803196294451e+01
4.681212773437500232e+02,-8.423531569649362893e+01
4.681215703125000118e+02,-8.384414945896185145e+01
4.681218632812500005e+02,-9.801883713670120812e+01
4.681221562499999891e+02,-1.020671702743825762e+02
4.681224492187500346e+02,-8.882926443671090055e+01
4.681227421875000232e+02,-9.206055752693829675e+01
4.681230351562500118e+02,-1.013712620433238385e+02
4.681233281250000005e+02,-8.536922980958527774e+01
4.681236210937499891e+02,-8.717056231150992573e+01
4.681239140625000346e+02,-8.332137765085222725e+01
4.681242070312500232e+02,-1.021967048058920682e+02
4.681245000000000118e+02,-8.572321524951482274e+01
4.681247929687500005e+02,-8.715671271776602680e+01
4.681250859374999891e+02,-8.519133631976285415e+01
4.681253789062500346e+02,-8.495367233972504550e+01
4.681256718750000232e+02,-9.127596684539911109e+01
4.681259648437500118e+02,-9.129590441636985076e+01
4.681262578125000005e+02,-8.312240924940978459e+01
4.681265507812499891e+02,-8.688768375597454963e+01
4.681268437500000346e+02,-8.877399346377947609e+01
4.681271367187500232e+02,-8.836776342555342012e+01
4.681274296875000118e+02,-8.869261552055777997e+01
4.681277226562500005e+02,-8.884772810178699842e+01
4.681280156249999891e+02,-9.542595405856687307e+01
4.681283085937500346e+02,-1.006451584679181224e+02
4.681286015625000232e+02,-9.027276264506613757e+01
4.681288945312500118e+02,-8.484047379118310062e+01
4.681291875000000005e+02,-8.877976566588458240e+01
4.681294804687499891e+02,-9.175369298304970300e+01
4.681297734375000346e+02,-9.797056096103756317e+01
4.681300664062500232e+02,-8.826928001488067821e+01
4.681303593750000118e+02,-7.899838005332057378e+01
4.681306523437500005e+02,-7.988192609507858322e+01
4.681309453124999891e+02,-8.953141608901040627e+01
4.681312382812500346e+02,-9.127894646359737862e+01
4.681315312500000232e+02,-8.753760708358448994e+01
4.681318242187500118e+02,-9.380287469464184369e+01
4.681321171875000005e+02,-8.907316639704643535e+01
4.681324101562499891e+02,-8.045100724452849761e+01
4.681327031250000346e+02,-7.966941628037760381e+01
4.681329960937500232e+02,-8.384491063134282740e+01
4.681332890625000118e+02,-8.017353157708620870e+01
4.681335820312500005e+02,-9.500709043802947917e+01
4.681338749999999891e+02,-9.258320813192997889e+01
4.681341679687500346e+02,-8.347447236123488779e+01
4.681344609375000232e+02,-8.043559877235284716e+01
4.681347539062500118e+02,-8.780713876354951708e+01
4.681350468750000005e+02,-8.349757234630456537e+01
4.681353398437499891e+02,-8.349825674445845891e+01
4.681356328125000346e+02,-8.632541983428735932e+01
4.681359257812500232e+02,-9.277191037148219266e+01
4.681362187500000118e+02,-9.056558172782789029e+01
4.681365117187500005e+02,-8.730324188562713061e+01
4.681368046874999891e+02,-8.401421702742777597e+01
4.681370976562500346e+02,-7.793521560540912674e+01
4.681373906250000232e+02,-8.028186675464019117e+01
4.681376835937500118e+02,-8.380123482313203453e+01
4.681379765625000005e+02,-7.846960641197387076e+01
4.681382695312499891e+02,-7.812517280858128288e+01
4.681385625000000346e+02,-8.468842708032836697e+01
4.681388554687500232e+02,-8.138321018390993800e+01
4.681391484375000118e+02,-8.484330026806061653e+01
4.681394414062500005e+02,-8.539327588085524212e+01
4.681397343749999891e+02,-8.910938540365671656e+01
4.681400273437500346e+02,-9.130469176688907851e+01
4.681403203125000232e+02,-9.000754071343186524e+01
4.681406132812500118e+02,-8.169306280886240756e+01
4.681409062500000005e+02,-8.107911340445873805e+01
4.681411992187499891e+02,-8.466891052941264206e+01
4.681414921875000346e+02,-8.486868143614829307e+01
4.681417851562500232e+02,-8.329580940162196612e+01
4.681420781250000118e+02,-8.269396500596019450e+01
4.681423710937500005e+02,-9.124127397762428870e+01
4.681426640624999891e+02,-9.257810842177364918e+01
4.681429570312500346e+02,-8.899612172833360546e+01
4.681432500000000232e+02,-8.856489804420061773e+01
4.681435429687500118e+02,-8.785649368955861860e+01
4.681438359375000005e+02,-8.433667537806945802e+01
4.681441289062499891e+02,-7.877843968648299722e+01
4.681444218750000346e+02,-8.217225255176893484e+01
4.681447148437500232e+02,-9.720418856540362640e+01
4.681450078125000118e+02,-9.250825423388857871e+01
4.681453007812500005e+02,-8.575671170040766356e+01
4.681455937499999891e+02,-8.366736604627922702e+01
4.681458867187500346e+02,-8.171673513834845437e+01
4.681461796875000232e+02,-8.859796990442524134e+01
4.681464726562500118e+02,-8.199512683559399306e+01
4.681467656250000005e+02,-8.153813717344407053e+01
4.681470585937499891e+02,-8.246100841636420853e+01
4.681473515625000346e+02,-8.955600095560851059e+01
4.681476445312500232e+02,-8.744138556842939636e+01
4.681479375000000118e+02,-8.627133521060292765e+01
4.681482304687500005e+02,-8.275348255952391696e+01
4.681485234374999891e+02,-8.306189116773181524e+01
4.681488164062500346e+02,-8.310487978307466506e+01
4.681491093750000232e+02,-9.603028652623456196e+01
4.681494023437500118e+02,-8.570247607874915730e+01
4.681496953125000005e+02,-9.916415687155259207e+01
4.681499882812499891e+02,-8.911004776715566322e+01
4.681502812500000346e+02,-9.997232822884902248e+01
4.681505742187500232e+02,-9.153707187785377641e+01
4.681508671875000118e+02,-7.999855821380327825e+01
4.681511601562500005e+02,-9.256900878195735061e+01
4.681514531249999891e+02,-8.860739202200626607e+01
4.681517460937500346e+02,-8.158558421544780970e+01
4.681520390625000232e+02,-7.764263246797040097e+01
4.681523320312500118e+02,-8.322989054088695582e+01
4.681526250000000005e+02,-8.330493690972842558e+01
4.681529179687499891e+02,-7.993024870393263370e+01
4.681532109375000346e+02,-7.857244105406040546e+01
4.681535039062500232e+02,-9.058606201642014355e+01
4.681537968750000118e+02,-8.401962174474518008e+01
4.681540898437500005e+02,-8.405402477370074621e+01
4.681543828124999891e+02,-8.503858764005693160e+01
4.681546757812500346e+02,-8.437478003056762077e+01
4.681549687500000232e+02,-7.879662409896083375e+01
4.681552617187500118e+02,-7.949069152174585895e+01
4.681555546875000005e+02,-8.398558625878776240e+01
4.681558476562499891e+02,-8.210870355718907376e+01
4.681561406250000346e+02,-8.676897988943375140e+01
4.681564335937500232e+02,-9.362305208611671503e+01
4.681567265625000118e+02,-8.553711969886100519e+01
4.681570195312500005e+02,-9.117742532427676849e+01
4.681573124999999891e+02,-8.627433998588722375e+01
4.681576054687500346e+02,-8.459852309113321667e+01
4.681578984375000232e+02,-9.255554117312178164e+01
4.681581914062500118e+02,-9.540310172115690079e+01
4.681584843750000005e+02,-1.070323736599184627e+02
4.681587773437499891e+02,-1.070879755125666293e+02
4.681590703125000346e+02,-9.183488982309998505e+01
4.681593632812500232e+02,-8.388754898345766264e+01
4.681596562500000118e+02,-8.131063102856913360e+01
4.681599492187500005e+02,-8.590071576817626919e+01
4.681602421874999891e+02,-8.421823077794500989e+01
4.681605351562500346e+02,-8.983517284595183128e+01
4.681608281250000232e+02,-8.249772799604114937e+01
4.681611210937500118e+02,-8.016059440281642878e+01
4.681614140625000005e+02,-8.569706390668957852e+01
4.681617070312499891e+02,-8.994847545642684850e+01
4.681620000000000346e+02,-9.033510395146780070e+01
4.681622929687500232e+02,-8.709053085669222583e+01
4.681625859375000118e+02,-8.150594182619713024e+01
4.681628789062500005e+02,-8.471922373561545783e+01
4.681631718749999891e+02,-8.279142639786005020e+01
4.681634648437500346e+02,-8.152337585145863841e+01
4.681637578125000232e+02,-8.996981988476966308e+01
4.681640507812500118e+02,-8.624517883965800991e+01
4.681643437500000005e+02,-8.381103231917323626e+01
4.681646367187499891e+02,-7.831589996879131377e+01
4.681649296875000346e+02,-7.953726196525400383e+01
4.681652226562500232e+02,-7.967802977787833640e+01
4.681655156250000118e+02,-7.813712592470194807e+01
4.681658085937500005e+02,-8.016935608918755918e+01
4.681661015624999891e+02,-8.723925666994234973e+01
4.681663945312500346e+02,-8.738859290366234234e+01
4.681666875000000232e+02,-8.386618899565326046e+01
4.681669804687500118e+02,-8.772144410123006253e+01
4.681672734375000005e+02,-9.004569979135185065e+01
4.681675664062499891e+02,-8.878677372143823732e+01
4.681678593750000346e+02,-7.845755269704551438e+01
4.681681523437500232e+02,-8.061517011123113718e+01
4.681684453125000118e+02,-8.672295003671736424e+01
4.681687382812500005e+02,-8.374501010777535726e+01
4.681690312499999891e+02,-9.108548762734429260e+01
4.681693242187500346e+02,-8.630451674893501490e+01
4.681696171875000232e+02,-8.405531728943701353e+01
4.681699101562500118e+02,-8.696160624531346173e+01
4.681702031250000005e+02,-8.528757370164382223e+01
4.681704960937499891e+02,-8.412787077991643514e+01
4.681707890625000346e+02,-8.795798562707346946e+01
4.681710820312500232e+02,-8.382645346351336002e+01
4.681713750000000118e+02,-8.213717298709526915e+01
4.681716679687500005e+02,-8.222563785025801053e+01
4.681719609374999891e+02,-7.963741197198910982e+01
4.681722539062500346e+02,-7.894891729295503069e+01
4.681725468750000232e+02,-7.798358542722930054e+01
4.681728398437500118e+02,-8.031734594544843731e+01
4.681731328125000005e+02,-8.540324542833245403e+01
4.681734257812499891e+02,-8.487123652612555702e+01
4.681737187500000346e+02,-8.483935704366471953e+01
4.681740117187500232e+02,-7.973871151115409361e+01
4.681743046875000118e+02,-8.239284398836701939e+01
4.681745976562500005e+02,-9.197398122206530502e+01
4.681748906249999891e+02,-8.809907234373466167e+01
4.681751835937500346e+02,-8.232163488084106007e+01
4.681754765625000232e+02,-8.941542699021233886e+01
4.681757695312500118e+02,-8.800314970283480420e+01
4.681760625000000005e+02,-8.911703736686426680e+01
4.681763554687499891e+02,-7.740320890138023913e+01
4.681766484375000346e+02,-9.984817319438337790e+01
4.681769414062500232e+02,-7.881827827958836963e+01
4.681772343750000118e+02,-8.277560481401168602e+01
4.681775273437500005e+02,-8.495311824319200866e+01
4.681778203124999891e+02,-9.937354677956082583e+01
4.681781132812500346e+02,-8.717123369335840266e+01
4.681784062500000232e+02,-8.889841669899057308e+01
4.681786992187500118e+02,-8.847307663399858768e+01
4.681789921875000005e+02,-9.218021111921068211e+01
4.681792851562499891e+02,-1.004319988024223989e+02
4.681795781250000346e+02,-8.669939152325896714e+01
4.681798710937500232e+02,-8.735916209787275477e+01
4.681801640625000118e+02,-8.570299370907802938e+01
4.681804570312500005e+02,-8.366817194169760796e+01
4.681807499999999891e+02,-8.876253380874123877e+01
4.681810429687500346e+02,-8.715728527288929683e+01
4.681813359375000232e+02,-8.430112126107003689e+01
4.681816289062500118e+02,-8.696776824447850629e+01
4.681819218750000005e+02,-8.105359983953201208e+01
4.681822148437499891e+02,-8.604225377970651323e+01
4.681825078125000346e+02,-9.534442655745209549e+01
4.681828007812500232e+02,-8.426724079646631083e+01
4.681830937500000118e+02,-8.092737417129023925e+01
4.681833867187500005e+02,-8.248762364606413655e+01
4.681836796874999891e+02,-8.584922900780344435e+01
4.681839726562500346e+02,-8.356099689721190771e+01
4.681842656250000232e+02,-8.113453187079444717e+01
4.681845585937500118e+02,-8.156425629228442631e+01
4.681848515625000005e+02,-8.276592944978246180e+01
4.681851445312499891e+02,-9.831470172961594756e+01
4.681854375000000346e+02,-9.295737533688189558e+01
4.681857304687500232e+02,-8.740901190677720933e+01
4.681860234375000118e+02,-8.615839810388644082e+01
4.681863164062500005e+02,-8.975327809213906960e+01
4.681866093749999891e+02,-9.290269526819429302e+01
4.681869023437500346e+02,-8.339840015868283274e+01
4.681871953125000232e+02,-8.533537047659442010e+01
4.681874882812500118e+02,-8.222244072146780525e+01
4.681877812500000005e+02,-8.029570755524221681e+01
4.681880742187499891e+02,-8.379437701961217044e+01
4.681883671875000346e+02,-8.578060007975750523e+01
4.681886601562500232e+02,-8.308012049971165425e+01
4.681889531250000118e+02,-9.222340271297049696e+01
4.681892460937500005e+02,-8.456701916840475519e+01
4.681895390624999891e+02,-8.502535411334163484e+01
4.681898320312500346e+02,-9.797718586069565561e+01
4.681901250000000232e+02,-7.835954778609745119e+01
4.681904179687500118e+02,-7.795916787951750848e+01
4.681907109375000005e+02,-8.605174667644487840e+01
4.681910039062499891e+02,-9.301031667063946884e+01
4.681912968750000346e+02,-8.335300775336651213e+01
4.681915898437500232e+02,-8.210212161286153787e+01
4.681918828125000118e+02,-8.254178620497421548e+01
4.681921757812500005e+02,-1.002231920882892524e+02
4.681924687499999891e+02,-8.598928914935578405e+01
4.681927617187500346e+02,-8.859052893683893615e+01
4.681930546875000232e+02,-8.172845789695429630e+01
4.681933476562500118e+02,-8.178263708921144826e+01
4.681936406250000005e+02,-8.489300560328030087e+01
4.681939335937499891e+02,-8.665952443751622525e+01
4.681942265625000346e+02,-8.894576150250958335e+01
4.681945195312500232e+02,-8.726433133472612269e+01
4.681948125000000118e+02,-8.528623337037603847e+01
4.681951054687500005e+02,-8.550631438189918754e+01
4.681953984374999891e+02,-8.682945425367097414e+01
4.681956914062500346e+02,-8.749298897730338354e+01
4.681959843750000232e+02,-8.251683449493805256e+01
4.681962773437500118e+02,-9.794001035443298520e+01
4.681965703125000005e+02,-8.320689745320252939e+01
4.681968632812499891e+02,-8.145463681841356163e+01
4.681971562500000346e+02,-8.679680821302753202e+01
4.681974492187500232e+02,-8.932940862423117778e+01
4.681977421875000118e+02,-8.843039435509896862e+01
4.681980351562500005e+02,-8.258165283041769555e+01
4.681983281249999891e+02,-8.021531293779383986e+01
4.681986210937500346e+02,-7.801264531872007524e+01
4.681989140625000232e+02,-7.921703401517405041e+01
4.681992070312500118e+02,-9.416264271158352983e+01
4.681995000000000005e+02,-8.580868598776652334e+01
4.681997929687499891e+02,-8.336739190812492950e+01
4.682000859375000346e+02,-9.489216883655291213e+01
4.682003789062500232e+02,-8.161240409892998571e+01
4.682006718750000118e+02,-1.048047924966624862e+02
4.682009648437500005e+02,-8.978541576618340514e+01
4.682012578124999891e+02,-8.391929663372884818e+01
4.682015507812500346e+02,-8.746232031578399813e+01
4.682018437500000232e+02,-9.061156524409994972e+01
4.682021367187500118e+02,-8.766304781010036606e+01
4.682024296875000005e+02,-9.457370192399152131e+01
4.682027226562499891e+02,-8.564052521795468920e+01
4.682030156250000346e+02,-9.011212694643626264e+01
4.682033085937500232e+02,-8.828317437684768265e+01
4.682036015625000118e+02,-8.844224716935349306e+01
4.682038945312500005e+02,-8.364255559601899392e+01
4.682041874999999891e+02,-8.960290418739197094e+01
4.682044804687500346e+02,-8.154246163107043799e+01
4.682047734375000232e+02,-9.584979690236549743e+01
4.682050664062500118e+02,-8.577928843829077721e+01
4.682053593750000005e+02,-8.577331268016321530e+01
4.682056523437499891e+02,-9.268782585920422434e+01
4.682059453125000346e+02,-8.672896298126211434e+01
4.682062382812500232e+02,-8.832585009072789717e+01
4.682065312500000118e+02,-8.850177505357206087e+01
4.682068242187500005e+02,-8.913048837223543330e+01
4.682071171874999891e+02,-9.516404586970610069e+01
4.682074101562500346e+02,-8.885357456738562121e+01
4.682077031250000232e+02,-8.727965934307053431e+01
4.682079960937500118e+02,-9.199235090241693058e+01
4.682082890625000005e+02,-8.184136437735813274e+01
4.682085820312499891e+02,-8.101475571742813031e+01
4.682088750000000346e+02,-8.285600513767838038e+01
4.682091679687500232e+02,-8.531505738425920526e+01
4.682094609375000118e+02,-9.106220941289579685e+01
4.682097539062500005e+02,-9.613454565071732816e+01
4.682100468749999891e+02,-9.138566607537410391e+01
4.682103398437500346e+02,-9.164585887063023506e+01
4.682106328125000232e+02,-8.335491630701869781e+01
4.682109257812500118e+02,-8.231469062369055223e+01
4.682112187500000005e+02,-8.239030080243236398e+01
4.682115117187499891e+02,-8.713104762840740136e+01
4.682118046875000346e+02,-8.219310263209973755e+01
4.682120976562500232e+02,-8.674266083997051169e+01
4.682123906250000118e+02,-9.141173906531447813e+01
4.682126835937500005e+02,-8.709211546149876426e+01
4.682129765624999891e+02,-8.803342485242913540e+01
4.682132695312500346e+02,-8.343859927461633674e+01
4.682135625000000232e+02,-8.404561197215804214e+01
4.682138554687500118e+02,-8.687941787646369107e+01
4.682141484375000005e+02,-8.033566662414006032e+01
4.682144414062499891e+02,-8.237441031487625764e+01
4.682147343750000346e+02,-9.688271399413551421e+01
4.682150273437500232e+02,-8.877422565394329013e+01
4.682153203125000118e+02,-8.820707364892966496e+01
4.682156132812500005e+02,-7.734791053710675612e+01
4.682159062499999891e+02,-7.876221882814456876e+01
4.682161992187500346e+02,-8.287029709648697917e+01
4.682164921875000232e+02,-8.530457300225030792e+01
4.682167851562500118e+02,-8.425591476237070765e+01
4.682170781250000005e+02,-8.510083868796711215e+01
4.682173710937499891e+02,-8.557343838706522376e+01
4.682176640625000346e+02,-8.379677118683042636e+01
4.682179570312500232e+02,-8.279231609905893663e+01
4.682182500000000118e+02,-8.618512866159186103e+01
4.682185429687500005e+02,-9.315869700143493048e+01
4.682188359374999891e+02,-9.032772300564229795e+01
4.682191289062500346e+02,-8.993060791893992700e+01
4.682194218750000232e+02,-8.536850502395566309e+01
4.682197148437500118e+02,-8.334909905304792233e+01
4.682200078125000005e+02,-8.815464538842482511e+01
4.682203007812499891e+02,-9.667246664871359485e+01
4.682205937500000346e+02,-8.350789405684912481e+01
4.682208867187500232e+02,-8.479112413836398332e+01
4.682211796875000118e+02,-8.450005913187206374e+01
4.682214726562500005e+02,-8.937792220941234689e+01
4.682217656249999891e+02,-8.593655181081656735e+01
4.682220585937500346e+02,-8.506740995267196581e+01
4.682223515625000232e+02,-9.403649069280331219e+01
4.682226445312500118e+02,-8.449770554915872367e+01
4.682229375000000005e+02,-8.429962817034987665e+01
4.682232304687499891e+02,-8.493912709393333671e+01
4.682235234375000346e+02,-8.522250802292786886e+01
4.682238164062500232e+02,-9.381191753525359900e+01
4.682241093750000118e+02,-8.450453617495783476e+01
4.682244023437500005e+02,-8.245892118660479753e+01
4.682246953124999891e+02,-9.088081038739177586e+01
4.682249882812500346e+02,-8.255724621017009213e+01
4.682252812500000232e+02,-8.237567913392281582e+01
4.682255742187500118e+02,-8.887532683769750008e+01
4.682258671875000005e+02,-8.956935144260935999e+01
4.682261601562499891e+02,-8.804747178558203302e+01
4.682264531250000346e+02,-9.027141086053023855e+01
4.682267460937500232e+02,-8.671997575124046875e+01
4.682270390625000118e+02,-8.196166990741471636e+01
4.682273320312500005e+02,-8.629363814202518768e+01
4.682276249999999891e+02,-9.103558418808376018e+01
4.682279179687500346e+02,-9.082631309135149422e+01
4.682282109375000232e+02,-8.534921422432384475e+01
4.682285039062500118e+02,-7.881974188794539771e+01
4.682287968750000005e+02,-8.389232841056116285e+01
4.682290898437499891e+02,-9.743421215516110578e+01
4.682293828125000346e+02,-9.306199965319576961e+01
4.682296757812500232e+02,-9.249250177443146015e+01
4.682299687500000118e+02,-8.942349654260280545e+01
4.682302617187500005e+02,-9.893160125807818872e+01
4.682305546874999891e+02,-8.573037458226997387e+01
4.682308476562500346e+02,-8.462733531316546021e+01
4.682311406250000232e+02,-8.356489117763395313e+01
4.682314335937500118e+02,-8.184144622687014703e+01
4.682317265625000005e+02,-9.256952021705529887e+01
4.682320195312499891e+02,-1.018354392324974214e+02
4.682323125000000346e+02,-8.728988858884935098e+01
4.682326054687500232e+02,-8.268099691460801637e+01
4.682328984375000118e+02,-7.942473727141562279e+01
4.682331914062500005e+02,-8.665612723464855094e+01
4.682334843749999891e+02,-9.258077130236773655e+01
4.682337773437500346e+02,-8.173741539264938183e+01
4.682340703125000232e+02,-8.176677537181143407e+01
4.682343632812500118e+02,-9.246103216746089970e+01
4.682346562500000005e+02,-8.642241194503112922e+01
4.682349492187499891e+02,-8.454580226221465011e+01
4.682352421875000346e+02,-9.091153882304574552e+01
4.682355351562500232e+02,-9.257448772332392650e+01
4.682358281250000118e+02,-9.606857118577899257e+01
4.682361210937500005e+02,-8.740720730574884101e+01
4.682364140624999891e+02,-8.781598540723410906e+01
4.682367070312500346e+02,-8.644456984153002566e+01
4.682370000000000232e+02,-8.571139860303719615e+01
4.682372929687500118e+02,-8.506782183772531880e+01
4.682375859375000005e+02,-8.285856863298391772e+01
4.682378789062499891e+02,-9.129416924179615478e+01
4.682381718750000346e+02,-8.732134589355538878e+01
4.682384648437500232e+02,-8.991358424240536351e+01
4.682387578125000118e+02,-8.692026484349312909e+01
4.682390507812500005e+02,-9.284679247572684346e+01
4.682393437499999891e+02,-8.593866389216415769e+01
4.682396367187500346e+02,-8.167616327878086224e+01
4.682399296875000232e+02,-8.554803209295099009e+01
4.682402226562500118e+02,-8.783469844124456927e+01
4.682405156250000005e+02,-8.669733347670205603e+01
4.682408085937499891e+02,-8.706380392704758719e+01
4.682411015625000346e+02,-9.424316397389459610e+01
4.682413945312500232e+02,-8.836432499582267042e+01
4.682416875000000118e+02,-8.998048871223053879e+01
4.682419804687500005e+02,-8.505478388846583471e+01
4.682422734374999891e+02,-9.436272657586539481e+01
4.682425664062500346e+02,-8.743838774078297149e+01
4.682428593750000232e+02,-8.262376403959353866e+01
4.682431523437500118e+02,-8.140480913339580127e+01
4.682434453125000005e+02,-7.898088154592065280e+01
4.682437382812499891e+02,-8.521908915722484323e+01
4.682440312500000346e+02,-8.698924520263457794e+01
4.682443242187500232e+02,-1.051727254318746674e+02
4.682446171875000118e+02,-8.501098495442504088e+01
4.682449101562500005e+02,-8.306362139272042100e+01
4.682452031249999891e+02,-8.267411994327162006e+01
4.682454960937500346e+02,-9.304361090030744208e+01
4.682457890625000232e+02,-8.950896500726202021e+01
4.682460820312500118e+02,-9.509895810172247366e+01
4.682463750000000005e+02,-8.831985859978884434e+01
4.682466679687499891e+02,-9.030971772223536220e+01
4.682469609375000346e+02,-8.993276137564856754e+01
4.682472539062500232e+02,-8.741098961441032600e+01
4.682475468750000118e+02,-8.978103609998319712e+01
4.682478398437500005e+02,-8.768300669971023353e+01
4.682481328124999891e+02,-8.307399108829321221e+01
4.682484257812500346e+02,-9.262140914921381807e+01
4.682487187500000232e+02,-8.698442374595559556e+01
4.682490117187500118e+02,-9.246917629065083588e+01
4.682493046875000005e+02,-8.581496095423628390e+01
4.682495976562499891e+02,-8.302625633721368104e+01
4.682498906250000346e+02,-8.788263369857483553e+01
4.682501835937500232e+02,-8.556191485333835089e+01
4.682504765625000118e+02,-8.433705500238025365e+01
4.682507695312500005e+02,-8.320454470709714201e+01
4.682510624999999891e+02,-9.541877045204138597e+01
4.682513554687500346e+02,-8.663498255450662100e+01
4.682516484375000232e+02,-9.183424525733379085e+01
4.682519414062500118e+02,-8.706218640318218149e+01
4.682522343750000005e+02,-9.455091664896086456e+01
4.682525273437499891e+02,-8.456430040091387923e+01
4.682528203125000346e+02,-9.165386316140433109e+01
4.682531132812500232e+02,-8.851475566974980325e+01
4.682534062500000118e+02,-8.439211141583103881e+01
4.682536992187500005e+02,-8.208206387867627996e+01
4.682539921874999891e+02,-9.221208947745665796e+01
4.682542851562500346e+02,-8.297361421796341574e+01
4.682545781250000232e+02,-8.610162116638413465e+01
4.682548710937500118e+02,-1.007821942542334313e+02
4.682551640625000005e+02,-9.051544644665803219e+01
4.682554570312499891e+02,-1.030714352032380674e+02
4.682557500000000346e+02,-8.484117460620018392e+01
4.682560429687500232e+02,-8.497535256737600662e+01
4.682563359375000118e+02,-1.012980976299172937e+02
4.682566289062500005e+02,-8.686781597494672269e+01
4.682569218749999891e+02,-8.574123338217532364e+01
4.682572148437500346e+02,-8.595642983163655515e+01
4.682575078125000232e+02,-8.256283923323817930e+01
4.682578007812500118e+02,-8.662194878999176240e+01
4.682580937500000005e+02,-8.714869709022369193e+01
4.682583867187499891e+02,-8.415688081252731934e+01
4.682586796875000346e+02,-8.437080687375777188e+01
4.682589726562500232e+02,-9.222937065071803886e+01
4.682592656250000118e+02,-9.153115325652480294e+01
4.682595585937500005e+02,-9.539727428273104692e+01
4.682598515624999891e+02,-1.029696845969544086e+02
4.682601445312500346e+02,-8.720369386090467856e+01
4.682604375000000232e+02,-8.711249701943475543e+01
4.682607304687500118e+02,-9.579207002043814612e+01
4.682610234375000005e+02,-9.279003653742358892e+01
4.682613164062499891e+02,-8.761242941608526280e+01
4.682616093750000346e+02,-9.015411017371023661e+01
4.682619023437500232e+02,-8.813470196962755665e+01
4.682621953125000118e+02,-9.418457333414579580e+01
4.682624882812500005e+02,-9.822586645386608950e+01
4.682627812499999891e+02,-8.586898381123464219e+01
4.682630742187500346e+02,-9.640448021830223979e+01
4.682633671875000232e+02,-9.175110762364812445e+01
4.682636601562500118e+02,-8.525475625406228630e+01
4.682639531250000005e+02,-8.783440849225976876e+01
4.682642460937499891e+02,-8.788616906940742979e+01
4.682645390625000346e+02,-9.576208897720013624e+01
4.682648320312500232e+02,-8.434650542983510491e+01
4.682651250000000118e+02,-8.851895059795849363e+01
4.682654179687500005e+02,-9.379649154298363101e+01
4.682657109374999891e+02,-8.858244886187745237e+01
4.682660039062500346e+02,-8.496393101279193161e+01
4.682662968750000232e+02,-8.282131446362457439e+01
4.682665898437500118e+02,-8.443634409714385924e+01
4.682668828125000005e+02,-9.205996586027066542e+01
4.682671757812499891e+02,-8.269859667801235048e+01
4.682674687500000346e+02,-8.431605977149972375e+01
4.682677617187500232e+02,-8.779184683810933620e+01
4.682680546875000118e+02,-8.137830595324265914e+01
4.682683476562500005e+02,-9.024283769081206685e+01
4.682686406249999891e+02,-9.072597837543577270e+01
4.682689335937500346e+02,-9.409646832990458165e+01
4.682692265625000232e+02,-8.791559261437194550e+01
4.682695195312500118e+02,-8.402145951803154844e+01
4.682698125000000005e+02,-8.229245871553685276e+01
4.682701054687499891e+02,-8.836327260109604254e+01
4.682703984375000346e+02,-8.515131157776137627e+01
4.682706914062500232e+02,-8.286576145094672086e+01
4.682709843750000118e+02,-8.501379562219304376e+01
4.682712773437500005e+02,-8.793742011116367507e+01
4.682715703124999891e+02,-8.476424836332159884e+01
4.682718632812500346e+02,-8.162413670594227710e+01
4.682721562500000232e+02,-8.835861207732102685e+01
4.682724492187500118e+02,-7.902771337017263420e+01
4.682727421875000005e+02,-8.014654762356195761e+01
4.682730351562499891e+02,-8.207723525205858550e+01
4.682733281250000346e+02,-8.008683909548629742e+01
4.682736210937500232e+02,-8.706468858918084663e+01
4.682739140625000118e+02,-8.669291363580461507e+01
4.682742070312500005e+02,-8.722114737370758064e+01
4.682744999999999891e+02,-8.914957957295337110e+01
4.682747929687500346e+02,-1.039254150140308752e+02
4.682750859375000232e+02,-8.358290534043995024e+01
4.682753789062500118e+02,-8.632939147396240287e+01
4.682756718750000005e+02,-8.662371348912253666e+01
4.682759648437499891e+02,-8.924833671039652927e+01
4.682762578125000346e+02,-8.749321206114031213e+01
4.682765507812500232e+02,-8.013437762874809778e+01
4.682768437500000118e+02,-8.240204311481406307e+01
4.682771367187500005e+02,-8.908699061995635304e+01
4.682774296874999891e+02,-9.141354782049376126e+01
4.682777226562500346e+02,-9.487937122729985617e+01
4.682780156250000232e+02,-9.554519693754242837e+01
4.682783085937500118e+02,-9.083087326265483341e+01
4.682786015625000005e+02,-9.034817957946346212e+01
4.682788945312499891e+02,-8.907955250537652603e+01
4.682791875000000346e+02,-8.433706780808387293e+01
4.682794804687500232e+02,-8.513964005048846673e+01
4.682797734375000118e+02,-9.122584519579051232e+01
4.682800664062500005e+02,-8.698553009601197061e+01
4.682803593749999891e+02,-8.608332872879373099e+01
4.682806523437500346e+02,-9.902746345430540487e+01
4.682809453125000232e+02,-8.726430005628407116e+01
4.682812382812500118e+02,-8.787653495461951536e+01
4.682815312500000005e+02,-9.579918251001075191e+01
4.682818242187499891e+02,-9.331706784091670670e+01
4.682821171875000346e+02,-8.507289521234611129e+01
4.682824101562500232e+02,-8.612891624441773786e+01
4.682827031250000118e+02,-9.169761606335998749e+01
4.682829960937500005e+02,-9.708518390517369312e+01
4.682832890624999891e+02,-9.192464337622224946e+01
4.682835820312500346e+02,-9.236969946171473111e+01
4.682838750000000232e+02,-9.478040300163777943e+01
4.682841679687500118e+02,-8.825977645534089788e+01
4.682844609375000005e+02,-8.340637106069871720e+01
4.682847539062499891e+02,-9.746285520540084235e+01
4.682850468750000346e+02,-9.182916584790049797e+01
4.682853398437500232e+02,-9.937123804256201254e+01
4.682856328125000118e+02,-8.684921409735450482e+01
4.682859257812500005e+02,-8.819897413184959589e+01
4.682862187499999891e+02,-8.313253652030311969e+01
4.682865117187500346e+02,-8.154752271393377328e+01
4.682868046875000232e+02,-9.419897352988711248e+01
4.682870976562500118e+02,-8.576823966433752844e+01
4.682873906250000005e+02,-7.986284460025891008e+01
4.682876835937499891e+02,-9.198058701705261342e+01
4.682879765625000346e+02,-8.468784135783840838e+01
4.682882695312500232e+02,-9.092945522087141796e+01
4.682885625000000118e+02,-8.489062584122729049e+01
4.682888554687500005e+02,-8.509714710581350516e+01
4.682891484374999891e+02,-8.492997179748428493e+01
4.682894414062500346e+02,-9.036391447988771120e+01
4.682897343750000232e+02,-1.102014726334158325e+02
4.682900273437500118e+02,-9.156690106197549994e+01
4.682903203125000005e+02,-8.082784440221701061e+01
4.682906132812499891e+02,-8.209775187698812715e+01
4.682909062500000346e+02,-9.024622991158133800e+01
4.682911992187500232e+02,-9.602963275523617881e+01
4.682914921875000118e+02,-8.408047935809062778e+01
4.682917851562500005e+02,-8.732858572367845795e+01
4.682920781249999891e+02,-9.242101616132173092e+01
4.682923710937500346e+02,-9.630341033439745502e+01
4.682926640625000232e+02,-9.310820667746754964e+01
4.682929570312500118e+02,-8.357510438651252116e+01
4.682932500000000005e+02,-7.943491068086296991e+01
4.682935429687499891e+02,-8.219187206644701860e+01
4.682938359375000346e+02,-8.388001565182237584e+01
4.682941289062500232e+02,-9.137003891555103507e+01
4.682944218750000118e+02,-9.301242852519501980e+01
4.682947148437500005e+02,-9.354287931088188657e+01
4.682950078124999891e+02,-9.436170757134881626e+01
4.682953007812500346e+02,-8.628536678400799076e+01
4.682955937500000232e+02,-8.347918119555329497e+01
4.682958867187500118e+02,-8.252145197557373990e+01
4.682961796875000005e+02,-8.187139530688170908e+01
4.682964726562499891e+02,-8.509675794520539682e+01
4.682967656250000346e+02,-8.461244595687956860e+01
4.682970585937500232e+02,-8.966456860309314436e+01
4.682973515625000118e+02,-8.852073317552203946e+01
4.682976445312500005e+02,-8.748155871546944695e+01
4.682979374999999891e+02,-9.053583106877418629e+01
4.682982304687500346e+02,-9.682481374192717283e+01
4.682985234375000232e+02,-8.812168061540759822e+01
4.682988164062500118e+02,-8.972923226332143543e+01
4.682991093750000005e+02,-8.950349983773818963e+01
4.682994023437499891e+02,-9.088288753506175510e+01
4.682996953125000346e+02,-8.382368147478261733e+01
4.682999882812500232e+02,-8.440284000662396124e+01
4.683002812500000118e+02,-8.355354868417960290e+01
4.683005742187500005e+02,-7.837869788825172179e+01
4.683008671874999891e+02,-7.823621505499761497e+01
4.683011601562500346e+02,-8.087812308295688979e+01
4.683014531250000232e+02,-7.927150035670511841e+01
4.683017460937500118e+02,-8.176774644660186198e+01
4.683020390625000005e+02,-8.301599937791243633e+01
4.683023320312499891e+02,-8.522888780776447959e+01
4.683026250000000346e+02,-9.122475747982777250e+01
4.683029179687500232e+02,-9.073789190699949359e+01
4.683032109375000118e+02,-9.168000012911593899e+01
4.683035039062500005e+02,-8.388082421323476012e+01
4.683037968749999891e+02,-8.321045240318971992e+01
4.683040898437500346e+02,-8.476072348377768151e+01
4.683043828125000232e+02,-8.456345087650444725e+01
4.683046757812500118e+02,-9.411629499614920746e+01
4.683049687500000005e+02,-9.585619447381321834e+01
4.683052617187499891e+02,-9.282279171140906726e+01
4.683055546875000346e+02,-8.807187708920554314e+01
4.683058476562500232e+02,-8.572253703372200562e+01
4.683061406250000118e+02,-8.821073005642679732e+01
4.683064335937500005e+02,-7.981818188945669590e+01
4.683067265624999891e+02,-8.364969184663834767e+01
4.683070195312500346e+02,-8.437614608061841182e+01
4.683073125000000232e+02,-8.701045994127257188e+01
4.683076054687500118e+02,-1.019857550399720765e+02
4.683078984375000005e+02,-8.925333684841237414e+01
4.683081914062499891e+02,-8.377930057905551564e+01
4.683084843750000346e+02,-7.998421345498358903e+01
4.683087773437500232e+02,-7.914177118522557919e+01
4.683090703125000118e+02,-8.629928919488251893e+01
4.683093632812500005e+02,-8.901071376395570667e+01
4.683096562499999891e+02,-8.102157434913848988e+01
4.683099492187500346e+02,-8.373426153849065656e+01
4.683102421875000232e+02,-8.641231675070740437e+01
4.683105351562500118e+02,-8.480706349760336593e+01
4.683108281250000005e+02,-9.040623829527801547e+01
4.683111210937499891e+02,-8.326920619572749160e+01
4.683114140625000346e+02,-9.039492179968782182e+01
4.683117070312500232e+02,-8.454359018927823399e+01
4.683120000000000118e+02,-8.638179375333800181e+01
4.683122929687500005e+02,-8.214139917963277071e+01
4.683125859374999891e+02,-8.918800703403947239e+01
4.683128789062500346e+02,-9.754595255936435194e+01
4.683131718750000232e+02,-8.507064474435190959e+01
4.683134648437500118e+02,-8.667075133185498714e+01
4.683137578125000005e+02,-9.355098195171791531e+01
4.683140507812499891e+02,-8.451016141302064000e+01
4.683143437500000346e+02,-7.801270821236107622e+01
4.683146367187500232e+02,-9.017030216676708676e+01
4.683149296875000118e+02,-8.701029002210616170e+01
4.683152226562500005e+02,-8.608934564108727727e+01
4.683155156249999891e+02,-8.575852375264260274e+01
4.683158085937500346e+02,-8.632935809131838312e+01
4.683161015625000232e+02,-8.886939535361966591e+01
4.683163945312500118e+02,-8.699482887128033326e+01
4.683166875000000005e+02,-9.125464888048982459e+01
4.683169804687499891e+02,-8.595290151968032433e+01
4.683172734375000346e+02,-8.712453083254379749e+01
4.683175664062500232e+02,-8.365158739557702461e+01
4.683178593750000118e+02,-8.262657067560064661e+01
4.683181523437500005e+02,-8.081293350242505369e+01
4.683184453124999891e+02,-9.628274802396255438e+01
4.683187382812500346e+02,-7.707183007636302818e+01
4.683190312500000232e+02,-7.671196881754428887e+01
4.683193242187500118e+02,-1.081077071745664853e+02
4.683196171875000005e+02,-8.706063596958105677e+01
4.683199101562499891e+02,-9.481338788309449228e+01
4.683202031250000346e+02,-8.546379974423331305e+01
4.683204960937500232e+02,-8.923573811201717376e+01
4.683207890625000118e+02,-8.921611175309865871e+01
4.683210820312500005e+02,-9.095580281386189370e+01
4.683213749999999891e+02,-8.485158051099318754e+01
4.683216679687500346e+02,-9.248130107290995738e+01
4.683219609375000232e+02,-8.996446957798646338e+01
4.683222539062500118e+02,-8.774928672527933315e+01
4.683225468750000005e+02,-8.502972785702567649e+01
4.683228398437499891e+02,-8.075247109425910708e+01
4.683231328125000346e+02,-7.882513127984280743e+01
4.683234257812500232e+02,-8.023171145952025540e+01
4.683237187500000118e+02,-9.602513895271374622e+01
4.683240117187500005e+02,-8.513385112626335172e+01
4.683243046874999891e+02,-1.024111391440300167e+02
4.683245976562500346e+02,-8.925351926382728607e+01
4.683248906250000232e+02,-8.674228874563061709e+01
4.683251835937500118e+02,-9.723195958630051905e+01
4.683254765625000005e+02,-8.882400273144287439e+01
4.683257695312499891e+02,-8.304022193128838580e+01
4.683260625000000346e+02,-8.451004390503061359e+01
4.683263554687500232e+02,-8.638738911657105746e+01
4.683266484375000118e+02,-8.404974185178951984e+01
4.683269414062500005e+02,-8.535607577845622984e+01
4.683272343749999891e+02,-9.193814228981891290e+01
4.683275273437500346e+02,-9.399352156426532190e+01
4.683278203125000232e+02,-9.361661646527998926e+01
4.683281132812500118e+02,-9.227222141641249209e+01
4.683284062500000005e+02,-8.455786251344022730e+01
4.683286992187499891e+02,-7.975782049942741025e+01
4.683289921875000346e+02,-8.395638757772714200e+01
4.683292851562500232e+02,-8.365313062004040034e+01
4.683295781250000118e+02,-8.280227476072289505e+01
4.683298710937500005e+02,-8.850588714003457369e+01
4.683301640624999891e+02,-9.430213238237368500e+01
4.683304570312500346e+02,-9.081924547871055609e+01
4.683307500000000232e+02,-1.010666486516591789e+02
4.683310429687500118e+02,-8.180259450292338386e+01
4.683313359375000005e+02,-8.147057993034871970e+01
4.683316289062499891e+02,-8.911340541563362194e+01
4.683319218750000346e+02,-9.391878223292009409e+01
4.683322148437500232e+02,-9.369635639273067795e+01
4.683325078125000118e+02,-9.690800682581590308e+01
4.683328007812500005e+02,-8.822123379942988208e+01
4.683330937499999891e+02,-8.811022357934314186e+01
4.683333867187500346e+02,-9.393312969974873283e+01
4.683336796875000232e+02,-9.238130984406312507e+01
4.683339726562500118e+02,-8.365560735650717561e+01
4.683342656250000005e+02,-8.121862136816638156e+01
4.683345585937499891e+02,-8.056665130000936870e+01
4.683348515625000346e+02,-8.252633628984854397e+01
4.683351445312500232e+02,-8.713394360767313174e+01
4.683354375000000118e+02,-9.341099174661913196e+01
4.683357304687500005e+02,-8.976395205810931088e+01
4.683360234374999891e+02,-8.956973763590298176e+01
4.683363164062500346e+02,-8.536974574806882288e+01
4.683366093750000232e+02,-8.342555485994327569e+01
4.683369023437500118e+02,-8.151297239616545198e+01
4.683371953125000005e+02,-8.696926238153557165e+01
4.683374882812499891e+02,-8.645822914456596209e+01
4.683377812500000346e+02,-8.545610842365626070e+01
4.683380742187500232e+02,-9.689851832476284699e+01
4.683383671875000118e+02,-9.098939341032819073e+01
4.683386601562500005e+02,-8.875794574307911944e+01
4.683389531249999891e+02,-8.317153112329975784e+01
4.683392460937500346e+02,-8.146741885077192080e+01
4.683395390625000232e+02,-9.025165912270026070e+01
4.683398320312500118e+02,-8.296470738763642316e+01
4.683401250000000005e+02,-9.836691727601370872e+01
4.683404179687499891e+02,-8.783430049274738849e+01
4.683407109375000346e+02,-9.383839431602744696e+01
4.683410039062500232e+02,-8.970545920447364097e+01
4.683412968750000118e+02,-8.694444980262835543e+01
4.683415898437500005e+02,-8.848399472876772620e+01
4.683418828124999891e+02,-8.526270779265919941e+01
4.683421757812500346e+02,-8.419399693926177974e+01
4.683424687500000232e+02,-8.803926106949069208e+01
4.683427617187500118e+02,-8.505672872668186812e+01
4.683430546875000005e+02,-8.706316331411045439e+01
4.683433476562499891e+02,-8.270208062269458082e+01
4.683436406250000346e+02,-8.387162774665512188e+01
4.683439335937500232e+02,-1.022900389058019499e+02
4.683442265625000118e+02,-8.884074853426974983e+01
4.683445195312500005e+02,-8.196428531950576257e+01
4.683448124999999891e+02,-8.410984374733439495e+01
4.683451054687500346e+02,-8.140763081976703575e+01
4.683453984375000232e+02,-8.922082649377189512e+01
4.683456914062500118e+02,-8.475478192823844381e+01
4.683459843750000005e+02,-8.428110528121378309e+01
4.683462773437499891e+02,-8.757224165171450636e+01
4.683465703125000346e+02,-8.846986672217386172e+01
4.683468632812500232e+02,-8.647914419343271675e+01
4.683471562500000118e+02,-9.778187704273177872e+01
4.683474492187500005e+02,-8.975031149671046649e+01
4.683477421874999891e+02,-8.823158035120866316e+01
4.683480351562500346e+02,-8.885885556267822949e+01
4.683483281250000232e+02,-1.025964487440927257e+02
4.683486210937500118e+02,-8.497405518049788498e+01
4.683489140625000005e+02,-8.849392605148327107e+01
4.683492070312499891e+02,-8.411195510919725393e+01
4.683495000000000346e+02,-8.386409615464928891e+01
4.683497929687500232e+02,-9.765848518553383428e+01
4.683500859375000118e+02,-8.173576284880877552e+01
4.683503789062500005e+02,-8.173556708492448308e+01
4.683506718749999891e+02,-8.716584328971883622e+01
4.683509648437500346e+02,-8.542580512860581621e+01
4.683512578125000232e+02,-9.349319299401213357e+01
4.683515507812500118e+02,-8.175252863699940065e+01
4.683518437500000005e+02,-7.853618806159863652e+01
4.683521367187499891e+02,-7.931677213109362867e+01
4.683524296875000346e+02,-8.134553409519892853e+01
4.683527226562500232e+02,-8.332772940024595698e+01
4.683530156250000118e+02,-9.226549433853561766e+01
4.683533085937500005e+02,-8.805347320201400407e+01
4.683536015624999891e+02,-8.995410720042939090e+01
4.683538945312500346e+02,-9.616576636085409291e+01
4.683541875000000232e+02,-9.746622385649608589e+01
4.683544804687500118e+02,-8.550571335268588768e+01
4.683547734375000005e+02,-8.970381602816921429e+01
4.683550664062499891e+02,-8.738528314534502783e+01
4.683553593750000346e+02,-9.395512324197599696e+01
4.683556523437500232e+02,-9.422471265846466792e+01
4.683559453125000118e+02,-1.058706730331610117e+02
4.683562382812500005e+02,-9.298619776303232243e+01
4.683565312499999891e+02,-1.037004190208262742e+02
4.683568242187500346e+02,-8.241183231591521974e+01
4.683571171875000232e+02,-8.679202143441061423e+01
4.683574101562500118e+02,-8.634794234586514960e+01
4.683577031250000005e+02,-9.835007315111238313e+01
4.683579960937499891e+02,-8.828342813994316884e+01
4.683582890625000346e+02,-9.143766763520103780e+01
4.683585820312500232e+02,-8.473505650817335777e+01
4.683588750000000118e+02,-8.642889680328609359e+01
4.683591679687500005e+02,-9.043782820777538234e+01
4.683594609374999891e+02,-9.059117700633449033e+01
4.683597539062500346e+02,-9.333078940362122466e+01
4.683600468750000232e+02,-8.869864524936419059e+01
4.683603398437500118e+02,-9.249789912766352984e+01
4.683606328125000005e+02,-8.803714116048936944e+01
4.683609257812499891e+02,-8.909370122450043539e+01
4.683612187500000346e+02,-8.692060292235078123e+01
4.683615117187500232e+02,-8.717152106054533078e+01
4.683618046875000118e+02,-8.164210079124768527e+01
4.683620976562500005e+02,-8.281440838558131645e+01
4.683623906249999891e+02,-8.499767931249940034e+01
4.683626835937500346e+02,-8.597473736658380972e+01
4.683629765625000232e+02,-9.426531390373965280e+01
4.683632695312500118e+02,-9.230229400134476236e+01
4.683635625000000005e+02,-8.969213412862583823e+01
4.683638554687499891e+02,-9.996875410324491895e+01
4.683641484375000346e+02,-1.044728477471942227e+02
4.683644414062500232e+02,-1.069529247876955935e+02
4.683647343750000118e+02,-9.532742048133890478e+01
4.683650273437500005e+02,-9.578393972146997726e+01
4.683653203124999891e+02,-1.020776144909168011e+02
4.683656132812500346e+02,-9.013752559888224880e+01
4.683659062500000232e+02,-9.159657225796161129e+01
4.683661992187500118e+02,-8.680109372690478153e+01
4.683664921875000005e+02,-8.947973630549216750e+01
4.683667851562499891e+02,-8.606660733484312686e+01
4.683670781250000346e+02,-7.999079878183968617e+01
4.683673710937500232e+02,-8.630446942591505888e+01
4.683676640625000118e+02,-8.939994589505069200e+01
4.683679570312500005e+02,-8.573116766723612159e+01
4.683682499999999891e+02,-8.565839999796725124e+01
4.683685429687500346e+02,-9.044486891780492499e+01
4.683688359375000232e+02,-9.408909645008040457e+01
4.683691289062500118e+02,-8.387385123958294741e+01
4.683694218750000005e+02,-8.494795818633545537e+01
4.683697148437499891e+02,-8.722967678993538243e+01
4.683700078125000346e+02,-9.265629470202954110e+01
4.683703007812500232e+02,-9.073935176205284847e+01
4.683705937500000118e+02,-9.505274370575054377e+01
4.683708867187500005e+02,-9.095178414040861981e+01
4.683711796874999891e+02,-9.334750981570742567e+01
4.683714726562500346e+02,-9.231691931806804519e+01
4.683717656250000232e+02,-9.328506140242211586e+01
4.683720585937500118e+02,-8.486774740667806327e+01
4.683723515625000005e+02,-8.525967985275330818e+01
4.683726445312499891e+02,-8.806495853526979545e+01
4.683729375000000346e+02,-9.003303072668133211e+01
4.683732304687500232e+02,-9.060309297130660866e+01
4.683735234375000118e+02,-8.796509183222299555e+01
4.683738164062500005e+02,-9.100198370199613862e+01
4.683741093749999891e+02,-8.818055840794227151e+01
4.683744023437500346e+02,-8.185206020623370193e+01
4.683746953125000232e+02,-8.270109862119072375e+01
4.683749882812500118e+02,-8.590117768859215630e+01
4.683752812500000005e+02,-9.744042469396758577e+01
4.683755742187499891e+02,-9.230292001009003400e+01
4.683758671875000346e+02,-9.759620581675582685e+01
4.683761601562500232e+02,-8.891843685219363635e+01
4.683764531250000118e+02,-8.368576204834324983e+01
4.683767460937500005e+02,-1.009657808412045057e+02
4.683770390624999891e+02,-9.369693376428750753e+01
4.683773320312500346e+02,-9.713554820052060279e+01
4.683776250000000232e+02,-9.744946505082340593e+01
4.683779179687500118e+02,-8.996654386198184739e+01
4.683782109375000005e+02,-8.747465932687917700e+01
4.683785039062499891e+02,-8.324666894258012917e+01
4.683787968750000346e+02,-8.125577651070290131e+01
4.683790898437500232e+02,-8.407108970420344463e+01
4.683793828125000118e+02,-9.751140916138081138e+01
4.683796757812500005e+02,-9.259260771605568152e+01
4.683799687499999891e+02,-8.524630819200199028e+01
4.683802617187500346e+02,-8.480127936549186529e+01
4.683805546875000232e+02,-8.408957023359801042e+01
4.683808476562500118e+02,-8.649501126465949596e+01
4.683811406250000005e+02,-9.475953855391979630e+01
4.683814335937499891e+02,-1.001024827955170906e+02
4.683817265625000346e+02,-8.907949337956482339e+01
4.683820195312500232e+02,-8.269150620512826322e+01
4.683823125000000118e+02,-8.448256890515123985e+01
4.683826054687500005e+02,-9.401843005922658847e+01
4.683828984374999891e+02,-8.332580278674029728e+01
4.683831914062500346e+02,-8.773759262720402319e+01
4.683834843750000232e+02,-8.488090675707161381e+01
4.683837773437500118e+02,-9.561944383926407909e+01
4.683840703125000005e+02,-8.598681398684487931e+01
4.683843632812499891e+02,-8.354841670432750789e+01
4.683846562500000346e+02,-9.446044729743351809e+01
4.683849492187500232e+02,-9.673378223930440356e+01
4.683852421875000118e+02,-8.729279906188673976e+01
4.683855351562500005e+02,-8.495098828757534193e+01
4.683858281249999891e+02,-8.580434333203344011e+01
4.683861210937500346e+02,-8.981880818742511963e+01
4.683864140625000232e+02,-8.527403610894084807e+01
4.683867070312500118e+02,-9.085014893506712497e+01
4.683870000000000005e+02,-8.810735252290919561e+01
4.683872929687499891e+02,-8.033775965767540583e+01
4.683875859375000346e+02,-8.832795149458237915e+01
4.683878789062500232e+02,-9.039395893423062489e+01
4.683881718750000118e+02,-9.419967954459258408e+01
4.683884648437500005e+02,-1.016036927379575161e+02
4.683887578124999891e+02,-9.491300027167348219e+01
4.683890507812500346e+02,-8.989816103195150276e+01
4.683893437500000232e+02,-9.960280275775618009e+01
4.683896367187500118e+02,-8.861376159381377704e+01
4.683899296875000005e+02,-9.291930545231723215e+01
4.683902226562499891e+02,-9.543408816083557156e+01
4.683905156250000346e+02,-9.109185952772887163e+01
4.683908085937500232e+02,-8.982857195186096533e+01
4.683911015625000118e+02,-8.801938777557111848e+01
4.683913945312500005e+02,-9.545829475792538688e+01
4.683916874999999891e+02,-9.708000605349623413e+01
4.683919804687500346e+02,-9.523510252525886699e+01
4.683922734375000232e+02,-8.805350525417502183e+01
4.683925664062500118e+02,-8.672123986886866476e+01
4.683928593750000005e+02,-9.806427600626631147e+01
4.683931523437499891e+02,-8.587929210693707205e+01
4.683934453125000346e+02,-8.369498805977232792e+01
4.683937382812500232e+02,-8.991037416907698798e+01
4.683940312500000118e+02,-9.778505859652356946e+01
4.683943242187500005e+02,-8.625231372631688487e+01
4.683946171874999891e+02,-1.059517180491476864e+02
4.683949101562500346e+02,-8.677901216900856696e+01
4.683952031250000232e+02,-8.774466536368292680e+01
4.683954960937500118e+02,-8.828968096455257353e+01
4.683957890625000005e+02,-8.406903267078432407e+01
4.683960820312499891e+02,-8.624960837600957575e+01
4.683963750000000346e+02,-8.103120940677543160e+01
4.683966679687500232e+02,-8.427144781536105711e+01
4.683969609375000118e+02,-8.853689965935635087e+01
4.683972539062500005e+02,-9.175505643432566671e+01
4.683975468749999891e+02,-8.780739535105513482e+01
4.683978398437500346e+02,-9.325761346654239503e+01
4.683981328125000232e+02,-9.232755256684461642e+01
4.683984257812500118e+02,-8.938734837905033714e+01
4.683987187500000005e+02,-8.677236148989709363e+01
4.683990117187499891e+02,-8.879996535233038912e+01
4.683993046875000346e+02,-8.894931014337913666e+01
4.683995976562500232e+02,-8.677223055354380676e+01
4.683998906250000118e+02,-8.791825513273026615e+01
4.684001835937500005e+02,-9.058188333059065656e+01
4.684004765624999891e+02,-9.050022399896246839e+01
4.684007695312500346e+02,-8.909018204062178370e+01
4.684010625000000232e+02,-8.721985711690889786e+01
4.684013554687500118e+02,-9.238760984803107590e+01
4.684016484375000005e+02,-9.337234641890972853e+01
4.684019414062499891e+02,-8.698608760845522170e+01
4.684022343750000346e+02,-8.914178497948937263e+01
4.684025273437500232e+02,-9.448440388622358910e+01
4.684028203125000118e+02,-9.408305815630960467e+01
4.684031132812500005e+02,-8.959548666691324570e+01
4.684034062499999891e+02,-8.392096771887707973e+01
4.684036992187500346e+02,-8.181229583754833357e+01
4.684039921875000232e+02,-8.544231643906478268e+01
4.684042851562500118e+02,-9.184830954136673142e+01
4.684045781250000005e+02,-8.884173773020231124e+01
4.684048710937499891e+02,-9.225830702663471072e+01
4.684051640625000346e+02,-9.741584205985296308e+01
4.684054570312500232e+02,-1.007931678315884625e+02
4.684057500000000118e+02,-9.287730528129648633e+01
4.684060429687500005e+02,-9.370777505388298323e+01
4.684063359374999891e+02,-9.554841806465255161e+01
4.684066289062500346e+02,-8.698830166221938498e+01
4.684069218750000232e+02,-9.278171082839664052e+01
4.684072148437500118e+02,-9.211740501939210901e+01
4.684075078125000005e+02,-9.167299773575366828e+01
4.684078007812499891e+02,-8.852509149172435343e+01
4.684080937500000346e+02,-8.744472826066298410e+01
4.684083867187500232e+02,-8.281510987970719384e+01
4.684086796875000118e+02,-8.854385190400869021e+01
4.684089726562500005e+02,-8.870233965684758459e+01
4.684092656249999891e+02,-9.677060727644183658e+01
4.684095585937500346e+02,-8.660408682714313500e+01
4.684098515625000232e+02,-8.061047933690964840e+01
4.684101445312500118e+02,-8.304915821303153223e+01
4.684104375000000005e+02,-9.169373366145475757e+01
4.684107304687499891e+02,-8.303427389954353544e+01
4.684110234375000346e+02,-9.282852367677196526e+01
4.684113164062500232e+02,-9.639864201095085150e+01
4.684116093750000118e+02,-8.234307165930314909e+01
4.684119023437500005e+02,-7.900877651058755191e+01
4.684121953124999891e+02,-8.543406470136852704e+01
4.684124882812500346e+02,-8.554455228651181642e+01
4.684127812500000232e+02,-8.259017617037815739e+01
4.684130742187500118e+02,-9.119152657542491625e+01
4.684133671875000005e+02,-9.099329615711199892e+01
4.684136601562499891e+02,-9.695143736725697181e+01
4.684139531250000346e+02,-9.669627409175234334e+01
4.684142460937500232e+02,-9.444708080417274232e+01
4.684145390625000118e+02,-9.505727110470820662e+01
4.684148320312500005e+02,-8.804678729864234299e+01
4.684151249999999891e+02,-8.145403204269278774e+01
4.684154179687500346e+02,-8.806899056969041339e+01
4.684157109375000232e+02,-8.955416708497503464e+01
4.684160039062500118e+02,-9.049086664193694673e+01
4.684162968750000005e+02,-9.627383557200909081e+01
4.684165898437499891e+02,-9.131903085446823809e+01
4.684168828125000346e+02,-8.675352866976817268e+01
4.684171757812500232e+02,-8.390997033381695758e+01
4.684174687500000118e+02,-8.340528199669043374e+01
4.684177617187500005e+02,-9.028168928424244655e+01
4.684180546874999891e+02,-9.029400059702831527e+01
4.684183476562500346e+02,-8.607160781204515843e+01
4.684186406250000232e+02,-9.080471200015941236e+01
4.684189335937500118e+02,-1.020653901078223100e+02
4.684192265625000005e+02,-9.273478188701311353e+01
4.684195195312499891e+02,-8.381503458009090934e+01
4.684198125000000346e+02,-9.142461408178860438e+01
4.684201054687500232e+02,-9.214724020109539993e+01
4.684203984375000118e+02,-1.018750548367079602e+02
4.684206914062500005e+02,-8.759843999831397809e+01
4.684209843749999891e+02,-8.484254606497046325e+01
4.684212773437500346e+02,-8.747227376053149328e+01
4.684215703125000232e+02,-8.752063566352190094e+01
4.684218632812500118e+02,-8.654616183334242407e+01
4.684221562500000005e+02,-8.430444805956511800e+01
4.684224492187499891e+02,-8.367038695231471479e+01
4.684227421875000346e+02,-9.181764211516559726e+01
4.684230351562500232e+02,-1.029394396667025831e+02
4.684233281250000118e+02,-9.574810451386467491e+01
4.684236210937500005e+02,-8.924898589818555195e+01
4.684239140624999891e+02,-8.738717728208089852e+01
4.684242070312500346e+02,-8.601739501188401960e+01
4.684245000000000232e+02,-8.522429385107253097e+01
4.684247929687500118e+02,-8.983906457494441611e+01
4.684250859375000005e+02,-8.946606013302847771e+01
4.684253789062499891e+02,-8.444488107830834167e+01
4.684256718750000346e+02,-7.866240116554355666e+01
4.684259648437500232e+02,-8.363493737708853359e+01
4.684262578125000118e+02,-9.362325514492576417e+01
4.684265507812500005e+02,-9.017359880329239274e+01
4.684268437499999891e+02,-8.391736200863849149e+01
4.684271367187500346e+02,-1.006846658146697138e+02
4.684274296875000232e+02,-8.877461122615309819e+01
4.684277226562500118e+02,-9.395448099903288153e+01
4.684280156250000005e+02,-9.207134641767721916e+01
4.684283085937499891e+02,-9.090676629702491596e+01
4.684286015625000346e+02,-8.662108366131036519e+01
4.684288945312500232e+02,-8.872191474856927584e+01
4.684291875000000118e+02,-8.796138862627921640e+01
4.684294804687500005e+02,-9.142928360992874559e+01
4.684297734374999891e+02,-9.081535296166944704e+01
4.684300664062500346e+02,-9.720692141247349127e+01
4.684303593750000232e+02,-8.996721754034959417e+01
4.684306523437500118e+02,-8.360751553914455769e+01
4.684309453125000005e+02,-8.450613273285247828e+01
4.684312382812499891e+02,-8.582172353905137641e+01
4.684315312500000346e+02,-9.603317216152896663e+01
4.684318242187500232e+02,-8.292173142799063612e+01
4.684321171875000118e+02,-8.044643890185048463e+01
4.684324101562500005e+02,-8.216800421603784343e+01
4.684327031249999891e+02,-8.165683485798905394e+01
4.684329960937500346e+02,-8.517386961588904626e+01
4.684332890625000232e+02,-8.545352410047597402e+01
4.684335820312500118e+02,-8.635595799484475776e+01
4.684338750000000005e+02,-8.767286899603725203e+01
4.684341679687499891e+02,-8.810303096743753315e+01
4.684344609375000346e+02,-9.897875160252993965e+01
4.684347539062500232e+02,-8.736577073196302479e+01
4.684350468750000118e+02,-8.715152972609610060e+01
4.684353398437500005e+02,-1.182049783117533934e+02
4.684356328124999891e+02,-9.022592643995659500e+01
4.684359257812500346e+02,-9.096468189808403793e+01
4.684362187500000232e+02,-9.312023957708112221e+01
4.684365117187500118e+02,-9.067417853598909971e+01
4.684368046875000005e+02,-8.476483760387610289e+01
4.684370976562499891e+02,-8.358672871471200949e+01
4.684373906250000346e+02,-8.871126359335829648e+01
4.684376835937500232e+02,-9.056641366092031831e+01
4.684379765625000118e+02,-9.151854038434387917e+01
4.684382695312500005e+02,-8.786048710097625758e+01
4.684385624999999891e+02,-8.533297342723543011e+01
4.684388554687500346e+02,-9.466985719867980720e+01
4.684391484375000232e+02,-8.935590328790615899e+01
4.684394414062500118e+02,-8.259239252661444652e+01
4.684397343750000005e+02,-8.072764168855941591e+01
4.684400273437499891e+02,-8.400228491244588724e+01
4.684403203125000346e+02,-9.333244463267678270e+01
4.684406132812500232e+02,-8.968696606582740571e+01
4.684409062500000118e+02,-9.245134238476551047e+01
4.684411992187500005e+02,-8.489894004905879399e+01
4.684414921874999891e+02,-8.281421750410765981e+01
4.684417851562500346e+02,-8.661217359045690500e+01
4.684420781250000232e+02,-8.766741927942136670e+01
4.684423710937500118e+02,-8.510722671803635819e+01
4.684426640625000005e+02,-9.319695237386973474e+01
4.684429570312499891e+02,-9.158783872959766370e+01
4.684432500000000346e+02,-9.038219443879620485e+01
4.684435429687500232e+02,-9.195704676474494477e+01
4.684438359375000118e+02,-9.394393394624955818e+01
4.684441289062500005e+02,-9.270089907759148673e+01
4.684444218749999891e+02,-9.048302851496758592e+01
4.684447148437500346e+02,-8.451212231468090863e+01
4.684450078125000232e+02,-8.457774991612291160e+01
4.684453007812500118e+02,-9.830835635220067559e+01
4.684455937500000005e+02,-8.754488178305537360e+01
4.684458867187499891e+02,-8.622998439573322571e+01
4.684461796875000346e+02,-1.009217150708939101e+02
4.684464726562500232e+02,-8.642232973882970271e+01
4.684467656250000118e+02,-8.355198383630468584e+01
4.684470585937500005e+02,-9.493010915425603002e+01
4.684473515624999891e+02,-8.472108136956335045e+01
4.684476445312500346e+02,-8.651333670643923313e+01
4.684479375000000232e+02,-8.859748337232059612e+01
4.684482304687500118e+02,-8.557192935610692075e+01
4.684485234375000005e+02,-8.552869681001863000e+01
4.684488164062499891e+02,-9.235638310355882652e+01
4.684491093750000346e+02,-9.124344253815151262e+01
4.684494023437500232e+02,-9.931456478105442898e+01
4.684496953125000118e+02,-9.217149447717540056e+01
4.684499882812500005e+02,-9.066580501783474233e+01
4.684502812499999891e+02,-9.065721826271941097e+01
4.684505742187500346e+02,-9.207437513444230603e+01
4.684508671875000232e+02,-9.699358077825672808e+01
4.684511601562500118e+02,-8.378361270675719652e+01
4.684514531250000005e+02,-8.595118696503072897e+01
4.684517460937499891e+02,-9.336147930187111399e+01
4.684520390625000346e+02,-8.433808054633001916e+01
4.684523320312500232e+02,-8.931923748140654595e+01
4.684526250000000118e+02,-9.332663613604611896e+01
4.684529179687500005e+02,-9.196445026341376661e+01
4.684532109374999891e+02,-9.475437154560700037e+01
4.684535039062500346e+02,-8.588224202669501040e+01
4.684537968750000232e+02,-8.631229363513220676e+01
4.684540898437500118e+02,-1.046758212637482472e+02
4.684543828125000005e+02,-9.724508489008520939e+01
4.684546757812499891e+02,-9.254523773924427132e+01
4.684549687500000346e+02,-9.167494626020646820e+01
4.684552617187500232e+02,-8.933278628768402996e+01
4.684555546875000118e+02,-8.735252785059782354e+01
4.684558476562500005e+02,-8.844319019488239064e+01
4.684561406249999891e+02,-8.389919851661983330e+01
4.684564335937500346e+02,-8.505286209756272342e+01
4.684567265625000232e+02,-8.446233224577335363e+01
4.684570195312500118e+02,-8.515856900217299597e+01
4.684573125000000005e+02,-8.514176941499890461e+01
4.684576054687499891e+02,-8.951730267017852327e+01
4.684578984375000346e+02,-8.861857477635086866e+01
4.684581914062500232e+02,-9.045463613065257391e+01
4.684584843750000118e+02,-8.341431627410599958e+01
4.684587773437500005e+02,-8.089082760905401415e+01
4.684590703124999891e+02,-8.234955536026663481e+01
4.684593632812500346e+02,-8.460771521240656057e+01
4.684596562500000232e+02,-8.187996437032285257e+01
4.684599492187500118e+02,-8.409511474250317065e+01
4.684602421875000005e+02,-8.525164180670043379e+01
4.684605351562499891e+02,-8.444144088433313300e+01
4.684608281250000346e+02,-8.628962387661388789e+01
4.684611210937500232e+02,-8.951589379296206062e+01
4.684614140625000118e+02,-8.418444481254077516e+01
4.684617070312500005e+02,-8.855800783906842355e+01
4.684619999999999891e+02,-8.368734122474640458e+01
4.684622929687500346e+02,-8.316571280487872286e+01
4.684625859375000232e+02,-9.130264739651724426e+01
4.684628789062500118e+02,-9.921853300485581428e+01
4.684631718750000005e+02,-9.126533499581613285e+01
4.684634648437499891e+02,-8.949862158560556225e+01
4.684637578125000346e+02,-8.571843559412366176e+01
4.684640507812500232e+02,-8.980767063202827671e+01
4.684643437500000118e+02,-9.154129100923228179e+01
4.684646367187500005e+02,-8.331905325988735456e+01
4.684649296874999891e+02,-8.618783900727410696e+01
4.684652226562500346e+02,-8.018886466071160157e+01
4.684655156250000232e+02,-8.399000534152192188e+01
4.684658085937500118e+02,-9.239726058882679638e+01
4.684661015625000005e+02,-9.751323421674014469e+01
4.684663945312499891e+02,-9.063126655755795014e+01
4.684666875000000346e+02,-8.905942855133501723e+01
4.684669804687500232e+02,-8.363016390929372790e+01
4.684672734375000118e+02,-8.117667192759419947e+01
4.684675664062500005e+02,-8.414395545446876667e+01
4.684678593749999891e+02,-9.015555615211731322e+01
4.684681523437500346e+02,-8.751443369052032040e+01
4.684684453125000232e+02,-8.746912348107763080e+01
4.684687382812500118e+02,-9.118628732212359012e+01
4.684690312500000005e+02,-8.976541599203099508e+01
4.684693242187499891e+02,-8.682456897473089441e+01
4.684696171875000346e+02,-8.717155777535447214e+01
4.684699101562500232e+02,-8.499614705263749670e+01
4.684702031250000118e+02,-9.643469596875134187e+01
4.684704960937500005e+02,-8.661794326888922058e+01
4.684707890624999891e+02,-9.279578034531579078e+01
4.684710820312500346e+02,-1.007998622356683711e+02
4.684713750000000232e+02,-9.267054521239555243e+01
4.684716679687500118e+02,-9.076263599782609504e+01
4.684719609375000005e+02,-9.007678801292615844e+01
4.684722539062499891e+02,-8.401282283094161585e+01
4.684725468750000346e+02,-8.206483575899021332e+01
4.684728398437500232e+02,-9.406911158292375319e+01
4.684731328125000118e+02,-9.027565752498202301e+01
4.684734257812500005e+02,-8.612256752523650505e+01
4.684737187499999891e+02,-9.192046366024476356e+01
4.684740117187500346e+02,-9.212527120162431515e+01
4.684743046875000232e+02,-8.598415466706407528e+01
4.684745976562500118e+02,-9.024185133375110013e+01
4.684748906250000005e+02,-9.069533743528779723e+01
4.684751835937499891e+02,-8.765381597177324124e+01
4.684754765625000346e+02,-8.834431208109950262e+01
4.684757695312500232e+02,-8.358480054738964782e+01
4.684760625000000118e+02,-8.530911491184861006e+01
4.684763554687500005e+02,-8.514057005399234868e+01
4.684766484374999891e+02,-8.455992411413028265e+01
4.684769414062500346e+02,-9.080094018411001855e+01
4.684772343750000232e+02,-9.188560878302712354e+01
4.684775273437500118e+02,-8.848371173125855194e+01
4.684778203125000005e+02,-9.400376595529368728e+01
4.684781132812499891e+02,-9.463147379991548291e+01
4.684784062500000346e+02,-9.570002163945832763e+01
4.684786992187500232e+02,-8.268134023976359970e+01
4.684789921875000118e+02,-8.691365479860705534e+01
4.684792851562500005e+02,-9.835657557414160124e+01
4.684795781249999891e+02,-8.470702861987038546e+01
4.684798710937500346e+02,-8.558231427845483097e+01
4.684801640625000232e+02,-8.466121252388084883e+01
4.684804570312500118e+02,-8.431797009714298952e+01
4.684807500000000005e+02,-8.564411315872354180e+01
4.684810429687499891e+02,-9.074236394478306522e+01
4.684813359375000346e+02,-9.230912562592800441e+01
4.684816289062500232e+02,-8.571156467372679799e+01
4.684819218750000118e+02,-8.774564070613311628e+01
4.684822148437500005e+02,-8.248339531162052651e+01
4.684825078124999891e+02,-8.385006878744832193e+01
4.684828007812500346e+02,-8.451896245097407245e+01
4.684830937500000232e+02,-8.344546126105500150e+01
4.684833867187500118e+02,-8.846446507712799701e+01
4.684836796875000005e+02,-8.845471999636194482e+01
4.684839726562499891e+02,-8.472451455450659807e+01
4.684842656250000346e+02,-9.198507120454884500e+01
4.684845585937500232e+02,-9.955592461210935085e+01
4.684848515625000118e+02,-8.677227917087201092e+01
4.684851445312500005e+02,-9.076666494502076432e+01
4.684854374999999891e+02,-8.549159360207882230e+01
4.684857304687500346e+02,-9.389621727595810796e+01
4.684860234375000232e+02,-8.920276339143742916e+01
4.684863164062500118e+02,-8.496127026049217079e+01
4.684866093750000005e+02,-9.031208741665550122e+01
4.684869023437499891e+02,-8.688311172592518972e+01
4.684871953125000346e+02,-8.880309206890967744e+01
4.684874882812500232e+02,-8.717217036465621050e+01
4.684877812500000118e+02,-8.396209543257285191e+01
4.684880742187500005e+02,-8.454181607169073231e+01
4.684883671874999891e+02,-8.719064073342781285e+01
4.684886601562500346e+02,-8.981856196445392015e+01
4.684889531250000232e+02,-9.438528745819554899e+01
4.684892460937500118e+02,-9.576086902405316437e+01
4.684895390625000005e+02,-9.027621150911372183e+01
4.684898320312499891e+02,-8.776968327780608092e+01
4.684901250000000346e+02,-8.884978895675854460e+01
4.684904179687500232e+02,-8.032105153940062792e+01
4.684907109375000118e+02,-8.851065684229085662e+01
4.684910039062500005e+02,-9.159355084211220799e+01
4.684912968749999891e+02,-8.967701481843272404e+01
4.684915898437500346e+02,-9.069030041320866076e+01
4.684918828125000232e+02,-8.912149055956048471e+01
4.684921757812500118e+02,-8.626163823091026472e+01
4.684924687500000005e+02,-9.278771941964144787e+01
4.684927617187499891e+02,-9.384221705973945404e+01
4.684930546875000346e+02,-9.856400361473889404e+01
4.684933476562500232e+02,-9.602943624266991662e+01
4.684936406250000118e+02,-9.099103231006927217e+01
4.684939335937500005e+02,-9.154877230066139759e+01
4.684942265624999891e+02,-9.841576605587735571e+01
4.684945195312500346e+02,-8.914198720178345070e+01
4.684948125000000232e+02,-1.071826039329995979e+02
4.684951054687500118e+02,-8.647006849878577839e+01
4.684953984375000005e+02,-9.177730940012915539e+01
4.684956914062499891e+02,-8.426881529568306917e+01
4.684959843750000346e+02,-9.246589627341438700e+01
4.684962773437500232e+02,-9.378406069993233984e+01
4.684965703125000118e+02,-9.715307676414694527e+01
4.684968632812500005e+02,-8.975956606042359454e+01
4.684971562499999891e+02,-8.770866896084152131e+01
4.684974492187500346e+02,-8.740756156123100595e+01
4.684977421875000232e+02,-9.091552580833111108e+01
4.684980351562500118e+02,-9.161100920510669710e+01
4.684983281250000005e+02,-8.950769774691323732e+01
4.684986210937499891e+02,-1.087655102460736884e+02
4.684989140625000346e+02,-8.978513948805803579e+01
4.684992070312500232e+02,-9.891917029816148954e+01
4.684995000000000118e+02,-9.918727388438766468e+01
4.684997929687500005e+02,-9.320380618304119480e+01
4.685000859374999891e+02,-9.162185668666795380e+01
4.685003789062500346e+02,-8.707967404722040783e+01
4.685006718750000232e+02,-8.845532938266934764e+01
4.685009648437500118e+02,-8.785022795393827266e+01
4.685012578125000005e+02,-8.674684470320656260e+01
4.685015507812499891e+02,-8.998461303020380342e+01
4.685018437500000346e+02,-8.853240149793111868e+01
4.685021367187500232e+02,-8.376413899856500223e+01
4.685024296875000118e+02,-8.641527749798760283e+01
4.685027226562500005e+02,-9.016032682930136843e+01
4.685030156249999891e+02,-9.277162821816808957e+01
4.685033085937500346e+02,-8.959353939579852977e+01
4.685036015625000232e+02,-8.557923558255366459e+01
4.685038945312500118e+02,-8.465109466606796218e+01
4.685041875000000005e+02,-9.018015530672602154e+01
4.685044804687499891e+02,-9.667950266564042749e+01
4.685047734375000346e+02,-8.864477631450655792e+01
4.685050664062500232e+02,-1.002452584597169505e+02
4.685053593750000118e+02,-8.980707672568865974e+01
4.685056523437500005e+02,-9.363803719261198921e+01
4.685059453124999891e+02,-8.727653648330631597e+01
4.685062382812500346e+02,-8.393545089137884929e+01
4.685065312500000232e+02,-9.257457970256645297e+01
4.685068242187500118e+02,-9.074615005560247027e+01
4.685071171875000005e+02,-8.730005590358915413e+01
4.685074101562499891e+02,-9.352422591234017091e+01
4.685077031250000346e+02,-8.721521687999499761e+01
4.685079960937500232e+02,-1.187939769549812183e+02
4.685082890625000118e+02,-1.016122984679900441e+02
4.685085820312500005e+02,-1.086694129762942111e+02
4.685088749999999891e+02,-1.010245439099695233e+02
4.685091679687500346e+02,-9.106610767735088530e+01
4.685094609375000232e+02,-9.361632180249132773e+01
4.685097539062500118e+02,-8.926269884825350687e+01
4.685100468750000005e+02,-9.412579156583569784e+01
4.685103398437499891e+02,-8.800083729994449300e+01
4.685106328125000346e+02,-8.681964740798335356e+01
4.685109257812500232e+02,-8.573783278341592506e+01
4.685112187500000118e+02,-8.900623898837957881e+01
4.685115117187500005e+02,-9.284532748450726558e+01
4.685118046874999891e+02,-8.657048489540858327e+01
4.685120976562500346e+02,-9.251010496227608826e+01
4.685123906250000232e+02,-8.874414836938073847e+01
4.685126835937500118e+02,-8.748362510658662927e+01
4.685129765625000005e+02,-8.838046030803630515e+01
4.685132695312499891e+02,-8.831903742774167654e+01
4.685135625000000346e+02,-9.600080936305667478e+01
4.685138554687500232e+02,-8.557333742539272237e+01
4.685141484375000118e+02,-8.512951910316223803e+01
4.685144414062500005e+02,-9.484451854341205035e+01
4.685147343749999891e+02,-9.703905929864667712e+01
4.685150273437500346e+02,-8.769726386950213737e+01
4.685153203125000232e+02,-8.965559767509921585e+01
4.685156132812500118e+02,-9.347700747134190635e+01
4.685159062500000005e+02,-9.634342904480305947e+01
4.685161992187499891e+02,-8.495308684148638179e+01
4.685164921875000346e+02,-8.376609465112024111e+01
4.685167851562500232e+02,-8.316675457291133000e+01
4.685170781250000118e+02,-8.785813298522401738e+01
4.685173710937500005e+02,-9.144534048052371134e+01
4.685176640624999891e+02,-9.607383017736805186e+01
4.685179570312500346e+02,-9.049510488134023944e+01
4.685182500000000232e+02,-9.147061887360665366e+01
4.685185429687500118e+02,-9.020410176288629600e+01
4.685188359375000005e+02,-9.260049643559250399e+01
4.685191289062499891e+02,-9.391072443787351176e+01
4.685194218750000346e+02,-9.207653083475895528e+01
4.685197148437500232e+02,-9.552645236289680497e+01
4.685200078125000118e+02,-9.715899376351124772e+01
4.685203007812500005e+02,-1.030591477685391339e+02
4.685205937499999891e+02,-9.435794993677106390e+01
4.685208867187500346e+02,-9.504967979205386541e+01
4.685211796875000232e+02,-1.002308410739588567e+02
4.685214726562500118e+02,-9.896886205197823472e+01
4.685217656250000005e+02,-9.698096031862181121e+01
4.685220585937499891e+02,-9.925087301322028566e+01
4.685223515625000346e+02,-9.349042902356323737e+01
4.685226445312500232e+02,-9.488037213951278659e+01
4.685229375000000118e+02,-9.528797530506203373e+01
4.685232304687500005e+02,-9.419269904435189744e+01
4.685235234374999891e+02,-9.076775993150128841e+01
4.685238164062500346e+02,-9.025999369198314071e+01
4.685241093750000232e+02,-8.906582627556410614e+01
4.685244023437500118e+02,-9.153795934031448667e+01
4.685246953125000005e+02,-9.129887243095933513e+01
4.685249882812499891e+02,-9.167897638815013295e+01
4.685252812500000346e+02,-9.688400669565213263e+01
4.685255742187500232e+02,-9.974064494261389768e+01
4.685258671875000118e+02,-9.849560923243507204e+01
4.685261601562500005e+02,-9.175490687986722094e+01
4.685264531249999891e+02,-1.060820941727689473e+02
4.685267460937500346e+02,-9.185092917301574289e+01
4.685270390625000232e+02,-8.860441321983131502e+01
4.685273320312500118e+02,-9.245360992977859382e+01
4.685276250000000005e+02,-8.956261898892466888e+01
4.685279179687499891e+02,-9.642844696097182577e+01
4.685282109375000346e+02,-1.042225910109544174e+02
4.685285039062500232e+02,-8.592661695714124903e+01
4.685287968750000118e+02,-9.028042813219927609e+01
4.685290898437500005e+02,-9.427112340126330992e+01
4.685293828124999891e+02,-8.790799215766290331e+01
4.685296757812500346e+02,-9.886780322194006487e+01
4.685299687500000232e+02,-9.153137436502591129e+01
4.685302617187500118e+02,-1.042285584875110089e+02
4.685305546875000005e+02,-9.198049557704926826e+01
4.685308476562499891e+02,-8.980011373488727600e+01
4.685311406250000346e+02,-8.808567538257285889e+01
4.685314335937500232e+02,-8.996547143948534142e+01
4.685317265625000118e+02,-8.735321802592308416e+01
4.685320195312500005e+02,-8.839493862330370177e+01
4.685323124999999891e+02,-8.712758641092543144e+01
4.685326054687500346e+02,-9.671283479944085570e+01
4.685328984375000232e+02,-8.757152470010697698e+01
4.685331914062500118e+02,-9.143767667369461094e+01
4.685334843750000005e+02,-8.884295558020511407e+01
4.685337773437499891e+02,-8.778548130687637752e+01
4.685340703125000346e+02,-8.655905122269871299e+01
4.685343632812500232e+02,-8.782249700262431702e+01
4.685346562500000118e+02,-8.551870879511868395e+01
4.685349492187500005e+02,-9.806551795343047218e+01
4.685352421874999891e+02,-9.374453630546415184e+01
4.685355351562500346e+02,-8.852087152178306440e+01
4.685358281250000232e+02,-9.591574510773241968e+01
4.685361210937500118e+02,-9.930374767917484746e+01
4.685364140625000005e+02,-9.220898172160907791e+01
4.685367070312499891e+02,-9.483796398134455785e+01
4.685370000000000346e+02,-9.739956647874501527e+01
4.685372929687500232e+02,-9.024175504634912670e+01
4.685375859375000118e+02,-8.545052196468061823e+01
4.685378789062500005e+02,-8.557465529863826248e+01
4.685381718749999891e+02,-9.614339664780460737e+01
4.685384648437500346e+02,-9.274543535985286269e+01
4.685387578125000232e+02,-9.430306441682213858e+01
4.685390507812500118e+02,-8.983664523349321485e+01
4.685393437500000005e+02,-8.261992257530025086e+01
4.685396367187499891e+02,-8.584375172323919401e+01
4.685399296875000346e+02,-9.135274316581339349e+01
4.685402226562500232e+02,-8.882507597701143709e+01
4.685405156250000118e+02,-9.423777955289401120e+01
4.685408085937500005e+02,-9.201408045337386454e+01
4.685411015624999891e+02,-9.331790106121624717e+01
4.685413945312500346e+02,-9.157199018457023953e+01
4.685416875000000232e+02,-9.097237005368425855e+01
4.685419804687500118e+02,-8.683592334029741266e+01
4.685422734375000005e+02,-9.004488045809424079e+01
4.685425664062499891e+02,-8.666069081171886523e+01
4.685428593750000346e+02,-9.730673264694580382e+01
4.685431523437500232e+02,-9.478958705083000780e+01
4.685434453125000118e+02,-8.946206985039040660e+01
4.685437382812500005e+02,-9.015690868862692753e+01
4.685440312499999891e+02,-9.129777678098733418e+01
4.685443242187500346e+02,-8.807346748834444838e+01
4.685446171875000232e+02,-9.121353604793709735e+01
4.685449101562500118e+02,-9.397875307536176592e+01
4.685452031250000005e+02,-9.299810469890232412e+01
4.685454960937499891e+02,-8.726467208062550185e+01
4.685457890625000346e+02,-8.507884878795265138e+01
4.685460820312500232e+02,-8.147237595029233148e+01
4.685463750000000118e+02,-8.708130901112272682e+01
4.685466679687500005e+02,-8.957613416934847805e+01
4.685469609374999891e+02,-8.798694901600107698e+01
4.685472539062500346e+02,-9.186314286208317981e+01
4.685475468750000232e+02,-9.717280107739765072e+01
4.685478398437500118e+02,-8.299773091091520882e+01
4.685481328125000005e+02,-8.206093577962909080e+01
4.685484257812499891e+02,-1.057564853815789405e+02
4.685487187500000346e+02,-9.224149664529987547e+01
4.685490117187500232e+02,-9.504044327052920949e+01
4.685493046875000118e+02,-9.204619734473288872e+01
4.685495976562500005e+02,-9.098459910209916757e+01
4.685498906249999891e+02,-9.289667912606961409e+01
4.685501835937500346e+02,-8.857486881970892512e+01
4.685504765625000232e+02,-8.614630100405190660e+01
4.685507695312500118e+02,-8.581457521027702740e+01
4.685510625000000005e+02,-8.557677110756371519e+01
4.685513554687499891e+02,-8.376182846275418115e+01
4.685516484375000346e+02,-8.916087749224233505e+01
4.685519414062500232e+02,-9.823075620874824665e+01
4.685522343750000118e+02,-9.628384300479793012e+01
4.685525273437500005e+02,-8.760502569071582002e+01
4.685528203124999891e+02,-8.174134427340341347e+01
4.685531132812500346e+02,-8.330030844983926386e+01
4.685534062500000232e+02,-8.981285538520501177e+01
4.685536992187500118e+02,-1.040584525337645658e+02
4.685539921875000005e+02,-1.000490760364522771e+02
4.685542851562499891e+02,-8.793304942910593525e+01
4.685545781250000346e+02,-9.030784405820739380e+01
4.685548710937500232e+02,-9.420093971854385018e+01
4.685551640625000118e+02,-9.634271381609994478e+01
4.685554570312500005e+02,-8.666239546961622864e+01
4.685557499999999891e+02,-9.295033031318675398e+01
4.685560429687500346e+02,-8.683592401234541569e+01
4.685563359375000232e+02,-8.758062741435394116e+01
4.685566289062500118e+02,-8.505182596725106237e+01
4.685569218750000005e+02,-8.433845404347464125e+01
4.685572148437499891e+02,-9.501243487767555962e+01
4.685575078125000346e+02,-8.465620247295564127e+01
4.685578007812500232e+02,-8.281465383494598598e+01
4.685580937500000118e+02,-9.433302153493178821e+01
4.685583867187500005e+02,-9.321292309297513157e+01
4.685586796874999891e+02,-1.022007390068956312e+02
4.685589726562500346e+02,-9.180263670063665415e+01
4.685592656250000232e+02,-9.353246497467411302e+01
4.685595585937500118e+02,-1.104956042046973437e+02
4.685598515625000005e+02,-8.925612055058448391e+01
4.685601445312499891e+02,-8.615482258770396129e+01
4.685604375000000346e+02,-8.514380640428406366e+01
4.685607304687500232e+02,-1.034847638038927897e+02
4.685610234375000118e+02,-9.106757904516717872e+01
4.685613164062500005e+02,-8.833220634743413768e+01
4.685616093749999891e+02,-8.713956045233294390e+01
4.685619023437500346e+02,-9.010161051244709540e+01
4.685621953125000232e+02,-9.982247752551845110e+01
4.685624882812500118e+02,-8.672307123870621126e+01
4.685627812500000005e+02,-9.839537923794392782e+01
4.685630742187499891e+02,-8.861291812137395141e+01
4.685633671875000346e+02,-8.571570454834227348e+01
4.685636601562500232e+02,-8.491419984054621750e+01
4.685639531250000118e+02,-8.551478443085834158e+01
4.685642460937500005e+02,-8.331614634456285273e+01
4.685645390624999891e+02,-8.780139350578899382e+01
4.685648320312500346e+02,-9.453150529922638157e+01
4.685651250000000232e+02,-1.022624749727832807e+02
4.685654179687500118e+02,-9.731390167521631440e+01
4.685657109375000005e+02,-8.530125502599264564e+01
4.685660039062499891e+02,-8.652467597781114250e+01
4.685662968750000346e+02,-9.349224728051325428e+01
4.685665898437500232e+02,-9.517107184333043790e+01
4.685668828125000118e+02,-8.826225119059621704e+01
4.685671757812500005e+02,-8.551286833615503724e+01
4.685674687499999891e+02,-9.054936359145813185e+01
4.685677617187500346e+02,-8.911978048227696547e+01
4.685680546875000232e+02,-9.300464697862022945e+01
4.685683476562500118e+02,-9.679272336501136920e+01
4.685686406250000005e+02,-8.926958563963316351e+01
4.685689335937499891e+02,-8.567270417444353825e+01
4.685692265625000346e+02,-9.033689636520598754e+01
4.685695195312500232e+02,-9.588649740084426298e+01
4.685698125000000118e+02,-8.533385544706945325e+01
4.685701054687500005e+02,-8.407331653714180675e+01
4.685703984374999891e+02,-9.715345152099089887e+01
4.685706914062500346e+02,-9.202378257775305315e+01
4.685709843750000232e+02,-9.470701920349613090e+01
4.685712773437500118e+02,-9.856829738089703596e+01
4.685715703125000005e+02,-9.123968090647822748e+01
4.685718632812499891e+02,-8.667369414529989058e+01
4.685721562500000346e+02,-9.319638080493396615e+01
4.685724492187500232e+02,-8.526368992845831940e+01
4.685727421875000118e+02,-8.781519410233534018e+01
4.685730351562500005e+02,-8.796158226905012611e+01
4.685733281249999891e+02,-8.885135889828190159e+01
4.685736210937500346e+02,-9.991897947850046080e+01
4.685739140625000232e+02,-9.423946219946579106e+01
4.685742070312500118e+02,-9.652025636058655778e+01
4.685745000000000005e+02,-1.076760163721219783e+02
4.685747929687499891e+02,-9.903803218174110157e+01
4.685750859375000346e+02,-9.343535967525779995e+01
4.685753789062500232e+02,-9.309209196763089267e+01
4.685756718750000118e+02,-9.269634620732324493e+01
4.685759648437500005e+02,-9.599157856622855434e+01
4.685762578124999891e+02,-9.228269371589762216e+01
4.685765507812500346e+02,-8.659741735625468095e+01
4.685768437500000232e+02,-1.022909400920276966e+02
4.685771367187500118e+02,-8.708713326958131518e+01
4.685774296875000005e+02,-8.993097735639763357e+01
4.685777226562499891e+02,-9.286695748947460061e+01
4.685780156250000346e+02,-8.553177979899157890e+01
4.685783085937500232e+02,-8.428464082441821859e+01
4.685786015625000118e+02,-9.759472384301651005e+01
4.685788945312500005e+02,-9.606259380403611203e+01
4.685791874999999891e+02,-9.415040377372166347e+01
4.685794804687500346e+02,-9.333893911567734847e+01
4.685797734375000232e+02,-9.574040764246163349e+01
4.685800664062500118e+02,-8.999943370994992620e+01
4.685803593750000005e+02,-9.449077378251898551e+01
4.685806523437499891e+02,-9.109314766620501302e+01
4.685809453125000346e+02,-8.648279851834870158e+01
4.685812382812500232e+02,-8.859422984739705953e+01
4.685815312500000118e+02,-8.735588826678871044e+01
4.685818242187500005e+02,-8.683900870584523091e+01
4.685821171874999891e+02,-9.601658310739605895e+01
4.685824101562500346e+02,-9.574871786695422315e+01
4.685827031250000232e+02,-9.753831525337741937e+01
4.685829960937500118e+02,-9.175256680933844677e+01
4.685832890625000005e+02,-8.416754501361472762e+01
4.685835820312499891e+02,-8.886016212663483316e+01
4.685838750000000346e+02,-8.734590458895507936e+01
4.685841679687500232e+02,-8.555963055662763850e+01
4.685844609375000118e+02,-8.759151631193824983e+01
4.685847539062500005e+02,-9.918397782482843184e+01
4.685850468749999891e+02,-8.993548177810255595e+01
4.685853398437500346e+02,-9.096569472057909422e+01
4.685856328125000232e+02,-8.951740349318770029e+01
4.685859257812500118e+02,-9.271358881855688594e+01
4.685862187500000005e+02,-8.750665795398758462e+01
4.685865117187499891e+02,-8.530789001998265064e+01
4.685868046875000346e+02,-9.047567264530815123e+01
4.685870976562500232e+02,-8.600867619440739986e+01
4.685873906250000118e+02,-8.730720113867246823e+01
4.685876835937500005e+02,-9.060592757056048185e+01
4.685879765624999891e+02,-8.795010702626925081e+01
4.685882695312500346e+02,-9.275151261513369150e+01
4.685885625000000232e+02,-9.391551086399273629e+01
4.685888554687500118e+02,-8.950388044405634957e+01
4.685891484375000005e+02,-9.248726232874629716e+01
4.685894414062499891e+02,-8.911728200319954851e+01
4.685897343750000346e+02,-8.831936402630174143e+01
4.685900273437500232e+02,-8.988440523509774494e+01
4.685903203125000118e+02,-1.176278260304485315e+02
4.685906132812500005e+02,-8.679283356758774914e+01
4.685909062499999891e+02,-9.588019772853586176e+01
4.685911992187500346e+02,-9.029150516623980138e+01
4.685914921875000232e+02,-8.410981369802317431e+01
4.685917851562500118e+02,-8.564914399137262535e+01
4.685920781250000005e+02,-9.416368197997761058e+01
4.685923710937499891e+02,-8.481168025397406041e+01
4.685926640625000346e+02,-8.445373211177314943e+01
4.685929570312500232e+02,-1.081304746546079230e+02
4.685932500000000118e+02,-8.502250719192485917e+01
4.685935429687500005e+02,-9.139076014938133596e+01
4.685938359374999891e+02,-8.536731430066551241e+01
4.685941289062500346e+02,-8.213001409656180840e+01
4.685944218750000232e+02,-8.655870960757765431e+01
4.685947148437500118e+02,-8.373455697513490747e+01
4.685950078125000005e+02,-8.313321875861574028e+01
4.685953007812499891e+02,-9.148896470272035231e+01
4.685955937500000346e+02,-9.868496651601459746e+01
4.685958867187500232e+02,-9.218135811838752147e+01
4.685961796875000118e+02,-9.429624872919417555e+01
4.685964726562500005e+02,-8.488220165262407590e+01
4.685967656249999891e+02,-8.232513762761321630e+01
4.685970585937500346e+02,-8.642919157460973167e+01
4.685973515625000232e+02,-9.206632469902964999e+01
4.685976445312500118e+02,-8.931421904802539302e+01
4.685979375000000005e+02,-9.208707986101892118e+01
4.685982304687499891e+02,-8.841809477919520077e+01
4.685985234375000346e+02,-9.063966545372545625e+01
4.685988164062500232e+02,-9.790637715229082971e+01
4.685991093750000118e+02,-8.782406640390819064e+01
4.685994023437500005e+02,-9.109544634666235652e+01
4.685996953124999891e+02,-9.493199145537901984e+01
4.685999882812500346e+02,-8.530746895149744091e+01
4.686002812500000232e+02,-8.929552439656568197e+01
4.686005742187500118e+02,-8.634316228084456668e+01
4.686008671875000005e+02,-8.760443778741310439e+01
4.686011601562499891e+02,-8.541025102600218588e+01
4.686014531250000346e+02,-8.500124170108820465e+01
4.686017460937500232e+02,-9.051570616708360717e+01
4.686020390625000118e+02,-9.020410228405307862e+01
4.686023320312500005e+02,-8.804065644939443303e+01
4.686026249999999891e+02,-8.761858432872165281e+01
4.686029179687500346e+02,-8.556475474561808880e+01
4.686032109375000232e+02,-8.966052632509628495e+01
4.686035039062500118e+02,-8.538260711205930420e+01
4.686037968750000005e+02,-8.493442661220974799e+01
4.686040898437499891e+02,-8.706808435928263634e+01
4.686043828125000346e+02,-9.527830450448226429e+01
4.686046757812500232e+02,-9.034073595015613023e+01
4.686049687500000118e+02,-8.870840360230670285e+01
4.686052617187500005e+02,-8.852250054498738052e+01
4.686055546874999891e+02,-9.059845841412501954e+01
4.686058476562500346e+02,-9.124816675729698545e+01
4.686061406250000232e+02,-8.957888154542337134e+01
4.686064335937500118e+02,-9.085406401558932998e+01
4.686067265625000005e+02,-8.397291006117525569e+01
4.686070195312499891e+02,-8.441338650022609613e+01
4.686073125000000346e+02,-8.715706125169278096e+01
4.686076054687500232e+02,-8.805821838163248572e+01
4.686078984375000118e+02,-8.555296521462051373e+01
4.686081914062500005e+02,-8.418532186673934348e+01
4.686084843749999891e+02,-9.068804253757859613e+01
4.686087773437500346e+02,-9.076390628715898856e+01
4.686090703125000232e+02,-8.602674549462784626e+01
4.686093632812500118e+02,-8.882913328165726341e+01
4.686096562500000005e+02,-8.655003255225496162e+01
4.686099492187499891e+02,-9.703687507542768742e+01
4.686102421875000346e+02,-8.998853887284971620e+01
4.686105351562500232e+02,-9.851432424541593491e+01
4.686108281250000118e+02,-8.732539373912815961e+01
4.686111210937500005e+02,-8.666232034115166982e+01
4.686114140624999891e+02,-9.372135095007195105e+01
4.686117070312500346e+02,-8.868889423748109380e+01
4.686120000000000232e+02,-8.672186129788488529e+01
4.686122929687500118e+02,-8.492410928996011421e+01
4.686125859375000005e+02,-8.459629256880327830e+01
4.686128789062499891e+02,-9.567163408310740635e+01
4.686131718750000346e+02,-9.031584695276505670e+01
4.686134648437500232e+02,-1.090895503815581833e+02
4.686137578125000118e+02,-8.757364826499740218e+01
4.686140507812500005e+02,-8.847929561451604741e+01
4.686143437499999891e+02,-9.285387977844396801e+01
4.686146367187500346e+02,-9.879232654367194755e+01
4.686149296875000232e+02,-8.902632465812212104e+01
4.686152226562500118e+02,-8.954208266789288473e+01
4.686155156250000005e+02,-8.841700930127092306e+01
4.686158085937499891e+02,-9.082495717102165145e+01
4.686161015625000346e+02,-8.593386107131308904e+01
4.686163945312500232e+02,-8.063866767853463102e+01
4.686166875000000118e+02,-8.374124647065110594e+01
4.686169804687500005e+02,-9.166387045637401343e+01
4.686172734374999891e+02,-9.267518584161820172e+01
4.686175664062500346e+02,-8.602969415606138170e+01
4.686178593750000232e+02,-9.140749387449693586e+01
4.686181523437500118e+02,-9.221861299474228701e+01
4.686184453125000005e+02,-1.015541868711826936e+02
4.686187382812499891e+02,-8.865548678495784429e+01
4.686190312500000346e+02,-8.925613357154358596e+01
4.686193242187500232e+02,-1.027486420668024323e+02
4.686196171875000118e+02,-8.604631409453772051e+01
4.686199101562500005e+02,-8.568430184551991147e+01
4.686202031249999891e+02,-8.419111406625816585e+01
4.686204960937500346e+02,-8.977826118086434803e+01
4.686207890625000232e+02,-8.593982627010515785e+01
4.686210820312500118e+02,-8.962684012494136709e+01
4.686213750000000005e+02,-9.331500909731444438e+01
4.686216679687499891e+02,-9.502345009908665929e+01
4.686219609375000346e+02,-8.860780403019843732e+01
4.686222539062500232e+02,-8.646157723405913487e+01
4.686225468750000118e+02,-9.244055794208446741e+01
4.686228398437500005e+02,-9.188017731609585326e+01
4.686231328124999891e+02,-8.653110545171549006e+01
4.686234257812500346e+02,-8.695885882269050171e+01
4.686237187500000232e+02,-8.721753686510791681e+01
4.686240117187500118e+02,-8.499583606436679872e+01
4.686243046875000005e+02,-9.338045708966487268e+01
4.686245976562499891e+02,-9.419412192580941223e+01
4.686248906250000346e+02,-9.077782888431539732e+01
4.686251835937500232e+02,-9.162719765127764049e+01
4.686254765625000118e+02,-8.507356997926281394e+01
4.686257695312500005e+02,-8.976678952209840645e+01
4.686260624999999891e+02,-8.735618607813205472e+01
4.686263554687500346e+02,-8.633737947299458426e+01
4.686266484375000232e+02,-9.262425993308006866e+01
4.686269414062500118e+02,-9.262708377463154363e+01
4.686272343750000005e+02,-8.965339096601225322e+01
4.686275273437499891e+02,-9.245029670815588929e+01
4.686278203125000346e+02,-9.320712145219115996e+01
4.686281132812500232e+02,-8.989113674087001016e+01
4.686284062500000118e+02,-1.045160542370098113e+02
4.686286992187500005e+02,-8.914202715476493211e+01
4.686289921874999891e+02,-9.037641362021207669e+01
4.686292851562500346e+02,-9.213113516679443649e+01
4.686295781250000232e+02,-9.397524813766722218e+01
4.686298710937500118e+02,-9.860707688692778561e+01
4.686301640625000005e+02,-8.952798493638114508e+01
4.686304570312499891e+02,-8.900770881222975106e+01
4.686307500000000346e+02,-8.796576523176739215e+01
4.686310429687500232e+02,-1.016327642530006301e+02
4.686313359375000118e+02,-8.870120258399964541e+01
4.686316289062500005e+02,-8.796767126035825868e+01
4.686319218749999891e+02,-9.136308740328294675e+01
4.686322148437500346e+02,-9.788873445930144612e+01
4.686325078125000232e+02,-9.849287147062437953e+01
4.686328007812500118e+02,-9.026405817694276834e+01
4.686330937500000005e+02,-9.475366051096622755e+01
4.686333867187499891e+02,-9.328435022351513339e+01
4.686336796875000346e+02,-1.111242074011923364e+02
4.686339726562500232e+02,-1.050367105586574894e+02
4.686342656250000118e+02,-9.239749031375687593e+01
4.686345585937500005e+02,-9.663467904482375559e+01
4.686348515624999891e+02,-9.910310540699290982e+01
4.686351445312500346e+02,-8.839133319628223262e+01
4.686354375000000232e+02,-8.462740537446633482e+01
4.686357304687500118e+02,-9.368602655309283023e+01
4.686360234375000005e+02,-9.194048131711343785e+01
4.686363164062499891e+02,-8.577336781763321483e+01
4.686366093750000346e+02,-8.903495323069812173e+01
4.686369023437500232e+02,-8.957489942460387056e+01
4.686371953125000118e+02,-8.986264492169084406e+01
4.686374882812500005e+02,-9.282809985613204162e+01
4.686377812499999891e+02,-8.882174621134865333e+01
4.686380742187500346e+02,-8.840092390262347521e+01
4.686383671875000232e+02,-8.892831630824036893e+01
4.686386601562500118e+02,-8.805006570988078352e+01
4.686389531250000005e+02,-8.963457323626221296e+01
4.686392460937499891e+02,-9.537054479315111166e+01
4.686395390625000346e+02,-9.116035692412962987e+01
4.686398320312500232e+02,-9.020259871291185050e+01
4.686401250000000118e+02,-9.186581183811186690e+01
4.686404179687500005e+02,-8.980891227595024873e+01
4.686407109374999891e+02,-8.585454384651927739e+01
4.686410039062500346e+02,-9.252422641255206770e+01
4.686412968750000232e+02,-9.125330365225747187e+01
4.686415898437500118e+02,-9.469399905653857275e+01
4.686418828125000005e+02,-9.203805338258732149e+01
4.686421757812499891e+02,-8.499873609827793075e+01
4.686424687500000346e+02,-8.622812868864740210e+01
4.686427617187500232e+02,-8.843418201409429003e+01
4.686430546875000118e+02,-8.588071229680423357e+01
4.686433476562500005e+02,-9.310638071967055396e+01
4.686436406249999891e+02,-1.030273698290791486e+02
4.686439335937500346e+02,-1.003271344211807730e+02
4.686442265625000232e+02,-1.020313701010826151e+02
4.686445195312500118e+02,-9.486915684374849889e+01
4.686448125000000005e+02,-9.771775365789075352e+01
4.686451054687499891e+02,-9.270099621977827553e+01
4.686453984375000346e+02,-9.005399586637680898e+01
4.686456914062500232e+02,-9.282479500273151984e+01
4.686459843750000118e+02,-9.183045107772221627e+01
4.686462773437500005e+02,-9.882061895693775000e+01
4.686465703124999891e+02,-9.386651998411373654e+01
4.686468632812500346e+02,-9.644695997741543181e+01
4.686471562500000232e+02,-9.609819120094070399e+01
4.686474492187500118e+02,-9.077239845028542220e+01
4.686477421875000005e+02,-8.733935631550954781e+01
4.686480351562499891e+02,-9.727084319855453032e+01
4.686483281250000346e+02,-9.712101558550635616e+01
4.686486210937500232e+02,-9.149663948469225261e+01
4.686489140625000118e+02,-8.635204924820024530e+01
4.686492070312500005e+02,-8.969826849399970570e+01
4.686494999999999891e+02,-1.011240154923431760e+02
4.686497929687500346e+02,-9.378043593038296422e+01
4.686500859375000232e+02,-9.097845775977870630e+01
4.686503789062500118e+02,-9.314017872092469474e+01
4.686506718750000005e+02,-1.062931817556371925e+02
4.686509648437499891e+02,-9.854092200691812309e+01
4.686512578125000346e+02,-9.787784997722505409e+01
4.686515507812500232e+02,-9.097628896105615581e+01
4.686518437500000118e+02,-9.043165536985434017e+01
4.686521367187500005e+02,-8.703533522306079817e+01
4.686524296874999891e+02,-8.666896929686380702e+01
4.686527226562500346e+02,-8.203344386169220570e+01
4.686530156250000232e+02,-9.038202152678815082e+01
4.686533085937500118e+02,-8.880762387445048489e+01
4.686536015625000005e+02,-9.988771373708586054e+01
4.686538945312499891e+02,-9.769794281027932925e+01
4.686541875000000346e+02,-1.174427054574406526e+02
4.686544804687500232e+02,-1.058803732089789378e+02
4.686547734375000118e+02,-9.641131415375585334e+01
4.686550664062500005e+02,-1.020748065241352407e+02
4.686553593749999891e+02,-8.986690716428726944e+01
4.686556523437500346e+02,-9.584593551691540370e+01
4.686559453125000232e+02,-8.906896899578248394e+01
4.686562382812500118e+02,-9.911028936218284002e+01
4.686565312500000005e+02,-9.011304352273307927e+01
4.686568242187499891e+02,-8.801388810185886769e+01
4.686571171875000346e+02,-8.822771621541284048e+01
4.686574101562500232e+02,-9.382367565982532653e+01
4.686577031250000118e+02,-8.950668660807467347e+01
4.686579960937500005e+02,-8.986101825492796991e+01
4.686582890624999891e+02,-1.043210312725789635e+02
4.686585820312500346e+02,-9.698792810324835045e+01
4.686588750000000232e+02,-9.853753542015331846e+01
4.686591679687500118e+02,-1.128929833403690282e+02
4.686594609375000005e+02,-9.634054629047382434e+01
4.686597539062499891e+02,-9.510244457946345165e+01
4.686600468750000346e+02,-8.412938432900928376e+01
4.686603398437500232e+02,-8.649105348653753822e+01
4.686606328125000118e+02,-9.711922044890521022e+01
4.686609257812500005e+02,-8.733168546481124395e+01
4.686612187499999891e+02,-9.093136291183371611e+01
4.686615117187500346e+02,-1.046623273496001616e+02
4.686618046875000232e+02,-9.365732417376399610e+01
4.686620976562500118e+02,-9.084437064121294725e+01
4.686623906250000005e+02,-8.839906270070541439e+01
4.686626835937499891e+02,-8.513556188090043975e+01
4.686629765625000346e+02,-9.032762922208961243e+01
4.686632695312500232e+02,-1.043679739917274389e+02
4.686635625000000118e+02,-8.901476440265851409e+01
4.686638554687500005e+02,-8.734733261177592567e+01
4.686641484374999891e+02,-9.758072428646607932e+01
4.686644414062500346e+02,-8.866724675577336257e+01
4.686647343750000232e+02,-8.786107288303753649e+01
4.686650273437500118e+02,-9.374761450030115384e+01
4.686653203125000005e+02,-9.561097400109838418e+01
4.686656132812499891e+02,-9.879733392047783980e+01
4.686659062500000346e+02,-9.337846693178862267e+01
4.686661992187500232e+02,-1.016492526072252360e+02
4.686664921875000118e+02,-9.393041257719767145e+01
4.686667851562500005e+02,-9.339963492307900594e+01
4.686670781249999891e+02,-1.057348642871465074e+02
4.686673710937500346e+02,-9.828177354970264901e+01
4.686676640625000232e+02,-9.174654402751195903e+01
4.686679570312500118e+02,-9.126234772265993911e+01
4.686682500000000005e+02,-9.307866029228463844e+01
4.686685429687499891e+02,-9.404493752932486927e+01
4.686688359375000346e+02,-9.120129920536936652e+01
4.686691289062500232e+02,-9.389722561565356784e+01
4.686694218750000118e+02,-8.835813782936027394e+01
4.686697148437500005e+02,-8.917937953722294253e+01
4.686700078124999891e+02,-8.305310264763321015e+01
4.686703007812500346e+02,-9.138060328508666430e+01
4.686705937500000232e+02,-1.021607935785498285e+02
4.686708867187500118e+02,-9.462800119632730400e+01
4.686711796875000005e+02,-9.838143280204985786e+01
4.686714726562499891e+02,-9.128627167107920570e+01
4.686717656250000346e+02,-9.347473219135954992e+01
4.686720585937500232e+02,-1.008354503196030549e+02
4.686723515625000118e+02,-9.109381261090300086e+01
4.686726445312500005e+02,-9.053591635891521605e+01
4.686729374999999891e+02,-9.137219492541331078e+01
4.686732304687500346e+02,-9.174838780709725938e+01
4.686735234375000232e+02,-9.394881258534722690e+01
4.686738164062500118e+02,-9.279662436286896821e+01
4.686741093750000005e+02,-9.522097163625396377e+01
4.686744023437499891e+02,-9.399086241769958860e+01
4.686746953125000346e+02,-9.353182769688794451e+01
4.686749882812500232e+02,-8.680431071505857687e+01
4.686752812500000118e+02,-9.158628685157805194e+01
4.686755742187500005e+02,-1.048821211750020979e+02
4.686758671874999891e+02,-9.231764760246171875e+01
4.686761601562500346e+02,-8.891468732602456271e+01
4.686764531250000232e+02,-9.797690832703126773e+01
4.686767460937500118e+02,-9.195701849264629857e+01
4.686770390625000005e+02,-9.070503972231654188e+01
4.686773320312499891e+02,-9.048008801953714908e+01
4.686776250000000346e+02,-9.500213374019070045e+01
4.686779179687500232e+02,-9.052647212418605704e+01
4.686782109375000118e+02,-1.040155068846218001e+02
4.686785039062500005e+02,-9.374599018915012039e+01
4.686787968749999891e+02,-9.585112286973212292e+01
4.686790898437500346e+02,-8.820386023216590843e+01
4.686793828125000232e+02,-8.670497951176059814e+01
4.686796757812500118e+02,-8.582934219312465984e+01
4.686799687500000005e+02,-9.304192488126713556e+01
4.686802617187499891e+02,-8.516317809669395444e+01
4.686805546875000346e+02,-1.015626964433625403e+02
4.686808476562500232e+02,-9.010314043486013702e+01
4.686811406250000118e+02,-8.428180529121641484e+01
4.686814335937500005e+02,-8.854293684414629695e+01
4.686817265624999891e+02,-8.630757601926832479e+01
4.686820195312500346e+02,-8.598206115517072590e+01
4.686823125000000232e+02,-8.760968733602253167e+01
4.686826054687500118e+02,-8.542912077948705019e+01
4.686828984375000005e+02,-8.834377133411065586e+01
4.686831914062499891e+02,-8.818061031935842209e+01
4.686834843750000346e+02,-8.684559901283817851e+01
4.686837773437500232e+02,-9.557939579291810617e+01
4.686840703125000118e+02,-8.960603501150859529e+01
4.686843632812500005e+02,-8.801525705431971858e+01
4.686846562499999891e+02,-9.459688013681982000e+01
4.686849492187500346e+02,-1.017824825569620657e+02
4.686852421875000232e+02,-8.811461276031833734e+01
4.686855351562500118e+02,-8.113556172230724428e+01
4.686858281250000005e+02,-8.304195815573173434e+01
4.686861210937499891e+02,-9.293098776516595194e+01
4.686864140625000346e+02,-8.993374114422833543e+01
4.686867070312500232e+02,-8.375718447177743542e+01
4.686870000000000118e+02,-8.622109718685727842e+01
4.686872929687500005e+02,-8.904870893818272748e+01
4.686875859374999891e+02,-8.567419890643887470e+01
4.686878789062500346e+02,-8.464462984908884380e+01
4.686881718750000232e+02,-1.033626759315639987e+02
4.686884648437500118e+02,-8.726237781600276833e+01
4.686887578125000005e+02,-9.359598209238333766e+01
4.686890507812499891e+02,-8.828719537442339060e+01
4.686893437500000346e+02,-8.325936619511239201e+01
4.686896367187500232e+02,-8.889253460892712155e+01
4.686899296875000118e+02,-8.510543907841069711e+01
4.686902226562500005e+02,-8.529223606357307119e+01
4.686905156249999891e+02,-8.986898524502055352e+01
4.686908085937500346e+02,-8.978085282738879869e+01
4.686911015625000232e+02,-9.783048895511804233e+01
4.686913945312500118e+02,-9.446065109741371657e+01
4.686916875000000005e+02,-9.881935528032002480e+01
4.686919804687499891e+02,-9.752057545731094024e+01
4.686922734375000346e+02,-8.597088108972668863e+01
4.686925664062500232e+02,-8.531416853323392502e+01
4.686928593750000118e+02,-8.327035887881592657e+01
4.686931523437500005e+02,-8.960673704911677362e+01
4.686934453124999891e+02,-1.004960033871826965e+02
4.686937382812500346e+02,-9.734307899088291549e+01
4.686940312500000232e+02,-9.322023678176712735e+01
4.686943242187500118e+02,-9.668770551888380282e+01
4.686946171875000005e+02,-1.180726141470004507e+02
4.686949101562499891e+02,-9.340663669483269871e+01
4.686952031250000346e+02,-9.644191879829855907e+01
4.686954960937500232e+02,-9.270504098831997908e+01
4.686957890625000118e+02,-9.105456323157054044e+01
4.686960820312500005e+02,-9.050534385135370030e+01
4.686963749999999891e+02,-9.425359347788398168e+01
4.686966679687500346e+02,-9.893351568556136044e+01
4.686969609375000232e+02,-1.055732990389986412e+02
4.686972539062500118e+02,-1.110558625308878220e+02
4.686975468750000005e+02,-9.200014495585617169e+01
4.686978398437499891e+02,-9.131549414775156492e+01
4.686981328125000346e+02,-8.632322118489869922e+01
4.686984257812500232e+02,-8.478954443644730077e+01
4.686987187500000118e+02,-8.887685366506210016e+01
4.686990117187500005e+02,-8.835334571347453902e+01
4.686993046874999891e+02,-8.572829909845034990e+01
4.686995976562500346e+02,-8.824505405813228265e+01
4.686998906250000232e+02,-8.628564976319651691e+01
4.687001835937500118e+02,-8.698141887622915647e+01
4.687004765625000005e+02,-9.533089320131294642e+01
4.687007695312499891e+02,-8.991663863647333699e+01
4.687010625000000346e+02,-9.105908454554024445e+01
4.687013554687500232e+02,-9.009862585228026433e+01
4.687016484375000118e+02,-8.875976856595328002e+01
4.687019414062500005e+02,-9.344818527290230747e+01
4.687022343749999891e+02,-9.226398015357980853e+01
4.687025273437500346e+02,-8.760286980657994604e+01
4.687028203125000232e+02,-9.440752446929288055e+01
4.687031132812500118e+02,-9.133276192097633839e+01
4.687034062500000005e+02,-8.869506709007410450e+01
4.687036992187499891e+02,-1.098734137042413863e+02
4.687039921875000346e+02,-9.137676627464753665e+01
4.687042851562500232e+02,-8.944202397528989934e+01
4.687045781250000118e+02,-9.103767723462807737e+01
4.687048710937500005e+02,-9.425572244144903777e+01
4.687051640624999891e+02,-9.420749515944534380e+01
4.687054570312500346e+02,-9.440665797046422369e+01
4.687057500000000232e+02,-8.802898333681224585e+01
4.687060429687500118e+02,-9.859271514629675437e+01
4.687063359375000005e+02,-9.188905712304929807e+01
4.687066289062499891e+02,-9.826747791398183551e+01
4.687069218750000346e+02,-9.781167222888355184e+01
4.687072148437500232e+02,-9.677815343399149128e+01
4.687075078125000118e+02,-9.290082643767264869e+01
4.687078007812500005e+02,-8.655798575634163683e+01
4.687080937499999891e+02,-8.702096241385737585e+01
4.687083867187500346e+02,-8.906077582553052707e+01
4.687086796875000232e+02,-8.624795557290313752e+01
4.687089726562500118e+02,-8.914534883382707164e+01
4.687092656250000005e+02,-8.924337866811976028e+01
4.687095585937499891e+02,-9.836396269297023309e+01
4.687098515625000346e+02,-9.589354656306593938e+01
4.687101445312500232e+02,-8.829304863526257918e+01
4.687104375000000118e+02,-8.596255444874131513e+01
4.687107304687500005e+02,-9.132725366624383412e+01
4.687110234374999891e+02,-9.860299532242203213e+01
4.687113164062500346e+02,-9.843802988173946744e+01
4.687116093750000232e+02,-9.558664226376288298e+01
4.687119023437500118e+02,-9.152431864998133904e+01
4.687121953125000005e+02,-1.097915508345506197e+02
4.687124882812499891e+02,-8.732576474374447173e+01
4.687127812500000346e+02,-9.220830085559747147e+01
4.687130742187500232e+02,-9.394534189631053778e+01
4.687133671875000118e+02,-9.113194519313687181e+01
4.687136601562500005e+02,-9.938037311976508192e+01
4.687139531249999891e+02,-1.170282740662614032e+02
4.687142460937500346e+02,-9.430300509460023761e+01
4.687145390625000232e+02,-9.109924837877048276e+01
4.687148320312500118e+02,-9.454004953993802474e+01
4.687151250000000005e+02,-9.331628272195581530e+01
4.687154179687499891e+02,-9.052042386812749442e+01
4.687157109375000346e+02,-8.694997679290511883e+01
4.687160039062500232e+02,-9.024226003257101070e+01
4.687162968750000118e+02,-9.859706692099177872e+01
4.687165898437500005e+02,-9.250775026808625512e+01
4.687168828124999891e+02,-9.307875550809521314e+01
4.687171757812500346e+02,-9.000502435760962783e+01
4.687174687500000232e+02,-9.117341964217096972e+01
4.687177617187500118e+02,-9.014464948808240763e+01
4.687180546875000005e+02,-8.567208686831455111e+01
4.687183476562499891e+02,-8.739037365474617047e+01
4.687186406250000346e+02,-9.301708439162115383e+01
4.687189335937500232e+02,-9.462622045463447762e+01
4.687192265625000118e+02,-9.522170677445984666e+01
4.687195195312500005e+02,-9.902863364034007532e+01
4.687198124999999891e+02,-8.606420218292348068e+01
4.687201054687500346e+02,-8.408417943848880327e+01
4.687203984375000232e+02,-8.936882437262816836e+01
4.687206914062500118e+02,-1.004557256985777087e+02
4.687209843750000005e+02,-9.268694234429744938e+01
4.687212773437499891e+02,-1.019209748135029940e+02
4.687215703125000346e+02,-9.076170427499531002e+01
4.687218632812500232e+02,-9.376028954228145551e+01
4.687221562500000118e+02,-9.084455131427860408e+01
4.687224492187500005e+02,-9.407192334137545231e+01
4.687227421874999891e+02,-1.145663005296079007e+02
4.687230351562500346e+02,-9.936934460262592950e+01
4.687233281250000232e+02,-9.553010803134148432e+01
4.687236210937500118e+02,-9.610504995515509563e+01
4.687239140625000005e+02,-8.805255815904317274e+01
4.687242070312499891e+02,-9.324075441935470110e+01
4.687245000000000346e+02,-1.047885140979537653e+02
4.687247929687500232e+02,-8.842461619831526320e+01
4.687250859375000118e+02,-8.813478664097402770e+01
4.687253789062500005e+02,-8.553900439944614220e+01
4.687256718749999891e+02,-8.574733267921959623e+01
4.687259648437500346e+02,-9.615780772426347767e+01
4.687262578125000232e+02,-9.215831038597505653e+01
4.687265507812500118e+02,-8.580009541029173192e+01
4.687268437500000005e+02,-9.425250414716218472e+01
4.687271367187499891e+02,-8.589023781349594344e+01
4.687274296875000346e+02,-8.849171323459725613e+01
4.687277226562500232e+02,-8.488954042972024183e+01
4.687280156250000118e+02,-8.496646039119025318e+01
4.687283085937500005e+02,-9.203895442834046037e+01
4.687286015624999891e+02,-9.572026048102146945e+01
4.687288945312500346e+02,-9.661146584901126744e+01
4.687291875000000232e+02,-8.741442001531810035e+01
4.687294804687500118e+02,-9.217144113074752454e+01
4.687297734375000005e+02,-9.156502475235349436e+01
4.687300664062499891e+02,-8.561074903902894562e+01
4.687303593750000346e+02,-8.609436478107832613e+01
4.687306523437500232e+02,-9.535815138356718990e+01
4.687309453125000118e+02,-8.811071160701462190e+01
4.687312382812500005e+02,-9.526512348897570348e+01
4.687315312499999891e+02,-8.741729386554632697e+01
4.687318242187500346e+02,-9.279477515204477811e+01
4.687321171875000232e+02,-9.353137977383184420e+01
4.687324101562500118e+02,-9.492503829018826877e+01
4.687327031250000005e+02,-8.477441546472972789e+01
4.687329960937499891e+02,-8.131821302665844087e+01
4.687332890625000346e+02,-8.237333098195243508e+01
4.687335820312500232e+02,-8.472661678283238018e+01
4.687338750000000118e+02,-9.553727987407414446e+01
4.687341679687500005e+02,-1.077554340832656408e+02
4.687344609374999891e+02,-9.005220850333915905e+01
4.687347539062500346e+02,-9.401869128699516409e+01
4.687350468750000232e+02,-9.568038758353777951e+01
4.687353398437500118e+02,-9.205040785243235746e+01
4.687356328125000005e+02,-8.904831636000439232e+01
4.687359257812499891e+02,-8.964781778091109743e+01
4.687362187500000346e+02,-1.072071016333738385e+02
4.687365117187500232e+02,-9.043247896271317643e+01
4.687368046875000118e+02,-9.215655683114094643e+01
4.687370976562500005e+02,-1.030421852522014774e+02
4.687373906249999891e+02,-9.952757470240916859e+01
4.687376835937500346e+02,-9.866079947897587488e+01
4.687379765625000232e+02,-8.934562922487408798e+01
4.687382695312500118e+02,-8.572280469766391775e+01
4.687385625000000005e+02,-8.855120176285089428e+01
4.687388554687499891e+02,-9.026883674102299437e+01
4.687391484375000346e+02,-8.564538834453450988e+01
4.687394414062500232e+02,-8.442045574947357522e+01
4.687397343750000118e+02,-8.579171162122939620e+01
4.687400273437500005e+02,-9.052561520411947527e+01
4.687403203124999891e+02,-9.894112748751513209e+01
4.687406132812500346e+02,-9.965282377501370092e+01
4.687409062500000232e+02,-9.710322759540042625e+01
4.687411992187500118e+02,-9.288585118568224175e+01
4.687414921875000005e+02,-1.091042296735425197e+02
4.687417851562499891e+02,-8.620676245699142726e+01
4.687420781250000346e+02,-8.982494036569063667e+01
4.687423710937500232e+02,-1.060919894354828728e+02
4.687426640625000118e+02,-9.223052629854110762e+01
4.687429570312500005e+02,-8.957295033560875197e+01
4.687432499999999891e+02,-8.704487053385221884e+01
4.687435429687500346e+02,-8.373812806576280821e+01
4.687438359375000232e+02,-8.674040296353182100e+01
4.687441289062500118e+02,-8.716060520296893799e+01
4.687444218750000005e+02,-8.825394039537391677e+01
4.687447148437499891e+02,-9.118483700681407811e+01
4.687450078125000346e+02,-9.173649133821086821e+01
4.687453007812500232e+02,-8.998000189057626130e+01
4.687455937500000118e+02,-8.723876382440096222e+01
4.687458867187500005e+02,-9.052787873891146830e+01
4.687461796874999891e+02,-9.625150271908294997e+01
4.687464726562500346e+02,-9.039727632775033328e+01
4.687467656250000232e+02,-9.092129350422050038e+01
4.687470585937500118e+02,-9.393684766784856777e+01
4.687473515625000005e+02,-9.547333980694125444e+01
4.687476445312499891e+02,-8.867657040527113566e+01
4.687479375000000346e+02,-8.836885316331489548e+01
4.687482304687500232e+02,-9.043662513357871546e+01
4.687485234375000118e+02,-9.534475963890898242e+01
4.687488164062500005e+02,-9.293503369586424867e+01
4.687491093749999891e+02,-9.162058577716443608e+01
4.687494023437500346e+02,-8.941609766737158793e+01
4.687496953125000232e+02,-9.895273701062069449e+01
4.687499882812500118e+02,-1.007562651123880215e+02
4.687502812500000005e+02,-1.003099797169539187e+02
4.687505742187499891e+02,-9.622707861545059416e+01
4.687508671875000346e+02,-9.710236049492758070e+01
4.687511601562500232e+02,-8.969284033378711740e+01
4.687514531250000118e+02,-9.159903457931906701e+01
4.687517460937500005e+02,-9.456235488099265751e+01
4.687520390624999891e+02,-8.512444783844848928e+01
4.687523320312500346e+02,-8.455777921622393478e+01
4.687526250000000232e+02,-8.489315549951506057e+01
4.687529179687500118e+02,-8.732393074323073279e+01
4.687532109375000005e+02,-9.571507648281669844e+01
4.687535039062499891e+02,-9.706332966402980844e+01
4.687537968750000346e+02,-9.295565003156582407e+01
4.687540898437500232e+02,-9.018085575457418201e+01
4.687543828125000118e+02,-9.516366380841992623e+01
4.687546757812500005e+02,-9.821338402756595087e+01
4.687549687499999891e+02,-9.613223149943570434e+01
4.687552617187500346e+02,-9.207371750815934774e+01
4.687555546875000232e+02,-8.924012834265269589e+01
4.687558476562500118e+02,-8.810678599393206412e+01
4.687561406250000005e+02,-8.759401368424630618e+01
4.687564335937499891e+02,-9.524214501006476041e+01
4.687567265625000346e+02,-9.115692721168937851e+01
4.687570195312500232e+02,-8.726733140869833960e+01
4.687573125000000118e+02,-8.752435174933494011e+01
4.687576054687500005e+02,-8.917856317255142073e+01
4.687578984374999891e+02,-9.175120892863611743e+01
4.687581914062500346e+02,-9.254515752932789496e+01
4.687584843750000232e+02,-9.937962299147145018e+01
4.687587773437500118e+02,-8.866992388181881779e+01
4.687590703125000005e+02,-8.955712145446604211e+01
4.687593632812499891e+02,-8.656528000947334078e+01
4.687596562500000346e+02,-8.751475413519862911e+01
4.687599492187500232e+02,-9.048909230846058449e+01
4.687602421875000118e+02,-8.609411245990833095e+01
4.687605351562500005e+02,-8.569358114349816447e+01
4.687608281249999891e+02,-8.672381541479529687e+01
4.687611210937500346e+02,-8.542380316165547072e+01
4.687614140625000232e+02,-8.512285999225754551e+01
4.687617070312500118e+02,-8.859791908483893508e+01
