Frequency_MHz,Power_dBHz
4.663620000000000232e+02,-1.001143003835536547e+02
4.663622929687500118e+02,-9.986624967428383570e+01
4.663625859375000005e+02,-9.517897066174059262e+01
4.663628789062499891e+02,-9.626679136110739421e+01
4.663631718750000346e+02,-9.810667201530941384e+01
4.663634648437500232e+02,-9.955433718728838244e+01
4.663637578125000118e+02,-1.031810830433779813e+02
4.663640507812500005e+02,-1.073451921553605928e+02
4.663643437499999891e+02,-1.030663665137204248e+02
4.663646367187500346e+02,-1.057079366091201820e+02
4.663649296875000232e+02,-1.021632316336789756e+02
4.663652226562500118e+02,-9.749733935613670610e+01
4.663655156250000005e+02,-9.731447677433685328e+01
4.663658085937499891e+02,-9.697137010584988559e+01
4.663661015625000346e+02,-9.407653947982524301e+01
4.663663945312500232e+02,-9.965302135421845264e+01
4.663666875000000118e+02,-1.164370200502416850e+02
4.663669804687500005e+02,-9.772342380957752539e+01
4.663672734374999891e+02,-1.029100106643556671e+02
4.663675664062500346e+02,-1.077815423504447665e+02
4.663678593750000232e+02,-9.944174618378583830e+01
4.663681523437500118e+02,-9.870521979072412933e+01
4.663684453125000005e+02,-1.032919981644545402e+02
4.663687382812499891e+02,-1.040597898276900679e+02
4.663690312500000346e+02,-1.126354979021035660e+02
4.663693242187500232e+02,-1.073784548810901072e+02
4.663696171875000118e+02,-9.953095885955009692e+01
4.663699101562500005e+02,-9.778214403994560655e+01
4.663702031249999891e+02,-1.019864677240706641e+02
4.663704960937500346e+02,-1.033745927125676474e+02
4.663707890625000232e+02,-1.066128734127671294e+02
4.663710820312500118e+02,-1.061987560482867536e+02
4.663713750000000005e+02,-9.912985813709602212e+01
4.663716679687499891e+02,-1.030808361576757761e+02
4.663719609375000346e+02,-1.062526161352834890e+02
4.663722539062500232e+02,-1.037047952375906164e+02
4.663725468750000118e+02,-1.094803777378244405e+02
4.663728398437500005e+02,-1.163610984255044514e+02
4.663731328124999891e+02,-1.030372199932405408e+02
4.663734257812500346e+02,-1.024459387331245921e+02
4.663737187500000232e+02,-1.038719954681947542e+02
4.663740117187500118e+02,-1.048268413805936916e+02
4.663743046875000005e+02,-1.112372766558898149e+02
4.663745976562499891e+02,-9.867904787389352350e+01
4.663748906250000346e+02,-9.766949315235689255e+01
4.663751835937500232e+02,-9.944945169884888969e+01
4.663754765625000118e+02,-1.128087947302851290e+02
4.663757695312500005e+02,-1.130245534391301163e+02
4.663760624999999891e+02,-1.042975474646262626e+02
4.663763554687500346e+02,-1.007431136811578085e+02
4.663766484375000232e+02,-9.888605868096320251e+01
4.663769414062500118e+02,-1.088486215629709619e+02
4.663772343750000005e+02,-1.011345443771117658e+02
4.663775273437499891e+02,-1.095958464381403275e+02
4.663778203125000346e+02,-1.112210729898531838e+02
4.663781132812500232e+02,-1.034183780617752149e+02
4.663784062500000118e+02,-9.992839918215281614e+01
4.663786992187500005e+02,-9.759092121123254060e+01
4.663789921874999891e+02,-9.718981299838702625e+01
4.663792851562500346e+02,-1.076782517370877486e+02
4.663795781250000232e+02,-1.110078617818137872e+02
4.663798710937500118e+02,-1.036419556480700379e+02
4.663801640625000005e+02,-9.893150568949222645e+01
4.663804570312499891e+02,-9.408060340318982639e+01
4.663807500000000346e+02,-9.888448274593420706e+01
4.663810429687500232e+02,-1.113026279976575097e+02
4.663813359375000118e+02,-1.100126133475465195e+02
4.663816289062500005e+02,-9.938431027168422816e+01
4.663819218749999891e+02,-1.001849110087202348e+02
4.663822148437500346e+02,-1.059418883104542601e+02
4.663825078125000232e+02,-1.003110693759581409e+02
4.663828007812500118e+02,-1.027337815094419398e+02
4.663830937500000005e+02,-9.963876696219369933e+01
4.663833867187499891e+02,-1.012017740007884186e+02
4.663836796875000346e+02,-1.098391395069354530e+02
4.663839726562500232e+02,-1.195020427528477711e+02
4.663842656250000118e+02,-9.961502378135153890e+01
4.663845585937500005e+02,-9.772251592985584523e+01
4.663848515624999891e+02,-9.967851984462345172e+01
4.663851445312500346e+02,-9.791989962949676851e+01
4.663854375000000232e+02,-1.010177692274538970e+02
4.663857304687500118e+02,-1.004666074415426777e+02
4.663860234375000005e+02,-9.926122725631489629e+01
4.663863164062499891e+02,-1.029720601277752223e+02
4.663866093750000346e+02,-1.044925660631385824e+02
4.663869023437500232e+02,-1.003323388286207063e+02
4.663871953125000118e+02,-9.884359605121382231e+01
4.663874882812500005e+02,-1.080326242615661982e+02
4.663877812499999891e+02,-1.079122658971841417e+02
4.663880742187500346e+02,-9.948538624234778638e+01
4.663883671875000232e+02,-9.846283382189659505e+01
4.663886601562500118e+02,-9.922132913569731727e+01
4.663889531250000005e+02,-1.003752489229345315e+02
4.663892460937499891e+02,-1.008004092443973008e+02
4.663895390625000346e+02,-9.765655765839895253e+01
4.663898320312500232e+02,-1.062018712297692957e+02
4.663901250000000118e+02,-1.287916804272690570e+02
4.663904179687500005e+02,-1.076620797616856606e+02
4.663907109374999891e+02,-1.045199127755593338e+02
4.663910039062500346e+02,-1.065141607580147252e+02
4.663912968750000232e+02,-1.000942677750753376e+02
4.663915898437500118e+02,-1.089457172487182959e+02
4.663918828125000005e+02,-1.128320104592339845e+02
4.663921757812499891e+02,-1.023355434680913447e+02
4.663924687500000346e+02,-1.032389574816188258e+02
4.663927617187500232e+02,-9.919130989316681735e+01
4.663930546875000118e+02,-1.015493087591302128e+02
4.663933476562500005e+02,-9.888120715587133702e+01
4.663936406249999891e+02,-1.102717554409398986e+02
4.663939335937500346e+02,-1.074745263228840599e+02
4.663942265625000232e+02,-1.029846970333740472e+02
4.663945195312500118e+02,-1.117529805431685759e+02
4.663948125000000005e+02,-1.032250906729381654e+02
4.663951054687499891e+02,-1.285639006095901209e+02
4.663953984375000346e+02,-1.128111817471615836e+02
4.663956914062500232e+02,-1.033433611640393224e+02
4.663959843750000118e+02,-9.855104014112855282e+01
4.663962773437500005e+02,-9.998406085852116121e+01
4.663965703124999891e+02,-1.180825858558326615e+02
4.663968632812500346e+02,-1.052116342262020794e+02
4.663971562500000232e+02,-1.029741935574077871e+02
4.663974492187500118e+02,-1.039921463284837273e+02
4.663977421875000005e+02,-1.104985446299443907e+02
4.663980351562499891e+02,-1.070988563310032049e+02
4.663983281250000346e+02,-1.084337479628377707e+02
4.663986210937500232e+02,-1.000285019741304069e+02
4.663989140625000118e+02,-1.000463813633548114e+02
4.663992070312500005e+02,-1.032467960475835156e+02
4.663994999999999891e+02,-1.048400180566801794e+02
4.663997929687500346e+02,-1.107247427416825900e+02
4.664000859375000232e+02,-1.003249578474972026e+02
4.664003789062500118e+02,-9.780669172574741310e+01
4.664006718750000005e+02,-1.067430552994584332e+02
4.664009648437499891e+02,-1.145961349753160050e+02
4.664012578125000346e+02,-1.075320675651975932e+02
4.664015507812500232e+02,-1.004236940496688533e+02
4.664018437500000118e+02,-1.032761122467992720e+02
4.664021367187500005e+02,-1.081558667798736622e+02
4.664024296874999891e+02,-1.065099439554950607e+02
4.664027226562500346e+02,-1.008045275321435241e+02
4.664030156250000232e+02,-1.130240453319914025e+02
4.664033085937500118e+02,-1.079151601636026072e+02
4.664036015625000005e+02,-1.049508983840521523e+02
4.664038945312499891e+02,-1.071967969189550587e+02
4.664041875000000346e+02,-1.008329436084015640e+02
4.664044804687500232e+02,-1.151721923054754768e+02
4.664047734375000118e+02,-9.772770045851584086e+01
4.664050664062500005e+02,-9.916340768973873310e+01
4.664053593749999891e+02,-1.078455017629710397e+02
4.664056523437500346e+02,-9.809946848031465549e+01
4.664059453125000232e+02,-1.074003125093732223e+02
4.664062382812500118e+02,-1.017630790951627517e+02
4.664065312500000005e+02,-1.003996339358751015e+02
4.664068242187499891e+02,-1.051957021241658197e+02
4.664071171875000346e+02,-1.105439263951645614e+02
4.664074101562500232e+02,-1.121323463380976051e+02
4.664077031250000118e+02,-1.044825335118208187e+02
4.664079960937500005e+02,-1.040709826620456795e+02
4.664082890624999891e+02,-1.094294791361193262e+02
4.664085820312500346e+02,-1.054166633655279668e+02
4.664088750000000232e+02,-1.077981760498320796e+02
4.664091679687500118e+02,-1.120763595707247617e+02
4.664094609375000005e+02,-1.033204619979796490e+02
4.664097539062499891e+02,-9.823256642119092419e+01
4.664100468750000346e+02,-1.100364641118708846e+02
4.664103398437500232e+02,-1.101946482295716834e+02
4.664106328125000118e+02,-1.125841721511410896e+02
4.664109257812500005e+02,-1.159698587531438960e+02
4.664112187499999891e+02,-1.069461386717988063e+02
4.664115117187500346e+02,-1.076296305253723347e+02
4.664118046875000232e+02,-1.037571493469055071e+02
4.664120976562500118e+02,-1.037988806256477119e+02
4.664123906250000005e+02,-1.009687054660524268e+02
4.664126835937499891e+02,-1.074260666249649177e+02
4.664129765625000346e+02,-1.064753493572486178e+02
4.664132695312500232e+02,-1.013382753684708604e+02
4.664135625000000118e+02,-1.056003262300121293e+02
4.664138554687500005e+02,-1.104770282026305495e+02
4.664141484374999891e+02,-1.141454189981568277e+02
4.664144414062500346e+02,-1.029448771520848283e+02
4.664147343750000232e+02,-1.024883952654386405e+02
4.664150273437500118e+02,-9.860519775213222715e+01
4.664153203125000005e+02,-9.680696406004285848e+01
4.664156132812499891e+02,-1.008978517321693573e+02
4.664159062500000346e+02,-1.057921078443797569e+02
4.664161992187500232e+02,-1.053955916602417062e+02
4.664164921875000118e+02,-1.091790536950568651e+02
4.664167851562500005e+02,-1.090756141149232548e+02
4.664170781249999891e+02,-1.091289312948321708e+02
4.664173710937500346e+02,-1.125716019327525430e+02
4.664176640625000232e+02,-1.036778832894954547e+02
4.664179570312500118e+02,-9.996731696581488791e+01
4.664182500000000005e+02,-1.006573000405159348e+02
4.664185429687499891e+02,-9.943464627432966552e+01
4.664188359375000346e+02,-1.030871349498031293e+02
4.664191289062500232e+02,-1.056232851030278397e+02
4.664194218750000118e+02,-1.062646715971776530e+02
4.664197148437500005e+02,-1.074671281105200933e+02
4.664200078124999891e+02,-1.012667726847646890e+02
4.664203007812500346e+02,-9.718535645375263243e+01
4.664205937500000232e+02,-9.648467777793554490e+01
4.664208867187500118e+02,-1.092986247411870693e+02
4.664211796875000005e+02,-1.039200514487565528e+02
4.664214726562499891e+02,-1.014814048593786424e+02
4.664217656250000346e+02,-1.024892312994890915e+02
4.664220585937500232e+02,-1.042231348760173262e+02
4.664223515625000118e+02,-1.032799492010633600e+02
4.664226445312500005e+02,-1.017805992852502470e+02
4.664229374999999891e+02,-1.043100624499078606e+02
4.664232304687500346e+02,-9.875041330344443224e+01
4.664235234375000232e+02,-9.823092383589948895e+01
4.664238164062500118e+02,-1.003991938380888200e+02
4.664241093750000005e+02,-1.019187231936736566e+02
4.664244023437499891e+02,-1.007208974232118379e+02
4.664246953125000346e+02,-1.064411784771288012e+02
4.664249882812500232e+02,-1.003991534707774917e+02
4.664252812500000118e+02,-1.013297050596150655e+02
4.664255742187500005e+02,-1.002501182042594650e+02
4.664258671874999891e+02,-9.904732408060246485e+01
4.664261601562500346e+02,-1.042878844759208619e+02
4.664264531250000232e+02,-1.097250876598940152e+02
4.664267460937500118e+02,-1.084784887954978672e+02
4.664270390625000005e+02,-1.046982592731321660e+02
4.664273320312499891e+02,-1.043348203643996044e+02
4.664276250000000346e+02,-1.074735903945514934e+02
4.664279179687500232e+02,-9.632204964169667960e+01
4.664282109375000118e+02,-1.059895085681818898e+02
4.664285039062500005e+02,-1.029000457591092186e+02
4.664287968749999891e+02,-9.793870543074261548e+01
4.664290898437500346e+02,-9.932764230374294812e+01
4.664293828125000232e+02,-1.022757009790071123e+02
4.664296757812500118e+02,-1.113166419424964886e+02
4.664299687500000005e+02,-1.054827361663831482e+02
4.664302617187499891e+02,-1.030210602177518950e+02
4.664305546875000346e+02,-1.071185055649809073e+02
4.664308476562500232e+02,-1.034313924028803058e+02
4.664311406250000118e+02,-9.575301918226175246e+01
4.664314335937500005e+02,-9.494404599227399899e+01
4.664317265624999891e+02,-1.012117436542990845e+02
4.664320195312500346e+02,-1.161978547180032990e+02
4.664323125000000232e+02,-1.095347860989701019e+02
4.664326054687500118e+02,-1.112413612703437451e+02
4.664328984375000005e+02,-1.092453511157667947e+02
4.664331914062499891e+02,-1.058182244565826124e+02
4.664334843750000346e+02,-1.011510580624536573e+02
4.664337773437500232e+02,-1.036057961665039784e+02
4.664340703125000118e+02,-1.072274756783211274e+02
4.664343632812500005e+02,-1.015615754796561987e+02
4.664346562499999891e+02,-1.099199077602532526e+02
4.664349492187500346e+02,-1.078008854630876954e+02
4.664352421875000232e+02,-9.811305302713714127e+01
4.664355351562500118e+02,-9.672613419644692101e+01
4.664358281250000005e+02,-1.039084317963570783e+02
4.664361210937499891e+02,-1.089742932034316141e+02
4.664364140625000346e+02,-1.078540548641606591e+02
4.664367070312500232e+02,-1.067438613055756491e+02
4.664370000000000118e+02,-9.903348380275380691e+01
4.664372929687500005e+02,-9.722656133525248379e+01
4.664375859374999891e+02,-1.034623315706870272e+02
4.664378789062500346e+02,-1.050436965484604315e+02
4.664381718750000232e+02,-1.007873325399887676e+02
4.664384648437500118e+02,-1.043292276390933324e+02
4.664387578125000005e+02,-1.012207236401972210e+02
4.664390507812499891e+02,-9.765209606063594094e+01
4.664393437500000346e+02,-9.768148111587143489e+01
4.664396367187500232e+02,-9.567109088785214510e+01
4.664399296875000118e+02,-1.035408347042275778e+02
4.664402226562500005e+02,-1.049246732974373231e+02
4.664405156249999891e+02,-1.027220510512479450e+02
4.664408085937500346e+02,-9.931388277592661495e+01
4.664411015625000232e+02,-1.021017669261909759e+02
4.664413945312500118e+02,-1.039698448967001525e+02
4.664416875000000005e+02,-1.025593913429800494e+02
4.664419804687499891e+02,-1.036162031339454614e+02
4.664422734375000346e+02,-1.213608468127118556e+02
4.664425664062500232e+02,-1.107498161113713877e+02
4.664428593750000118e+02,-1.053672485696724692e+02
4.664431523437500005e+02,-1.144974548389680251e+02
4.664434453124999891e+02,-1.024251750806868841e+02
4.664437382812500346e+02,-1.012195720748985934e+02
4.664440312500000232e+02,-9.889845006002602190e+01
4.664443242187500118e+02,-9.830120000058821006e+01
4.664446171875000005e+02,-1.017307577107775955e+02
4.664449101562499891e+02,-9.996565192144302614e+01
4.664452031250000346e+02,-9.876750842867784286e+01
4.664454960937500232e+02,-9.912470002706514549e+01
4.664457890625000118e+02,-9.932080268151663915e+01
4.664460820312500005e+02,-9.928553181984355547e+01
4.664463749999999891e+02,-1.053479102044918960e+02
4.664466679687500346e+02,-1.025832331662196708e+02
4.664469609375000232e+02,-1.018504794541938168e+02
4.664472539062500118e+02,-1.045053354736820381e+02
4.664475468750000005e+02,-1.071756121459320354e+02
4.664478398437499891e+02,-1.194527902594572879e+02
4.664481328125000346e+02,-1.137808381273461720e+02
4.664484257812500232e+02,-1.035745337091676959e+02
4.664487187500000118e+02,-1.079683059857099181e+02
4.664490117187500005e+02,-1.080993371247755874e+02
4.664493046874999891e+02,-1.124113930988107910e+02
4.664495976562500346e+02,-1.084294965251364431e+02
4.664498906250000232e+02,-1.023255791350999573e+02
4.664501835937500118e+02,-1.007406260656137817e+02
4.664504765625000005e+02,-9.920673898905715760e+01
4.664507695312499891e+02,-1.029246504058277480e+02
4.664510625000000346e+02,-1.001288248904069746e+02
4.664513554687500232e+02,-1.050093488597752156e+02
4.664516484375000118e+02,-9.894766121676083515e+01
4.664519414062500005e+02,-9.998583312411747670e+01
4.664522343749999891e+02,-1.036678790479090395e+02
4.664525273437500346e+02,-1.088296985071708036e+02
4.664528203125000232e+02,-1.047392006861897471e+02
4.664531132812500118e+02,-1.145323192775042429e+02
4.664534062500000005e+02,-1.047783573306347904e+02
4.664536992187499891e+02,-1.012571151636535376e+02
4.664539921875000346e+02,-1.062802495236976483e+02
4.664542851562500232e+02,-1.036959382007127175e+02
4.664545781250000118e+02,-1.017449364845148807e+02
4.664548710937500005e+02,-1.078638394842769088e+02
4.664551640624999891e+02,-1.077267312364763256e+02
4.664554570312500346e+02,-1.083851220071499881e+02
4.664557500000000232e+02,-1.070982053317195550e+02
4.664560429687500118e+02,-1.023665812601512926e+02
4.664563359375000005e+02,-1.000025077677712204e+02
4.664566289062499891e+02,-1.014143269729535177e+02
4.664569218750000346e+02,-1.020214309294855752e+02
4.664572148437500232e+02,-9.865296979255668930e+01
4.664575078125000118e+02,-9.641549594168672854e+01
4.664578007812500005e+02,-1.025039368232007462e+02
4.664580937499999891e+02,-1.024604077562353268e+02
4.664583867187500346e+02,-9.791376093559976823e+01
4.664586796875000232e+02,-9.952566152951028755e+01
4.664589726562500118e+02,-1.049915039564854311e+02
4.664592656250000005e+02,-1.063983897637076979e+02
4.664595585937499891e+02,-1.019267342173095159e+02
4.664598515625000346e+02,-9.788071360506538099e+01
4.664601445312500232e+02,-9.583042406769487798e+01
4.664604375000000118e+02,-9.907608114618140860e+01
4.664607304687500005e+02,-1.027575742199917528e+02
4.664610234374999891e+02,-1.039259702219374191e+02
4.664613164062500346e+02,-1.031516671170156769e+02
4.664616093750000232e+02,-9.809775255369336833e+01
4.664619023437500118e+02,-9.726833615361796603e+01
4.664621953125000005e+02,-9.534229283975788860e+01
4.664624882812499891e+02,-9.425073319585189324e+01
4.664627812500000346e+02,-1.017546409248197250e+02
4.664630742187500232e+02,-1.278206817253086314e+02
4.664633671875000118e+02,-1.029239516249220117e+02
4.664636601562500005e+02,-1.030345141650648912e+02
4.664639531249999891e+02,-1.031685073149849643e+02
4.664642460937500346e+02,-9.914397038142300289e+01
4.664645390625000232e+02,-9.946880412283967132e+01
4.664648320312500118e+02,-9.613804244136900934e+01
4.664651250000000005e+02,-9.627683863757300742e+01
4.664654179687499891e+02,-1.033477491494389113e+02
4.664657109375000346e+02,-9.840138163566685137e+01
4.664660039062500232e+02,-1.050964145218027426e+02
4.664662968750000118e+02,-1.027595459060054708e+02
4.664665898437500005e+02,-1.019488218192303748e+02
4.664668828124999891e+02,-1.020302898529205891e+02
4.664671757812500346e+02,-1.007277331981185569e+02
4.664674687500000232e+02,-9.847213401002926503e+01
4.664677617187500118e+02,-1.112417080062447070e+02
4.664680546875000005e+02,-1.411990308105381757e+02
4.664683476562499891e+02,-1.030782102238632234e+02
4.664686406250000346e+02,-1.005146593211615169e+02
4.664689335937500232e+02,-9.632379696379399547e+01
4.664692265625000118e+02,-1.006986400852859731e+02
4.664695195312500005e+02,-1.044080910665197734e+02
4.664698124999999891e+02,-1.038992890301704932e+02
4.664701054687500346e+02,-1.002137644340138110e+02
4.664703984375000232e+02,-1.010042666938950475e+02
4.664706914062500118e+02,-1.043928416892291011e+02
4.664709843750000005e+02,-1.084933349659719681e+02
4.664712773437499891e+02,-9.850813869790236765e+01
4.664715703125000346e+02,-9.839231703486956349e+01
4.664718632812500232e+02,-1.094890163276440092e+02
4.664721562500000118e+02,-9.965863842841122278e+01
4.664724492187500005e+02,-1.036274742827723259e+02
4.664727421874999891e+02,-1.097417818577336703e+02
4.664730351562500346e+02,-1.020935490953536089e+02
4.664733281250000232e+02,-1.050034507532955672e+02
4.664736210937500118e+02,-1.041945418540220203e+02
4.664739140625000005e+02,-1.017339755534109429e+02
4.664742070312499891e+02,-9.994661683499910509e+01
4.664745000000000346e+02,-1.019197839330214208e+02
4.664747929687500232e+02,-1.057535754437362385e+02
4.664750859375000118e+02,-1.046775956748454774e+02
4.664753789062500005e+02,-9.669056780898611692e+01
4.664756718749999891e+02,-9.623397774590068821e+01
4.664759648437500346e+02,-1.020499996575141353e+02
4.664762578125000232e+02,-1.072091977352942536e+02
4.664765507812500118e+02,-1.092624739284502198e+02
4.664768437500000005e+02,-1.056262136128417950e+02
4.664771367187499891e+02,-1.006479703690501282e+02
4.664774296875000346e+02,-1.043587418382505518e+02
4.664777226562500232e+02,-1.009412506028353818e+02
4.664780156250000118e+02,-1.053637887298700662e+02
4.664783085937500005e+02,-9.917437352213858048e+01
4.664786015624999891e+02,-1.051183149105154939e+02
4.664788945312500346e+02,-1.054973791003272936e+02
4.664791875000000232e+02,-9.963495442836259031e+01
4.664794804687500118e+02,-9.966780378899686355e+01
4.664797734375000005e+02,-1.035741579270676880e+02
4.664800664062499891e+02,-1.038566433471881254e+02
4.664803593750000346e+02,-1.053788109445661689e+02
4.664806523437500232e+02,-1.040570309757616769e+02
4.664809453125000118e+02,-1.075111519824598503e+02
4.664812382812500005e+02,-9.873172301132112239e+01
4.664815312499999891e+02,-1.005137044126614683e+02
4.664818242187500346e+02,-1.145372251522432521e+02
4.664821171875000232e+02,-1.081347430153024192e+02
4.664824101562500118e+02,-1.080182132769360379e+02
4.664827031250000005e+02,-1.111764688130579088e+02
4.664829960937499891e+02,-1.086585943162580747e+02
4.664832890625000346e+02,-1.113818095657943275e+02
4.664835820312500232e+02,-1.074284520391386621e+02
4.664838750000000118e+02,-1.013833034255818575e+02
4.664841679687500005e+02,-1.007799213631403035e+02
4.664844609374999891e+02,-1.024710675497991303e+02
4.664847539062500346e+02,-1.014777707246423688e+02
4.664850468750000232e+02,-9.926939791933082802e+01
4.664853398437500118e+02,-9.789626396813349629e+01
4.664856328125000005e+02,-1.025524636950903670e+02
4.664859257812499891e+02,-1.039167819440371687e+02
4.664862187500000346e+02,-1.014834996815219768e+02
4.664865117187500232e+02,-1.003602971663002563e+02
4.664868046875000118e+02,-1.003729063194198261e+02
4.664870976562500005e+02,-1.022976564770852974e+02
4.664873906249999891e+02,-9.733194215762460999e+01
4.664876835937500346e+02,-1.014132581303952065e+02
4.664879765625000232e+02,-9.738969230473217920e+01
4.664882695312500118e+02,-9.839683385676221405e+01
4.664885625000000005e+02,-9.879918236531517550e+01
4.664888554687499891e+02,-1.005088043119602332e+02
4.664891484375000346e+02,-1.065641198649771582e+02
4.664894414062500232e+02,-1.102754393635573962e+02
4.664897343750000118e+02,-1.121493401909849439e+02
4.664900273437500005e+02,-9.886336436548525342e+01
4.664903203124999891e+02,-9.795879784954563263e+01
4.664906132812500346e+02,-1.024233968234115366e+02
4.664909062500000232e+02,-1.062475219477863391e+02
4.664911992187500118e+02,-1.012972425657258810e+02
4.664914921875000005e+02,-9.622021468401030120e+01
4.664917851562499891e+02,-1.013208952955800015e+02
4.664920781250000346e+02,-1.028326057886919784e+02
4.664923710937500232e+02,-1.037820241373881629e+02
4.664926640625000118e+02,-9.770669863793273180e+01
4.664929570312500005e+02,-1.043329991057073300e+02
4.664932499999999891e+02,-1.094529251113123394e+02
4.664935429687500346e+02,-1.027855295597096017e+02
4.664938359375000232e+02,-1.144564959618022897e+02
4.664941289062500118e+02,-1.009328907689873915e+02
4.664944218750000005e+02,-9.768276500356535053e+01
4.664947148437499891e+02,-1.004354295528300725e+02
4.664950078125000346e+02,-9.765863547020110502e+01
4.664953007812500232e+02,-1.002587262003229966e+02
4.664955937500000118e+02,-1.236427007202267703e+02
4.664958867187500005e+02,-9.831930213345360414e+01
4.664961796874999891e+02,-9.618398949048699365e+01
4.664964726562500346e+02,-9.742239405460472312e+01
4.664967656250000232e+02,-9.826885178853044067e+01
4.664970585937500118e+02,-1.050420905681583292e+02
4.664973515625000005e+02,-1.038615628520360872e+02
4.664976445312499891e+02,-1.093667108868839222e+02
4.664979375000000346e+02,-1.020943895227152041e+02
4.664982304687500232e+02,-9.608225268028803612e+01
4.664985234375000118e+02,-1.007340099552529864e+02
4.664988164062500005e+02,-9.846321745003278636e+01
4.664991093749999891e+02,-9.659133331849618287e+01
4.664994023437500346e+02,-9.635335326405866851e+01
4.664996953125000232e+02,-9.652043869432699807e+01
4.664999882812500118e+02,-9.848749640318129650e+01
4.665002812500000005e+02,-9.939395475721704543e+01
4.665005742187499891e+02,-9.940871361892185121e+01
4.665008671875000346e+02,-9.853291033641642116e+01
4.665011601562500232e+02,-1.099162460800876460e+02
4.665014531250000118e+02,-9.582897430555327389e+01
4.665017460937500005e+02,-9.611207165661258500e+01
4.665020390624999891e+02,-9.750378057592632786e+01
4.665023320312500346e+02,-1.032694008040957385e+02
4.665026250000000232e+02,-1.046766841855521903e+02
4.665029179687500118e+02,-9.722762903478135854e+01
4.665032109375000005e+02,-9.589361661170137552e+01
4.665035039062499891e+02,-1.143595193282400828e+02
4.665037968750000346e+02,-1.125842008535225887e+02
4.665040898437500232e+02,-1.034578827648106625e+02
4.665043828125000118e+02,-1.023228337027382793e+02
4.665046757812500005e+02,-1.076954491881016338e+02
4.665049687499999891e+02,-1.064411559287043474e+02
4.665052617187500346e+02,-1.077215843118749206e+02
4.665055546875000232e+02,-1.070055057222112396e+02
4.665058476562500118e+02,-1.002997016622462212e+02
4.665061406250000005e+02,-1.005568301028488634e+02
4.665064335937499891e+02,-1.089544344528156046e+02
4.665067265625000346e+02,-1.091304067945456779e+02
4.665070195312500232e+02,-1.129825792716042230e+02
4.665073125000000118e+02,-1.010166826308865780e+02
4.665076054687500005e+02,-1.045770481154261375e+02
4.665078984374999891e+02,-9.753269876208625533e+01
4.665081914062500346e+02,-1.088088957014551426e+02
4.665084843750000232e+02,-1.024061042630585234e+02
4.665087773437500118e+02,-1.063780511175821175e+02
4.665090703125000005e+02,-1.043368671285673770e+02
4.665093632812499891e+02,-1.057039878057970839e+02
4.665096562500000346e+02,-1.063974869614037431e+02
4.665099492187500232e+02,-1.021659080102396331e+02
4.665102421875000118e+02,-1.029701990983777762e+02
4.665105351562500005e+02,-1.124214143155108303e+02
4.665108281249999891e+02,-1.050774111776145503e+02
4.665111210937500346e+02,-9.767205652243150382e+01
4.665114140625000232e+02,-9.930256187171521276e+01
4.665117070312500118e+02,-1.086319332652834078e+02
4.665120000000000005e+02,-1.018192575010573933e+02
4.665122929687499891e+02,-9.939881489436166362e+01
4.665125859375000346e+02,-9.781661289224240363e+01
4.665128789062500232e+02,-1.012394167946278714e+02
4.665131718750000118e+02,-9.903429121607517516e+01
4.665134648437500005e+02,-1.108036724915740194e+02
4.665137578124999891e+02,-1.024829019014747473e+02
4.665140507812500346e+02,-9.978894844746574222e+01
4.665143437500000232e+02,-9.950157553384828191e+01
4.665146367187500118e+02,-1.057584502070873498e+02
4.665149296875000005e+02,-1.051875385791863096e+02
4.665152226562499891e+02,-1.151502912645537151e+02
4.665155156250000346e+02,-1.018221697194359479e+02
4.665158085937500232e+02,-1.040783918562986088e+02
4.665161015625000118e+02,-9.672245953457876055e+01
4.665163945312500005e+02,-9.951744351875866812e+01
4.665166874999999891e+02,-1.069804090594176529e+02
4.665169804687500346e+02,-9.913338536335393769e+01
4.665172734375000232e+02,-1.005945602277851094e+02
4.665175664062500118e+02,-1.123422280254130783e+02
4.665178593750000005e+02,-1.103817031458824260e+02
4.665181523437499891e+02,-1.003181206701705719e+02
4.665184453125000346e+02,-1.050644725068879950e+02
4.665187382812500232e+02,-9.736425996232350144e+01
4.665190312500000118e+02,-1.016613507275764618e+02
4.665193242187500005e+02,-1.012537781585042183e+02
4.665196171874999891e+02,-1.172794487981142453e+02
4.665199101562500346e+02,-9.815394917098977601e+01
4.665202031250000232e+02,-9.629395441465098315e+01
4.665204960937500118e+02,-1.045285603327805148e+02
4.665207890625000005e+02,-1.010867033305024023e+02
4.665210820312499891e+02,-1.021806775361741728e+02
4.665213750000000346e+02,-1.018729013447335205e+02
4.665216679687500232e+02,-9.886081125793319302e+01
4.665219609375000118e+02,-1.083621020357904001e+02
4.665222539062500005e+02,-1.026210118593985499e+02
4.665225468749999891e+02,-9.902261215749673795e+01
4.665228398437500346e+02,-9.934251283005586686e+01
4.665231328125000232e+02,-1.029243284813513384e+02
4.665234257812500118e+02,-1.117066922636488471e+02
4.665237187500000005e+02,-9.551228106465438827e+01
4.665240117187499891e+02,-9.320619212631709161e+01
4.665243046875000346e+02,-1.010786409951945188e+02
4.665245976562500232e+02,-9.607758312758900843e+01
4.665248906250000118e+02,-1.005801970176932230e+02
4.665251835937500005e+02,-1.002366526487240606e+02
4.665254765624999891e+02,-1.065518008460913535e+02
4.665257695312500346e+02,-1.035731431621015588e+02
4.665260625000000232e+02,-1.128979032886658160e+02
4.665263554687500118e+02,-1.052762873894578064e+02
4.665266484375000005e+02,-1.073163873178107650e+02
4.665269414062499891e+02,-9.720151854305447614e+01
4.665272343750000346e+02,-1.033464035058446484e+02
4.665275273437500232e+02,-1.074530284150741721e+02
4.665278203125000118e+02,-9.969281840682356233e+01
4.665281132812500005e+02,-9.743749468745656372e+01
4.665284062499999891e+02,-9.376502544832349884e+01
4.665286992187500346e+02,-9.333073049671068588e+01
4.665289921875000232e+02,-9.583463502939999046e+01
4.665292851562500118e+02,-1.098397596340200550e+02
4.665295781250000005e+02,-1.101415137922905529e+02
4.665298710937499891e+02,-1.117858743162856570e+02
4.665301640625000346e+02,-1.070361656299314461e+02
4.665304570312500232e+02,-1.018237565120274866e+02
4.665307500000000118e+02,-1.008535628594439260e+02
4.665310429687500005e+02,-1.002755231809805707e+02
4.665313359374999891e+02,-9.901735372373548216e+01
4.665316289062500346e+02,-1.017916683879955286e+02
4.665319218750000232e+02,-1.014656765738409661e+02
4.665322148437500118e+02,-9.905346347590551659e+01
4.665325078125000005e+02,-1.070196707980071267e+02
4.665328007812499891e+02,-9.796851181803103259e+01
4.665330937500000346e+02,-1.039978872854980949e+02
4.665333867187500232e+02,-1.120962468803422354e+02
4.665336796875000118e+02,-1.016151528848158421e+02
4.665339726562500005e+02,-9.767280972437363573e+01
4.665342656249999891e+02,-9.518886805076787994e+01
4.665345585937500346e+02,-9.658753082800404854e+01
4.665348515625000232e+02,-1.117958692080154037e+02
4.665351445312500118e+02,-1.093886671847386793e+02
4.665354375000000005e+02,-1.051292404845800377e+02
4.665357304687499891e+02,-9.912137086079815163e+01
4.665360234375000346e+02,-1.085619670881271759e+02
4.665363164062500232e+02,-1.014546053052712864e+02
4.665366093750000118e+02,-9.952286440497518072e+01
4.665369023437500005e+02,-1.026162178443284176e+02
4.665371953124999891e+02,-1.133212181973872532e+02
4.665374882812500346e+02,-1.160187880437543697e+02
4.665377812500000232e+02,-1.082362009128613636e+02
4.665380742187500118e+02,-1.092185058518813321e+02
4.665383671875000005e+02,-1.056651300291789966e+02
4.665386601562499891e+02,-1.071543336168623455e+02
4.665389531250000346e+02,-1.011294522037640036e+02
4.665392460937500232e+02,-9.719956855952560204e+01
4.665395390625000118e+02,-1.017650501683344828e+02
4.665398320312500005e+02,-9.856192742851965249e+01
4.665401249999999891e+02,-1.027082209958803674e+02
4.665404179687500346e+02,-1.090116689392043554e+02
4.665407109375000232e+02,-9.625382546438181919e+01
4.665410039062500118e+02,-1.032662673756292975e+02
4.665412968750000005e+02,-9.847393746023605843e+01
4.665415898437499891e+02,-9.905478700598357022e+01
4.665418828125000346e+02,-1.032463191211913625e+02
4.665421757812500232e+02,-1.006577883154270836e+02
4.665424687500000118e+02,-9.917131516125543556e+01
4.665427617187500005e+02,-1.039715913069694153e+02
4.665430546874999891e+02,-1.002137039444243953e+02
4.665433476562500346e+02,-1.020135738479605294e+02
4.665436406250000232e+02,-1.128397407362321303e+02
4.665439335937500118e+02,-1.136330937931220575e+02
4.665442265625000005e+02,-9.814825694903578324e+01
4.665445195312499891e+02,-9.855679326045014932e+01
4.665448125000000346e+02,-1.034464803325058710e+02
4.665451054687500232e+02,-1.026787393381043501e+02
4.665453984375000118e+02,-1.001950161909254433e+02
4.665456914062500005e+02,-1.150331698778583416e+02
4.665459843749999891e+02,-1.022899666606324018e+02
4.665462773437500346e+02,-1.021140355231614762e+02
4.665465703125000232e+02,-1.051075080482097093e+02
4.665468632812500118e+02,-1.024794121322705394e+02
4.665471562500000005e+02,-1.055297335795681590e+02
4.665474492187499891e+02,-1.053163774490322453e+02
4.665477421875000346e+02,-1.046031801328375366e+02
4.665480351562500232e+02,-9.992149666263621555e+01
4.665483281250000118e+02,-1.023386466206506640e+02
4.665486210937500005e+02,-9.662855651560568049e+01
4.665489140624999891e+02,-9.530257419934085306e+01
4.665492070312500346e+02,-9.656512623755429559e+01
4.665495000000000232e+02,-1.018242561086165807e+02
4.665497929687500118e+02,-1.043937281255685576e+02
4.665500859375000005e+02,-1.078918334951887914e+02
4.665503789062499891e+02,-1.062606190575778697e+02
4.665506718750000346e+02,-1.052030671578748411e+02
4.665509648437500232e+02,-1.020117527014122345e+02
4.665512578125000118e+02,-9.711300515715907977e+01
4.665515507812500005e+02,-1.016982333223347013e+02
4.665518437499999891e+02,-1.023344781772309062e+02
4.665521367187500346e+02,-1.089857291242441875e+02
4.665524296875000232e+02,-9.891239369373757029e+01
4.665527226562500118e+02,-9.446873825435638139e+01
4.665530156250000005e+02,-9.581828250927166835e+01
4.665533085937499891e+02,-1.025944988664188884e+02
4.665536015625000346e+02,-1.008613521207770560e+02
4.665538945312500232e+02,-9.873096062978387977e+01
4.665541875000000118e+02,-1.075207935718403718e+02
4.665544804687500005e+02,-1.024509679437565524e+02
4.665547734374999891e+02,-1.006955027750054796e+02
4.665550664062500346e+02,-1.051515727711671246e+02
4.665553593750000232e+02,-1.044727598568717895e+02
4.665556523437500118e+02,-1.003066049324624203e+02
4.665559453125000005e+02,-1.011790338601291950e+02
4.665562382812499891e+02,-1.089602741614744446e+02
4.665565312500000346e+02,-1.148230846450692724e+02
4.665568242187500232e+02,-1.145443263392305937e+02
4.665571171875000118e+02,-1.241328377048588862e+02
4.665574101562500005e+02,-1.173503388621961960e+02
4.665577031249999891e+02,-1.009716839337856840e+02
4.665579960937500346e+02,-9.935793481393992010e+01
4.665582890625000232e+02,-9.814063156960810375e+01
4.665585820312500118e+02,-1.128491697946656984e+02
4.665588750000000005e+02,-9.465807482870572187e+01
4.665591679687499891e+02,-9.649784059966860639e+01
4.665594609375000346e+02,-1.029692028763587786e+02
4.665597539062500232e+02,-1.033283685169859325e+02
4.665600468750000118e+02,-9.828830439953844689e+01
4.665603398437500005e+02,-1.073883834457030417e+02
4.665606328124999891e+02,-1.043202439312701983e+02
4.665609257812500346e+02,-9.778144383169728826e+01
4.665612187500000232e+02,-9.613795127067521662e+01
4.665615117187500118e+02,-9.614005432208459467e+01
4.665618046875000005e+02,-9.295157433017429582e+01
4.665620976562499891e+02,-9.895063294595672687e+01
4.665623906250000346e+02,-9.247255636070610763e+01
4.665626835937500232e+02,-9.216702556797633861e+01
4.665629765625000118e+02,-9.395039401914181099e+01
4.665632695312500005e+02,-9.704007794634777895e+01
4.665635624999999891e+02,-9.833581385041549083e+01
4.665638554687500346e+02,-1.043818300553244001e+02
4.665641484375000232e+02,-1.041234357469228513e+02
4.665644414062500118e+02,-9.618356256627647838e+01
4.665647343750000005e+02,-9.569285534818453698e+01
4.665650273437499891e+02,-1.001872502247515513e+02
4.665653203125000346e+02,-9.658369965267277735e+01
4.665656132812500232e+02,-9.717113544507020606e+01
4.665659062500000118e+02,-9.985054674157748877e+01
4.665661992187500005e+02,-1.105342588240099957e+02
4.665664921874999891e+02,-1.118317567525221534e+02
4.665667851562500346e+02,-1.071942386305420030e+02
4.665670781250000232e+02,-9.985533285991471075e+01
4.665673710937500118e+02,-1.077436160142015069e+02
4.665676640625000005e+02,-1.001395084928444277e+02
4.665679570312499891e+02,-1.005536076303535964e+02
4.665682500000000346e+02,-1.047397144353093381e+02
4.665685429687500232e+02,-1.001335019177873420e+02
4.665688359375000118e+02,-9.671302771014455857e+01
4.665691289062500005e+02,-1.003482424115790081e+02
4.665694218749999891e+02,-1.010090221224874938e+02
4.665697148437500346e+02,-1.054327567327364932e+02
4.665700078125000232e+02,-1.027616951380156110e+02
4.665703007812500118e+02,-1.028341982053868549e+02
4.665705937500000005e+02,-1.053197257837860832e+02
4.665708867187499891e+02,-9.774437339680260095e+01
4.665711796875000346e+02,-9.596262504607241794e+01
4.665714726562500232e+02,-9.965314895537113671e+01
4.665717656250000118e+02,-1.031229819052942105e+02
4.665720585937500005e+02,-1.025152634816261070e+02
4.665723515624999891e+02,-1.018682569123170367e+02
4.665726445312500346e+02,-1.044876815913111869e+02
4.665729375000000232e+02,-1.010553280332775046e+02
4.665732304687500118e+02,-9.922289813467828878e+01
4.665735234375000005e+02,-9.562131541201873119e+01
4.665738164062499891e+02,-8.955563366993020225e+01
4.665741093750000346e+02,-9.144191858601300282e+01
4.665744023437500232e+02,-1.005155947942827623e+02
4.665746953125000118e+02,-1.011076936990019419e+02
4.665749882812500005e+02,-9.456499351927094210e+01
4.665752812499999891e+02,-9.684389227941989020e+01
4.665755742187500346e+02,-1.014562202299834581e+02
4.665758671875000232e+02,-9.800616241986389809e+01
4.665761601562500118e+02,-1.030367977792698468e+02
4.665764531250000005e+02,-9.607466972330510657e+01
4.665767460937499891e+02,-1.000984883244390033e+02
4.665770390625000346e+02,-1.080526711946234286e+02
4.665773320312500232e+02,-9.986147541579491360e+01
4.665776250000000118e+02,-9.942783230036027931e+01
4.665779179687500005e+02,-1.046508080135010630e+02
4.665782109374999891e+02,-9.726897359376698660e+01
4.665785039062500346e+02,-9.568668292841060463e+01
4.665787968750000232e+02,-9.501444215180087838e+01
4.665790898437500118e+02,-9.930141087171584502e+01
4.665793828125000005e+02,-1.098326633198508517e+02
4.665796757812499891e+02,-9.983687310510256907e+01
4.665799687500000346e+02,-1.009509315137146075e+02
4.665802617187500232e+02,-9.422472436156795084e+01
4.665805546875000118e+02,-9.749389256431183526e+01
4.665808476562500005e+02,-9.736393067571179927e+01
4.665811406249999891e+02,-9.729680776338622650e+01
4.665814335937500346e+02,-9.820811046864284322e+01
4.665817265625000232e+02,-1.041119917245592887e+02
4.665820195312500118e+02,-1.061495184862113774e+02
4.665823125000000005e+02,-1.003605853777658297e+02
4.665826054687499891e+02,-9.995502108383192308e+01
4.665828984375000346e+02,-1.060476829806797952e+02
4.665831914062500232e+02,-9.785222900823950454e+01
4.665834843750000118e+02,-9.804498959716244144e+01
4.665837773437500005e+02,-1.010805754748678851e+02
4.665840703124999891e+02,-1.137029403221761328e+02
4.665843632812500346e+02,-1.129246998777577318e+02
4.665846562500000232e+02,-1.069493689543279089e+02
4.665849492187500118e+02,-1.048380886262993386e+02
4.665852421875000005e+02,-9.990418526427625068e+01
4.665855351562499891e+02,-1.016760691177244667e+02
4.665858281250000346e+02,-9.766200506961351380e+01
4.665861210937500232e+02,-1.040105802980035037e+02
4.665864140625000118e+02,-9.706772339273017280e+01
4.665867070312500005e+02,-9.516577591444921325e+01
4.665869999999999891e+02,-1.022342429109255306e+02
4.665872929687500346e+02,-1.049158195195168730e+02
4.665875859375000232e+02,-1.145544898553357314e+02
4.665878789062500118e+02,-9.711573190565353286e+01
4.665881718750000005e+02,-9.745223226485434509e+01
4.665884648437499891e+02,-1.017779502923851140e+02
4.665887578125000346e+02,-9.536642393352154556e+01
4.665890507812500232e+02,-9.800002374224041546e+01
4.665893437500000118e+02,-1.022600348236531147e+02
4.665896367187500005e+02,-9.966670517321279021e+01
4.665899296874999891e+02,-1.051755649873747700e+02
4.665902226562500346e+02,-1.043593718577760967e+02
4.665905156250000232e+02,-9.708462237576893017e+01
4.665908085937500118e+02,-1.036186846001626805e+02
4.665911015625000005e+02,-1.077710002736445176e+02
4.665913945312499891e+02,-1.059851331207747194e+02
4.665916875000000346e+02,-9.742564783849414312e+01
4.665919804687500232e+02,-1.079171426497980377e+02
4.665922734375000118e+02,-9.745642324758159702e+01
4.665925664062500005e+02,-9.452878564067496825e+01
4.665928593749999891e+02,-9.639899263731605572e+01
4.665931523437500346e+02,-1.023429743423840534e+02
4.665934453125000232e+02,-9.956160764152117792e+01
4.665937382812500118e+02,-9.929808867308543086e+01
4.665940312500000005e+02,-1.007357102981071648e+02
4.665943242187499891e+02,-1.153137793485878149e+02
4.665946171875000346e+02,-1.072245045236350052e+02
4.665949101562500232e+02,-9.954895488174480533e+01
4.665952031250000118e+02,-1.050262653737795091e+02
4.665954960937500005e+02,-9.604151721486887539e+01
4.665957890624999891e+02,-9.278484700653683603e+01
4.665960820312500346e+02,-9.936447784395238614e+01
4.665963750000000232e+02,-1.014065921360812581e+02
4.665966679687500118e+02,-1.027834781860983071e+02
4.665969609375000005e+02,-9.428111552064385137e+01
4.665972539062499891e+02,-9.868549955577380217e+01
4.665975468750000346e+02,-1.005783676983765105e+02
4.665978398437500232e+02,-1.037620314335495948e+02
4.665981328125000118e+02,-9.460191001835124780e+01
4.665984257812500005e+02,-9.348185696659635369e+01
4.665987187499999891e+02,-9.545112534344652033e+01
4.665990117187500346e+02,-9.851957379835610595e+01
4.665993046875000232e+02,-9.887155485262093180e+01
4.665995976562500118e+02,-1.016562931797316338e+02
4.665998906250000005e+02,-9.864427736994468887e+01
4.666001835937499891e+02,-9.453157830182584576e+01
4.666004765625000346e+02,-9.791334434810630682e+01
4.666007695312500232e+02,-9.534851567102931824e+01
4.666010625000000118e+02,-9.592362202810824101e+01
4.666013554687500005e+02,-1.010364013832740682e+02
4.666016484374999891e+02,-9.949078118013089522e+01
4.666019414062500346e+02,-1.016211789086087691e+02
4.666022343750000232e+02,-9.644151023237296272e+01
4.666025273437500118e+02,-9.644876511309541911e+01
4.666028203125000005e+02,-1.010656128737359154e+02
4.666031132812499891e+02,-9.598665087443471577e+01
4.666034062500000346e+02,-9.596184811816152660e+01
4.666036992187500232e+02,-1.027264208261698002e+02
4.666039921875000118e+02,-9.882123530732235395e+01
4.666042851562500005e+02,-1.002363214361447490e+02
4.666045781249999891e+02,-1.016955706105619583e+02
4.666048710937500346e+02,-1.064638630756240616e+02
4.666051640625000232e+02,-9.746407283685516632e+01
4.666054570312500118e+02,-9.479591211041255860e+01
4.666057500000000005e+02,-9.345183423395499744e+01
4.666060429687499891e+02,-9.805068224172403291e+01
4.666063359375000346e+02,-1.008288470110130959e+02
4.666066289062500232e+02,-1.167117988052628164e+02
4.666069218750000118e+02,-9.826169746561512852e+01
4.666072148437500005e+02,-1.006889888529561716e+02
4.666075078124999891e+02,-9.943591821715271806e+01
4.666078007812500346e+02,-1.036057935712779283e+02
4.666080937500000232e+02,-1.295465070573756918e+02
4.666083867187500118e+02,-1.082053450730253275e+02
4.666086796875000005e+02,-1.031913433372550628e+02
4.666089726562499891e+02,-9.692168228170552879e+01
4.666092656250000346e+02,-9.630765821588114761e+01
4.666095585937500232e+02,-9.422020682363174160e+01
4.666098515625000118e+02,-9.672039913491006757e+01
4.666101445312500005e+02,-9.908017025681201062e+01
4.666104374999999891e+02,-9.198843478046362065e+01
4.666107304687500346e+02,-9.399664599374260376e+01
4.666110234375000232e+02,-9.540537944601190645e+01
4.666113164062500118e+02,-1.062167383524021034e+02
4.666116093750000005e+02,-1.063407884804083210e+02
4.666119023437499891e+02,-9.974155511170025079e+01
4.666121953125000346e+02,-1.002729878852893677e+02
4.666124882812500232e+02,-1.010146892612010276e+02
4.666127812500000118e+02,-9.582431783263217540e+01
4.666130742187500005e+02,-9.810563742910744622e+01
4.666133671874999891e+02,-1.035618709074017545e+02
4.666136601562500346e+02,-1.047207004451330477e+02
4.666139531250000232e+02,-9.927037733152361909e+01
4.666142460937500118e+02,-1.013190746364973762e+02
4.666145390625000005e+02,-1.006935780330991008e+02
4.666148320312499891e+02,-9.212982210357644419e+01
4.666151250000000346e+02,-9.509395396622687713e+01
4.666154179687500232e+02,-1.056809782585362996e+02
4.666157109375000118e+02,-1.068912465843994823e+02
4.666160039062500005e+02,-9.863131728248363572e+01
4.666162968749999891e+02,-9.735036032690837260e+01
4.666165898437500346e+02,-1.007581575356863652e+02
4.666168828125000232e+02,-1.041777508932592724e+02
4.666171757812500118e+02,-1.101822776377194515e+02
4.666174687500000005e+02,-1.072061320155799677e+02
4.666177617187499891e+02,-1.084849959013610601e+02
4.666180546875000346e+02,-1.056416331564715279e+02
4.666183476562500232e+02,-1.022039203022379183e+02
4.666186406250000118e+02,-9.854305256792626722e+01
4.666189335937500005e+02,-1.076762128618814529e+02
4.666192265624999891e+02,-1.003147321544388006e+02
4.666195195312500346e+02,-9.863714012729690239e+01
4.666198125000000232e+02,-9.604312240101138798e+01
4.666201054687500118e+02,-9.527940957787870957e+01
4.666203984375000005e+02,-9.717121367347070304e+01
4.666206914062499891e+02,-1.081088050992064780e+02
4.666209843750000346e+02,-9.716782948467385950e+01
4.666212773437500232e+02,-1.005128226945295467e+02
4.666215703125000118e+02,-1.055117830496259330e+02
4.666218632812500005e+02,-1.081182505377512371e+02
4.666221562499999891e+02,-1.073259692440133506e+02
4.666224492187500346e+02,-9.250258314541369487e+01
4.666227421875000232e+02,-9.554098734070380772e+01
4.666230351562500118e+02,-9.513723532389414572e+01
4.666233281250000005e+02,-9.390648350570799607e+01
4.666236210937499891e+02,-1.069264908623085972e+02
4.666239140625000346e+02,-9.944689982434640285e+01
4.666242070312500232e+02,-9.665817398990205334e+01
4.666245000000000118e+02,-1.119871634570539953e+02
4.666247929687500005e+02,-9.662076276529576546e+01
4.666250859374999891e+02,-9.709153359101554770e+01
4.666253789062500346e+02,-1.056639319650811473e+02
4.666256718750000232e+02,-9.858573980915053880e+01
4.666259648437500118e+02,-9.768257894035394884e+01
4.666262578125000005e+02,-1.062037074303444939e+02
4.666265507812499891e+02,-9.955972831612642437e+01
4.666268437500000346e+02,-9.416963802577201648e+01
4.666271367187500232e+02,-1.122059022303362639e+02
4.666274296875000118e+02,-9.917089340325472335e+01
4.666277226562500005e+02,-1.013680304923266959e+02
4.666280156249999891e+02,-9.854823383921487334e+01
4.666283085937500346e+02,-1.010188823294081715e+02
4.666286015625000232e+02,-9.183017242982947437e+01
4.666288945312500118e+02,-9.529835090437272527e+01
4.666291875000000005e+02,-1.023073382078669766e+02
4.666294804687499891e+02,-9.364043022027505003e+01
4.666297734375000346e+02,-9.707798573983833990e+01
4.666300664062500232e+02,-9.598707255826668927e+01
4.666303593750000118e+02,-1.073813542708478224e+02
4.666306523437500005e+02,-1.008357537480405881e+02
4.666309453124999891e+02,-9.853788718067664831e+01
4.666312382812500346e+02,-1.015391583444597927e+02
4.666315312500000232e+02,-1.000210017455411418e+02
4.666318242187500118e+02,-9.611979296472581780e+01
4.666321171875000005e+02,-9.188005601810078815e+01
4.666324101562499891e+02,-1.000021320660139281e+02
4.666327031250000346e+02,-9.658151980818996662e+01
4.666329960937500232e+02,-9.276533376472762882e+01
4.666332890625000118e+02,-9.342314656937490724e+01
4.666335820312500005e+02,-9.995650784509510345e+01
4.666338749999999891e+02,-1.077963695380630611e+02
4.666341679687500346e+02,-1.098505995968365880e+02
4.666344609375000232e+02,-9.959966508322577283e+01
4.666347539062500118e+02,-1.032616473644332586e+02
4.666350468750000005e+02,-9.658405172198726518e+01
4.666353398437499891e+02,-9.176705794161654239e+01
4.666356328125000346e+02,-9.210735449598489311e+01
4.666359257812500232e+02,-9.658827809908389384e+01
4.666362187500000118e+02,-9.972142022526797689e+01
4.666365117187500005e+02,-9.483183569035956850e+01
4.666368046874999891e+02,-1.091618147103033465e+02
4.666370976562500346e+02,-9.914998188861997619e+01
4.666373906250000232e+02,-9.548964097533536233e+01
4.666376835937500118e+02,-1.084755326532269066e+02
4.666379765625000005e+02,-1.084329792380963653e+02
4.666382695312499891e+02,-9.783092326057372645e+01
4.666385625000000346e+02,-1.048041621422455307e+02
4.666388554687500232e+02,-1.037811160614774622e+02
4.666391484375000118e+02,-9.649239593328856301e+01
4.666394414062500005e+02,-9.927708372330071995e+01
4.666397343749999891e+02,-9.514568976675724343e+01
4.666400273437500346e+02,-9.909838280157048018e+01
4.666403203125000232e+02,-9.948929153249601143e+01
4.666406132812500118e+02,-9.951954463758664815e+01
4.666409062500000005e+02,-1.000081370561075289e+02
4.666411992187499891e+02,-1.068347301814978039e+02
4.666414921875000346e+02,-1.017018486488830575e+02
4.666417851562500232e+02,-9.996386747451586530e+01
4.666420781250000118e+02,-9.553971380275348224e+01
4.666423710937500005e+02,-1.086876192527288509e+02
4.666426640624999891e+02,-1.130066713584279370e+02
4.666429570312500346e+02,-1.192912775052842846e+02
4.666432500000000232e+02,-9.505484357382914595e+01
4.666435429687500118e+02,-9.599905784290913857e+01
4.666438359375000005e+02,-9.681383805566780154e+01
4.666441289062499891e+02,-1.038499932401543902e+02
4.666444218750000346e+02,-1.024450129297634646e+02
4.666447148437500232e+02,-1.076296460853408519e+02
4.666450078125000118e+02,-1.064680795029354812e+02
4.666453007812500005e+02,-9.933400507372773802e+01
4.666455937499999891e+02,-9.659405778941483334e+01
4.666458867187500346e+02,-9.736254236056012701e+01
4.666461796875000232e+02,-9.816864583104717212e+01
4.666464726562500118e+02,-1.032911937359071572e+02
4.666467656250000005e+02,-1.013077743188824797e+02
4.666470585937499891e+02,-1.004715417987593185e+02
4.666473515625000346e+02,-1.013829516553498564e+02
4.666476445312500232e+02,-1.051770143189665561e+02
4.666479375000000118e+02,-9.806137029536367322e+01
4.666482304687500005e+02,-1.054482541953174604e+02
4.666485234374999891e+02,-1.070429965660814275e+02
4.666488164062500346e+02,-1.097292414582398266e+02
4.666491093750000232e+02,-1.068766117170957273e+02
4.666494023437500118e+02,-1.023131454134031202e+02
4.666496953125000005e+02,-1.009349159231162361e+02
4.666499882812499891e+02,-1.044522171119987632e+02
4.666502812500000346e+02,-9.954218900587324015e+01
4.666505742187500232e+02,-9.532987740794111176e+01
4.666508671875000118e+02,-1.070439195287559500e+02
4.666511601562500005e+02,-9.998141997258316849e+01
4.666514531249999891e+02,-9.781825513815077500e+01
4.666517460937500346e+02,-1.090200545850759397e+02
4.666520390625000232e+02,-1.075114017654742469e+02
4.666523320312500118e+02,-1.024155642597085318e+02
4.666526250000000005e+02,-9.770888109363916385e+01
4.666529179687499891e+02,-1.026505926746073527e+02
4.666532109375000346e+02,-1.039761072484462829e+02
4.666535039062500232e+02,-1.055483165318917713e+02
4.666537968750000118e+02,-9.962294283641314507e+01
4.666540898437500005e+02,-9.700958990591368547e+01
4.666543828124999891e+02,-9.643512475780276816e+01
4.666546757812500346e+02,-1.006475850218879344e+02
4.666549687500000232e+02,-1.014543246226615167e+02
4.666552617187500118e+02,-9.661554153796238609e+01
4.666555546875000005e+02,-9.992201687229758988e+01
4.666558476562499891e+02,-1.085810270411022032e+02
4.666561406250000346e+02,-1.146878810191851414e+02
4.666564335937500232e+02,-9.695597273981056219e+01
4.666567265625000118e+02,-9.692688545230369357e+01
4.666570195312500005e+02,-1.019826905560762498e+02
4.666573124999999891e+02,-1.004909827520790344e+02
4.666576054687500346e+02,-9.428881971456226552e+01
4.666578984375000232e+02,-9.487708511534773947e+01
4.666581914062500118e+02,-9.198050844595420017e+01
4.666584843750000005e+02,-9.647727533197171113e+01
4.666587773437499891e+02,-1.012135690488472335e+02
4.666590703125000346e+02,-1.057654657641945448e+02
4.666593632812500232e+02,-1.012376188544025268e+02
4.666596562500000118e+02,-9.574980387830248674e+01
4.666599492187500005e+02,-9.623708725790152130e+01
4.666602421874999891e+02,-1.007247946429195196e+02
4.666605351562500346e+02,-1.129938219288661401e+02
4.666608281250000232e+02,-9.705472828930142271e+01
4.666611210937500118e+02,-9.075998614102095985e+01
4.666614140625000005e+02,-9.211831385708194375e+01
4.666617070312499891e+02,-1.068175196080023568e+02
4.666620000000000346e+02,-9.294722172412514283e+01
4.666622929687500232e+02,-9.807435307339491715e+01
4.666625859375000118e+02,-9.943252527386773920e+01
4.666628789062500005e+02,-1.028841589191210204e+02
4.666631718749999891e+02,-1.021839630358953173e+02
4.666634648437500346e+02,-1.006588054471813933e+02
4.666637578125000232e+02,-1.092728767309165221e+02
4.666640507812500118e+02,-9.213002905952856736e+01
4.666643437500000005e+02,-9.344334160087191776e+01
4.666646367187499891e+02,-1.018227596867578910e+02
4.666649296875000346e+02,-1.022291030814444213e+02
4.666652226562500232e+02,-1.020545148031375362e+02
4.666655156250000118e+02,-9.767387467736574536e+01
4.666658085937500005e+02,-1.008325113808303684e+02
4.666661015624999891e+02,-1.035679603140824270e+02
4.666663945312500346e+02,-1.011629982575948929e+02
4.666666875000000232e+02,-9.681349223920578595e+01
4.666669804687500118e+02,-9.878238752722232618e+01
4.666672734375000005e+02,-9.878643624618867136e+01
4.666675664062499891e+02,-9.696748085376741244e+01
4.666678593750000346e+02,-9.365043377373115163e+01
4.666681523437500232e+02,-9.557001821361288307e+01
4.666684453125000118e+02,-9.655647078159063312e+01
4.666687382812500005e+02,-9.874516258174601546e+01
4.666690312499999891e+02,-9.773632482313333014e+01
4.666693242187500346e+02,-9.943165785243894561e+01
4.666696171875000232e+02,-1.015025392793924652e+02
4.666699101562500118e+02,-9.472674421896329022e+01
4.666702031250000005e+02,-9.720181257833608868e+01
4.666704960937499891e+02,-1.027690612242419093e+02
4.666707890625000346e+02,-9.704728186927113143e+01
4.666710820312500232e+02,-9.489258565646174759e+01
4.666713750000000118e+02,-9.878813040545901458e+01
4.666716679687500005e+02,-1.075644002697228672e+02
4.666719609374999891e+02,-9.886159322555435836e+01
4.666722539062500346e+02,-9.322152976939462121e+01
4.666725468750000232e+02,-9.590670456679504241e+01
4.666728398437500118e+02,-1.033834335546096383e+02
4.666731328125000005e+02,-9.660815841301563012e+01
4.666734257812499891e+02,-1.136597491712652896e+02
4.666737187500000346e+02,-1.017880783070936275e+02
4.666740117187500232e+02,-1.043511272257687779e+02
4.666743046875000118e+02,-1.053286149615378520e+02
4.666745976562500005e+02,-9.526611402017161367e+01
4.666748906249999891e+02,-9.880380759955691872e+01
4.666751835937500346e+02,-1.075793939560717405e+02
4.666754765625000232e+02,-9.993547733629537788e+01
4.666757695312500118e+02,-1.010382094402202995e+02
4.666760625000000005e+02,-1.007368937904793427e+02
4.666763554687499891e+02,-9.293282599434532187e+01
4.666766484375000346e+02,-9.171002471554311342e+01
4.666769414062500232e+02,-8.977297332512264916e+01
4.666772343750000118e+02,-8.927852793066270465e+01
4.666775273437500005e+02,-9.246697673091276215e+01
4.666778203124999891e+02,-9.862735587472289467e+01
4.666781132812500346e+02,-9.431979044734589479e+01
4.666784062500000232e+02,-9.675478446656683218e+01
4.666786992187500118e+02,-1.025533294563927456e+02
4.666789921875000005e+02,-9.712144852385537774e+01
4.666792851562499891e+02,-9.515222373148269241e+01
4.666795781250000346e+02,-9.827664865026362406e+01
4.666798710937500232e+02,-1.054141130239238180e+02
4.666801640625000118e+02,-9.581610877725181297e+01
4.666804570312500005e+02,-9.884631281487034471e+01
4.666807499999999891e+02,-1.080062655975038695e+02
4.666810429687500346e+02,-9.931807488891766411e+01
4.666813359375000232e+02,-9.432594618962750133e+01
4.666816289062500118e+02,-9.978385782301360507e+01
4.666819218750000005e+02,-1.110494840837345691e+02
4.666822148437499891e+02,-1.046639890709223550e+02
4.666825078125000346e+02,-1.078757964522232839e+02
4.666828007812500232e+02,-1.091232008484846574e+02
4.666830937500000118e+02,-9.668975704167074525e+01
4.666833867187500005e+02,-9.518724524710725632e+01
4.666836796874999891e+02,-9.577735715710061015e+01
4.666839726562500346e+02,-1.081038538895998755e+02
4.666842656250000232e+02,-9.396953827546047933e+01
4.666845585937500118e+02,-1.028366756516096103e+02
4.666848515625000005e+02,-1.021494255687789234e+02
4.666851445312499891e+02,-1.013069091741324854e+02
4.666854375000000346e+02,-9.857002241060186520e+01
4.666857304687500232e+02,-1.005852708287071380e+02
4.666860234375000118e+02,-9.559839920313406481e+01
4.666863164062500005e+02,-9.527951454188706748e+01
4.666866093749999891e+02,-9.572974927119096833e+01
4.666869023437500346e+02,-9.485605335156849094e+01
4.666871953125000232e+02,-9.867572608266280554e+01
4.666874882812500118e+02,-9.608888558641780264e+01
4.666877812500000005e+02,-9.263597093414770711e+01
4.666880742187499891e+02,-9.904093774972922404e+01
4.666883671875000346e+02,-9.835791921207886901e+01
4.666886601562500232e+02,-9.833025198867031236e+01
4.666889531250000118e+02,-9.832319670550590729e+01
4.666892460937500005e+02,-1.006536394498127862e+02
4.666895390624999891e+02,-1.047015878635806843e+02
4.666898320312500346e+02,-1.081483549297890363e+02
4.666901250000000232e+02,-9.975955559507934822e+01
4.666904179687500118e+02,-9.704163931010135968e+01
4.666907109375000005e+02,-9.602612752199993906e+01
4.666910039062499891e+02,-9.728900149840197287e+01
4.666912968750000346e+02,-1.003271441224412683e+02
4.666915898437500232e+02,-9.970902744534201645e+01
4.666918828125000118e+02,-1.017688480331422483e+02
4.666921757812500005e+02,-9.880592202574432292e+01
4.666924687499999891e+02,-9.962321052191113324e+01
4.666927617187500346e+02,-1.000979305113913398e+02
4.666930546875000232e+02,-9.812566881058944546e+01
4.666933476562500118e+02,-1.000932203543201524e+02
4.666936406250000005e+02,-9.963256395583138669e+01
4.666939335937499891e+02,-9.645087298998581105e+01
4.666942265625000346e+02,-1.067904615337598528e+02
4.666945195312500232e+02,-1.073032956215264448e+02
4.666948125000000118e+02,-1.031549875313672402e+02
4.666951054687500005e+02,-1.014989417375158212e+02
4.666953984374999891e+02,-9.720033143908128181e+01
4.666956914062500346e+02,-9.367044373818140457e+01
4.666959843750000232e+02,-9.201846377548895362e+01
4.666962773437500118e+02,-9.202292903933333434e+01
4.666965703125000005e+02,-9.842275693620982224e+01
4.666968632812499891e+02,-9.757608705836585727e+01
4.666971562500000346e+02,-9.737908325429506817e+01
4.666974492187500232e+02,-1.148114893433385646e+02
4.666977421875000118e+02,-1.052642845776748146e+02
4.666980351562500005e+02,-1.030583987039525908e+02
4.666983281249999891e+02,-1.009553799640215459e+02
4.666986210937500346e+02,-9.488072926494470494e+01
4.666989140625000232e+02,-9.367589479793075213e+01
4.666992070312500118e+02,-1.013641611621019791e+02
4.666995000000000005e+02,-1.087226836660894094e+02
4.666997929687499891e+02,-9.506073487282181134e+01
4.667000859375000346e+02,-9.452056461652502151e+01
4.667003789062500232e+02,-9.596890072696754714e+01
4.667006718750000118e+02,-9.505730091724475983e+01
4.667009648437500005e+02,-9.404429422504405522e+01
4.667012578124999891e+02,-9.036857572303591724e+01
4.667015507812500346e+02,-9.924002286474033951e+01
4.667018437500000232e+02,-1.041094872460973306e+02
4.667021367187500118e+02,-9.393266428857442918e+01
4.667024296875000005e+02,-9.451856264376935712e+01
4.667027226562499891e+02,-1.034312062644383161e+02
4.667030156250000346e+02,-9.768919940153345749e+01
4.667033085937500232e+02,-9.196780591446196240e+01
4.667036015625000118e+02,-9.366317413081075927e+01
4.667038945312500005e+02,-9.117997767974954115e+01
4.667041874999999891e+02,-9.600043760855641040e+01
4.667044804687500346e+02,-9.763761306631369052e+01
4.667047734375000232e+02,-1.037808301998133373e+02
4.667050664062500118e+02,-9.604879680258744656e+01
4.667053593750000005e+02,-9.530912477856234943e+01
4.667056523437499891e+02,-1.002628799586955779e+02
4.667059453125000346e+02,-1.191087496823797807e+02
4.667062382812500232e+02,-9.392078312734489032e+01
4.667065312500000118e+02,-9.136975699297104825e+01
4.667068242187500005e+02,-9.722392952761043716e+01
4.667071171874999891e+02,-9.499814674574733431e+01
4.667074101562500346e+02,-9.723193280306796282e+01
4.667077031250000232e+02,-9.575739944774042556e+01
4.667079960937500118e+02,-9.573400918696697204e+01
4.667082890625000005e+02,-9.496543848138792043e+01
4.667085820312499891e+02,-9.926871544841121420e+01
4.667088750000000346e+02,-9.892024757072110219e+01
4.667091679687500232e+02,-1.015444635136628193e+02
4.667094609375000118e+02,-9.607218845613475366e+01
4.667097539062500005e+02,-9.153390731724510943e+01
4.667100468749999891e+02,-9.051296447881696849e+01
4.667103398437500346e+02,-9.336573386325872548e+01
4.667106328125000232e+02,-9.274750583730978803e+01
4.667109257812500118e+02,-9.389878412168941679e+01
4.667112187500000005e+02,-9.409829272721179905e+01
4.667115117187499891e+02,-9.384522779252563396e+01
4.667118046875000346e+02,-9.618091476329283296e+01
4.667120976562500232e+02,-1.008991190643804856e+02
4.667123906250000118e+02,-9.987650605174164298e+01
4.667126835937500005e+02,-1.110174320793144034e+02
4.667129765624999891e+02,-9.991566858118810046e+01
4.667132695312500346e+02,-1.026375904425576380e+02
4.667135625000000232e+02,-9.436712823650273663e+01
4.667138554687500118e+02,-9.614559001885399425e+01
4.667141484375000005e+02,-1.011616125603067218e+02
4.667144414062499891e+02,-9.780421823308131479e+01
4.667147343750000346e+02,-1.007521739990276188e+02
4.667150273437500232e+02,-9.673438477475821173e+01
4.667153203125000118e+02,-9.262814456815982567e+01
4.667156132812500005e+02,-9.504856240586363469e+01
4.667159062499999891e+02,-9.599970009165016904e+01
4.667161992187500346e+02,-9.734746678300494693e+01
4.667164921875000232e+02,-9.862388621066833139e+01
4.667167851562500118e+02,-1.007303759859404977e+02
4.667170781250000005e+02,-9.396793478478255679e+01
4.667173710937499891e+02,-1.043701786487764451e+02
4.667176640625000346e+02,-9.778336833950815787e+01
4.667179570312500232e+02,-9.512534035457080961e+01
4.667182500000000118e+02,-1.026128136935498105e+02
4.667185429687500005e+02,-1.024095240010875330e+02
4.667188359374999891e+02,-9.950955654600923594e+01
4.667191289062500346e+02,-9.610013873749900881e+01
4.667194218750000232e+02,-9.765288889479528223e+01
4.667197148437500118e+02,-1.073889402169186980e+02
4.667200078125000005e+02,-9.921418006355065700e+01
4.667203007812499891e+02,-9.322382806469221350e+01
4.667205937500000346e+02,-9.355808105898313443e+01
4.667208867187500232e+02,-9.800608516399236692e+01
4.667211796875000118e+02,-1.027534630635272208e+02
4.667214726562500005e+02,-9.812271787606547946e+01
4.667217656249999891e+02,-1.100573995548460147e+02
4.667220585937500346e+02,-9.515864070164091970e+01
4.667223515625000232e+02,-9.597285515024253755e+01
4.667226445312500118e+02,-1.057361540055842966e+02
4.667229375000000005e+02,-1.037982019996382945e+02
4.667232304687499891e+02,-9.252169506478747962e+01
4.667235234375000346e+02,-9.404447888090032848e+01
4.667238164062500232e+02,-1.026711341811279965e+02
4.667241093750000118e+02,-9.191539671474166084e+01
4.667244023437500005e+02,-9.175154428853765864e+01
4.667246953124999891e+02,-9.794486401712062218e+01
4.667249882812500346e+02,-9.780164003877779066e+01
4.667252812500000232e+02,-9.807074675454765611e+01
4.667255742187500118e+02,-9.746811365009209283e+01
4.667258671875000005e+02,-9.517731818536147159e+01
4.667261601562499891e+02,-9.962123796253634112e+01
4.667264531250000346e+02,-9.451073841910886131e+01
4.667267460937500232e+02,-9.994315204766485294e+01
4.667270390625000118e+02,-1.083214679735483656e+02
4.667273320312500005e+02,-9.249844821237140025e+01
4.667276249999999891e+02,-9.471145995370370940e+01
4.667279179687500346e+02,-1.003704445477922889e+02
4.667282109375000232e+02,-9.970798422335748512e+01
4.667285039062500118e+02,-9.713074267814745610e+01
4.667287968750000005e+02,-9.824766205296219823e+01
4.667290898437499891e+02,-9.785789234068688813e+01
4.667293828125000346e+02,-1.083686108613804180e+02
4.667296757812500232e+02,-1.037733454879018069e+02
4.667299687500000118e+02,-1.009729338879681251e+02
4.667302617187500005e+02,-1.007276007176460553e+02
4.667305546874999891e+02,-9.677504605701423657e+01
4.667308476562500346e+02,-9.574386439445255803e+01
4.667311406250000232e+02,-9.889720704774001092e+01
4.667314335937500118e+02,-1.062546659296889686e+02
4.667317265625000005e+02,-9.477805436752730373e+01
4.667320195312499891e+02,-9.338785285195994845e+01
4.667323125000000346e+02,-9.822938114163049761e+01
4.667326054687500232e+02,-9.840421327162003706e+01
4.667328984375000118e+02,-9.516145944133511136e+01
4.667331914062500005e+02,-1.048103065598319859e+02
4.667334843749999891e+02,-9.444164549535230435e+01
4.667337773437500346e+02,-1.065726293048537912e+02
4.667340703125000232e+02,-9.244331166635720365e+01
4.667343632812500118e+02,-9.114720818982902983e+01
4.667346562500000005e+02,-9.675612911554583206e+01
4.667349492187499891e+02,-9.919240915882745924e+01
4.667352421875000346e+02,-9.738293138336490529e+01
4.667355351562500232e+02,-9.939421991775648735e+01
4.667358281250000118e+02,-9.394655723959400007e+01
4.667361210937500005e+02,-9.230696609074283288e+01
4.667364140624999891e+02,-9.349698054125511248e+01
4.667367070312500346e+02,-9.348655862032165942e+01
4.667370000000000232e+02,-9.194397659038793336e+01
4.667372929687500118e+02,-9.188677241458347567e+01
4.667375859375000005e+02,-9.094920251383777554e+01
4.667378789062499891e+02,-9.753846140940541432e+01
4.667381718750000346e+02,-1.190452474344545095e+02
4.667384648437500232e+02,-1.028229478661809537e+02
4.667387578125000118e+02,-9.624011819929265243e+01
4.667390507812500005e+02,-9.340791168333352346e+01
4.667393437499999891e+02,-9.195547277491206728e+01
4.667396367187500346e+02,-9.371271223644527026e+01
4.667399296875000232e+02,-1.075744550506208839e+02
4.667402226562500118e+02,-9.424879299748798189e+01
4.667405156250000005e+02,-9.072112018355214502e+01
4.667408085937499891e+02,-9.362370247242081689e+01
4.667411015625000346e+02,-9.936598177477081606e+01
4.667413945312500232e+02,-9.087855796187685087e+01
4.667416875000000118e+02,-8.860129491816856273e+01
4.667419804687500005e+02,-9.273629388079690727e+01
4.667422734374999891e+02,-9.404561955951615460e+01
4.667425664062500346e+02,-9.214684643136826026e+01
4.667428593750000232e+02,-9.418056908236160041e+01
4.667431523437500118e+02,-9.737095289837563428e+01
4.667434453125000005e+02,-1.004283659118636933e+02
4.667437382812499891e+02,-9.775915430463895461e+01
4.667440312500000346e+02,-9.850119773221609876e+01
4.667443242187500232e+02,-9.916356865964672807e+01
4.667446171875000118e+02,-9.536400960827228346e+01
4.667449101562500005e+02,-1.020996409921779247e+02
4.667452031249999891e+02,-1.058214870705395327e+02
4.667454960937500346e+02,-9.556275269919217408e+01
4.667457890625000232e+02,-9.264864027162303728e+01
4.667460820312500118e+02,-9.114146817232820297e+01
4.667463750000000005e+02,-1.024797899442466189e+02
4.667466679687499891e+02,-9.386908883804414927e+01
4.667469609375000346e+02,-9.287795118544227080e+01
4.667472539062500232e+02,-9.610582313999977089e+01
4.667475468750000118e+02,-9.843681240633215168e+01
4.667478398437500005e+02,-1.002119841399538132e+02
4.667481328124999891e+02,-9.961743273023478196e+01
4.667484257812500346e+02,-9.511219223189003458e+01
4.667487187500000232e+02,-9.370731175666094259e+01
4.667490117187500118e+02,-9.758999898299913411e+01
4.667493046875000005e+02,-1.087960160273061518e+02
4.667495976562499891e+02,-9.710353198704895306e+01
4.667498906250000346e+02,-1.064152656727971760e+02
4.667501835937500232e+02,-9.378313305901119179e+01
4.667504765625000118e+02,-9.448295354994445461e+01
4.667507695312500005e+02,-9.247826582353059166e+01
4.667510624999999891e+02,-9.092896215263024828e+01
4.667513554687500346e+02,-1.001421740139165024e+02
4.667516484375000232e+02,-1.025753050902346502e+02
4.667519414062500118e+02,-9.965913717937050365e+01
4.667522343750000005e+02,-1.063302767711976884e+02
4.667525273437499891e+02,-1.007362327222607377e+02
4.667528203125000346e+02,-1.033253004745744192e+02
4.667531132812500232e+02,-1.003727731508518417e+02
4.667534062500000118e+02,-1.007560914183206648e+02
4.667536992187500005e+02,-1.017314038966161860e+02
4.667539921874999891e+02,-1.000819082647467297e+02
4.667542851562500346e+02,-9.456747611522504826e+01
4.667545781250000232e+02,-9.528258328517090092e+01
4.667548710937500118e+02,-1.065913518192242577e+02
4.667551640625000005e+02,-9.648759854401859570e+01
4.667554570312499891e+02,-1.003786767292153428e+02
4.667557500000000346e+02,-9.373323961984536368e+01
4.667560429687500232e+02,-9.402257572527338425e+01
4.667563359375000118e+02,-9.133571774374323127e+01
4.667566289062500005e+02,-9.360616833970303219e+01
4.667569218749999891e+02,-1.024979030411274152e+02
4.667572148437500346e+02,-9.615463725542207385e+01
4.667575078125000232e+02,-9.594359223212930488e+01
4.667578007812500118e+02,-9.721548162163665552e+01
4.667580937500000005e+02,-9.432169844841592976e+01
4.667583867187499891e+02,-9.742258009183956347e+01
4.667586796875000346e+02,-1.071076874113898327e+02
4.667589726562500232e+02,-9.038314639211407098e+01
4.667592656250000118e+02,-9.606411694827271219e+01
4.667595585937500005e+02,-9.362924257808741402e+01
4.667598515624999891e+02,-9.204293286987251577e+01
4.667601445312500346e+02,-1.077210603704686775e+02
4.667604375000000232e+02,-9.769749881928194668e+01
4.667607304687500118e+02,-9.791162060351219054e+01
4.667610234375000005e+02,-1.012043670944574956e+02
4.667613164062499891e+02,-9.862112125207774227e+01
4.667616093750000346e+02,-9.769314817953127772e+01
4.667619023437500232e+02,-9.527706940976025862e+01
4.667621953125000118e+02,-9.802654415355786455e+01
4.667624882812500005e+02,-1.004806160449780350e+02
4.667627812499999891e+02,-1.067627405905209770e+02
4.667630742187500346e+02,-9.611576647527633099e+01
4.667633671875000232e+02,-9.210359198346949938e+01
4.667636601562500118e+02,-1.004113640472157698e+02
4.667639531250000005e+02,-9.975158477953299041e+01
4.667642460937499891e+02,-9.742228399724436372e+01
4.667645390625000346e+02,-1.112928554026395886e+02
4.667648320312500232e+02,-9.240271332031721840e+01
4.667651250000000118e+02,-9.872916746511594965e+01
4.667654179687500005e+02,-9.278856507148506694e+01
4.667657109374999891e+02,-9.622155221624200294e+01
4.667660039062500346e+02,-1.007451452355351051e+02
4.667662968750000232e+02,-1.014149907313739902e+02
4.667665898437500118e+02,-9.971054387744082703e+01
4.667668828125000005e+02,-9.387300113304469562e+01
4.667671757812499891e+02,-9.581494990286640245e+01
4.667674687500000346e+02,-1.008042905140318624e+02
4.667677617187500232e+02,-9.841613168074771067e+01
4.667680546875000118e+02,-9.533755672010605053e+01
4.667683476562500005e+02,-9.216724392704452384e+01
4.667686406249999891e+02,-9.993377993438159024e+01
4.667689335937500346e+02,-9.805590133949819176e+01
4.667692265625000232e+02,-1.046641750815434762e+02
4.667695195312500118e+02,-9.195960883796377061e+01
4.667698125000000005e+02,-9.647377855829762439e+01
4.667701054687499891e+02,-9.660686037494889433e+01
4.667703984375000346e+02,-9.340585482096872738e+01
4.667706914062500232e+02,-9.626601752862870853e+01
4.667709843750000118e+02,-1.057283050220185885e+02
4.667712773437500005e+02,-1.060566170530776731e+02
4.667715703124999891e+02,-1.009770112421599322e+02
4.667718632812500346e+02,-9.592969365037029661e+01
4.667721562500000232e+02,-9.387372620939194690e+01
4.667724492187500118e+02,-9.063288578918724170e+01
4.667727421875000005e+02,-9.586539087537451564e+01
4.667730351562499891e+02,-1.021181430285205920e+02
4.667733281250000346e+02,-9.757548666431900131e+01
4.667736210937500232e+02,-9.450382770641824948e+01
4.667739140625000118e+02,-1.004167246052488025e+02
4.667742070312500005e+02,-1.064649751396583213e+02
4.667744999999999891e+02,-9.895760680266596410e+01
4.667747929687500346e+02,-9.327610831008664150e+01
4.667750859375000232e+02,-9.085409647699111702e+01
4.667753789062500118e+02,-9.580665254267455566e+01
4.667756718750000005e+02,-9.515002616663500135e+01
4.667759648437499891e+02,-9.350658782339490926e+01
4.667762578125000346e+02,-9.463666608915316658e+01
4.667765507812500232e+02,-1.012147271608918402e+02
4.667768437500000118e+02,-1.030352600789641428e+02
4.667771367187500005e+02,-1.074912204081764031e+02
4.667774296874999891e+02,-1.019743479322162045e+02
4.667777226562500346e+02,-9.466705667626246168e+01
4.667780156250000232e+02,-9.437908787551793921e+01
4.667783085937500118e+02,-9.228539871616426638e+01
4.667786015625000005e+02,-9.212373008461520385e+01
4.667788945312499891e+02,-9.342142917045778461e+01
4.667791875000000346e+02,-9.666186798474083730e+01
4.667794804687500232e+02,-9.413861812691911268e+01
4.667797734375000118e+02,-9.214990359256880481e+01
4.667800664062500005e+02,-9.006361316342943724e+01
4.667803593749999891e+02,-9.432068518947916402e+01
4.667806523437500346e+02,-1.022573296068172652e+02
4.667809453125000232e+02,-1.008379110056134067e+02
4.667812382812500118e+02,-1.000862247692245290e+02
4.667815312500000005e+02,-9.373661401311368024e+01
4.667818242187499891e+02,-9.682239785832609869e+01
4.667821171875000346e+02,-1.012017920662281654e+02
4.667824101562500232e+02,-1.115606266722541022e+02
4.667827031250000118e+02,-9.795318568172639573e+01
4.667829960937500005e+02,-9.904654230521759928e+01
4.667832890624999891e+02,-9.705651756418085085e+01
4.667835820312500346e+02,-9.377688600577558020e+01
4.667838750000000232e+02,-9.398237210852946077e+01
4.667841679687500118e+02,-9.043923436962300855e+01
4.667844609375000005e+02,-9.657237419024775704e+01
4.667847539062499891e+02,-9.521822136932459557e+01
4.667850468750000346e+02,-9.150275673564121348e+01
4.667853398437500232e+02,-1.018574814315793589e+02
4.667856328125000118e+02,-1.018322351158511481e+02
4.667859257812500005e+02,-1.076519788469041146e+02
4.667862187499999891e+02,-9.444719926124533060e+01
4.667865117187500346e+02,-9.043453280871977995e+01
4.667868046875000232e+02,-9.459957615781868867e+01
4.667870976562500118e+02,-1.070159656090919498e+02
4.667873906250000005e+02,-9.168350751715009039e+01
4.667876835937499891e+02,-9.135981999756316441e+01
4.667879765625000346e+02,-9.599396204077690697e+01
4.667882695312500232e+02,-9.454937617017412776e+01
4.667885625000000118e+02,-9.482977390330106005e+01
4.667888554687500005e+02,-9.553487466147352336e+01
4.667891484374999891e+02,-1.024245348576472594e+02
4.667894414062500346e+02,-9.868551757799167490e+01
4.667897343750000232e+02,-9.933050155594312969e+01
4.667900273437500118e+02,-1.037757426598341084e+02
4.667903203125000005e+02,-9.661953168440962259e+01
4.667906132812499891e+02,-9.631070141744578450e+01
4.667909062500000346e+02,-9.558636911140894199e+01
4.667911992187500232e+02,-1.002697295139143989e+02
4.667914921875000118e+02,-9.084746896936815119e+01
4.667917851562500005e+02,-9.229468565746836362e+01
4.667920781249999891e+02,-1.047446506946296836e+02
4.667923710937500346e+02,-9.793609398582653114e+01
4.667926640625000232e+02,-9.282493009455382094e+01
4.667929570312500118e+02,-9.636372313585069094e+01
4.667932500000000005e+02,-1.102405918885763469e+02
4.667935429687499891e+02,-9.905206571981806007e+01
4.667938359375000346e+02,-9.651866122572241125e+01
4.667941289062500232e+02,-9.997465116724700351e+01
4.667944218750000118e+02,-9.270156295194466622e+01
4.667947148437500005e+02,-8.990718354302025261e+01
4.667950078124999891e+02,-8.991990855374677949e+01
4.667953007812500346e+02,-9.206416012597088638e+01
4.667955937500000232e+02,-9.665338187316768881e+01
4.667958867187500118e+02,-9.282288996976461704e+01
4.667961796875000005e+02,-9.145372821655685414e+01
4.667964726562499891e+02,-8.911152434731249627e+01
4.667967656250000346e+02,-9.500958761618517201e+01
4.667970585937500232e+02,-9.874991173958342472e+01
4.667973515625000118e+02,-9.425280206001178840e+01
4.667976445312500005e+02,-9.436507782427739244e+01
4.667979374999999891e+02,-9.755260558188554398e+01
4.667982304687500346e+02,-9.245203255870050896e+01
4.667985234375000232e+02,-1.074912952104622264e+02
4.667988164062500118e+02,-9.475547779405665949e+01
4.667991093750000005e+02,-9.038518960066329555e+01
4.667994023437499891e+02,-9.271406264185144153e+01
4.667996953125000346e+02,-9.492098414168525267e+01
4.667999882812500232e+02,-1.071371998456863253e+02
4.668002812500000118e+02,-1.061959438367997421e+02
4.668005742187500005e+02,-1.002732687165863297e+02
4.668008671874999891e+02,-1.053141914570215079e+02
4.668011601562500346e+02,-9.683268219729070836e+01
4.668014531250000232e+02,-8.833348062107278054e+01
4.668017460937500118e+02,-8.847074605241239453e+01
4.668020390625000005e+02,-1.019581223404764785e+02
4.668023320312499891e+02,-9.088550820048199341e+01
4.668026250000000346e+02,-9.509947091654078122e+01
4.668029179687500232e+02,-9.830605352534175267e+01
4.668032109375000118e+02,-9.606737948834641827e+01
4.668035039062500005e+02,-1.017771733660385962e+02
4.668037968749999891e+02,-9.491723736650799026e+01
4.668040898437500346e+02,-1.003071591046607409e+02
4.668043828125000232e+02,-9.118033670079256581e+01
4.668046757812500118e+02,-8.844854879323277430e+01
4.668049687500000005e+02,-9.242963459433053686e+01
4.668052617187499891e+02,-9.681481805991893452e+01
4.668055546875000346e+02,-9.492659230303723916e+01
4.668058476562500232e+02,-9.694522529937526656e+01
4.668061406250000118e+02,-1.011597633482345913e+02
4.668064335937500005e+02,-9.376546077755841679e+01
4.668067265624999891e+02,-9.441829158600178573e+01
4.668070195312500346e+02,-1.012055238148801095e+02
4.668073125000000232e+02,-9.794453955673196788e+01
4.668076054687500118e+02,-1.055078846382737652e+02
4.668078984375000005e+02,-9.365890538633898643e+01
4.668081914062499891e+02,-9.606786598021365364e+01
4.668084843750000346e+02,-1.019256306617340613e+02
4.668087773437500232e+02,-1.032325813755847577e+02
4.668090703125000118e+02,-9.575621428282106251e+01
4.668093632812500005e+02,-1.066950393187723023e+02
4.668096562499999891e+02,-9.129996959127888090e+01
4.668099492187500346e+02,-8.945763221475323235e+01
4.668102421875000232e+02,-8.852831674202820977e+01
4.668105351562500118e+02,-8.701911319987915761e+01
4.668108281250000005e+02,-9.125298855472686910e+01
4.668111210937499891e+02,-9.865207897029208084e+01
4.668114140625000346e+02,-9.196552351132710612e+01
4.668117070312500232e+02,-9.363932055326850445e+01
4.668120000000000118e+02,-9.763957006398109684e+01
4.668122929687500005e+02,-9.027030813309031032e+01
4.668125859374999891e+02,-8.826714490716575767e+01
4.668128789062500346e+02,-9.092750993378813007e+01
4.668131718750000232e+02,-9.518206928908433895e+01
4.668134648437500118e+02,-8.933225992856915809e+01
4.668137578125000005e+02,-9.266740564423228932e+01
4.668140507812499891e+02,-9.878070348673739431e+01
4.668143437500000346e+02,-9.160235287600941945e+01
4.668146367187500232e+02,-9.011217861599894263e+01
4.668149296875000118e+02,-1.041892928096224296e+02
4.668152226562500005e+02,-9.525081141832356479e+01
4.668155156249999891e+02,-9.309470148050314720e+01
4.668158085937500346e+02,-9.445775255445573748e+01
4.668161015625000232e+02,-9.273672121525092393e+01
4.668163945312500118e+02,-9.270997775629651017e+01
4.668166875000000005e+02,-9.052746988079817925e+01
4.668169804687499891e+02,-9.043742868893301079e+01
4.668172734375000346e+02,-9.215709004191678844e+01
4.668175664062500232e+02,-9.464688380177634031e+01
4.668178593750000118e+02,-9.835860670994765087e+01
4.668181523437500005e+02,-1.013652891892251660e+02
4.668184453124999891e+02,-1.048323527145359151e+02
4.668187382812500346e+02,-9.989017277335446465e+01
4.668190312500000232e+02,-1.047311719114002102e+02
4.668193242187500118e+02,-9.802448610593080502e+01
4.668196171875000005e+02,-9.289848556900321341e+01
4.668199101562499891e+02,-9.412490945667570941e+01
4.668202031250000346e+02,-9.171322724691825101e+01
4.668204960937500232e+02,-9.659150161802811851e+01
4.668207890625000118e+02,-1.054188512393937174e+02
4.668210820312500005e+02,-9.467396942570002238e+01
4.668213749999999891e+02,-9.501406182605252582e+01
4.668216679687500346e+02,-9.015893761743781454e+01
4.668219609375000232e+02,-8.703004272949037556e+01
4.668222539062500118e+02,-8.810803758941361252e+01
4.668225468750000005e+02,-1.029405641529367017e+02
4.668228398437499891e+02,-9.782598408675750079e+01
4.668231328125000346e+02,-1.035678104585060453e+02
4.668234257812500232e+02,-9.872012689485981696e+01
4.668237187500000118e+02,-9.467237755154772572e+01
4.668240117187500005e+02,-9.240872348491586763e+01
4.668243046874999891e+02,-8.860257369797378146e+01
4.668245976562500346e+02,-9.111723606175614520e+01
4.668248906250000232e+02,-9.801382621538803619e+01
4.668251835937500118e+02,-1.040192493967837351e+02
4.668254765625000005e+02,-9.811586970048873013e+01
4.668257695312499891e+02,-9.549732144816501034e+01
4.668260625000000346e+02,-9.437725755349050871e+01
4.668263554687500232e+02,-9.724573130284110789e+01
4.668266484375000118e+02,-9.761528308916636831e+01
4.668269414062500005e+02,-9.358762997693828822e+01
4.668272343749999891e+02,-1.031197665657497282e+02
4.668275273437500346e+02,-9.836852106283815544e+01
4.668278203125000232e+02,-9.182523677243307247e+01
4.668281132812500118e+02,-9.728462936418785034e+01
4.668284062500000005e+02,-1.097273794794579516e+02
4.668286992187499891e+02,-1.006699900467891098e+02
4.668289921875000346e+02,-9.746289504309064000e+01
4.668292851562500232e+02,-9.179030101228092065e+01
4.668295781250000118e+02,-9.511288796470167028e+01
4.668298710937500005e+02,-9.851550484427153265e+01
4.668301640624999891e+02,-1.023330841279893235e+02
4.668304570312500346e+02,-9.807337010554719825e+01
4.668307500000000232e+02,-9.897463580158881769e+01
4.668310429687500118e+02,-1.039308436018889097e+02
4.668313359375000005e+02,-1.059025211274468177e+02
4.668316289062499891e+02,-9.866892872603671094e+01
4.668319218750000346e+02,-9.918483689375884182e+01
4.668322148437500232e+02,-9.673364860549951061e+01
4.668325078125000118e+02,-1.005780767651708629e+02
4.668328007812500005e+02,-9.593904939352296424e+01
4.668330937499999891e+02,-9.567219833589624045e+01
4.668333867187500346e+02,-9.819107233647966382e+01
4.668336796875000232e+02,-1.068646003488603782e+02
4.668339726562500118e+02,-9.962909043030320788e+01
4.668342656250000005e+02,-1.119776723035388812e+02
4.668345585937499891e+02,-9.331203766031245550e+01
4.668348515625000346e+02,-1.045032561887966835e+02
4.668351445312500232e+02,-9.702824563499774513e+01
4.668354375000000118e+02,-9.264875430709270177e+01
4.668357304687500005e+02,-9.416032121459497262e+01
4.668360234374999891e+02,-1.038913538351935699e+02
4.668363164062500346e+02,-9.121655173546290030e+01
4.668366093750000232e+02,-8.855404518687919335e+01
4.668369023437500118e+02,-9.946925971342089667e+01
4.668371953125000005e+02,-9.875217657154630047e+01
4.668374882812499891e+02,-9.180233545925440808e+01
4.668377812500000346e+02,-9.176622595194399423e+01
4.668380742187500232e+02,-9.200433346729055017e+01
4.668383671875000118e+02,-9.327906413764392823e+01
4.668386601562500005e+02,-1.021269704175751372e+02
4.668389531249999891e+02,-1.073872934947541893e+02
4.668392460937500346e+02,-9.484588775855112885e+01
4.668395390625000232e+02,-9.441585377904726784e+01
4.668398320312500118e+02,-9.178980747617998759e+01
4.668401250000000005e+02,-9.260649501333416822e+01
4.668404179687499891e+02,-1.036738143906376450e+02
4.668407109375000346e+02,-1.002710737064734872e+02
4.668410039062500232e+02,-1.026034660418025908e+02
4.668412968750000118e+02,-9.352865709220644419e+01
4.668415898437500005e+02,-9.355801974278931255e+01
4.668418828124999891e+02,-9.215525662575494437e+01
4.668421757812500346e+02,-8.722900441920120329e+01
4.668424687500000232e+02,-9.050050573514916152e+01
4.668427617187500118e+02,-9.423602282204191738e+01
4.668430546875000005e+02,-9.238502411326638253e+01
4.668433476562499891e+02,-1.006707830409420694e+02
4.668436406250000346e+02,-9.280058558990383233e+01
4.668439335937500232e+02,-9.357968800191032699e+01
4.668442265625000118e+02,-9.488579497248151995e+01
4.668445195312500005e+02,-9.434881557441431710e+01
4.668448124999999891e+02,-9.571991473027985364e+01
4.668451054687500346e+02,-9.039171410902619641e+01
4.668453984375000232e+02,-9.352327959403066870e+01
4.668456914062500118e+02,-9.393576909414234422e+01
4.668459843750000005e+02,-9.873208409364629290e+01
4.668462773437499891e+02,-1.129233456770136002e+02
4.668465703125000346e+02,-1.071682370925684182e+02
4.668468632812500232e+02,-1.029459856335138852e+02
4.668471562500000118e+02,-9.340224817100479981e+01
4.668474492187500005e+02,-9.448746546940057556e+01
4.668477421874999891e+02,-9.242478008596367545e+01
4.668480351562500346e+02,-9.534893497936607787e+01
4.668483281250000232e+02,-1.065330467076348953e+02
4.668486210937500118e+02,-8.910111763489007330e+01
4.668489140625000005e+02,-8.782020071162683905e+01
4.668492070312499891e+02,-8.754058512294162142e+01
4.668495000000000346e+02,-1.046354015873454415e+02
4.668497929687500232e+02,-9.403528248952534341e+01
4.668500859375000118e+02,-9.460979934267746216e+01
4.668503789062500005e+02,-9.684136125859133415e+01
4.668506718749999891e+02,-9.400319732770897474e+01
4.668509648437500346e+02,-9.510421915193353470e+01
4.668512578125000232e+02,-1.009598877506218741e+02
4.668515507812500118e+02,-9.801889359914396493e+01
4.668518437500000005e+02,-9.573448809180611363e+01
4.668521367187499891e+02,-9.164676397466907076e+01
4.668524296875000346e+02,-9.447646573299293493e+01
4.668527226562500232e+02,-1.006919860383297873e+02
4.668530156250000118e+02,-9.888869833338509352e+01
4.668533085937500005e+02,-9.952753108640762036e+01
4.668536015624999891e+02,-1.053939826483216109e+02
4.668538945312500346e+02,-1.018926476482016881e+02
4.668541875000000232e+02,-9.712252381355769160e+01
4.668544804687500118e+02,-9.731131633933065928e+01
4.668547734375000005e+02,-1.029397491844787993e+02
4.668550664062499891e+02,-9.801719799720333981e+01
4.668553593750000346e+02,-9.292064558647234662e+01
4.668556523437500232e+02,-9.277004753433317319e+01
4.668559453125000118e+02,-9.637223242920860855e+01
4.668562382812500005e+02,-1.134954359545197633e+02
4.668565312499999891e+02,-9.782478925882628573e+01
4.668568242187500346e+02,-1.047261993954026025e+02
4.668571171875000232e+02,-9.352249783208122835e+01
4.668574101562500118e+02,-9.372754380816937214e+01
4.668577031250000005e+02,-9.588870719719174929e+01
4.668579960937499891e+02,-1.014809230684669785e+02
4.668582890625000346e+02,-1.176353585865919484e+02
4.668585820312500232e+02,-9.828517539039813755e+01
4.668588750000000118e+02,-1.053541846161159725e+02
4.668591679687500005e+02,-9.765992084078359881e+01
4.668594609374999891e+02,-9.114399171603827199e+01
4.668597539062500346e+02,-9.534978600445236907e+01
4.668600468750000232e+02,-9.665811334727989390e+01
4.668603398437500118e+02,-9.960202763327318110e+01
4.668606328125000005e+02,-1.034705401509260270e+02
4.668609257812499891e+02,-1.032895362667293284e+02
4.668612187500000346e+02,-1.132537555106319047e+02
4.668615117187500232e+02,-9.599829662731451663e+01
4.668618046875000118e+02,-9.943207404376710201e+01
4.668620976562500005e+02,-1.006240203043077486e+02
4.668623906249999891e+02,-1.125341017868570930e+02
4.668626835937500346e+02,-9.702595410781302121e+01
4.668629765625000232e+02,-9.664045509402498624e+01
4.668632695312500118e+02,-1.083530959675994154e+02
4.668635625000000005e+02,-8.780579217847497375e+01
4.668638554687499891e+02,-8.973546989468930235e+01
4.668641484375000346e+02,-1.001016561308484540e+02
4.668644414062500232e+02,-9.736424239224956523e+01
4.668647343750000118e+02,-1.107521221712390371e+02
4.668650273437500005e+02,-1.021282856305045357e+02
4.668653203124999891e+02,-9.848610266867228802e+01
4.668656132812500346e+02,-1.169152338019798947e+02
4.668659062500000232e+02,-1.018205500339736602e+02
4.668661992187500118e+02,-9.479297742499772994e+01
4.668664921875000005e+02,-9.333286522990447054e+01
4.668667851562499891e+02,-8.661644540342069831e+01
4.668670781250000346e+02,-9.075546435054550898e+01
4.668673710937500232e+02,-9.590440049191508365e+01
4.668676640625000118e+02,-9.424363727473517827e+01
4.668679570312500005e+02,-9.496868672895871555e+01
4.668682499999999891e+02,-9.132075584269374247e+01
4.668685429687500346e+02,-9.057976199925172978e+01
4.668688359375000232e+02,-9.027884640136626615e+01
4.668691289062500118e+02,-9.469179423300714404e+01
4.668694218750000005e+02,-9.508115066252386782e+01
4.668697148437499891e+02,-9.305620490663228850e+01
4.668700078125000346e+02,-9.413110231612719758e+01
4.668703007812500232e+02,-9.983831369344541429e+01
4.668705937500000118e+02,-1.051036353450793825e+02
4.668708867187500005e+02,-9.537485840000579174e+01
4.668711796874999891e+02,-9.314827511882499778e+01
4.668714726562500346e+02,-9.288736450131848699e+01
4.668717656250000232e+02,-1.030291151142433250e+02
4.668720585937500118e+02,-9.211899510031190630e+01
4.668723515625000005e+02,-9.263317390277754271e+01
4.668726445312499891e+02,-1.033925313330787503e+02
4.668729375000000346e+02,-9.646027879688155338e+01
4.668732304687500232e+02,-9.586264450317175090e+01
4.668735234375000118e+02,-1.010811455164793102e+02
4.668738164062500005e+02,-9.359611037848668502e+01
4.668741093749999891e+02,-9.807009734034436121e+01
4.668744023437500346e+02,-1.082377198867682466e+02
4.668746953125000232e+02,-9.761085067291729445e+01
4.668749882812500118e+02,-9.393149629611869500e+01
4.668752812500000005e+02,-1.248522769817453337e+02
4.668755742187499891e+02,-9.992771397236252540e+01
4.668758671875000346e+02,-1.128095407130664398e+02
4.668761601562500232e+02,-1.053476338579521894e+02
4.668764531250000118e+02,-1.047965556906434585e+02
4.668767460937500005e+02,-9.458541503506964432e+01
4.668770390624999891e+02,-9.011701919938590777e+01
4.668773320312500346e+02,-8.992656007944619034e+01
4.668776250000000232e+02,-9.156453772600161756e+01
4.668779179687500118e+02,-1.065413393736960614e+02
4.668782109375000005e+02,-9.142836632840430866e+01
4.668785039062499891e+02,-8.952693218683111809e+01
4.668787968750000346e+02,-8.758393612202746681e+01
4.668790898437500232e+02,-9.121838691263397436e+01
4.668793828125000118e+02,-9.758560967948533005e+01
4.668796757812500005e+02,-9.105622383458467084e+01
4.668799687499999891e+02,-9.423178085046451713e+01
4.668802617187500346e+02,-1.035641988480018654e+02
4.668805546875000232e+02,-9.425568443498011106e+01
4.668808476562500118e+02,-9.096618086809701254e+01
4.668811406250000005e+02,-8.895355604384951675e+01
4.668814335937499891e+02,-8.949297605843050007e+01
4.668817265625000346e+02,-9.971219731007863629e+01
4.668820195312500232e+02,-9.626614672498681102e+01
4.668823125000000118e+02,-1.007456317405797677e+02
4.668826054687500005e+02,-9.441653492363600719e+01
4.668828984374999891e+02,-8.820071569833125125e+01
4.668831914062500346e+02,-9.015867174753944369e+01
4.668834843750000232e+02,-9.405162382787126774e+01
4.668837773437500118e+02,-9.568843395412399389e+01
4.668840703125000005e+02,-1.118152063397045026e+02
4.668843632812499891e+02,-9.286715199955465039e+01
4.668846562500000346e+02,-9.427056972894304465e+01
4.668849492187500232e+02,-9.318099350479704412e+01
4.668852421875000118e+02,-1.002610524306191451e+02
4.668855351562500005e+02,-1.043320728284687817e+02
4.668858281249999891e+02,-9.968209855856343893e+01
4.668861210937500346e+02,-9.983673506151532706e+01
4.668864140625000232e+02,-1.000757253738872521e+02
4.668867070312500118e+02,-9.926313263053371827e+01
4.668870000000000005e+02,-9.444040350492791447e+01
4.668872929687499891e+02,-9.466676683150497240e+01
4.668875859375000346e+02,-9.193096334548023663e+01
4.668878789062500232e+02,-9.117094948638487040e+01
4.668881718750000118e+02,-1.040032555679539570e+02
4.668884648437500005e+02,-9.321708862090946468e+01
4.668887578124999891e+02,-9.162842821186126230e+01
4.668890507812500346e+02,-9.224638641412829543e+01
4.668893437500000232e+02,-8.753452998126013540e+01
4.668896367187500118e+02,-8.737830529793117762e+01
4.668899296875000005e+02,-9.690178620488616446e+01
4.668902226562499891e+02,-1.043034077813378389e+02
4.668905156250000346e+02,-9.837962614976349585e+01
4.668908085937500232e+02,-9.758627277704867709e+01
4.668911015625000118e+02,-9.212411476794778764e+01
4.668913945312500005e+02,-9.838233974796673920e+01
4.668916874999999891e+02,-9.362640360150427910e+01
4.668919804687500346e+02,-9.375824122491874846e+01
4.668922734375000232e+02,-9.244823139466862472e+01
4.668925664062500118e+02,-8.736025081850809215e+01
4.668928593750000005e+02,-9.131969447580486587e+01
4.668931523437499891e+02,-9.464975096852626280e+01
4.668934453125000346e+02,-9.324069788912574097e+01
4.668937382812500232e+02,-9.174512020862822226e+01
4.668940312500000118e+02,-9.848140072182610538e+01
4.668943242187500005e+02,-9.898257517293450292e+01
4.668946171874999891e+02,-9.334263145425103403e+01
4.668949101562500346e+02,-9.259108466178813046e+01
4.668952031250000232e+02,-9.481253514569885965e+01
4.668954960937500118e+02,-9.337104030895248741e+01
4.668957890625000005e+02,-9.543613038703959717e+01
4.668960820312499891e+02,-1.019543539127322731e+02
4.668963750000000346e+02,-1.001007738615769824e+02
4.668966679687500232e+02,-1.078670507591155285e+02
4.668969609375000118e+02,-9.332673006801300630e+01
4.668972539062500005e+02,-9.364338143328268416e+01
4.668975468749999891e+02,-9.877336204593065361e+01
4.668978398437500346e+02,-9.373284551475735782e+01
4.668981328125000232e+02,-9.388810092436844457e+01
4.668984257812500118e+02,-8.638944490899199025e+01
4.668987187500000005e+02,-8.971262304963875067e+01
4.668990117187499891e+02,-9.871336041879202128e+01
4.668993046875000346e+02,-1.047775384743422791e+02
4.668995976562500232e+02,-9.382688042380064530e+01
4.668998906250000118e+02,-9.658973983193270385e+01
4.669001835937500005e+02,-9.082218857973313675e+01
4.669004765624999891e+02,-9.866454927209881021e+01
4.669007695312500346e+02,-9.796003578323366412e+01
4.669010625000000232e+02,-1.262526420320576648e+02
4.669013554687500118e+02,-8.831668989251953406e+01
4.669016484375000005e+02,-8.640887813087826430e+01
4.669019414062499891e+02,-9.696984409988365883e+01
4.669022343750000346e+02,-1.025011777559593042e+02
4.669025273437500232e+02,-9.066702021064685368e+01
4.669028203125000118e+02,-9.803518226663942414e+01
4.669031132812500005e+02,-9.597405024142167917e+01
4.669034062499999891e+02,-9.956968884654170893e+01
4.669036992187500346e+02,-9.629008521382485242e+01
4.669039921875000232e+02,-1.130799371080433104e+02
4.669042851562500118e+02,-1.091045246357355580e+02
4.669045781250000005e+02,-9.584204261850206308e+01
4.669048710937499891e+02,-1.059248457544750863e+02
4.669051640625000346e+02,-8.946135514129751698e+01
4.669054570312500232e+02,-9.604699891013986246e+01
4.669057500000000118e+02,-8.813415928986536585e+01
4.669060429687500005e+02,-8.517277626015089709e+01
4.669063359374999891e+02,-8.961874569622638376e+01
4.669066289062500346e+02,-1.037815093423525923e+02
4.669069218750000232e+02,-9.368158207139359206e+01
4.669072148437500118e+02,-9.434993511152086398e+01
4.669075078125000005e+02,-9.393957335060670744e+01
4.669078007812499891e+02,-9.044161950948554818e+01
4.669080937500000346e+02,-9.913389700767361035e+01
4.669083867187500232e+02,-9.796813308860897962e+01
4.669086796875000118e+02,-9.292457998784529138e+01
4.669089726562500005e+02,-8.965467606408290635e+01
4.669092656249999891e+02,-9.190314849139122089e+01
4.669095585937500346e+02,-1.028048660722041348e+02
4.669098515625000232e+02,-9.222911092564318380e+01
4.669101445312500118e+02,-9.204748839711088237e+01
4.669104375000000005e+02,-1.021517157414839261e+02
4.669107304687499891e+02,-9.263050861865943375e+01
4.669110234375000346e+02,-9.128922166271449612e+01
4.669113164062500232e+02,-9.414411970355580195e+01
4.669116093750000118e+02,-9.140958286301552960e+01
4.669119023437500005e+02,-9.391321120426303537e+01
4.669121953124999891e+02,-9.056855102131484614e+01
4.669124882812500346e+02,-9.187610822234420027e+01
4.669127812500000232e+02,-9.939349862413470760e+01
4.669130742187500118e+02,-9.618015470955052137e+01
4.669133671875000005e+02,-8.936829003770381519e+01
4.669136601562499891e+02,-8.876340601738748148e+01
4.669139531250000346e+02,-9.501519372873900693e+01
4.669142460937500232e+02,-9.633651559819652732e+01
4.669145390625000118e+02,-9.705270814961633619e+01
4.669148320312500005e+02,-8.973282633178372691e+01
4.669151249999999891e+02,-8.668122659171953615e+01
4.669154179687500346e+02,-8.975734270088946687e+01
4.669157109375000232e+02,-9.507723782949400970e+01
4.669160039062500118e+02,-9.948548176714442093e+01
4.669162968750000005e+02,-9.212748205703816495e+01
4.669165898437499891e+02,-9.726250918163161430e+01
4.669168828125000346e+02,-9.088378055699590163e+01
4.669171757812500232e+02,-9.246160577047700713e+01
4.669174687500000118e+02,-1.021958901129096517e+02
4.669177617187500005e+02,-1.012954536209352909e+02
4.669180546874999891e+02,-9.837347630643688490e+01
4.669183476562500346e+02,-1.037690690167351306e+02
4.669186406250000232e+02,-9.014649271210934955e+01
4.669189335937500118e+02,-9.813195614057691785e+01
4.669192265625000005e+02,-9.573497709518184706e+01
4.669195195312499891e+02,-9.960717860469412699e+01
4.669198125000000346e+02,-9.105575967085533762e+01
4.669201054687500232e+02,-9.243646421743704877e+01
4.669203984375000118e+02,-9.234796761461124959e+01
4.669206914062500005e+02,-9.524194784387799473e+01
4.669209843749999891e+02,-9.507607374006694556e+01
4.669212773437500346e+02,-9.254129583761661593e+01
4.669215703125000232e+02,-1.033480865984865602e+02
4.669218632812500118e+02,-9.514277651534578695e+01
4.669221562500000005e+02,-9.556065398977095526e+01
4.669224492187499891e+02,-9.073172529924298146e+01
4.669227421875000346e+02,-9.231729853289064636e+01
4.669230351562500232e+02,-9.136014630420675076e+01
4.669233281250000118e+02,-9.509478970956035937e+01
4.669236210937500005e+02,-1.009742799826549913e+02
4.669239140624999891e+02,-9.843709475270757991e+01
4.669242070312500346e+02,-9.489513458132783796e+01
4.669245000000000232e+02,-9.184542770946725909e+01
4.669247929687500118e+02,-8.950070114953118150e+01
4.669250859375000005e+02,-1.010991677204935968e+02
4.669253789062499891e+02,-8.657276021061559845e+01
4.669256718750000346e+02,-8.450327535305261506e+01
4.669259648437500232e+02,-8.309225490240054057e+01
4.669262578125000118e+02,-8.665007607758836627e+01
4.669265507812500005e+02,-9.100271859561516408e+01
4.669268437499999891e+02,-1.003831180974143535e+02
4.669271367187500346e+02,-1.000369903740774902e+02
4.669274296875000232e+02,-9.928068297748589544e+01
4.669277226562500118e+02,-9.509565027199883502e+01
4.669280156250000005e+02,-9.358001687424048498e+01
4.669283085937499891e+02,-9.901978360813333779e+01
4.669286015625000346e+02,-9.698340315546968782e+01
4.669288945312500232e+02,-9.456545900398882054e+01
4.669291875000000118e+02,-9.499255411336334021e+01
4.669294804687500005e+02,-9.153471251223564309e+01
4.669297734374999891e+02,-9.195576361433978718e+01
4.669300664062500346e+02,-9.268028477270382837e+01
4.669303593750000232e+02,-8.837267779657865674e+01
4.669306523437500118e+02,-9.116996854691399221e+01
4.669309453125000005e+02,-9.926926068551136950e+01
4.669312382812499891e+02,-9.165042210537120582e+01
4.669315312500000346e+02,-9.402816994926286043e+01
4.669318242187500232e+02,-9.534137940287561719e+01
4.669321171875000118e+02,-9.433287811404906620e+01
4.669324101562500005e+02,-8.936405085108647484e+01
4.669327031249999891e+02,-9.276159381705519991e+01
4.669329960937500346e+02,-9.250258952898582265e+01
4.669332890625000232e+02,-9.395994029601241948e+01
4.669335820312500118e+02,-1.066485955806750638e+02
4.669338750000000005e+02,-9.230221137706234913e+01
4.669341679687499891e+02,-9.265420138011685935e+01
4.669344609375000346e+02,-9.729365776863500059e+01
4.669347539062500232e+02,-9.353527339573059862e+01
4.669350468750000118e+02,-8.988684314800275388e+01
4.669353398437500005e+02,-9.001472739859279670e+01
4.669356328124999891e+02,-8.787411913078359760e+01
4.669359257812500346e+02,-9.247663727505810982e+01
4.669362187500000232e+02,-9.717586626112277770e+01
4.669365117187500118e+02,-1.071096772912284223e+02
4.669368046875000005e+02,-9.277302995889473891e+01
4.669370976562499891e+02,-9.561068644204213740e+01
4.669373906250000346e+02,-9.805166657892797843e+01
4.669376835937500232e+02,-9.453955815073001645e+01
4.669379765625000118e+02,-9.866828602140000726e+01
4.669382695312500005e+02,-8.978839057570468185e+01
4.669385624999999891e+02,-9.048067253057934067e+01
4.669388554687500346e+02,-9.863162488142722850e+01
4.669391484375000232e+02,-9.681500130060419451e+01
4.669394414062500118e+02,-9.698567266049865054e+01
4.669397343750000005e+02,-9.325371902573054683e+01
4.669400273437499891e+02,-9.708181767196185774e+01
4.669403203125000346e+02,-9.857982840852562845e+01
4.669406132812500232e+02,-9.542690581178753462e+01
4.669409062500000118e+02,-1.034733626908248141e+02
4.669411992187500005e+02,-1.001141909559556780e+02
4.669414921874999891e+02,-9.367813431507832433e+01
4.669417851562500346e+02,-9.419386434735153557e+01
4.669420781250000232e+02,-9.248230505845064897e+01
4.669423710937500118e+02,-9.748472127440166446e+01
4.669426640625000005e+02,-9.695719528906742823e+01
4.669429570312499891e+02,-1.040959655950123306e+02
4.669432500000000346e+02,-9.793265886195104031e+01
4.669435429687500232e+02,-9.889530898630036404e+01
4.669438359375000118e+02,-1.016493870954326439e+02
4.669441289062500005e+02,-9.616199629023080320e+01
4.669444218749999891e+02,-9.053938897200809777e+01
4.669447148437500346e+02,-1.041884680030223365e+02
4.669450078125000232e+02,-9.003902995220278171e+01
4.669453007812500118e+02,-9.725965558310427639e+01
4.669455937500000005e+02,-9.283076406104527223e+01
4.669458867187499891e+02,-8.967408354911825086e+01
4.669461796875000346e+02,-1.078709080887793732e+02
4.669464726562500232e+02,-9.586238686855297431e+01
4.669467656250000118e+02,-9.349910194727463875e+01
4.669470585937500005e+02,-9.911447969614755493e+01
4.669473515624999891e+02,-9.578235144304034065e+01
4.669476445312500346e+02,-9.266379199774894460e+01
4.669479375000000232e+02,-9.065971858722214449e+01
4.669482304687500118e+02,-9.083006288723018429e+01
4.669485234375000005e+02,-9.541945559689833090e+01
4.669488164062499891e+02,-9.607441662207176591e+01
4.669491093750000346e+02,-9.503372260259540383e+01
4.669494023437500232e+02,-9.126127636581800573e+01
4.669496953125000118e+02,-9.842071975779046511e+01
4.669499882812500005e+02,-9.003459567731069058e+01
4.669502812499999891e+02,-8.983075647839116584e+01
4.669505742187500346e+02,-1.031597128603974909e+02
4.669508671875000232e+02,-9.979282475679086417e+01
4.669511601562500118e+02,-9.205945888726937198e+01
4.669514531250000005e+02,-1.139350097810466167e+02
4.669517460937499891e+02,-8.792131632664172969e+01
4.669520390625000346e+02,-8.580900513231546256e+01
4.669523320312500232e+02,-8.841068162530619645e+01
4.669526250000000118e+02,-9.357395294197749536e+01
4.669529179687500005e+02,-9.168201153849993545e+01
4.669532109374999891e+02,-9.593467915489273423e+01
4.669535039062500346e+02,-1.004611645875306465e+02
4.669537968750000232e+02,-9.194371692685818687e+01
4.669540898437500118e+02,-9.397424219825664693e+01
4.669543828125000005e+02,-1.069571661251723071e+02
4.669546757812499891e+02,-9.463075641213656297e+01
4.669549687500000346e+02,-9.522028869779919091e+01
4.669552617187500232e+02,-8.950333291407721958e+01
4.669555546875000118e+02,-9.698088747914650298e+01
4.669558476562500005e+02,-8.953382363531926558e+01
4.669561406249999891e+02,-9.821463961930018627e+01
4.669564335937500346e+02,-1.063130632798580280e+02
4.669567265625000232e+02,-8.717107468442227969e+01
4.669570195312500118e+02,-8.568822186050954315e+01
4.669573125000000005e+02,-9.156450303477356556e+01
4.669576054687499891e+02,-8.932847412985351809e+01
4.669578984375000346e+02,-9.165785135379094584e+01
4.669581914062500232e+02,-9.185685481195429247e+01
4.669584843750000118e+02,-9.195044725533945495e+01
4.669587773437500005e+02,-8.918484525675947339e+01
4.669590703124999891e+02,-8.467632383092423254e+01
4.669593632812500346e+02,-8.887194062710095466e+01
4.669596562500000232e+02,-9.702356895195921993e+01
4.669599492187500118e+02,-9.433791560630726281e+01
4.669602421875000005e+02,-9.136308253707133531e+01
4.669605351562499891e+02,-9.664947826144168630e+01
4.669608281250000346e+02,-9.731288590842203234e+01
4.669611210937500232e+02,-9.112260350123594321e+01
4.669614140625000118e+02,-9.325666827390777769e+01
4.669617070312500005e+02,-9.019466675773436748e+01
4.669619999999999891e+02,-9.135633732804242868e+01
4.669622929687500346e+02,-9.243158171546873803e+01
4.669625859375000232e+02,-9.248648899187615768e+01
4.669628789062500118e+02,-9.167054354542571559e+01
4.669631718750000005e+02,-1.057386539490047141e+02
4.669634648437499891e+02,-9.628416319859579175e+01
4.669637578125000346e+02,-8.606442056703167509e+01
4.669640507812500232e+02,-8.970432353311664997e+01
4.669643437500000118e+02,-1.054614690702555890e+02
4.669646367187500005e+02,-9.148935310699732781e+01
4.669649296874999891e+02,-9.370210983553033657e+01
4.669652226562500346e+02,-9.535349005777534614e+01
4.669655156250000232e+02,-9.427738748352673781e+01
4.669658085937500118e+02,-9.336901908382954218e+01
4.669661015625000005e+02,-9.646793699324075533e+01
4.669663945312499891e+02,-8.988535997674733835e+01
4.669666875000000346e+02,-9.511084536980663984e+01
4.669669804687500232e+02,-9.584092421068648093e+01
4.669672734375000118e+02,-8.856553359044275453e+01
4.669675664062500005e+02,-8.898048172932023192e+01
4.669678593749999891e+02,-1.078895957569583288e+02
4.669681523437500346e+02,-9.134561656082667014e+01
4.669684453125000232e+02,-9.647799861353743722e+01
4.669687382812500118e+02,-9.458273460694626067e+01
4.669690312500000005e+02,-9.200180993392098117e+01
4.669693242187499891e+02,-9.274104804272751323e+01
4.669696171875000346e+02,-9.369673468122697102e+01
4.669699101562500232e+02,-9.454352167561742704e+01
4.669702031250000118e+02,-9.426344733512780749e+01
4.669704960937500005e+02,-1.016600214897076881e+02
4.669707890624999891e+02,-9.241786050953319887e+01
4.669710820312500346e+02,-8.633173437772371983e+01
4.669713750000000232e+02,-9.096438212144782653e+01
4.669716679687500118e+02,-9.399188630990435911e+01
4.669719609375000005e+02,-9.121984765707537690e+01
4.669722539062499891e+02,-9.146537246174659685e+01
4.669725468750000346e+02,-9.450155125580336346e+01
4.669728398437500232e+02,-9.862142599743675930e+01
4.669731328125000118e+02,-9.741052798176191629e+01
4.669734257812500005e+02,-1.089100442736810948e+02
4.669737187499999891e+02,-9.740270794137622090e+01
4.669740117187500346e+02,-1.135167897106119028e+02
4.669743046875000232e+02,-9.275466501632330107e+01
4.669745976562500118e+02,-8.891110934745211125e+01
4.669748906250000005e+02,-9.667237729386729939e+01
4.669751835937499891e+02,-8.699390758370326182e+01
4.669754765625000346e+02,-9.062535521068859623e+01
4.669757695312500232e+02,-8.817038063379018809e+01
4.669760625000000118e+02,-9.647530004005645310e+01
4.669763554687500005e+02,-9.195567473514067558e+01
4.669766484374999891e+02,-8.989181034932803982e+01
4.669769414062500346e+02,-8.910044317451479401e+01
4.669772343750000232e+02,-9.639222956388239538e+01
4.669775273437500118e+02,-1.057233273558888555e+02
4.669778203125000005e+02,-9.431791038854227338e+01
4.669781132812499891e+02,-9.755082537265360543e+01
4.669784062500000346e+02,-9.974078466847333857e+01
4.669786992187500232e+02,-9.289235213149986237e+01
4.669789921875000118e+02,-9.394301778250644475e+01
4.669792851562500005e+02,-9.196451213980301986e+01
4.669795781249999891e+02,-9.018327147340143313e+01
4.669798710937500346e+02,-8.583325008296168335e+01
4.669801640625000232e+02,-9.104065500873758765e+01
4.669804570312500118e+02,-9.790332088990673753e+01
4.669807500000000005e+02,-9.893802902984441516e+01
4.669810429687499891e+02,-9.066152964628152233e+01
4.669813359375000346e+02,-1.225172734158166463e+02
4.669816289062500232e+02,-9.316693462463278763e+01
4.669819218750000118e+02,-1.007321785766799280e+02
4.669822148437500005e+02,-1.016194554709912836e+02
4.669825078124999891e+02,-1.009287423899541949e+02
4.669828007812500346e+02,-9.457319477486664994e+01
4.669830937500000232e+02,-9.941344763992974265e+01
4.669833867187500118e+02,-9.481579499747070372e+01
4.669836796875000005e+02,-8.928072617334927941e+01
4.669839726562499891e+02,-9.272026640515036888e+01
4.669842656250000346e+02,-9.988337380320066927e+01
4.669845585937500232e+02,-9.777490269525333133e+01
4.669848515625000118e+02,-9.183008883099395803e+01
4.669851445312500005e+02,-9.050347033156560883e+01
4.669854374999999891e+02,-9.333835722808635182e+01
4.669857304687500346e+02,-9.626684003507541831e+01
4.669860234375000232e+02,-9.416616406082860635e+01
4.669863164062500118e+02,-9.503013283530079036e+01
4.669866093750000005e+02,-9.001337559811703670e+01
4.669869023437499891e+02,-1.040985917530034328e+02
4.669871953125000346e+02,-9.353009475069274004e+01
4.669874882812500232e+02,-9.678052065213286426e+01
4.669877812500000118e+02,-9.499192098826874542e+01
4.669880742187500005e+02,-8.571457382199650965e+01
4.669883671874999891e+02,-8.493380931947154977e+01
4.669886601562500346e+02,-8.790757035594319291e+01
4.669889531250000232e+02,-9.537255586995993895e+01
4.669892460937500118e+02,-8.914517376815413741e+01
4.669895390625000005e+02,-9.196581651634150489e+01
4.669898320312499891e+02,-1.123031071950370432e+02
4.669901250000000346e+02,-9.491651179339285704e+01
4.669904179687500232e+02,-8.927614866044356745e+01
4.669907109375000118e+02,-8.999844019833822983e+01
4.669910039062500005e+02,-8.789574624683072557e+01
4.669912968749999891e+02,-9.517714396514392661e+01
4.669915898437500346e+02,-9.148783975121709489e+01
4.669918828125000232e+02,-9.225231658514141486e+01
4.669921757812500118e+02,-9.372067849318453625e+01
4.669924687500000005e+02,-9.573142614315251819e+01
4.669927617187499891e+02,-9.018942257681332819e+01
4.669930546875000346e+02,-8.673565118366011006e+01
4.669933476562500232e+02,-8.946786325073894375e+01
4.669936406250000118e+02,-9.192683046155279669e+01
4.669939335937500005e+02,-9.210665361913861204e+01
4.669942265624999891e+02,-9.269419463257135305e+01
4.669945195312500346e+02,-8.896335177567155483e+01
4.669948125000000232e+02,-9.118656695741219664e+01
4.669951054687500118e+02,-1.011656046112339880e+02
4.669953984375000005e+02,-9.000542628148940594e+01
4.669956914062499891e+02,-1.027694694486341405e+02
4.669959843750000346e+02,-9.078753540677175238e+01
4.669962773437500232e+02,-9.042127270966017250e+01
4.669965703125000118e+02,-9.328268080438546406e+01
4.669968632812500005e+02,-8.789158734402047912e+01
4.669971562499999891e+02,-9.355232898178650203e+01
4.669974492187500346e+02,-9.485582267612613805e+01
4.669977421875000232e+02,-9.065507383961178789e+01
4.669980351562500118e+02,-9.946256561596860024e+01
4.669983281250000005e+02,-8.924293856597670072e+01
4.669986210937499891e+02,-9.390176498699629803e+01
4.669989140625000346e+02,-9.082395722315497721e+01
4.669992070312500232e+02,-8.512761149799509042e+01
4.669995000000000118e+02,-8.775429417504102503e+01
4.669997929687500005e+02,-9.138003503847042452e+01
4.670000859374999891e+02,-9.523879745834904043e+01
4.670003789062500346e+02,-8.761040673219385155e+01
4.670006718750000232e+02,-8.577216550830875974e+01
4.670009648437500118e+02,-9.311210279708433291e+01
4.670012578125000005e+02,-8.812328173560993605e+01
4.670015507812499891e+02,-9.406383546463371204e+01
4.670018437500000346e+02,-9.431251315197876295e+01
4.670021367187500232e+02,-9.702405072127183416e+01
4.670024296875000118e+02,-8.790506809162525315e+01
4.670027226562500005e+02,-8.703658884204834578e+01
4.670030156249999891e+02,-9.768885046153718577e+01
4.670033085937500346e+02,-9.009715949652309064e+01
4.670036015625000232e+02,-8.919182244886771116e+01
4.670038945312500118e+02,-9.268413625619643881e+01
4.670041875000000005e+02,-9.098343635853909461e+01
4.670044804687499891e+02,-9.114561751992087579e+01
4.670047734375000346e+02,-9.837499151910485296e+01
4.670050664062500232e+02,-9.952575489366734018e+01
4.670053593750000118e+02,-9.827851590707467722e+01
4.670056523437500005e+02,-9.119234232426707365e+01
4.670059453124999891e+02,-9.783940481376164655e+01
4.670062382812500346e+02,-9.039334429492312495e+01
4.670065312500000232e+02,-8.887476578428993434e+01
4.670068242187500118e+02,-9.235317565246114668e+01
4.670071171875000005e+02,-9.358221006604404124e+01
4.670074101562499891e+02,-9.318338503203854373e+01
4.670077031250000346e+02,-9.345109228762990483e+01
4.670079960937500232e+02,-9.289512508737576013e+01
4.670082890625000118e+02,-9.312777696475082223e+01
4.670085820312500005e+02,-1.012588996550909428e+02
4.670088749999999891e+02,-9.222018360943113180e+01
4.670091679687500346e+02,-9.812763388430755640e+01
4.670094609375000232e+02,-9.820042322213905095e+01
4.670097539062500118e+02,-9.278362743720958861e+01
4.670100468750000005e+02,-9.114094038003514697e+01
4.670103398437499891e+02,-1.061836526902897333e+02
4.670106328125000346e+02,-8.644372555517166745e+01
4.670109257812500232e+02,-8.740361741027413700e+01
4.670112187500000118e+02,-9.157480936435459284e+01
4.670115117187500005e+02,-1.078289309074499158e+02
4.670118046874999891e+02,-8.815572994242238281e+01
4.670120976562500346e+02,-8.815883985392812860e+01
4.670123906250000232e+02,-9.247601684112669318e+01
4.670126835937500118e+02,-9.536337409567008194e+01
4.670129765625000005e+02,-8.798832280829861929e+01
4.670132695312499891e+02,-8.533424846356683702e+01
4.670135625000000346e+02,-1.023808503669185086e+02
4.670138554687500232e+02,-8.607415752499049688e+01
4.670141484375000118e+02,-8.900775331340284424e+01
4.670144414062500005e+02,-9.572333146152629979e+01
4.670147343749999891e+02,-9.506270448543601503e+01
4.670150273437500346e+02,-9.278301310152953363e+01
4.670153203125000232e+02,-9.055485190589193678e+01
4.670156132812500118e+02,-8.927372392125116107e+01
4.670159062500000005e+02,-9.474553780187106611e+01
4.670161992187499891e+02,-1.004837865388205671e+02
4.670164921875000346e+02,-9.142572901026326804e+01
4.670167851562500232e+02,-9.373245362475671527e+01
4.670170781250000118e+02,-9.881939975411987120e+01
4.670173710937500005e+02,-9.076549584273372773e+01
4.670176640624999891e+02,-9.149076630921069864e+01
4.670179570312500346e+02,-9.335756114668595274e+01
4.670182500000000232e+02,-9.422512359721594066e+01
4.670185429687500118e+02,-9.343842146794175108e+01
4.670188359375000005e+02,-9.361535985245666325e+01
4.670191289062499891e+02,-9.430311163247890249e+01
4.670194218750000346e+02,-9.395846335720682418e+01
4.670197148437500232e+02,-9.731958433486559557e+01
4.670200078125000118e+02,-9.404323017192709244e+01
4.670203007812500005e+02,-9.080307102152528387e+01
4.670205937499999891e+02,-9.848641432210470725e+01
4.670208867187500346e+02,-8.934843243689904568e+01
4.670211796875000232e+02,-9.363190094292029642e+01
4.670214726562500118e+02,-9.696391414208058279e+01
4.670217656250000005e+02,-9.694420911038756117e+01
4.670220585937499891e+02,-9.352808393791066521e+01
4.670223515625000346e+02,-9.889288684430995602e+01
4.670226445312500232e+02,-9.343675052802709047e+01
4.670229375000000118e+02,-1.028706431418343641e+02
4.670232304687500005e+02,-9.736137366458585518e+01
4.670235234374999891e+02,-9.712284521903109180e+01
4.670238164062500346e+02,-1.003518534177676713e+02
4.670241093750000232e+02,-9.873121796310155673e+01
4.670244023437500118e+02,-1.044355939758494713e+02
4.670246953125000005e+02,-9.358260179391388078e+01
4.670249882812499891e+02,-8.895870481991296685e+01
4.670252812500000346e+02,-9.078971817321608739e+01
4.670255742187500232e+02,-9.822543232580051153e+01
4.670258671875000118e+02,-8.855084750201160659e+01
4.670261601562500005e+02,-8.671628275246818873e+01
4.670264531249999891e+02,-9.273732542137237544e+01
4.670267460937500346e+02,-9.306122166676686902e+01
4.670270390625000232e+02,-9.093915278083801468e+01
4.670273320312500118e+02,-1.001504400871501446e+02
4.670276250000000005e+02,-9.114962381531911717e+01
4.670279179687499891e+02,-8.633701894150505041e+01
4.670282109375000346e+02,-8.652009165950354941e+01
4.670285039062500232e+02,-9.666701495394791266e+01
4.670287968750000118e+02,-9.094928212663519673e+01
4.670290898437500005e+02,-8.973671741810582603e+01
4.670293828124999891e+02,-9.249198387223694340e+01
4.670296757812500346e+02,-1.000650699502068051e+02
4.670299687500000232e+02,-9.554225494631640458e+01
4.670302617187500118e+02,-9.783967842415081861e+01
4.670305546875000005e+02,-1.033502204358034078e+02
4.670308476562499891e+02,-1.024965773225235068e+02
4.670311406250000346e+02,-9.511745504810639318e+01
4.670314335937500232e+02,-1.064072923829577491e+02
4.670317265625000118e+02,-9.590754936537415176e+01
4.670320195312500005e+02,-9.030657201587992233e+01
4.670323124999999891e+02,-1.016149491551601756e+02
4.670326054687500346e+02,-9.642469265818019153e+01
4.670328984375000232e+02,-9.469059621719212316e+01
4.670331914062500118e+02,-8.753001413475438142e+01
4.670334843750000005e+02,-9.258848834195192978e+01
4.670337773437499891e+02,-9.840712702979973869e+01
4.670340703125000346e+02,-9.008040941590098782e+01
4.670343632812500232e+02,-9.009806292294491925e+01
4.670346562500000118e+02,-8.758189208656995106e+01
4.670349492187500005e+02,-8.561126391290866877e+01
4.670352421874999891e+02,-8.840706494407984906e+01
4.670355351562500346e+02,-9.251511034924322985e+01
4.670358281250000232e+02,-9.063049940907845325e+01
4.670361210937500118e+02,-8.862705767693277892e+01
4.670364140625000005e+02,-9.110641214968104862e+01
4.670367070312499891e+02,-1.036746413699449221e+02
4.670370000000000346e+02,-9.617913337774682248e+01
4.670372929687500232e+02,-9.017066711734400997e+01
4.670375859375000118e+02,-9.666187089034843893e+01
4.670378789062500005e+02,-1.019167500849165720e+02
4.670381718749999891e+02,-9.292935383323536769e+01
4.670384648437500346e+02,-9.467626638756891566e+01
4.670387578125000232e+02,-8.881827662914702159e+01
4.670390507812500118e+02,-8.886268747243377675e+01
4.670393437500000005e+02,-8.576809535852757449e+01
4.670396367187499891e+02,-9.511493353594502764e+01
4.670399296875000346e+02,-9.223028271847445581e+01
4.670402226562500232e+02,-9.961938264074221649e+01
4.670405156250000118e+02,-9.421789385624205693e+01
4.670408085937500005e+02,-9.333465110639501461e+01
4.670411015624999891e+02,-1.058681215433544764e+02
4.670413945312500346e+02,-9.225010510902635019e+01
4.670416875000000232e+02,-9.048967224424896472e+01
4.670419804687500118e+02,-8.947768970900378349e+01
4.670422734375000005e+02,-9.343879951412809248e+01
4.670425664062499891e+02,-9.679742363951150708e+01
4.670428593750000346e+02,-8.794994885714423560e+01
4.670431523437500232e+02,-1.105155571857165597e+02
4.670434453125000118e+02,-8.997618074608047323e+01
4.670437382812500005e+02,-9.546878415503215365e+01
4.670440312499999891e+02,-1.020525650251032914e+02
4.670443242187500346e+02,-1.125098239295683413e+02
4.670446171875000232e+02,-1.009271420729907618e+02
4.670449101562500118e+02,-8.695145762393202915e+01
4.670452031250000005e+02,-8.846498451963391574e+01
4.670454960937499891e+02,-9.194042342281393587e+01
4.670457890625000346e+02,-9.161635943739256049e+01
4.670460820312500232e+02,-9.426334133164664308e+01
4.670463750000000118e+02,-9.932833107377902593e+01
4.670466679687500005e+02,-8.778256938945924048e+01
4.670469609374999891e+02,-8.693036036730617866e+01
4.670472539062500346e+02,-9.134249201174995392e+01
4.670475468750000232e+02,-9.516433533576210380e+01
4.670478398437500118e+02,-8.983279389702926210e+01
4.670481328125000005e+02,-9.588130841650276182e+01
4.670484257812499891e+02,-1.005807270802533395e+02
4.670487187500000346e+02,-8.680935845489089786e+01
4.670490117187500232e+02,-8.337129882573773898e+01
4.670493046875000118e+02,-8.849065254523431179e+01
4.670495976562500005e+02,-9.863296081701298590e+01
4.670498906249999891e+02,-1.098366395257230721e+02
4.670501835937500346e+02,-9.293945976671631115e+01
4.670504765625000232e+02,-8.566424378842589249e+01
4.670507695312500118e+02,-8.719225097903191113e+01
4.670510625000000005e+02,-9.543653508832062471e+01
4.670513554687499891e+02,-9.651216329371136737e+01
4.670516484375000346e+02,-9.183587824134735911e+01
4.670519414062500232e+02,-8.718179567576416389e+01
4.670522343750000118e+02,-9.414262838590148874e+01
4.670525273437500005e+02,-9.492228689592032254e+01
4.670528203124999891e+02,-9.254877281281686408e+01
4.670531132812500346e+02,-9.332752149815496523e+01
4.670534062500000232e+02,-1.073649607365219367e+02
4.670536992187500118e+02,-9.079746724213754305e+01
4.670539921875000005e+02,-8.767746304361119769e+01
4.670542851562499891e+02,-8.649608234529003425e+01
4.670545781250000346e+02,-8.680412417929814239e+01
4.670548710937500232e+02,-8.839870441786291622e+01
4.670551640625000118e+02,-8.606998873153123952e+01
4.670554570312500005e+02,-8.390476982701738962e+01
4.670557499999999891e+02,-9.374720784490244796e+01
4.670560429687500346e+02,-9.641446691434437355e+01
4.670563359375000232e+02,-1.049814605749855900e+02
4.670566289062500118e+02,-9.250485640814467558e+01
4.670569218750000005e+02,-9.991381720674121425e+01
4.670572148437499891e+02,-9.279175492609437015e+01
4.670575078125000346e+02,-8.966802034177554503e+01
4.670578007812500232e+02,-1.024340101237558258e+02
4.670580937500000118e+02,-9.899242125343636189e+01
4.670583867187500005e+02,-9.269348437649698269e+01
4.670586796874999891e+02,-9.400306226511003160e+01
4.670589726562500346e+02,-9.299361902765531340e+01
4.670592656250000232e+02,-9.211093223337289260e+01
4.670595585937500118e+02,-9.628201325533746058e+01
4.670598515625000005e+02,-8.999480161500521547e+01
4.670601445312499891e+02,-9.415014685908130332e+01
4.670604375000000346e+02,-8.784940131791069007e+01
4.670607304687500232e+02,-8.857684289778583775e+01
4.670610234375000118e+02,-9.408096665616660914e+01
4.670613164062500005e+02,-9.092024373799071668e+01
4.670616093749999891e+02,-9.155275801641911926e+01
4.670619023437500346e+02,-9.209374870811191727e+01
4.670621953125000232e+02,-8.617885711743484478e+01
4.670624882812500118e+02,-8.642454546140925231e+01
4.670627812500000005e+02,-1.119567439096682051e+02
4.670630742187499891e+02,-9.068271477699907734e+01
4.670633671875000346e+02,-8.984485752753415966e+01
4.670636601562500232e+02,-9.635604320370592291e+01
4.670639531250000118e+02,-9.224973576887626336e+01
4.670642460937500005e+02,-8.773805464281389277e+01
4.670645390624999891e+02,-9.097910260819031691e+01
4.670648320312500346e+02,-8.968230199928026991e+01
4.670651250000000232e+02,-8.362869974449809263e+01
4.670654179687500118e+02,-8.619557096691451648e+01
4.670657109375000005e+02,-8.908830155119179040e+01
4.670660039062499891e+02,-8.639578046341314632e+01
4.670662968750000346e+02,-9.786529484288431036e+01
4.670665898437500232e+02,-9.511327216933221962e+01
4.670668828125000118e+02,-1.047020140951609477e+02
4.670671757812500005e+02,-9.660003557654502515e+01
4.670674687499999891e+02,-9.443309572211303760e+01
4.670677617187500346e+02,-9.094019972276237240e+01
4.670680546875000232e+02,-9.998759390890222676e+01
4.670683476562500118e+02,-8.446124131296826931e+01
4.670686406250000005e+02,-8.272290703086765973e+01
4.670689335937499891e+02,-8.392896228992783847e+01
4.670692265625000346e+02,-8.955583310139928699e+01
4.670695195312500232e+02,-9.116338899504641802e+01
4.670698125000000118e+02,-9.429755379424732098e+01
4.670701054687500005e+02,-9.612479605371672164e+01
4.670703984374999891e+02,-1.059220910327738210e+02
4.670706914062500346e+02,-9.368182438391420419e+01
4.670709843750000232e+02,-8.889464498777711299e+01
4.670712773437500118e+02,-8.979588849604675715e+01
4.670715703125000005e+02,-1.009689818589785801e+02
4.670718632812499891e+02,-9.846451098004273206e+01
4.670721562500000346e+02,-9.807769325560502693e+01
4.670724492187500232e+02,-9.614721933973477519e+01
4.670727421875000118e+02,-1.000760227004180223e+02
4.670730351562500005e+02,-9.655316785331959295e+01
4.670733281249999891e+02,-9.272201885211161709e+01
4.670736210937500346e+02,-9.360865558825564392e+01
4.670739140625000232e+02,-9.113616130073040722e+01
4.670742070312500118e+02,-8.951649386584276158e+01
4.670745000000000005e+02,-8.839075354254278238e+01
4.670747929687499891e+02,-9.349720952037085908e+01
4.670750859375000346e+02,-9.782412376957944389e+01
4.670753789062500232e+02,-9.338143297462613646e+01
4.670756718750000118e+02,-9.193179607746544946e+01
4.670759648437500005e+02,-8.631175410868677034e+01
4.670762578124999891e+02,-8.392778967686072633e+01
4.670765507812500346e+02,-8.687018763839191138e+01
4.670768437500000232e+02,-9.129898752420842811e+01
4.670771367187500118e+02,-9.761666735580605803e+01
4.670774296875000005e+02,-9.916673420516346482e+01
4.670777226562499891e+02,-9.034296365548449614e+01
4.670780156250000346e+02,-8.984107191006998505e+01
4.670783085937500232e+02,-9.453549030647707241e+01
4.670786015625000118e+02,-8.713202232253139812e+01
4.670788945312500005e+02,-8.917656597427043152e+01
4.670791874999999891e+02,-9.425190621429928228e+01
4.670794804687500346e+02,-9.273153824503980047e+01
4.670797734375000232e+02,-9.149977314384308613e+01
4.670800664062500118e+02,-8.884325256404993354e+01
4.670803593750000005e+02,-8.748540225833208694e+01
4.670806523437499891e+02,-9.237510176810278040e+01
4.670809453125000346e+02,-8.540367927428204098e+01
4.670812382812500232e+02,-8.810898990559991262e+01
4.670815312500000118e+02,-9.884733161200071550e+01
4.670818242187500005e+02,-9.084514266258997850e+01
4.670821171874999891e+02,-8.915529927762310081e+01
4.670824101562500346e+02,-8.970680958240068037e+01
4.670827031250000232e+02,-8.755039550701872031e+01
4.670829960937500118e+02,-9.255644473416241169e+01
4.670832890625000005e+02,-9.631002407436844237e+01
4.670835820312499891e+02,-9.472695925283083795e+01
4.670838750000000346e+02,-9.018456779382501054e+01
4.670841679687500232e+02,-8.555063657519119147e+01
4.670844609375000118e+02,-8.677534428517249410e+01
4.670847539062500005e+02,-9.246076599467748736e+01
4.670850468749999891e+02,-8.657638805212434363e+01
4.670853398437500346e+02,-8.770948816734821207e+01
4.670856328125000232e+02,-8.857240986875346778e+01
4.670859257812500118e+02,-9.134638475160866733e+01
4.670862187500000005e+02,-8.689090874840509571e+01
4.670865117187499891e+02,-8.678749153536324457e+01
4.670868046875000346e+02,-9.139021900799177445e+01
4.670870976562500232e+02,-8.957758971473333531e+01
4.670873906250000118e+02,-8.960014567244903105e+01
4.670876835937500005e+02,-9.584734410267600424e+01
4.670879765624999891e+02,-9.556711758996570438e+01
4.670882695312500346e+02,-1.025204099278427634e+02
4.670885625000000232e+02,-9.868271009834408858e+01
4.670888554687500118e+02,-8.847012528599243808e+01
4.670891484375000005e+02,-8.760143619111892122e+01
4.670894414062499891e+02,-8.877949600420409126e+01
4.670897343750000346e+02,-8.552728539139476993e+01
4.670900273437500232e+02,-9.729057001683776207e+01
4.670903203125000118e+02,-8.438919614153235216e+01
4.670906132812500005e+02,-9.018647335409926313e+01
4.670909062499999891e+02,-8.264743667435025998e+01
4.670911992187500346e+02,-7.594499576715521982e+01
4.670914921875000232e+02,-8.332630704824011048e+01
4.670917851562500118e+02,-1.009961067830072068e+02
4.670920781250000005e+02,-1.021367168268276373e+02
4.670923710937499891e+02,-9.823155832031646639e+01
4.670926640625000346e+02,-9.690544856187442235e+01
4.670929570312500232e+02,-9.528598514075969206e+01
4.670932500000000118e+02,-9.076235971899731680e+01
4.670935429687500005e+02,-8.518043460585704452e+01
4.670938359374999891e+02,-8.658178010215402765e+01
4.670941289062500346e+02,-9.281724757503054946e+01
4.670944218750000232e+02,-9.021891486616540590e+01
4.670947148437500118e+02,-8.416468289790188351e+01
4.670950078125000005e+02,-8.167094405054231743e+01
4.670953007812499891e+02,-8.700905248772555467e+01
4.670955937500000346e+02,-9.047226956409116383e+01
4.670958867187500232e+02,-8.627358009883936063e+01
4.670961796875000118e+02,-9.599478789360728115e+01
4.670964726562500005e+02,-1.005521807721836183e+02
4.670967656249999891e+02,-8.939184770677869096e+01
4.670970585937500346e+02,-8.703066840857628961e+01
4.670973515625000232e+02,-8.710362680261167156e+01
4.670976445312500118e+02,-9.153113973870367204e+01
4.670979375000000005e+02,-9.058396546691433571e+01
4.670982304687499891e+02,-8.770776718582006026e+01
4.670985234375000346e+02,-9.350631739817997357e+01
4.670988164062500232e+02,-9.696683387668514342e+01
4.670991093750000118e+02,-1.000309175907781167e+02
4.670994023437500005e+02,-9.104701383117706825e+01
4.670996953124999891e+02,-8.843670879462217727e+01
4.670999882812500346e+02,-8.708163740279452725e+01
4.671002812500000232e+02,-9.072547241557364828e+01
4.671005742187500118e+02,-9.471250511901922664e+01
4.671008671875000005e+02,-9.274125582214335850e+01
4.671011601562499891e+02,-9.046462954224068653e+01
4.671014531250000346e+02,-9.047583360071797642e+01
4.671017460937500232e+02,-9.174791010040163997e+01
4.671020390625000118e+02,-8.254308190757302555e+01
4.671023320312500005e+02,-8.491362504704846970e+01
4.671026249999999891e+02,-8.577210288871899024e+01
4.671029179687500346e+02,-9.271978873689914735e+01
4.671032109375000232e+02,-9.990446718785730695e+01
4.671035039062500118e+02,-9.171746765605365681e+01
4.671037968750000005e+02,-8.771407951997809960e+01
4.671040898437499891e+02,-8.837003759040619855e+01
4.671043828125000346e+02,-9.618018765076071475e+01
4.671046757812500232e+02,-9.075973117076331675e+01
4.671049687500000118e+02,-8.970538884103403632e+01
4.671052617187500005e+02,-9.991141823304623415e+01
4.671055546874999891e+02,-1.042391744014537522e+02
4.671058476562500346e+02,-9.631168161691583407e+01
4.671061406250000232e+02,-9.139922890997644345e+01
4.671064335937500118e+02,-9.148779064327155197e+01
4.671067265625000005e+02,-9.589939890987341187e+01
4.671070195312499891e+02,-9.815366087709310250e+01
4.671073125000000346e+02,-9.084719010288318941e+01
4.671076054687500232e+02,-8.678541360257315773e+01
4.671078984375000118e+02,-8.695430980736753668e+01
4.671081914062500005e+02,-9.026040291419441530e+01
4.671084843749999891e+02,-9.184292019697203102e+01
4.671087773437500346e+02,-8.838153184063156687e+01
4.671090703125000232e+02,-9.682937287470693377e+01
4.671093632812500118e+02,-9.114106091645508911e+01
4.671096562500000005e+02,-9.458839656075258517e+01
4.671099492187499891e+02,-9.062236388557093392e+01
4.671102421875000346e+02,-9.706956491465753345e+01
4.671105351562500232e+02,-1.053276294044823373e+02
4.671108281250000118e+02,-8.917346722093795108e+01
4.671111210937500005e+02,-8.847254771812418994e+01
4.671114140624999891e+02,-9.156428009188252304e+01
4.671117070312500346e+02,-9.211683918414178152e+01
4.671120000000000232e+02,-9.251773705054790753e+01
4.671122929687500118e+02,-9.531756470468786802e+01
4.671125859375000005e+02,-9.610918533308458223e+01
4.671128789062499891e+02,-9.496821332700891105e+01
4.671131718750000346e+02,-9.361417046998063540e+01
4.671134648437500232e+02,-8.661140764525143254e+01
4.671137578125000118e+02,-8.982549467939134047e+01
4.671140507812500005e+02,-8.942642771094325838e+01
4.671143437499999891e+02,-8.825674068669933092e+01
4.671146367187500346e+02,-9.547687963284595014e+01
4.671149296875000232e+02,-9.198110777174233021e+01
4.671152226562500118e+02,-9.060498141061131605e+01
4.671155156250000005e+02,-8.716778607171298177e+01
4.671158085937499891e+02,-9.306384532995730297e+01
4.671161015625000346e+02,-8.826763032675265208e+01
4.671163945312500232e+02,-8.742139236978316319e+01
4.671166875000000118e+02,-9.649697501700458702e+01
4.671169804687500005e+02,-1.022453836652810821e+02
4.671172734374999891e+02,-8.997511243687880267e+01
4.671175664062500346e+02,-8.840394430257538261e+01
4.671178593750000232e+02,-8.940694855231959082e+01
4.671181523437500118e+02,-8.928959877016777114e+01
4.671184453125000005e+02,-9.481283166554911190e+01
4.671187382812499891e+02,-1.082332573415136778e+02
4.671190312500000346e+02,-9.370061875296174492e+01
4.671193242187500232e+02,-8.121973795293672538e+01
4.671196171875000118e+02,-8.415183547047962520e+01
4.671199101562500005e+02,-1.065810994979010360e+02
4.671202031249999891e+02,-9.568383721278132725e+01
4.671204960937500346e+02,-9.824050383709527523e+01
4.671207890625000232e+02,-9.374990744663912778e+01
4.671210820312500118e+02,-8.653712601262037651e+01
4.671213750000000005e+02,-8.332116259658421598e+01
4.671216679687499891e+02,-8.780506103064993795e+01
4.671219609375000346e+02,-9.240316066523615746e+01
4.671222539062500232e+02,-8.853743676415433583e+01
4.671225468750000118e+02,-9.166336531793930931e+01
4.671228398437500005e+02,-9.895865201614547857e+01
4.671231328124999891e+02,-8.950382855018685291e+01
4.671234257812500346e+02,-8.670353095327733683e+01
4.671237187500000232e+02,-8.526512007111264779e+01
4.671240117187500118e+02,-9.121061348222427512e+01
4.671243046875000005e+02,-8.771877072926825747e+01
4.671245976562499891e+02,-9.506669826858662020e+01
4.671248906250000346e+02,-9.173412562777862433e+01
4.671251835937500232e+02,-9.444142572645391454e+01
4.671254765625000118e+02,-9.268165097319121060e+01
4.671257695312500005e+02,-8.371105550233673398e+01
4.671260624999999891e+02,-8.207766004012904659e+01
4.671263554687500346e+02,-8.578176950287164004e+01
4.671266484375000232e+02,-8.635935310309096735e+01
4.671269414062500118e+02,-9.404301955882846187e+01
4.671272343750000005e+02,-9.032107315055176855e+01
4.671275273437499891e+02,-8.670142104428229857e+01
4.671278203125000346e+02,-9.502135632818738031e+01
4.671281132812500232e+02,-8.960651000047280945e+01
4.671284062500000118e+02,-8.708366705991649326e+01
4.671286992187500005e+02,-9.174184139160452389e+01
4.671289921874999891e+02,-9.848876214427504294e+01
4.671292851562500346e+02,-8.821610943685668360e+01
4.671295781250000232e+02,-8.660526913312043007e+01
4.671298710937500118e+02,-9.458559150751982258e+01
4.671301640625000005e+02,-1.279224952734904122e+02
4.671304570312499891e+02,-1.074520471389041774e+02
4.671307500000000346e+02,-9.706918441461191094e+01
4.671310429687500232e+02,-9.841313602405990935e+01
4.671313359375000118e+02,-9.000763206148057805e+01
4.671316289062500005e+02,-9.216695320482332932e+01
4.671319218749999891e+02,-9.250557172797556404e+01
4.671322148437500346e+02,-8.424988257129469105e+01
4.671325078125000232e+02,-8.994966413763479807e+01
4.671328007812500118e+02,-1.011523153316045693e+02
4.671330937500000005e+02,-9.873748655761525583e+01
4.671333867187499891e+02,-8.909748713782801133e+01
4.671336796875000346e+02,-9.584013083080793649e+01
4.671339726562500232e+02,-9.275131789034800533e+01
4.671342656250000118e+02,-9.756737038209273294e+01
4.671345585937500005e+02,-9.805301015592709746e+01
4.671348515624999891e+02,-8.772520589237393551e+01
4.671351445312500346e+02,-8.787841780418632709e+01
4.671354375000000232e+02,-9.773219043680370532e+01
4.671357304687500118e+02,-1.008973940270588230e+02
4.671360234375000005e+02,-8.932671239005040320e+01
4.671363164062499891e+02,-8.753214393750351974e+01
4.671366093750000346e+02,-8.368100035514545709e+01
4.671369023437500232e+02,-8.477146537413941019e+01
4.671371953125000118e+02,-8.508395953512012966e+01
4.671374882812500005e+02,-8.588009515610566780e+01
4.671377812499999891e+02,-8.545340530623784048e+01
4.671380742187500346e+02,-8.585353179420764036e+01
4.671383671875000232e+02,-8.123488784986113842e+01
4.671386601562500118e+02,-8.303930805411593497e+01
4.671389531250000005e+02,-9.456288146924973148e+01
4.671392460937499891e+02,-9.229686122177731988e+01
4.671395390625000346e+02,-1.014363202360381138e+02
4.671398320312500232e+02,-8.982837876693645285e+01
4.671401250000000118e+02,-8.863332203260328868e+01
4.671404179687500005e+02,-1.092024922587272471e+02
4.671407109374999891e+02,-9.195764403412638899e+01
4.671410039062500346e+02,-1.003246913950119676e+02
4.671412968750000232e+02,-8.981775735244170278e+01
4.671415898437500118e+02,-9.848760998735663463e+01
4.671418828125000005e+02,-9.841063478040105394e+01
4.671421757812499891e+02,-9.374118568615830327e+01
4.671424687500000346e+02,-1.016135754772330415e+02
4.671427617187500232e+02,-8.929399870588022736e+01
4.671430546875000118e+02,-1.100440502677842005e+02
4.671433476562500005e+02,-9.325751199197762276e+01
4.671436406249999891e+02,-9.255924881268987292e+01
4.671439335937500346e+02,-9.220374365515569082e+01
4.671442265625000232e+02,-9.154177984314287642e+01
4.671445195312500118e+02,-9.199547319990367100e+01
4.671448125000000005e+02,-8.891544610497197709e+01
4.671451054687499891e+02,-9.318033379601503441e+01
4.671453984375000346e+02,-9.585611899874953679e+01
4.671456914062500232e+02,-8.883459946064849078e+01
4.671459843750000118e+02,-8.210623199564822983e+01
4.671462773437500005e+02,-8.600858357498439943e+01
4.671465703124999891e+02,-8.928966459164473690e+01
4.671468632812500346e+02,-9.362135356704358458e+01
4.671471562500000232e+02,-8.635825005963391732e+01
4.671474492187500118e+02,-8.710840211221814400e+01
4.671477421875000005e+02,-1.025949289481468298e+02
4.671480351562499891e+02,-9.019973489972072400e+01
4.671483281250000346e+02,-8.625788562572319051e+01
4.671486210937500232e+02,-9.090426827798047782e+01
4.671489140625000118e+02,-8.715204441389913370e+01
4.671492070312500005e+02,-9.241939937534453975e+01
4.671494999999999891e+02,-9.211628993847526203e+01
4.671497929687500346e+02,-1.043843050584229815e+02
4.671500859375000232e+02,-8.860144169370897771e+01
4.671503789062500118e+02,-8.245399366725155232e+01
4.671506718750000005e+02,-9.163915880635468625e+01
4.671509648437499891e+02,-1.031827580734327654e+02
4.671512578125000346e+02,-9.595413235716583245e+01
4.671515507812500232e+02,-9.624005244330621167e+01
4.671518437500000118e+02,-9.533327303299607536e+01
4.671521367187500005e+02,-9.206001943204492477e+01
4.671524296874999891e+02,-9.360632227589675836e+01
4.671527226562500346e+02,-9.290988472964244238e+01
4.671530156250000232e+02,-9.445912109992013939e+01
4.671533085937500118e+02,-8.372399316703027239e+01
4.671536015625000005e+02,-8.354865239939947230e+01
4.671538945312499891e+02,-8.597546131610720010e+01
4.671541875000000346e+02,-8.557446589250687907e+01
4.671544804687500232e+02,-8.787590093854890938e+01
4.671547734375000118e+02,-8.712400991665091965e+01
4.671550664062500005e+02,-9.311835155936152830e+01
4.671553593749999891e+02,-9.424305430483308044e+01
4.671556523437500346e+02,-9.520973885756811228e+01
4.671559453125000232e+02,-8.801856818175947694e+01
4.671562382812500118e+02,-9.126604279295784750e+01
4.671565312500000005e+02,-8.502108005914163869e+01
4.671568242187499891e+02,-8.401359378708569636e+01
4.671571171875000346e+02,-9.513176917454225645e+01
4.671574101562500232e+02,-8.497718213589040204e+01
4.671577031250000118e+02,-9.745624417832394215e+01
4.671579960937500005e+02,-9.234728282060319771e+01
4.671582890624999891e+02,-9.178148044568358443e+01
4.671585820312500346e+02,-9.818259705520814862e+01
4.671588750000000232e+02,-9.082390377449050334e+01
4.671591679687500118e+02,-9.152010604472714306e+01
4.671594609375000005e+02,-9.419828068857228232e+01
4.671597539062499891e+02,-8.771408922844258882e+01
4.671600468750000346e+02,-8.730878488736968279e+01
4.671603398437500232e+02,-9.450992618568110970e+01
4.671606328125000118e+02,-9.444851698404242768e+01
4.671609257812500005e+02,-9.242478300989681372e+01
4.671612187499999891e+02,-9.124078460151565650e+01
4.671615117187500346e+02,-8.697742828213603161e+01
4.671618046875000232e+02,-8.918914505707151363e+01
4.671620976562500118e+02,-8.758101107881300607e+01
4.671623906250000005e+02,-9.499256584889161559e+01
4.671626835937499891e+02,-1.049894362128412979e+02
4.671629765625000346e+02,-9.680765429465695604e+01
4.671632695312500232e+02,-8.824265005561470332e+01
4.671635625000000118e+02,-8.717803684603610748e+01
4.671638554687500005e+02,-9.285876324138027371e+01
4.671641484374999891e+02,-8.905264223831184722e+01
4.671644414062500346e+02,-8.690920836081680534e+01
4.671647343750000232e+02,-8.821492813642437625e+01
4.671650273437500118e+02,-8.484913190665643867e+01
4.671653203125000005e+02,-8.697259899667881200e+01
4.671656132812499891e+02,-8.435619991641661386e+01
4.671659062500000346e+02,-8.398310051534272702e+01
4.671661992187500232e+02,-9.221811750424357967e+01
4.671664921875000118e+02,-9.102278654547332337e+01
4.671667851562500005e+02,-8.737637484887984840e+01
4.671670781249999891e+02,-8.428254520954000384e+01
4.671673710937500346e+02,-1.030251688389208766e+02
4.671676640625000232e+02,-9.121694295541297492e+01
4.671679570312500118e+02,-8.573576166956846123e+01
4.671682500000000005e+02,-8.835922399905919633e+01
4.671685429687499891e+02,-9.173178480671782609e+01
4.671688359375000346e+02,-8.654195617989756784e+01
4.671691289062500232e+02,-9.511082215893915759e+01
4.671694218750000118e+02,-9.132464152266607016e+01
4.671697148437500005e+02,-9.893009427110875720e+01
4.671700078124999891e+02,-9.122858432779862881e+01
4.671703007812500346e+02,-9.042790033536522287e+01
4.671705937500000232e+02,-8.768967140885037281e+01
4.671708867187500118e+02,-9.580381568118211533e+01
4.671711796875000005e+02,-9.142558037049667519e+01
4.671714726562499891e+02,-9.050158020961751504e+01
4.671717656250000346e+02,-8.344060999953103419e+01
4.671720585937500232e+02,-8.650166135102853104e+01
4.671723515625000118e+02,-8.358128870209830552e+01
4.671726445312500005e+02,-8.558764546869353751e+01
4.671729374999999891e+02,-8.549164997178147019e+01
4.671732304687500346e+02,-8.746648678467590798e+01
4.671735234375000232e+02,-8.773478065453566899e+01
4.671738164062500118e+02,-8.584234442819949606e+01
4.671741093750000005e+02,-1.002935285125180656e+02
4.671744023437499891e+02,-1.002870476357197731e+02
4.671746953125000346e+02,-9.335165226555965035e+01
4.671749882812500232e+02,-8.793861920430404666e+01
4.671752812500000118e+02,-8.796271915780320683e+01
4.671755742187500005e+02,-8.430559678872909046e+01
4.671758671874999891e+02,-8.863883133889879673e+01
4.671761601562500346e+02,-9.331638971747435107e+01
4.671764531250000232e+02,-9.537551575319778863e+01
4.671767460937500118e+02,-9.102457120538187496e+01
4.671770390625000005e+02,-9.001774030244706637e+01
4.671773320312499891e+02,-8.266360158610696374e+01
4.671776250000000346e+02,-8.613678770283189579e+01
4.671779179687500232e+02,-9.544972427064345766e+01
4.671782109375000118e+02,-8.749133899426348648e+01
4.671785039062500005e+02,-9.152437313233077987e+01
4.671787968749999891e+02,-9.903881230991699169e+01
4.671790898437500346e+02,-9.888230241622869698e+01
4.671793828125000232e+02,-9.088350436389254128e+01
4.671796757812500118e+02,-8.620506791780113076e+01
4.671799687500000005e+02,-8.629615959432535988e+01
4.671802617187499891e+02,-8.811524737666736939e+01
4.671805546875000346e+02,-8.851490293359881889e+01
4.671808476562500232e+02,-9.603128994358841908e+01
4.671811406250000118e+02,-9.342475194937848926e+01
4.671814335937500005e+02,-8.099924611649534256e+01
4.671817265624999891e+02,-8.208827995035493075e+01
4.671820195312500346e+02,-8.448764228397094200e+01
4.671823125000000232e+02,-8.750218629916508917e+01
4.671826054687500118e+02,-8.945752524571349795e+01
4.671828984375000005e+02,-1.015260029610607972e+02
4.671831914062499891e+02,-9.417195591868987492e+01
4.671834843750000346e+02,-8.554222708807120057e+01
4.671837773437500232e+02,-8.977612297180931478e+01
4.671840703125000118e+02,-1.056739695023255052e+02
4.671843632812500005e+02,-9.180454206665959305e+01
4.671846562499999891e+02,-9.395463382883787062e+01
4.671849492187500346e+02,-9.345280589460351450e+01
4.671852421875000232e+02,-8.367157455384435139e+01
4.671855351562500118e+02,-8.824536986689749085e+01
4.671858281250000005e+02,-8.857244163287745664e+01
4.671861210937499891e+02,-8.544733375784305451e+01
4.671864140625000346e+02,-8.542113622506525417e+01
4.671867070312500232e+02,-9.572775395801974696e+01
4.671870000000000118e+02,-9.224214383224122571e+01
4.671872929687500005e+02,-9.324082752720812550e+01
4.671875859374999891e+02,-9.260575367088391374e+01
4.671878789062500346e+02,-9.279176306547596198e+01
4.671881718750000232e+02,-9.154661633253512321e+01
4.671884648437500118e+02,-8.438226341131625929e+01
4.671887578125000005e+02,-8.695467589798026609e+01
4.671890507812499891e+02,-9.127170233858115012e+01
4.671893437500000346e+02,-1.011585936159846710e+02
4.671896367187500232e+02,-8.420836233919017388e+01
4.671899296875000118e+02,-8.716050892535966454e+01
4.671902226562500005e+02,-9.291270043461045702e+01
4.671905156249999891e+02,-9.273184339382171970e+01
4.671908085937500346e+02,-9.126235192391716566e+01
4.671911015625000232e+02,-9.541732518398620755e+01
4.671913945312500118e+02,-8.485546741429332940e+01
4.671916875000000005e+02,-8.313934094704148947e+01
4.671919804687499891e+02,-8.905258132465384335e+01
4.671922734375000346e+02,-9.220430275333485781e+01
4.671925664062500232e+02,-9.360121338302738536e+01
4.671928593750000118e+02,-9.587039692122446866e+01
4.671931523437500005e+02,-8.611434801097649938e+01
4.671934453124999891e+02,-8.980965648395134338e+01
4.671937382812500346e+02,-8.313112779509381767e+01
4.671940312500000232e+02,-9.081856910768325974e+01
4.671943242187500118e+02,-9.242137195818415307e+01
4.671946171875000005e+02,-9.229686697942378260e+01
4.671949101562499891e+02,-1.027420507061340231e+02
4.671952031250000346e+02,-8.964040730389905320e+01
4.671954960937500232e+02,-9.074297357419688126e+01
4.671957890625000118e+02,-8.947344204597882822e+01
4.671960820312500005e+02,-8.626306842300856204e+01
4.671963749999999891e+02,-8.626015398130175527e+01
4.671966679687500346e+02,-1.020291266571111777e+02
4.671969609375000232e+02,-8.823326029581095042e+01
4.671972539062500118e+02,-9.304022838585731847e+01
4.671975468750000005e+02,-9.935189347992508146e+01
4.671978398437499891e+02,-8.950867717120596012e+01
4.671981328125000346e+02,-8.917289828493076698e+01
4.671984257812500232e+02,-8.590970118158814728e+01
4.671987187500000118e+02,-8.280557652647287625e+01
4.671990117187500005e+02,-8.013774271167827123e+01
4.671993046874999891e+02,-8.316059891752131250e+01
4.671995976562500346e+02,-9.283539678809192708e+01
4.671998906250000232e+02,-8.946645372928205120e+01
4.672001835937500118e+02,-9.037509374314574018e+01
4.672004765625000005e+02,-8.247502472113561112e+01
4.672007695312499891e+02,-8.017418833652263288e+01
4.672010625000000346e+02,-8.597093486885974301e+01
4.672013554687500232e+02,-1.052619234295898138e+02
4.672016484375000118e+02,-9.590215971545032403e+01
4.672019414062500005e+02,-9.098771414084184528e+01
4.672022343749999891e+02,-8.406006829140306991e+01
4.672025273437500346e+02,-8.824053636003655754e+01
4.672028203125000232e+02,-8.698846274625546471e+01
4.672031132812500118e+02,-9.055332683003237548e+01
4.672034062500000005e+02,-9.676167497539088913e+01
4.672036992187499891e+02,-9.956346503570719619e+01
4.672039921875000346e+02,-8.925755755221658205e+01
4.672042851562500232e+02,-9.067780110710977226e+01
4.672045781250000118e+02,-9.357986063919811670e+01
4.672048710937500005e+02,-9.572718031924891591e+01
4.672051640624999891e+02,-8.871014348484023060e+01
4.672054570312500346e+02,-8.337191787763921980e+01
4.672057500000000232e+02,-8.203379400325358972e+01
4.672060429687500118e+02,-8.891195826283262704e+01
4.672063359375000005e+02,-8.893136537264597052e+01
4.672066289062499891e+02,-8.986081263613472458e+01
4.672069218750000346e+02,-8.596093358974543719e+01
4.672072148437500232e+02,-8.568929364498033863e+01
4.672075078125000118e+02,-9.388197124215054146e+01
4.672078007812500005e+02,-9.727837536753897041e+01
4.672080937499999891e+02,-8.905214373447309129e+01
4.672083867187500346e+02,-9.038635504645142760e+01
4.672086796875000232e+02,-9.128006516875210252e+01
4.672089726562500118e+02,-9.294228445818539797e+01
4.672092656250000005e+02,-8.876331401669293086e+01
4.672095585937499891e+02,-8.775370062686228323e+01
4.672098515625000346e+02,-9.586333283405777195e+01
4.672101445312500232e+02,-8.553840859463862500e+01
4.672104375000000118e+02,-9.158490029168692104e+01
4.672107304687500005e+02,-1.002939338957571067e+02
4.672110234374999891e+02,-9.022654237671481781e+01
4.672113164062500346e+02,-1.042365599566728065e+02
4.672116093750000232e+02,-9.203730522078878096e+01
4.672119023437500118e+02,-8.930218833375066367e+01
4.672121953125000005e+02,-9.232644776152733357e+01
4.672124882812499891e+02,-8.532502515320580017e+01
4.672127812500000346e+02,-8.302842798903057542e+01
4.672130742187500232e+02,-8.418159992747943932e+01
4.672133671875000118e+02,-9.011930940287564340e+01
4.672136601562500005e+02,-8.655002911351823514e+01
4.672139531249999891e+02,-8.773512679668682779e+01
4.672142460937500346e+02,-8.904818246750032529e+01
4.672145390625000232e+02,-9.317943295979958407e+01
4.672148320312500118e+02,-9.616626846209298662e+01
4.672151250000000005e+02,-8.886106701495359061e+01
4.672154179687499891e+02,-8.004859803713662814e+01
4.672157109375000346e+02,-7.746294655188152944e+01
4.672160039062500232e+02,-8.748386014876606964e+01
4.672162968750000118e+02,-8.396566489354600549e+01
4.672165898437500005e+02,-8.831236735228758050e+01
4.672168828124999891e+02,-8.909574427733085145e+01
4.672171757812500346e+02,-8.381863772823606951e+01
4.672174687500000232e+02,-8.371543608619218446e+01
4.672177617187500118e+02,-9.196811824333479990e+01
4.672180546875000005e+02,-9.063250317272270706e+01
4.672183476562499891e+02,-1.019622615627251321e+02
4.672186406250000346e+02,-9.113710963865818826e+01
4.672189335937500232e+02,-9.266506057018432330e+01
4.672192265625000118e+02,-8.250887901449566186e+01
4.672195195312500005e+02,-7.957705700845426122e+01
4.672198124999999891e+02,-8.796262604070653879e+01
4.672201054687500346e+02,-8.881131610375967966e+01
4.672203984375000232e+02,-9.003666671260360488e+01
4.672206914062500118e+02,-9.261681207039674746e+01
4.672209843750000005e+02,-8.976985216283638636e+01
4.672212773437499891e+02,-8.487303953291068126e+01
4.672215703125000346e+02,-9.594467695857017020e+01
4.672218632812500232e+02,-8.877031995153129174e+01
4.672221562500000118e+02,-8.595060398138386404e+01
4.672224492187500005e+02,-8.571790023793538182e+01
4.672227421874999891e+02,-8.514373436749954749e+01
4.672230351562500346e+02,-8.311061964932015655e+01
4.672233281250000232e+02,-9.483427975432222468e+01
4.672236210937500118e+02,-8.992805681022525732e+01
4.672239140625000005e+02,-9.215409413148461226e+01
4.672242070312499891e+02,-9.226740614456311107e+01
4.672245000000000346e+02,-1.002720858897822893e+02
4.672247929687500232e+02,-8.765130341494341337e+01
4.672250859375000118e+02,-8.176455609953404746e+01
4.672253789062500005e+02,-8.252352999444437387e+01
4.672256718749999891e+02,-9.629382603406156704e+01
4.672259648437500346e+02,-8.861804072602592441e+01
4.672262578125000232e+02,-8.079315994190920946e+01
4.672265507812500118e+02,-7.750405128871518912e+01
4.672268437500000005e+02,-8.200884283742296077e+01
4.672271367187499891e+02,-8.866190781546110600e+01
4.672274296875000346e+02,-8.699374145970318750e+01
4.672277226562500232e+02,-8.807659799928848088e+01
4.672280156250000118e+02,-8.441108437894804695e+01
4.672283085937500005e+02,-8.620183704539232394e+01
4.672286015624999891e+02,-8.323875453155562809e+01
4.672288945312500346e+02,-8.297032277282461621e+01
4.672291875000000232e+02,-8.906555423490652856e+01
4.672294804687500118e+02,-9.727425293458094302e+01
4.672297734375000005e+02,-8.794382808618516378e+01
4.672300664062499891e+02,-8.608110529570716096e+01
4.672303593750000346e+02,-9.400544320607393445e+01
4.672306523437500232e+02,-8.867374951553918550e+01
4.672309453125000118e+02,-9.095256107763198372e+01
4.672312382812500005e+02,-9.605352889868714783e+01
4.672315312499999891e+02,-9.003489112817065632e+01
4.672318242187500346e+02,-9.258093813728642374e+01
4.672321171875000232e+02,-9.000320959492538009e+01
4.672324101562500118e+02,-8.482199622002801220e+01
4.672327031250000005e+02,-8.108893453264681739e+01
4.672329960937499891e+02,-8.740846593114630991e+01
4.672332890625000346e+02,-8.953470423725592298e+01
4.672335820312500232e+02,-8.642182150809614427e+01
4.672338750000000118e+02,-8.735219546346668551e+01
4.672341679687500005e+02,-9.665414427680315157e+01
4.672344609374999891e+02,-8.733718666283685650e+01
4.672347539062500346e+02,-1.036572725309527527e+02
4.672350468750000232e+02,-8.675949170919417952e+01
4.672353398437500118e+02,-8.298610000755120097e+01
4.672356328125000005e+02,-8.354788022296102667e+01
4.672359257812499891e+02,-8.904953410078130105e+01
4.672362187500000346e+02,-9.162194572541694981e+01
4.672365117187500232e+02,-9.906726280578253352e+01
4.672368046875000118e+02,-1.007702744725164337e+02
4.672370976562500005e+02,-8.353190418634967784e+01
4.672373906249999891e+02,-8.474138612771736234e+01
4.672376835937500346e+02,-9.139660272978443345e+01
4.672379765625000232e+02,-8.826724851754015333e+01
4.672382695312500118e+02,-8.766761745386554594e+01
4.672385625000000005e+02,-8.717719127455056594e+01
4.672388554687499891e+02,-9.180621675773153356e+01
4.672391484375000346e+02,-8.343052369501192800e+01
4.672394414062500232e+02,-8.277904938307436566e+01
4.672397343750000118e+02,-8.612966963451654578e+01
4.672400273437500005e+02,-8.960534162336341524e+01
4.672403203124999891e+02,-8.034964669055187869e+01
4.672406132812500346e+02,-8.298885733240739171e+01
4.672409062500000232e+02,-9.191057540872348852e+01
4.672411992187500118e+02,-8.815590907016084543e+01
4.672414921875000005e+02,-9.270881166562553233e+01
4.672417851562499891e+02,-8.891850407914986931e+01
4.672420781250000346e+02,-8.085843982828920673e+01
4.672423710937500232e+02,-8.393222627875096009e+01
4.672426640625000118e+02,-9.689565210956075703e+01
4.672429570312500005e+02,-9.611308151530678856e+01
4.672432499999999891e+02,-9.550486282997540854e+01
4.672435429687500346e+02,-9.096074150636275135e+01
4.672438359375000232e+02,-8.334034493065632887e+01
4.672441289062500118e+02,-8.319316908605436822e+01
4.672444218750000005e+02,-8.308204740451218129e+01
4.672447148437499891e+02,-8.387098898229146471e+01
4.672450078125000346e+02,-8.134438940144859487e+01
4.672453007812500232e+02,-8.782682560909792358e+01
4.672455937500000118e+02,-8.683888598711597240e+01
4.672458867187500005e+02,-9.467242930851367078e+01
4.672461796874999891e+02,-9.818986071844540220e+01
4.672464726562500346e+02,-9.972321224120611305e+01
4.672467656250000232e+02,-9.316520088814002065e+01
4.672470585937500118e+02,-8.760165008519258834e+01
4.672473515625000005e+02,-8.432386739862519676e+01
4.672476445312499891e+02,-8.671481274873576695e+01
4.672479375000000346e+02,-8.183351239857435644e+01
4.672482304687500232e+02,-8.043377392864977082e+01
4.672485234375000118e+02,-8.215900901236729226e+01
4.672488164062500005e+02,-8.417317617554674314e+01
4.672491093749999891e+02,-8.515463128647127178e+01
4.672494023437500346e+02,-8.377823823633880806e+01
4.672496953125000232e+02,-8.596445265313960249e+01
4.672499882812500118e+02,-9.092084662741686429e+01
4.672502812500000005e+02,-8.683911535283854732e+01
4.672505742187499891e+02,-8.366196753026048327e+01
4.672508671875000346e+02,-9.257239104185001111e+01
4.672511601562500232e+02,-9.927176554669451036e+01
4.672514531250000118e+02,-9.308748800332146800e+01
4.672517460937500005e+02,-9.735843018553188699e+01
4.672520390624999891e+02,-8.239210901018495292e+01
4.672523320312500346e+02,-8.076465362332569953e+01
4.672526250000000232e+02,-8.228365201992703248e+01
4.672529179687500118e+02,-8.870094430868334712e+01
4.672532109375000005e+02,-8.659357685368136970e+01
4.672535039062499891e+02,-8.420173513268954935e+01
4.672537968750000346e+02,-9.485087226669742222e+01
4.672540898437500232e+02,-9.905731232285496901e+01
4.672543828125000118e+02,-9.427129071904288082e+01
4.672546757812500005e+02,-9.862553611113847296e+01
4.672549687499999891e+02,-9.386570388609440840e+01
4.672552617187500346e+02,-8.768759712121757843e+01
4.672555546875000232e+02,-1.057661224480187059e+02
4.672558476562500118e+02,-7.977267796140095868e+01
4.672561406250000005e+02,-8.075589027737009928e+01
4.672564335937499891e+02,-8.611353208654990965e+01
4.672567265625000346e+02,-8.587454784725235868e+01
4.672570195312500232e+02,-9.221405322196410737e+01
4.672573125000000118e+02,-9.055127145031777047e+01
4.672576054687500005e+02,-8.833275134658063621e+01
4.672578984374999891e+02,-8.807983115482242908e+01
4.672581914062500346e+02,-8.316836051486995984e+01
4.672584843750000232e+02,-8.636532769857538483e+01
4.672587773437500118e+02,-8.403665042879266878e+01
4.672590703125000005e+02,-8.435444946904826224e+01
4.672593632812499891e+02,-8.843369436063426292e+01
4.672596562500000346e+02,-8.991117784339198238e+01
4.672599492187500232e+02,-8.435244286788318391e+01
4.672602421875000118e+02,-9.104958488484031420e+01
4.672605351562500005e+02,-9.737779601664620088e+01
4.672608281249999891e+02,-9.819288609795441403e+01
4.672611210937500346e+02,-8.459812527190877063e+01
4.672614140625000232e+02,-9.285239732074656160e+01
4.672617070312500118e+02,-9.184959733585442621e+01
4.672620000000000005e+02,-8.810197666006024519e+01
4.672622929687499891e+02,-9.131552365690829731e+01
4.672625859375000346e+02,-8.294776315464898175e+01
4.672628789062500232e+02,-8.127604497827847752e+01
4.672631718750000118e+02,-8.742076558828594557e+01
4.672634648437500005e+02,-8.313832651299003373e+01
4.672637578124999891e+02,-8.890404431224062876e+01
4.672640507812500346e+02,-9.887270627029880643e+01
4.672643437500000232e+02,-8.911621786771270592e+01
4.672646367187500118e+02,-8.808577106001038715e+01
4.672649296875000005e+02,-1.041542800128160025e+02
4.672652226562499891e+02,-8.365781059174483403e+01
4.672655156250000346e+02,-7.962728475497942782e+01
4.672658085937500232e+02,-8.552234518078714132e+01
4.672661015625000118e+02,-8.833672560492468051e+01
4.672663945312500005e+02,-8.644026014210149356e+01
4.672666874999999891e+02,-8.846264185843227779e+01
4.672669804687500346e+02,-8.917523801009926387e+01
4.672672734375000232e+02,-8.971124800838936153e+01
4.672675664062500118e+02,-8.651713663333411830e+01
4.672678593750000005e+02,-8.229292537872845514e+01
4.672681523437499891e+02,-8.777695926860445752e+01
4.672684453125000346e+02,-8.956510554546875369e+01
4.672687382812500232e+02,-9.029966224191859681e+01
4.672690312500000118e+02,-1.003076972233710933e+02
4.672693242187500005e+02,-8.834760345972362927e+01
4.672696171874999891e+02,-9.062247376004805233e+01
4.672699101562500346e+02,-9.024928130184633801e+01
4.672702031250000232e+02,-8.442815764112354771e+01
4.672704960937500118e+02,-8.467046230799499540e+01
4.672707890625000005e+02,-8.191750714174894199e+01
4.672710820312499891e+02,-7.807642285870610976e+01
4.672713750000000346e+02,-8.041800589503546348e+01
4.672716679687500232e+02,-9.876045436401903999e+01
4.672719609375000118e+02,-9.038070201643338919e+01
4.672722539062500005e+02,-8.068783652604544443e+01
4.672725468749999891e+02,-8.365762705223262685e+01
4.672728398437500346e+02,-9.474984773810544425e+01
4.672731328125000232e+02,-8.455920817900535269e+01
4.672734257812500118e+02,-9.656048474789588454e+01
4.672737187500000005e+02,-8.581472864656527122e+01
4.672740117187499891e+02,-8.185007296345739292e+01
4.672743046875000346e+02,-7.942073454521016629e+01
4.672745976562500232e+02,-7.649535616037614716e+01
4.672748906250000118e+02,-7.957964308018189570e+01
4.672751835937500005e+02,-8.745338806341393934e+01
4.672754765624999891e+02,-8.444771494263315503e+01
4.672757695312500346e+02,-9.812158765460316090e+01
4.672760625000000232e+02,-8.661861010577888464e+01
4.672763554687500118e+02,-8.344103631355585549e+01
4.672766484375000005e+02,-8.485955193880434422e+01
4.672769414062499891e+02,-8.535532591696934901e+01
4.672772343750000346e+02,-8.163136956395304367e+01
4.672775273437500232e+02,-8.848120415965263419e+01
4.672778203125000118e+02,-8.175928169153266367e+01
4.672781132812500005e+02,-8.567354889717142896e+01
4.672784062499999891e+02,-8.645818759416582111e+01
4.672786992187500346e+02,-8.816515240940093179e+01
4.672789921875000232e+02,-8.572652017110526401e+01
4.672792851562500118e+02,-7.832952827112438854e+01
4.672795781250000005e+02,-8.406539789602966550e+01
4.672798710937499891e+02,-8.252339396871718691e+01
4.672801640625000346e+02,-8.358038718910017906e+01
4.672804570312500232e+02,-8.871448198240608463e+01
4.672807500000000118e+02,-8.399808214913781512e+01
4.672810429687500005e+02,-8.556404857740540137e+01
4.672813359374999891e+02,-8.381501159750754937e+01
4.672816289062500346e+02,-7.803982238359557755e+01
4.672819218750000232e+02,-8.207386445333652603e+01
4.672822148437500118e+02,-8.373366084644786156e+01
4.672825078125000005e+02,-8.147679611274207900e+01
4.672828007812499891e+02,-8.480097933436574920e+01
4.672830937500000346e+02,-8.549259348668368830e+01
4.672833867187500232e+02,-8.466770078360893592e+01
4.672836796875000118e+02,-8.420863327585027491e+01
4.672839726562500005e+02,-9.107338840410598380e+01
4.672842656249999891e+02,-8.132244835961890317e+01
4.672845585937500346e+02,-8.610275536737802327e+01
4.672848515625000232e+02,-8.738781583199924796e+01
4.672851445312500118e+02,-7.611844313077267543e+01
4.672854375000000005e+02,-8.352711937563796596e+01
4.672857304687499891e+02,-8.487782134557876645e+01
4.672860234375000346e+02,-8.638484185279705230e+01
4.672863164062500232e+02,-8.441363379362340424e+01
4.672866093750000118e+02,-9.178087201537934448e+01
4.672869023437500005e+02,-1.057915874862530075e+02
4.672871953124999891e+02,-8.972800547750458122e+01
4.672874882812500346e+02,-8.549595971024351115e+01
4.672877812500000232e+02,-9.270782011297154668e+01
4.672880742187500118e+02,-8.162537374531611079e+01
4.672883671875000005e+02,-7.896262757247089326e+01
4.672886601562499891e+02,-7.923166476549263848e+01
4.672889531250000346e+02,-8.285263114932871531e+01
4.672892460937500232e+02,-8.615535258178215372e+01
4.672895390625000118e+02,-8.522574265419207507e+01
4.672898320312500005e+02,-8.866755001983730722e+01
4.672901249999999891e+02,-8.202723017855056753e+01
4.672904179687500346e+02,-8.291544128701076488e+01
4.672907109375000232e+02,-1.057704492406955552e+02
4.672910039062500118e+02,-9.054568989824659297e+01
4.672912968750000005e+02,-8.928894734178989268e+01
4.672915898437499891e+02,-9.560438896835636058e+01
4.672918828125000346e+02,-8.484298274437561815e+01
4.672921757812500232e+02,-8.261696867695991386e+01
4.672924687500000118e+02,-8.687234671962990262e+01
4.672927617187500005e+02,-8.513254858275581682e+01
4.672930546874999891e+02,-9.047324657584618990e+01
4.672933476562500346e+02,-1.023770909762281036e+02
4.672936406250000232e+02,-7.955287126658194552e+01
4.672939335937500118e+02,-8.043825513475579214e+01
4.672942265625000005e+02,-9.520054726723786587e+01
4.672945195312499891e+02,-8.174137856051112294e+01
4.672948125000000346e+02,-8.022698849937142995e+01
4.672951054687500232e+02,-8.182010037901588362e+01
4.672953984375000118e+02,-8.953978707809605453e+01
4.672956914062500005e+02,-8.174863018205618914e+01
4.672959843749999891e+02,-8.338501242440523242e+01
4.672962773437500346e+02,-1.041853386115664790e+02
4.672965703125000232e+02,-8.279488491980291087e+01
4.672968632812500118e+02,-7.869833460042359263e+01
4.672971562500000005e+02,-8.209898934265682158e+01
4.672974492187499891e+02,-7.892300980829610069e+01
4.672977421875000346e+02,-8.291013488063860848e+01
4.672980351562500232e+02,-8.352585046467153518e+01
4.672983281250000118e+02,-8.686667734616257519e+01
4.672986210937500005e+02,-9.333903866633340840e+01
4.672989140624999891e+02,-8.694349508400974003e+01
4.672992070312500346e+02,-8.587116146370939873e+01
4.672995000000000232e+02,-9.294788157183657518e+01
4.672997929687500118e+02,-8.773143143710142056e+01
4.673000859375000005e+02,-8.630417119241786850e+01
4.673003789062499891e+02,-8.207381360761395683e+01
4.673006718750000346e+02,-8.129531960772402499e+01
4.673009648437500232e+02,-8.444693835477079347e+01
4.673012578125000118e+02,-9.356357761563401709e+01
4.673015507812500005e+02,-8.680736344307369734e+01
4.673018437499999891e+02,-8.601233583478210676e+01
4.673021367187500346e+02,-8.385639270027698444e+01
4.673024296875000232e+02,-7.710263273298332365e+01
4.673027226562500118e+02,-7.461754289052863953e+01
4.673030156250000005e+02,-8.337616584180155144e+01
4.673033085937499891e+02,-9.421719054495041235e+01
4.673036015625000346e+02,-8.254364178181775458e+01
4.673038945312500232e+02,-8.636812632917475696e+01
4.673041875000000118e+02,-7.677220829327895046e+01
4.673044804687500005e+02,-8.590169097453218683e+01
4.673047734374999891e+02,-8.503097338599133082e+01
4.673050664062500346e+02,-9.533206527708188105e+01
4.673053593750000232e+02,-9.091864555511145340e+01
4.673056523437500118e+02,-8.384642914956474158e+01
4.673059453125000005e+02,-8.189321382016133555e+01
4.673062382812499891e+02,-8.515206654973283662e+01
4.673065312500000346e+02,-8.774125447513833365e+01
4.673068242187500232e+02,-8.311313675964514402e+01
4.673071171875000118e+02,-8.358868097385254714e+01
4.673074101562500005e+02,-9.233101393464765749e+01
4.673077031249999891e+02,-8.746642694804934592e+01
4.673079960937500346e+02,-8.091686657276468964e+01
4.673082890625000232e+02,-8.235859019020294625e+01
4.673085820312500118e+02,-9.089255874978661609e+01
4.673088750000000005e+02,-8.588503814084410237e+01
4.673091679687499891e+02,-8.478572668839169069e+01
4.673094609375000346e+02,-1.048138762086754951e+02
4.673097539062500232e+02,-8.749518578907454014e+01
4.673100468750000118e+02,-9.086998776786997212e+01
4.673103398437500005e+02,-8.781581290526332850e+01
4.673106328124999891e+02,-8.248166033329684410e+01
4.673109257812500346e+02,-8.241418548618554496e+01
4.673112187500000232e+02,-9.309656642407074401e+01
4.673115117187500118e+02,-9.187745685704814491e+01
4.673118046875000005e+02,-8.531869957050213316e+01
4.673120976562499891e+02,-8.925795019703301136e+01
4.673123906250000346e+02,-8.996757072155043033e+01
4.673126835937500232e+02,-8.638093798651225086e+01
4.673129765625000118e+02,-8.599897998472137317e+01
4.673132695312500005e+02,-8.533957022423652461e+01
4.673135624999999891e+02,-9.230377728648858238e+01
4.673138554687500346e+02,-9.255967560161211338e+01
4.673141484375000232e+02,-7.701918313340104305e+01
4.673144414062500118e+02,-7.850698155049362015e+01
4.673147343750000005e+02,-8.110325482630832994e+01
4.673150273437499891e+02,-8.174155162342229630e+01
4.673153203125000346e+02,-8.998657646026104828e+01
4.673156132812500232e+02,-9.342475455862866340e+01
4.673159062500000118e+02,-8.629884839075414504e+01
4.673161992187500005e+02,-8.526062441694578808e+01
4.673164921874999891e+02,-8.687184117112111892e+01
4.673167851562500346e+02,-8.273584551051285985e+01
4.673170781250000232e+02,-7.849706343533539155e+01
4.673173710937500118e+02,-8.033625374921582818e+01
4.673176640625000005e+02,-9.028938804635808424e+01
4.673179570312499891e+02,-8.047935379275480727e+01
4.673182500000000346e+02,-7.947756873074436612e+01
4.673185429687500232e+02,-8.815671804524912147e+01
4.673188359375000118e+02,-8.550340648646140096e+01
4.673191289062500005e+02,-8.858068985386520922e+01
4.673194218749999891e+02,-8.592233333111026639e+01
4.673197148437500346e+02,-9.594225327696707950e+01
4.673200078125000232e+02,-8.689056368992930857e+01
4.673203007812500118e+02,-8.293996536593355984e+01
4.673205937500000005e+02,-8.897239542489232633e+01
4.673208867187499891e+02,-8.445493701745698445e+01
4.673211796875000346e+02,-8.582554673247128108e+01
4.673214726562500232e+02,-8.483235321321095057e+01
4.673217656250000118e+02,-8.313444513898360810e+01
4.673220585937500005e+02,-8.053926916220645182e+01
4.673223515624999891e+02,-8.462471660794405182e+01
4.673226445312500346e+02,-8.009707976097161009e+01
4.673229375000000232e+02,-8.117180936494669652e+01
4.673232304687500118e+02,-8.071710053435502630e+01
4.673235234375000005e+02,-8.005772426097547623e+01
4.673238164062499891e+02,-9.436168005544352866e+01
4.673241093750000346e+02,-8.955399522276221091e+01
4.673244023437500232e+02,-8.698688108261197272e+01
4.673246953125000118e+02,-8.071866243085307246e+01
4.673249882812500005e+02,-8.260256826308003042e+01
4.673252812499999891e+02,-8.458969255431094325e+01
4.673255742187500346e+02,-8.012159153258642164e+01
4.673258671875000232e+02,-8.581539795024717421e+01
4.673261601562500118e+02,-8.802696164523950983e+01
4.673264531250000005e+02,-8.527996047411575375e+01
4.673267460937499891e+02,-8.914142043272589433e+01
4.673270390625000346e+02,-8.566065401201115037e+01
4.673273320312500232e+02,-8.279730281834680738e+01
4.673276250000000118e+02,-8.192781456392177120e+01
4.673279179687500005e+02,-8.337724186815157168e+01
4.673282109374999891e+02,-8.371074686814358756e+01
4.673285039062500346e+02,-8.815907848664244284e+01
4.673287968750000232e+02,-8.755202484785525030e+01
4.673290898437500118e+02,-8.761156047692956861e+01
4.673293828125000005e+02,-9.642398703236366941e+01
4.673296757812499891e+02,-9.361447162269890043e+01
4.673299687500000346e+02,-8.660312404579279644e+01
4.673302617187500232e+02,-8.702981845119246884e+01
4.673305546875000118e+02,-9.963476968823849234e+01
4.673308476562500005e+02,-8.934246331585207201e+01
4.673311406249999891e+02,-9.428812432106940378e+01
4.673314335937500346e+02,-9.156216091683917568e+01
4.673317265625000232e+02,-8.112122710120745239e+01
4.673320195312500118e+02,-8.948200828725278200e+01
4.673323125000000005e+02,-9.155684439338210723e+01
4.673326054687499891e+02,-8.390567393738974999e+01
4.673328984375000346e+02,-8.979809476154052561e+01
4.673331914062500232e+02,-8.219042227953426050e+01
4.673334843750000118e+02,-7.777052403652473345e+01
4.673337773437500005e+02,-8.835768084502710451e+01
4.673340703124999891e+02,-8.795422353063162291e+01
4.673343632812500346e+02,-8.641895229827156300e+01
4.673346562500000232e+02,-8.382726072244676629e+01
4.673349492187500118e+02,-8.350902067098894577e+01
4.673352421875000005e+02,-8.844566462778126947e+01
4.673355351562499891e+02,-8.403275028013041492e+01
4.673358281250000346e+02,-8.217970952273938678e+01
4.673361210937500232e+02,-8.987936547474728854e+01
4.673364140625000118e+02,-8.454058262884061037e+01
4.673367070312500005e+02,-7.826862858124214029e+01
4.673369999999999891e+02,-7.979626285856262768e+01
4.673372929687500346e+02,-9.786017538876832589e+01
4.673375859375000232e+02,-9.001773664733333646e+01
4.673378789062500118e+02,-9.002601084917802154e+01
4.673381718750000005e+02,-8.773435367267025242e+01
4.673384648437499891e+02,-8.496766815006898810e+01
4.673387578125000346e+02,-9.214560960004396861e+01
4.673390507812500232e+02,-8.799057898674271883e+01
4.673393437500000118e+02,-9.723918353048127017e+01
4.673396367187500005e+02,-7.775133060782621897e+01
4.673399296874999891e+02,-6.889656067901788106e+01
4.673402226562500346e+02,-7.402927299986804144e+01
4.673405156250000232e+02,-8.617874753620249351e+01
4.673408085937500118e+02,-8.798677424977306316e+01
4.673411015625000005e+02,-8.765448888260232252e+01
4.673413945312499891e+02,-8.254285172081853261e+01
4.673416875000000346e+02,-7.885121887744186608e+01
4.673419804687500232e+02,-8.752657254841867029e+01
4.673422734375000118e+02,-8.973935135739993996e+01
4.673425664062500005e+02,-8.303540674540208499e+01
4.673428593749999891e+02,-8.972798136325054941e+01
4.673431523437500346e+02,-8.235796325232415427e+01
4.673434453125000232e+02,-8.010762195000607733e+01
4.673437382812500118e+02,-8.616602351771446422e+01
4.673440312500000005e+02,-8.390152958756871726e+01
4.673443242187499891e+02,-8.692404889651041344e+01
4.673446171875000346e+02,-9.478910229420105793e+01
4.673449101562500232e+02,-8.582309778823329793e+01
4.673452031250000118e+02,-9.088130991982254159e+01
4.673454960937500005e+02,-8.860946546588903061e+01
4.673457890624999891e+02,-9.088309779405241784e+01
4.673460820312500346e+02,-8.288109675667141119e+01
4.673463750000000232e+02,-8.177795261363321799e+01
4.673466679687500118e+02,-8.793305570836702145e+01
4.673469609375000005e+02,-9.554823092974433507e+01
4.673472539062499891e+02,-7.992856281197843771e+01
4.673475468750000346e+02,-8.019593077871029152e+01
4.673478398437500232e+02,-8.567846270340864123e+01
4.673481328125000118e+02,-8.953109696615349833e+01
4.673484257812500005e+02,-9.178757440681707180e+01
4.673487187499999891e+02,-8.637213468386333659e+01
4.673490117187500346e+02,-8.451739460643274526e+01
4.673493046875000232e+02,-8.307922458910253738e+01
4.673495976562500118e+02,-8.384723069633082559e+01
4.673498906250000005e+02,-7.988605561516484954e+01
4.673501835937499891e+02,-8.150769779587447772e+01
4.673504765625000346e+02,-9.314249461962231180e+01
4.673507695312500232e+02,-8.812988598153995667e+01
4.673510625000000118e+02,-9.208585782887357141e+01
4.673513554687500005e+02,-9.544088896104781838e+01
4.673516484374999891e+02,-9.513882838548383347e+01
4.673519414062500346e+02,-8.286880542614267142e+01
4.673522343750000232e+02,-8.027683517831357562e+01
4.673525273437500118e+02,-8.712417762613797834e+01
4.673528203125000005e+02,-8.861330052186096395e+01
4.673531132812499891e+02,-7.915264794862190456e+01
4.673534062500000346e+02,-7.961819009891186738e+01
4.673536992187500232e+02,-8.141881868460788496e+01
4.673539921875000118e+02,-8.460195462879985939e+01
4.673542851562500005e+02,-8.478237198578557354e+01
4.673545781249999891e+02,-1.052312111295142358e+02
4.673548710937500346e+02,-8.418211532443282863e+01
4.673551640625000232e+02,-8.147248625801161381e+01
4.673554570312500118e+02,-8.530200076335206916e+01
4.673557500000000005e+02,-9.728653427479522975e+01
4.673560429687499891e+02,-8.085272857513872680e+01
4.673563359375000346e+02,-8.494791541727055062e+01
4.673566289062500232e+02,-8.376704797426864957e+01
4.673569218750000118e+02,-7.449612935023992577e+01
4.673572148437500005e+02,-7.577646013471081687e+01
4.673575078124999891e+02,-8.076456856559087782e+01
4.673578007812500346e+02,-8.408707422323547576e+01
4.673580937500000232e+02,-9.373637204168829840e+01
4.673583867187500118e+02,-8.844029024323518229e+01
4.673586796875000005e+02,-9.418056851671701679e+01
4.673589726562499891e+02,-8.218168982533008204e+01
4.673592656250000346e+02,-8.556424456904552756e+01
4.673595585937500232e+02,-8.197256434539181669e+01
4.673598515625000118e+02,-8.496823924057443378e+01
4.673601445312500005e+02,-8.255068994451178810e+01
4.673604374999999891e+02,-8.395591572876880093e+01
4.673607304687500346e+02,-9.370347475518005353e+01
4.673610234375000232e+02,-9.279790218498406773e+01
4.673613164062500118e+02,-9.294434867310386039e+01
4.673616093750000005e+02,-8.655038498794868929e+01
4.673619023437499891e+02,-9.258323817196021821e+01
4.673621953125000346e+02,-8.990439065356136439e+01
4.673624882812500232e+02,-8.622731782492324726e+01
4.673627812500000118e+02,-9.442677807119586930e+01
4.673630742187500005e+02,-9.749815974534817542e+01
4.673633671874999891e+02,-9.200454641263432620e+01
4.673636601562500346e+02,-8.294152293155420352e+01
4.673639531250000232e+02,-7.986210358235352658e+01
4.673642460937500118e+02,-8.357606767027020567e+01
4.673645390625000005e+02,-7.803242412559691843e+01
4.673648320312499891e+02,-7.841539960087374084e+01
4.673651250000000346e+02,-9.009328363780313964e+01
4.673654179687500232e+02,-8.326579625729210932e+01
4.673657109375000118e+02,-8.288029481364318940e+01
4.673660039062500005e+02,-8.432338338323060611e+01
4.673662968749999891e+02,-8.090824166198015632e+01
4.673665898437500346e+02,-9.543325891801367789e+01
4.673668828125000232e+02,-9.366911991244775493e+01
4.673671757812500118e+02,-8.895098501242966904e+01
4.673674687500000005e+02,-8.312379385515940555e+01
4.673677617187499891e+02,-8.817136091763612171e+01
4.673680546875000346e+02,-9.024228315437110837e+01
4.673683476562500232e+02,-8.883218103412035305e+01
4.673686406250000118e+02,-7.808801234906559330e+01
4.673689335937500005e+02,-8.501909472295784553e+01
4.673692265624999891e+02,-8.818780411064219038e+01
4.673695195312500346e+02,-8.210429551481033172e+01
4.673698125000000232e+02,-8.033569054966604028e+01
4.673701054687500118e+02,-8.200488282152214481e+01
4.673703984375000005e+02,-8.852892318161221397e+01
4.673706914062499891e+02,-9.604684887532556559e+01
4.673709843750000346e+02,-8.406304756051571303e+01
4.673712773437500232e+02,-9.205155268924052336e+01
4.673715703125000118e+02,-8.177886986294896587e+01
4.673718632812500005e+02,-8.944432878039347656e+01
4.673721562499999891e+02,-8.719165444828934142e+01
4.673724492187500346e+02,-8.387083106004992317e+01
4.673727421875000232e+02,-8.121278711732571765e+01
4.673730351562500118e+02,-8.953974832214544222e+01
4.673733281250000005e+02,-1.021549953877294428e+02
4.673736210937499891e+02,-8.997112108507865003e+01
4.673739140625000346e+02,-8.797156561847374689e+01
4.673742070312500232e+02,-8.997712598018665631e+01
4.673745000000000118e+02,-8.798101093792570282e+01
4.673747929687500005e+02,-8.122694274677695603e+01
4.673750859374999891e+02,-9.257770170462264048e+01
4.673753789062500346e+02,-8.621476784506327817e+01
4.673756718750000232e+02,-8.009119434823249151e+01
4.673759648437500118e+02,-7.961243972978330419e+01
4.673762578125000005e+02,-8.823813829655840379e+01
4.673765507812499891e+02,-8.690428388444345842e+01
4.673768437500000346e+02,-7.972337870456078690e+01
4.673771367187500232e+02,-8.394820196546876900e+01
4.673774296875000118e+02,-8.354255007238100461e+01
4.673777226562500005e+02,-8.982300174175369989e+01
4.673780156249999891e+02,-8.339857577791219967e+01
4.673783085937500346e+02,-8.994361398639325955e+01
4.673786015625000232e+02,-9.316023813404407861e+01
4.673788945312500118e+02,-8.125297479812425649e+01
4.673791875000000005e+02,-7.836179851964972443e+01
4.673794804687499891e+02,-8.154382751655775508e+01
4.673797734375000346e+02,-8.489341536467446758e+01
4.673800664062500232e+02,-8.531867449719614171e+01
4.673803593750000118e+02,-8.203082279599632898e+01
4.673806523437500005e+02,-8.231079091411803006e+01
4.673809453124999891e+02,-7.993718054594695843e+01
4.673812382812500346e+02,-7.915045201071947645e+01
4.673815312500000232e+02,-8.088102116999316138e+01
4.673818242187500118e+02,-9.358819284784968318e+01
4.673821171875000005e+02,-8.018443728002645798e+01
4.673824101562499891e+02,-8.280739237084291915e+01
4.673827031250000346e+02,-8.605332910267016189e+01
4.673829960937500232e+02,-8.354744138519552621e+01
4.673832890625000118e+02,-7.929805517842743257e+01
4.673835820312500005e+02,-7.934396593701913503e+01
4.673838749999999891e+02,-7.738299858601719450e+01
4.673841679687500346e+02,-8.538153716034699414e+01
4.673844609375000232e+02,-9.020197947621730350e+01
4.673847539062500118e+02,-8.426045312089280515e+01
4.673850468750000005e+02,-8.381963642454037711e+01
4.673853398437499891e+02,-8.269625724135107703e+01
4.673856328125000346e+02,-8.067761451308511766e+01
4.673859257812500232e+02,-8.227349049927319413e+01
4.673862187500000118e+02,-9.106179212721913530e+01
4.673865117187500005e+02,-9.824297530566749970e+01
4.673868046874999891e+02,-9.281184216654187935e+01
4.673870976562500346e+02,-9.240561391989359663e+01
4.673873906250000232e+02,-8.586630680151256456e+01
4.673876835937500118e+02,-7.964994891662057341e+01
4.673879765625000005e+02,-8.457940382517081446e+01
4.673882695312499891e+02,-8.649492497654361500e+01
4.673885625000000346e+02,-7.945842277901788009e+01
4.673888554687500232e+02,-8.053096498884924870e+01
4.673891484375000118e+02,-8.465724087869978121e+01
4.673894414062500005e+02,-8.506544735162330539e+01
4.673897343749999891e+02,-8.496941731975356049e+01
4.673900273437500346e+02,-8.548767307464194687e+01
4.673903203125000232e+02,-9.079480236644192814e+01
4.673906132812500118e+02,-8.145721183626990580e+01
4.673909062500000005e+02,-8.383017188725993663e+01
4.673911992187499891e+02,-8.599797438538783467e+01
4.673914921875000346e+02,-8.798956380171580349e+01
4.673917851562500232e+02,-7.952258616667867841e+01
4.673920781250000118e+02,-7.758022002368261383e+01
4.673923710937500005e+02,-8.073089069184355537e+01
4.673926640624999891e+02,-8.538175081827975532e+01
4.673929570312500346e+02,-8.312979355010176619e+01
4.673932500000000232e+02,-1.006590765859700554e+02
4.673935429687500118e+02,-8.280368742720428088e+01
4.673938359375000005e+02,-8.197981048643663371e+01
4.673941289062499891e+02,-8.853663462593851818e+01
4.673944218750000346e+02,-8.479602597633751770e+01
4.673947148437500232e+02,-8.102055393403099970e+01
4.673950078125000118e+02,-8.104046161820232896e+01
4.673953007812500005e+02,-8.487220817413556517e+01
4.673955937499999891e+02,-9.490286005391371305e+01
4.673958867187500346e+02,-7.923366103680849903e+01
4.673961796875000232e+02,-7.430058476500106224e+01
4.673964726562500118e+02,-7.784647069835935440e+01
4.673967656250000005e+02,-1.052404364132876111e+02
4.673970585937499891e+02,-1.035013246558311550e+02
4.673973515625000346e+02,-8.186890345525021928e+01
4.673976445312500232e+02,-8.215676760968608505e+01
4.673979375000000118e+02,-9.510108911759249395e+01
4.673982304687500005e+02,-8.997901880544327469e+01
4.673985234374999891e+02,-8.440115253920019711e+01
4.673988164062500346e+02,-8.415519968523406646e+01
4.673991093750000232e+02,-7.760709355110661534e+01
4.673994023437500118e+02,-7.904728352848781014e+01
4.673996953125000005e+02,-8.871969992756235968e+01
4.673999882812499891e+02,-8.989362177701595158e+01
4.674002812500000346e+02,-8.469588633254076626e+01
4.674005742187500232e+02,-8.486646417943644849e+01
4.674008671875000118e+02,-8.240013921972922617e+01
4.674011601562500005e+02,-9.243974013784009003e+01
4.674014531249999891e+02,-8.532620568407737949e+01
4.674017460937500346e+02,-9.204145022305043256e+01
4.674020390625000232e+02,-7.704739903191159556e+01
4.674023320312500118e+02,-7.359501017895193797e+01
4.674026250000000005e+02,-8.006911587410486675e+01
4.674029179687499891e+02,-8.303694858490777619e+01
4.674032109375000346e+02,-8.856787868262956920e+01
4.674035039062500232e+02,-8.629647325896776522e+01
4.674037968750000118e+02,-7.836632415168739385e+01
4.674040898437500005e+02,-8.304184869588439710e+01
4.674043828124999891e+02,-8.464279700346384061e+01
4.674046757812500346e+02,-8.130360035559435516e+01
4.674049687500000232e+02,-7.871914002992627957e+01
4.674052617187500118e+02,-7.752113845240701551e+01
4.674055546875000005e+02,-7.855754041978684654e+01
4.674058476562499891e+02,-8.345537300293190697e+01
4.674061406250000346e+02,-8.284373939898925698e+01
4.674064335937500232e+02,-1.059764575568294589e+02
4.674067265625000118e+02,-9.092045772305640128e+01
4.674070195312500005e+02,-1.013583440105215345e+02
4.674073124999999891e+02,-7.841214424982273101e+01
4.674076054687500346e+02,-7.522650189716563318e+01
4.674078984375000232e+02,-8.381812012499841558e+01
4.674081914062500118e+02,-8.913731472402757561e+01
4.674084843750000005e+02,-8.861644486845062829e+01
4.674087773437499891e+02,-7.672980981805085321e+01
4.674090703125000346e+02,-7.546948133728358243e+01
4.674093632812500232e+02,-8.643080012630589692e+01
4.674096562500000118e+02,-8.611544844331126569e+01
4.674099492187500005e+02,-8.062092199899171874e+01
4.674102421874999891e+02,-8.269176263706287955e+01
4.674105351562500346e+02,-8.471028534455058434e+01
4.674108281250000232e+02,-8.564736927341607498e+01
4.674111210937500118e+02,-8.722882714896761058e+01
4.674114140625000005e+02,-8.429650874833141927e+01
4.674117070312499891e+02,-9.077746005971474119e+01
4.674120000000000346e+02,-8.299735842086957405e+01
4.674122929687500232e+02,-7.798375233130758488e+01
4.674125859375000118e+02,-8.091753843269863467e+01
4.674128789062500005e+02,-9.820170676701752654e+01
4.674131718749999891e+02,-8.164786236014812459e+01
4.674134648437500346e+02,-8.262829150129158506e+01
4.674137578125000232e+02,-8.118549155036942011e+01
4.674140507812500118e+02,-8.975818900625547769e+01
4.674143437500000005e+02,-8.458461833038188615e+01
4.674146367187499891e+02,-7.793404078303434801e+01
4.674149296875000346e+02,-8.144412718363143711e+01
4.674152226562500232e+02,-7.718679042672039259e+01
4.674155156250000118e+02,-7.054426191905676546e+01
4.674158085937500005e+02,-6.624476144612796702e+01
4.674161015624999891e+02,-7.154960935649785370e+01
4.674163945312500346e+02,-8.218873010931420708e+01
4.674166875000000232e+02,-7.865155585424642481e+01
4.674169804687500118e+02,-8.403527803726984757e+01
4.674172734375000005e+02,-7.657070500961700077e+01
4.674175664062499891e+02,-7.690965073604959912e+01
4.674178593750000346e+02,-8.386226857013676295e+01
4.674181523437500232e+02,-8.251442840493592712e+01
4.674184453125000118e+02,-8.418268752894854856e+01
4.674187382812500005e+02,-9.996489819287199907e+01
4.674190312499999891e+02,-6.758672016365680690e+01
4.674193242187500346e+02,-6.371306572208430907e+01
4.674196171875000232e+02,-7.433019625960585586e+01
4.674199101562500118e+02,-9.231964410338171945e+01
4.674202031250000005e+02,-8.617927350567620692e+01
4.674204960937499891e+02,-8.187195526489537656e+01
4.674207890625000346e+02,-8.468285355842907336e+01
4.674210820312500232e+02,-7.719910853970387166e+01
4.674213750000000118e+02,-7.804961090559378079e+01
4.674216679687500005e+02,-8.064662806056732336e+01
4.674219609374999891e+02,-8.856666612975033104e+01
4.674222539062500346e+02,-8.175611966075580028e+01
4.674225468750000232e+02,-7.333329038199218530e+01
4.674228398437500118e+02,-7.366155835724165968e+01
4.674231328125000005e+02,-8.075824602349258896e+01
4.674234257812499891e+02,-9.103639223888131937e+01
4.674237187500000346e+02,-8.795159481776585153e+01
4.674240117187500232e+02,-8.669837576608829011e+01
4.674243046875000118e+02,-8.005610406576403193e+01
4.674245976562500005e+02,-8.095437182195540515e+01
4.674248906249999891e+02,-9.667391631822715681e+01
4.674251835937500346e+02,-7.869869938726688474e+01
4.674254765625000232e+02,-8.053766622436720013e+01
4.674257695312500118e+02,-8.279669888976160053e+01
4.674260625000000005e+02,-8.491920230306917006e+01
4.674263554687499891e+02,-8.020615278403749926e+01
4.674266484375000346e+02,-1.007030842512316724e+02
4.674269414062500232e+02,-8.949155785586013678e+01
4.674272343750000118e+02,-8.524035600673755653e+01
4.674275273437500005e+02,-8.558290209129606296e+01
4.674278203124999891e+02,-1.050826437174105763e+02
4.674281132812500346e+02,-7.722179171338491699e+01
4.674284062500000232e+02,-8.284448131522816539e+01
4.674286992187500118e+02,-8.253122236098620590e+01
4.674289921875000005e+02,-7.942855690266371482e+01
4.674292851562499891e+02,-7.794504860795407808e+01
4.674295781250000346e+02,-9.148244106058245961e+01
4.674298710937500232e+02,-9.013579352683245816e+01
4.674301640625000118e+02,-9.367499407758802477e+01
4.674304570312500005e+02,-9.890326711412134841e+01
4.674307499999999891e+02,-7.802409786923141155e+01
4.674310429687500346e+02,-7.494054743778696093e+01
4.674313359375000232e+02,-7.863239367639354782e+01
4.674316289062500118e+02,-8.386703994159150000e+01
4.674319218750000005e+02,-8.235301984404347309e+01
4.674322148437499891e+02,-8.419510169816106782e+01
4.674325078125000346e+02,-8.349981677292925042e+01
4.674328007812500232e+02,-8.595890555525636501e+01
4.674330937500000118e+02,-8.576342758576683423e+01
4.674333867187500005e+02,-7.763063168077013643e+01
4.674336796874999891e+02,-8.000557972768183390e+01
4.674339726562500346e+02,-9.226288041556711050e+01
4.674342656250000232e+02,-7.673517291132586138e+01
4.674345585937500118e+02,-7.741572495777477059e+01
4.674348515625000005e+02,-8.358036619182554716e+01
4.674351445312499891e+02,-8.102578496336877834e+01
4.674354375000000346e+02,-8.624773036545303739e+01
4.674357304687500232e+02,-7.988835466586442635e+01
4.674360234375000118e+02,-7.959725874271123303e+01
4.674363164062500005e+02,-8.289939637759016478e+01
4.674366093749999891e+02,-7.703192307310889930e+01
4.674369023437500346e+02,-7.825858306816702736e+01
4.674371953125000232e+02,-1.013510079680999354e+02
4.674374882812500118e+02,-8.608946672859589455e+01
4.674377812500000005e+02,-8.124282371917333023e+01
4.674380742187499891e+02,-7.668537451229482826e+01
4.674383671875000346e+02,-7.694161872451094553e+01
4.674386601562500232e+02,-7.992545952589682656e+01
4.674389531250000118e+02,-8.166523515790879628e+01
4.674392460937500005e+02,-9.149832576353297497e+01
4.674395390624999891e+02,-9.044554208678758300e+01
4.674398320312500346e+02,-9.035558045729997900e+01
4.674401250000000232e+02,-9.395246685147628796e+01
4.674404179687500118e+02,-9.139878287373915100e+01
4.674407109375000005e+02,-8.428693237778907132e+01
4.674410039062499891e+02,-8.514743655786013221e+01
4.674412968750000346e+02,-8.548921305709156115e+01
4.674415898437500232e+02,-8.379556061788862564e+01
4.674418828125000118e+02,-8.474422318101804308e+01
4.674421757812500005e+02,-8.874970581846837092e+01
4.674424687499999891e+02,-8.230274386349060478e+01
4.674427617187500346e+02,-8.130923123956618781e+01
4.674430546875000232e+02,-8.237052002872154333e+01
4.674433476562500118e+02,-8.549233915136025530e+01
4.674436406250000005e+02,-9.026258811303306118e+01
4.674439335937499891e+02,-7.998696186098595717e+01
4.674442265625000346e+02,-8.489089441311062956e+01
4.674445195312500232e+02,-8.226795731094321695e+01
4.674448125000000118e+02,-8.671924430489880820e+01
4.674451054687500005e+02,-8.268385093327319169e+01
4.674453984374999891e+02,-7.385348706972331456e+01
4.674456914062500346e+02,-8.024816986342814573e+01
4.674459843750000232e+02,-7.704772920248063883e+01
4.674462773437500118e+02,-7.876288791672013190e+01
4.674465703125000005e+02,-7.874414322719276527e+01
4.674468632812499891e+02,-8.109369966653004269e+01
4.674471562500000346e+02,-7.896519349284096734e+01
4.674474492187500232e+02,-8.361833131210991610e+01
4.674477421875000118e+02,-8.086942575559746160e+01
4.674480351562500005e+02,-7.834816574406970346e+01
4.674483281249999891e+02,-8.000961196237270201e+01
4.674486210937500346e+02,-8.329191059795215324e+01
4.674489140625000232e+02,-7.773536779968011956e+01
4.674492070312500118e+02,-9.714838411657039785e+01
4.674495000000000005e+02,-8.352010949914202342e+01
4.674497929687499891e+02,-8.706264048016251422e+01
4.674500859375000346e+02,-8.949622984637193213e+01
4.674503789062500232e+02,-8.094427659899758964e+01
4.674506718750000118e+02,-8.622711115436041496e+01
4.674509648437500005e+02,-8.482528832270631369e+01
4.674512578124999891e+02,-7.855020501730469107e+01
4.674515507812500346e+02,-8.097664205896731460e+01
4.674518437500000232e+02,-8.065569046480814563e+01
4.674521367187500118e+02,-8.209834683858926496e+01
4.674524296875000005e+02,-7.922380203399849563e+01
4.674527226562499891e+02,-8.123282584182686605e+01
4.674530156250000346e+02,-8.336857305011328378e+01
4.674533085937500232e+02,-8.270831085946598193e+01
4.674536015625000118e+02,-7.884744755955667017e+01
4.674538945312500005e+02,-7.594972985703645918e+01
4.674541874999999891e+02,-8.456202934008375394e+01
4.674544804687500346e+02,-7.550105164577740879e+01
4.674547734375000232e+02,-7.882276613542153143e+01
4.674550664062500118e+02,-8.102226639795262031e+01
4.674553593750000005e+02,-8.493306335557262798e+01
4.674556523437499891e+02,-7.438515502821408631e+01
4.674559453125000346e+02,-7.614090802518452961e+01
4.674562382812500232e+02,-8.455545252669105594e+01
4.674565312500000118e+02,-8.616789681272686607e+01
4.674568242187500005e+02,-8.973585171713645536e+01
4.674571171874999891e+02,-7.813386408462464772e+01
4.674574101562500346e+02,-7.243786343713962594e+01
4.674577031250000232e+02,-7.193166531260510510e+01
4.674579960937500118e+02,-7.606697963907321025e+01
4.674582890625000005e+02,-8.621369043027524981e+01
4.674585820312499891e+02,-9.200774826480595436e+01
4.674588750000000346e+02,-8.672963344451390810e+01
4.674591679687500232e+02,-7.954029781051494297e+01
4.674594609375000118e+02,-7.833719387856540095e+01
4.674597539062500005e+02,-9.140792276962898200e+01
4.674600468749999891e+02,-8.452030140672573566e+01
4.674603398437500346e+02,-9.898992550494610043e+01
4.674606328125000232e+02,-7.813942673551190410e+01
4.674609257812500118e+02,-7.682370825890724575e+01
4.674612187500000005e+02,-8.105369899414007762e+01
4.674615117187499891e+02,-7.403372833017266430e+01
4.674618046875000346e+02,-9.130682545530730465e+01
4.674620976562500232e+02,-8.451898464057694582e+01
4.674623906250000118e+02,-7.526511097942102424e+01
4.674626835937500005e+02,-7.475889744982778495e+01
4.674629765624999891e+02,-8.364431319999836489e+01
4.674632695312500346e+02,-8.485788843680639104e+01
4.674635625000000232e+02,-8.911550789201895384e+01
4.674638554687500118e+02,-7.746636931740455623e+01
4.674641484375000005e+02,-6.960692281384093860e+01
4.674644414062499891e+02,-6.723644442751022154e+01
4.674647343750000346e+02,-7.593562286779632586e+01
4.674650273437500232e+02,-9.186430784950188411e+01
4.674653203125000118e+02,-7.447602604975885754e+01
4.674656132812500005e+02,-7.122509665470491313e+01
4.674659062499999891e+02,-7.449837423953050575e+01
4.674661992187500346e+02,-7.731629429389334973e+01
4.674664921875000232e+02,-7.940744450372213237e+01
4.674667851562500118e+02,-7.961915565529866967e+01
4.674670781250000005e+02,-8.519788383507575702e+01
4.674673710937499891e+02,-7.834103580052608606e+01
4.674676640625000346e+02,-7.621049989956298987e+01
4.674679570312500232e+02,-8.567127164481492230e+01
4.674682500000000118e+02,-8.840350913538826205e+01
4.674685429687500005e+02,-8.238987215439382794e+01
4.674688359374999891e+02,-7.533837274109886550e+01
4.674691289062500346e+02,-7.604275136687294889e+01
4.674694218750000232e+02,-8.108260635796932547e+01
4.674697148437500118e+02,-8.025533176342821662e+01
4.674700078125000005e+02,-8.004415750423326870e+01
4.674703007812499891e+02,-8.261473226550185700e+01
4.674705937500000346e+02,-7.225887526847736808e+01
4.674708867187500232e+02,-7.043258703771934393e+01
4.674711796875000118e+02,-7.224525222647841360e+01
4.674714726562500005e+02,-7.998614525888815763e+01
4.674717656249999891e+02,-7.361046100451268615e+01
4.674720585937500346e+02,-8.139938736360717542e+01
4.674723515625000232e+02,-7.710341676528838661e+01
4.674726445312500118e+02,-7.800824882118762105e+01
4.674729375000000005e+02,-7.578370693577498685e+01
4.674732304687499891e+02,-7.974554352655660239e+01
4.674735234375000346e+02,-7.716943369077267789e+01
4.674738164062500232e+02,-7.678126185029836392e+01
4.674741093750000118e+02,-8.204252725210818653e+01
4.674744023437500005e+02,-7.274611333176156336e+01
4.674746953124999891e+02,-7.403400229078827977e+01
4.674749882812500346e+02,-9.714283258037136193e+01
4.674752812500000232e+02,-8.321341046403699693e+01
4.674755742187500118e+02,-8.362127094815096484e+01
4.674758671875000005e+02,-7.670133534864010016e+01
4.674761601562499891e+02,-7.442268419541208857e+01
4.674764531250000346e+02,-7.416931634955982133e+01
4.674767460937500232e+02,-7.394335419089266281e+01
4.674770390625000118e+02,-8.569915395077413223e+01
4.674773320312500005e+02,-8.243157875941106738e+01
4.674776249999999891e+02,-8.588846881835259239e+01
4.674779179687500346e+02,-6.334156855464109981e+01
4.674782109375000232e+02,-6.377708473140551604e+01
4.674785039062500118e+02,-8.134620530604178157e+01
4.674787968750000005e+02,-8.377474178307500097e+01
4.674790898437499891e+02,-7.640203811282594870e+01
4.674793828125000346e+02,-7.272617500104085764e+01
4.674796757812500232e+02,-7.707887185341658665e+01
4.674799687500000118e+02,-8.236682151939440644e+01
4.674802617187500005e+02,-8.764870398182728195e+01
4.674805546874999891e+02,-7.997271164876865157e+01
4.674808476562500346e+02,-8.083134164554402901e+01
4.674811406250000232e+02,-6.098572906177233222e+01
4.674814335937500118e+02,-5.306921850417965203e+01
4.674817265625000005e+02,-5.897522681838486847e+01
4.674820195312499891e+02,-1.025193394822602500e+02
4.674823125000000346e+02,-8.712344231978191544e+01
4.674826054687500232e+02,-8.966543054188929318e+01
4.674828984375000118e+02,-7.778801947621948898e+01
4.674831914062500005e+02,-7.876623982719627293e+01
4.674834843749999891e+02,-9.769898273959623225e+01
4.674837773437500346e+02,-7.305158548811289165e+01
4.674840703125000232e+02,-7.839884385305072101e+01
4.674843632812500118e+02,-8.073576991556623739e+01
4.674846562500000005e+02,-6.256057475496234588e+01
4.674849492187499891e+02,-5.922630279876454296e+01
4.674852421875000346e+02,-6.933127129327583305e+01
4.674855351562500232e+02,-7.457408347227877243e+01
4.674858281250000118e+02,-7.353678602796135522e+01
4.674861210937500005e+02,-7.704337515984765616e+01
4.674864140624999891e+02,-7.858291010199279469e+01
4.674867070312500346e+02,-8.204933766856817101e+01
4.674870000000000232e+02,-8.794777181104441866e+01
4.674872929687500118e+02,-7.659398874489187392e+01
4.674875859375000005e+02,-6.996719529340236932e+01
4.674878789062499891e+02,-7.239393163453090096e+01
4.674881718750000346e+02,-7.772074176568206383e+01
4.674884648437500232e+02,-7.857464018429912755e+01
4.674887578125000118e+02,-9.330719105515345291e+01
4.674890507812500005e+02,-7.561497559624007181e+01
4.674893437499999891e+02,-7.287001291868618580e+01
4.674896367187500346e+02,-7.553835300686694154e+01
4.674899296875000232e+02,-7.145704806936990394e+01
4.674902226562500118e+02,-6.894622973788388265e+01
4.674905156250000005e+02,-7.539454006687567755e+01
4.674908085937499891e+02,-7.626901402603951396e+01
4.674911015625000346e+02,-7.958290024993479506e+01
4.674913945312500232e+02,-7.840544751692414138e+01
4.674916875000000118e+02,-7.273239417019838982e+01
4.674919804687500005e+02,-7.092240047262006897e+01
4.674922734374999891e+02,-7.500648295199599147e+01
4.674925664062500346e+02,-8.006402243147479680e+01
4.674928593750000232e+02,-7.643287291424483954e+01
4.674931523437500118e+02,-7.567901349146649181e+01
4.674934453125000005e+02,-8.149145178170563497e+01
4.674937382812499891e+02,-8.035891844589932020e+01
4.674940312500000346e+02,-7.840675374543548060e+01
4.674943242187500232e+02,-7.657390341990785032e+01
4.674946171875000118e+02,-8.235866837990184308e+01
4.674949101562500005e+02,-8.115573320482590702e+01
4.674952031249999891e+02,-7.256947120819074826e+01
4.674954960937500346e+02,-7.420386079350265618e+01
4.674957890625000232e+02,-7.691455857950845143e+01
4.674960820312500118e+02,-7.952373224598906631e+01
4.674963750000000005e+02,-8.382284493238165624e+01
4.674966679687499891e+02,-7.743621360057528591e+01
4.674969609375000346e+02,-8.708166940977334036e+01
4.674972539062500232e+02,-7.949095393044497371e+01
4.674975468750000118e+02,-7.753738701191350913e+01
4.674978398437500005e+02,-7.656515952067989872e+01
4.674981328124999891e+02,-7.767860002401297947e+01
4.674984257812500346e+02,-7.779911354518185362e+01
4.674987187500000232e+02,-7.103678864672821192e+01
4.674990117187500118e+02,-7.521111654827534210e+01
4.674993046875000005e+02,-7.627344866103864263e+01
4.674995976562499891e+02,-7.501592130257631652e+01
4.674998906250000346e+02,-8.044577937053708183e+01
4.675001835937500232e+02,-7.449637674183148306e+01
4.675004765625000118e+02,-7.462511799814387814e+01
4.675007695312500005e+02,-7.581434757318591267e+01
4.675010624999999891e+02,-8.267016002249232542e+01
4.675013554687500346e+02,-8.182175674170296986e+01
4.675016484375000232e+02,-8.069756017132034742e+01
4.675019414062500118e+02,-7.605490525705441485e+01
4.675022343750000005e+02,-7.882309767021355640e+01
4.675025273437499891e+02,-7.658146408391773718e+01
4.675028203125000346e+02,-7.442967341574777151e+01
4.675031132812500232e+02,-8.025817774940223615e+01
4.675034062500000118e+02,-9.042906508412616517e+01
4.675036992187500005e+02,-7.681691192764586162e+01
4.675039921874999891e+02,-7.087825750828822891e+01
4.675042851562500346e+02,-7.603810782555183323e+01
4.675045781250000232e+02,-7.835412276240450069e+01
4.675048710937500118e+02,-7.618311365351581799e+01
4.675051640625000005e+02,-8.524337479228633185e+01
4.675054570312499891e+02,-8.471032587314977036e+01
4.675057500000000346e+02,-7.893875359040330864e+01
4.675060429687500232e+02,-8.306207897148428287e+01
4.675063359375000118e+02,-9.142565160591438200e+01
4.675066289062500005e+02,-8.237125348028214944e+01
4.675069218749999891e+02,-7.612742014684427261e+01
4.675072148437500346e+02,-7.082656435819438911e+01
4.675075078125000232e+02,-7.350822094869029399e+01
4.675078007812500118e+02,-7.720331468946127984e+01
4.675080937500000005e+02,-6.955106650120386291e+01
4.675083867187499891e+02,-7.100582081178654903e+01
4.675086796875000346e+02,-7.644887859170663091e+01
4.675089726562500232e+02,-7.918909417103634496e+01
4.675092656250000118e+02,-8.837995384289104095e+01
4.675095585937500005e+02,-8.561989145488270481e+01
4.675098515624999891e+02,-7.107125721970257359e+01
4.675101445312500346e+02,-7.418084114243535510e+01
4.675104375000000232e+02,-7.423305190663829478e+01
4.675107304687500118e+02,-7.447385154443519184e+01
4.675110234375000005e+02,-7.108290041595401476e+01
4.675113164062499891e+02,-7.268895037457194519e+01
4.675116093750000346e+02,-7.662498216163591280e+01
4.675119023437500232e+02,-7.995585107984733497e+01
4.675121953125000118e+02,-7.727388032912703864e+01
4.675124882812500005e+02,-8.197022204461001138e+01
4.675127812499999891e+02,-7.232382193712544449e+01
4.675130742187500346e+02,-7.054629393880085786e+01
4.675133671875000232e+02,-6.880088595415767827e+01
4.675136601562500118e+02,-7.503533125644230495e+01
4.675139531250000005e+02,-9.083352409957851137e+01
4.675142460937499891e+02,-8.182425967397261957e+01
4.675145390625000346e+02,-7.652803319362007528e+01
4.675148320312500232e+02,-7.409118912084340991e+01
4.675151250000000118e+02,-7.676830372580261042e+01
4.675154179687500005e+02,-7.360081834930772970e+01
4.675157109374999891e+02,-6.875064253871543940e+01
4.675160039062500346e+02,-6.864748800387003769e+01
4.675162968750000232e+02,-6.877061109706554021e+01
4.675165898437500118e+02,-7.018099467793325630e+01
4.675168828125000005e+02,-7.411099878677428876e+01
4.675171757812499891e+02,-8.059517370359000665e+01
4.675174687500000346e+02,-7.873106391094916034e+01
4.675177617187500232e+02,-8.344694953826822825e+01
4.675180546875000118e+02,-8.498250874492386231e+01
4.675183476562500005e+02,-7.644824401338544817e+01
4.675186406249999891e+02,-7.216974186616572240e+01
4.675189335937500346e+02,-7.504438531513770272e+01
4.675192265625000232e+02,-8.737267882980708578e+01
4.675195195312500118e+02,-7.345258650781528331e+01
4.675198125000000005e+02,-7.242276180937450647e+01
4.675201054687499891e+02,-8.397370069410314386e+01
4.675203984375000346e+02,-7.749796719208431739e+01
4.675206914062500232e+02,-7.502746971008821220e+01
4.675209843750000118e+02,-7.614176239593669493e+01
4.675212773437500005e+02,-7.515598646106259650e+01
4.675215703124999891e+02,-7.665560867409844548e+01
4.675218632812500346e+02,-7.096934630475935535e+01
4.675221562500000232e+02,-7.127397100781516315e+01
4.675224492187500118e+02,-7.470316822036832605e+01
4.675227421875000005e+02,-8.214510462548453518e+01
4.675230351562499891e+02,-7.637631500542278218e+01
4.675233281250000346e+02,-7.149881819140921380e+01
4.675236210937500232e+02,-7.469820212293660688e+01
4.675239140625000118e+02,-7.472131510083160322e+01
4.675242070312500005e+02,-6.953349846082473107e+01
4.675244999999999891e+02,-6.982858176195848898e+01
4.675247929687500346e+02,-7.226156838291598206e+01
4.675250859375000232e+02,-7.672601777888243646e+01
4.675253789062500118e+02,-7.055578032906203134e+01
4.675256718750000005e+02,-7.293988663980327658e+01
4.675259648437499891e+02,-8.497151317099041989e+01
4.675262578125000346e+02,-6.153075534580259642e+01
4.675265507812500232e+02,-4.927105209261151231e+01
4.675268437500000118e+02,-5.223407186695335724e+01
4.675271367187500005e+02,-8.252527250739268538e+01
4.675274296874999891e+02,-8.352193002819845447e+01
4.675277226562500346e+02,-6.960705739485185006e+01
4.675280156250000232e+02,-7.562195401242763637e+01
4.675283085937500118e+02,-7.588950936473915476e+01
4.675286015625000005e+02,-7.305613138719284905e+01
4.675288945312499891e+02,-9.263512933746477529e+01
4.675291875000000346e+02,-7.505101825900860035e+01
4.675294804687500232e+02,-7.272298617668045040e+01
4.675297734375000118e+02,-6.647365703480110710e+01
4.675300664062500005e+02,-6.000094873172244547e+01
4.675303593749999891e+02,-6.471827510138754747e+01
4.675306523437500346e+02,-7.039302735605454586e+01
4.675309453125000232e+02,-7.157913664222392924e+01
4.675312382812500118e+02,-7.159803270075823889e+01
4.675315312500000005e+02,-7.153546789406786388e+01
4.675318242187499891e+02,-7.723686112015693084e+01
4.675321171875000346e+02,-8.219473988934149133e+01
4.675324101562500232e+02,-7.870439495151116205e+01
4.675327031250000118e+02,-7.774854788351169077e+01
4.675329960937500005e+02,-7.658333542415681450e+01
4.675332890624999891e+02,-7.712424511936748672e+01
4.675335820312500346e+02,-7.043238337932896798e+01
4.675338750000000232e+02,-7.332825216779883704e+01
4.675341679687500118e+02,-8.293408635828373576e+01
4.675344609375000005e+02,-7.704701141896977390e+01
4.675347539062499891e+02,-7.122171194460962340e+01
4.675350468750000346e+02,-6.878564492244235851e+01
4.675353398437500232e+02,-7.311465279911688242e+01
4.675356328125000118e+02,-7.619005095106297176e+01
4.675359257812500005e+02,-6.903948127973019666e+01
4.675362187499999891e+02,-7.496934759980790375e+01
4.675365117187500346e+02,-7.292399924733459216e+01
4.675368046875000232e+02,-1.030549159063085085e+02
4.675370976562500118e+02,-7.079977066969148325e+01
4.675373906250000005e+02,-6.984824420365124809e+01
4.675376835937499891e+02,-7.907409653244472736e+01
4.675379765625000346e+02,-8.140453692519477613e+01
4.675382695312500232e+02,-8.149504038839199893e+01
4.675385625000000118e+02,-7.735969310102058216e+01
4.675388554687500005e+02,-7.617372878596340513e+01
4.675391484374999891e+02,-7.753941964949937926e+01
4.675394414062500346e+02,-8.805402289032512897e+01
4.675397343750000232e+02,-7.491617441715203540e+01
4.675400273437500118e+02,-6.775856203538531020e+01
4.675403203125000005e+02,-6.778295168190437892e+01
4.675406132812499891e+02,-7.671896491698210241e+01
4.675409062500000346e+02,-7.501146737614720905e+01
4.675411992187500232e+02,-9.035284277488374016e+01
4.675414921875000118e+02,-7.285248880284440531e+01
4.675417851562500005e+02,-6.687645906213995772e+01
4.675420781249999891e+02,-8.168987055537742492e+01
4.675423710937500346e+02,-6.887210721582400197e+01
4.675426640625000232e+02,-7.024622199741230588e+01
4.675429570312500118e+02,-8.621691097182360863e+01
4.675432500000000005e+02,-7.539215587175304734e+01
4.675435429687499891e+02,-6.464179595707422266e+01
4.675438359375000346e+02,-6.694352761833353327e+01
4.675441289062500232e+02,-7.491329122118038697e+01
4.675444218750000118e+02,-7.867282596309766518e+01
4.675447148437500005e+02,-7.812818161236069159e+01
4.675450078124999891e+02,-7.583816911509858016e+01
4.675453007812500346e+02,-7.821367535922840375e+01
4.675455937500000232e+02,-7.071249250527904451e+01
4.675458867187500118e+02,-7.080602270244366991e+01
4.675461796875000005e+02,-6.949913026738779820e+01
4.675464726562499891e+02,-6.802191501654264982e+01
4.675467656250000346e+02,-8.085185092471417079e+01
4.675470585937500232e+02,-7.866105229494142748e+01
4.675473515625000118e+02,-7.203425394758185973e+01
4.675476445312500005e+02,-6.756950218287649079e+01
4.675479374999999891e+02,-6.750646047262270599e+01
4.675482304687500346e+02,-7.141253696036855558e+01
4.675485234375000232e+02,-7.128672251354105072e+01
4.675488164062500118e+02,-6.820327981162030540e+01
4.675491093750000005e+02,-6.980383907054607562e+01
4.675494023437499891e+02,-7.224389713170212701e+01
4.675496953125000346e+02,-7.671250589078415771e+01
4.675499882812500232e+02,-8.298279210533411288e+01
4.675502812500000118e+02,-7.695002995361285514e+01
4.675505742187500005e+02,-7.107317509469005756e+01
4.675508671874999891e+02,-7.261672529205611681e+01
4.675511601562500346e+02,-6.835330592889378920e+01
4.675514531250000232e+02,-6.700512327182272543e+01
4.675517460937500118e+02,-6.650035020926908658e+01
4.675520390625000005e+02,-6.477926103782790790e+01
4.675523320312499891e+02,-6.906209662984716147e+01
4.675526250000000346e+02,-7.294487200189126952e+01
4.675529179687500232e+02,-6.956335286340183188e+01
4.675532109375000118e+02,-6.709256125677489990e+01
4.675535039062500005e+02,-6.745780614568377587e+01
4.675537968749999891e+02,-7.129378436682137021e+01
4.675540898437500346e+02,-7.353657527052519072e+01
4.675543828125000232e+02,-6.349960346105308417e+01
4.675546757812500118e+02,-6.478489184856405814e+01
4.675549687500000005e+02,-7.632521762935071763e+01
4.675552617187499891e+02,-8.683221716459208039e+01
4.675555546875000346e+02,-7.065630294236446218e+01
4.675558476562500232e+02,-6.830555724012369012e+01
4.675561406250000118e+02,-6.845827709867481303e+01
4.675564335937500005e+02,-6.936469045730757443e+01
4.675567265624999891e+02,-7.135171229916065272e+01
4.675570195312500346e+02,-6.696483898687797875e+01
4.675573125000000232e+02,-7.133389441516064267e+01
4.675576054687500118e+02,-6.528666804214429931e+01
4.675578984375000005e+02,-7.647145979612398037e+01
4.675581914062499891e+02,-6.813346057274149814e+01
4.675584843750000346e+02,-7.216821477798119133e+01
4.675587773437500232e+02,-6.752659164209261178e+01
4.675590703125000118e+02,-8.093640542280672889e+01
4.675593632812500005e+02,-7.279564017415233934e+01
4.675596562499999891e+02,-6.633585909309074680e+01
4.675599492187500346e+02,-7.172536259240300183e+01
4.675602421875000232e+02,-6.692821703581456916e+01
4.675605351562500118e+02,-6.995975007601475681e+01
4.675608281250000005e+02,-6.789429589512151608e+01
4.675611210937499891e+02,-7.587411182781247021e+01
4.675614140625000346e+02,-6.564203708632673795e+01
4.675617070312500232e+02,-6.428653712201978010e+01
4.675620000000000118e+02,-7.043862680492007655e+01
4.675622929687500005e+02,-7.257696111202247380e+01
4.675625859374999891e+02,-7.005624074241765697e+01
4.675628789062500346e+02,-6.605900435794700343e+01
4.675631718750000232e+02,-6.183007461048440234e+01
4.675634648437500118e+02,-6.722560783022213116e+01
4.675637578125000005e+02,-7.020636533739818219e+01
4.675640507812499891e+02,-6.988265871705415577e+01
4.675643437500000346e+02,-7.486526544394395444e+01
4.675646367187500232e+02,-7.009402153515182476e+01
4.675649296875000118e+02,-7.232440388684207733e+01
4.675652226562500005e+02,-7.565301661119021048e+01
4.675655156249999891e+02,-6.348456882455667483e+01
4.675658085937500346e+02,-6.762935340258999872e+01
4.675661015625000232e+02,-6.622771645397850193e+01
4.675663945312500118e+02,-6.368263482530973363e+01
4.675666875000000005e+02,-7.393250709663627163e+01
4.675669804687499891e+02,-7.275143782813401572e+01
4.675672734375000346e+02,-7.755503022775796751e+01
4.675675664062500232e+02,-8.207815694112764504e+01
4.675678593750000118e+02,-7.949088254191501335e+01
4.675681523437500005e+02,-6.756386611264670705e+01
4.675684453124999891e+02,-6.489760081540644876e+01
4.675687382812500346e+02,-7.801183365247764812e+01
4.675690312500000232e+02,-7.673090808849833877e+01
4.675693242187500118e+02,-7.668165430646516256e+01
4.675696171875000005e+02,-7.238417775247883412e+01
4.675699101562499891e+02,-7.535785994630245455e+01
4.675702031250000346e+02,-8.002582838084771311e+01
4.675704960937500232e+02,-7.498665807675847361e+01
4.675707890625000118e+02,-6.713982762448574704e+01
4.675710820312500005e+02,-6.911193885116098556e+01
4.675713749999999891e+02,-6.134070179817452839e+01
4.675716679687500346e+02,-6.305988524236557424e+01
4.675719609375000232e+02,-7.080941929047290273e+01
4.675722539062500118e+02,-6.914090779944817200e+01
4.675725468750000005e+02,-6.720882103728781942e+01
4.675728398437499891e+02,-6.613659522003277402e+01
4.675731328125000346e+02,-6.566323237009551406e+01
4.675734257812500232e+02,-7.540473089286641084e+01
4.675737187500000118e+02,-6.403958945609545594e+01
4.675740117187500005e+02,-7.567144884530213744e+01
4.675743046874999891e+02,-8.864374391783715623e+01
4.675745976562500346e+02,-6.964221105055889893e+01
4.675748906250000232e+02,-6.211908233650009947e+01
4.675751835937500118e+02,-6.629564496482086611e+01
4.675754765625000005e+02,-8.700443139306955231e+01
4.675757695312499891e+02,-6.726402810323853032e+01
4.675760625000000346e+02,-8.086303092062378539e+01
4.675763554687500232e+02,-7.974324717252642358e+01
4.675766484375000118e+02,-7.290026417651969837e+01
4.675769414062500005e+02,-6.916818580542232553e+01
4.675772343749999891e+02,-7.134820753403816695e+01
4.675775273437500346e+02,-6.959543924474070309e+01
4.675778203125000232e+02,-6.411252826079029887e+01
4.675781132812500118e+02,-5.951574160909718358e+01
4.675784062500000005e+02,-5.937150493848712074e+01
4.675786992187499891e+02,-6.319096074905782245e+01
4.675789921875000346e+02,-7.363946330212539237e+01
4.675792851562500232e+02,-7.268272016250948298e+01
4.675795781250000118e+02,-6.204115211156141640e+01
4.675798710937500005e+02,-6.670873360225581905e+01
4.675801640624999891e+02,-5.926686444023885514e+01
4.675804570312500346e+02,-6.430525107817389596e+01
4.675807500000000232e+02,-7.515950548323500868e+01
4.675810429687500118e+02,-7.724647502560836188e+01
4.675813359375000005e+02,-6.988067223508420511e+01
4.675816289062499891e+02,-6.489143506719544519e+01
4.675819218750000346e+02,-6.270562703690978168e+01
4.675822148437500232e+02,-6.396981411744499013e+01
4.675825078125000118e+02,-7.059559602982935189e+01
4.675828007812500005e+02,-6.747702474451057242e+01
4.675830937499999891e+02,-8.143695581658199956e+01
4.675833867187500346e+02,-7.515701620684058071e+01
4.675836796875000232e+02,-7.611206134648897148e+01
4.675839726562500118e+02,-6.503036558088703600e+01
4.675842656250000005e+02,-8.367274209827803588e+01
4.675845585937499891e+02,-6.790953589509038579e+01
4.675848515625000346e+02,-6.353599823408877256e+01
4.675851445312500232e+02,-5.286047311604772148e+01
4.675854375000000118e+02,-4.668124159179751587e+01
4.675857304687500005e+02,-5.442687155013726397e+01
4.675860234374999891e+02,-7.143074222769487847e+01
4.675863164062500346e+02,-7.175560702325921625e+01
4.675866093750000232e+02,-6.997262313142505263e+01
4.675869023437500118e+02,-7.823882930943128144e+01
4.675871953125000005e+02,-6.586237303134747378e+01
4.675874882812499891e+02,-7.033593915888660320e+01
4.675877812500000346e+02,-7.256188749185581344e+01
4.675880742187500232e+02,-7.090715181548824830e+01
4.675883671875000118e+02,-5.256639261621933201e+01
4.675886601562500005e+02,-3.221376854090919295e+01
4.675889531249999891e+02,-3.031543318801475451e+01
4.675892460937500346e+02,-4.442135367006804358e+01
4.675895390625000232e+02,-7.109918566184526867e+01
4.675898320312500118e+02,-7.323860260265007582e+01
4.675901250000000005e+02,-7.080992003855523365e+01
4.675904179687499891e+02,-7.165500512300282310e+01
4.675907109375000346e+02,-6.455432266843887135e+01
4.675910039062500232e+02,-7.786466028773919845e+01
4.675912968750000118e+02,-6.845096543603682449e+01
4.675915898437500005e+02,-7.569773578531689395e+01
4.675918828124999891e+02,-6.135940763699232292e+01
4.675921757812500346e+02,-4.841281743256711678e+01
4.675924687500000232e+02,-5.084398978923242396e+01
4.675927617187500118e+02,-7.102870158662517497e+01
4.675930546875000005e+02,-6.700323686881321805e+01
4.675933476562499891e+02,-7.284475976149978749e+01
4.675936406250000346e+02,-6.572188968078792470e+01
4.675939335937500232e+02,-6.610752523308617867e+01
4.675942265625000118e+02,-6.949900137837680347e+01
4.675945195312500005e+02,-7.036641199504263966e+01
4.675948124999999891e+02,-7.791621762387789829e+01
4.675951054687500346e+02,-7.869751242287172488e+01
4.675953984375000232e+02,-6.787806381670554856e+01
4.675956914062500118e+02,-5.935494847264681084e+01
4.675959843750000005e+02,-6.584835306940847488e+01
4.675962773437499891e+02,-6.756187153211565999e+01
4.675965703125000346e+02,-6.902275464202578803e+01
4.675968632812500232e+02,-7.686618547443983118e+01
4.675971562500000118e+02,-7.258041373539012397e+01
4.675974492187500005e+02,-6.220828464974655247e+01
4.675977421874999891e+02,-6.506072894210046798e+01
4.675980351562500346e+02,-6.175328448026854034e+01
4.675983281250000232e+02,-7.390254375851985458e+01
4.675986210937500118e+02,-7.162715764941472685e+01
4.675989140625000005e+02,-6.538568906874039044e+01
4.675992070312499891e+02,-5.970014637277501635e+01
4.675995000000000346e+02,-5.867106370158634832e+01
4.675997929687500232e+02,-6.066977384825026576e+01
4.676000859375000118e+02,-7.155202669764912571e+01
4.676003789062500005e+02,-6.902701842709348057e+01
4.676006718749999891e+02,-6.475104481087055319e+01
4.676009648437500346e+02,-6.800941617080911783e+01
4.676012578125000232e+02,-7.942200688560721744e+01
4.676015507812500118e+02,-7.281596312103091861e+01
4.676018437500000005e+02,-6.810687884874242570e+01
4.676021367187499891e+02,-7.673550783386683349e+01
4.676024296875000346e+02,-7.596321116362577186e+01
4.676027226562500232e+02,-6.303871052530769958e+01
4.676030156250000118e+02,-6.703357449241234178e+01
4.676033085937500005e+02,-7.615488847160607122e+01
4.676036015624999891e+02,-7.939825016822557302e+01
4.676038945312500346e+02,-6.526544512691414468e+01
4.676041875000000232e+02,-7.155901801202084300e+01
4.676044804687500118e+02,-6.242391461850339596e+01
4.676047734375000005e+02,-6.419563482605396132e+01
4.676050664062499891e+02,-6.779700134795891131e+01
4.676053593750000346e+02,-6.666594995302999394e+01
4.676056523437500232e+02,-7.198222189163706730e+01
4.676059453125000118e+02,-6.917295925318555305e+01
4.676062382812500005e+02,-6.257428799821519760e+01
4.676065312499999891e+02,-7.562344877866733839e+01
4.676068242187500346e+02,-6.834352355923023481e+01
4.676071171875000232e+02,-8.304987731918112104e+01
4.676074101562500118e+02,-7.329726734054675319e+01
4.676077031250000005e+02,-6.793097122691045797e+01
4.676079960937499891e+02,-7.374910513548245206e+01
4.676082890625000346e+02,-7.841978169527254749e+01
4.676085820312500232e+02,-7.587947584627163167e+01
4.676088750000000118e+02,-7.219015437888164399e+01
4.676091679687500005e+02,-6.638328520309262615e+01
4.676094609374999891e+02,-6.444459733813162927e+01
4.676097539062500346e+02,-7.360008108911574709e+01
4.676100468750000232e+02,-8.671505767604564596e+01
4.676103398437500118e+02,-7.716582983990096523e+01
4.676106328125000005e+02,-7.416447894867333446e+01
4.676109257812499891e+02,-6.871750221634574984e+01
4.676112187500000346e+02,-6.804929880358764649e+01
4.676115117187500232e+02,-6.855837625142812897e+01
4.676118046875000118e+02,-6.876573964660211402e+01
4.676120976562500005e+02,-6.359339591463226071e+01
4.676123906249999891e+02,-7.342327281014870266e+01
4.676126835937500346e+02,-7.318540060557933202e+01
4.676129765625000232e+02,-6.860279977275810381e+01
4.676132695312500118e+02,-7.292382622135869497e+01
4.676135625000000005e+02,-7.555332300451054550e+01
4.676138554687499891e+02,-7.369362875396912216e+01
4.676141484375000346e+02,-6.982856988310533097e+01
4.676144414062500232e+02,-6.161118301952611631e+01
4.676147343750000118e+02,-6.479532629975345515e+01
4.676150273437500005e+02,-7.166809482435091638e+01
4.676153203124999891e+02,-7.445628209344407367e+01
4.676156132812500346e+02,-7.327118218403269623e+01
4.676159062500000232e+02,-6.753011525666713055e+01
4.676161992187500118e+02,-6.729919298138075590e+01
4.676164921875000005e+02,-7.628077511402720745e+01
4.676167851562499891e+02,-6.728112707124370218e+01
4.676170781250000346e+02,-6.922005814217045838e+01
4.676173710937500232e+02,-6.812878252821573710e+01
4.676176640625000118e+02,-6.890511036864717198e+01
4.676179570312500005e+02,-6.617851706600335149e+01
4.676182499999999891e+02,-7.244500063285971692e+01
4.676185429687500346e+02,-7.072594177252338454e+01
4.676188359375000232e+02,-6.954443327213769521e+01
4.676191289062500118e+02,-6.923413996478765853e+01
4.676194218750000005e+02,-6.790474948678063072e+01
4.676197148437499891e+02,-7.462206396319386670e+01
4.676200078125000346e+02,-7.771914264996536303e+01
4.676203007812500232e+02,-7.853683644583968260e+01
4.676205937500000118e+02,-7.260588327142521337e+01
4.676208867187500005e+02,-7.457965918700718078e+01
4.676211796874999891e+02,-6.953804176003360737e+01
4.676214726562500346e+02,-6.596775617654300561e+01
4.676217656250000232e+02,-7.325306969770744558e+01
4.676220585937500118e+02,-6.774386971666461932e+01
4.676223515625000005e+02,-7.408747198466799944e+01
4.676226445312499891e+02,-7.605580994875684553e+01
4.676229375000000346e+02,-6.672303200880479324e+01
4.676232304687500232e+02,-6.255364132227855123e+01
4.676235234375000118e+02,-6.981416681614136621e+01
4.676238164062500005e+02,-7.607002404674744866e+01
4.676241093749999891e+02,-7.837474166861498759e+01
4.676244023437500346e+02,-6.915427145463721104e+01
4.676246953125000232e+02,-7.024574639592329106e+01
4.676249882812500118e+02,-6.752726595293668765e+01
4.676252812500000005e+02,-6.639767312539773059e+01
4.676255742187499891e+02,-6.369290675624331755e+01
4.676258671875000346e+02,-6.499489653476040019e+01
4.676261601562500232e+02,-6.815742208414090442e+01
4.676264531250000118e+02,-6.478356246911586425e+01
4.676267460937500005e+02,-6.735664540435423930e+01
4.676270390624999891e+02,-7.721863312035527827e+01
4.676273320312500346e+02,-7.638213763207266993e+01
4.676276250000000232e+02,-7.402605198480323168e+01
4.676279179687500118e+02,-7.711199934856500704e+01
4.676282109375000005e+02,-7.021845632928398118e+01
4.676285039062499891e+02,-7.139495877405290969e+01
4.676287968750000346e+02,-6.641250513184266424e+01
4.676290898437500232e+02,-6.900591978122625392e+01
4.676293828125000118e+02,-7.563754853521218990e+01
4.676296757812500005e+02,-7.501420042716887338e+01
4.676299687499999891e+02,-7.893334627230511558e+01
4.676302617187500346e+02,-7.653192158863056704e+01
4.676305546875000232e+02,-6.851637670741689590e+01
4.676308476562500118e+02,-7.242945684928439221e+01
4.676311406250000005e+02,-6.863855386354725852e+01
4.676314335937499891e+02,-6.989974631641898384e+01
4.676317265625000346e+02,-7.386165630750627997e+01
4.676320195312500232e+02,-6.785687452169580069e+01
4.676323125000000118e+02,-7.489078967846744206e+01
4.676326054687500005e+02,-8.177565598736713071e+01
4.676328984374999891e+02,-8.149402037553825551e+01
4.676331914062500346e+02,-9.039068652752361288e+01
4.676334843750000232e+02,-8.099430254440576959e+01
4.676337773437500118e+02,-8.096443656747274531e+01
4.676340703125000005e+02,-7.219907514032138351e+01
4.676343632812499891e+02,-7.878932973859120636e+01
4.676346562500000346e+02,-7.597172497844735517e+01
4.676349492187500232e+02,-7.698011751192265706e+01
4.676352421875000118e+02,-6.884358085053642640e+01
4.676355351562500005e+02,-7.370169663910191105e+01
4.676358281249999891e+02,-6.959371434907902199e+01
4.676361210937500346e+02,-7.123664651814837612e+01
4.676364140625000232e+02,-8.278843970508661698e+01
4.676367070312500118e+02,-7.056743745076772711e+01
4.676370000000000005e+02,-7.248055070938336542e+01
4.676372929687499891e+02,-7.572782755329947690e+01
4.676375859375000346e+02,-7.625842164609177587e+01
4.676378789062500232e+02,-7.756229714286011756e+01
4.676381718750000118e+02,-8.349804834948641030e+01
4.676384648437500005e+02,-8.132114641819831036e+01
4.676387578124999891e+02,-8.092863675322318784e+01
4.676390507812500346e+02,-7.496861860676996514e+01
4.676393437500000232e+02,-7.821658615223313404e+01
4.676396367187500118e+02,-7.662885744419902778e+01
4.676399296875000005e+02,-8.715016830962967731e+01
4.676402226562499891e+02,-7.834661757608313337e+01
4.676405156250000346e+02,-7.742240077994358671e+01
4.676408085937500232e+02,-7.726121772896004813e+01
4.676411015625000118e+02,-7.938507158577743894e+01
4.676413945312500005e+02,-7.494675164248238275e+01
4.676416874999999891e+02,-8.458555459476852434e+01
4.676419804687500346e+02,-7.593918699387677407e+01
4.676422734375000232e+02,-8.076584848606719902e+01
4.676425664062500118e+02,-7.324139388721606281e+01
4.676428593750000005e+02,-7.312491876195772988e+01
4.676431523437499891e+02,-9.422566490280460982e+01
4.676434453125000346e+02,-7.702852672635373210e+01
4.676437382812500232e+02,-7.223244981492152306e+01
4.676440312500000118e+02,-7.499081090611161926e+01
4.676443242187500005e+02,-7.826937233859808885e+01
4.676446171874999891e+02,-7.616250037495481706e+01
4.676449101562500346e+02,-7.817393304050344227e+01
4.676452031250000232e+02,-7.932585345347041539e+01
4.676454960937500118e+02,-7.987584245898125346e+01
4.676457890625000005e+02,-7.904023326736614763e+01
4.676460820312499891e+02,-7.547841796195818631e+01
4.676463750000000346e+02,-7.164525751236041629e+01
4.676466679687500232e+02,-7.363404501484045284e+01
4.676469609375000118e+02,-7.624458023216743641e+01
4.676472539062500005e+02,-7.526852393766168348e+01
4.676475468749999891e+02,-7.914056247598955451e+01
4.676478398437500346e+02,-9.427158059528906620e+01
4.676481328125000232e+02,-7.580017942226426442e+01
4.676484257812500118e+02,-7.364535574985896460e+01
4.676487187500000005e+02,-8.107510836127359255e+01
4.676490117187499891e+02,-7.507452939125255398e+01
4.676493046875000346e+02,-7.074190017104952233e+01
4.676495976562500232e+02,-8.877874475769893081e+01
4.676498906250000118e+02,-7.312788983876754401e+01
4.676501835937500005e+02,-7.443009403752363085e+01
4.676504765624999891e+02,-7.560474049167761734e+01
4.676507695312500346e+02,-5.606617164547436971e+01
4.676510625000000232e+02,-4.879373298684075877e+01
4.676513554687500118e+02,-5.658982701935734383e+01
4.676516484375000005e+02,-8.073571700840560084e+01
4.676519414062499891e+02,-7.637727375736399438e+01
4.676522343750000346e+02,-7.648027141888279345e+01
4.676525273437500232e+02,-8.181868640144404026e+01
4.676528203125000118e+02,-8.058831975616357113e+01
4.676531132812500005e+02,-7.416640236078491455e+01
4.676534062499999891e+02,-7.333808412745358396e+01
4.676536992187500346e+02,-7.608990112568999109e+01
4.676539921875000232e+02,-7.193531075058885449e+01
4.676542851562500118e+02,-6.128687233418077795e+01
4.676545781250000005e+02,-5.979529041402856393e+01
4.676548710937499891e+02,-6.618675828968446240e+01
4.676551640625000346e+02,-7.156189002141448441e+01
4.676554570312500232e+02,-7.544345878453641774e+01
4.676557500000000118e+02,-7.195213800299760010e+01
4.676560429687500005e+02,-7.415875270837582889e+01
4.676563359374999891e+02,-7.347908993602776206e+01
4.676566289062500346e+02,-7.497707849463898810e+01
4.676569218750000232e+02,-8.053386876951782369e+01
4.676572148437500118e+02,-7.631340149907427417e+01
4.676575078125000005e+02,-7.660767866964876305e+01
4.676578007812499891e+02,-7.284600378854538860e+01
4.676580937500000346e+02,-7.370301141601437678e+01
4.676583867187500232e+02,-8.897454100570165281e+01
4.676586796875000118e+02,-8.004838668470817709e+01
4.676589726562500005e+02,-7.427100195834022145e+01
4.676592656249999891e+02,-7.749489618508940225e+01
4.676595585937500346e+02,-8.111227329566361277e+01
4.676598515625000232e+02,-8.078877458339175632e+01
4.676601445312500118e+02,-7.543199613959247074e+01
4.676604375000000005e+02,-7.163895302270597654e+01
4.676607304687499891e+02,-8.218646246841279890e+01
4.676610234375000346e+02,-7.799718602704524528e+01
4.676613164062500232e+02,-7.203757205789678153e+01
4.676616093750000118e+02,-7.832099377188008305e+01
4.676619023437500005e+02,-7.943249194813463987e+01
4.676621953124999891e+02,-7.995815293830652593e+01
4.676624882812500346e+02,-8.027597189265398470e+01
4.676627812500000232e+02,-7.771729959231132057e+01
4.676630742187500118e+02,-7.451156290214331079e+01
4.676633671875000005e+02,-7.577558005705941468e+01
4.676636601562499891e+02,-7.813891498614572129e+01
4.676639531250000346e+02,-8.693033819141373897e+01
4.676642460937500232e+02,-7.377345532556137186e+01
4.676645390625000118e+02,-7.152030014237180922e+01
4.676648320312500005e+02,-7.236270864232596978e+01
4.676651249999999891e+02,-7.852458230514845638e+01
4.676654179687500346e+02,-9.536006322676227853e+01
4.676657109375000232e+02,-8.203108954566371835e+01
4.676660039062500118e+02,-8.689510941774499031e+01
4.676662968750000005e+02,-7.974807378694143267e+01
4.676665898437499891e+02,-7.626365564370786387e+01
4.676668828125000346e+02,-7.783139320422789353e+01
4.676671757812500232e+02,-7.773225962133750500e+01
4.676674687500000118e+02,-8.861897648237059855e+01
4.676677617187500005e+02,-7.818407450451682905e+01
4.676680546874999891e+02,-8.790919101232867661e+01
4.676683476562500346e+02,-7.423752398614178105e+01
4.676686406250000232e+02,-7.787537601393617592e+01
4.676689335937500118e+02,-7.159275725748238983e+01
4.676692265625000005e+02,-7.872175578669140350e+01
4.676695195312499891e+02,-7.039398263876451267e+01
4.676698125000000346e+02,-7.721034264271878556e+01
4.676701054687500232e+02,-8.538380921623445374e+01
4.676703984375000118e+02,-9.742023020500658959e+01
4.676706914062500005e+02,-8.194653985278506525e+01
4.676709843749999891e+02,-7.861360707935325820e+01
4.676712773437500346e+02,-7.609600896564110428e+01
4.676715703125000232e+02,-7.868881416798942041e+01
4.676718632812500118e+02,-8.068403510328494121e+01
4.676721562500000005e+02,-8.206972227275420551e+01
4.676724492187499891e+02,-8.161808778037234902e+01
4.676727421875000346e+02,-7.557836439274001350e+01
4.676730351562500232e+02,-8.439292849431360821e+01
4.676733281250000118e+02,-8.679796074246419835e+01
4.676736210937500005e+02,-7.768121135027146806e+01
4.676739140624999891e+02,-8.135941768983103373e+01
4.676742070312500346e+02,-7.515472060135498111e+01
4.676745000000000232e+02,-8.000365244080462901e+01
4.676747929687500118e+02,-7.524347252158521826e+01
4.676750859375000005e+02,-8.281889960230566317e+01
4.676753789062499891e+02,-8.100202361673663631e+01
4.676756718750000346e+02,-9.399938925452536864e+01
4.676759648437500232e+02,-8.518272394394952585e+01
4.676762578125000118e+02,-7.817353909164674519e+01
4.676765507812500005e+02,-8.118992085797134450e+01
4.676768437499999891e+02,-8.191792543165392715e+01
4.676771367187500346e+02,-7.609465682299824607e+01
4.676774296875000232e+02,-7.582802879772665960e+01
4.676777226562500118e+02,-9.267435674871741469e+01
4.676780156250000005e+02,-8.155492687792030893e+01
4.676783085937499891e+02,-8.928231961807674111e+01
4.676786015625000346e+02,-7.821830336952362472e+01
4.676788945312500232e+02,-7.708384316955763893e+01
4.676791875000000118e+02,-8.352760058375450569e+01
4.676794804687500005e+02,-7.643944988149772257e+01
4.676797734374999891e+02,-7.908093631734274709e+01
4.676800664062500346e+02,-9.608313309492038456e+01
4.676803593750000232e+02,-8.557300207724942709e+01
4.676806523437500118e+02,-7.891958349333040701e+01
4.676809453125000005e+02,-7.839394432886028596e+01
4.676812382812499891e+02,-8.138525531063834251e+01
4.676815312500000346e+02,-8.006856670930069697e+01
4.676818242187500232e+02,-7.924761778058274331e+01
4.676821171875000118e+02,-7.647831396677041482e+01
4.676824101562500005e+02,-7.507228964526109394e+01
4.676827031249999891e+02,-8.224421329913909062e+01
4.676829960937500346e+02,-8.407276995117116769e+01
4.676832890625000232e+02,-7.785000222779979140e+01
4.676835820312500118e+02,-9.905897801463540020e+01
4.676838750000000005e+02,-7.854761705169045172e+01
4.676841679687499891e+02,-8.921281238772070310e+01
4.676844609375000346e+02,-7.686815054856299412e+01
4.676847539062500232e+02,-7.943520237795100059e+01
4.676850468750000118e+02,-7.823338784209167329e+01
4.676853398437500005e+02,-7.557969425562430388e+01
4.676856328124999891e+02,-7.727947653167328212e+01
4.676859257812500346e+02,-8.218741437437657282e+01
4.676862187500000232e+02,-7.720472416846335761e+01
4.676865117187500118e+02,-9.001230773768557469e+01
4.676868046875000005e+02,-7.096074027047646382e+01
4.676870976562499891e+02,-7.066561292436004749e+01
4.676873906250000346e+02,-8.023695393295892586e+01
4.676876835937500232e+02,-8.501626083431906977e+01
4.676879765625000118e+02,-8.189994780580164502e+01
4.676882695312500005e+02,-7.328564455800518829e+01
4.676885624999999891e+02,-7.538246892607965322e+01
4.676888554687500346e+02,-8.076301025875743278e+01
4.676891484375000232e+02,-7.870113270626117696e+01
4.676894414062500118e+02,-7.350206557676052910e+01
4.676897343750000005e+02,-7.438796057810469620e+01
4.676900273437499891e+02,-7.360084626672174579e+01
4.676903203125000346e+02,-7.239649555896993149e+01
4.676906132812500232e+02,-7.896561167747002230e+01
4.676909062500000118e+02,-7.274308120223105334e+01
4.676911992187500005e+02,-7.327373510064376205e+01
4.676914921874999891e+02,-7.706620827919863359e+01
4.676917851562500346e+02,-8.357986034612142134e+01
4.676920781250000232e+02,-8.239018331480667712e+01
4.676923710937500118e+02,-7.625959628858085182e+01
4.676926640625000005e+02,-7.144021933654653367e+01
4.676929570312499891e+02,-7.009228988606757582e+01
4.676932500000000346e+02,-8.784413303786581650e+01
4.676935429687500232e+02,-8.603557490368272909e+01
4.676938359375000118e+02,-7.727895036120015959e+01
4.676941289062500005e+02,-7.850877789933277029e+01
4.676944218749999891e+02,-7.964678876280017050e+01
4.676947148437500346e+02,-8.267518250873813201e+01
4.676950078125000232e+02,-8.189510857866221727e+01
4.676953007812500118e+02,-8.941058401617011953e+01
4.676955937500000005e+02,-7.985047850872155095e+01
4.676958867187499891e+02,-7.631776691010925617e+01
4.676961796875000346e+02,-7.444136667416489672e+01
4.676964726562500232e+02,-7.971602973573814666e+01
4.676967656250000118e+02,-8.921170457286717692e+01
4.676970585937500005e+02,-9.773949939603394910e+01
4.676973515624999891e+02,-7.654256893177137044e+01
4.676976445312500346e+02,-8.707076914719101524e+01
4.676979375000000232e+02,-8.440984792213444621e+01
4.676982304687500118e+02,-8.622232275209074714e+01
4.676985234375000005e+02,-9.666858190700773434e+01
4.676988164062499891e+02,-9.023478858034097527e+01
4.676991093750000346e+02,-7.997959904413289678e+01
4.676994023437500232e+02,-8.801102870459315852e+01
4.676996953125000118e+02,-7.463289401849738169e+01
4.676999882812500005e+02,-7.659311778865168208e+01
4.677002812499999891e+02,-8.882326057339557224e+01
4.677005742187500346e+02,-8.245326044894945028e+01
4.677008671875000232e+02,-8.414091924354397634e+01
4.677011601562500118e+02,-8.071855551957455077e+01
4.677014531250000005e+02,-7.636534058277574388e+01
4.677017460937499891e+02,-8.014465125332975504e+01
4.677020390625000346e+02,-8.227467525330749254e+01
4.677023320312500232e+02,-8.276909634770943569e+01
4.677026250000000118e+02,-8.291587843698407312e+01
4.677029179687500005e+02,-7.729946095147940355e+01
4.677032109374999891e+02,-8.425734676237757981e+01
4.677035039062500346e+02,-8.135563396677299863e+01
4.677037968750000232e+02,-8.793204188307095137e+01
4.677040898437500118e+02,-7.741125727809897228e+01
4.677043828125000005e+02,-1.036888163082952161e+02
4.677046757812499891e+02,-8.030010047634135617e+01
4.677049687500000346e+02,-8.418068117105114823e+01
4.677052617187500232e+02,-7.937306569466458939e+01
4.677055546875000118e+02,-8.535670942073136302e+01
4.677058476562500005e+02,-7.704995543277578918e+01
4.677061406249999891e+02,-7.312754753238890260e+01
4.677064335937500346e+02,-7.003429347087018186e+01
4.677067265625000232e+02,-7.508285646126930146e+01
4.677070195312500118e+02,-9.398591193682585754e+01
4.677073125000000005e+02,-7.904068435636389722e+01
4.677076054687499891e+02,-8.604985079224928768e+01
4.677078984375000346e+02,-7.449891200424279702e+01
4.677081914062500232e+02,-8.089551198546459432e+01
4.677084843750000118e+02,-8.851856609831435208e+01
4.677087773437500005e+02,-8.464573688177506483e+01
4.677090703124999891e+02,-8.083530055729960395e+01
4.677093632812500346e+02,-9.850203891682527058e+01
4.677096562500000232e+02,-8.567384070207624802e+01
4.677099492187500118e+02,-9.225294630048151134e+01
4.677102421875000005e+02,-7.719966461716127526e+01
4.677105351562499891e+02,-9.664844410212390358e+01
4.677108281250000346e+02,-7.989907785422711584e+01
4.677111210937500232e+02,-7.976453785069226399e+01
4.677114140625000118e+02,-8.117410765785064086e+01
4.677117070312500005e+02,-7.847171298879422352e+01
4.677119999999999891e+02,-8.377477482341564041e+01
4.677122929687500346e+02,-8.729212824704634954e+01
4.677125859375000232e+02,-8.266693882850695729e+01
4.677128789062500118e+02,-7.165404866486380797e+01
4.677131718750000005e+02,-6.324307897104532827e+01
4.677134648437499891e+02,-6.685307919235803809e+01
4.677137578125000346e+02,-8.489669466466605741e+01
4.677140507812500232e+02,-8.153775992501405767e+01
4.677143437500000118e+02,-8.173204232555788451e+01
4.677146367187500005e+02,-7.828877893615040762e+01
4.677149296874999891e+02,-7.964245674726294055e+01
4.677152226562500346e+02,-7.454853397860875930e+01
4.677155156250000232e+02,-7.636106387248189264e+01
4.677158085937500118e+02,-7.591382063735470354e+01
4.677161015625000005e+02,-7.647370923933797826e+01
4.677163945312499891e+02,-9.182877647350994721e+01
4.677166875000000346e+02,-8.313964431392072640e+01
4.677169804687500232e+02,-8.005353816187627558e+01
4.677172734375000118e+02,-8.218774611896604654e+01
4.677175664062500005e+02,-8.176686499496850047e+01
4.677178593749999891e+02,-9.099216876171308854e+01
4.677181523437500346e+02,-9.092326096942440472e+01
4.677184453125000232e+02,-8.290736277976972701e+01
4.677187382812500118e+02,-7.886563281858168750e+01
4.677190312500000005e+02,-9.242396535541651303e+01
4.677193242187499891e+02,-8.495190437933331395e+01
4.677196171875000346e+02,-8.504045868430559096e+01
4.677199101562500232e+02,-7.353446674857130461e+01
4.677202031250000118e+02,-7.376288479826135358e+01
4.677204960937500005e+02,-7.970831876721766207e+01
4.677207890624999891e+02,-9.832219056932778756e+01
4.677210820312500346e+02,-8.413111403285192580e+01
4.677213750000000232e+02,-7.937494449596890433e+01
4.677216679687500118e+02,-7.671011772065227774e+01
4.677219609375000005e+02,-7.841446984659613406e+01
4.677222539062499891e+02,-8.419148005106856658e+01
4.677225468750000346e+02,-8.957493057666219727e+01
4.677228398437500232e+02,-9.169897135585812009e+01
4.677231328125000118e+02,-8.807455046265891951e+01
4.677234257812500005e+02,-8.620293771160250174e+01
4.677237187499999891e+02,-8.510710941184713363e+01
4.677240117187500346e+02,-8.264583719560351938e+01
4.677243046875000232e+02,-9.236766363244734634e+01
4.677245976562500118e+02,-7.993470876823687377e+01
4.677248906250000005e+02,-7.900648119718485418e+01
4.677251835937499891e+02,-7.997083104611975557e+01
4.677254765625000346e+02,-7.572776188515318552e+01
4.677257695312500232e+02,-8.084211935029890128e+01
4.677260625000000118e+02,-8.959481958584369465e+01
4.677263554687500005e+02,-7.758793352208363103e+01
4.677266484374999891e+02,-8.366500718562434713e+01
4.677269414062500346e+02,-8.532405168722473832e+01
4.677272343750000232e+02,-7.854437269663164045e+01
4.677275273437500118e+02,-7.735493708433955362e+01
4.677278203125000005e+02,-9.565216261359019256e+01
4.677281132812499891e+02,-8.634033653910415751e+01
4.677284062500000346e+02,-9.716567754215660102e+01
4.677286992187500232e+02,-7.661123594490008770e+01
4.677289921875000118e+02,-7.625368259945420846e+01
4.677292851562500005e+02,-7.690484071953429179e+01
4.677295781249999891e+02,-8.072130457318874619e+01
4.677298710937500346e+02,-8.190833711590875055e+01
4.677301640625000232e+02,-7.787685505787314355e+01
4.677304570312500118e+02,-7.700656596119090125e+01
4.677307500000000005e+02,-7.994044764783561163e+01
4.677310429687499891e+02,-8.430358641276873755e+01
4.677313359375000346e+02,-7.728886810193458246e+01
4.677316289062500232e+02,-7.584398256408007910e+01
4.677319218750000118e+02,-8.636574287362731184e+01
4.677322148437500005e+02,-8.109918277624372251e+01
4.677325078124999891e+02,-9.064506237256054533e+01
4.677328007812500346e+02,-7.866151136929444476e+01
4.677330937500000232e+02,-7.548729522862834074e+01
4.677333867187500118e+02,-7.545457499249047828e+01
4.677336796875000005e+02,-7.940972979678232946e+01
4.677339726562499891e+02,-7.738371074312725284e+01
4.677342656250000346e+02,-7.748601831459519929e+01
4.677345585937500232e+02,-8.640293487712349929e+01
4.677348515625000118e+02,-8.818169427964086537e+01
4.677351445312500005e+02,-7.815968557152611140e+01
4.677354374999999891e+02,-8.212351771080003004e+01
4.677357304687500346e+02,-8.114660567552080295e+01
4.677360234375000232e+02,-8.559066272113676632e+01
4.677363164062500118e+02,-7.682361087403259603e+01
4.677366093750000005e+02,-7.917004082892970018e+01
4.677369023437499891e+02,-8.302005546154188664e+01
4.677371953125000346e+02,-8.318151605796246884e+01
4.677374882812500232e+02,-8.662700050283605435e+01
4.677377812500000118e+02,-8.463367673240837519e+01
4.677380742187500005e+02,-8.285932238313689879e+01
4.677383671874999891e+02,-8.002177462795370388e+01
4.677386601562500346e+02,-8.020697983825557742e+01
4.677389531250000232e+02,-8.099208879998981558e+01
4.677392460937500118e+02,-8.599799670143301000e+01
4.677395390625000005e+02,-8.259046707838231782e+01
4.677398320312499891e+02,-8.426473836194588785e+01
4.677401250000000346e+02,-8.549085229543821640e+01
4.677404179687500232e+02,-9.200632360233856843e+01
4.677407109375000118e+02,-8.591815117445166550e+01
4.677410039062500005e+02,-9.737285826774696318e+01
4.677412968749999891e+02,-7.964601059444389364e+01
4.677415898437500346e+02,-7.860906618424367309e+01
4.677418828125000232e+02,-8.553366603743191376e+01
4.677421757812500118e+02,-9.234077002254076660e+01
4.677424687500000005e+02,-8.290911364916509285e+01
4.677427617187499891e+02,-7.665302597087851666e+01
4.677430546875000346e+02,-7.577510037031041179e+01
4.677433476562500232e+02,-8.040788300183776016e+01
4.677436406250000118e+02,-7.825657070377198465e+01
4.677439335937500005e+02,-7.658383041113228273e+01
4.677442265624999891e+02,-9.163631417707813398e+01
4.677445195312500346e+02,-7.718353684217493083e+01
4.677448125000000232e+02,-8.446410806779029201e+01
4.677451054687500118e+02,-9.064815497584228865e+01
4.677453984375000005e+02,-8.563338244924585752e+01
4.677456914062499891e+02,-9.137071012274344639e+01
4.677459843750000346e+02,-8.775620719970549999e+01
4.677462773437500232e+02,-8.686122084023169521e+01
4.677465703125000118e+02,-7.760514879971925950e+01
4.677468632812500005e+02,-7.563279486010199548e+01
4.677471562499999891e+02,-8.511083445301437678e+01
4.677474492187500346e+02,-8.812948832210557271e+01
4.677477421875000232e+02,-9.121445648849291388e+01
4.677480351562500118e+02,-9.442359573410891471e+01
4.677483281250000005e+02,-8.534322596600966904e+01
4.677486210937499891e+02,-8.288253886717984642e+01
4.677489140625000346e+02,-8.497998602279801617e+01
4.677492070312500232e+02,-8.070324159399970654e+01
4.677495000000000118e+02,-8.640687343438588641e+01
4.677497929687500005e+02,-8.101618658508952819e+01
4.677500859374999891e+02,-8.922911198999175042e+01
4.677503789062500346e+02,-9.255373652269753393e+01
4.677506718750000232e+02,-7.988060899527371816e+01
4.677509648437500118e+02,-7.560573740805625675e+01
4.677512578125000005e+02,-7.877188081644074202e+01
4.677515507812499891e+02,-1.034386464143767483e+02
4.677518437500000346e+02,-8.191291505571612674e+01
4.677521367187500232e+02,-8.349347697726572903e+01
4.677524296875000118e+02,-8.282042187214470630e+01
4.677527226562500005e+02,-8.351789129194365557e+01
4.677530156249999891e+02,-7.861753113467896981e+01
4.677533085937500346e+02,-7.695989837922905963e+01
4.677536015625000232e+02,-8.182866781715249260e+01
4.677538945312500118e+02,-8.333648970991389149e+01
4.677541875000000005e+02,-8.516822754189081479e+01
4.677544804687499891e+02,-8.504700967249333132e+01
4.677547734375000346e+02,-7.694394762487732464e+01
4.677550664062500232e+02,-7.267180853016876085e+01
4.677553593750000118e+02,-7.618348577120359266e+01
4.677556523437500005e+02,-8.371257677448144818e+01
4.677559453124999891e+02,-7.855751051239592186e+01
4.677562382812500346e+02,-7.573215624831617276e+01
4.677565312500000232e+02,-8.088146599059916753e+01
4.677568242187500118e+02,-8.835608592994501009e+01
4.677571171875000005e+02,-9.834556833844699497e+01
4.677574101562499891e+02,-8.889102958439025315e+01
4.677577031250000346e+02,-8.824386603509276483e+01
4.677579960937500232e+02,-8.895345988012122973e+01
4.677582890625000118e+02,-7.758656740448840594e+01
4.677585820312500005e+02,-8.165686687886847039e+01
4.677588749999999891e+02,-8.516817091584110244e+01
4.677591679687500346e+02,-8.490863365747676994e+01
4.677594609375000232e+02,-9.172175545686728526e+01
4.677597539062500118e+02,-8.196421572244173603e+01
4.677600468750000005e+02,-7.735822931152331705e+01
4.677603398437499891e+02,-7.938928770273516022e+01
4.677606328125000346e+02,-8.615688344873454696e+01
4.677609257812500232e+02,-7.745143217097015054e+01
4.677612187500000118e+02,-7.606415110415963454e+01
4.677615117187500005e+02,-7.741397722789028535e+01
4.677618046874999891e+02,-7.457385655729399332e+01
4.677620976562500346e+02,-8.057223617838367602e+01
4.677623906250000232e+02,-9.249906873605237934e+01
4.677626835937500118e+02,-7.966789528951035493e+01
4.677629765625000005e+02,-8.171337508490557866e+01
4.677632695312499891e+02,-8.495057769953355375e+01
4.677635625000000346e+02,-8.014014392154905408e+01
4.677638554687500232e+02,-8.651145087071496675e+01
4.677641484375000118e+02,-8.745356565083366718e+01
4.677644414062500005e+02,-8.350679392771925791e+01
4.677647343749999891e+02,-8.210561898204056774e+01
4.677650273437500346e+02,-8.380802147732352125e+01
4.677653203125000232e+02,-7.778010578522571450e+01
4.677656132812500118e+02,-8.261227190770925688e+01
4.677659062500000005e+02,-8.292656759058135663e+01
4.677661992187499891e+02,-8.732611484357124709e+01
4.677664921875000346e+02,-9.063824815887565478e+01
4.677667851562500232e+02,-9.272525040770210580e+01
4.677670781250000118e+02,-8.699829890021247536e+01
4.677673710937500005e+02,-9.546919972969980961e+01
4.677676640624999891e+02,-8.408477058420196215e+01
4.677679570312500346e+02,-8.477336580872449190e+01
4.677682500000000232e+02,-8.634296313771042719e+01
4.677685429687500118e+02,-8.708629888432419364e+01
4.677688359375000005e+02,-8.763983775763314554e+01
4.677691289062499891e+02,-8.760114403552812234e+01
4.677694218750000346e+02,-8.070503614451759233e+01
4.677697148437500232e+02,-8.990640025075776975e+01
4.677700078125000118e+02,-9.380048554931335048e+01
4.677703007812500005e+02,-8.237446088651496723e+01
4.677705937499999891e+02,-8.408391973118520468e+01
4.677708867187500346e+02,-8.600051951060211763e+01
4.677711796875000232e+02,-8.824707342681962530e+01
4.677714726562500118e+02,-8.099150509345707860e+01
4.677717656250000005e+02,-8.314354272037428473e+01
4.677720585937499891e+02,-8.477647026666032559e+01
4.677723515625000346e+02,-8.783250342334983429e+01
4.677726445312500232e+02,-8.411337807627251095e+01
4.677729375000000118e+02,-7.948165365824605999e+01
4.677732304687500005e+02,-8.432514295116013159e+01
4.677735234374999891e+02,-8.291528415915101391e+01
4.677738164062500346e+02,-7.589120718840048596e+01
4.677741093750000232e+02,-7.700117916657427486e+01
4.677744023437500118e+02,-8.077446748639358987e+01
4.677746953125000005e+02,-8.471792365605563191e+01
4.677749882812499891e+02,-8.485107408805397711e+01
4.677752812500000346e+02,-8.639878131650631587e+01
4.677755742187500232e+02,-7.757855252935863177e+01
4.677758671875000118e+02,-8.216001711040371447e+01
4.677761601562500005e+02,-8.634257098177263856e+01
4.677764531249999891e+02,-8.392961073535290950e+01
4.677767460937500346e+02,-8.503729986438010258e+01
4.677770390625000232e+02,-8.671614074599736455e+01
4.677773320312500118e+02,-8.115316453426464705e+01
4.677776250000000005e+02,-8.406181601510091639e+01
4.677779179687499891e+02,-9.814749210350036890e+01
4.677782109375000346e+02,-9.931069410307927114e+01
4.677785039062500232e+02,-8.272844372242718691e+01
4.677787968750000118e+02,-8.307364075818591687e+01
4.677790898437500005e+02,-9.172516508072641273e+01
4.677793828124999891e+02,-1.032990855581298888e+02
4.677796757812500346e+02,-8.996489430099504148e+01
4.677799687500000232e+02,-8.554521083902515954e+01
4.677802617187500118e+02,-9.132548312173324234e+01
4.677805546875000005e+02,-8.716785475157257679e+01
4.677808476562499891e+02,-8.335241694521499767e+01
4.677811406250000346e+02,-7.989665168995014710e+01
4.677814335937500232e+02,-7.964188897489614760e+01
4.677817265625000118e+02,-8.155720410348780547e+01
4.677820195312500005e+02,-8.204296538656477367e+01
4.677823124999999891e+02,-8.303825556374434314e+01
4.677826054687500346e+02,-9.155651762131131477e+01
4.677828984375000232e+02,-8.375695174755342975e+01
4.677831914062500118e+02,-8.371272965329060867e+01
4.677834843750000005e+02,-8.385233883216616846e+01
4.677837773437499891e+02,-8.242857852220063819e+01
4.677840703125000346e+02,-9.890243336069207203e+01
4.677843632812500232e+02,-8.268677543161712151e+01
4.677846562500000118e+02,-8.145320797822272141e+01
4.677849492187500005e+02,-9.517642724365018125e+01
4.677852421874999891e+02,-8.390682514910045597e+01
4.677855351562500346e+02,-8.645365184706788853e+01
4.677858281250000232e+02,-8.754973602153485501e+01
4.677861210937500118e+02,-8.701155419869620289e+01
4.677864140625000005e+02,-8.374413312477379634e+01
4.677867070312499891e+02,-1.078402574833571350e+02
4.677870000000000346e+02,-9.044405514468425622e+01
4.677872929687500232e+02,-8.491823407950433023e+01
4.677875859375000118e+02,-8.262294233176065461e+01
4.677878789062500005e+02,-7.936249301021128133e+01
4.677881718749999891e+02,-8.188235003181743821e+01
4.677884648437500346e+02,-8.419773255328563266e+01
4.677887578125000232e+02,-8.036241095609054241e+01
4.677890507812500118e+02,-8.587074962924504007e+01
4.677893437500000005e+02,-8.733589473909805179e+01
4.677896367187499891e+02,-8.451984409317887526e+01
4.677899296875000346e+02,-7.924118092451155348e+01
4.677902226562500232e+02,-8.316612436524521002e+01
4.677905156250000118e+02,-8.110526893254285596e+01
4.677908085937500005e+02,-9.914358768730053839e+01
4.677911015624999891e+02,-8.721981545857120466e+01
4.677913945312500346e+02,-9.272956193715457118e+01
4.677916875000000232e+02,-9.052505544581264019e+01
4.677919804687500118e+02,-9.199890328352245206e+01
4.677922734375000005e+02,-9.553368673646338038e+01
4.677925664062499891e+02,-9.900205058956163384e+01
4.677928593750000346e+02,-9.534637785285745792e+01
4.677931523437500232e+02,-9.462194167658631727e+01
4.677934453125000118e+02,-8.857219368126031611e+01
4.677937382812500005e+02,-8.158787779006820529e+01
4.677940312499999891e+02,-8.612653440960002627e+01
4.677943242187500346e+02,-8.710951865953776974e+01
4.677946171875000232e+02,-9.417587558734848585e+01
4.677949101562500118e+02,-9.619701113730401687e+01
4.677952031250000005e+02,-8.671378570130630692e+01
4.677954960937499891e+02,-8.788212882931796344e+01
4.677957890625000346e+02,-8.775345178668798951e+01
4.677960820312500232e+02,-8.622892242756029191e+01
4.677963750000000118e+02,-8.639384065157885573e+01
4.677966679687500005e+02,-8.119200937818243347e+01
4.677969609374999891e+02,-8.200432515951511903e+01
4.677972539062500346e+02,-8.333321717071235923e+01
4.677975468750000232e+02,-8.116150982247754087e+01
4.677978398437500118e+02,-8.322333995243118920e+01
4.677981328125000005e+02,-8.253316216285860207e+01
4.677984257812499891e+02,-9.280042962359246417e+01
4.677987187500000346e+02,-8.640495614204431263e+01
4.677990117187500232e+02,-8.371636489964403438e+01
4.677993046875000118e+02,-9.314722850366788975e+01
4.677995976562500005e+02,-9.461209880090999036e+01
4.677998906249999891e+02,-8.834553258674924336e+01
4.678001835937500346e+02,-8.788346792356561821e+01
4.678004765625000232e+02,-8.780980610696019539e+01
4.678007695312500118e+02,-8.432495129043400084e+01
4.678010625000000005e+02,-8.667672356252190013e+01
4.678013554687499891e+02,-8.691674131119106050e+01
4.678016484375000346e+02,-8.654406136017648521e+01
4.678019414062500232e+02,-8.533512760147951326e+01
4.678022343750000118e+02,-8.684297539189351767e+01
4.678025273437500005e+02,-9.986379415795687464e+01
4.678028203124999891e+02,-8.932279570954052872e+01
4.678031132812500346e+02,-8.223116845185163015e+01
4.678034062500000232e+02,-8.425982219562425257e+01
4.678036992187500118e+02,-8.891142895281240044e+01
4.678039921875000005e+02,-8.633664318840047258e+01
4.678042851562499891e+02,-9.798334101649059846e+01
4.678045781250000346e+02,-9.533407517006875764e+01
4.678048710937500232e+02,-9.085051927931050386e+01
4.678051640625000118e+02,-9.613729052947840614e+01
4.678054570312500005e+02,-9.409776204815811695e+01
4.678057499999999891e+02,-9.131700513227399085e+01
4.678060429687500346e+02,-8.063024650513496283e+01
4.678063359375000232e+02,-7.991617265720744001e+01
4.678066289062500118e+02,-8.857952656941385783e+01
4.678069218750000005e+02,-1.038954625948031207e+02
4.678072148437499891e+02,-8.875944162625023637e+01
4.678075078125000346e+02,-9.995291711064587048e+01
4.678078007812500232e+02,-8.742888920429466282e+01
4.678080937500000118e+02,-8.637547956641094515e+01
4.678083867187500005e+02,-8.086557497908187031e+01
4.678086796874999891e+02,-8.768457097093799746e+01
4.678089726562500346e+02,-8.363446136348058246e+01
4.678092656250000232e+02,-8.313047461237368907e+01
4.678095585937500118e+02,-9.580749187361615782e+01
4.678098515625000005e+02,-9.579065027435558477e+01
4.678101445312499891e+02,-9.033277140007102446e+01
4.678104375000000346e+02,-8.747398184349960104e+01
4.678107304687500232e+02,-8.543536961432918986e+01
4.678110234375000118e+02,-9.282398670917729078e+01
4.678113164062500005e+02,-7.758117130671818984e+01
4.678116093749999891e+02,-8.116042486193933314e+01
4.678119023437500346e+02,-9.519075101105855197e+01
4.678121953125000232e+02,-8.580831464512979778e+01
4.678124882812500118e+02,-8.535171276812620533e+01
4.678127812500000005e+02,-8.325050003855915293e+01
4.678130742187499891e+02,-7.958489505032089539e+01
4.678133671875000346e+02,-1.043591358090675669e+02
4.678136601562500232e+02,-8.691597917531062478e+01
4.678139531250000118e+02,-8.838793509216834821e+01
4.678142460937500005e+02,-8.535042578503706068e+01
4.678145390624999891e+02,-9.701131283901547420e+01
4.678148320312500346e+02,-8.803303112629650684e+01
4.678151250000000232e+02,-8.492735505628361636e+01
4.678154179687500118e+02,-8.558176699010505217e+01
4.678157109375000005e+02,-9.715381081081589798e+01
4.678160039062499891e+02,-9.813068964949587780e+01
4.678162968750000346e+02,-9.401332154611452552e+01
4.678165898437500232e+02,-8.888349000955814461e+01
4.678168828125000118e+02,-8.216042576209305537e+01
4.678171757812500005e+02,-7.871529249748837742e+01
4.678174687499999891e+02,-8.882822547674646785e+01
4.678177617187500346e+02,-8.505734498165297452e+01
4.678180546875000232e+02,-8.183826229420533593e+01
4.678183476562500118e+02,-8.672693357434172867e+01
4.678186406250000005e+02,-8.255023746922013572e+01
4.678189335937499891e+02,-8.713405959654346589e+01
4.678192265625000346e+02,-8.517484189198003719e+01
4.678195195312500232e+02,-8.480610739946497745e+01
4.678198125000000118e+02,-9.076706796246887166e+01
4.678201054687500005e+02,-8.572295208128784338e+01
4.678203984374999891e+02,-8.624547863150195326e+01
4.678206914062500346e+02,-8.198166988491804830e+01
4.678209843750000232e+02,-9.081015347919667136e+01
4.678212773437500118e+02,-8.858316421464880364e+01
4.678215703125000005e+02,-9.952643668799242960e+01
4.678218632812499891e+02,-8.340640595770865673e+01
4.678221562500000346e+02,-8.362482533383909811e+01
4.678224492187500232e+02,-9.158924393336739911e+01
4.678227421875000118e+02,-8.582832556160384740e+01
4.678230351562500005e+02,-8.807104649879019576e+01
4.678233281249999891e+02,-8.676375343310948551e+01
4.678236210937500346e+02,-8.507422217470096371e+01
4.678239140625000232e+02,-7.875322167311163923e+01
4.678242070312500118e+02,-7.911933411865310006e+01
4.678245000000000005e+02,-7.993424623828701669e+01
4.678247929687499891e+02,-8.535241213203553912e+01
4.678250859375000346e+02,-9.522839554919031002e+01
4.678253789062500232e+02,-8.595987734637505184e+01
4.678256718750000118e+02,-9.425447451951464473e+01
4.678259648437500005e+02,-8.939514810515491661e+01
4.678262578124999891e+02,-9.224213482220028482e+01
4.678265507812500346e+02,-9.804424190590063404e+01
4.678268437500000232e+02,-9.125169446822260966e+01
4.678271367187500118e+02,-8.116524080332686708e+01
4.678274296875000005e+02,-7.952035667060772539e+01
4.678277226562499891e+02,-9.030382185310891430e+01
4.678280156250000346e+02,-8.101139675864456535e+01
4.678283085937500232e+02,-8.233399703503181399e+01
4.678286015625000118e+02,-9.499002178706049904e+01
4.678288945312500005e+02,-7.956357922466798982e+01
4.678291874999999891e+02,-8.007249054455263604e+01
4.678294804687500346e+02,-8.393075054600372198e+01
4.678297734375000232e+02,-8.393004531595099138e+01
4.678300664062500118e+02,-8.536997392493057646e+01
4.678303593750000005e+02,-8.792710347432836215e+01
4.678306523437499891e+02,-8.499099222291800970e+01
4.678309453125000346e+02,-7.996126838528428493e+01
4.678312382812500232e+02,-8.453780681160237975e+01
4.678315312500000118e+02,-8.567769414599456468e+01
4.678318242187500005e+02,-8.935503586864021486e+01
4.678321171874999891e+02,-9.521384971705840883e+01
4.678324101562500346e+02,-8.921538922593229870e+01
4.678327031250000232e+02,-9.391749951290961462e+01
4.678329960937500118e+02,-9.603906726274472305e+01
4.678332890625000005e+02,-8.720716716463236651e+01
4.678335820312499891e+02,-9.581691473067294851e+01
4.678338750000000346e+02,-9.598232957359071804e+01
4.678341679687500232e+02,-8.716355194508226134e+01
4.678344609375000118e+02,-8.907808385591465594e+01
4.678347539062500005e+02,-9.236228035366724498e+01
4.678350468749999891e+02,-8.557888377348312758e+01
4.678353398437500346e+02,-8.748144002560665911e+01
4.678356328125000232e+02,-8.524955311456568552e+01
4.678359257812500118e+02,-8.293168131234688190e+01
4.678362187500000005e+02,-8.415562291861442645e+01
4.678365117187499891e+02,-8.372560691270095390e+01
4.678368046875000346e+02,-8.556618621312138373e+01
4.678370976562500232e+02,-8.625509536360935670e+01
4.678373906250000118e+02,-8.035092813238429699e+01
4.678376835937500005e+02,-6.994839889699663615e+01
4.678379765624999891e+02,-7.615171657371793401e+01
4.678382695312500346e+02,-9.128108750209236177e+01
4.678385625000000232e+02,-9.199152230463270996e+01
4.678388554687500118e+02,-8.903860435956192987e+01
4.678391484375000005e+02,-8.622011529419530973e+01
4.678394414062499891e+02,-8.406746657185017568e+01
4.678397343750000346e+02,-9.233373874621692323e+01
4.678400273437500232e+02,-8.348283138806684178e+01
4.678403203125000118e+02,-8.734146418541327250e+01
4.678406132812500005e+02,-9.550084823215075858e+01
4.678409062499999891e+02,-8.262771510483739235e+01
4.678411992187500346e+02,-8.493757006513496322e+01
4.678414921875000232e+02,-8.430091745533675862e+01
4.678417851562500118e+02,-7.971230068094439503e+01
4.678420781250000005e+02,-8.387969765463981275e+01
4.678423710937499891e+02,-8.508260473110780708e+01
4.678426640625000346e+02,-8.015613695220879720e+01
4.678429570312500232e+02,-8.343333568013797219e+01
4.678432500000000118e+02,-9.109840492015547397e+01
4.678435429687500005e+02,-8.636894249046171979e+01
4.678438359374999891e+02,-9.508330976321047956e+01
4.678441289062500346e+02,-8.576720571016525696e+01
4.678444218750000232e+02,-8.777158272862992305e+01
4.678447148437500118e+02,-9.109789358388457003e+01
4.678450078125000005e+02,-8.140534995563470488e+01
4.678453007812499891e+02,-8.075099099256993895e+01
4.678455937500000346e+02,-8.233751519460551549e+01
4.678458867187500232e+02,-7.827482668557357215e+01
4.678461796875000118e+02,-8.513091660235239999e+01
4.678464726562500005e+02,-8.622004467453146503e+01
4.678467656249999891e+02,-8.513581202684322591e+01
4.678470585937500346e+02,-9.212619286253726614e+01
4.678473515625000232e+02,-8.714267751772658244e+01
4.678476445312500118e+02,-9.566897068439757845e+01
4.678479375000000005e+02,-1.099374362391200322e+02
4.678482304687499891e+02,-9.243331547014872740e+01
4.678485234375000346e+02,-8.128858933213604132e+01
4.678488164062500232e+02,-9.021951016394821465e+01
4.678491093750000118e+02,-8.446315109909781427e+01
4.678494023437500005e+02,-8.452261864781118561e+01
4.678496953124999891e+02,-8.614276271225806170e+01
4.678499882812500346e+02,-8.028010711875330685e+01
4.678502812500000232e+02,-8.499430584119008358e+01
4.678505742187500118e+02,-8.730247995065988675e+01
4.678508671875000005e+02,-8.465072928003510810e+01
4.678511601562499891e+02,-8.327043433503320102e+01
4.678514531250000346e+02,-9.741880533393883468e+01
4.678517460937500232e+02,-8.872046853977751368e+01
4.678520390625000118e+02,-8.297714427647028401e+01
4.678523320312500005e+02,-8.467410759812393906e+01
4.678526249999999891e+02,-8.339559576698613341e+01
4.678529179687500346e+02,-7.924763780642079780e+01
4.678532109375000232e+02,-8.121861947532568138e+01
4.678535039062500118e+02,-9.180636372645558652e+01
4.678537968750000005e+02,-8.405287533588277427e+01
4.678540898437499891e+02,-8.752241946788720384e+01
4.678543828125000346e+02,-8.852732237170570784e+01
4.678546757812500232e+02,-8.088561139823517010e+01
4.678549687500000118e+02,-7.732837379591869365e+01
4.678552617187500005e+02,-8.594003183546080038e+01
4.678555546874999891e+02,-8.277086845987344077e+01
4.678558476562500346e+02,-8.339519568702274910e+01
4.678561406250000232e+02,-9.246308428714776539e+01
4.678564335937500118e+02,-9.088130045552519221e+01
4.678567265625000005e+02,-8.250842929202852361e+01
4.678570195312499891e+02,-8.727254184684782956e+01
4.678573125000000346e+02,-8.764076697623747236e+01
4.678576054687500232e+02,-9.054356245812550696e+01
4.678578984375000118e+02,-9.478731696722260835e+01
4.678581914062500005e+02,-9.428452796511794531e+01
4.678584843749999891e+02,-9.045712443219102283e+01
4.678587773437500346e+02,-8.727078075827385817e+01
4.678590703125000232e+02,-8.157994482328797403e+01
4.678593632812500118e+02,-9.009978173307287364e+01
4.678596562500000005e+02,-8.318055384768183558e+01
4.678599492187499891e+02,-8.615843380724751910e+01
4.678602421875000346e+02,-8.582571237483699633e+01
4.678605351562500232e+02,-8.949079245833191010e+01
4.678608281250000118e+02,-8.461399238629800834e+01
4.678611210937500005e+02,-9.450198954281623287e+01
4.678614140624999891e+02,-8.335950614543746440e+01
4.678617070312500346e+02,-8.882245880318794207e+01
4.678620000000000232e+02,-8.710422650634244235e+01
4.678622929687500118e+02,-8.149804716284378969e+01
4.678625859375000005e+02,-8.237710160256165182e+01
4.678628789062499891e+02,-8.967199413885211357e+01
4.678631718750000346e+02,-7.962557877687781627e+01
4.678634648437500232e+02,-7.720511852293333277e+01
4.678637578125000118e+02,-8.410799081993823734e+01
4.678640507812500005e+02,-9.343471477015968674e+01
4.678643437499999891e+02,-8.362654158876293309e+01
4.678646367187500346e+02,-9.338519598495388152e+01
4.678649296875000232e+02,-8.211856503549483932e+01
4.678652226562500118e+02,-8.578260198295977546e+01
4.678655156250000005e+02,-9.548021707968210592e+01
4.678658085937499891e+02,-8.548535837280438443e+01
4.678661015625000346e+02,-8.703316180501589372e+01
4.678663945312500232e+02,-8.518185587683393578e+01
4.678666875000000118e+02,-9.531774701006158068e+01
4.678669804687500005e+02,-8.804006891061808915e+01
4.678672734374999891e+02,-9.750896828517454651e+01
4.678675664062500346e+02,-9.994928385599541798e+01
4.678678593750000232e+02,-8.387358960454551493e+01
4.678681523437500118e+02,-1.061887375908070510e+02
4.678684453125000005e+02,-9.120242860365108584e+01
4.678687382812499891e+02,-8.475798382866214808e+01
4.678690312500000346e+02,-8.747728772408896702e+01
4.678693242187500232e+02,-7.894946361261794721e+01
4.678696171875000118e+02,-7.670333989391239982e+01
4.678699101562500005e+02,-8.181224431534377572e+01
4.678702031249999891e+02,-8.876059732384305789e+01
4.678704960937500346e+02,-8.411519107934128670e+01
4.678707890625000232e+02,-8.153258292689748998e+01
4.678710820312500118e+02,-8.877049635552370432e+01
4.678713750000000005e+02,-8.399397034118506156e+01
4.678716679687499891e+02,-8.062884805668809918e+01
4.678719609375000346e+02,-7.978498866408399692e+01
4.678722539062500232e+02,-9.175328463907744947e+01
4.678725468750000118e+02,-1.071381488616804489e+02
4.678728398437500005e+02,-8.368964637568004150e+01
4.678731328124999891e+02,-8.385204116060657498e+01
4.678734257812500346e+02,-7.892863739543231816e+01
4.678737187500000232e+02,-8.031346912754705158e+01
4.678740117187500118e+02,-8.894375838780945287e+01
4.678743046875000005e+02,-9.211573747145548907e+01
4.678745976562499891e+02,-8.604044044576826877e+01
4.678748906250000346e+02,-7.655247668288961904e+01
4.678751835937500232e+02,-7.680897172307230392e+01
4.678754765625000118e+02,-9.625936505278546917e+01
4.678757695312500005e+02,-8.818231114347697996e+01
4.678760624999999891e+02,-8.735339093652315512e+01
4.678763554687500346e+02,-8.262690852704550082e+01
4.678766484375000232e+02,-8.652766003291597485e+01
4.678769414062500118e+02,-8.991724053383589421e+01
4.678772343750000005e+02,-8.913549072839528264e+01
4.678775273437499891e+02,-9.572970706410268349e+01
4.678778203125000346e+02,-8.580525759957575360e+01
4.678781132812500232e+02,-8.443894899972502799e+01
4.678784062500000118e+02,-8.312343674178063679e+01
4.678786992187500005e+02,-8.309877032752737591e+01
4.678789921874999891e+02,-8.435863489695557860e+01
4.678792851562500346e+02,-9.349231050706589485e+01
4.678795781250000232e+02,-9.484539290515414223e+01
4.678798710937500118e+02,-8.294468500317692872e+01
4.678801640625000005e+02,-8.178146508534153725e+01
4.678804570312499891e+02,-8.324563681618002420e+01
4.678807500000000346e+02,-8.126311531252088116e+01
4.678810429687500232e+02,-8.867562933701636041e+01
4.678813359375000118e+02,-8.396221990543111247e+01
4.678816289062500005e+02,-8.010889160405915277e+01
4.678819218749999891e+02,-8.024271953900768040e+01
4.678822148437500346e+02,-8.756829146304873746e+01
4.678825078125000232e+02,-9.591888121145723289e+01
4.678828007812500118e+02,-8.968837736558040774e+01
4.678830937500000005e+02,-8.356861112738445740e+01
4.678833867187499891e+02,-8.580673169701738345e+01
4.678836796875000346e+02,-9.030926385734481698e+01
4.678839726562500232e+02,-8.355273423358883633e+01
4.678842656250000118e+02,-8.547749569989555596e+01
4.678845585937500005e+02,-9.602884432534642656e+01
4.678848515624999891e+02,-8.985403067999831705e+01
4.678851445312500346e+02,-9.666217093821357764e+01
4.678854375000000232e+02,-7.890809976277866156e+01
4.678857304687500118e+02,-7.817118802967861768e+01
4.678860234375000005e+02,-8.426988802213568874e+01
4.678863164062499891e+02,-1.011355895644617107e+02
4.678866093750000346e+02,-9.322764859662930803e+01
4.678869023437500232e+02,-9.895999516495822945e+01
4.678871953125000118e+02,-8.415906396818053281e+01
4.678874882812500005e+02,-8.122318485593800119e+01
4.678877812499999891e+02,-9.084854420985362822e+01
4.678880742187500346e+02,-8.450521629472505936e+01
4.678883671875000232e+02,-8.297045658558596415e+01
4.678886601562500118e+02,-8.219002583119754490e+01
4.678889531250000005e+02,-8.400430423109560252e+01
4.678892460937499891e+02,-8.222757888806884807e+01
4.678895390625000346e+02,-8.793543304929600879e+01
4.678898320312500232e+02,-9.132328342383581798e+01
4.678901250000000118e+02,-9.656963823942199099e+01
4.678904179687500005e+02,-9.256614906440844948e+01
4.678907109374999891e+02,-8.791440194154830579e+01
4.678910039062500346e+02,-9.358730500567126853e+01
4.678912968750000232e+02,-9.003069076979160457e+01
4.678915898437500118e+02,-8.497413766856257666e+01
4.678918828125000005e+02,-8.750837907975368068e+01
4.678921757812499891e+02,-9.686625960776561328e+01
4.678924687500000346e+02,-7.978689228343557716e+01
4.678927617187500232e+02,-8.134310693834181905e+01
4.678930546875000118e+02,-8.983234829329120430e+01
4.678933476562500005e+02,-8.171762219357047741e+01
4.678936406249999891e+02,-8.623291330620075712e+01
4.678939335937500346e+02,-8.378016399270887860e+01
4.678942265625000232e+02,-8.211966993917752689e+01
4.678945195312500118e+02,-8.549629515132097879e+01
4.678948125000000005e+02,-8.737923466454097365e+01
4.678951054687499891e+02,-9.010835786858976348e+01
4.678953984375000346e+02,-8.687981335316442255e+01
4.678956914062500232e+02,-8.432406439988463376e+01
4.678959843750000118e+02,-8.092179938753199053e+01
4.678962773437500005e+02,-8.466203429218427345e+01
4.678965703124999891e+02,-8.375420873285834489e+01
4.678968632812500346e+02,-8.386486923358046397e+01
4.678971562500000232e+02,-1.017024666941289723e+02
4.678974492187500118e+02,-9.488873833709702410e+01
4.678977421875000005e+02,-9.377763349136004933e+01
4.678980351562499891e+02,-8.465290250366697933e+01
4.678983281250000346e+02,-7.855176797380136122e+01
4.678986210937500232e+02,-7.797225115426734021e+01
4.678989140625000118e+02,-8.535252897798147842e+01
4.678992070312500005e+02,-8.554731395882976130e+01
4.678994999999999891e+02,-8.504457049358903475e+01
4.678997929687500346e+02,-8.089798930472329630e+01
4.679000859375000232e+02,-8.016478883328531424e+01
4.679003789062500118e+02,-8.433520316991511834e+01
4.679006718750000005e+02,-8.754892614396200656e+01
4.679009648437499891e+02,-8.587040978675756264e+01
4.679012578125000346e+02,-8.686199396698661701e+01
4.679015507812500232e+02,-9.179173333245472577e+01
4.679018437500000118e+02,-9.213636407215656732e+01
4.679021367187500005e+02,-8.235980943232789286e+01
4.679024296874999891e+02,-8.342778807228185656e+01
4.679027226562500346e+02,-8.640032771883886653e+01
4.679030156250000232e+02,-7.763866869093740775e+01
4.679033085937500118e+02,-7.595119901840614318e+01
4.679036015625000005e+02,-7.827822505620338234e+01
4.679038945312499891e+02,-8.756134491767087979e+01
4.679041875000000346e+02,-9.275951357740125047e+01
4.679044804687500232e+02,-8.465097911718858370e+01
4.679047734375000118e+02,-8.747403300627973977e+01
4.679050664062500005e+02,-8.835100995056492934e+01
4.679053593749999891e+02,-7.968241022771637461e+01
4.679056523437500346e+02,-8.482321759509929393e+01
4.679059453125000232e+02,-8.929149559589515661e+01
4.679062382812500118e+02,-8.612302233599680790e+01
4.679065312500000005e+02,-8.015124240816929557e+01
4.679068242187499891e+02,-8.745854733218392596e+01
4.679071171875000346e+02,-9.161833339752766392e+01
4.679074101562500232e+02,-8.314215842171844884e+01
4.679077031250000118e+02,-8.657446600666388292e+01
4.679079960937500005e+02,-8.350890501556122558e+01
4.679082890624999891e+02,-8.236416178150585665e+01
4.679085820312500346e+02,-9.000884429072016246e+01
4.679088750000000232e+02,-1.055449923882144248e+02
4.679091679687500118e+02,-8.707138789251693822e+01
4.679094609375000005e+02,-9.586045067469073899e+01
4.679097539062499891e+02,-8.384451477853248491e+01
4.679100468750000346e+02,-8.413397314821492046e+01
4.679103398437500232e+02,-8.815435266347100196e+01
4.679106328125000118e+02,-8.320769761396212516e+01
4.679109257812500005e+02,-8.890995723875803947e+01
4.679112187499999891e+02,-8.815530641760089736e+01
4.679115117187500346e+02,-8.524244896515932624e+01
4.679118046875000232e+02,-8.354926698988313660e+01
4.679120976562500118e+02,-8.066274834320459775e+01
4.679123906250000005e+02,-8.025530196498991131e+01
4.679126835937499891e+02,-8.582296780868492192e+01
4.679129765625000346e+02,-8.709467614872210106e+01
4.679132695312500232e+02,-8.680585401139424562e+01
4.679135625000000118e+02,-9.250001313307640771e+01
4.679138554687500005e+02,-8.778375093860667278e+01
4.679141484374999891e+02,-8.108759785693541744e+01
4.679144414062500346e+02,-8.676674227515469795e+01
4.679147343750000232e+02,-8.185052223660092352e+01
4.679150273437500118e+02,-8.044203290100541892e+01
4.679153203125000005e+02,-8.253589914159576324e+01
4.679156132812499891e+02,-9.543700757277788682e+01
4.679159062500000346e+02,-8.744305786498131283e+01
4.679161992187500232e+02,-9.710602769206573726e+01
4.679164921875000118e+02,-9.305373847638007589e+01
4.679167851562500005e+02,-9.126182243083945878e+01
4.679170781249999891e+02,-1.028355270376999044e+02
4.679173710937500346e+02,-9.319622641248304262e+01
4.679176640625000232e+02,-9.074634951541145256e+01
4.679179570312500118e+02,-8.512957361552037128e+01
4.679182500000000005e+02,-8.289769717723896747e+01
4.679185429687499891e+02,-9.529074768038742604e+01
4.679188359375000346e+02,-8.497558399300841359e+01
4.679191289062500232e+02,-9.432002250017978895e+01
4.679194218750000118e+02,-8.532494821007311714e+01
4.679197148437500005e+02,-9.557759351934114989e+01
4.679200078124999891e+02,-9.570675900761564492e+01
4.679203007812500346e+02,-9.225759389726809445e+01
4.679205937500000232e+02,-8.732541988611151851e+01
4.679208867187500118e+02,-9.785433616795273792e+01
4.679211796875000005e+02,-8.649234737312723098e+01
4.679214726562499891e+02,-9.309456003199949237e+01
4.679217656250000346e+02,-7.972538072585605562e+01
4.679220585937500232e+02,-8.787059070816735584e+01
4.679223515625000118e+02,-8.911563106374120480e+01
4.679226445312500005e+02,-9.529596873293547787e+01
4.679229374999999891e+02,-9.605818364998037850e+01
4.679232304687500346e+02,-9.067041039702174032e+01
4.679235234375000232e+02,-8.793104265345797899e+01
4.679238164062500118e+02,-8.762611825301198110e+01
4.679241093750000005e+02,-8.382263980949140603e+01
4.679244023437499891e+02,-8.117448956096222901e+01
4.679246953125000346e+02,-8.161257501749695109e+01
4.679249882812500232e+02,-8.399039066644766649e+01
4.679252812500000118e+02,-8.014056355459025838e+01
4.679255742187500005e+02,-7.897802226303755901e+01
4.679258671874999891e+02,-8.525885610179949481e+01
4.679261601562500346e+02,-8.677980360025685513e+01
4.679264531250000232e+02,-9.300982389183354826e+01
4.679267460937500118e+02,-9.921690345241481168e+01
4.679270390625000005e+02,-8.414628629434623974e+01
4.679273320312499891e+02,-8.540308221896771101e+01
4.679276250000000346e+02,-8.409885664112982795e+01
4.679279179687500232e+02,-8.949140537818115604e+01
4.679282109375000118e+02,-8.621993680064022669e+01
4.679285039062500005e+02,-8.523408710353564288e+01
4.679287968749999891e+02,-8.572759012803356882e+01
4.679290898437500346e+02,-8.345517124172945955e+01
4.679293828125000232e+02,-8.318454483730222648e+01
4.679296757812500118e+02,-8.149422257072245657e+01
4.679299687500000005e+02,-9.171694479246258425e+01
4.679302617187499891e+02,-8.851979572662186513e+01
4.679305546875000346e+02,-8.980111954927052409e+01
4.679308476562500232e+02,-8.773318757247581345e+01
4.679311406250000118e+02,-8.648948394382583160e+01
4.679314335937500005e+02,-8.899143550902961408e+01
4.679317265624999891e+02,-8.390291233680372329e+01
4.679320195312500346e+02,-8.449761694826541714e+01
4.679323125000000232e+02,-8.977802059088463693e+01
4.679326054687500118e+02,-8.257554753765910505e+01
4.679328984375000005e+02,-8.122303404155414341e+01
4.679331914062499891e+02,-8.053531578412236058e+01
4.679334843750000346e+02,-8.361333469428318210e+01
4.679337773437500232e+02,-8.037937172950896070e+01
4.679340703125000118e+02,-8.549278763843503270e+01
4.679343632812500005e+02,-8.755399059837920106e+01
4.679346562499999891e+02,-8.755498982147408071e+01
4.679349492187500346e+02,-8.877497905417601487e+01
4.679352421875000232e+02,-8.624481159866498103e+01
4.679355351562500118e+02,-8.438469285044163826e+01
4.679358281250000005e+02,-8.556537671046605453e+01
4.679361210937499891e+02,-9.200705027313928497e+01
4.679364140625000346e+02,-8.876926935097839078e+01
4.679367070312500232e+02,-9.619606322590169611e+01
4.679370000000000118e+02,-9.016197397326770613e+01
4.679372929687500005e+02,-8.260858346218526549e+01
4.679375859374999891e+02,-9.031879810228026884e+01
4.679378789062500346e+02,-9.172066093795299935e+01
4.679381718750000232e+02,-8.471471791846667543e+01
4.679384648437500118e+02,-8.304200164028081588e+01
4.679387578125000005e+02,-9.640044362361589947e+01
4.679390507812499891e+02,-8.742833042934947230e+01
4.679393437500000346e+02,-8.709716559266084346e+01
4.679396367187500232e+02,-8.537613402157512610e+01
4.679399296875000118e+02,-8.997201500790238526e+01
4.679402226562500005e+02,-8.829605849782915072e+01
4.679405156249999891e+02,-8.245973665627460036e+01
4.679408085937500346e+02,-8.679373117007172311e+01
4.679411015625000232e+02,-9.364559849073179976e+01
4.679413945312500118e+02,-9.171464091451812806e+01
4.679416875000000005e+02,-1.004638130585715885e+02
4.679419804687499891e+02,-8.083015526240261295e+01
4.679422734375000346e+02,-7.971365725673605596e+01
4.679425664062500232e+02,-8.318281298988873118e+01
4.679428593750000118e+02,-8.697940698045022145e+01
4.679431523437500005e+02,-1.078688329661165426e+02
4.679434453124999891e+02,-9.227519762738708664e+01
4.679437382812500346e+02,-9.206964908137486248e+01
4.679440312500000232e+02,-8.488742435663959895e+01
4.679443242187500118e+02,-8.137891402097599780e+01
4.679446171875000005e+02,-8.730157797497325589e+01
4.679449101562499891e+02,-9.203929475188812148e+01
4.679452031250000346e+02,-9.074451372726578313e+01
4.679454960937500232e+02,-8.795163780718567637e+01
4.679457890625000118e+02,-8.443982970388083231e+01
4.679460820312500005e+02,-8.849094876250289587e+01
4.679463749999999891e+02,-9.212070450044262770e+01
4.679466679687500346e+02,-8.644578564366639739e+01
4.679469609375000232e+02,-8.793886062100342826e+01
4.679472539062500118e+02,-9.195867114952196175e+01
4.679475468750000005e+02,-8.154324827443579693e+01
4.679478398437499891e+02,-8.415533792353090803e+01
4.679481328125000346e+02,-8.757714681391513523e+01
4.679484257812500232e+02,-8.538004561042809826e+01
4.679487187500000118e+02,-8.232689499628583008e+01
4.679490117187500005e+02,-8.210657943785219004e+01
4.679493046874999891e+02,-8.521820531283793798e+01
4.679495976562500346e+02,-8.509912969421452544e+01
4.679498906250000232e+02,-8.811430998778419621e+01
4.679501835937500118e+02,-9.546764347726042388e+01
4.679504765625000005e+02,-9.440115607219749450e+01
4.679507695312499891e+02,-8.273577947906997565e+01
4.679510625000000346e+02,-7.787902670826102280e+01
4.679513554687500232e+02,-7.827329196625892394e+01
4.679516484375000118e+02,-8.407151466596403111e+01
4.679519414062500005e+02,-8.595495868431846986e+01
4.679522343749999891e+02,-8.478983607737723105e+01
4.679525273437500346e+02,-9.041493224468133860e+01
4.679528203125000232e+02,-9.539696623408315190e+01
4.679531132812500118e+02,-8.609451993401526693e+01
4.679534062500000005e+02,-9.062038383256583529e+01
4.679536992187499891e+02,-9.152016104980340572e+01
4.679539921875000346e+02,-8.879214981293728215e+01
4.679542851562500232e+02,-8.892739006607997965e+01
4.679545781250000118e+02,-8.466292059544480253e+01
4.679548710937500005e+02,-8.204228195721505301e+01
4.679551640624999891e+02,-8.409648795303660052e+01
4.679554570312500346e+02,-9.140143241584974021e+01
4.679557500000000232e+02,-9.136231677291810627e+01
4.679560429687500118e+02,-1.033631471822428125e+02
4.679563359375000005e+02,-8.600268219953670723e+01
4.679566289062499891e+02,-8.823835193708117686e+01
4.679569218750000346e+02,-8.687468114520810047e+01
4.679572148437500232e+02,-9.525774365072138039e+01
4.679575078125000118e+02,-8.891031495136769536e+01
4.679578007812500005e+02,-8.446342627686973970e+01
4.679580937499999891e+02,-7.983789236399560707e+01
4.679583867187500346e+02,-8.064750990637099903e+01
4.679586796875000232e+02,-9.288048523744393492e+01
4.679589726562500118e+02,-9.497287799736163549e+01
4.679592656250000005e+02,-1.122882186914121263e+02
4.679595585937499891e+02,-9.617557650724664597e+01
4.679598515625000346e+02,-9.497554901878588396e+01
4.679601445312500232e+02,-8.778234415686468139e+01
4.679604375000000118e+02,-8.610268899982241919e+01
4.679607304687500005e+02,-8.556786784676107516e+01
4.679610234374999891e+02,-9.120661801083025466e+01
4.679613164062500346e+02,-8.967038757373934743e+01
4.679616093750000232e+02,-8.381424939737121349e+01
4.679619023437500118e+02,-7.671832340085795465e+01
4.679621953125000005e+02,-7.891767584396492907e+01
4.679624882812499891e+02,-8.636332138731305008e+01
4.679627812500000346e+02,-8.984750205099290099e+01
4.679630742187500232e+02,-8.785683957208289030e+01
4.679633671875000118e+02,-8.988387545437326764e+01
4.679636601562500005e+02,-8.854297847070677108e+01
4.679639531249999891e+02,-8.413921677777345565e+01
4.679642460937500346e+02,-8.809400122047784976e+01
4.679645390625000232e+02,-8.405080906651505757e+01
4.679648320312500118e+02,-8.591675528972876918e+01
4.679651250000000005e+02,-8.701470788510076204e+01
4.679654179687499891e+02,-9.301228626299256064e+01
4.679657109375000346e+02,-8.370066470225872024e+01
4.679660039062500232e+02,-8.441001461892979307e+01
4.679662968750000118e+02,-1.020259359739725369e+02
4.679665898437500005e+02,-8.521341470628370018e+01
4.679668828124999891e+02,-9.178679468446958367e+01
4.679671757812500346e+02,-9.450484020740191227e+01
4.679674687500000232e+02,-8.551233048909872991e+01
4.679677617187500118e+02,-8.782888485738460815e+01
4.679680546875000005e+02,-8.255875833908848449e+01
4.679683476562499891e+02,-8.435584544881686497e+01
4.679686406250000346e+02,-9.061902298891091334e+01
4.679689335937500232e+02,-8.434126615658848891e+01
4.679692265625000118e+02,-9.866572098625334775e+01
4.679695195312500005e+02,-9.368614575189015170e+01
4.679698124999999891e+02,-9.351599435832275731e+01
4.679701054687500346e+02,-9.912123872389641122e+01
4.679703984375000232e+02,-8.691493509039695198e+01
4.679706914062500118e+02,-1.014163145219497721e+02
4.679709843750000005e+02,-9.098057039710907645e+01
4.679712773437499891e+02,-9.435835629758733489e+01
4.679715703125000346e+02,-9.279918248338199760e+01
4.679718632812500232e+02,-8.110488606338063278e+01
4.679721562500000118e+02,-7.734542277045724745e+01
4.679724492187500005e+02,-8.236518568445495703e+01
4.679727421874999891e+02,-8.359152442388391080e+01
4.679730351562500346e+02,-8.606063412425596937e+01
4.679733281250000232e+02,-8.691019340708007235e+01
4.679736210937500118e+02,-8.470285170591469637e+01
4.679739140625000005e+02,-8.758780661962944691e+01
4.679742070312499891e+02,-9.411922182162626882e+01
4.679745000000000346e+02,-9.488460382539508942e+01
4.679747929687500232e+02,-9.001320892220331871e+01
4.679750859375000118e+02,-8.994930139916478140e+01
4.679753789062500005e+02,-8.771433327883947584e+01
4.679756718749999891e+02,-8.812007433115665833e+01
4.679759648437500346e+02,-9.181356411604477330e+01
4.679762578125000232e+02,-1.049477781524540632e+02
4.679765507812500118e+02,-9.044850936751190318e+01
4.679768437500000005e+02,-8.677357668725605322e+01
4.679771367187499891e+02,-8.759887174528871867e+01
4.679774296875000346e+02,-1.006327670231741109e+02
4.679777226562500232e+02,-9.952963878794776065e+01
4.679780156250000118e+02,-9.504962749282454126e+01
4.679783085937500005e+02,-8.445739573826054425e+01
4.679786015624999891e+02,-8.312425226068485529e+01
4.679788945312500346e+02,-9.643633368665206262e+01
4.679791875000000232e+02,-9.195922500145086076e+01
4.679794804687500118e+02,-9.369458337697686545e+01
4.679797734375000005e+02,-8.886544525042458531e+01
4.679800664062499891e+02,-8.984037881837642203e+01
4.679803593750000346e+02,-8.788593030497132474e+01
4.679806523437500232e+02,-8.484813939514882009e+01
4.679809453125000118e+02,-8.880885588904740757e+01
4.679812382812500005e+02,-9.692027999134228367e+01
4.679815312499999891e+02,-8.736326269458979255e+01
4.679818242187500346e+02,-9.061012031401119771e+01
4.679821171875000232e+02,-8.727902610338085765e+01
4.679824101562500118e+02,-9.418477093656071020e+01
4.679827031250000005e+02,-1.007046724144977645e+02
4.679829960937499891e+02,-9.922796287468365506e+01
4.679832890625000346e+02,-9.015839903860999982e+01
4.679835820312500232e+02,-9.149471513085975971e+01
4.679838750000000118e+02,-8.411538694748844591e+01
4.679841679687500005e+02,-8.933185681772941678e+01
4.679844609374999891e+02,-8.744382929613121291e+01
4.679847539062500346e+02,-8.829227671670130917e+01
4.679850468750000232e+02,-9.517970690099986086e+01
4.679853398437500118e+02,-8.687296828857446940e+01
4.679856328125000005e+02,-8.436100694924670051e+01
4.679859257812499891e+02,-8.556425182351532044e+01
4.679862187500000346e+02,-8.796445297422323506e+01
4.679865117187500232e+02,-8.938757015850436005e+01
4.679868046875000118e+02,-8.612333963652019975e+01
4.679870976562500005e+02,-8.483083597371924611e+01
4.679873906249999891e+02,-8.413679345010386612e+01
4.679876835937500346e+02,-8.571592461272675223e+01
4.679879765625000232e+02,-9.496787175862488084e+01
4.679882695312500118e+02,-9.310590302398688323e+01
4.679885625000000005e+02,-9.333231590848257042e+01
4.679888554687499891e+02,-9.222214329699289692e+01
4.679891484375000346e+02,-9.494618705912648693e+01
4.679894414062500232e+02,-9.758660716274961544e+01
4.679897343750000118e+02,-9.175719212335724251e+01
4.679900273437500005e+02,-8.535595332861811357e+01
4.679903203124999891e+02,-8.921505179764636750e+01
4.679906132812500346e+02,-9.042341935410985343e+01
4.679909062500000232e+02,-9.308481753895173938e+01
4.679911992187500118e+02,-8.657093196577996252e+01
4.679914921875000005e+02,-8.460343210976236605e+01
4.679917851562499891e+02,-8.534063050761989189e+01
4.679920781250000346e+02,-8.833352685314514474e+01
4.679923710937500232e+02,-8.537421092234914966e+01
4.679926640625000118e+02,-8.553408023620171718e+01
4.679929570312500005e+02,-8.956360680819257425e+01
4.679932499999999891e+02,-9.261182326335486437e+01
4.679935429687500346e+02,-1.062451680887562304e+02
4.679938359375000232e+02,-9.306861371531205407e+01
4.679941289062500118e+02,-8.417536033890058889e+01
4.679944218750000005e+02,-9.041579180569914342e+01
4.679947148437499891e+02,-8.822154852284698734e+01
4.679950078125000346e+02,-8.651136922035632892e+01
4.679953007812500232e+02,-8.423235862766608761e+01
4.679955937500000118e+02,-8.963042666183994811e+01
4.679958867187500005e+02,-8.157916219561998616e+01
4.679961796874999891e+02,-8.030922769422609520e+01
4.679964726562500346e+02,-8.702072519790887384e+01
4.679967656250000232e+02,-8.676079583217953939e+01
4.679970585937500118e+02,-1.016726264293172477e+02
4.679973515625000005e+02,-9.671840376531548600e+01
4.679976445312499891e+02,-8.862218444519726290e+01
4.679979375000000346e+02,-8.688893451993274653e+01
4.679982304687500232e+02,-1.086471048174691276e+02
4.679985234375000118e+02,-1.002879828105433262e+02
4.679988164062500005e+02,-9.936166163090858561e+01
4.679991093749999891e+02,-8.655757794820854656e+01
4.679994023437500346e+02,-9.145680063731941800e+01
4.679996953125000232e+02,-9.834343955765332623e+01
4.679999882812500118e+02,-9.229608223186446025e+01
4.680002812500000005e+02,-8.599225081449648656e+01
4.680005742187499891e+02,-8.702247182166280481e+01
4.680008671875000346e+02,-9.330984001403832906e+01
4.680011601562500232e+02,-8.335231409453058404e+01
4.680014531250000118e+02,-8.106220896309963564e+01
4.680017460937500005e+02,-8.128480387860703615e+01
4.680020390624999891e+02,-8.335095747876056294e+01
4.680023320312500346e+02,-9.380176043587613322e+01
4.680026250000000232e+02,-9.510261722973004339e+01
4.680029179687500118e+02,-8.570911931059612243e+01
4.680032109375000005e+02,-9.197603236589536380e+01
4.680035039062499891e+02,-9.638818420575974244e+01
4.680037968750000346e+02,-9.962734161597953175e+01
4.680040898437500232e+02,-9.005152271931771679e+01
4.680043828125000118e+02,-8.683320585397973446e+01
4.680046757812500005e+02,-8.837800061954558828e+01
4.680049687499999891e+02,-9.248857429761407900e+01
4.680052617187500346e+02,-8.872637811094733706e+01
4.680055546875000232e+02,-9.489799847359826401e+01
4.680058476562500118e+02,-8.612129919718965709e+01
4.680061406250000005e+02,-8.762830045319348926e+01
4.680064335937499891e+02,-9.375925252834596790e+01
4.680067265625000346e+02,-8.956067828567050526e+01
4.680070195312500232e+02,-8.669444856303917391e+01
4.680073125000000118e+02,-9.060675096608579793e+01
4.680076054687500005e+02,-9.823322123413448992e+01
4.680078984374999891e+02,-1.004297113644339845e+02
4.680081914062500346e+02,-9.174245246037271784e+01
4.680084843750000232e+02,-9.183191137506476309e+01
4.680087773437500118e+02,-8.578031265008607420e+01
4.680090703125000005e+02,-9.100650376390885299e+01
4.680093632812499891e+02,-9.734532681766120277e+01
4.680096562500000346e+02,-8.470476677450201919e+01
4.680099492187500232e+02,-9.160828342271636870e+01
4.680102421875000118e+02,-8.387726481654920008e+01
4.680105351562500005e+02,-8.944869065214095372e+01
4.680108281249999891e+02,-8.483737818678980602e+01
4.680111210937500346e+02,-8.528423667376279127e+01
4.680114140625000232e+02,-8.549970685586586683e+01
4.680117070312500118e+02,-8.584558691785048268e+01
4.680120000000000005e+02,-8.753717505701541768e+01
4.680122929687499891e+02,-9.155763021780393274e+01
4.680125859375000346e+02,-9.138425844802938514e+01
4.680128789062500232e+02,-8.596112204818345504e+01
4.680131718750000118e+02,-8.460226428506680918e+01
4.680134648437500005e+02,-8.665114803747856342e+01
4.680137578124999891e+02,-9.727313366306756848e+01
4.680140507812500346e+02,-9.544917913593710068e+01
4.680143437500000232e+02,-1.046388084457685039e+02
4.680146367187500118e+02,-9.504557890534425724e+01
4.680149296875000005e+02,-9.177292177401291440e+01
4.680152226562499891e+02,-8.288839716597047413e+01
4.680155156250000346e+02,-8.433492599812304036e+01
4.680158085937500232e+02,-9.937470624822792331e+01
4.680161015625000118e+02,-1.008537528110628756e+02
4.680163945312500005e+02,-9.349321748551702171e+01
4.680166874999999891e+02,-9.301190053579517780e+01
4.680169804687500346e+02,-9.190346291850104876e+01
4.680172734375000232e+02,-9.340364312613857578e+01
4.680175664062500118e+02,-8.691362824522349229e+01
4.680178593750000005e+02,-8.691739629838336612e+01
4.680181523437499891e+02,-9.056752968863698072e+01
4.680184453125000346e+02,-9.924054188501173712e+01
4.680187382812500232e+02,-8.809399266932886974e+01
4.680190312500000118e+02,-8.851282630186179290e+01
4.680193242187500005e+02,-9.318105612519138958e+01
4.680196171874999891e+02,-9.763943715923875288e+01
4.680199101562500346e+02,-1.000158811059297363e+02
4.680202031250000232e+02,-8.547096999695779118e+01
4.680204960937500118e+02,-8.861436933644229441e+01
4.680207890625000005e+02,-9.185727661661262289e+01
4.680210820312499891e+02,-9.720323193802883566e+01
4.680213750000000346e+02,-1.393019674322362107e+02
4.680216679687500232e+02,-9.510451300965215182e+01
4.680219609375000118e+02,-1.152087019508292940e+02
4.680222539062500005e+02,-9.578086612799833688e+01
4.680225468749999891e+02,-1.072596684252380896e+02
4.680228398437500346e+02,-9.600286054271739999e+01
4.680231328125000232e+02,-9.065411129675678126e+01
4.680234257812500118e+02,-9.089789900605711637e+01
4.680237187500000005e+02,-1.084002150787779613e+02
4.680240117187499891e+02,-9.693058541420509755e+01
4.680243046875000346e+02,-8.209996177374605963e+01
4.680245976562500232e+02,-8.551537365106941024e+01
4.680248906250000118e+02,-9.858176883074348495e+01
4.680251835937500005e+02,-1.000733131902418620e+02
4.680254765624999891e+02,-8.739996220150744932e+01
4.680257695312500346e+02,-8.642120673585736768e+01
4.680260625000000232e+02,-9.139393839120978669e+01
4.680263554687500118e+02,-9.618783109288649769e+01
4.680266484375000005e+02,-9.176937235843001872e+01
4.680269414062499891e+02,-9.116489520789856726e+01
4.680272343750000346e+02,-8.253666739602137170e+01
4.680275273437500232e+02,-8.181355921181480539e+01
4.680278203125000118e+02,-8.701512070437603086e+01
4.680281132812500005e+02,-8.629545979204741002e+01
4.680284062499999891e+02,-9.381021514875529022e+01
4.680286992187500346e+02,-9.001232030687631891e+01
4.680289921875000232e+02,-9.324013096562565295e+01
4.680292851562500118e+02,-8.817934410180542670e+01
4.680295781250000005e+02,-9.086695734283796355e+01
4.680298710937499891e+02,-8.756291150169377602e+01
4.680301640625000346e+02,-9.317835074678086471e+01
4.680304570312500232e+02,-8.370790970572593892e+01
4.680307500000000118e+02,-1.010398853034546107e+02
4.680310429687500005e+02,-8.842550841397414274e+01
4.680313359374999891e+02,-1.021715545329028174e+02
4.680316289062500346e+02,-9.239918672805362121e+01
4.680319218750000232e+02,-8.731614204093916953e+01
4.680322148437500118e+02,-1.040275045770781759e+02
4.680325078125000005e+02,-1.139860920816708756e+02
4.680328007812499891e+02,-9.032799005850223750e+01
4.680330937500000346e+02,-8.963438088514774904e+01
4.680333867187500232e+02,-9.097295903640866754e+01
4.680336796875000118e+02,-9.123720381726364792e+01
4.680339726562500005e+02,-8.885240967226179976e+01
4.680342656249999891e+02,-8.845566025259873300e+01
4.680345585937500346e+02,-9.079307896881039142e+01
4.680348515625000232e+02,-9.117002024426886919e+01
4.680351445312500118e+02,-9.243956084858146482e+01
4.680354375000000005e+02,-9.277620762997629811e+01
4.680357304687499891e+02,-9.882633306554582475e+01
4.680360234375000346e+02,-8.866312468604319008e+01
4.680363164062500232e+02,-8.688046840864970477e+01
4.680366093750000118e+02,-9.027362069409130640e+01
4.680369023437500005e+02,-8.847489371570131311e+01
4.680371953124999891e+02,-9.086900215416049775e+01
4.680374882812500346e+02,-9.324982786096992982e+01
4.680377812500000232e+02,-9.125474232363545468e+01
4.680380742187500118e+02,-9.619814117097341466e+01
4.680383671875000005e+02,-9.277169926111709231e+01
4.680386601562499891e+02,-9.192503577493067723e+01
4.680389531250000346e+02,-8.576366310089112233e+01
4.680392460937500232e+02,-8.380774120394215743e+01
4.680395390625000118e+02,-8.791279679066484221e+01
4.680398320312500005e+02,-9.262474613423030689e+01
4.680401249999999891e+02,-8.785736090131878484e+01
4.680404179687500346e+02,-9.027520487683867145e+01
4.680407109375000232e+02,-8.755483320120184487e+01
4.680410039062500118e+02,-8.626489300457171794e+01
4.680412968750000005e+02,-8.812633939716896236e+01
4.680415898437499891e+02,-9.068055400729322457e+01
4.680418828125000346e+02,-9.348198755871268872e+01
4.680421757812500232e+02,-8.997486684059848017e+01
4.680424687500000118e+02,-8.214546709898259280e+01
4.680427617187500005e+02,-8.216213435482929128e+01
4.680430546874999891e+02,-9.163673276187284955e+01
4.680433476562500346e+02,-9.334192699114433367e+01
4.680436406250000232e+02,-9.273050124009117212e+01
4.680439335937500118e+02,-9.223109522962303686e+01
4.680442265625000005e+02,-8.899883733816081133e+01
4.680445195312499891e+02,-9.269633516588481825e+01
4.680448125000000346e+02,-9.953950254572107781e+01
4.680451054687500232e+02,-9.524047716814450837e+01
4.680453984375000118e+02,-8.664459777002080898e+01
4.680456914062500005e+02,-9.558449338714467558e+01
4.680459843749999891e+02,-9.319940231701042421e+01
4.680462773437500346e+02,-9.164240678953811425e+01
4.680465703125000232e+02,-9.479785787646386552e+01
4.680468632812500118e+02,-9.567719617939499699e+01
4.680471562500000005e+02,-9.844639406224958122e+01
4.680474492187499891e+02,-9.463320687216199190e+01
4.680477421875000346e+02,-9.889476647924124109e+01
4.680480351562500232e+02,-9.600214995742616964e+01
4.680483281250000118e+02,-9.116305496687785137e+01
4.680486210937500005e+02,-9.779120633257187478e+01
4.680489140624999891e+02,-1.058395042630741187e+02
4.680492070312500346e+02,-8.686895270823937665e+01
4.680495000000000232e+02,-9.038919663174026198e+01
4.680497929687500118e+02,-9.520704278316316049e+01
4.680500859375000005e+02,-9.326926507691874235e+01
4.680503789062499891e+02,-9.041918412713658881e+01
4.680506718750000346e+02,-9.962660518244221919e+01
4.680509648437500232e+02,-9.041146491463449308e+01
4.680512578125000118e+02,-8.996775964956864868e+01
4.680515507812500005e+02,-8.753230648717818951e+01
4.680518437499999891e+02,-8.734336838104596268e+01
4.680521367187500346e+02,-9.220605203972809250e+01
4.680524296875000232e+02,-9.185339368963673223e+01
4.680527226562500118e+02,-9.622034086704553602e+01
4.680530156250000005e+02,-9.216221413214506697e+01
4.680533085937499891e+02,-8.949651278389809761e+01
4.680536015625000346e+02,-8.768771456764170580e+01
4.680538945312500232e+02,-8.950817194337795968e+01
4.680541875000000118e+02,-9.060694579052962183e+01
4.680544804687500005e+02,-8.853572760788445350e+01
4.680547734374999891e+02,-8.460423104579534481e+01
4.680550664062500346e+02,-8.341061429681695927e+01
4.680553593750000232e+02,-8.975612636553319135e+01
4.680556523437500118e+02,-9.921958597615422093e+01
4.680559453125000005e+02,-9.336975472804095944e+01
4.680562382812499891e+02,-9.579336530636234670e+01
4.680565312500000346e+02,-9.560721394584250277e+01
4.680568242187500232e+02,-8.861383641207541473e+01
4.680571171875000118e+02,-8.629540722180254875e+01
4.680574101562500005e+02,-1.104495739534169019e+02
4.680577031249999891e+02,-9.442441357849435235e+01
4.680579960937500346e+02,-8.755213979830905657e+01
4.680582890625000232e+02,-8.151581149065414422e+01
4.680585820312500118e+02,-9.135199895490254107e+01
4.680588750000000005e+02,-8.688451509092878666e+01
4.680591679687499891e+02,-9.883659215031913448e+01
4.680594609375000346e+02,-8.937452092659580671e+01
4.680597539062500232e+02,-9.209944570300859823e+01
4.680600468750000118e+02,-9.141834280947898606e+01
4.680603398437500005e+02,-9.693213949700739818e+01
4.680606328124999891e+02,-1.023146631820024766e+02
4.680609257812500346e+02,-9.852553934879743736e+01
4.680612187500000232e+02,-8.862236856417820263e+01
4.680615117187500118e+02,-8.765258437210405873e+01
4.680618046875000005e+02,-9.635200981978697143e+01
4.680620976562499891e+02,-9.382700044107735948e+01
4.680623906250000346e+02,-1.066111019233384383e+02
4.680626835937500232e+02,-8.569407356472105164e+01
4.680629765625000118e+02,-8.572289012459434332e+01
4.680632695312500005e+02,-8.538389465923147270e+01
4.680635624999999891e+02,-8.374841579108220913e+01
4.680638554687500346e+02,-8.458622970572355371e+01
4.680641484375000232e+02,-8.959529225472364544e+01
4.680644414062500118e+02,-9.957573182969844083e+01
4.680647343750000005e+02,-9.033365074400836647e+01
4.680650273437499891e+02,-9.889670181366372503e+01
4.680653203125000346e+02,-1.001128504097932534e+02
4.680656132812500232e+02,-9.745315709621618794e+01
4.680659062500000118e+02,-9.379005377628840279e+01
4.680661992187500005e+02,-9.651158625733310714e+01
4.680664921874999891e+02,-1.019436941617507557e+02
4.680667851562500346e+02,-9.005736584914536991e+01
4.680670781250000232e+02,-9.106475843831657357e+01
4.680673710937500118e+02,-1.027237925323949952e+02
4.680676640625000005e+02,-9.080696579245484656e+01
4.680679570312499891e+02,-8.928742387486812504e+01
4.680682500000000346e+02,-9.384569865909192288e+01
4.680685429687500232e+02,-8.992463151528207277e+01
4.680688359375000118e+02,-8.671930138517959108e+01
4.680691289062500005e+02,-8.811358919255650335e+01
4.680694218749999891e+02,-8.570745230569326623e+01
4.680697148437500346e+02,-9.315695843819881361e+01
4.680700078125000232e+02,-9.561112972956097167e+01
4.680703007812500118e+02,-9.357730867010954512e+01
4.680705937500000005e+02,-8.891998986179953590e+01
4.680708867187499891e+02,-9.006315060888010748e+01
4.680711796875000346e+02,-9.182297022236977568e+01
4.680714726562500232e+02,-9.427692633674456602e+01
4.680717656250000118e+02,-8.915967813459039348e+01
4.680720585937500005e+02,-1.027422644176013335e+02
4.680723515624999891e+02,-8.982462374849390585e+01
4.680726445312500346e+02,-9.553614397215172005e+01
4.680729375000000232e+02,-8.658190536827687822e+01
4.680732304687500118e+02,-8.676221313561127602e+01
4.680735234375000005e+02,-9.065459678875997440e+01
4.680738164062499891e+02,-9.032581878640388595e+01
4.680741093750000346e+02,-1.026225097709089766e+02
4.680744023437500232e+02,-9.320760768788676387e+01
4.680746953125000118e+02,-9.825411252560039088e+01
4.680749882812500005e+02,-8.756077037144906683e+01
4.680752812499999891e+02,-9.123644650444461490e+01
4.680755742187500346e+02,-8.591859918603321944e+01
4.680758671875000232e+02,-9.027343966580518497e+01
4.680761601562500118e+02,-9.529353222416061442e+01
4.680764531250000005e+02,-9.996628825843683330e+01
4.680767460937499891e+02,-9.340064793053036851e+01
4.680770390625000346e+02,-8.843983780686600937e+01
4.680773320312500232e+02,-8.298191897971699404e+01
4.680776250000000118e+02,-8.317175633406222346e+01
4.680779179687500005e+02,-9.373754700180818134e+01
4.680782109374999891e+02,-9.733811717220385162e+01
4.680785039062500346e+02,-1.037278175352891481e+02
4.680787968750000232e+02,-9.625299747167233022e+01
4.680790898437500118e+02,-8.528861733097527065e+01
4.680793828125000005e+02,-8.907489387633447109e+01
4.680796757812499891e+02,-9.144981952918627144e+01
4.680799687500000346e+02,-9.448788950942180520e+01
4.680802617187500232e+02,-9.003141210546375817e+01
4.680805546875000118e+02,-9.097001665956378247e+01
4.680808476562500005e+02,-8.925150609963075965e+01
4.680811406249999891e+02,-8.855734859343749577e+01
4.680814335937500346e+02,-9.208303190218769885e+01
4.680817265625000232e+02,-9.698856523639186378e+01
4.680820195312500118e+02,-9.460142951888590801e+01
4.680823125000000005e+02,-8.821667974381858812e+01
4.680826054687499891e+02,-8.374418745256976138e+01
4.680828984375000346e+02,-8.868855251651925187e+01
4.680831914062500232e+02,-8.638617988216830668e+01
4.680834843750000118e+02,-8.364395567913351215e+01
4.680837773437500005e+02,-8.658729214314284661e+01
4.680840703124999891e+02,-8.673581016133627486e+01
4.680843632812500346e+02,-9.270239301709955271e+01
4.680846562500000232e+02,-9.680049189621999517e+01
4.680849492187500118e+02,-8.895756065659523415e+01
4.680852421875000005e+02,-8.540216475252387340e+01
4.680855351562499891e+02,-8.763760872811474201e+01
4.680858281250000346e+02,-9.431151496189984584e+01
4.680861210937500232e+02,-8.908722435597952938e+01
4.680864140625000118e+02,-7.742931451578677127e+01
4.680867070312500005e+02,-8.105725798664117576e+01
4.680869999999999891e+02,-1.175150883622156357e+02
4.680872929687500346e+02,-8.618201814640107727e+01
4.680875859375000232e+02,-8.873380113596995500e+01
4.680878789062500118e+02,-8.651338278536914572e+01
4.680881718750000005e+02,-8.804126858267366629e+01
4.680884648437499891e+02,-8.639838364179925634e+01
4.680887578125000346e+02,-8.520549691839551087e+01
4.680890507812500232e+02,-1.064758171794624388e+02
4.680893437500000118e+02,-9.142758226107608266e+01
4.680896367187500005e+02,-9.316206065663074298e+01
4.680899296874999891e+02,-9.178911260648190762e+01
4.680902226562500346e+02,-8.737756013620679596e+01
4.680905156250000232e+02,-8.216310091703071805e+01
4.680908085937500118e+02,-8.521859927763927089e+01
4.680911015625000005e+02,-9.831227472369374709e+01
4.680913945312499891e+02,-9.045851684096250267e+01
4.680916875000000346e+02,-9.110107616958740095e+01
4.680919804687500232e+02,-9.773644609429470620e+01
4.680922734375000118e+02,-9.285398571213349328e+01
4.680925664062500005e+02,-8.624036792558457876e+01
4.680928593749999891e+02,-8.979704871218557116e+01
4.680931523437500346e+02,-8.921946880717401029e+01
4.680934453125000232e+02,-8.628947142678407545e+01
4.680937382812500118e+02,-9.185009656956005131e+01
4.680940312500000005e+02,-9.104109883754358634e+01
4.680943242187499891e+02,-9.141295056227271232e+01
4.680946171875000346e+02,-9.005765216752315894e+01
4.680949101562500232e+02,-9.482368916050809560e+01
4.680952031250000118e+02,-9.829682908485381176e+01
4.680954960937500005e+02,-9.329215221204968600e+01
4.680957890624999891e+02,-8.706782885533152694e+01
4.680960820312500346e+02,-9.265005408039085921e+01
4.680963750000000232e+02,-8.995290991200658937e+01
4.680966679687500118e+02,-8.703625491692356775e+01
4.680969609375000005e+02,-9.282727892623979926e+01
4.680972539062499891e+02,-9.641489161592073742e+01
4.680975468750000346e+02,-9.133999162081367729e+01
4.680978398437500232e+02,-9.156450037389862473e+01
4.680981328125000118e+02,-9.549869649667763838e+01
4.680984257812500005e+02,-9.557841896885787492e+01
4.680987187499999891e+02,-9.429643913236074582e+01
4.680990117187500346e+02,-8.602751031238597079e+01
4.680993046875000232e+02,-8.957728281183383956e+01
4.680995976562500118e+02,-9.139174352688198155e+01
4.680998906250000005e+02,-8.991325483450928857e+01
4.681001835937499891e+02,-9.723805447992614859e+01
4.681004765625000346e+02,-9.180995386183083440e+01
4.681007695312500232e+02,-8.759905021761126420e+01
4.681010625000000118e+02,-8.773332582550223435e+01
4.681013554687500005e+02,-8.257700574470428023e+01
4.681016484374999891e+02,-8.525154147570941632e+01
4.681019414062500346e+02,-9.204619125451885964e+01
4.681022343750000232e+02,-9.372944330652589429e+01
4.681025273437500118e+02,-9.720617040489484850e+01
4.681028203125000005e+02,-8.615886454705668029e+01
4.681031132812499891e+02,-8.527128766522642422e+01
4.681034062500000346e+02,-9.148713737131546964e+01
4.681036992187500232e+02,-9.027589667518256533e+01
4.681039921875000118e+02,-9.114984547244230839e+01
4.681042851562500005e+02,-8.700343643100350732e+01
4.681045781249999891e+02,-8.707962544333594224e+01
4.681048710937500346e+02,-8.771441799908687642e+01
4.681051640625000232e+02,-9.041900033554396998e+01
4.681054570312500118e+02,-9.707459761069380022e+01
4.681057500000000005e+02,-9.677502525091163932e+01
4.681060429687499891e+02,-1.026282201785266750e+02
4.681063359375000346e+02,-9.016934426044196016e+01
4.681066289062500232e+02,-9.015337062552787017e+01
4.681069218750000118e+02,-9.242906227871102942e+01
4.681072148437500005e+02,-8.970534943503402303e+01
4.681075078124999891e+02,-1.056618360384400717e+02
4.681078007812500346e+02,-9.142191341712450026e+01
4.681080937500000232e+02,-9.037280847509798321e+01
4.681083867187500118e+02,-9.399607878836323493e+01
4.681086796875000005e+02,-8.749951301761241496e+01
4.681089726562499891e+02,-8.968051572274515593e+01
4.681092656250000346e+02,-9.077937284173890475e+01
4.681095585937500232e+02,-9.089168213310698263e+01
4.681098515625000118e+02,-8.904184565093623860e+01
4.681101445312500005e+02,-9.010233927375662688e+01
4.681104374999999891e+02,-9.866242775388323594e+01
4.681107304687500346e+02,-9.894439325622228409e+01
4.681110234375000232e+02,-8.959668973895372801e+01
4.681113164062500118e+02,-9.228953707498067160e+01
4.681116093750000005e+02,-8.885539290670993751e+01
4.681119023437499891e+02,-9.601324550168902761e+01
4.681121953125000346e+02,-9.294420015940006863e+01
4.681124882812500232e+02,-8.458166948676722541e+01
4.681127812500000118e+02,-8.864739812285357345e+01
4.681130742187500005e+02,-8.694913380164237537e+01
4.681133671874999891e+02,-8.400311067175735502e+01
4.681136601562500346e+02,-9.215301164082737273e+01
4.681139531250000232e+02,-9.117156694849528265e+01
4.681142460937500118e+02,-8.778844895487247868e+01
4.681145390625000005e+02,-9.444343792830848372e+01
4.681148320312499891e+02,-9.426569139655187257e+01
4.681151250000000346e+02,-9.541746578864879780e+01
4.681154179687500232e+02,-8.998542892228655887e+01
4.681157109375000118e+02,-1.039757869838049373e+02
4.681160039062500005e+02,-9.653537025119355519e+01
4.681162968749999891e+02,-1.018048292841174174e+02
4.681165898437500346e+02,-1.002149781016578629e+02
4.681168828125000232e+02,-9.235164565671288983e+01
4.681171757812500118e+02,-8.450602753911029197e+01
4.681174687500000005e+02,-8.769306697592239175e+01
4.681177617187499891e+02,-1.040133938154297084e+02
4.681180546875000346e+02,-9.386072770890443451e+01
4.681183476562500232e+02,-9.368808224047205613e+01
4.681186406250000118e+02,-9.326706349785582972e+01
4.681189335937500005e+02,-9.748365383472787471e+01
4.681192265624999891e+02,-9.855064481137307553e+01
4.681195195312500346e+02,-9.851259499704310940e+01
4.681198125000000232e+02,-9.507609009886429874e+01
4.681201054687500118e+02,-1.036606054139880229e+02
4.681203984375000005e+02,-1.014746439456374247e+02
4.681206914062499891e+02,-9.571382759464925982e+01
4.681209843750000346e+02,-9.768432231744797889e+01
4.681212773437500232e+02,-1.079140212985700771e+02
4.681215703125000118e+02,-9.142595526651538762e+01
4.681218632812500005e+02,-8.657911535069320053e+01
4.681221562499999891e+02,-8.451193357574767617e+01
4.681224492187500346e+02,-8.778676132691836642e+01
4.681227421875000232e+02,-9.583672953511985781e+01
4.681230351562500118e+02,-1.020040119671945718e+02
4.681233281250000005e+02,-9.388813489952163138e+01
4.681236210937499891e+02,-9.983493762553385409e+01
4.681239140625000346e+02,-9.868480856328773143e+01
4.681242070312500232e+02,-1.014008590211197003e+02
4.681245000000000118e+02,-8.882365758938945532e+01
4.681247929687500005e+02,-9.036023618472030705e+01
4.681250859374999891e+02,-8.953685266138174370e+01
4.681253789062500346e+02,-9.155497693654375269e+01
4.681256718750000232e+02,-9.295886396752933933e+01
4.681259648437500118e+02,-8.753619364901047106e+01
4.681262578125000005e+02,-1.021090643171200725e+02
4.681265507812499891e+02,-9.231153376060241555e+01
4.681268437500000346e+02,-9.073255514912366948e+01
4.681271367187500232e+02,-8.591028655326550734e+01
4.681274296875000118e+02,-8.962162974337636001e+01
4.681277226562500005e+02,-9.200298333783064209e+01
4.681280156249999891e+02,-9.191550077876443936e+01
4.681283085937500346e+02,-9.373782556774858676e+01
4.681286015625000232e+02,-8.836898015510371351e+01
4.681288945312500118e+02,-8.775056979898067766e+01
4.681291875000000005e+02,-9.919933681874832132e+01
4.681294804687499891e+02,-9.036977902226124115e+01
4.681297734375000346e+02,-9.056183914150757630e+01
4.681300664062500232e+02,-9.125273975430458506e+01
4.681303593750000118e+02,-9.330254588277020389e+01
4.681306523437500005e+02,-9.116259323378129409e+01
4.681309453124999891e+02,-9.514234528121693302e+01
4.681312382812500346e+02,-9.302252630136436551e+01
4.681315312500000232e+02,-9.920472014210874079e+01
4.681318242187500118e+02,-8.898774429165212041e+01
4.681321171875000005e+02,-9.764833386980099306e+01
4.681324101562499891e+02,-8.915531733054338304e+01
4.681327031250000346e+02,-8.690131680717132667e+01
4.681329960937500232e+02,-9.072622600986417751e+01
4.681332890625000118e+02,-9.006302289339986089e+01
4.681335820312500005e+02,-8.966432634145347436e+01
4.681338749999999891e+02,-8.795581737288999591e+01
4.681341679687500346e+02,-9.062873227477942351e+01
4.681344609375000232e+02,-8.882370002617196292e+01
4.681347539062500118e+02,-9.730064087252031868e+01
4.681350468750000005e+02,-1.058025863314485093e+02
4.681353398437499891e+02,-8.732610730501414764e+01
4.681356328125000346e+02,-8.672783973418509618e+01
4.681359257812500232e+02,-8.802255983681328644e+01
4.681362187500000118e+02,-9.565237760073678430e+01
4.681365117187500005e+02,-1.006465085201457867e+02
4.681368046874999891e+02,-9.904372587830133057e+01
4.681370976562500346e+02,-9.155114397414116922e+01
4.681373906250000232e+02,-9.256054912026563386e+01
4.681376835937500118e+02,-9.403353867405360234e+01
4.681379765625000005e+02,-9.428881507228281578e+01
4.681382695312499891e+02,-9.069471034415133204e+01
4.681385625000000346e+02,-8.902571886034030513e+01
4.681388554687500232e+02,-9.085571359650083423e+01
4.681391484375000118e+02,-9.254433397855675025e+01
4.681394414062500005e+02,-9.876422288652943848e+01
4.681397343749999891e+02,-1.006105265706825094e+02
4.681400273437500346e+02,-9.237360968700409103e+01
4.681403203125000232e+02,-8.814157039739484389e+01
4.681406132812500118e+02,-9.463299927348177221e+01
4.681409062500000005e+02,-1.046911433618560636e+02
4.681411992187499891e+02,-9.900312180464652556e+01
4.681414921875000346e+02,-9.083448791705748704e+01
4.681417851562500232e+02,-9.085933642767132312e+01
4.681420781250000118e+02,-9.530914480748333517e+01
4.681423710937500005e+02,-9.943529946826450328e+01
4.681426640624999891e+02,-8.934510046465038613e+01
4.681429570312500346e+02,-8.880137113687862893e+01
4.681432500000000232e+02,-9.125188660648818484e+01
4.681435429687500118e+02,-9.776398449254649847e+01
4.681438359375000005e+02,-9.537278623075363271e+01
4.681441289062499891e+02,-1.008746331085572336e+02
4.681444218750000346e+02,-8.703062807626837127e+01
4.681447148437500232e+02,-8.868261525109451782e+01
4.681450078125000118e+02,-9.157056443442613158e+01
4.681453007812500005e+02,-9.787370695623101824e+01
4.681455937499999891e+02,-9.220460750724546983e+01
4.681458867187500346e+02,-9.234073501271598161e+01
4.681461796875000232e+02,-9.535690130594566938e+01
4.681464726562500118e+02,-1.052729955475661541e+02
4.681467656250000005e+02,-9.913884269493216550e+01
4.681470585937499891e+02,-9.396543085910117554e+01
4.681473515625000346e+02,-9.137607895801838254e+01
4.681476445312500232e+02,-9.246467681268613603e+01
4.681479375000000118e+02,-9.581202437471391420e+01
4.681482304687500005e+02,-8.822643688664486206e+01
4.681485234374999891e+02,-8.977357633720686181e+01
4.681488164062500346e+02,-9.399970792063341207e+01
4.681491093750000232e+02,-9.756961129296828972e+01
4.681494023437500118e+02,-9.051836203436897677e+01
4.681496953125000005e+02,-9.058997567641063142e+01
4.681499882812499891e+02,-9.531379961724425698e+01
4.681502812500000346e+02,-1.023819220354747159e+02
4.681505742187500232e+02,-9.275481865053541242e+01
4.681508671875000118e+02,-9.241569382430610347e+01
4.681511601562500005e+02,-9.780914618082934453e+01
4.681514531249999891e+02,-1.027302651756265561e+02
4.681517460937500346e+02,-1.016824970523869922e+02
4.681520390625000232e+02,-9.577601763467319529e+01
4.681523320312500118e+02,-9.422578216176937360e+01
4.681526250000000005e+02,-1.007314493445147860e+02
4.681529179687499891e+02,-9.815221650678203957e+01
4.681532109375000346e+02,-9.044926169067414889e+01
4.681535039062500232e+02,-9.221073232513775508e+01
4.681537968750000118e+02,-1.290968692906811839e+02
4.681540898437500005e+02,-1.033889122966655520e+02
4.681543828124999891e+02,-9.571896656341125720e+01
4.681546757812500346e+02,-9.461937812280999083e+01
4.681549687500000232e+02,-8.922973726283268547e+01
4.681552617187500118e+02,-1.032213907325019875e+02
4.681555546875000005e+02,-1.001543229941167112e+02
4.681558476562499891e+02,-1.000108255953471428e+02
4.681561406250000346e+02,-9.065321853178895140e+01
4.681564335937500232e+02,-9.062096350183729498e+01
4.681567265625000118e+02,-9.447822904979567227e+01
4.681570195312500005e+02,-9.649707221684074909e+01
4.681573124999999891e+02,-9.068542530234203980e+01
4.681576054687500346e+02,-9.232168091284670197e+01
4.681578984375000232e+02,-9.339566736305245342e+01
4.681581914062500118e+02,-9.195238553395256531e+01
4.681584843750000005e+02,-9.906785847631640252e+01
4.681587773437499891e+02,-1.079348833801604997e+02
4.681590703125000346e+02,-9.339257876509576306e+01
4.681593632812500232e+02,-9.925056506415393187e+01
4.681596562500000118e+02,-9.461935940775188669e+01
4.681599492187500005e+02,-8.572299571971549881e+01
4.681602421874999891e+02,-9.054168789499871650e+01
4.681605351562500346e+02,-1.077648143625544037e+02
4.681608281250000232e+02,-9.978666858059304445e+01
4.681611210937500118e+02,-1.071442852784761612e+02
4.681614140625000005e+02,-9.972437554347023081e+01
4.681617070312499891e+02,-9.594149549154700196e+01
4.681620000000000346e+02,-9.088896999241418939e+01
4.681622929687500232e+02,-8.905101741632043399e+01
4.681625859375000118e+02,-8.691336261133164953e+01
4.681628789062500005e+02,-8.832722554133678727e+01
4.681631718749999891e+02,-9.272464790171012794e+01
4.681634648437500346e+02,-9.115021107338650097e+01
4.681637578125000232e+02,-8.714962452455762332e+01
4.681640507812500118e+02,-8.995181457259380409e+01
4.681643437500000005e+02,-9.225298148327341607e+01
4.681646367187499891e+02,-9.037504480708622623e+01
4.681649296875000346e+02,-9.026319646714874523e+01
4.681652226562500232e+02,-9.527762937732006776e+01
4.681655156250000118e+02,-9.973311687734975806e+01
4.681658085937500005e+02,-8.885674054815441991e+01
4.681661015624999891e+02,-9.207460025221016053e+01
4.681663945312500346e+02,-9.702306486269102948e+01
4.681666875000000232e+02,-9.373698674041726520e+01
4.681669804687500118e+02,-8.541136195038387768e+01
4.681672734375000005e+02,-8.823204823554986831e+01
4.681675664062499891e+02,-8.887758994772197241e+01
4.681678593750000346e+02,-8.746290116647918467e+01
4.681681523437500232e+02,-9.172678292450456183e+01
4.681684453125000118e+02,-9.755845322971538280e+01
4.681687382812500005e+02,-9.475062436375927177e+01
4.681690312499999891e+02,-9.848163974709008528e+01
4.681693242187500346e+02,-1.006844753688149581e+02
4.681696171875000232e+02,-1.031918029661169669e+02
4.681699101562500118e+02,-8.871609091849506967e+01
4.681702031250000005e+02,-8.595912740440607536e+01
4.681704960937499891e+02,-9.901462966876454175e+01
4.681707890625000346e+02,-1.099764380590411150e+02
4.681710820312500232e+02,-9.611099205828693925e+01
4.681713750000000118e+02,-8.991813408284704678e+01
4.681716679687500005e+02,-8.986111558811359146e+01
4.681719609374999891e+02,-9.173312155252173739e+01
4.681722539062500346e+02,-9.755925961437171168e+01
4.681725468750000232e+02,-1.008229290265583700e+02
4.681728398437500118e+02,-9.609154229852599371e+01
4.681731328125000005e+02,-9.640425067728432396e+01
4.681734257812499891e+02,-9.176421507138198308e+01
4.681737187500000346e+02,-9.268043433532187692e+01
4.681740117187500232e+02,-8.896362752692439813e+01
4.681743046875000118e+02,-8.961179562070341831e+01
4.681745976562500005e+02,-9.400474891166597047e+01
4.681748906249999891e+02,-9.261428464868900789e+01
4.681751835937500346e+02,-8.804039248367972448e+01
4.681754765625000232e+02,-9.191368749608565736e+01
4.681757695312500118e+02,-9.115977006922834391e+01
4.681760625000000005e+02,-9.556142365448152987e+01
4.681763554687499891e+02,-8.563701228417781408e+01
4.681766484375000346e+02,-8.753562741465390218e+01
4.681769414062500232e+02,-9.712345189662762834e+01
4.681772343750000118e+02,-9.522089649562944658e+01
4.681775273437500005e+02,-9.095517409105612217e+01
4.681778203124999891e+02,-9.360703144721401259e+01
4.681781132812500346e+02,-9.185851637765301803e+01
4.681784062500000232e+02,-8.866672991459402908e+01
4.681786992187500118e+02,-8.952388589184511147e+01
4.681789921875000005e+02,-9.407071385592416846e+01
4.681792851562499891e+02,-8.761610100406295487e+01
4.681795781250000346e+02,-9.250211192414029426e+01
4.681798710937500232e+02,-8.847972059724793326e+01
4.681801640625000118e+02,-9.332191914776755937e+01
4.681804570312500005e+02,-9.555174002957174650e+01
4.681807499999999891e+02,-9.908417899089667458e+01
4.681810429687500346e+02,-9.565675751963139817e+01
4.681813359375000232e+02,-8.935254498483206476e+01
4.681816289062500118e+02,-8.901108265088356575e+01
4.681819218750000005e+02,-9.787352261391066577e+01
4.681822148437499891e+02,-1.114306955035841753e+02
4.681825078125000346e+02,-9.906613563022904145e+01
4.681828007812500232e+02,-9.021517920722665451e+01
4.681830937500000118e+02,-8.670139172992142562e+01
4.681833867187500005e+02,-9.047569903388878743e+01
4.681836796874999891e+02,-8.988576189086337820e+01
4.681839726562500346e+02,-8.762503604486745701e+01
4.681842656250000232e+02,-8.622658363529525616e+01
4.681845585937500118e+02,-8.686314554588253145e+01
4.681848515625000005e+02,-9.796643114570423450e+01
4.681851445312499891e+02,-9.424480785079438760e+01
4.681854375000000346e+02,-9.746726811084882058e+01
4.681857304687500232e+02,-1.058950289623567755e+02
4.681860234375000118e+02,-9.134910682772586199e+01
4.681863164062500005e+02,-9.137246415532985111e+01
4.681866093749999891e+02,-9.161278749600832327e+01
4.681869023437500346e+02,-9.991364911848650365e+01
4.681871953125000232e+02,-8.956528659551749172e+01
4.681874882812500118e+02,-9.034995593757420806e+01
4.681877812500000005e+02,-9.718179878322125376e+01
4.681880742187499891e+02,-9.140076180693100127e+01
4.681883671875000346e+02,-8.854716519390808571e+01
4.681886601562500232e+02,-8.926249796271535786e+01
4.681889531250000118e+02,-9.594903910852933393e+01
4.681892460937500005e+02,-8.968455589816278462e+01
4.681895390624999891e+02,-8.513871369989368532e+01
4.681898320312500346e+02,-9.415968327522016068e+01
4.681901250000000232e+02,-9.066648302391094205e+01
4.681904179687500118e+02,-9.502199257889768091e+01
4.681907109375000005e+02,-8.908216247841060920e+01
4.681910039062499891e+02,-8.453060285623026004e+01
4.681912968750000346e+02,-9.031235849252280445e+01
4.681915898437500232e+02,-1.013387376986569279e+02
4.681918828125000118e+02,-9.617988926703239372e+01
4.681921757812500005e+02,-9.144028288629019130e+01
4.681924687499999891e+02,-9.875932198493308078e+01
4.681927617187500346e+02,-1.052630715798385665e+02
4.681930546875000232e+02,-1.067972873944598291e+02
4.681933476562500118e+02,-1.032561548883219587e+02
4.681936406250000005e+02,-9.552896474940379790e+01
4.681939335937499891e+02,-1.001685647196674438e+02
4.681942265625000346e+02,-8.987228737797931899e+01
4.681945195312500232e+02,-9.077826312106523687e+01
4.681948125000000118e+02,-9.556858352018903702e+01
4.681951054687500005e+02,-9.171347269202107100e+01
4.681953984374999891e+02,-9.784947788558505977e+01
4.681956914062500346e+02,-9.691976772338662727e+01
4.681959843750000232e+02,-9.723267061088597529e+01
4.681962773437500118e+02,-9.978719281422202414e+01
4.681965703125000005e+02,-1.068513800076307376e+02
4.681968632812499891e+02,-9.453952585140930864e+01
4.681971562500000346e+02,-9.463668890617319107e+01
4.681974492187500232e+02,-1.073966115251195390e+02
4.681977421875000118e+02,-9.364059241606003070e+01
4.681980351562500005e+02,-9.359379115152214013e+01
4.681983281249999891e+02,-1.022429652916006262e+02
4.681986210937500346e+02,-9.496314094274470108e+01
4.681989140625000232e+02,-1.039498769925316282e+02
4.681992070312500118e+02,-1.023726541892599329e+02
4.681995000000000005e+02,-9.492358562017203383e+01
4.681997929687499891e+02,-8.910765313833726964e+01
4.682000859375000346e+02,-9.305383834763135553e+01
4.682003789062500232e+02,-9.699281160355999987e+01
4.682006718750000118e+02,-1.028250867934070101e+02
4.682009648437500005e+02,-9.150239699772681945e+01
4.682012578124999891e+02,-9.549088129112435297e+01
4.682015507812500346e+02,-9.407371788766997156e+01
4.682018437500000232e+02,-8.761701601160729069e+01
4.682021367187500118e+02,-9.240363980410351985e+01
4.682024296875000005e+02,-9.370043889218797517e+01
4.682027226562499891e+02,-9.180548186111505515e+01
4.682030156250000346e+02,-9.753867989469496536e+01
4.682033085937500232e+02,-9.636033067081521608e+01
4.682036015625000118e+02,-9.238136791905625955e+01
4.682038945312500005e+02,-9.276538696397284411e+01
4.682041874999999891e+02,-1.054569323542581287e+02
4.682044804687500346e+02,-9.197144822900375516e+01
4.682047734375000232e+02,-9.520104244777124336e+01
4.682050664062500118e+02,-9.979258952468916277e+01
4.682053593750000005e+02,-9.050730774719178839e+01
4.682056523437499891e+02,-1.015844848171953885e+02
4.682059453125000346e+02,-9.150225715928485215e+01
4.682062382812500232e+02,-9.557055636080647787e+01
4.682065312500000118e+02,-8.871221007050012020e+01
4.682068242187500005e+02,-8.902151548910694601e+01
4.682071171874999891e+02,-9.484580205064310121e+01
4.682074101562500346e+02,-9.901788702407273490e+01
4.682077031250000232e+02,-1.080338113746683035e+02
4.682079960937500118e+02,-9.644898083002233591e+01
4.682082890625000005e+02,-9.359168452263789106e+01
4.682085820312499891e+02,-9.096602326415506923e+01
4.682088750000000346e+02,-9.299048923656044963e+01
4.682091679687500232e+02,-1.025294117630707547e+02
4.682094609375000118e+02,-9.578404736732950653e+01
4.682097539062500005e+02,-1.002576644408265452e+02
4.682100468749999891e+02,-9.182461185682420535e+01
4.682103398437500346e+02,-9.654091576019011711e+01
4.682106328125000232e+02,-1.102818149561113614e+02
4.682109257812500118e+02,-9.943919554712411468e+01
4.682112187500000005e+02,-8.561966555373138021e+01
4.682115117187499891e+02,-9.057788834065038941e+01
4.682118046875000346e+02,-1.021520522593077374e+02
4.682120976562500232e+02,-1.013945921591303687e+02
4.682123906250000118e+02,-9.067335889447940644e+01
4.682126835937500005e+02,-9.298010879824258268e+01
4.682129765624999891e+02,-9.579411494158736673e+01
4.682132695312500346e+02,-9.702463536871232463e+01
4.682135625000000232e+02,-9.574290501641743845e+01
4.682138554687500118e+02,-8.797391360109976688e+01
4.682141484375000005e+02,-8.950668889400736816e+01
4.682144414062499891e+02,-9.246239492474735755e+01
4.682147343750000346e+02,-9.317582004985075628e+01
4.682150273437500232e+02,-9.872734383956813531e+01
4.682153203125000118e+02,-9.949913158535856894e+01
4.682156132812500005e+02,-9.074577477801882708e+01
4.682159062499999891e+02,-8.910168684144095153e+01
4.682161992187500346e+02,-9.066747655635583669e+01
4.682164921875000232e+02,-8.685848850952554301e+01
4.682167851562500118e+02,-8.782156865441757532e+01
4.682170781250000005e+02,-9.484537459764138134e+01
4.682173710937499891e+02,-9.537112684907722837e+01
4.682176640625000346e+02,-9.136008115027122756e+01
4.682179570312500232e+02,-1.063312522461349516e+02
4.682182500000000118e+02,-9.692448822517926033e+01
4.682185429687500005e+02,-9.301428600281917625e+01
4.682188359374999891e+02,-9.031780532628722824e+01
4.682191289062500346e+02,-9.280712754331011638e+01
4.682194218750000232e+02,-9.112447931968534931e+01
4.682197148437500118e+02,-9.441608494537420881e+01
4.682200078125000005e+02,-9.006838197566392523e+01
4.682203007812499891e+02,-9.083120705127809913e+01
4.682205937500000346e+02,-8.987698448454935374e+01
4.682208867187500232e+02,-9.110518477702419204e+01
4.682211796875000118e+02,-1.081634440923471630e+02
4.682214726562500005e+02,-9.583723687270963865e+01
4.682217656249999891e+02,-9.505924407950708144e+01
4.682220585937500346e+02,-9.721717025133838774e+01
4.682223515625000232e+02,-8.992803571991512968e+01
4.682226445312500118e+02,-9.597713500896890082e+01
4.682229375000000005e+02,-1.057598976662350196e+02
4.682232304687499891e+02,-9.313613989816025196e+01
4.682235234375000346e+02,-9.144256775064178555e+01
4.682238164062500232e+02,-9.770641086797363073e+01
4.682241093750000118e+02,-1.024276014146370812e+02
4.682244023437500005e+02,-9.516398609244964746e+01
4.682246953124999891e+02,-9.334053789196079265e+01
4.682249882812500346e+02,-1.013603720324582582e+02
4.682252812500000232e+02,-9.629523275050982534e+01
4.682255742187500118e+02,-9.122038422399864999e+01
4.682258671875000005e+02,-9.062370343827809904e+01
4.682261601562499891e+02,-9.907947104019388007e+01
4.682264531250000346e+02,-9.371718186844412912e+01
4.682267460937500232e+02,-1.089476793080156085e+02
4.682270390625000118e+02,-9.697004357993480994e+01
4.682273320312500005e+02,-9.047022721439321913e+01
4.682276249999999891e+02,-9.591531252344013581e+01
4.682279179687500346e+02,-8.850829524403911819e+01
4.682282109375000232e+02,-8.645691269358144382e+01
4.682285039062500118e+02,-1.002085906397128099e+02
4.682287968750000005e+02,-9.404819409920219186e+01
4.682290898437499891e+02,-9.600652847717006466e+01
4.682293828125000346e+02,-8.976464832326939813e+01
4.682296757812500232e+02,-8.968285445791174482e+01
4.682299687500000118e+02,-9.251522292122643876e+01
4.682302617187500005e+02,-9.317780316541630725e+01
4.682305546874999891e+02,-9.487598555470462713e+01
4.682308476562500346e+02,-9.654458020102408966e+01
4.682311406250000232e+02,-9.407876505996338778e+01
4.682314335937500118e+02,-1.032065396288026875e+02
4.682317265625000005e+02,-9.714873282910050989e+01
4.682320195312499891e+02,-9.592794558944417815e+01
4.682323125000000346e+02,-9.409358330155140493e+01
4.682326054687500232e+02,-9.505086469869540622e+01
4.682328984375000118e+02,-9.545444677298762315e+01
4.682331914062500005e+02,-9.974933506703926867e+01
4.682334843749999891e+02,-1.018745825239855094e+02
4.682337773437500346e+02,-1.006496088205604167e+02
4.682340703125000232e+02,-1.022282758687090620e+02
4.682343632812500118e+02,-9.863803075863987146e+01
4.682346562500000005e+02,-1.037806181636604208e+02
4.682349492187499891e+02,-9.482620882457923983e+01
4.682352421875000346e+02,-9.998177435177737493e+01
4.682355351562500232e+02,-9.243080916320317897e+01
4.682358281250000118e+02,-9.494182716531412325e+01
4.682361210937500005e+02,-9.239517470578132929e+01
4.682364140624999891e+02,-9.145798600116611965e+01
4.682367070312500346e+02,-9.036466121666011020e+01
4.682370000000000232e+02,-9.862341785979901942e+01
4.682372929687500118e+02,-9.869982188796240052e+01
4.682375859375000005e+02,-9.647007449944182156e+01
4.682378789062499891e+02,-9.885438881713145065e+01
4.682381718750000346e+02,-9.908067733564953983e+01
4.682384648437500232e+02,-9.470127138139520184e+01
4.682387578125000118e+02,-9.100654912667886265e+01
4.682390507812500005e+02,-9.844221378068363038e+01
4.682393437499999891e+02,-9.579920571431081555e+01
4.682396367187500346e+02,-9.003939546158362361e+01
4.682399296875000232e+02,-1.068055380937092593e+02
4.682402226562500118e+02,-1.031496881189728043e+02
4.682405156250000005e+02,-9.248295478923508028e+01
4.682408085937499891e+02,-8.660823847465110248e+01
4.682411015625000346e+02,-9.050338120320873259e+01
4.682413945312500232e+02,-9.507987529603627763e+01
4.682416875000000118e+02,-8.994278534445798812e+01
4.682419804687500005e+02,-9.007287113570183124e+01
4.682422734374999891e+02,-9.204651305134598260e+01
4.682425664062500346e+02,-9.037883153692908422e+01
4.682428593750000232e+02,-8.925907989137496656e+01
4.682431523437500118e+02,-9.170081767623528890e+01
4.682434453125000005e+02,-9.213582953961565636e+01
4.682437382812499891e+02,-9.033118996589364258e+01
4.682440312500000346e+02,-1.086455872795936131e+02
4.682443242187500232e+02,-9.299788623941321930e+01
4.682446171875000118e+02,-9.399718696773818749e+01
4.682449101562500005e+02,-8.827683539704992199e+01
4.682452031249999891e+02,-8.947727254666467900e+01
4.682454960937500346e+02,-1.031382745371245448e+02
4.682457890625000232e+02,-9.200865710190387858e+01
4.682460820312500118e+02,-9.027661610452020113e+01
4.682463750000000005e+02,-8.958538343626119627e+01
4.682466679687499891e+02,-8.748485206772338074e+01
4.682469609375000346e+02,-8.933504197862775698e+01
4.682472539062500232e+02,-9.040189947480652677e+01
4.682475468750000118e+02,-9.129492281470899684e+01
4.682478398437500005e+02,-9.117655091257616107e+01
4.682481328124999891e+02,-8.622971028596035126e+01
4.682484257812500346e+02,-9.187618522559269252e+01
4.682487187500000232e+02,-1.026273240087144387e+02
4.682490117187500118e+02,-9.090973686501354223e+01
4.682493046875000005e+02,-9.562067896929178801e+01
4.682495976562499891e+02,-9.427083196030167755e+01
4.682498906250000346e+02,-8.894507391651691819e+01
4.682501835937500232e+02,-8.987376375288674524e+01
4.682504765625000118e+02,-9.471895219138016841e+01
4.682507695312500005e+02,-9.471448890925464070e+01
4.682510624999999891e+02,-9.142682190328621061e+01
4.682513554687500346e+02,-8.982722310235052987e+01
4.682516484375000232e+02,-8.575987933941233621e+01
4.682519414062500118e+02,-8.654730556619944082e+01
4.682522343750000005e+02,-9.528293347873076868e+01
4.682525273437499891e+02,-1.003458316260965120e+02
4.682528203125000346e+02,-9.257766237027716727e+01
4.682531132812500232e+02,-9.525214676222648791e+01
4.682534062500000118e+02,-1.033063816017242402e+02
4.682536992187500005e+02,-1.039437721211450025e+02
4.682539921874999891e+02,-9.540424339349230820e+01
4.682542851562500346e+02,-1.058973943685935240e+02
4.682545781250000232e+02,-9.018356949020359536e+01
4.682548710937500118e+02,-9.366097563266905013e+01
4.682551640625000005e+02,-9.994303781581618296e+01
4.682554570312499891e+02,-9.283721229841208356e+01
4.682557500000000346e+02,-9.034878810037267272e+01
4.682560429687500232e+02,-9.509857608689351594e+01
4.682563359375000118e+02,-1.021609804046802878e+02
4.682566289062500005e+02,-9.735841246409128757e+01
4.682569218749999891e+02,-9.418755163587127299e+01
4.682572148437500346e+02,-8.917012237467567104e+01
4.682575078125000232e+02,-8.746484094419933797e+01
4.682578007812500118e+02,-9.000748064443470753e+01
4.682580937500000005e+02,-9.352111638095139767e+01
4.682583867187499891e+02,-9.319171371097257861e+01
4.682586796875000346e+02,-9.209902958788069327e+01
4.682589726562500232e+02,-8.844577965805564190e+01
4.682592656250000118e+02,-9.865081039530241469e+01
4.682595585937500005e+02,-9.181576000897665324e+01
4.682598515624999891e+02,-1.001874041398031210e+02
4.682601445312500346e+02,-1.037789505451534922e+02
4.682604375000000232e+02,-9.778734028773789078e+01
4.682607304687500118e+02,-9.259760952375773968e+01
4.682610234375000005e+02,-1.104053733658750645e+02
4.682613164062499891e+02,-9.482904187674429863e+01
4.682616093750000346e+02,-9.917385283577117150e+01
4.682619023437500232e+02,-9.328476170537057044e+01
4.682621953125000118e+02,-8.898343739315879475e+01
4.682624882812500005e+02,-8.737259934159641261e+01
4.682627812499999891e+02,-9.003050519429066867e+01
4.682630742187500346e+02,-1.040829415472081934e+02
4.682633671875000232e+02,-9.477558749274932381e+01
4.682636601562500118e+02,-9.088200751973548108e+01
4.682639531250000005e+02,-1.040269864501385939e+02
4.682642460937499891e+02,-9.354695785404032904e+01
4.682645390625000346e+02,-9.696868862908844733e+01
4.682648320312500232e+02,-9.868028988529243861e+01
4.682651250000000118e+02,-9.279916880188365269e+01
4.682654179687500005e+02,-9.377720548437676484e+01
4.682657109374999891e+02,-9.735046088792313412e+01
4.682660039062500346e+02,-9.590377963209999734e+01
4.682662968750000232e+02,-8.914824598406670475e+01
4.682665898437500118e+02,-8.687697169588246027e+01
4.682668828125000005e+02,-9.302348389386777683e+01
4.682671757812499891e+02,-9.935462242196764748e+01
4.682674687500000346e+02,-9.992747524693719186e+01
4.682677617187500232e+02,-8.971112872157567608e+01
4.682680546875000118e+02,-8.877719822939593541e+01
4.682683476562500005e+02,-9.027856670785659787e+01
4.682686406249999891e+02,-8.832653095845471114e+01
4.682689335937500346e+02,-9.047977928680427340e+01
4.682692265625000232e+02,-1.136872819558634831e+02
4.682695195312500118e+02,-1.087672519218649114e+02
4.682698125000000005e+02,-9.582347535112214132e+01
4.682701054687499891e+02,-9.398230936645107647e+01
4.682703984375000346e+02,-9.269386424490276966e+01
4.682706914062500232e+02,-9.785746860322241503e+01
4.682709843750000118e+02,-9.350813726028877682e+01
4.682712773437500005e+02,-9.444208287463914075e+01
4.682715703124999891e+02,-8.927329152170418070e+01
4.682718632812500346e+02,-8.554850041527777194e+01
4.682721562500000232e+02,-8.865613021221291490e+01
4.682724492187500118e+02,-8.703674639060812979e+01
4.682727421875000005e+02,-9.297605749919064522e+01
4.682730351562499891e+02,-1.056147890872728112e+02
4.682733281250000346e+02,-9.429050033624989169e+01
4.682736210937500232e+02,-9.344905076621337514e+01
4.682739140625000118e+02,-9.394634056596053995e+01
4.682742070312500005e+02,-9.029231438225761508e+01
4.682744999999999891e+02,-9.675521393685536964e+01
4.682747929687500346e+02,-9.703941359514978160e+01
4.682750859375000232e+02,-8.963416629341404018e+01
4.682753789062500118e+02,-9.289060616717122798e+01
4.682756718750000005e+02,-1.027687732344122367e+02
4.682759648437499891e+02,-9.120559541542610305e+01
4.682762578125000346e+02,-8.919772840136124614e+01
4.682765507812500232e+02,-1.000377287581145680e+02
4.682768437500000118e+02,-1.036385009566173778e+02
4.682771367187500005e+02,-1.004163745694806664e+02
4.682774296874999891e+02,-9.171424663830143231e+01
4.682777226562500346e+02,-9.343114567801569592e+01
4.682780156250000232e+02,-1.027019094563837029e+02
4.682783085937500118e+02,-9.367553838187538418e+01
4.682786015625000005e+02,-9.153857909988461472e+01
4.682788945312499891e+02,-9.152162647325020828e+01
4.682791875000000346e+02,-9.414099486062745825e+01
4.682794804687500232e+02,-9.504385031529464811e+01
4.682797734375000118e+02,-1.081977290206388318e+02
4.682800664062500005e+02,-9.958218439035110237e+01
4.682803593749999891e+02,-9.990790098500745842e+01
4.682806523437500346e+02,-9.412948896652424935e+01
4.682809453125000232e+02,-1.032745515723253789e+02
4.682812382812500118e+02,-1.068028683989132475e+02
4.682815312500000005e+02,-1.013079973905281150e+02
4.682818242187499891e+02,-9.538191431013552801e+01
4.682821171875000346e+02,-8.873933393671607917e+01
4.682824101562500232e+02,-9.488939129775772585e+01
4.682827031250000118e+02,-9.883972864129340508e+01
4.682829960937500005e+02,-9.071263477173941681e+01
4.682832890624999891e+02,-9.601682989983115135e+01
4.682835820312500346e+02,-1.056703235301856409e+02
4.682838750000000232e+02,-9.236152684314961903e+01
4.682841679687500118e+02,-8.958659331100407996e+01
4.682844609375000005e+02,-9.339814197713785404e+01
4.682847539062499891e+02,-9.642897695843480221e+01
4.682850468750000346e+02,-8.947574931057742731e+01
4.682853398437500232e+02,-8.811933232253487347e+01
4.682856328125000118e+02,-9.520501511962376640e+01
4.682859257812500005e+02,-1.023615358761137202e+02
4.682862187499999891e+02,-9.440414815719566377e+01
4.682865117187500346e+02,-9.642711845053598552e+01
4.682868046875000232e+02,-1.010546731845998352e+02
4.682870976562500118e+02,-9.473450767227976144e+01
4.682873906250000005e+02,-9.509153550292170110e+01
4.682876835937499891e+02,-9.670727788497374888e+01
4.682879765625000346e+02,-8.798071998554459583e+01
4.682882695312500232e+02,-8.997200093101311325e+01
4.682885625000000118e+02,-1.104601032394581495e+02
4.682888554687500005e+02,-9.664623130783290605e+01
4.682891484374999891e+02,-9.387264243125378016e+01
4.682894414062500346e+02,-9.938461614542420364e+01
4.682897343750000232e+02,-9.929194928433331313e+01
4.682900273437500118e+02,-9.269843742031406464e+01
4.682903203125000005e+02,-9.757184064637014842e+01
4.682906132812499891e+02,-9.451839937330085206e+01
4.682909062500000346e+02,-9.324287218275900102e+01
4.682911992187500232e+02,-9.698814853642765854e+01
4.682914921875000118e+02,-1.080170372334290789e+02
4.682917851562500005e+02,-1.037448336297046723e+02
4.682920781249999891e+02,-1.007645466440212374e+02
4.682923710937500346e+02,-9.903124184303933930e+01
4.682926640625000232e+02,-8.916942548732266971e+01
4.682929570312500118e+02,-8.936463877671005207e+01
4.682932500000000005e+02,-8.825801637465913529e+01
4.682935429687499891e+02,-9.348488371509964168e+01
4.682938359375000346e+02,-9.694005808737392726e+01
4.682941289062500232e+02,-9.849278072759263125e+01
4.682944218750000118e+02,-9.052407123643772024e+01
4.682947148437500005e+02,-8.529979789048026362e+01
4.682950078124999891e+02,-9.044642580549773925e+01
4.682953007812500346e+02,-9.790460614217985835e+01
4.682955937500000232e+02,-1.000230980011715900e+02
4.682958867187500118e+02,-9.639976098300931540e+01
4.682961796875000005e+02,-8.934315706589559625e+01
4.682964726562499891e+02,-8.884749370342412078e+01
4.682967656250000346e+02,-8.734624333598759449e+01
4.682970585937500232e+02,-9.058545351622120734e+01
4.682973515625000118e+02,-9.974143127761229266e+01
4.682976445312500005e+02,-9.477277230622905790e+01
4.682979374999999891e+02,-8.908132403932788179e+01
4.682982304687500346e+02,-9.728586534814361642e+01
4.682985234375000232e+02,-9.365308609945697071e+01
4.682988164062500118e+02,-8.915202984033577138e+01
4.682991093750000005e+02,-9.389994430790190449e+01
4.682994023437499891e+02,-9.352570071965379839e+01
4.682996953125000346e+02,-9.479148119518765725e+01
4.682999882812500232e+02,-9.252955091258937159e+01
4.683002812500000118e+02,-9.073582969346510652e+01
4.683005742187500005e+02,-9.048635931293718215e+01
4.683008671874999891e+02,-9.306446263526510165e+01
4.683011601562500346e+02,-9.222419638549442311e+01
4.683014531250000232e+02,-9.839111640552182791e+01
4.683017460937500118e+02,-9.663156280821334576e+01
4.683020390625000005e+02,-9.086326286159447818e+01
4.683023320312499891e+02,-9.791474831052101990e+01
4.683026250000000346e+02,-9.748894137748965250e+01
4.683029179687500232e+02,-9.448234078149816639e+01
4.683032109375000118e+02,-1.006269126172878714e+02
4.683035039062500005e+02,-1.067151071099321484e+02
4.683037968749999891e+02,-9.531005810349842022e+01
4.683040898437500346e+02,-1.009003151257233526e+02
4.683043828125000232e+02,-1.032497452811935688e+02
4.683046757812500118e+02,-9.040986772744514610e+01
4.683049687500000005e+02,-9.220094384615508432e+01
4.683052617187499891e+02,-9.329670079129118676e+01
4.683055546875000346e+02,-8.886082521426010317e+01
4.683058476562500232e+02,-9.744730901227509889e+01
4.683061406250000118e+02,-8.780942594118050692e+01
4.683064335937500005e+02,-9.429778394863888025e+01
4.683067265624999891e+02,-9.523294451810158989e+01
4.683070195312500346e+02,-1.063020337957563584e+02
4.683073125000000232e+02,-9.391005861654831222e+01
4.683076054687500118e+02,-9.012183113885804175e+01
4.683078984375000005e+02,-9.271493823151476477e+01
4.683081914062499891e+02,-9.212705565599858915e+01
4.683084843750000346e+02,-9.539539042546344660e+01
4.683087773437500232e+02,-9.021110684372929711e+01
4.683090703125000118e+02,-9.177045026292793750e+01
4.683093632812500005e+02,-9.522094401501760785e+01
4.683096562499999891e+02,-9.381719384645238335e+01
4.683099492187500346e+02,-1.189058901303872346e+02
4.683102421875000232e+02,-9.419979548215373200e+01
4.683105351562500118e+02,-9.421402810887022383e+01
4.683108281250000005e+02,-8.836791238315258568e+01
4.683111210937499891e+02,-9.294402220105099843e+01
4.683114140625000346e+02,-9.422151743016398484e+01
4.683117070312500232e+02,-9.628588760449167694e+01
4.683120000000000118e+02,-9.647851242836061658e+01
4.683122929687500005e+02,-9.715746667178306950e+01
4.683125859374999891e+02,-9.134038070683493515e+01
4.683128789062500346e+02,-9.375003904556534451e+01
4.683131718750000232e+02,-9.925363289158447344e+01
4.683134648437500118e+02,-1.003054268202994308e+02
4.683137578125000005e+02,-9.930174270765957090e+01
4.683140507812499891e+02,-9.080176605650324007e+01
4.683143437500000346e+02,-1.027066015083084096e+02
4.683146367187500232e+02,-9.762862131901911766e+01
4.683149296875000118e+02,-9.569590589222602262e+01
4.683152226562500005e+02,-9.179115627938607247e+01
4.683155156249999891e+02,-9.139523254122993023e+01
4.683158085937500346e+02,-8.838073064803884904e+01
4.683161015625000232e+02,-9.195261845355059904e+01
4.683163945312500118e+02,-1.019347597591144705e+02
4.683166875000000005e+02,-1.057415334737856227e+02
4.683169804687499891e+02,-9.464037910542670318e+01
4.683172734375000346e+02,-9.644078073177956867e+01
4.683175664062500232e+02,-9.950786514135356242e+01
4.683178593750000118e+02,-1.020431957771234011e+02
4.683181523437500005e+02,-9.266218876105324398e+01
4.683184453124999891e+02,-9.163942105347024381e+01
4.683187382812500346e+02,-9.244188270541692987e+01
4.683190312500000232e+02,-9.741493355078657146e+01
4.683193242187500118e+02,-1.017680335579008499e+02
4.683196171875000005e+02,-9.330718100662187453e+01
4.683199101562499891e+02,-9.228266959869142738e+01
4.683202031250000346e+02,-1.004008845763968907e+02
4.683204960937500232e+02,-9.748882450571730374e+01
4.683207890625000118e+02,-9.556079689134962507e+01
4.683210820312500005e+02,-9.305880084599633051e+01
4.683213749999999891e+02,-9.457760690645800139e+01
4.683216679687500346e+02,-9.826144261932293489e+01
4.683219609375000232e+02,-1.002068339371937213e+02
4.683222539062500118e+02,-9.344394854757163671e+01
4.683225468750000005e+02,-9.048975740707305704e+01
4.683228398437499891e+02,-9.301743664980341464e+01
4.683231328125000346e+02,-9.772505541293230635e+01
4.683234257812500232e+02,-9.437159120743260132e+01
4.683237187500000118e+02,-9.203632096296594511e+01
4.683240117187500005e+02,-9.995952858516481854e+01
4.683243046874999891e+02,-9.083965394862556764e+01
4.683245976562500346e+02,-9.354049989145158861e+01
4.683248906250000232e+02,-9.913914830532200995e+01
4.683251835937500118e+02,-8.896617131847860094e+01
4.683254765625000005e+02,-9.841731466375989612e+01
4.683257695312499891e+02,-9.361198138979185046e+01
4.683260625000000346e+02,-9.170201028854110348e+01
4.683263554687500232e+02,-9.416524785666024400e+01
4.683266484375000118e+02,-1.044113291813761464e+02
4.683269414062500005e+02,-9.609717527545357996e+01
4.683272343749999891e+02,-9.865594461161046524e+01
4.683275273437500346e+02,-1.002529443658882968e+02
4.683278203125000232e+02,-9.742436010350519382e+01
4.683281132812500118e+02,-1.026318547776401005e+02
4.683284062500000005e+02,-9.113512103784289309e+01
4.683286992187499891e+02,-8.691581485411191466e+01
4.683289921875000346e+02,-8.832432367022528297e+01
4.683292851562500232e+02,-9.524259752643956745e+01
4.683295781250000118e+02,-1.068311111389879500e+02
4.683298710937500005e+02,-9.394969143756193830e+01
4.683301640624999891e+02,-9.419484113637167866e+01
4.683304570312500346e+02,-9.800700823730701927e+01
4.683307500000000232e+02,-9.436488702817037222e+01
4.683310429687500118e+02,-9.330723952532046894e+01
4.683313359375000005e+02,-1.026956973127300188e+02
4.683316289062499891e+02,-1.020536187044995415e+02
4.683319218750000346e+02,-9.599723322675885129e+01
4.683322148437500232e+02,-9.394464576808802292e+01
4.683325078125000118e+02,-9.847494334689270090e+01
4.683328007812500005e+02,-9.473229361945507776e+01
4.683330937499999891e+02,-9.731954192121642677e+01
4.683333867187500346e+02,-9.949651701723011854e+01
4.683336796875000232e+02,-9.716086954043430524e+01
4.683339726562500118e+02,-9.194417554775922952e+01
4.683342656250000005e+02,-9.122588162821611490e+01
4.683345585937499891e+02,-8.721808945906548161e+01
4.683348515625000346e+02,-8.670406747886747212e+01
4.683351445312500232e+02,-9.870434457793537320e+01
4.683354375000000118e+02,-1.004075357768028880e+02
4.683357304687500005e+02,-9.240395448764020614e+01
4.683360234374999891e+02,-9.208028374564457863e+01
4.683363164062500346e+02,-9.014125791781265207e+01
4.683366093750000232e+02,-9.665510928970510918e+01
4.683369023437500118e+02,-9.944274214324192940e+01
4.683371953125000005e+02,-9.686028902497268689e+01
4.683374882812499891e+02,-9.427651114870593574e+01
4.683377812500000346e+02,-9.515637334247972490e+01
4.683380742187500232e+02,-1.110365888450537994e+02
4.683383671875000118e+02,-9.712430332413191536e+01
4.683386601562500005e+02,-9.195940964218776514e+01
4.683389531249999891e+02,-8.990963514651589605e+01
4.683392460937500346e+02,-9.221361442243258466e+01
4.683395390625000232e+02,-9.816667917773577301e+01
4.683398320312500118e+02,-1.011513691019368082e+02
4.683401250000000005e+02,-9.619457693155995059e+01
4.683404179687499891e+02,-1.018353484129514896e+02
4.683407109375000346e+02,-9.466047348241878012e+01
4.683410039062500232e+02,-8.995241862034589531e+01
4.683412968750000118e+02,-9.147739672547274381e+01
4.683415898437500005e+02,-1.012659069927289863e+02
4.683418828124999891e+02,-9.937825651734529231e+01
4.683421757812500346e+02,-9.602430079788753403e+01
4.683424687500000232e+02,-9.870597640511859083e+01
4.683427617187500118e+02,-9.404363939356520063e+01
4.683430546875000005e+02,-9.167045960635670099e+01
4.683433476562499891e+02,-9.295875802872149052e+01
4.683436406250000346e+02,-1.045218750861858155e+02
4.683439335937500232e+02,-9.442727838015028397e+01
4.683442265625000118e+02,-9.168611315968149711e+01
4.683445195312500005e+02,-9.443827516888433138e+01
4.683448124999999891e+02,-1.073824395456603895e+02
4.683451054687500346e+02,-1.001224012641786487e+02
4.683453984375000232e+02,-9.615756737883350524e+01
4.683456914062500118e+02,-1.049937680259947257e+02
4.683459843750000005e+02,-9.455251769598753242e+01
4.683462773437499891e+02,-9.444676412629729612e+01
4.683465703125000346e+02,-1.084000588934618179e+02
4.683468632812500232e+02,-1.071538064893602211e+02
4.683471562500000118e+02,-1.035902580259793382e+02
4.683474492187500005e+02,-1.057108954029761918e+02
4.683477421874999891e+02,-9.673019074107165238e+01
4.683480351562500346e+02,-9.599779856203110739e+01
4.683483281250000232e+02,-9.299029207498291782e+01
4.683486210937500118e+02,-9.222983685354205363e+01
4.683489140625000005e+02,-9.436009949904465088e+01
4.683492070312499891e+02,-9.683629552259809259e+01
4.683495000000000346e+02,-1.037730589325375519e+02
4.683497929687500232e+02,-9.317330076297734820e+01
4.683500859375000118e+02,-9.094014745134612099e+01
4.683503789062500005e+02,-9.201869110247693584e+01
4.683506718749999891e+02,-9.154687079595653643e+01
4.683509648437500346e+02,-9.575070709410442760e+01
4.683512578125000232e+02,-1.022800430591895093e+02
4.683515507812500118e+02,-9.000933414298366131e+01
4.683518437500000005e+02,-9.033763788693362073e+01
4.683521367187499891e+02,-9.436542142046678805e+01
4.683524296875000346e+02,-9.390261620136155329e+01
4.683527226562500232e+02,-1.065791063411815855e+02
4.683530156250000118e+02,-9.037539664120930638e+01
4.683533085937500005e+02,-8.933348983318040837e+01
4.683536015624999891e+02,-9.307608512575745863e+01
4.683538945312500346e+02,-1.031050289157500117e+02
4.683541875000000232e+02,-1.029045109374649485e+02
4.683544804687500118e+02,-9.600928168388310269e+01
4.683547734375000005e+02,-9.810953316274336089e+01
4.683550664062499891e+02,-9.108262123749881312e+01
4.683553593750000346e+02,-9.107215235517402618e+01
4.683556523437500232e+02,-8.782066226460625558e+01
4.683559453125000118e+02,-9.018492125875299337e+01
4.683562382812500005e+02,-9.335740685983459741e+01
4.683565312499999891e+02,-9.646950307341276698e+01
4.683568242187500346e+02,-1.022537189990305109e+02
4.683571171875000232e+02,-1.000987258718247404e+02
4.683574101562500118e+02,-9.476737992958318557e+01
4.683577031250000005e+02,-9.928632235790510663e+01
4.683579960937499891e+02,-1.000041603144067750e+02
4.683582890625000346e+02,-9.514208311847210098e+01
4.683585820312500232e+02,-9.962721838293980170e+01
4.683588750000000118e+02,-9.242786160822211627e+01
4.683591679687500005e+02,-9.377683351902527420e+01
4.683594609374999891e+02,-1.022556422510312899e+02
4.683597539062500346e+02,-9.633237783781552821e+01
4.683600468750000232e+02,-8.981274159197296569e+01
4.683603398437500118e+02,-8.845735241042012831e+01
4.683606328125000005e+02,-9.283495309595582512e+01
4.683609257812499891e+02,-9.155797744048895481e+01
4.683612187500000346e+02,-9.346865079309118585e+01
4.683615117187500232e+02,-9.589068367034411722e+01
4.683618046875000118e+02,-9.936463237688676031e+01
4.683620976562500005e+02,-9.692200991370359020e+01
4.683623906249999891e+02,-9.133396036643048888e+01
4.683626835937500346e+02,-9.401514218502279618e+01
4.683629765625000232e+02,-9.065863552532715630e+01
4.683632695312500118e+02,-9.232831368866754929e+01
4.683635625000000005e+02,-9.866425510761338558e+01
4.683638554687499891e+02,-9.920585992009802112e+01
4.683641484375000346e+02,-9.697129943270283547e+01
4.683644414062500232e+02,-9.646776289448665409e+01
4.683647343750000118e+02,-9.271802735015586450e+01
4.683650273437500005e+02,-9.038170914588143035e+01
4.683653203124999891e+02,-8.867262719425751527e+01
4.683656132812500346e+02,-9.010188928989569490e+01
4.683659062500000232e+02,-9.690768866025734951e+01
4.683661992187500118e+02,-9.175636277598016477e+01
4.683664921875000005e+02,-1.035499629503059538e+02
4.683667851562499891e+02,-1.054423254380415500e+02
4.683670781250000346e+02,-9.117930021760857073e+01
4.683673710937500232e+02,-9.058639437979587683e+01
4.683676640625000118e+02,-8.774113741208226713e+01
4.683679570312500005e+02,-8.810881561169028942e+01
4.683682499999999891e+02,-9.324804543405065260e+01
4.683685429687500346e+02,-1.036546270679534842e+02
4.683688359375000232e+02,-9.852934481198276728e+01
4.683691289062500118e+02,-9.471838303839172113e+01
4.683694218750000005e+02,-9.325284661199376046e+01
4.683697148437499891e+02,-8.819588820158594444e+01
4.683700078125000346e+02,-9.263029966097236922e+01
4.683703007812500232e+02,-9.417519015129231263e+01
4.683705937500000118e+02,-9.313340338103968463e+01
4.683708867187500005e+02,-9.325619887627578919e+01
4.683711796874999891e+02,-8.894878117281700725e+01
4.683714726562500346e+02,-9.144942787328974987e+01
4.683717656250000232e+02,-9.390940604341373898e+01
4.683720585937500118e+02,-1.055679183111147950e+02
4.683723515625000005e+02,-9.887018757456414164e+01
4.683726445312499891e+02,-9.474577673394239241e+01
4.683729375000000346e+02,-9.371754483215717357e+01
4.683732304687500232e+02,-9.371125447826811694e+01
4.683735234375000118e+02,-1.016965338080261319e+02
4.683738164062500005e+02,-1.008634739403475322e+02
4.683741093749999891e+02,-9.687537183119115980e+01
4.683744023437500346e+02,-9.640796978623141911e+01
4.683746953125000232e+02,-8.834398681766393224e+01
4.683749882812500118e+02,-8.995131313468733936e+01
4.683752812500000005e+02,-1.098906482572569416e+02
4.683755742187499891e+02,-1.161546194586568248e+02
4.683758671875000346e+02,-9.448119440045809370e+01
4.683761601562500232e+02,-9.200447413150172338e+01
4.683764531250000118e+02,-1.027655189297167340e+02
4.683767460937500005e+02,-1.002133244283494946e+02
4.683770390624999891e+02,-1.201075881468299542e+02
4.683773320312500346e+02,-1.115679762794463272e+02
4.683776250000000232e+02,-9.865051757796263132e+01
4.683779179687500118e+02,-9.838701355966911422e+01
4.683782109375000005e+02,-9.515101674686690103e+01
4.683785039062499891e+02,-9.118825069521801652e+01
4.683787968750000346e+02,-9.451310472589206313e+01
4.683790898437500232e+02,-1.079226918840584659e+02
4.683793828125000118e+02,-1.002484004264803730e+02
4.683796757812500005e+02,-1.000106730391704275e+02
4.683799687499999891e+02,-9.302328257152532842e+01
4.683802617187500346e+02,-8.999873951654409154e+01
4.683805546875000232e+02,-9.578681500587784114e+01
4.683808476562500118e+02,-1.022988316713314134e+02
4.683811406250000005e+02,-9.377872076001534651e+01
4.683814335937499891e+02,-9.076328204354672380e+01
4.683817265625000346e+02,-9.250903076728988594e+01
4.683820195312500232e+02,-9.613350029108818262e+01
4.683823125000000118e+02,-9.287304161288608384e+01
4.683826054687500005e+02,-9.600371460591094319e+01
4.683828984374999891e+02,-9.242019484323817835e+01
4.683831914062500346e+02,-9.111247131756941542e+01
4.683834843750000232e+02,-9.756314269685714180e+01
4.683837773437500118e+02,-9.814346097664963509e+01
4.683840703125000005e+02,-1.024517833636112698e+02
4.683843632812499891e+02,-1.054598503320970906e+02
4.683846562500000346e+02,-9.994959485732493931e+01
4.683849492187500232e+02,-9.467405759686539568e+01
4.683852421875000118e+02,-9.866627889211193292e+01
4.683855351562500005e+02,-1.065090731457216577e+02
4.683858281249999891e+02,-1.057694861409455456e+02
4.683861210937500346e+02,-9.610581463454911955e+01
4.683864140625000232e+02,-9.269888226614695270e+01
4.683867070312500118e+02,-9.071747731790503622e+01
4.683870000000000005e+02,-9.078513310587490537e+01
4.683872929687499891e+02,-9.319888965109953460e+01
4.683875859375000346e+02,-1.053863010244363636e+02
4.683878789062500232e+02,-9.736545383850486246e+01
4.683881718750000118e+02,-9.163688823014578588e+01
4.683884648437500005e+02,-9.173152280877046394e+01
4.683887578124999891e+02,-9.031674109705789988e+01
4.683890507812500346e+02,-9.511911306749270523e+01
4.683893437500000232e+02,-9.529108741444667885e+01
4.683896367187500118e+02,-9.700854796107394407e+01
4.683899296875000005e+02,-9.780595982377391806e+01
4.683902226562499891e+02,-9.301956058554122819e+01
4.683905156250000346e+02,-9.723826667567230686e+01
4.683908085937500232e+02,-9.466753039767411337e+01
4.683911015625000118e+02,-8.905822521950858572e+01
4.683913945312500005e+02,-9.301486715988176002e+01
4.683916874999999891e+02,-1.160413452457318613e+02
4.683919804687500346e+02,-9.937401700126669368e+01
4.683922734375000232e+02,-1.045136930760365743e+02
4.683925664062500118e+02,-9.926229326952686449e+01
4.683928593750000005e+02,-9.576114952526636159e+01
4.683931523437499891e+02,-9.217169190062257655e+01
4.683934453125000346e+02,-8.849346020722845196e+01
4.683937382812500232e+02,-8.778307025586249779e+01
4.683940312500000118e+02,-8.902235337157836170e+01
4.683943242187500005e+02,-9.507216889033195173e+01
4.683946171874999891e+02,-1.181737652177676381e+02
4.683949101562500346e+02,-9.331702293842027984e+01
4.683952031250000232e+02,-9.302255009689163501e+01
4.683954960937500118e+02,-9.901568582081792158e+01
4.683957890625000005e+02,-9.253937407701724283e+01
4.683960820312499891e+02,-8.936087688508231963e+01
4.683963750000000346e+02,-9.497692212399449829e+01
4.683966679687500232e+02,-9.374095110304311618e+01
4.683969609375000118e+02,-9.497339475106727491e+01
4.683972539062500005e+02,-9.936061312215088037e+01
4.683975468749999891e+02,-9.938134993553924801e+01
4.683978398437500346e+02,-9.372010697807014878e+01
4.683981328125000232e+02,-1.068965192754530733e+02
4.683984257812500118e+02,-9.636644512467329093e+01
4.683987187500000005e+02,-9.245512130193246492e+01
4.683990117187499891e+02,-9.040146356704070740e+01
4.683993046875000346e+02,-9.233879987815471679e+01
4.683995976562500232e+02,-9.890758849335810510e+01
4.683998906250000118e+02,-9.970396518576399103e+01
4.684001835937500005e+02,-9.909026024031733471e+01
4.684004765624999891e+02,-9.573955522227032588e+01
4.684007695312500346e+02,-9.452457448066726897e+01
4.684010625000000232e+02,-1.029816182317042319e+02
4.684013554687500118e+02,-9.399242559534629038e+01
4.684016484375000005e+02,-9.432671771522771564e+01
4.684019414062499891e+02,-9.282374742573185245e+01
4.684022343750000346e+02,-8.949618049685712151e+01
4.684025273437500232e+02,-8.914803428291457976e+01
4.684028203125000118e+02,-9.072092257706839291e+01
4.684031132812500005e+02,-9.226447104012666500e+01
4.684034062499999891e+02,-9.295380030620921730e+01
4.684036992187500346e+02,-9.688918345354018413e+01
4.684039921875000232e+02,-9.810926543181450654e+01
4.684042851562500118e+02,-1.026047862466211313e+02
4.684045781250000005e+02,-9.881893941168847562e+01
4.684048710937499891e+02,-9.864116493085123238e+01
4.684051640625000346e+02,-1.040218813876613808e+02
4.684054570312500232e+02,-1.049279401600025352e+02
4.684057500000000118e+02,-1.024837129150483293e+02
4.684060429687500005e+02,-9.774244071172057602e+01
4.684063359374999891e+02,-1.064393105700611102e+02
4.684066289062500346e+02,-1.110981706195251490e+02
4.684069218750000232e+02,-1.070841962395900566e+02
4.684072148437500118e+02,-1.039722131118419526e+02
4.684075078125000005e+02,-9.398639569698629259e+01
4.684078007812499891e+02,-9.854490928171274788e+01
4.684080937500000346e+02,-9.333355669203641014e+01
4.684083867187500232e+02,-9.588810174177572776e+01
4.684086796875000118e+02,-1.045387342902369880e+02
4.684089726562500005e+02,-9.777105980558818032e+01
4.684092656249999891e+02,-9.060534746614108315e+01
4.684095585937500346e+02,-8.870434027587552350e+01
4.684098515625000232e+02,-9.436942543260200011e+01
4.684101445312500118e+02,-1.004457774729931288e+02
4.684104375000000005e+02,-9.865304220593947093e+01
4.684107304687499891e+02,-9.188456206674325699e+01
4.684110234375000346e+02,-9.731350196473866276e+01
4.684113164062500232e+02,-9.512626229180568771e+01
4.684116093750000118e+02,-9.748828013100873591e+01
4.684119023437500005e+02,-9.382014686625157651e+01
4.684121953124999891e+02,-9.267324895541008800e+01
4.684124882812500346e+02,-9.484001450650845300e+01
4.684127812500000232e+02,-9.177970617280008980e+01
4.684130742187500118e+02,-1.000718945063045595e+02
4.684133671875000005e+02,-9.784592145465282442e+01
4.684136601562499891e+02,-1.039758638837462286e+02
4.684139531250000346e+02,-9.382315627174676820e+01
4.684142460937500232e+02,-9.389174536954675432e+01
4.684145390625000118e+02,-9.110146516755469293e+01
4.684148320312500005e+02,-9.333893480794549191e+01
4.684151249999999891e+02,-9.667995272980337518e+01
4.684154179687500346e+02,-1.129222455427844096e+02
4.684157109375000232e+02,-1.025680868020283185e+02
4.684160039062500118e+02,-1.005066484332294152e+02
4.684162968750000005e+02,-1.098251097305888067e+02
4.684165898437499891e+02,-1.061053296044483574e+02
4.684168828125000346e+02,-9.693498314185434594e+01
4.684171757812500232e+02,-1.015199491253344490e+02
4.684174687500000118e+02,-9.767668114071568652e+01
4.684177617187500005e+02,-1.016396981064349490e+02
4.684180546874999891e+02,-9.199541610919551715e+01
4.684183476562500346e+02,-9.994488003286497246e+01
4.684186406250000232e+02,-9.686420151080079677e+01
4.684189335937500118e+02,-1.013661675917182095e+02
4.684192265625000005e+02,-9.357651601289052223e+01
4.684195195312499891e+02,-9.654434772521803154e+01
4.684198125000000346e+02,-1.113429881239567010e+02
4.684201054687500232e+02,-9.985305470302137110e+01
4.684203984375000118e+02,-9.736924169408379726e+01
4.684206914062500005e+02,-1.056731201104817330e+02
4.684209843749999891e+02,-9.799958897560317439e+01
4.684212773437500346e+02,-9.397879663708367559e+01
4.684215703125000232e+02,-9.628114636537313231e+01
4.684218632812500118e+02,-9.583958232903476926e+01
4.684221562500000005e+02,-9.545151598256246928e+01
4.684224492187499891e+02,-9.371064111246732864e+01
4.684227421875000346e+02,-1.000057072657858726e+02
4.684230351562500232e+02,-9.316060599247194318e+01
4.684233281250000118e+02,-1.060604338714503854e+02
4.684236210937500005e+02,-1.027912239288560414e+02
4.684239140624999891e+02,-1.029467442797045749e+02
4.684242070312500346e+02,-1.011415631851805017e+02
4.684245000000000232e+02,-9.967400983866988895e+01
4.684247929687500118e+02,-9.564233477906157077e+01
4.684250859375000005e+02,-9.519904761231266832e+01
4.684253789062499891e+02,-9.623923307668228233e+01
4.684256718750000346e+02,-1.051618456016013567e+02
4.684259648437500232e+02,-1.116854663729954780e+02
4.684262578125000118e+02,-9.970556226563584801e+01
4.684265507812500005e+02,-9.428178038095873603e+01
4.684268437499999891e+02,-9.639934112583384263e+01
4.684271367187500346e+02,-1.012206018324149568e+02
4.684274296875000232e+02,-1.027602782512102806e+02
4.684277226562500118e+02,-1.066504081221971774e+02
4.684280156250000005e+02,-9.935485775998051849e+01
4.684283085937499891e+02,-9.769297131092470465e+01
4.684286015625000346e+02,-9.374908685050819201e+01
4.684288945312500232e+02,-1.013403706337648202e+02
4.684291875000000118e+02,-9.098367905169993719e+01
4.684294804687500005e+02,-1.007288088731011158e+02
4.684297734374999891e+02,-9.764263320866959361e+01
4.684300664062500346e+02,-9.753703947192235546e+01
4.684303593750000232e+02,-9.735120910306279995e+01
4.684306523437500118e+02,-9.609884844883106325e+01
4.684309453125000005e+02,-9.460884179493405099e+01
4.684312382812499891e+02,-9.616435546523378264e+01
4.684315312500000346e+02,-9.976873993420154818e+01
4.684318242187500232e+02,-1.020532096138691855e+02
4.684321171875000118e+02,-1.077541152156630488e+02
4.684324101562500005e+02,-9.445876857546045358e+01
4.684327031249999891e+02,-9.763782812744861417e+01
4.684329960937500346e+02,-1.019271609334931128e+02
4.684332890625000232e+02,-1.012979726319475162e+02
4.684335820312500118e+02,-9.906649072484226792e+01
4.684338750000000005e+02,-9.336757086825727470e+01
4.684341679687499891e+02,-9.573002668321235831e+01
4.684344609375000346e+02,-1.014027202888228629e+02
4.684347539062500232e+02,-9.398183966090718400e+01
4.684350468750000118e+02,-9.246292312286713866e+01
4.684353398437500005e+02,-9.260151468909330674e+01
4.684356328124999891e+02,-1.001114808992842455e+02
4.684359257812500346e+02,-1.028245319331470142e+02
4.684362187500000232e+02,-9.637994700792098968e+01
4.684365117187500118e+02,-9.673384186244211946e+01
4.684368046875000005e+02,-1.056142352979319696e+02
4.684370976562499891e+02,-9.069492024292597421e+01
4.684373906250000346e+02,-9.634184671197297689e+01
4.684376835937500232e+02,-1.019759121510230528e+02
4.684379765625000118e+02,-9.483187171671136184e+01
4.684382695312500005e+02,-9.400619002782725886e+01
4.684385624999999891e+02,-9.645979542467628676e+01
4.684388554687500346e+02,-9.550378493747864184e+01
4.684391484375000232e+02,-1.109891209229260767e+02
4.684394414062500118e+02,-1.066807522470330127e+02
4.684397343750000005e+02,-9.593714376683182365e+01
4.684400273437499891e+02,-9.151024698957414216e+01
4.684403203125000346e+02,-9.136058346024239540e+01
4.684406132812500232e+02,-9.135009828311365254e+01
4.684409062500000118e+02,-9.556427306337141658e+01
4.684411992187500005e+02,-9.456520384982337646e+01
4.684414921874999891e+02,-8.975343401637944396e+01
4.684417851562500346e+02,-8.991888499598779561e+01
4.684420781250000232e+02,-8.988928917484095393e+01
4.684423710937500118e+02,-9.347689820334969113e+01
4.684426640625000005e+02,-9.755725511021310581e+01
4.684429570312499891e+02,-1.005490428032545083e+02
4.684432500000000346e+02,-9.233218179188344266e+01
4.684435429687500232e+02,-9.294235961262452861e+01
4.684438359375000118e+02,-1.023161601549836774e+02
4.684441289062500005e+02,-9.711754477801348173e+01
4.684444218749999891e+02,-9.450677234638725110e+01
4.684447148437500346e+02,-9.778871326805393949e+01
4.684450078125000232e+02,-9.369458035266644913e+01
4.684453007812500118e+02,-9.884365968466461538e+01
4.684455937500000005e+02,-1.005515990813666605e+02
4.684458867187499891e+02,-9.032751083646871848e+01
4.684461796875000346e+02,-8.944003121557985025e+01
4.684464726562500232e+02,-8.927461824385886757e+01
4.684467656250000118e+02,-9.123844822560425882e+01
4.684470585937500005e+02,-9.445785137297434630e+01
4.684473515624999891e+02,-1.021991160236679974e+02
4.684476445312500346e+02,-1.011548473441624338e+02
4.684479375000000232e+02,-9.783556575750048978e+01
4.684482304687500118e+02,-9.969400181756334689e+01
4.684485234375000005e+02,-9.341020704932803653e+01
4.684488164062499891e+02,-9.669401649748579075e+01
4.684491093750000346e+02,-9.315821705746876091e+01
4.684494023437500232e+02,-9.503450910500646387e+01
4.684496953125000118e+02,-1.091247583895077611e+02
4.684499882812500005e+02,-9.550251512663598419e+01
4.684502812499999891e+02,-9.145579517452054574e+01
4.684505742187500346e+02,-9.491836882054886360e+01
4.684508671875000232e+02,-9.603946941884794342e+01
4.684511601562500118e+02,-9.481323365414654347e+01
4.684514531250000005e+02,-9.278393790320579626e+01
4.684517460937499891e+02,-9.284590397301549558e+01
4.684520390625000346e+02,-9.819237147336097848e+01
4.684523320312500232e+02,-1.004698076456824367e+02
4.684526250000000118e+02,-9.884662122363084791e+01
4.684529179687500005e+02,-9.654883465867344228e+01
4.684532109374999891e+02,-1.062881629158173951e+02
4.684535039062500346e+02,-9.875266531761491251e+01
4.684537968750000232e+02,-1.113258840470797111e+02
4.684540898437500118e+02,-9.701285855422838722e+01
4.684543828125000005e+02,-9.312097938256124507e+01
4.684546757812499891e+02,-1.062294976482993718e+02
4.684549687500000346e+02,-9.560043847628251967e+01
4.684552617187500232e+02,-9.573961278344714287e+01
4.684555546875000118e+02,-9.074008533475038973e+01
4.684558476562500005e+02,-1.005677435573304592e+02
4.684561406249999891e+02,-9.612992551730917512e+01
4.684564335937500346e+02,-9.464577006194602404e+01
4.684567265625000232e+02,-9.757696605352775521e+01
4.684570195312500118e+02,-1.006814569518253961e+02
4.684573125000000005e+02,-9.620975297715855845e+01
4.684576054687499891e+02,-1.060920332477879526e+02
4.684578984375000346e+02,-1.000543637367280496e+02
4.684581914062500232e+02,-1.039642713325372085e+02
4.684584843750000118e+02,-9.665408799687808994e+01
4.684587773437500005e+02,-1.045827223939117232e+02
4.684590703124999891e+02,-9.889600893452222863e+01
4.684593632812500346e+02,-9.846825811374856130e+01
4.684596562500000232e+02,-9.743220295023303379e+01
4.684599492187500118e+02,-1.018187025150203908e+02
4.684602421875000005e+02,-9.441085328741401383e+01
4.684605351562499891e+02,-1.018828366253552247e+02
4.684608281250000346e+02,-1.132228691597119337e+02
4.684611210937500232e+02,-9.798238631577659419e+01
4.684614140625000118e+02,-9.304442798410920545e+01
4.684617070312500005e+02,-1.053052813205103462e+02
4.684619999999999891e+02,-1.058334335510384250e+02
4.684622929687500346e+02,-1.017771862057503256e+02
4.684625859375000232e+02,-1.147906358634049013e+02
4.684628789062500118e+02,-1.045488396652540075e+02
4.684631718750000005e+02,-1.043590565912151078e+02
4.684634648437499891e+02,-9.309100152683467400e+01
4.684637578125000346e+02,-1.027169268340421695e+02
4.684640507812500232e+02,-9.485885935439560512e+01
4.684643437500000118e+02,-9.598295467729769825e+01
4.684646367187500005e+02,-1.156848971498971821e+02
4.684649296874999891e+02,-9.444743496683517492e+01
4.684652226562500346e+02,-9.823391740552041540e+01
4.684655156250000232e+02,-9.620461390583712102e+01
4.684658085937500118e+02,-9.409102233285986472e+01
4.684661015625000005e+02,-9.858996338162349105e+01
4.684663945312499891e+02,-1.003178457454957595e+02
4.684666875000000346e+02,-1.056748222329403859e+02
4.684669804687500232e+02,-9.715861658543843760e+01
4.684672734375000118e+02,-9.839419565217258423e+01
4.684675664062500005e+02,-9.549156121387098040e+01
4.684678593749999891e+02,-9.730717253407787837e+01
4.684681523437500346e+02,-1.003608031017944029e+02
4.684684453125000232e+02,-1.010495732738614834e+02
4.684687382812500118e+02,-9.883085854605660359e+01
4.684690312500000005e+02,-1.028801079520039252e+02
4.684693242187499891e+02,-1.072814841118202764e+02
4.684696171875000346e+02,-9.717765278861230627e+01
4.684699101562500232e+02,-9.984691757016511815e+01
4.684702031250000118e+02,-9.570334030096618960e+01
4.684704960937500005e+02,-9.560907452692202924e+01
4.684707890624999891e+02,-1.009887973589515866e+02
4.684710820312500346e+02,-9.698674262890429532e+01
4.684713750000000232e+02,-1.005344635218782656e+02
4.684716679687500118e+02,-1.018486168805057446e+02
4.684719609375000005e+02,-9.629339294755749279e+01
4.684722539062499891e+02,-9.576289680449261255e+01
4.684725468750000346e+02,-1.065955712848011956e+02
4.684728398437500232e+02,-9.425962354352863315e+01
4.684731328125000118e+02,-1.029246361334327844e+02
4.684734257812500005e+02,-1.017601705838914654e+02
4.684737187499999891e+02,-9.945000928126142981e+01
4.684740117187500346e+02,-9.664385337477116877e+01
4.684743046875000232e+02,-9.681541888083779668e+01
4.684745976562500118e+02,-9.550274851197212911e+01
4.684748906250000005e+02,-1.083867069959819531e+02
4.684751835937499891e+02,-1.122836091140515009e+02
4.684754765625000346e+02,-1.034964836281178862e+02
4.684757695312500232e+02,-1.008182720479036476e+02
4.684760625000000118e+02,-1.028614451824455500e+02
4.684763554687500005e+02,-9.528062196020371744e+01
4.684766484374999891e+02,-9.243433641232928721e+01
4.684769414062500346e+02,-9.481071245241469114e+01
4.684772343750000232e+02,-9.997409188029516258e+01
4.684775273437500118e+02,-1.077176422792699242e+02
4.684778203125000005e+02,-9.906964181425934157e+01
4.684781132812499891e+02,-1.076600240116676162e+02
4.684784062500000346e+02,-1.055388019163374480e+02
4.684786992187500232e+02,-9.966078694809995397e+01
4.684789921875000118e+02,-9.474090847306463559e+01
4.684792851562500005e+02,-9.941773058758508341e+01
4.684795781249999891e+02,-9.738070468421548753e+01
4.684798710937500346e+02,-9.727633374906591257e+01
4.684801640625000232e+02,-1.041132715129128599e+02
4.684804570312500118e+02,-1.044590451855401483e+02
4.684807500000000005e+02,-1.015819266077188843e+02
4.684810429687499891e+02,-1.069845850981444357e+02
4.684813359375000346e+02,-9.717274402324139260e+01
4.684816289062500232e+02,-9.492204197444415570e+01
4.684819218750000118e+02,-1.008015322231249513e+02
4.684822148437500005e+02,-9.671200955403826072e+01
4.684825078124999891e+02,-9.606755422140281553e+01
4.684828007812500346e+02,-9.662619978528631748e+01
4.684830937500000232e+02,-9.879153852518359713e+01
4.684833867187500118e+02,-1.028374242782249581e+02
4.684836796875000005e+02,-1.015927257745209999e+02
4.684839726562499891e+02,-1.020543799841148598e+02
4.684842656250000346e+02,-9.750107444294280867e+01
4.684845585937500232e+02,-9.259282636190276605e+01
4.684848515625000118e+02,-9.917136696947898145e+01
4.684851445312500005e+02,-1.149684369876965917e+02
4.684854374999999891e+02,-1.025872247246856972e+02
4.684857304687500346e+02,-1.084294842223199993e+02
4.684860234375000232e+02,-9.791299024296912989e+01
4.684863164062500118e+02,-1.176259069849654111e+02
4.684866093750000005e+02,-9.432894299495897883e+01
4.684869023437499891e+02,-9.755821148293131273e+01
4.684871953125000346e+02,-9.626481517998766435e+01
4.684874882812500232e+02,-9.462986753414071472e+01
4.684877812500000118e+02,-1.001415288273749979e+02
4.684880742187500005e+02,-1.008057902183695376e+02
4.684883671874999891e+02,-9.709271830060772857e+01
4.684886601562500346e+02,-9.856424749680031994e+01
4.684889531250000232e+02,-1.039036213601933412e+02
4.684892460937500118e+02,-9.561816215721181322e+01
4.684895390625000005e+02,-9.261734666721653753e+01
4.684898320312499891e+02,-9.062857244529180889e+01
4.684901250000000346e+02,-9.452299773092946111e+01
4.684904179687500232e+02,-9.892151165681868008e+01
4.684907109375000118e+02,-9.734533290664933247e+01
4.684910039062500005e+02,-9.564484966850925218e+01
4.684912968749999891e+02,-9.896802070948587016e+01
4.684915898437500346e+02,-1.066148884264656544e+02
4.684918828125000232e+02,-9.780982564660601497e+01
4.684921757812500118e+02,-9.992319975516321051e+01
4.684924687500000005e+02,-9.926261469665337245e+01
4.684927617187499891e+02,-1.008107963942711507e+02
4.684930546875000346e+02,-1.041310484911389551e+02
4.684933476562500232e+02,-9.278554774565830598e+01
4.684936406250000118e+02,-9.374115607466860922e+01
4.684939335937500005e+02,-1.017058667717817144e+02
4.684942265624999891e+02,-9.399066638744446323e+01
4.684945195312500346e+02,-9.405212183594498754e+01
4.684948125000000232e+02,-1.193732210536094271e+02
4.684951054687500118e+02,-9.930003375547784117e+01
4.684953984375000005e+02,-9.766835948737795547e+01
4.684956914062499891e+02,-9.661432562585362405e+01
4.684959843750000346e+02,-9.509228265645477052e+01
4.684962773437500232e+02,-9.108881441246957422e+01
4.684965703125000118e+02,-9.624287256827705050e+01
4.684968632812500005e+02,-9.668299774152892212e+01
4.684971562499999891e+02,-9.795215353210842579e+01
4.684974492187500346e+02,-1.007080103842338588e+02
4.684977421875000232e+02,-1.037713036192845095e+02
4.684980351562500118e+02,-1.143948593548922474e+02
4.684983281250000005e+02,-9.849178726921257976e+01
4.684986210937499891e+02,-9.575697686532997466e+01
4.684989140625000346e+02,-9.301271038051368123e+01
4.684992070312500232e+02,-9.853311287518855011e+01
4.684995000000000118e+02,-1.060596296097103277e+02
4.684997929687500005e+02,-1.060114788607887846e+02
4.685000859374999891e+02,-1.025283100706948147e+02
4.685003789062500346e+02,-9.601763346708125368e+01
4.685006718750000232e+02,-9.487118838445773861e+01
4.685009648437500118e+02,-9.429790624974526736e+01
4.685012578125000005e+02,-1.024571284983155550e+02
4.685015507812499891e+02,-1.041155348880086819e+02
4.685018437500000346e+02,-9.999358815570347758e+01
4.685021367187500232e+02,-1.060528830988299376e+02
4.685024296875000118e+02,-1.013466453104571343e+02
4.685027226562500005e+02,-9.577850295772515210e+01
4.685030156249999891e+02,-1.001051414764805827e+02
4.685033085937500346e+02,-9.943416020617377171e+01
4.685036015625000232e+02,-9.923767165268088775e+01
4.685038945312500118e+02,-1.158280405029225193e+02
4.685041875000000005e+02,-9.859280591990841458e+01
4.685044804687499891e+02,-9.203715596316341419e+01
4.685047734375000346e+02,-9.364400134328462855e+01
4.685050664062500232e+02,-1.005627235050637722e+02
4.685053593750000118e+02,-1.032409929573047407e+02
4.685056523437500005e+02,-1.057580300344900195e+02
4.685059453124999891e+02,-1.014791073904893040e+02
4.685062382812500346e+02,-9.905938793994650382e+01
4.685065312500000232e+02,-9.900922579733899909e+01
4.685068242187500118e+02,-1.010423547595863312e+02
4.685071171875000005e+02,-9.746157951501589878e+01
4.685074101562499891e+02,-9.393943327641844121e+01
4.685077031250000346e+02,-9.448650867979040413e+01
4.685079960937500232e+02,-9.597616309590577544e+01
4.685082890625000118e+02,-9.089135155265154253e+01
4.685085820312500005e+02,-9.352820945867762248e+01
4.685088749999999891e+02,-1.004635582703348717e+02
4.685091679687500346e+02,-9.523941825695493435e+01
4.685094609375000232e+02,-9.251149057479406679e+01
4.685097539062500118e+02,-9.902226410237658172e+01
4.685100468750000005e+02,-1.007668804295038711e+02
4.685103398437499891e+02,-9.538280171189614975e+01
4.685106328125000346e+02,-9.941770946445417678e+01
4.685109257812500232e+02,-9.619881524190263633e+01
4.685112187500000118e+02,-1.048728550535440860e+02
4.685115117187500005e+02,-1.017808005450788755e+02
4.685118046874999891e+02,-1.171731235220013332e+02
4.685120976562500346e+02,-1.107817223264119377e+02
4.685123906250000232e+02,-1.013340998175004017e+02
4.685126835937500118e+02,-9.581371692636201942e+01
4.685129765625000005e+02,-9.654138347964027389e+01
4.685132695312499891e+02,-9.018225474518038709e+01
4.685135625000000346e+02,-8.949778850720016976e+01
4.685138554687500232e+02,-1.044083766019325026e+02
4.685141484375000118e+02,-1.008146790961647099e+02
4.685144414062500005e+02,-1.029959184744768947e+02
4.685147343749999891e+02,-1.007167749576402827e+02
4.685150273437500346e+02,-1.063241773974704074e+02
4.685153203125000232e+02,-9.558582322885543192e+01
4.685156132812500118e+02,-9.406171863421752732e+01
4.685159062500000005e+02,-9.739324656102866129e+01
4.685161992187499891e+02,-9.800449229242347826e+01
4.685164921875000346e+02,-9.181517986561716782e+01
4.685167851562500232e+02,-9.532179117464187357e+01
4.685170781250000118e+02,-9.651926080138471775e+01
4.685173710937500005e+02,-9.314319625808742842e+01
4.685176640624999891e+02,-9.594084590234237453e+01
4.685179570312500346e+02,-9.751033943954041661e+01
4.685182500000000232e+02,-1.134924794287405092e+02
4.685185429687500118e+02,-1.259459991909719889e+02
4.685188359375000005e+02,-9.920765724557497833e+01
4.685191289062499891e+02,-9.659971190401594754e+01
4.685194218750000346e+02,-9.466788056474567270e+01
4.685197148437500232e+02,-9.620358642933581450e+01
4.685200078125000118e+02,-9.289397612987185937e+01
4.685203007812500005e+02,-1.004593127618453821e+02
4.685205937499999891e+02,-9.354115623958958281e+01
4.685208867187500346e+02,-1.017353479162858179e+02
4.685211796875000232e+02,-9.287665836614809223e+01
4.685214726562500118e+02,-9.997593001883936381e+01
4.685217656250000005e+02,-9.868134679632194661e+01
4.685220585937499891e+02,-9.473087009135794290e+01
4.685223515625000346e+02,-9.831115098577895139e+01
4.685226445312500232e+02,-1.014039738231450656e+02
4.685229375000000118e+02,-9.860629151788863567e+01
4.685232304687500005e+02,-9.507997845011092863e+01
4.685235234374999891e+02,-9.339962706538214832e+01
4.685238164062500346e+02,-9.766391738303950376e+01
4.685241093750000232e+02,-9.511064233310564475e+01
4.685244023437500118e+02,-1.028290813113017350e+02
4.685246953125000005e+02,-1.098500826139785858e+02
4.685249882812499891e+02,-1.011863327675531536e+02
4.685252812500000346e+02,-1.031034068738904637e+02
4.685255742187500232e+02,-1.046106258328916425e+02
4.685258671875000118e+02,-9.780200239856220890e+01
4.685261601562500005e+02,-9.689107269089605268e+01
4.685264531249999891e+02,-1.055248834117775800e+02
4.685267460937500346e+02,-9.967511582812687720e+01
4.685270390625000232e+02,-1.119947880894759464e+02
4.685273320312500118e+02,-1.058574352654109560e+02
4.685276250000000005e+02,-1.030710363021784417e+02
4.685279179687499891e+02,-1.000050241064734564e+02
4.685282109375000346e+02,-1.033024126896648056e+02
4.685285039062500232e+02,-1.025671484619743126e+02
4.685287968750000118e+02,-1.008077163906484230e+02
4.685290898437500005e+02,-1.046006151531327077e+02
4.685293828124999891e+02,-9.892153006839593843e+01
4.685296757812500346e+02,-9.324036097231406472e+01
4.685299687500000232e+02,-1.037216688578271970e+02
4.685302617187500118e+02,-9.963841210292115136e+01
4.685305546875000005e+02,-9.954523282910797377e+01
4.685308476562499891e+02,-1.111139517676914750e+02
4.685311406250000346e+02,-1.060046729883393084e+02
4.685314335937500232e+02,-1.002583311483778914e+02
4.685317265625000118e+02,-9.626935502661616795e+01
4.685320195312500005e+02,-9.444310328756512263e+01
4.685323124999999891e+02,-1.008855567308338408e+02
4.685326054687500346e+02,-1.060873646108642845e+02
4.685328984375000232e+02,-1.137749229714575563e+02
4.685331914062500118e+02,-1.114004765265307810e+02
4.685334843750000005e+02,-9.940038165000915171e+01
4.685337773437499891e+02,-9.590760055957906616e+01
4.685340703125000346e+02,-9.549345660954143966e+01
4.685343632812500232e+02,-9.254737328245718686e+01
4.685346562500000118e+02,-9.771027530684438034e+01
4.685349492187500005e+02,-1.033088118861027880e+02
4.685352421874999891e+02,-1.130891817030625361e+02
4.685355351562500346e+02,-9.987061723649128453e+01
4.685358281250000232e+02,-9.586597430781692708e+01
4.685361210937500118e+02,-9.875525849327283368e+01
4.685364140625000005e+02,-9.954202917777928405e+01
4.685367070312499891e+02,-9.841482626102279596e+01
4.685370000000000346e+02,-1.007630630639218339e+02
4.685372929687500232e+02,-1.062314770335289893e+02
4.685375859375000118e+02,-9.774120833458121638e+01
4.685378789062500005e+02,-1.068139830473594287e+02
4.685381718749999891e+02,-1.086738475259276981e+02
4.685384648437500346e+02,-1.053217607181362609e+02
4.685387578125000232e+02,-1.034750945207136681e+02
4.685390507812500118e+02,-9.967727857544305436e+01
4.685393437500000005e+02,-9.475013581891155923e+01
4.685396367187499891e+02,-9.416507229215575592e+01
4.685399296875000346e+02,-9.649618607894885258e+01
4.685402226562500232e+02,-9.551161945983142232e+01
4.685405156250000118e+02,-9.984876574081525291e+01
4.685408085937500005e+02,-9.758507577985989201e+01
4.685411015624999891e+02,-9.749330980888328213e+01
4.685413945312500346e+02,-9.570217328166953052e+01
4.685416875000000232e+02,-9.344384416282606765e+01
4.685419804687500118e+02,-9.400797384068286533e+01
4.685422734375000005e+02,-9.499557131001887456e+01
4.685425664062499891e+02,-9.563516763896615203e+01
4.685428593750000346e+02,-1.043713123363618251e+02
4.685431523437500232e+02,-1.004187592808027034e+02
4.685434453125000118e+02,-9.837324798140494408e+01
4.685437382812500005e+02,-9.759540282159039748e+01
4.685440312499999891e+02,-9.800480673377484209e+01
4.685443242187500346e+02,-1.057330826692414689e+02
4.685446171875000232e+02,-9.440179812730616504e+01
4.685449101562500118e+02,-9.613960119542029759e+01
4.685452031250000005e+02,-9.465763377299714421e+01
4.685454960937499891e+02,-9.376319471419526508e+01
4.685457890625000346e+02,-9.338656847237842840e+01
4.685460820312500232e+02,-9.289749436611313627e+01
4.685463750000000118e+02,-1.008909510721919105e+02
4.685466679687500005e+02,-9.992824585521847780e+01
4.685469609374999891e+02,-9.614522724814001720e+01
4.685472539062500346e+02,-9.940900101027382618e+01
4.685475468750000232e+02,-9.666130899463252035e+01
4.685478398437500118e+02,-9.499911162612497151e+01
4.685481328125000005e+02,-9.449065736216398648e+01
4.685484257812499891e+02,-9.872216297602092538e+01
4.685487187500000346e+02,-1.108383581486672540e+02
4.685490117187500232e+02,-1.022785993679382557e+02
4.685493046875000118e+02,-1.021824291560997153e+02
4.685495976562500005e+02,-9.621491650306370502e+01
4.685498906249999891e+02,-9.854559857706919956e+01
4.685501835937500346e+02,-9.938679749767105420e+01
4.685504765625000232e+02,-1.002033260506999426e+02
4.685507695312500118e+02,-9.545969823715606140e+01
4.685510625000000005e+02,-9.871560400653598322e+01
4.685513554687499891e+02,-1.047984164697971465e+02
4.685516484375000346e+02,-1.018033012343955477e+02
4.685519414062500232e+02,-1.006276424177155491e+02
4.685522343750000118e+02,-1.022054879652748269e+02
4.685525273437500005e+02,-1.105791241767104225e+02
4.685528203124999891e+02,-9.986407983693702306e+01
4.685531132812500346e+02,-9.501964255555361660e+01
4.685534062500000232e+02,-9.495551542313377524e+01
4.685536992187500118e+02,-9.622810009389611707e+01
4.685539921875000005e+02,-1.010240985140156766e+02
4.685542851562499891e+02,-1.000355443276775844e+02
4.685545781250000346e+02,-9.223046119138479071e+01
4.685548710937500232e+02,-1.085433374624869742e+02
4.685551640625000118e+02,-9.791149166067519616e+01
4.685554570312500005e+02,-9.922119215449795604e+01
4.685557499999999891e+02,-9.711730731585879539e+01
4.685560429687500346e+02,-9.747515076259729483e+01
4.685563359375000232e+02,-9.630216821692212648e+01
4.685566289062500118e+02,-9.558390050445112252e+01
4.685569218750000005e+02,-1.102964287902748310e+02
4.685572148437499891e+02,-9.623221952929755219e+01
4.685575078125000346e+02,-9.458945233860804080e+01
4.685578007812500232e+02,-9.406712024145933526e+01
4.685580937500000118e+02,-9.867122329321207985e+01
4.685583867187500005e+02,-9.950511335945647318e+01
4.685586796874999891e+02,-1.046580686995409479e+02
4.685589726562500346e+02,-1.007647965376985297e+02
4.685592656250000232e+02,-1.004971073614689345e+02
4.685595585937500118e+02,-1.042148008334916796e+02
4.685598515625000005e+02,-1.065641961961622286e+02
4.685601445312499891e+02,-1.075385634679504818e+02
4.685604375000000346e+02,-1.035526357728992366e+02
4.685607304687500232e+02,-1.003977264077873741e+02
4.685610234375000118e+02,-9.396374032988302361e+01
4.685613164062500005e+02,-9.554304116849110073e+01
4.685616093749999891e+02,-9.872791719077206096e+01
4.685619023437500346e+02,-1.037270780076031258e+02
4.685621953125000232e+02,-1.011098813185023744e+02
4.685624882812500118e+02,-9.672576285176583610e+01
4.685627812500000005e+02,-1.013342618258138259e+02
4.685630742187499891e+02,-1.022031277433133170e+02
4.685633671875000346e+02,-1.005147458978116219e+02
4.685636601562500232e+02,-9.618563805727715987e+01
4.685639531250000118e+02,-9.566023748014556816e+01
4.685642460937500005e+02,-1.107844945585791550e+02
4.685645390624999891e+02,-1.018048448644241830e+02
4.685648320312500346e+02,-9.724504245903511901e+01
4.685651250000000232e+02,-9.515055731245143988e+01
4.685654179687500118e+02,-9.691470307123191219e+01
4.685657109375000005e+02,-1.000049026682565909e+02
4.685660039062499891e+02,-1.032051472896754944e+02
4.685662968750000346e+02,-1.142319715272934246e+02
4.685665898437500232e+02,-9.629515632027320748e+01
4.685668828125000118e+02,-1.009815768418829549e+02
4.685671757812500005e+02,-9.878243167816432901e+01
4.685674687499999891e+02,-9.422753000952781122e+01
4.685677617187500346e+02,-1.084111920164655771e+02
4.685680546875000232e+02,-9.718830853665534164e+01
4.685683476562500118e+02,-9.207269255472880332e+01
4.685686406250000005e+02,-9.314267401455681750e+01
4.685689335937499891e+02,-1.005234114401020094e+02
4.685692265625000346e+02,-1.038217264123728683e+02
4.685695195312500232e+02,-1.081899193921750566e+02
4.685698125000000118e+02,-1.092948972270880716e+02
4.685701054687500005e+02,-1.015488569720828878e+02
4.685703984374999891e+02,-1.012394461659613256e+02
4.685706914062500346e+02,-1.022376034487180050e+02
4.685709843750000232e+02,-9.732346061014726502e+01
4.685712773437500118e+02,-9.909973195674191970e+01
4.685715703125000005e+02,-1.065181227837427969e+02
4.685718632812499891e+02,-9.801909880796948471e+01
4.685721562500000346e+02,-9.712660751807450765e+01
4.685724492187500232e+02,-9.944124576815205785e+01
4.685727421875000118e+02,-1.042797626102169204e+02
4.685730351562500005e+02,-1.025699911350607181e+02
4.685733281249999891e+02,-1.019155582655018577e+02
4.685736210937500346e+02,-1.007388621448875767e+02
4.685739140625000232e+02,-1.043452534101754168e+02
4.685742070312500118e+02,-1.017527956097624298e+02
4.685745000000000005e+02,-1.064679778196721003e+02
4.685747929687499891e+02,-1.001903375918315220e+02
4.685750859375000346e+02,-1.043280663526744547e+02
4.685753789062500232e+02,-1.017660206788223718e+02
4.685756718750000118e+02,-1.039695613479246674e+02
4.685759648437500005e+02,-1.076188366256121185e+02
4.685762578124999891e+02,-9.438295991802020524e+01
4.685765507812500346e+02,-9.440000343111560710e+01
4.685768437500000232e+02,-9.678386591131022954e+01
4.685771367187500118e+02,-9.791770763268699795e+01
4.685774296875000005e+02,-9.904317587195794204e+01
4.685777226562499891e+02,-9.697135309916434665e+01
4.685780156250000346e+02,-9.782911924583203245e+01
4.685783085937500232e+02,-1.023737899023828248e+02
4.685786015625000118e+02,-1.071099632275750935e+02
4.685788945312500005e+02,-1.031919672169439792e+02
4.685791874999999891e+02,-9.952103085262982063e+01
4.685794804687500346e+02,-9.565075075091385770e+01
4.685797734375000232e+02,-9.759388071194695158e+01
4.685800664062500118e+02,-1.111733285573279915e+02
4.685803593750000005e+02,-1.018378501572764208e+02
4.685806523437499891e+02,-9.580343115954445921e+01
4.685809453125000346e+02,-1.022214596692164719e+02
4.685812382812500232e+02,-1.045037299624541731e+02
4.685815312500000118e+02,-9.911940805836627533e+01
4.685818242187500005e+02,-1.001427945222261116e+02
4.685821171874999891e+02,-9.468916685347809903e+01
4.685824101562500346e+02,-9.769148548023771639e+01
4.685827031250000232e+02,-1.177130686117461948e+02
4.685829960937500118e+02,-1.086596483296294480e+02
4.685832890625000005e+02,-1.056231523694319776e+02
4.685835820312499891e+02,-9.770214985499036686e+01
4.685838750000000346e+02,-9.463969389939421717e+01
4.685841679687500232e+02,-9.670951009938423226e+01
4.685844609375000118e+02,-1.078702669140322712e+02
4.685847539062500005e+02,-1.022659015313107602e+02
4.685850468749999891e+02,-9.602259403516187319e+01
4.685853398437500346e+02,-1.018124516087690665e+02
4.685856328125000232e+02,-1.093500261243463711e+02
4.685859257812500118e+02,-1.009256434062180574e+02
4.685862187500000005e+02,-9.998837458821861901e+01
4.685865117187499891e+02,-1.042638694458312898e+02
4.685868046875000346e+02,-1.016113348755890797e+02
4.685870976562500232e+02,-9.998323400507977965e+01
4.685873906250000118e+02,-9.855998401153561872e+01
4.685876835937500005e+02,-1.019072925374422169e+02
4.685879765624999891e+02,-9.725891175728300198e+01
4.685882695312500346e+02,-1.015233163412206636e+02
4.685885625000000232e+02,-1.000207777861454304e+02
4.685888554687500118e+02,-9.796586907005035982e+01
4.685891484375000005e+02,-9.969180011506283279e+01
4.685894414062499891e+02,-1.027751104291004083e+02
4.685897343750000346e+02,-1.029705105239281693e+02
4.685900273437500232e+02,-1.074574017268633241e+02
4.685903203125000118e+02,-9.921983179527778418e+01
4.685906132812500005e+02,-9.847139822051892111e+01
4.685909062499999891e+02,-9.220898290171169265e+01
4.685911992187500346e+02,-9.418258049913850982e+01
4.685914921875000232e+02,-1.008181684530180320e+02
4.685917851562500118e+02,-1.030098702743686232e+02
4.685920781250000005e+02,-1.093273711039295506e+02
4.685923710937499891e+02,-1.050327305770396293e+02
4.685926640625000346e+02,-1.083116988381268868e+02
4.685929570312500232e+02,-9.943255146439091163e+01
4.685932500000000118e+02,-9.914947882923938494e+01
4.685935429687500005e+02,-1.018313429765901645e+02
4.685938359374999891e+02,-1.067452731756750097e+02
4.685941289062500346e+02,-9.730860308149893001e+01
4.685944218750000232e+02,-9.659507099741972524e+01
4.685947148437500118e+02,-9.454962705104628640e+01
4.685950078125000005e+02,-9.466641827598559189e+01
4.685953007812499891e+02,-1.014000191385063943e+02
4.685955937500000346e+02,-1.109939459911637272e+02
4.685958867187500232e+02,-1.106897264676854604e+02
4.685961796875000118e+02,-1.097075508892393003e+02
4.685964726562500005e+02,-9.640681232691336788e+01
4.685967656249999891e+02,-9.628556823727868164e+01
4.685970585937500346e+02,-1.097788739111820746e+02
4.685973515625000232e+02,-9.933959521462226405e+01
4.685976445312500118e+02,-1.055861280309349866e+02
4.685979375000000005e+02,-9.831835397175778724e+01
4.685982304687499891e+02,-1.053675642601402132e+02
4.685985234375000346e+02,-9.806151453220573444e+01
4.685988164062500232e+02,-9.781059949122513331e+01
4.685991093750000118e+02,-1.009724502090659541e+02
4.685994023437500005e+02,-1.010237819857302242e+02
4.685996953124999891e+02,-1.013648089232900986e+02
4.685999882812500346e+02,-1.003866109759864003e+02
4.686002812500000232e+02,-9.812140918425265568e+01
4.686005742187500118e+02,-1.029470067171052960e+02
4.686008671875000005e+02,-9.784176831486573178e+01
4.686011601562499891e+02,-1.003153161176357600e+02
4.686014531250000346e+02,-1.044335775519684262e+02
4.686017460937500232e+02,-1.027078028454407530e+02
4.686020390625000118e+02,-1.041156668703249863e+02
4.686023320312500005e+02,-1.035903681180716092e+02
4.686026249999999891e+02,-9.966466267933890322e+01
4.686029179687500346e+02,-1.098313498298669515e+02
4.686032109375000232e+02,-1.003128899949250012e+02
4.686035039062500118e+02,-1.025705538312408152e+02
4.686037968750000005e+02,-1.004512365213565630e+02
4.686040898437499891e+02,-9.968611736898171216e+01
4.686043828125000346e+02,-1.133272299508089134e+02
4.686046757812500232e+02,-1.021560457223052367e+02
4.686049687500000118e+02,-1.059251424721948496e+02
4.686052617187500005e+02,-1.068836954513620867e+02
4.686055546874999891e+02,-1.042288277148880269e+02
4.686058476562500346e+02,-1.099607072870922906e+02
4.686061406250000232e+02,-1.040765845693893823e+02
4.686064335937500118e+02,-1.009580933881932481e+02
4.686067265625000005e+02,-9.582113741353738590e+01
4.686070195312499891e+02,-9.607529321908927500e+01
4.686073125000000346e+02,-9.890639132653966215e+01
4.686076054687500232e+02,-9.601785570037083062e+01
4.686078984375000118e+02,-9.994070856238491274e+01
4.686081914062500005e+02,-1.035755603611729327e+02
4.686084843749999891e+02,-1.040906445018011084e+02
4.686087773437500346e+02,-1.045590741528908865e+02
4.686090703125000232e+02,-9.919893690085926607e+01
4.686093632812500118e+02,-9.747900131943929125e+01
4.686096562500000005e+02,-1.121303767054434530e+02
4.686099492187499891e+02,-1.062661533407701029e+02
4.686102421875000346e+02,-1.019054393556289142e+02
4.686105351562500232e+02,-9.764060943366665413e+01
4.686108281250000118e+02,-1.013657215785512875e+02
4.686111210937500005e+02,-1.007871803795567587e+02
4.686114140624999891e+02,-9.493073630595573320e+01
4.686117070312500346e+02,-9.581791905996055903e+01
4.686120000000000232e+02,-9.596509313750962633e+01
4.686122929687500118e+02,-1.030477492042663243e+02
4.686125859375000005e+02,-1.023402203086568676e+02
4.686128789062499891e+02,-9.835634511492925469e+01
4.686131718750000346e+02,-9.833656208728348247e+01
4.686134648437500232e+02,-9.875892882733495526e+01
4.686137578125000118e+02,-1.021170046841093324e+02
4.686140507812500005e+02,-1.028874434242802920e+02
4.686143437499999891e+02,-9.710874913243257822e+01
4.686146367187500346e+02,-9.715268961172681372e+01
4.686149296875000232e+02,-1.047977794416305386e+02
4.686152226562500118e+02,-1.033921464497151845e+02
4.686155156250000005e+02,-1.014585671404031757e+02
4.686158085937499891e+02,-1.039395975723666936e+02
4.686161015625000346e+02,-1.001975865701890598e+02
4.686163945312500232e+02,-1.069231805754814673e+02
4.686166875000000118e+02,-9.515391883867178535e+01
4.686169804687500005e+02,-9.459292226153735328e+01
4.686172734374999891e+02,-9.812766409445345062e+01
4.686175664062500346e+02,-9.935231871331275499e+01
4.686178593750000232e+02,-1.071990702534393165e+02
4.686181523437500118e+02,-9.601901679221751351e+01
4.686184453125000005e+02,-9.679033795761688452e+01
4.686187382812499891e+02,-9.709042831879004609e+01
4.686190312500000346e+02,-1.050723515306687830e+02
4.686193242187500232e+02,-9.646925756536525398e+01
4.686196171875000118e+02,-9.304116942421522651e+01
4.686199101562500005e+02,-9.890391722152649834e+01
4.686202031249999891e+02,-1.107768498049741197e+02
4.686204960937500346e+02,-1.017338489619777278e+02
4.686207890625000232e+02,-1.002492275827374613e+02
4.686210820312500118e+02,-1.018615996784433548e+02
4.686213750000000005e+02,-9.700444749285020407e+01
4.686216679687499891e+02,-9.524884950449330745e+01
4.686219609375000346e+02,-9.845148286313991548e+01
4.686222539062500232e+02,-9.520528252878551712e+01
4.686225468750000118e+02,-9.734961494621205702e+01
4.686228398437500005e+02,-1.012392007918050183e+02
4.686231328124999891e+02,-1.214066155984967565e+02
4.686234257812500346e+02,-1.020328560508533258e+02
4.686237187500000232e+02,-1.023673245297292738e+02
4.686240117187500118e+02,-1.047951874100513834e+02
4.686243046875000005e+02,-1.009719433892594367e+02
4.686245976562499891e+02,-1.066436691292467884e+02
4.686248906250000346e+02,-9.987581690433536608e+01
4.686251835937500232e+02,-1.013456598677768739e+02
4.686254765625000118e+02,-1.023881391565681866e+02
4.686257695312500005e+02,-1.009255857807727637e+02
4.686260624999999891e+02,-9.841697844003857654e+01
4.686263554687500346e+02,-9.666968574441327178e+01
4.686266484375000232e+02,-9.999955975722889434e+01
4.686269414062500118e+02,-1.159164697900137071e+02
4.686272343750000005e+02,-1.027437806388552985e+02
4.686275273437499891e+02,-1.102286309475934587e+02
4.686278203125000346e+02,-1.015016128288901882e+02
4.686281132812500232e+02,-1.050743909700212555e+02
4.686284062500000118e+02,-1.016537818010399832e+02
4.686286992187500005e+02,-9.449607761983943988e+01
4.686289921874999891e+02,-9.471388068515665282e+01
4.686292851562500346e+02,-1.001829227477124107e+02
4.686295781250000232e+02,-9.990027251283956389e+01
4.686298710937500118e+02,-1.014717320461567596e+02
4.686301640625000005e+02,-1.139710151285442237e+02
4.686304570312499891e+02,-9.671933792671579511e+01
4.686307500000000346e+02,-9.492866651243670617e+01
4.686310429687500232e+02,-9.987690738383504652e+01
4.686313359375000118e+02,-9.789383522429449158e+01
4.686316289062500005e+02,-9.667866590154110895e+01
4.686319218749999891e+02,-1.004454611809396170e+02
4.686322148437500346e+02,-1.040141807498826552e+02
4.686325078125000232e+02,-9.768524214258634686e+01
4.686328007812500118e+02,-9.679803417100934837e+01
4.686330937500000005e+02,-9.364744827297484164e+01
4.686333867187499891e+02,-9.575836192147853865e+01
4.686336796875000346e+02,-1.028467621588272891e+02
4.686339726562500232e+02,-1.074266525452990351e+02
4.686342656250000118e+02,-1.096536858696215404e+02
4.686345585937500005e+02,-1.044278669542183877e+02
4.686348515624999891e+02,-1.024449190815268054e+02
4.686351445312500346e+02,-1.076591546860117745e+02
4.686354375000000232e+02,-9.849777115346731193e+01
4.686357304687500118e+02,-9.542444766891824770e+01
4.686360234375000005e+02,-9.834692314605612751e+01
4.686363164062499891e+02,-9.795661835750470914e+01
4.686366093750000346e+02,-1.074721608470576939e+02
4.686369023437500232e+02,-1.065630218809675398e+02
4.686371953125000118e+02,-1.061475372508989494e+02
4.686374882812500005e+02,-1.071024267007098132e+02
4.686377812499999891e+02,-1.056679590013357029e+02
4.686380742187500346e+02,-1.021873649650291469e+02
4.686383671875000232e+02,-1.064231178569064440e+02
4.686386601562500118e+02,-1.064155168526683894e+02
4.686389531250000005e+02,-1.023021297717994713e+02
4.686392460937499891e+02,-1.032982223694262558e+02
4.686395390625000346e+02,-9.839306291818866157e+01
4.686398320312500232e+02,-9.700162765898868145e+01
4.686401250000000118e+02,-9.460218940376817898e+01
4.686404179687500005e+02,-9.711685459814788146e+01
4.686407109374999891e+02,-9.552063468107716915e+01
4.686410039062500346e+02,-9.744776175865881385e+01
4.686412968750000232e+02,-9.482017430208384212e+01
4.686415898437500118e+02,-9.579808684324703449e+01
4.686418828125000005e+02,-1.024734466320163619e+02
4.686421757812499891e+02,-1.004644544697432025e+02
4.686424687500000346e+02,-9.762245436894106376e+01
4.686427617187500232e+02,-9.963966744219490579e+01
4.686430546875000118e+02,-1.002784660459292354e+02
4.686433476562500005e+02,-1.001244591241174646e+02
4.686436406249999891e+02,-1.001523238277715393e+02
4.686439335937500346e+02,-1.042412162012320920e+02
4.686442265625000232e+02,-1.068949084032249175e+02
4.686445195312500118e+02,-1.060353440463455854e+02
4.686448125000000005e+02,-1.037399466597705668e+02
4.686451054687499891e+02,-9.801448702116005052e+01
4.686453984375000346e+02,-9.788396538299453198e+01
4.686456914062500232e+02,-1.052004697325695588e+02
4.686459843750000118e+02,-9.985486088009722039e+01
4.686462773437500005e+02,-1.049891226982902310e+02
4.686465703124999891e+02,-9.993770604484963371e+01
4.686468632812500346e+02,-9.457267921347508377e+01
4.686471562500000232e+02,-9.546025805372420336e+01
4.686474492187500118e+02,-1.091076712541768075e+02
4.686477421875000005e+02,-1.020149892005456849e+02
4.686480351562499891e+02,-1.011205505516642944e+02
4.686483281250000346e+02,-9.945375505106238734e+01
4.686486210937500232e+02,-9.420481233349767081e+01
4.686489140625000118e+02,-9.335416099356586983e+01
4.686492070312500005e+02,-1.008766874604172159e+02
4.686494999999999891e+02,-9.799382480578202603e+01
4.686497929687500346e+02,-1.007004163851146643e+02
4.686500859375000232e+02,-1.019344228182617087e+02
4.686503789062500118e+02,-1.018832157704406143e+02
4.686506718750000005e+02,-9.508540042004693760e+01
4.686509648437499891e+02,-9.805265331574511833e+01
4.686512578125000346e+02,-1.152828346699576088e+02
4.686515507812500232e+02,-1.064423752221367039e+02
4.686518437500000118e+02,-9.999962160261900124e+01
4.686521367187500005e+02,-1.045928600375462452e+02
4.686524296874999891e+02,-1.038673375641201488e+02
4.686527226562500346e+02,-9.659619051972902071e+01
4.686530156250000232e+02,-1.032030162088483678e+02
4.686533085937500118e+02,-1.182042863234686649e+02
4.686536015625000005e+02,-1.035004786972243807e+02
4.686538945312499891e+02,-1.030478744696671924e+02
4.686541875000000346e+02,-1.005319066086471196e+02
4.686544804687500232e+02,-9.978654893345276378e+01
4.686547734375000118e+02,-9.854087842518970319e+01
4.686550664062500005e+02,-1.034368177242785691e+02
4.686553593749999891e+02,-1.059187387023560518e+02
4.686556523437500346e+02,-1.063372422371172092e+02
4.686559453125000232e+02,-9.715371291256047925e+01
4.686562382812500118e+02,-9.725197048824287549e+01
4.686565312500000005e+02,-9.937860183637388900e+01
4.686568242187499891e+02,-1.002602094403547426e+02
4.686571171875000346e+02,-1.071837963374371725e+02
4.686574101562500232e+02,-1.038453950707317830e+02
4.686577031250000118e+02,-9.668638445376384993e+01
4.686579960937500005e+02,-9.629994420846279013e+01
4.686582890624999891e+02,-9.246462757112564645e+01
4.686585820312500346e+02,-9.457692982112723712e+01
4.686588750000000232e+02,-1.049063459426836999e+02
4.686591679687500118e+02,-1.041561175005489019e+02
4.686594609375000005e+02,-9.905182662983571618e+01
4.686597539062499891e+02,-1.003131282852290553e+02
4.686600468750000346e+02,-1.111371798546389442e+02
4.686603398437500232e+02,-1.049813435180497834e+02
4.686606328125000118e+02,-1.072016505220809677e+02
4.686609257812500005e+02,-9.952050432812795577e+01
4.686612187499999891e+02,-9.886332450395144633e+01
4.686615117187500346e+02,-9.671954148337474066e+01
4.686618046875000232e+02,-1.010540661105141425e+02
4.686620976562500118e+02,-1.059481835543811457e+02
4.686623906250000005e+02,-1.094375703939695796e+02
4.686626835937499891e+02,-1.006400618547107513e+02
4.686629765625000346e+02,-1.027597905695322424e+02
4.686632695312500232e+02,-1.069394524623133549e+02
4.686635625000000118e+02,-1.040412980204514781e+02
4.686638554687500005e+02,-1.039315082397001220e+02
4.686641484374999891e+02,-1.083678753881900434e+02
4.686644414062500346e+02,-9.786374655020615876e+01
4.686647343750000232e+02,-1.011090724133448049e+02
4.686650273437500118e+02,-1.059543772682755360e+02
4.686653203125000005e+02,-1.015759375352379124e+02
4.686656132812499891e+02,-1.063574313102638058e+02
4.686659062500000346e+02,-1.001780654505421069e+02
4.686661992187500232e+02,-1.020928735285244073e+02
4.686664921875000118e+02,-1.032196959264758220e+02
4.686667851562500005e+02,-9.975642694973400637e+01
4.686670781249999891e+02,-1.090427737486196520e+02
4.686673710937500346e+02,-1.059003100467880927e+02
4.686676640625000232e+02,-1.038654327018638099e+02
4.686679570312500118e+02,-1.055807605943363683e+02
4.686682500000000005e+02,-1.027764714975027829e+02
4.686685429687499891e+02,-1.015011047099857109e+02
4.686688359375000346e+02,-1.050962053667445986e+02
4.686691289062500232e+02,-9.768622088685832239e+01
4.686694218750000118e+02,-1.045745527316933732e+02
4.686697148437500005e+02,-1.087228535254277659e+02
4.686700078124999891e+02,-1.028904096575357414e+02
4.686703007812500346e+02,-1.034908192769433128e+02
4.686705937500000232e+02,-1.040187072282383127e+02
4.686708867187500118e+02,-1.057805381331740762e+02
4.686711796875000005e+02,-9.860167560144917331e+01
4.686714726562499891e+02,-9.596416962001150353e+01
4.686717656250000346e+02,-1.000509449033528000e+02
4.686720585937500232e+02,-1.146460456656909201e+02
4.686723515625000118e+02,-1.326754193973330018e+02
4.686726445312500005e+02,-1.034252022203559562e+02
4.686729374999999891e+02,-1.103911688297666416e+02
4.686732304687500346e+02,-1.207971792890230063e+02
4.686735234375000232e+02,-1.008668324063753232e+02
4.686738164062500118e+02,-1.010609117670466901e+02
4.686741093750000005e+02,-9.922501190129779047e+01
4.686744023437499891e+02,-9.953182370111854027e+01
4.686746953125000346e+02,-9.609545790501498175e+01
4.686749882812500232e+02,-1.011456835132168095e+02
4.686752812500000118e+02,-1.024922150830359016e+02
4.686755742187500005e+02,-1.041791247076572802e+02
4.686758671874999891e+02,-1.036210549569660486e+02
4.686761601562500346e+02,-1.030539555709412127e+02
4.686764531250000232e+02,-1.112236884410001068e+02
4.686767460937500118e+02,-9.876290966390297399e+01
4.686770390625000005e+02,-1.007077474004032211e+02
4.686773320312499891e+02,-1.013988217886080889e+02
4.686776250000000346e+02,-9.923758752780150871e+01
4.686779179687500232e+02,-1.010719380496906297e+02
4.686782109375000118e+02,-1.004786646363451297e+02
4.686785039062500005e+02,-9.790245678963947285e+01
4.686787968749999891e+02,-1.043392659939823091e+02
4.686790898437500346e+02,-1.100688031665615085e+02
4.686793828125000232e+02,-1.006627129609641997e+02
4.686796757812500118e+02,-1.000203893910757245e+02
4.686799687500000005e+02,-1.159002844463475270e+02
4.686802617187499891e+02,-1.004692880229764000e+02
4.686805546875000346e+02,-1.025896746505029853e+02
4.686808476562500232e+02,-1.115580435974189299e+02
4.686811406250000118e+02,-9.532436527334448328e+01
4.686814335937500005e+02,-9.687420622053124930e+01
4.686817265624999891e+02,-1.025693742048113393e+02
4.686820195312500346e+02,-1.195563961999703650e+02
4.686823125000000232e+02,-1.019666508100038982e+02
4.686826054687500118e+02,-1.006723011711312807e+02
4.686828984375000005e+02,-1.006741574690833971e+02
4.686831914062499891e+02,-1.017594933954086684e+02
4.686834843750000346e+02,-1.025078287390082465e+02
4.686837773437500232e+02,-1.044104693640334034e+02
4.686840703125000118e+02,-1.176349086424705774e+02
4.686843632812500005e+02,-1.017302950354314675e+02
4.686846562499999891e+02,-1.056775909043338260e+02
4.686849492187500346e+02,-1.030971321200787116e+02
4.686852421875000232e+02,-1.092960816958633643e+02
4.686855351562500118e+02,-1.004283639503832291e+02
4.686858281250000005e+02,-1.075043488214538741e+02
4.686861210937499891e+02,-1.033043974766168702e+02
4.686864140625000346e+02,-1.050385460963791786e+02
4.686867070312500232e+02,-1.060209284495459627e+02
4.686870000000000118e+02,-1.062631436612657296e+02
4.686872929687500005e+02,-1.105067987456356349e+02
4.686875859374999891e+02,-1.127972704107835256e+02
4.686878789062500346e+02,-1.065297466086473008e+02
4.686881718750000232e+02,-1.075123964020685321e+02
4.686884648437500118e+02,-1.018006931119681155e+02
4.686887578125000005e+02,-1.060643375307504641e+02
4.686890507812499891e+02,-1.057689390908715978e+02
4.686893437500000346e+02,-1.034781679506866539e+02
4.686896367187500232e+02,-1.030262459152659176e+02
4.686899296875000118e+02,-9.612421638073371355e+01
4.686902226562500005e+02,-9.725542458011554459e+01
4.686905156249999891e+02,-9.877279745333872540e+01
4.686908085937500346e+02,-1.045906165937806662e+02
4.686911015625000232e+02,-1.091211725903126251e+02
4.686913945312500118e+02,-1.061040303508699623e+02
4.686916875000000005e+02,-9.919434185937903692e+01
4.686919804687499891e+02,-1.113801714050824643e+02
4.686922734375000346e+02,-1.033655123657492823e+02
4.686925664062500232e+02,-1.032539136043023120e+02
4.686928593750000118e+02,-1.055700191321333392e+02
4.686931523437500005e+02,-1.057823796691156986e+02
4.686934453124999891e+02,-9.499961580902366620e+01
4.686937382812500346e+02,-9.430541279938262278e+01
4.686940312500000232e+02,-9.691028998250712334e+01
4.686943242187500118e+02,-1.039446709398879563e+02
4.686946171875000005e+02,-1.129209916854131279e+02
4.686949101562499891e+02,-1.022161004009887932e+02
4.686952031250000346e+02,-9.589677642582825001e+01
4.686954960937500232e+02,-9.813824152788609467e+01
4.686957890625000118e+02,-1.186421502794585905e+02
4.686960820312500005e+02,-1.148914063457618653e+02
4.686963749999999891e+02,-9.892293947454818692e+01
4.686966679687500346e+02,-1.043429530633382569e+02
4.686969609375000232e+02,-1.018052066560733095e+02
4.686972539062500118e+02,-9.937993932668626940e+01
4.686975468750000005e+02,-9.901044860937288661e+01
4.686978398437499891e+02,-9.875733560739229233e+01
4.686981328125000346e+02,-1.012286345531733218e+02
4.686984257812500232e+02,-1.040086489658339701e+02
4.686987187500000118e+02,-9.811405520493856613e+01
4.686990117187500005e+02,-9.724348703489181389e+01
4.686993046874999891e+02,-9.421358007919516808e+01
4.686995976562500346e+02,-9.701648171242835872e+01
4.686998906250000232e+02,-9.923204352354942159e+01
4.687001835937500118e+02,-9.628149204389322335e+01
4.687004765625000005e+02,-9.813068033166088355e+01
4.687007695312499891e+02,-1.080288168629782888e+02
4.687010625000000346e+02,-1.051578577562302996e+02
4.687013554687500232e+02,-1.036118914456123576e+02
4.687016484375000118e+02,-1.185490105229202982e+02
4.687019414062500005e+02,-1.055088384564289896e+02
4.687022343749999891e+02,-1.059335000874686443e+02
4.687025273437500346e+02,-1.030668751464831701e+02
4.687028203125000232e+02,-1.087116929092632631e+02
4.687031132812500118e+02,-9.946028858122051020e+01
4.687034062500000005e+02,-1.066253078198162854e+02
4.687036992187499891e+02,-1.014559779222577873e+02
4.687039921875000346e+02,-1.043595564470975319e+02
4.687042851562500232e+02,-9.777080349245392199e+01
4.687045781250000118e+02,-9.847762018005626317e+01
4.687048710937500005e+02,-1.016928566269424863e+02
4.687051640624999891e+02,-9.998142823526144696e+01
4.687054570312500346e+02,-9.797937675242572197e+01
4.687057500000000232e+02,-1.042882671687774376e+02
4.687060429687500118e+02,-1.064372576670861150e+02
4.687063359375000005e+02,-9.755617655835025914e+01
4.687066289062499891e+02,-9.929494024448695200e+01
4.687069218750000346e+02,-9.948699893297002461e+01
4.687072148437500232e+02,-9.860154225030333919e+01
4.687075078125000118e+02,-1.028353735861558818e+02
4.687078007812500005e+02,-1.018393314102230534e+02
4.687080937499999891e+02,-1.057137147785380051e+02
4.687083867187500346e+02,-1.026909529223579796e+02
4.687086796875000232e+02,-1.095173020589781174e+02
4.687089726562500118e+02,-1.060112318459835166e+02
4.687092656250000005e+02,-1.014710056996832179e+02
4.687095585937499891e+02,-1.154473311447569870e+02
4.687098515625000346e+02,-1.014696489601120533e+02
4.687101445312500232e+02,-9.764031404657501412e+01
4.687104375000000118e+02,-9.736185863991265421e+01
4.687107304687500005e+02,-9.988464932730639134e+01
4.687110234374999891e+02,-1.080041793018091170e+02
4.687113164062500346e+02,-1.078352879310349124e+02
4.687116093750000232e+02,-1.086993881238071822e+02
4.687119023437500118e+02,-1.067102500381544274e+02
4.687121953125000005e+02,-1.060245768851005863e+02
4.687124882812499891e+02,-1.053761038095100702e+02
4.687127812500000346e+02,-1.069556055073132228e+02
4.687130742187500232e+02,-1.155694788229152437e+02
4.687133671875000118e+02,-1.068738532504922034e+02
4.687136601562500005e+02,-1.003958717341186144e+02
4.687139531249999891e+02,-1.063642991137906790e+02
4.687142460937500346e+02,-1.068536311425034313e+02
4.687145390625000232e+02,-9.864920989954542563e+01
4.687148320312500118e+02,-9.887539866663192356e+01
4.687151250000000005e+02,-1.039743830767910424e+02
4.687154179687499891e+02,-1.078233193251258228e+02
4.687157109375000346e+02,-1.016401367860797507e+02
4.687160039062500232e+02,-9.947143716840318461e+01
4.687162968750000118e+02,-1.082836934881760982e+02
4.687165898437500005e+02,-1.047497288988023172e+02
4.687168828124999891e+02,-1.174273792043613867e+02
4.687171757812500346e+02,-1.115243802779194624e+02
4.687174687500000232e+02,-1.109245792642615527e+02
4.687177617187500118e+02,-1.078931473043536613e+02
4.687180546875000005e+02,-1.056024145358739190e+02
4.687183476562499891e+02,-1.123346092465897357e+02
4.687186406250000346e+02,-1.045340100814716067e+02
4.687189335937500232e+02,-1.006415196478421450e+02
4.687192265625000118e+02,-1.037860047797527017e+02
4.687195195312500005e+02,-1.054030780678236425e+02
4.687198124999999891e+02,-9.785490473205918249e+01
4.687201054687500346e+02,-9.900539724264237407e+01
4.687203984375000232e+02,-1.059589982538231965e+02
4.687206914062500118e+02,-9.824651241583764261e+01
4.687209843750000005e+02,-1.091471603335982365e+02
4.687212773437499891e+02,-9.909316911053559807e+01
4.687215703125000346e+02,-1.024269914329743187e+02
4.687218632812500232e+02,-1.059940145650757302e+02
4.687221562500000118e+02,-1.015047418597500837e+02
4.687224492187500005e+02,-1.096206541688655136e+02
4.687227421874999891e+02,-1.134553405488254043e+02
4.687230351562500346e+02,-1.040846026552072914e+02
4.687233281250000232e+02,-1.010917762844975130e+02
4.687236210937500118e+02,-1.047227699810070192e+02
4.687239140625000005e+02,-1.085096942774789568e+02
4.687242070312499891e+02,-1.042417656723937398e+02
4.687245000000000346e+02,-1.002831513616901304e+02
4.687247929687500232e+02,-9.835842847387934285e+01
4.687250859375000118e+02,-1.032082591648182017e+02
4.687253789062500005e+02,-1.082327914381079381e+02
4.687256718749999891e+02,-1.078212857969293736e+02
4.687259648437500346e+02,-1.073783230742544248e+02
4.687262578125000232e+02,-1.010468569929744831e+02
4.687265507812500118e+02,-1.085009158298790197e+02
4.687268437500000005e+02,-1.221705090999937511e+02
4.687271367187499891e+02,-1.063092886919871063e+02
4.687274296875000346e+02,-1.179312467617975670e+02
4.687277226562500232e+02,-1.019429197179608337e+02
4.687280156250000118e+02,-9.888869580535418891e+01
4.687283085937500005e+02,-1.007878318829238253e+02
4.687286015624999891e+02,-1.058165791425264644e+02
4.687288945312500346e+02,-1.053906163988170022e+02
4.687291875000000232e+02,-1.063664149298707997e+02
4.687294804687500118e+02,-1.056442346533904697e+02
4.687297734375000005e+02,-1.116398481793858366e+02
4.687300664062499891e+02,-1.124973485338249191e+02
4.687303593750000346e+02,-1.025012859049519989e+02
4.687306523437500232e+02,-9.569678196308120732e+01
4.687309453125000118e+02,-9.883071099678994642e+01
4.687312382812500005e+02,-1.115562093609842833e+02
4.687315312499999891e+02,-1.046520194234326908e+02
4.687318242187500346e+02,-1.005330211513595060e+02
4.687321171875000232e+02,-1.084304538518476733e+02
4.687324101562500118e+02,-9.896930338488601819e+01
4.687327031250000005e+02,-9.893098942925328743e+01
4.687329960937499891e+02,-1.050558076106288894e+02
4.687332890625000346e+02,-1.010739675972142777e+02
4.687335820312500232e+02,-1.023812282292210512e+02
4.687338750000000118e+02,-1.116637251345435118e+02
4.687341679687500005e+02,-1.065935995610192464e+02
4.687344609374999891e+02,-1.043045945813246647e+02
4.687347539062500346e+02,-9.976746821841516066e+01
4.687350468750000232e+02,-1.058443502324214904e+02
4.687353398437500118e+02,-1.058781740658614297e+02
4.687356328125000005e+02,-1.128694074598429751e+02
4.687359257812499891e+02,-1.082672140243529810e+02
4.687362187500000346e+02,-1.059531205130822542e+02
4.687365117187500232e+02,-1.095151492333128687e+02
4.687368046875000118e+02,-1.034818404897885813e+02
4.687370976562500005e+02,-1.044547172385597520e+02
4.687373906249999891e+02,-1.106430121576092915e+02
4.687376835937500346e+02,-9.898738421176290103e+01
4.687379765625000232e+02,-1.096752758940222066e+02
4.687382695312500118e+02,-1.020873690105841547e+02
4.687385625000000005e+02,-9.940472994960757092e+01
4.687388554687499891e+02,-1.029772820926800136e+02
4.687391484375000346e+02,-1.087394016766387210e+02
4.687394414062500232e+02,-9.806584363970793561e+01
4.687397343750000118e+02,-1.044502008365477934e+02
4.687400273437500005e+02,-1.044974093770357797e+02
4.687403203124999891e+02,-1.016231944128793430e+02
4.687406132812500346e+02,-9.952809814461755877e+01
4.687409062500000232e+02,-1.006901235554112617e+02
4.687411992187500118e+02,-1.020825189894992207e+02
4.687414921875000005e+02,-1.073018628721213759e+02
4.687417851562499891e+02,-1.028576756888100761e+02
4.687420781250000346e+02,-9.894289803599787092e+01
4.687423710937500232e+02,-1.048095241777398030e+02
4.687426640625000118e+02,-1.067351965786620127e+02
4.687429570312500005e+02,-1.017653796389278682e+02
4.687432499999999891e+02,-1.002860764552056310e+02
4.687435429687500346e+02,-1.004872694401043276e+02
4.687438359375000232e+02,-9.883886463478171436e+01
4.687441289062500118e+02,-9.892654531182272137e+01
4.687444218750000005e+02,-1.050063288376405239e+02
4.687447148437499891e+02,-1.084814195684990352e+02
4.687450078125000346e+02,-9.970643176191637735e+01
4.687453007812500232e+02,-1.005901910174747371e+02
4.687455937500000118e+02,-1.075715087253188784e+02
4.687458867187500005e+02,-1.149648568128162509e+02
4.687461796874999891e+02,-1.039824666541792055e+02
4.687464726562500346e+02,-1.089226554320437685e+02
4.687467656250000232e+02,-1.015903930326823144e+02
4.687470585937500118e+02,-9.746113565026547576e+01
4.687473515625000005e+02,-9.667430192336226469e+01
4.687476445312499891e+02,-1.013133531057399921e+02
4.687479375000000346e+02,-9.911688547293799445e+01
4.687482304687500232e+02,-1.086753468458573337e+02
4.687485234375000118e+02,-1.017534489087633887e+02
4.687488164062500005e+02,-1.037929543234079119e+02
4.687491093749999891e+02,-1.172027970249027078e+02
4.687494023437500346e+02,-1.136334233339588025e+02
4.687496953125000232e+02,-1.009372231086573635e+02
4.687499882812500118e+02,-1.034404043853586757e+02
4.687502812500000005e+02,-9.771007301074374141e+01
4.687505742187499891e+02,-9.471780361613200228e+01
4.687508671875000346e+02,-9.538705235333624444e+01
4.687511601562500232e+02,-9.819476757858663518e+01
4.687514531250000118e+02,-1.020426120797257994e+02
4.687517460937500005e+02,-1.203515296038619908e+02
4.687520390624999891e+02,-9.716732401655943363e+01
4.687523320312500346e+02,-9.559358439383629502e+01
4.687526250000000232e+02,-1.001554185907114345e+02
4.687529179687500118e+02,-1.024369467117176526e+02
4.687532109375000005e+02,-1.069073670199834822e+02
4.687535039062499891e+02,-1.147193109613697857e+02
4.687537968750000346e+02,-1.020200759679196096e+02
4.687540898437500232e+02,-1.053021326044322166e+02
4.687543828125000118e+02,-1.037242125786073501e+02
4.687546757812500005e+02,-9.886093346711284369e+01
4.687549687499999891e+02,-9.691803295785771866e+01
4.687552617187500346e+02,-9.493684650383042367e+01
4.687555546875000232e+02,-1.046372016476254032e+02
4.687558476562500118e+02,-9.893626198339964617e+01
4.687561406250000005e+02,-1.077532839184941480e+02
4.687564335937499891e+02,-1.078581943804153696e+02
4.687567265625000346e+02,-9.808816655105974291e+01
4.687570195312500232e+02,-9.703283698033546045e+01
4.687573125000000118e+02,-9.308085533951947355e+01
4.687576054687500005e+02,-9.613685911655578309e+01
4.687578984374999891e+02,-1.132589583508338080e+02
4.687581914062500346e+02,-1.075053154712158090e+02
4.687584843750000232e+02,-1.058468977653438117e+02
4.687587773437500118e+02,-1.108585741155808080e+02
4.687590703125000005e+02,-1.025427763950980165e+02
4.687593632812499891e+02,-1.016826067327964012e+02
4.687596562500000346e+02,-1.093756902740556711e+02
4.687599492187500232e+02,-9.936450763563419741e+01
4.687602421875000118e+02,-1.025530851507020458e+02
4.687605351562500005e+02,-1.127783401034799056e+02
4.687608281249999891e+02,-1.073343368833308773e+02
4.687611210937500346e+02,-1.064795077701804615e+02
4.687614140625000232e+02,-1.064695355592611179e+02
4.687617070312500118e+02,-1.009273070226623474e+02
